encounter_id,encounter_arrival_date,triage_heart_rate,triage_respiratory_rate,triage_snapshot.systolic_bp,triage_snapshot.diastolic_bp,triage_snapshot.oxygen_saturation,triage_supplemental_oxygen,triage_temperature_c,triage_gcs,triage_age,triage_sex_gender,triage_race_ethnicity,triage_brief_note,triage_esi,triage_pain_scale,triage_mode_of_arrival,triage_mh_psych,triage_mh_cardiac,triage_mh_pulm,triage_mh_renal,triage_mh_substance_use,triage_lab_glucose,triage_lab_ph,triage_lab_sodium,triage_lab_potassium,triage_lab_hemoglobin,triage_lab_anion_gap,is_festival_patient,festival_note_keyword_hit,ed_course_reassessment_4h.heart_rate_4h,ed_course_reassessment_4h.respiratory_rate_4h,ed_course_reassessment_4h.systolic_bp_4h,ed_course_reassessment_4h.diastolic_bp_4h,ed_course_reassessment_4h.oxygen_saturation_4h,ed_course_reassessment_4h.supplemental_oxygen_4h,ed_course_reassessment_4h.temperature_c_4h,ed_course_reassessment_4h.gcs_4h,ed_course_reassessment_4h.end_tidal_co2_4h,ed_course_reassessment_4h.delta_hr,ed_course_reassessment_4h.delta_temp,ed_course_reassessment_4h.delta_gcs,ed_course_reassessment_4h.lactate_4h,ed_course_reassessment_4h.cpk_4h,ed_course_reassessment_4h.vbg_ph_4h,ed_course_reassessment_4h.troponin_4h,ed_course_reassessment_4h.ivf_count_0_4h,ed_course_reassessment_4h.benzodiazepine_count_0_4h,ed_course_reassessment_4h.reversal_count_0_4h,ed_course_reassessment_4h.intubated_0_4h,ed_course_reassessment_4h.positive_pressure_0_4h,ed_course_reassessment_4h.cvc_0_4h,narrative_notes_structured_ekg_abnormal,narrative_notes_structured_cxr_abnormal,narrative_notes_structured_ct_head_abnormal,narrative_notes_structured_ct_chest_abnormal,narrative_notes_structured_ct_abd_pelvis_abnormal,additional_labs_drawn_4h,arrival_day_of_festival,arrival_dow,vts_n_records,vts_heart_rate_min,vts_heart_rate_max,vts_heart_rate_mean,vts_heart_rate_last,vts_heart_rate_range,vts_heart_rate_cv,vts_heart_rate_slope,vts_heart_rate_slope_first60,vts_heart_rate_slope_60_240,vts_heart_rate_accel_sign,vts_heart_rate_peak_value,vts_heart_rate_peak_minute,vts_heart_rate_nadir_value,vts_heart_rate_nadir_minute,vts_heart_rate_n_critical,vts_heart_rate_time_to_first_critical,vts_heart_rate_last30_mean,vts_heart_rate_recovery_halftime,vts_respiratory_rate_min,vts_respiratory_rate_max,vts_respiratory_rate_mean,vts_respiratory_rate_last,vts_respiratory_rate_range,vts_respiratory_rate_cv,vts_respiratory_rate_slope,vts_respiratory_rate_slope_first60,vts_respiratory_rate_slope_60_240,vts_respiratory_rate_accel_sign,vts_respiratory_rate_peak_value,vts_respiratory_rate_peak_minute,vts_respiratory_rate_nadir_value,vts_respiratory_rate_nadir_minute,vts_respiratory_rate_n_critical,vts_respiratory_rate_time_to_first_critical,vts_respiratory_rate_last30_mean,vts_respiratory_rate_recovery_halftime,vts_systolic_bp_min,vts_systolic_bp_max,vts_systolic_bp_mean,vts_systolic_bp_last,vts_systolic_bp_range,vts_systolic_bp_cv,vts_systolic_bp_slope,vts_systolic_bp_slope_first60,vts_systolic_bp_slope_60_240,vts_systolic_bp_accel_sign,vts_systolic_bp_peak_value,vts_systolic_bp_peak_minute,vts_systolic_bp_nadir_value,vts_systolic_bp_nadir_minute,vts_systolic_bp_last30_mean,vts_systolic_bp_recovery_halftime,vts_diastolic_bp_min,vts_diastolic_bp_max,vts_diastolic_bp_mean,vts_diastolic_bp_last,vts_diastolic_bp_range,vts_diastolic_bp_cv,vts_diastolic_bp_slope,vts_diastolic_bp_slope_first60,vts_diastolic_bp_slope_60_240,vts_diastolic_bp_accel_sign,vts_diastolic_bp_peak_value,vts_diastolic_bp_peak_minute,vts_diastolic_bp_nadir_value,vts_diastolic_bp_nadir_minute,vts_diastolic_bp_last30_mean,vts_diastolic_bp_recovery_halftime,vts_oxygen_saturation_min,vts_oxygen_saturation_max,vts_oxygen_saturation_mean,vts_oxygen_saturation_last,vts_oxygen_saturation_range,vts_oxygen_saturation_cv,vts_oxygen_saturation_slope,vts_oxygen_saturation_slope_first60,vts_oxygen_saturation_slope_60_240,vts_oxygen_saturation_accel_sign,vts_oxygen_saturation_peak_value,vts_oxygen_saturation_peak_minute,vts_oxygen_saturation_nadir_value,vts_oxygen_saturation_nadir_minute,vts_oxygen_saturation_n_critical,vts_oxygen_saturation_time_to_first_critical,vts_oxygen_saturation_last30_mean,vts_oxygen_saturation_recovery_halftime,vts_temperature_c_min,vts_temperature_c_max,vts_temperature_c_mean,vts_temperature_c_last,vts_temperature_c_range,vts_temperature_c_cv,vts_temperature_c_slope,vts_temperature_c_slope_first60,vts_temperature_c_slope_60_240,vts_temperature_c_accel_sign,vts_temperature_c_peak_value,vts_temperature_c_peak_minute,vts_temperature_c_nadir_value,vts_temperature_c_nadir_minute,vts_temperature_c_last30_mean,vts_temperature_c_recovery_halftime,vts_gcs_min,vts_gcs_max,vts_gcs_mean,vts_gcs_last,vts_gcs_range,vts_gcs_cv,vts_gcs_slope,vts_gcs_slope_first60,vts_gcs_slope_60_240,vts_gcs_accel_sign,vts_gcs_peak_value,vts_gcs_peak_minute,vts_gcs_nadir_value,vts_gcs_nadir_minute,vts_gcs_n_critical,vts_gcs_time_to_first_critical,vts_gcs_last30_mean,vts_gcs_recovery_halftime,vts_end_tidal_co2_min,vts_end_tidal_co2_max,vts_end_tidal_co2_mean,vts_end_tidal_co2_last,vts_end_tidal_co2_range,vts_end_tidal_co2_cv,vts_end_tidal_co2_slope,vts_end_tidal_co2_slope_first60,vts_end_tidal_co2_slope_60_240,vts_end_tidal_co2_accel_sign,vts_end_tidal_co2_peak_value,vts_end_tidal_co2_peak_minute,vts_end_tidal_co2_nadir_value,vts_end_tidal_co2_nadir_minute,vts_end_tidal_co2_n_critical,vts_end_tidal_co2_time_to_first_critical,vts_end_tidal_co2_last30_mean,vts_end_tidal_co2_recovery_halftime,lts_n_records,lts_any_drawn,lts_cbc_wbc_was_drawn,lts_cbc_wbc_first_minute,lts_cbc_wbc_last_minute,lts_cbc_wbc_n_draws,lts_cbc_wbc_first_value,lts_cbc_wbc_last_value,lts_cbc_wbc_max_value,lts_cbc_wbc_max_minute,lts_cbc_wbc_delta,lts_cbc_wbc_pct_change,lts_bmp_sodium_was_drawn,lts_bmp_sodium_first_minute,lts_bmp_sodium_last_minute,lts_bmp_sodium_n_draws,lts_bmp_sodium_first_value,lts_bmp_sodium_last_value,lts_bmp_sodium_max_value,lts_bmp_sodium_max_minute,lts_bmp_sodium_delta,lts_bmp_sodium_pct_change,lts_bmp_potassium_was_drawn,lts_bmp_potassium_first_minute,lts_bmp_potassium_last_minute,lts_bmp_potassium_n_draws,lts_bmp_potassium_first_value,lts_bmp_potassium_last_value,lts_bmp_potassium_max_value,lts_bmp_potassium_max_minute,lts_bmp_potassium_delta,lts_bmp_potassium_pct_change,lts_bmp_bicarb_was_drawn,lts_bmp_bicarb_first_minute,lts_bmp_bicarb_last_minute,lts_bmp_bicarb_n_draws,lts_bmp_bicarb_first_value,lts_bmp_bicarb_last_value,lts_bmp_bicarb_max_value,lts_bmp_bicarb_max_minute,lts_bmp_bicarb_delta,lts_bmp_bicarb_pct_change,lts_lft_ast_was_drawn,lts_lft_ast_first_minute,lts_lft_ast_last_minute,lts_lft_ast_n_draws,lts_lft_ast_first_value,lts_lft_ast_last_value,lts_lft_ast_max_value,lts_lft_ast_max_minute,lts_lft_ast_delta,lts_lft_ast_pct_change,lts_vbg_ph_was_drawn,lts_vbg_ph_first_minute,lts_vbg_ph_last_minute,lts_vbg_ph_n_draws,lts_vbg_ph_first_value,lts_vbg_ph_last_value,lts_vbg_ph_max_value,lts_vbg_ph_max_minute,lts_vbg_ph_delta,lts_vbg_ph_pct_change,lts_troponin_was_drawn,lts_troponin_first_minute,lts_troponin_last_minute,lts_troponin_n_draws,lts_troponin_first_value,lts_troponin_last_value,lts_troponin_max_value,lts_troponin_max_minute,lts_troponin_delta,lts_troponin_pct_change,lts_lactate_was_drawn,lts_lactate_first_minute,lts_lactate_last_minute,lts_lactate_n_draws,lts_lactate_first_value,lts_lactate_last_value,lts_lactate_max_value,lts_lactate_max_minute,lts_lactate_delta,lts_lactate_pct_change,lts_cpk_was_drawn,lts_cpk_first_minute,lts_cpk_last_minute,lts_cpk_n_draws,lts_cpk_first_value,lts_cpk_last_value,lts_cpk_max_value,lts_cpk_max_minute,lts_cpk_delta,lts_cpk_pct_change,lts_esr_was_drawn,lts_esr_first_minute,lts_esr_last_minute,lts_esr_n_draws,lts_esr_first_value,lts_esr_last_value,lts_esr_max_value,lts_esr_max_minute,lts_esr_delta,lts_esr_pct_change,lts_crp_was_drawn,lts_crp_first_minute,lts_crp_last_minute,lts_crp_n_draws,lts_crp_first_value,lts_crp_last_value,lts_crp_max_value,lts_crp_max_minute,lts_crp_delta,lts_crp_pct_change,lts_poct_glucose_was_drawn,lts_poct_glucose_first_minute,lts_poct_glucose_last_minute,lts_poct_glucose_n_draws,lts_poct_glucose_first_value,lts_poct_glucose_last_value,lts_poct_glucose_max_value,lts_poct_glucose_max_minute,lts_poct_glucose_delta,lts_poct_glucose_pct_change,lts_serum_osm_was_drawn,lts_serum_osm_first_minute,lts_serum_osm_last_minute,lts_serum_osm_n_draws,lts_serum_osm_first_value,lts_serum_osm_last_value,lts_serum_osm_max_value,lts_serum_osm_max_minute,lts_serum_osm_delta,lts_serum_osm_pct_change,itv_n_total,itv_any,itv_first_minute,itv_last_minute,itv_density_first_hour,itv_benzo_count,itv_time_to_first_benzo,itv_fluid_count,itv_time_to_first_fluid,itv_intubation_count,itv_time_to_first_intubation,itv_reversal_count,itv_time_to_first_reversal,itv_antipyretic_count,itv_time_to_first_antipyretic,itv_escalation_max_rung,itv_intubation_after_benzo,xmod_first_lab_to_first_itv_min,xmod_hr_crit_to_benzo_min,stab_total_critical_breaches,stab_max_consecutive_critical_min,stab_hr_oscillations,arc_time_to_min_gcs_min,arc_time_to_gcs_recovery_min,arc_steady_state_last60,arc_trajectory_class,diff_hr,abs_diff_hr,pct_change_hr,direction_hr,diff_rr,abs_diff_rr,pct_change_rr,direction_rr,diff_sbp,abs_diff_sbp,pct_change_sbp,direction_sbp,diff_dbp,abs_diff_dbp,pct_change_dbp,direction_dbp,diff_spo2,abs_diff_spo2,pct_change_spo2,direction_spo2,diff_temp,abs_diff_temp,pct_change_temp,direction_temp,diff_gcs,abs_diff_gcs,pct_change_gcs,direction_gcs,diff_supp_o2,abs_diff_supp_o2,pct_change_supp_o2,direction_supp_o2,n_vitals_worsening,any_vital_crit_at_4h_new,n_vitals_crit_at_4h_new,supp_o2_escalated,supp_o2_weaned,note_onset_minutes,note_has_onset_phrase,note_is_festival_template,note_char_len,note_word_count,note_location_main_stage,note_location_medical_tent,note_location_campground,note_location_shopping_area,note_location_other,note_location_none,note_onset_bucket_fast,note_onset_bucket_medium,note_onset_bucket_slow,note_onset_bucket_unknown,hpi_word_count_4h,hpi_has_severe_4h,mdm_word_count_4h,mdm_severity_tier_4h,pe_agitated,pe_ataxia,pe_diaphoretic,pe_distractible,pe_dry_mucosa,pe_fatigued_appearance,pe_intermittent_disorientation,pe_mild_tremor,pe_reduced_tracking,pe_restless,pe_slow_responses,pe_tachycardic,pe_tachypneic_effort,pe_unsteady_gait,pe_kraken_combo,pe_triton_combo,peak_lactate_5plus,peak_cpk_1000plus,peak_troponin_015plus,peak_hr_150plus,kraken_severity_anchor,all_peak_labs_normal,triage_chief_agitation,triage_chief_palpitations,note_arousal_density,note_perceptual_density,triage_ag_above_20,triage_ag_below_12,triage_ph_above_735,triage_hr_above_120,triage_temp_above_38,triage_glucose_above_140,triage_sympathomimetic_combo,cand_shock_index,cand_mod_shock_index,cand_pulse_pressure,cand_map,cand_shock_index_age,cand_rate_pressure_product,cand_hr_temp_product,cand_k_extreme,cand_na_extreme,cand_glucose_extreme,cand_high_anion_gap,cand_acidosis,cand_alkalosis,cand_poc_abn_count,cand_news_hr,cand_news_rr,cand_news_sbp,cand_news_spo2,cand_news_temp,cand_news_gcs,cand_news_total,cand_news_high_risk,cand_onset_x_news,cand_onset_x_hr,cand_log_onset,cand_is_fast_onset,cand_is_slow_onset,cand_pmh_count,cand_sympathetic_score,cand_cns_depression_score
E001900,2026-05-15,105.8,15.1,119.2,73.7,99.4,0,36.96,14,41,Male,Hispanic/Latino,Anxiety/panic. Festival attendee from main stage with symptom onset ~234 minutes before arrival.,5,0,Walk-in,0,0,0,0,0,88.7,7.389,145.3,3.96,11.3,6.1,1,1,79.0,8.4,134.8,84.0,98.4,0,36.6,15,37.6,-26.8,-0.36,1,,,,,1,0,0,0,0,0,0,0,0,0,0,0,362,4,7.0,60.7,88.1,77.15714285714284,79.0,27.39999999999999,0.1223518265363725,0.0626190398164835,0.1142857142857141,-0.0630779523266763,-1.0,88.1,100.0,60.7,0.0,0.0,-1.0,77.25,-1.0,8.4,15.3,12.95714285714286,8.4,6.9,0.1641260777590155,-0.0164994265115517,-0.0267857142857143,-0.0387370533723178,-1.0,15.3,100.0,8.4,240.0,0.0,-1.0,10.65,-1.0,117.7,147.6,133.82857142857142,134.8,29.89999999999999,0.0684419903350578,0.0153527773226279,-0.0089285714285719,0.1093859953416915,-1.0,147.6,158.0,117.7,100.0,135.85000000000002,58.0,68.3,84.4,77.65714285714284,84.0,16.10000000000001,0.0670665422521852,-3.113223005094828e-05,0.0160714285714285,-0.031780563952624,1.0,84.4,102.0,68.3,213.0,76.15,56.0,96.6,99.0,97.75714285714284,98.4,2.4000000000000057,0.0093571887146468,0.0050591512370964,-0.0017857142857145,0.0053781158630258,-1.0,99.0,100.0,96.6,158.0,0.0,-1.0,98.65,2.0,36.3,37.02,36.59571428571429,36.6,0.720000000000006,0.0063965216880095,-0.0003949205308865,0.0114285714285714,-0.0004374597353684,-1.0,37.02,56.0,36.3,158.0,36.58,44.0,13.0,15.0,14.285714285714286,15.0,2.0,0.0616441400296897,0.0073111584466655,0.0357142857142856,0.0115094900639278,-1.0,15.0,56.0,13.0,0.0,0.0,-1.0,15.0,44.0,31.2,37.6,34.285714285714285,37.6,6.400000000000002,0.0671363662009396,0.0131469768966081,0.101785714285714,0.0216846721839535,-1.0,37.6,240.0,31.2,0.0,0.0,-1.0,35.2,-1.0,1.0,1.0,1.0,0.0,0.0,1.0,8.52,8.52,8.52,0.0,0.0,0.0,1.0,0.0,0.0,1.0,138.5,138.5,138.5,0.0,0.0,0.0,1.0,0.0,0.0,1.0,3.58,3.58,3.58,0.0,0.0,0.0,1.0,0.0,0.0,1.0,21.7,21.7,21.7,0.0,0.0,0.0,1.0,0.0,0.0,1.0,42.8,42.8,42.8,0.0,0.0,0.0,1.0,0.0,0.0,1.0,7.367,7.367,7.367,0.0,0.0,0.0,1.0,0.0,0.0,1.0,0.0,0.0,0.0,0.0,0.0,0.0,1.0,0.0,0.0,1.0,1.92,1.92,1.92,0.0,0.0,0.0,1.0,0.0,0.0,1.0,267.2,267.2,267.2,0.0,0.0,0.0,1.0,0.0,0.0,1.0,10.4,10.4,10.4,0.0,0.0,0.0,1.0,0.0,0.0,1.0,0.44,0.44,0.44,0.0,0.0,0.0,1.0,0.0,0.0,1.0,82.4,82.4,82.4,0.0,0.0,0.0,1.0,0.0,0.0,1.0,280.4,280.4,280.4,0.0,0.0,0.0,1.0,1.0,69.0,69.0,0.0,0.0,-1.0,1.0,69.0,0.0,-1.0,0.0,-1.0,0.0,-1.0,2.0,0.0,69.0,,0.0,0.0,4.0,0.0,213.0,1.0,0.0,-26.8,26.8,-0.2533081285444234,-1,-6.699999999999999,6.699999999999999,-0.4437086092715231,-1,15.600000000000009,15.600000000000009,0.1308724832214765,1,10.299999999999995,10.299999999999995,0.1397557666214382,1,-1.0,1.0,-0.0100603621730382,-1,-0.3599999999999994,0.3599999999999994,-0.0097402597402597,-1,1,1,0.0714285714285714,1,0,0,0.0,0,1,0,0,0,0,234.0,1,1,96,13,1,0,0,0,0,0,0,0,1,0,224,0,40,2,0,0,0,0,0,0,0,1,0,0,0,0,0,0,0,0,0,0,0,0,0,0,0,0,0.0,0.0,0,1,1,0,0,0,0,0.8875838926174496,1.1905476369092272,45.5,88.86666666666667,36.39093959731544,12611.36,3910.368,0,1,0,0,0,0,1,1,0,0,0,0,1,2,0,0.0085470085470085,0.4521367521367521,5.459585514144159,0,1,0,1,0
E001860,2026-05-14,102.4,23.7,81.2,80.1,93.4,0,38.02,14,35,Female,Black,Nausea/vomiting. Festival attendee from festival medical tent with symptom onset ~201 minutes before arrival.,3,6,Walk-in,0,0,0,0,1,132.9,7.329,140.5,4.17,15.1,11.4,1,1,74.3,15.1,112.3,69.4,98.1,0,37.55,14,32.5,-28.1,-0.47,0,,,,,1,1,0,0,0,0,0,0,0,0,0,0,361,3,6.0,69.8,122.4,92.91666666666669,74.3,52.60000000000001,0.2220028607119522,-0.2358984410611722,0.0,-0.2934374356863554,-1.0,122.4,76.0,69.8,176.0,0.0,-1.0,74.3,-1.0,14.1,20.6,17.48333333333333,15.1,6.500000000000002,0.1536688610390417,-0.0050642720393836,0.0,0.0137939905330314,-1.0,20.6,176.0,14.1,122.0,0.0,-1.0,15.1,54.0,107.3,134.2,119.09999999999998,112.3,26.89999999999999,0.070874634386093,0.0371683836265841,0.0,-0.0331112368800164,-1.0,134.2,180.0,107.3,0.0,112.3,60.0,60.4,82.7,70.58333333333333,69.4,22.300000000000004,0.1085141430371872,-0.0024004011304584,0.0,-0.0830932290594771,-1.0,82.7,122.0,60.4,180.0,69.4,54.0,93.5,98.1,96.2,98.1,4.599999999999994,0.0185563795412278,0.0195824596590391,0.0,0.023579954723194,1.0,98.1,240.0,93.5,76.0,0.0,-1.0,98.1,-1.0,36.98,37.55,37.21333333333333,37.55,0.5700000000000003,0.0053982512265565,8.241407603248733e-05,0.0,0.0015895760444535,1.0,37.55,240.0,36.98,176.0,37.55,64.0,12.0,15.0,13.833333333333334,14.0,3.0,0.0771460751497933,0.0077217613273771,0.0,0.0096470467174315,0.0,15.0,122.0,12.0,76.0,1.0,76.0,14.0,54.0,32.5,42.7,37.833333333333336,32.5,10.200000000000005,0.0825142001073282,-0.0279533230011851,0.0,-0.0160295328256842,1.0,42.7,0.0,32.5,240.0,0.0,-1.0,32.5,-1.0,1.0,1.0,1.0,120.0,120.0,1.0,6.91,6.91,6.91,120.0,0.0,0.0,1.0,120.0,120.0,1.0,139.3,139.3,139.3,120.0,0.0,0.0,1.0,120.0,120.0,1.0,4.14,4.14,4.14,120.0,0.0,0.0,1.0,120.0,120.0,1.0,23.5,23.5,23.5,120.0,0.0,0.0,1.0,120.0,120.0,1.0,22.8,22.8,22.8,120.0,0.0,0.0,1.0,120.0,120.0,1.0,7.373,7.373,7.373,120.0,0.0,0.0,1.0,120.0,120.0,1.0,0.045,0.045,0.045,120.0,0.0,0.0,1.0,120.0,120.0,1.0,2.19,2.19,2.19,120.0,0.0,0.0,1.0,120.0,120.0,1.0,242.5,242.5,242.5,120.0,0.0,0.0,1.0,120.0,120.0,1.0,15.7,15.7,15.7,120.0,0.0,0.0,1.0,120.0,120.0,1.0,5.72,5.72,5.72,120.0,0.0,0.0,1.0,120.0,120.0,1.0,105.9,105.9,105.9,120.0,0.0,0.0,1.0,120.0,120.0,1.0,286.7,286.7,286.7,120.0,0.0,0.0,2.0,1.0,145.0,215.0,0.0,1.0,145.0,1.0,215.0,0.0,-1.0,0.0,-1.0,0.0,-1.0,4.0,0.0,25.0,,1.0,46.0,3.0,76.0,180.0,1.0,1.0,-28.10000000000001,28.10000000000001,-0.2744140625,-1,-8.6,8.6,-0.3628691983122363,-1,31.099999999999994,31.099999999999994,0.3830049261083743,1,-10.699999999999989,10.699999999999989,-0.1335830212234705,-1,4.699999999999989,4.699999999999989,0.0503211991434688,1,-0.4700000000000059,0.4700000000000059,-0.012361914781694,-1,0,0,0.0,0,0,0,0.0,0,0,0,0,0,0,201.0,1,1,109,14,0,1,0,0,0,0,0,0,1,0,245,1,43,2,0,0,0,0,1,1,0,0,0,0,0,0,0,1,0,0,0,0,0,0,0,0,0,0,0.0,0.0,0,1,0,0,1,0,0,1.2610837438423643,1.2725766362883184,1.1000000000000083,80.46666666666667,44.13793103448276,8314.880000000001,3893.248000000001,0,0,0,0,1,0,1,1,2,3,1,0,1,8,1,0.0398009950248756,0.509452736318408,5.308267697401205,0,1,1,3,0
E002196,2026-05-14,107.9,22.0,113.1,79.0,99.4,0,37.11,15,41,Male,Native American,Headache. Festival attendee from main stage with symptom onset ~45 minutes before arrival.,4,2,Festival Medical Tent Transfer,0,0,0,0,0,97.6,7.362,140.7,4.26,13.5,10.5,1,1,86.3,9.7,138.4,81.1,98.0,0,36.31,15,33.8,-21.6,-0.8,0,,,,,0,1,0,1,0,0,0,0,0,0,0,0,361,3,6.0,56.0,91.9,75.98333333333333,86.3,35.900000000000006,0.1613621523743153,-0.0716906910585704,0.0,0.0436168558544549,1.0,91.9,0.0,56.0,179.0,0.0,-1.0,86.3,18.0,9.7,17.3,13.633333333333336,9.7,7.600000000000001,0.1742815001192834,-0.0165026474471531,0.0,-0.0600139947131083,-1.0,17.3,119.0,9.7,240.0,0.0,-1.0,9.7,-1.0,104.4,145.9,131.06666666666666,138.4,41.5,0.1148176950134713,0.0170688880721959,0.0,0.2730731353340591,1.0,145.9,197.0,104.4,119.0,138.4,60.0,70.0,86.5,76.5,81.1,16.5,0.0763149450463485,0.0104781738739843,0.0,0.059547504276162,1.0,86.5,179.0,70.0,198.0,81.1,18.0,96.6,98.6,97.7,98.0,2.0,0.0070666377267853,-0.0013148760668054,0.0,0.0058311304618256,1.0,98.6,179.0,96.6,198.0,0.0,-1.0,98.0,42.0,36.31,37.06,36.625,36.31,0.75,0.0067079680626139,-0.0026334272530523,0.0,-0.00201679365573,-1.0,37.06,0.0,36.31,240.0,36.31,-1.0,13.0,15.0,14.0,15.0,2.0,0.0583211843519804,0.0037840118692746,0.0,0.0180117140931944,1.0,15.0,197.0,13.0,119.0,0.0,-1.0,15.0,78.0,28.2,42.1,33.583333333333336,33.8,13.900000000000002,0.1279521504194084,-0.044165407597969,0.0,-0.0042943036334422,1.0,42.1,0.0,28.2,179.0,1.0,179.0,33.8,-1.0,1.0,1.0,1.0,120.0,120.0,1.0,7.39,7.39,7.39,120.0,0.0,0.0,1.0,120.0,120.0,1.0,137.6,137.6,137.6,120.0,0.0,0.0,1.0,120.0,120.0,1.0,3.9,3.9,3.9,120.0,0.0,0.0,1.0,120.0,120.0,1.0,26.2,26.2,26.2,120.0,0.0,0.0,1.0,120.0,120.0,1.0,27.6,27.6,27.6,120.0,0.0,0.0,1.0,120.0,120.0,1.0,7.398,7.398,7.398,120.0,0.0,0.0,1.0,120.0,120.0,1.0,0.039,0.039,0.039,120.0,0.0,0.0,1.0,120.0,120.0,1.0,0.8,0.8,0.8,120.0,0.0,0.0,1.0,120.0,120.0,1.0,77.7,77.7,77.7,120.0,0.0,0.0,1.0,120.0,120.0,1.0,17.2,17.2,17.2,120.0,0.0,0.0,1.0,120.0,120.0,1.0,1.99,1.99,1.99,120.0,0.0,0.0,1.0,120.0,120.0,1.0,89.7,89.7,89.7,120.0,0.0,0.0,1.0,120.0,120.0,1.0,294.3,294.3,294.3,120.0,0.0,0.0,2.0,1.0,43.0,79.0,1.0,1.0,79.0,0.0,-1.0,1.0,43.0,0.0,-1.0,0.0,-1.0,7.0,0.0,-77.0,,1.0,18.0,3.0,119.0,197.0,1.0,0.0,-21.60000000000001,21.60000000000001,-0.2001853568118629,-1,-12.3,12.3,-0.5590909090909091,-1,25.30000000000001,25.30000000000001,0.2236958443854996,1,2.0999999999999943,2.0999999999999943,0.0265822784810125,1,-1.4000000000000057,1.4000000000000057,-0.0140845070422535,-1,-0.7999999999999972,0.7999999999999972,-0.0215575316626245,-1,0,0,0.0,0,0,0,0.0,0,2,0,0,0,0,45.0,1,1,90,13,1,0,0,0,0,0,1,0,0,0,209,1,41,3,0,0,1,0,0,0,0,0,0,0,0,1,0,0,1,0,0,0,0,0,0,1,0,0,0.0,0.0,0,1,1,0,0,0,0,0.9540229885057472,1.1940243452600516,34.099999999999994,90.36666666666666,39.11494252873563,12203.49,4004.169,0,0,0,0,0,0,0,1,2,0,0,0,0,3,0,0.0666666666666666,2.397777777777778,3.828641396489095,1,0,0,1,0
E000231,2026-05-14,96.5,20.6,113.6,87.9,98.2,0,37.45,13,60,Female,White,Psychiatric Evaluation Last night c'o heart palpatations.,5,4,Walk-in,0,0,0,0,0,84.3,7.424,141.3,4.08,14.6,8.9,0,0,76.6,14.3,124.8,85.1,95.4,0,36.32,14,35.7,-19.9,-1.13,1,1.45,256.7,7.416,0.028,1,0,1,0,0,0,0,0,0,0,0,1,361,3,6.0,52.7,85.2,71.73333333333333,76.6,32.5,0.1566943161661742,-0.0093704176941245,-0.342040520984081,0.0199028264631495,1.0,85.2,38.0,52.7,60.0,0.0,-1.0,76.6,12.0,9.0,18.5,13.383333333333333,14.3,9.5,0.2220497097081623,-0.0074538056418646,-0.0736975397973951,0.0295491857833784,1.0,18.5,0.0,9.0,72.0,0.0,-1.0,14.3,168.0,115.9,143.5,129.81666666666666,124.8,27.599999999999994,0.0831555054825851,-0.0061025116340472,0.103364688856729,0.0117517859519903,-1.0,143.5,119.0,115.9,72.0,124.8,47.0,73.0,85.1,80.01666666666667,85.1,12.099999999999994,0.0556071726248296,0.0302720976175545,-0.0183791606367582,0.0184363491147892,-1.0,85.1,240.0,73.0,60.0,85.1,-1.0,95.4,99.2,97.28333333333336,95.4,3.799999999999997,0.0126927849525382,-0.0106307138849463,0.008140376266281,-0.010125571282779,-1.0,99.2,60.0,95.4,240.0,0.0,-1.0,95.4,-1.0,36.32,36.97,36.711666666666666,36.32,0.6499999999999986,0.0061322038299864,-0.0020136921067644,-0.0027858176555714,-0.0020688201623995,-1.0,36.97,119.0,36.32,240.0,36.32,-1.0,13.0,15.0,14.0,14.0,2.0,0.0412393049421161,-0.0013296054089479,-6.046476758946334e-17,-0.0031281891999822,1.0,15.0,72.0,13.0,119.0,0.0,-1.0,14.0,47.0,29.0,39.7,34.93333333333333,35.7,10.700000000000005,0.0900037309277243,0.0103360318350912,0.0153400868306802,0.025391578293473,-1.0,39.7,119.0,29.0,72.0,1.0,72.0,35.7,47.0,1.0,1.0,1.0,240.0,240.0,1.0,5.52,5.52,5.52,240.0,0.0,0.0,1.0,240.0,240.0,1.0,140.0,140.0,140.0,240.0,0.0,0.0,1.0,240.0,240.0,1.0,3.68,3.68,3.68,240.0,0.0,0.0,1.0,240.0,240.0,1.0,26.8,26.8,26.8,240.0,0.0,0.0,1.0,240.0,240.0,1.0,41.5,41.5,41.5,240.0,0.0,0.0,1.0,240.0,240.0,1.0,7.416,7.416,7.416,240.0,0.0,0.0,1.0,240.0,240.0,1.0,0.028,0.028,0.028,240.0,0.0,0.0,1.0,240.0,240.0,1.0,1.45,1.45,1.45,240.0,0.0,0.0,1.0,240.0,240.0,1.0,256.7,256.7,256.7,240.0,0.0,0.0,1.0,240.0,240.0,1.0,4.9,4.9,4.9,240.0,0.0,0.0,1.0,240.0,240.0,1.0,5.56,5.56,5.56,240.0,0.0,0.0,1.0,240.0,240.0,1.0,106.0,106.0,106.0,240.0,0.0,0.0,1.0,240.0,240.0,1.0,280.6,280.6,280.6,240.0,0.0,0.0,2.0,1.0,52.0,59.0,2.0,0.0,-1.0,1.0,52.0,0.0,-1.0,1.0,59.0,0.0,-1.0,5.0,0.0,-188.0,,1.0,47.0,4.0,119.0,240.0,0.0,0.0,-19.90000000000001,19.90000000000001,-0.2062176165803109,-1,-6.300000000000001,6.300000000000001,-0.3058252427184466,-1,11.200000000000005,11.200000000000005,0.0985915492957746,1,-2.800000000000012,2.800000000000012,-0.031854379977247,-1,-2.799999999999997,2.799999999999997,-0.0285132382892056,-1,-1.1300000000000026,1.1300000000000026,-0.030173564753004,-1,1,1,0.0769230769230769,1,0,0,0.0,0,2,0,0,0,0,,0,0,57,7,0,0,0,0,0,1,0,0,0,1,112,0,40,1,0,0,0,0,0,0,0,0,0,0,1,0,0,0,0,0,0,0,0,0,0,0,0,0,0.0,0.0,0,1,1,0,0,0,0,0.8494718309859155,1.0003455425017278,25.69999999999999,96.46666666666668,50.96830985915493,10962.4,3613.925,0,0,0,0,0,0,0,1,1,0,0,0,2,4,0,,,,0,0,0,0,1
E001992,2026-05-13,125.7,22.3,111.4,79.6,95.9,1,38.23,11,31,Female,Hispanic/Latino,Altered mental status. Festival attendee from VIP tent with symptom onset ~219 minutes before arrival.,4,6,Walk-in,1,0,0,0,0,145.2,7.352,142.2,4.41,12.8,13.5,1,1,99.9,18.3,117.5,62.9,96.4,0,37.05,14,33.2,-25.8,-1.18,3,2.42,191.9,7.394,0.0,1,1,0,0,1,0,0,0,0,0,0,1,360,2,9.0,93.0,111.7,101.7,99.9,18.700000000000003,0.0643481675086622,-0.0631046268141812,0.0008720930232563,-0.045003600288023,1.0,111.7,0.0,93.0,176.0,0.0,-1.0,96.6,-1.0,14.3,23.0,19.444444444444443,18.3,8.7,0.1153068665318235,-0.0136351419654533,0.0020348837209304,-0.0211636930954476,-1.0,23.0,20.0,14.3,176.0,0.0,-1.0,18.75,37.0,117.5,138.7,128.23333333333332,117.5,21.19999999999999,0.0548448534770178,-0.032421194932728,-0.2968023255813938,-0.1078666293303467,1.0,138.7,107.0,117.5,240.0,120.8,-1.0,62.9,86.8,75.72222222222223,62.9,23.9,0.0871824108111684,-0.0294912269441525,0.1511627906976749,-0.085636850948076,-1.0,86.8,105.0,62.9,240.0,71.05,-1.0,95.0,98.9,96.58888888888887,96.4,3.9000000000000057,0.0121665579175136,-0.0024782779618591,0.0055232558139545,-0.0108808704696376,-1.0,98.9,123.0,95.0,213.0,0.0,-1.0,95.7,53.0,36.96,37.49,37.23,37.05,0.5300000000000011,0.0048348106365834,-0.0017849377823062,-0.0021220930232555,-0.0006736538923114,-1.0,37.49,20.0,36.96,107.0,37.1,-1.0,12.0,15.0,13.666666666666666,14.0,3.0,0.0689860274328339,0.0074613094999317,-0.0203488372093022,0.0018801504120329,0.0,15.0,123.0,12.0,52.0,1.0,52.0,14.0,90.0,33.2,45.1,39.577777777777776,33.2,11.9,0.0993093816751816,-0.0432583458357068,0.0061046511627911,-0.0584646771741739,-1.0,45.1,105.0,33.2,240.0,0.0,-1.0,34.3,-1.0,2.0,1.0,1.0,0.0,240.0,2.0,13.91,9.54,13.91,0.0,-4.370000000000001,-0.3141624730409778,1.0,0.0,240.0,2.0,143.7,139.7,143.7,0.0,-4.0,-0.0278357689631176,1.0,0.0,240.0,2.0,4.07,3.93,4.07,0.0,-0.1400000000000001,-0.0343980343980344,1.0,0.0,240.0,2.0,24.1,22.1,24.1,0.0,-2.0,-0.0829875518672199,1.0,0.0,240.0,2.0,52.3,62.4,62.4,240.0,10.1,0.1931166347992352,1.0,0.0,240.0,2.0,7.346,7.394,7.394,240.0,0.048,0.0065341682548325,1.0,0.0,240.0,2.0,0.059,0.0,0.059,0.0,-0.059,-1.0,1.0,0.0,240.0,2.0,2.84,2.42,2.84,0.0,-0.4199999999999999,-0.1478873239436619,1.0,0.0,240.0,2.0,584.4,191.9,584.4,0.0,-392.5,-0.6716290212183437,1.0,0.0,240.0,2.0,17.5,1.0,17.5,0.0,-16.5,-0.9428571428571428,1.0,0.0,240.0,2.0,10.9,0.14,10.9,0.0,-10.76,-0.9871559633027522,1.0,0.0,240.0,2.0,120.1,86.7,120.1,0.0,-33.39999999999999,-0.2781015820149874,1.0,0.0,240.0,2.0,273.0,281.3,281.3,240.0,8.300000000000011,0.0304029304029304,3.0,1.0,86.0,173.0,0.0,1.0,116.0,1.0,173.0,0.0,-1.0,0.0,-1.0,0.0,-1.0,4.0,0.0,86.0,,1.0,53.0,5.0,52.0,213.0,1.0,0.0,-25.8,25.8,-0.2052505966587111,-1,-4.0,4.0,-0.179372197309417,-1,6.099999999999994,6.099999999999994,0.0547576301615798,1,-16.699999999999996,16.699999999999996,-0.2097989949748743,-1,0.5,0.5,0.0052137643378519,1,-1.1799999999999995,1.1799999999999995,-0.03086581218938,-1,3,3,0.2727272727272727,1,-1,1,-1.0,-1,1,0,0,0,1,219.0,1,1,102,15,0,0,0,0,1,0,0,0,1,0,209,0,48,3,0,0,0,0,0,0,1,1,0,0,0,1,0,0,0,0,0,0,0,0,0,0,0,0,0.0,0.1111111111111111,0,0,1,1,1,1,1,1.1283662477558347,1.393569844789357,31.80000000000001,90.2,34.97935368043088,14002.98,4805.511,0,0,0,1,0,0,1,2,2,0,0,2,3,9,1,0.0410958904109589,0.5739726027397261,5.393627546352362,0,1,1,3,1
E002146,2026-05-14,114.1,30.7,96.7,72.9,93.1,1,37.88,10,19,Male,White,Nausea/vomiting. Festival attendee from festival medical tent with symptom onset ~52 minutes before arrival.,2,9,EMS,1,0,0,0,0,142.6,7.374,139.9,4.07,16.9,14.3,1,1,101.8,25.6,128.6,76.4,95.7,0,37.23,13,38.0,-12.3,-0.65,3,0.48,329.3,7.347,0.021,1,1,0,0,1,0,0,1,0,0,0,1,361,3,6.0,83.5,108.0,100.5,101.8,24.5,0.0795771105398296,-0.0296739202182664,0.0,-0.0152446745121402,1.0,108.0,137.0,83.5,157.0,0.0,-1.0,101.8,83.0,15.3,25.6,20.13333333333333,25.6,10.3,0.180083444346687,0.041696186934806,0.0,0.0486835245046923,-1.0,25.6,240.0,15.3,0.0,1.0,240.0,25.6,-1.0,109.3,136.3,123.93333333333334,128.6,27.00000000000001,0.071486688841332,0.0652775638627912,0.0,0.0881051690749293,1.0,136.3,137.0,109.3,107.0,128.6,-1.0,65.2,79.5,73.71666666666665,76.4,14.299999999999995,0.065846812228628,0.0444278201940639,0.0,0.0038525994339343,-1.0,79.5,137.0,65.2,0.0,76.4,-1.0,94.4,95.7,95.28333333333336,95.7,1.2999999999999972,0.0045913607655786,0.0005170630816961,0.0,0.0074016833010577,1.0,95.7,0.0,94.4,107.0,0.0,-1.0,95.7,18.0,37.14,37.36,37.24999999999999,37.23,0.2199999999999988,0.0023709425144504,-0.000707276287707,0.0,-0.0004262252346193,1.0,37.36,0.0,37.14,157.0,37.23,-1.0,11.0,14.0,12.666666666666666,13.0,3.0,0.0744322927564787,0.0020242469581288,0.0,0.0104647698495456,1.0,14.0,157.0,11.0,107.0,2.0,107.0,13.0,18.0,36.0,39.4,38.13333333333333,38.0,3.3999999999999986,0.0301921609076408,-0.0047503795463046,0.0,-0.003891702666468,1.0,39.4,125.0,36.0,157.0,0.0,-1.0,38.0,83.0,3.0,1.0,1.0,0.0,240.0,3.0,8.33,5.16,8.33,0.0,-3.17,-0.3805522208883553,1.0,0.0,240.0,3.0,139.3,141.3,141.3,240.0,2.0,0.0143575017946877,1.0,0.0,240.0,3.0,3.66,4.42,4.42,240.0,0.7599999999999998,0.2076502732240436,1.0,0.0,240.0,3.0,17.2,23.8,23.9,120.0,6.600000000000001,0.3837209302325582,1.0,0.0,240.0,3.0,46.1,34.7,46.1,0.0,-11.4,-0.247288503253796,1.0,0.0,240.0,3.0,7.323,7.347,7.347,240.0,0.024,0.0032773453502662,1.0,0.0,240.0,3.0,0.129,0.021,0.129,0.0,-0.108,-0.8372093023255813,1.0,0.0,240.0,3.0,3.71,0.48,3.71,0.0,-3.23,-0.8706199460916442,1.0,0.0,240.0,3.0,565.6,329.3,642.8,120.0,-236.3,-0.4177864214992928,1.0,0.0,240.0,3.0,27.4,12.4,27.4,0.0,-14.999999999999998,-0.5474452554744526,1.0,0.0,240.0,3.0,0.1,2.26,8.56,120.0,2.16,21.599999999999994,1.0,0.0,240.0,3.0,131.1,130.8,131.1,0.0,-0.2999999999999829,-0.0022883295194506,1.0,0.0,240.0,3.0,297.5,282.8,297.5,0.0,-14.699999999999989,-0.0494117647058823,3.0,1.0,71.0,190.0,0.0,1.0,71.0,1.0,74.0,0.0,-1.0,0.0,-1.0,0.0,-1.0,4.0,0.0,71.0,,3.0,20.0,3.0,107.0,240.0,0.0,0.0,-12.299999999999995,12.299999999999995,-0.1078001752848378,-1,-5.099999999999998,5.099999999999998,-0.1661237785016286,-1,31.89999999999999,31.89999999999999,0.3298862461220267,1,3.5,3.5,0.0480109739368998,1,2.6000000000000085,2.6000000000000085,0.0279269602577874,1,-0.6500000000000057,0.6500000000000057,-0.0171594508975714,-1,3,3,0.3,1,-1,1,-1.0,-1,1,0,0,0,1,52.0,1,1,108,14,0,1,0,0,0,0,1,0,0,0,269,0,47,3,0,0,0,1,0,0,1,0,1,0,0,0,1,0,0,0,0,0,0,0,0,0,0,0,0.0,0.0,0,0,1,0,0,1,1,1.1799379524301965,1.4115463917525772,23.8,80.83333333333334,22.41882109617373,11033.47,4322.108,0,0,0,1,0,0,1,2,3,2,1,0,3,11,1,0.2115384615384615,2.194230769230769,3.970291913552122,1,0,1,2,1
E001096,2026-05-14,91.9,12.8,135.7,85.8,97.6,0,37.11,12,33,Female,Hispanic/Latino,Anxiety/panic. Festival attendee from campground with symptom onset ~41 minutes before arrival.,5,7,EMS,0,0,0,0,0,112.7,7.366,136.0,4.54,14.1,7.6,1,1,70.5,11.0,132.1,79.0,98.4,0,36.43,15,33.8,-21.4,-0.68,3,,,,,1,1,0,0,0,0,0,0,0,0,0,0,361,3,7.0,68.9,87.2,76.5,70.5,18.3,0.0764965201388626,-0.052203776938958,0.1410256410256406,-0.0230173324464964,-1.0,87.2,39.0,68.9,190.0,0.0,-1.0,73.45,20.0,10.0,20.5,15.785714285714286,11.0,10.5,0.2543743144363564,-0.0244927234576373,0.1358974358974358,-0.0579502327947102,-1.0,20.5,104.0,10.0,190.0,0.0,-1.0,13.55,86.0,125.7,141.8,131.1142857142857,132.1,16.10000000000001,0.0359852489288025,0.0224312708493891,0.0230769230769221,0.0314341327907972,1.0,141.8,190.0,125.7,104.0,130.5,20.0,70.8,84.5,78.89999999999999,79.0,13.700000000000005,0.0570040357085421,-0.0090530650360311,-0.3128205128205134,-0.0390028952619429,1.0,84.5,104.0,70.8,39.0,76.75,34.0,94.7,98.4,96.52857142857144,98.4,3.700000000000003,0.0108046246845901,0.0005816733515974,0.0102564102564097,0.0062913259517192,1.0,98.4,240.0,94.7,190.0,0.0,-1.0,97.4,20.0,36.31,37.05,36.67428571428571,36.43,0.7399999999999949,0.0062516746066197,-0.0019560875997817,0.003076923076923,-0.0033445166086311,-1.0,37.05,73.0,36.31,210.0,36.370000000000005,-1.0,13.0,15.0,14.0,15.0,2.0,0.0539949247156038,0.0013585504295044,0.0512820512820512,0.0014671935521733,0.0,15.0,39.0,13.0,0.0,0.0,-1.0,14.0,34.0,33.1,39.7,36.37142857142857,33.8,6.600000000000001,0.0603747133465568,-0.0216234536995888,-0.030769230769231,-0.0141613521655777,1.0,39.7,0.0,33.1,210.0,0.0,-1.0,33.45,-1.0,0.0,0.0,0.0,,,,,,,,,,0.0,,,,,,,,,,0.0,,,,,,,,,,0.0,,,,,,,,,,0.0,,,,,,,,,,0.0,,,,,,,,,,0.0,,,,,,,,,,0.0,,,,,,,,,,0.0,,,,,,,,,,0.0,,,,,,,,,,0.0,,,,,,,,,,0.0,,,,,,,,,,0.0,,,,,,,,,,2.0,1.0,138.0,215.0,0.0,1.0,138.0,1.0,215.0,0.0,-1.0,0.0,-1.0,0.0,-1.0,4.0,0.0,,,0.0,0.0,5.0,0.0,190.0,1.0,0.0,-21.40000000000001,21.40000000000001,-0.2328618063112078,-1,-1.8000000000000007,1.8000000000000007,-0.140625,-1,-3.5999999999999943,3.5999999999999943,-0.0265291083271922,-1,-6.799999999999997,6.799999999999997,-0.0792540792540792,-1,0.8000000000000114,0.8000000000000114,0.0081967213114755,1,-0.6799999999999997,0.6799999999999997,-0.0183239019132309,-1,3,3,0.25,1,0,0,0.0,0,2,0,0,0,0,41.0,1,1,95,12,0,0,1,0,0,0,1,0,0,0,208,0,43,3,0,0,0,0,0,0,0,0,0,0,0,0,0,1,0,0,0,0,0,0,0,0,0,0,0.0,0.0,0,1,1,0,0,0,0,0.67722918201916,0.8971688903351775,49.89999999999999,102.43333333333332,22.348563006632283,12470.83,3410.409,0,0,0,0,0,0,0,1,0,0,0,0,2,3,0,0.073170731707317,2.2414634146341466,3.737669618283368,1,0,0,0,1
E000385,2026-05-15,108.0,24.4,131.0,77.6,94.1,0,37.88,12,39,Female,White,Agitation. Festival attendee from beach shuttle stop with symptom onset ~254 minutes before arrival.,3,7,EMS,0,0,0,0,0,111.8,7.325,142.4,4.89,14.2,13.1,1,1,91.8,18.6,134.7,69.6,96.3,0,37.14,14,38.9,-16.2,-0.74,2,,,,,1,1,0,1,0,0,0,0,0,0,0,0,362,4,8.0,76.4,113.0,96.45,91.8,36.6,0.1241778853560194,-0.0297589512134833,-0.0242424242424246,-0.0676590144758001,-1.0,113.0,219.0,76.4,156.0,0.0,-1.0,102.4,63.0,18.6,25.3,21.35,18.6,6.699999999999999,0.0955606827311623,-0.0189927767758236,0.0545454545454545,-0.0063927474777013,-1.0,25.3,33.0,18.6,240.0,1.0,33.0,19.200000000000003,-1.0,118.9,143.5,133.8,134.7,24.599999999999994,0.0599772874371864,-0.0400472393368182,-0.0121212121212128,0.0469308378417899,1.0,143.5,0.0,118.9,82.0,131.8,59.0,63.7,87.0,72.625,69.6,23.3,0.0965446191580707,0.0269950838132032,0.2939393939393936,0.0020324608860945,-1.0,87.0,219.0,63.7,0.0,78.3,21.0,93.8,96.9,95.6125,96.3,3.1000000000000085,0.0109498753860522,0.0084971299356411,0.0545454545454539,0.0123205146951311,-1.0,96.9,141.0,93.8,82.0,0.0,-1.0,96.2,-1.0,36.73,37.56,37.12625,37.14,0.8300000000000054,0.007482605310579,-0.0019806190550301,0.006969696969697,-0.0006948384266705,1.0,37.56,33.0,36.73,156.0,37.015,84.0,12.0,14.0,13.25,14.0,2.0,0.0625778262331207,0.0043668921826221,-0.0303030303030303,0.001140517619535,1.0,14.0,82.0,12.0,33.0,2.0,33.0,13.5,49.0,31.2,42.8,37.625,38.9,11.599999999999998,0.0868349821475663,0.014128772967381,0.0787878787878787,0.0384910074572307,-1.0,42.8,203.0,31.2,156.0,0.0,-1.0,39.75,37.0,1.0,1.0,1.0,0.0,0.0,1.0,5.98,5.98,5.98,0.0,0.0,0.0,1.0,0.0,0.0,1.0,134.8,134.8,134.8,0.0,0.0,0.0,1.0,0.0,0.0,1.0,4.19,4.19,4.19,0.0,0.0,0.0,1.0,0.0,0.0,1.0,24.7,24.7,24.7,0.0,0.0,0.0,1.0,0.0,0.0,1.0,57.0,57.0,57.0,0.0,0.0,0.0,1.0,0.0,0.0,1.0,7.313,7.313,7.313,0.0,0.0,0.0,1.0,0.0,0.0,1.0,0.067,0.067,0.067,0.0,0.0,0.0,1.0,0.0,0.0,1.0,2.12,2.12,2.12,0.0,0.0,0.0,1.0,0.0,0.0,1.0,402.3,402.3,402.3,0.0,0.0,0.0,1.0,0.0,0.0,1.0,9.4,9.4,9.4,0.0,0.0,0.0,1.0,0.0,0.0,1.0,4.32,4.32,4.32,0.0,0.0,0.0,1.0,0.0,0.0,1.0,106.9,106.9,106.9,0.0,0.0,0.0,1.0,0.0,0.0,1.0,283.9,283.9,283.9,0.0,0.0,0.0,3.0,1.0,157.0,212.0,0.0,1.0,212.0,1.0,210.0,1.0,157.0,0.0,-1.0,0.0,-1.0,7.0,0.0,157.0,,3.0,49.0,4.0,33.0,203.0,1.0,0.0,-16.200000000000003,16.200000000000003,-0.15,-1,-5.799999999999997,5.799999999999997,-0.2377049180327868,-1,3.6999999999999886,3.6999999999999886,0.0282442748091602,1,-8.0,8.0,-0.1030927835051546,-1,2.200000000000003,2.200000000000003,0.0233793836344314,1,-0.740000000000002,0.740000000000002,-0.0195353748680042,-1,2,2,0.1666666666666666,1,0,0,0.0,0,1,0,0,0,0,254.0,1,1,100,14,0,0,0,0,1,0,0,0,1,0,253,0,47,3,0,0,0,0,1,0,0,0,0,0,0,0,1,0,0,0,0,0,0,0,0,0,1,0,0.1333333333333333,0.0,0,0,0,0,0,0,0,0.8244274809160306,1.1320754716981134,53.400000000000006,95.4,32.152671755725194,14148.0,4091.04,0,0,0,1,1,0,2,1,2,0,1,0,2,6,1,0.0236220472440944,0.4251968503937008,5.541263545158426,0,1,0,2,1
E000598,2026-05-15,138.3,35.2,96.5,65.4,90.9,1,38.34,11,25,Male,White,General weakness. Festival attendee from main stage with symptom onset ~178 minutes before arrival.,1,8,EMS,1,0,0,0,0,165.8,7.248,133.7,4.73,13.7,14.9,1,1,104.0,23.5,122.5,68.0,96.9,1,37.87,11,44.2,-34.3,-0.47,0,5.45,705.1,7.333,0.119,1,1,0,0,0,0,0,1,0,0,0,1,362,4,8.0,104.0,145.4,122.9125,104.0,41.400000000000006,0.0912573244606421,-0.0734184091475797,-0.7371428571428581,-0.0349941886906867,1.0,145.4,0.0,104.0,240.0,1.0,0.0,116.1,-1.0,19.8,31.9,25.225,23.5,12.099999999999998,0.1384642366572437,-0.0216257614077583,0.2114285714285713,-0.0232715144777401,-1.0,31.9,35.0,19.8,171.0,5.0,0.0,23.95,124.0,105.4,135.9,118.6625,122.5,30.5,0.0835744146033088,-0.0026938695543763,-0.5257142857142857,-0.0691343675779469,1.0,135.9,171.0,105.4,35.0,118.55,44.0,65.3,77.2,71.6625,68.0,11.900000000000006,0.0539949247156038,0.0164294874078294,0.2799999999999996,0.0169215220577088,-1.0,77.2,220.0,65.3,0.0,72.6,20.0,90.9,96.9,93.225,96.9,6.0,0.0202870775611769,0.0130926513019624,0.0228571428571424,0.0138885239274346,1.0,96.9,240.0,90.9,220.0,1.0,220.0,93.9,-1.0,37.67,38.05,37.82625,37.87,0.3799999999999954,0.0034110921463023,-0.0001313539700068,-0.0068571428571428,-0.0009018141391681,1.0,38.05,79.0,37.67,35.0,37.91,44.0,9.0,13.0,11.375,11.0,4.0,0.0976724661243471,0.0056014676023224,-0.0571428571428571,-0.0057102430643286,1.0,13.0,171.0,9.0,35.0,7.0,0.0,11.5,44.0,38.7,47.0,42.2,44.2,8.299999999999997,0.073536116820772,0.0089089160403234,0.194285714285714,0.0289858001920258,-1.0,47.0,220.0,38.7,204.0,0.0,-1.0,45.6,-1.0,3.0,1.0,1.0,0.0,240.0,3.0,9.25,14.02,14.02,240.0,4.77,0.5156756756756756,1.0,0.0,240.0,3.0,140.1,137.1,140.1,0.0,-3.0,-0.0214132762312633,1.0,0.0,240.0,3.0,4.79,4.32,4.79,0.0,-0.4699999999999997,-0.0981210855949895,1.0,0.0,240.0,3.0,17.7,16.5,21.1,120.0,-1.1999999999999993,-0.0677966101694914,1.0,0.0,240.0,3.0,62.1,56.3,64.3,120.0,-5.800000000000004,-0.0933977455716586,1.0,0.0,240.0,3.0,7.296,7.333,7.333,240.0,0.0369999999999999,0.0050712719298245,1.0,0.0,240.0,3.0,0.151,0.119,0.151,0.0,-0.032,-0.2119205298013245,1.0,0.0,240.0,3.0,4.55,5.45,5.45,240.0,0.9000000000000004,0.1978021978021978,1.0,0.0,240.0,3.0,888.1,705.1,1088.4,120.0,-183.0,-0.2060578763652741,1.0,0.0,240.0,3.0,20.5,30.3,30.3,240.0,9.8,0.4780487804878049,1.0,0.0,240.0,3.0,1.62,7.68,7.68,240.0,6.06,3.74074074074074,1.0,0.0,240.0,3.0,133.7,91.4,133.7,0.0,-42.29999999999998,-0.3163799551234105,1.0,0.0,240.0,3.0,303.3,296.1,303.3,0.0,-7.199999999999989,-0.0237388724035607,3.0,1.0,64.0,134.0,0.0,1.0,64.0,1.0,134.0,0.0,-1.0,0.0,-1.0,1.0,93.0,4.0,0.0,64.0,64.0,14.0,171.0,4.0,35.0,-1.0,1.0,0.0,-34.30000000000001,34.30000000000001,-0.2480115690527838,-1,-11.700000000000005,11.700000000000005,-0.3323863636363637,-1,26.0,26.0,0.2694300518134715,1,2.5999999999999943,2.5999999999999943,0.039755351681957,1,6.0,6.0,0.066006600660066,1,-0.4700000000000059,0.4700000000000059,-0.0122587376108504,-1,0,0,0.0,0,0,0,0.0,0,0,0,0,0,0,178.0,1,1,99,14,1,0,0,0,0,0,0,1,0,0,252,1,44,3,1,0,1,0,0,1,0,0,0,1,0,0,0,0,0,0,1,1,1,0,1,0,0,0,0.0,0.0,0,0,0,1,1,1,1,1.433160621761658,1.82534095908491,31.099999999999994,75.76666666666667,35.829015544041454,13345.95,5302.4220000000005,0,1,0,1,1,0,3,3,3,2,3,2,3,16,1,0.0898876404494382,0.7769662921348315,5.187385805840755,0,0,1,3,2
E000443,2026-05-15,99.6,25.1,114.8,76.0,96.4,1,37.17,11,34,Female,White,Gynecology Problem Vaginal pain accompanied by bilateral breast pain.,2,7,Walk-in,0,0,0,0,0,120.3,7.297,141.0,4.42,14.2,10.0,0,0,94.9,19.4,132.6,79.5,95.7,0,37.05,12,37.7,-4.7,-0.12,1,2.18,271.7,7.368,0.034,1,0,0,0,0,0,1,0,0,0,0,1,362,4,8.0,76.1,109.8,99.7625,94.9,33.7,0.1009322379932794,-0.0698192915880632,0.1945936870382806,-0.1449895615866391,1.0,109.8,37.0,76.1,199.0,0.0,-1.0,94.9,41.0,16.6,21.2,18.825,19.4,4.599999999999998,0.082412252239576,-0.0062421245074403,-0.0510073875083949,-0.0151171104183945,1.0,21.2,82.0,16.6,199.0,0.0,-1.0,19.4,41.0,120.9,142.7,129.21249999999998,132.6,21.799999999999983,0.0566528184268533,0.0535033347172348,-0.0130624580255211,0.0937455315011294,-1.0,142.7,199.0,120.9,151.0,132.6,41.0,69.5,79.5,75.425,79.5,10.0,0.0385329904501608,0.0056468040371078,0.0958361316319669,0.0142334200817912,1.0,79.5,240.0,69.5,151.0,79.5,-1.0,94.4,98.3,95.925,95.7,3.899999999999992,0.0119402774969562,0.006388769517261,-0.0206178643384831,0.0132582148883231,-1.0,98.3,199.0,94.4,82.0,0.0,-1.0,95.7,41.0,36.69,37.48,37.11625,37.05,0.7899999999999991,0.0060484548739535,2.9061933237708708e-05,0.0051443922095359,0.0027471616095175,-1.0,37.48,40.0,36.69,82.0,37.05,69.0,11.0,15.0,13.125,12.0,4.0,0.0888321814579887,-0.0021729682746631,-0.0258562793821358,7.149598192579793e-05,-1.0,15.0,199.0,11.0,154.0,2.0,154.0,12.0,45.0,37.7,43.3,40.5625,37.7,5.599999999999994,0.0521511901041721,0.0061408811811234,0.004633982538616,-0.0304730174164212,-1.0,43.3,154.0,37.7,240.0,0.0,-1.0,37.7,86.0,1.0,1.0,1.0,240.0,240.0,1.0,9.52,9.52,9.52,240.0,0.0,0.0,1.0,240.0,240.0,1.0,143.1,143.1,143.1,240.0,0.0,0.0,1.0,240.0,240.0,1.0,3.91,3.91,3.91,240.0,0.0,0.0,1.0,240.0,240.0,1.0,26.2,26.2,26.2,240.0,0.0,0.0,1.0,240.0,240.0,1.0,49.4,49.4,49.4,240.0,0.0,0.0,1.0,240.0,240.0,1.0,7.368,7.368,7.368,240.0,0.0,0.0,1.0,240.0,240.0,1.0,0.034,0.034,0.034,240.0,0.0,0.0,1.0,240.0,240.0,1.0,2.18,2.18,2.18,240.0,0.0,0.0,1.0,240.0,240.0,1.0,271.7,271.7,271.7,240.0,0.0,0.0,1.0,240.0,240.0,1.0,4.8,4.8,4.8,240.0,0.0,0.0,1.0,240.0,240.0,1.0,0.1,0.1,0.1,240.0,0.0,0.0,1.0,240.0,240.0,1.0,102.9,102.9,102.9,240.0,0.0,0.0,1.0,240.0,240.0,1.0,287.3,287.3,287.3,240.0,0.0,0.0,1.0,1.0,10.0,10.0,1.0,0.0,-1.0,1.0,10.0,0.0,-1.0,0.0,-1.0,0.0,-1.0,2.0,0.0,-230.0,,2.0,45.0,4.0,154.0,199.0,0.0,0.0,-4.699999999999989,4.699999999999989,-0.0471887550200802,-1,-5.700000000000003,5.700000000000003,-0.2270916334661355,-1,17.799999999999997,17.799999999999997,0.1550522648083623,1,3.5,3.5,0.0460526315789473,1,-0.7000000000000028,0.7000000000000028,-0.0072614107883817,-1,-0.1200000000000045,0.1200000000000045,-0.0032284100080711,-1,1,1,0.0909090909090909,1,-1,1,-1.0,-1,1,0,0,0,1,,0,0,69,9,0,0,0,0,0,1,0,0,0,1,104,0,45,2,0,0,0,1,0,0,0,1,0,0,0,0,0,0,0,0,0,0,0,0,0,0,0,0,0.0,0.0,0,1,0,0,0,0,0,0.867595818815331,1.1199400299850073,38.8,88.93333333333334,29.49825783972125,11434.08,3702.132,0,0,0,0,1,0,1,1,3,0,0,0,3,7,1,,,,0,0,0,1,1
E000659,2026-05-14,120.5,24.3,95.3,75.1,92.1,1,38.13,10,24,Male,White,Chest pain. Festival attendee from VIP tent with symptom onset ~99 minutes before arrival.,2,9,Festival Medical Tent Transfer,0,0,0,0,0,124.3,7.327,141.1,4.48,14.1,15.7,1,1,111.1,25.3,113.8,78.3,95.4,0,37.98,12,43.8,-9.4,-0.15,2,4.01,581.3,7.287,0.098,1,1,0,0,0,0,1,1,1,1,0,1,361,3,6.0,90.4,128.5,113.08333333333331,111.1,38.1,0.1017876821021016,-0.004093019756667,0.0,0.3073126801152737,1.0,128.5,225.0,90.4,182.0,0.0,-1.0,118.86666666666667,2.0,22.7,28.7,25.5,25.3,6.0,0.0908191042754601,-0.0206260109253074,0.0,-0.0530619596541788,1.0,28.7,0.0,22.7,224.0,4.0,0.0,23.6,-1.0,113.8,130.4,123.2,113.8,16.60000000000001,0.0459160247523732,0.0221557211580662,0.0,-0.0693804034582134,-1.0,130.4,224.0,113.8,240.0,123.96666666666668,16.0,67.3,78.3,72.3,78.3,11.0,0.0498373344866614,0.0050480437681026,0.0,0.08771613832853,1.0,78.3,240.0,67.3,184.0,73.53333333333335,-1.0,92.4,95.7,94.21666666666664,95.4,3.299999999999997,0.0116819154297534,0.0110017930210106,0.0,0.0199567723342935,-1.0,95.7,224.0,92.4,0.0,0.0,-1.0,94.93333333333334,1.0,37.2,37.98,37.60666666666666,37.98,0.779999999999994,0.0072232167104695,-0.0014994503909955,0.0,0.00303674351585,1.0,37.98,240.0,37.2,224.0,37.553333333333335,16.0,11.0,13.0,11.666666666666666,12.0,2.0,0.063887656499994,-0.0024910035484261,0.0,-0.0104466858789625,0.0,13.0,182.0,11.0,184.0,5.0,0.0,11.333333333333334,2.0,37.6,43.8,41.583333333333336,43.8,6.199999999999996,0.0486821355477001,0.0005713425923991,0.0,0.0474783861671468,1.0,43.8,240.0,37.6,184.0,0.0,-1.0,42.3,40.0,3.0,1.0,1.0,0.0,240.0,3.0,11.8,11.24,11.8,0.0,-0.5600000000000005,-0.0474576271186441,1.0,0.0,240.0,3.0,136.1,139.9,141.9,120.0,3.8000000000000114,0.0279206465833946,1.0,0.0,240.0,3.0,3.95,4.74,4.74,240.0,0.79,0.2,1.0,0.0,240.0,3.0,22.1,23.2,23.2,240.0,1.099999999999998,0.0497737556561085,1.0,0.0,240.0,3.0,25.9,21.3,39.3,120.0,-4.599999999999998,-0.1776061776061775,1.0,0.0,240.0,3.0,7.303,7.287,7.377,120.0,-0.016,-0.0021908804600848,1.0,0.0,240.0,3.0,0.085,0.098,0.098,120.0,0.0129999999999999,0.1529411764705882,1.0,0.0,240.0,3.0,3.22,4.01,4.01,240.0,0.7899999999999996,0.2453416149068321,1.0,0.0,240.0,3.0,861.8,581.3,984.7,120.0,-280.5,-0.325481550243676,1.0,0.0,240.0,3.0,27.9,18.8,27.9,0.0,-9.099999999999998,-0.3261648745519712,1.0,0.0,240.0,3.0,5.85,7.82,7.82,240.0,1.9700000000000009,0.3367521367521369,1.0,0.0,240.0,3.0,104.0,119.6,133.6,120.0,15.599999999999994,0.1499999999999999,1.0,0.0,240.0,3.0,297.2,294.3,297.2,0.0,-2.8999999999999773,-0.009757738896366,2.0,1.0,34.0,108.0,1.0,1.0,108.0,1.0,34.0,0.0,-1.0,0.0,-1.0,0.0,-1.0,4.0,0.0,34.0,,9.0,224.0,2.0,184.0,182.0,1.0,0.0,-9.400000000000006,9.400000000000006,-0.0780082987551867,-1,1.0,1.0,0.0411522633744856,1,18.5,18.5,0.1941238195173137,1,3.200000000000003,3.200000000000003,0.0426098535286285,1,3.300000000000012,3.300000000000012,0.0358306188925082,1,-0.1500000000000056,0.1500000000000056,-0.0039339103068451,-1,2,2,0.2,1,-1,1,-1.0,-1,0,0,0,0,1,99.0,1,1,90,14,0,0,0,0,1,0,0,1,0,0,269,1,44,3,0,0,0,0,0,1,0,0,1,0,1,0,1,0,0,1,0,0,0,0,0,0,0,0,0.0,0.0,0,0,0,1,1,0,1,1.2644281217208817,1.472505091649695,20.200000000000003,81.83333333333333,30.34627492130116,11483.65,4594.665,0,0,0,1,1,0,2,2,2,2,2,2,3,13,1,0.1313131313131313,1.2171717171717171,4.605170185988092,0,0,0,3,2
E000980,2026-05-14,112.6,18.0,107.3,79.0,96.3,0,37.35,14,42,Female,Black,Altered mental status. Festival attendee from campground with symptom onset ~105 minutes before arrival.,4,8,Walk-in,1,0,0,0,0,125.5,7.366,140.5,4.29,15.3,13.1,1,1,95.2,16.7,134.3,70.6,97.3,0,37.2,15,33.9,-17.4,-0.15,1,1.7,459.0,7.418,0.031,1,0,0,0,1,1,0,0,0,0,0,1,361,3,6.0,71.4,103.6,90.76666666666668,95.2,32.19999999999999,0.1149420566237179,0.0044900146992572,-0.3621621621621621,0.2685808945334068,1.0,103.6,200.0,71.4,159.0,0.0,-1.0,92.7,41.0,14.7,20.5,17.516666666666666,16.7,5.800000000000001,0.1229907680193489,-0.0072703775440073,-0.0702702702702703,0.0437051352843733,-1.0,20.5,221.0,14.7,159.0,0.0,-1.0,18.6,62.0,114.0,134.3,125.5166666666667,134.3,20.30000000000001,0.0546493280818384,0.0595333068067097,-0.1729729729729738,0.0092766427388179,1.0,134.3,240.0,114.0,37.0,130.75,-1.0,70.6,84.1,75.16666666666667,70.6,13.5,0.0609300373944219,-0.0310644300996063,-0.3324324324324327,-0.0852291551628934,1.0,84.1,0.0,70.6,240.0,71.4,-1.0,96.3,97.9,96.8,97.3,1.6000000000000083,0.0061406868113385,-0.00109307227628,0.043243243243243,0.0074268360022091,-1.0,97.9,37.0,96.3,0.0,0.0,-1.0,96.85,122.0,36.84,37.22,37.11166666666667,37.2,0.3799999999999954,0.0034169613439847,-0.0003233507729441,-0.0005405405405405,-0.000474875759249,1.0,37.22,200.0,36.84,221.0,37.02,19.0,13.0,15.0,14.166666666666666,15.0,2.0,0.0485071250072666,0.0058632607358836,0.0270270270270269,0.0082827167310878,0.0,15.0,200.0,13.0,0.0,0.0,-1.0,14.5,21.0,31.5,42.5,36.6,33.9,11.0,0.1043510789610382,0.0056093943708751,0.2486486486486484,-0.0199889563776919,-1.0,42.5,200.0,31.5,0.0,0.0,-1.0,34.849999999999994,21.0,1.0,1.0,1.0,240.0,240.0,1.0,7.87,7.87,7.87,240.0,0.0,0.0,1.0,240.0,240.0,1.0,137.9,137.9,137.9,240.0,0.0,0.0,1.0,240.0,240.0,1.0,4.68,4.68,4.68,240.0,0.0,0.0,1.0,240.0,240.0,1.0,21.7,21.7,21.7,240.0,0.0,0.0,1.0,240.0,240.0,1.0,47.9,47.9,47.9,240.0,0.0,0.0,1.0,240.0,240.0,1.0,7.418,7.418,7.418,240.0,0.0,0.0,1.0,240.0,240.0,1.0,0.031,0.031,0.031,240.0,0.0,0.0,1.0,240.0,240.0,1.0,1.7,1.7,1.7,240.0,0.0,0.0,1.0,240.0,240.0,1.0,459.0,459.0,459.0,240.0,0.0,0.0,1.0,240.0,240.0,1.0,4.6,4.6,4.6,240.0,0.0,0.0,1.0,240.0,240.0,1.0,4.36,4.36,4.36,240.0,0.0,0.0,1.0,240.0,240.0,1.0,90.7,90.7,90.7,240.0,0.0,0.0,1.0,240.0,240.0,1.0,281.3,281.3,281.3,240.0,0.0,0.0,4.0,1.0,55.0,171.0,1.0,0.0,-1.0,1.0,69.0,0.0,-1.0,0.0,-1.0,1.0,88.0,3.0,0.0,-185.0,,0.0,0.0,3.0,0.0,200.0,1.0,0.0,-17.39999999999999,17.39999999999999,-0.1545293072824155,-1,-1.3000000000000007,1.3000000000000007,-0.0722222222222222,-1,27.00000000000001,27.00000000000001,0.2516309412861138,1,-8.400000000000006,8.400000000000006,-0.1063291139240507,-1,1.0,1.0,0.0103842159916926,1,-0.1499999999999985,0.1499999999999985,-0.004016064257028,-1,1,1,0.0714285714285714,1,0,0,0.0,0,0,0,0,0,0,105.0,1,1,104,14,0,0,1,0,0,0,0,1,0,0,233,0,48,2,0,0,1,0,1,1,0,0,0,0,0,0,0,0,0,0,0,0,0,0,0,0,0,0,0.0,0.1176470588235294,0,0,1,0,0,0,0,1.0493942218080148,1.2732755371277795,28.3,88.43333333333334,44.07455731593662,12081.98,4205.61,0,0,0,1,0,0,1,2,0,1,0,0,1,4,0,0.0380952380952381,1.0723809523809524,4.663439094112067,0,0,1,1,0
E001396,2026-05-14,135.5,35.6,115.7,68.1,94.3,1,38.36,11,39,Female,Hispanic/Latino,Syncope. Festival attendee from beach shuttle stop with symptom onset ~28 minutes before arrival.,2,9,EMS,0,0,0,0,1,150.2,7.287,135.8,5.22,10.9,18.2,1,1,129.0,20.1,119.1,83.1,95.0,0,37.94,12,41.2,-6.5,-0.42,1,2.71,770.3,7.345,0.112,1,1,1,0,0,0,1,0,0,0,0,1,361,3,7.0,98.3,142.1,119.55714285714284,129.0,43.8,0.1185517100500866,0.0269757613686706,-0.2580645161290326,-0.0676808235420936,1.0,142.1,101.0,98.3,182.0,2.0,101.0,129.0,1.0,20.1,29.0,24.685714285714283,20.1,8.899999999999999,0.129691618776217,-0.0299530275435795,0.1354838709677418,-0.0466678344292336,-1.0,29.0,31.0,20.1,240.0,4.0,0.0,20.1,-1.0,113.9,134.4,122.64285714285714,119.1,20.5,0.0605120453712625,0.0200835378416579,0.4096774193548376,0.0364624878732348,-1.0,134.4,182.0,113.9,101.0,119.1,58.0,61.2,85.7,75.72857142857141,83.1,24.5,0.1134157892646493,0.0662656193965305,0.0741935483870961,0.1094346232618304,-1.0,85.7,182.0,61.2,101.0,83.1,-1.0,91.9,95.0,92.82857142857142,95.0,3.0999999999999943,0.0102313143358539,0.0094085548937847,0.0193548387096775,0.017442330494772,1.0,95.0,240.0,91.9,118.0,0.0,-1.0,95.0,-1.0,37.6,38.06,37.79857142857144,37.94,0.4600000000000008,0.0043320274758394,-0.0007423827973925,-0.005483870967742,0.0013094211490784,1.0,38.06,0.0,37.6,102.0,37.94,138.0,9.0,13.0,11.571428571428571,12.0,4.0,0.1018050771757447,0.0103543326465604,-0.0645161290322581,0.0022501886385684,1.0,13.0,182.0,9.0,31.0,6.0,0.0,12.0,70.0,41.2,45.8,43.57142857142856,41.2,4.599999999999994,0.0385354013431586,-0.0181234222387859,-0.0258064516129032,-0.0231553842837125,0.0,45.8,102.0,41.2,240.0,0.0,-1.0,41.2,-1.0,3.0,1.0,1.0,0.0,240.0,3.0,11.2,11.53,11.53,240.0,0.33,0.0294642857142857,1.0,0.0,240.0,3.0,135.6,137.9,141.0,120.0,2.300000000000012,0.0169616519174042,1.0,0.0,240.0,3.0,4.51,4.29,4.51,0.0,-0.2199999999999997,-0.0487804878048779,1.0,0.0,240.0,3.0,18.0,22.6,22.6,240.0,4.600000000000001,0.2555555555555556,1.0,0.0,240.0,3.0,37.7,50.2,64.0,120.0,12.5,0.3315649867374005,1.0,0.0,240.0,3.0,7.32,7.345,7.364,120.0,0.0249999999999994,0.003415300546448,1.0,0.0,240.0,3.0,0.118,0.112,0.133,120.0,-0.0059999999999999,-0.0508474576271185,1.0,0.0,240.0,3.0,3.41,2.71,3.41,0.0,-0.7000000000000002,-0.2052785923753666,1.0,0.0,240.0,3.0,851.4,770.3,851.4,0.0,-81.10000000000002,-0.0952548743246417,1.0,0.0,240.0,3.0,29.4,17.8,29.4,0.0,-11.599999999999998,-0.3945578231292516,1.0,0.0,240.0,3.0,12.5,4.92,12.5,0.0,-7.58,-0.6064,1.0,0.0,240.0,3.0,139.6,111.1,139.6,0.0,-28.5,-0.2041547277936962,1.0,0.0,240.0,3.0,288.0,286.6,300.3,120.0,-1.3999999999999773,-0.004861111111111,3.0,1.0,138.0,179.0,0.0,1.0,138.0,1.0,167.0,0.0,-1.0,1.0,179.0,0.0,-1.0,5.0,0.0,138.0,37.0,12.0,182.0,5.0,31.0,182.0,1.0,0.0,-6.5,6.5,-0.047970479704797,-1,-15.5,15.5,-0.4353932584269663,-1,3.3999999999999915,3.3999999999999915,0.0293863439930854,1,15.0,15.0,0.2202643171806167,1,0.7000000000000028,0.7000000000000028,0.0074231177094379,1,-0.4200000000000017,0.4200000000000017,-0.010948905109489,-1,1,1,0.0909090909090909,1,-1,1,-1.0,-1,0,0,0,0,1,28.0,1,1,97,14,0,0,0,0,1,0,1,0,0,0,241,0,46,3,0,0,1,0,0,1,0,1,0,0,0,1,0,0,1,0,0,0,0,0,0,0,0,0,0.0,0.0,0,0,0,1,1,1,1,1.1711322385479688,1.6137356093687971,47.60000000000001,83.96666666666667,45.674157303370784,15677.35,5197.78,1,0,0,1,1,0,3,3,3,0,1,2,3,12,1,0.4285714285714285,4.839285714285714,3.367295829986474,1,0,1,3,1
E001161,2026-05-13,138.6,28.7,105.2,72.1,92.1,0,39.0,12,25,Female,Asian,Agitation. Festival attendee from VIP tent with symptom onset ~72 minutes before arrival.,1,10,EMS,0,0,0,0,0,156.2,7.329,136.3,4.63,12.9,15.6,1,1,135.3,29.7,136.1,83.6,94.9,1,38.02,11,45.6,-3.3,-0.98,-1,4.68,678.9,7.307,0.128,0,1,0,0,0,0,0,0,0,0,0,1,360,2,6.0,114.4,147.2,132.41666666666666,135.3,32.79999999999998,0.092499367799842,0.108617252666946,0.0,0.0749280082616728,-1.0,147.2,125.0,114.4,0.0,4.0,93.0,135.3,-1.0,24.9,29.7,27.5,29.7,4.800000000000001,0.0602291309032962,0.0162131308457689,0.0,0.0118433856969793,-1.0,29.7,240.0,24.9,0.0,6.0,0.0,29.7,-1.0,110.3,136.1,124.13333333333334,136.1,25.8,0.0671922394569856,0.0558478229848177,0.0,0.1346622842730324,1.0,136.1,240.0,110.3,79.0,136.1,14.0,62.2,83.6,70.91666666666667,83.6,21.39999999999999,0.1066392317578075,0.0552273012276385,0.0,0.0413739002641353,1.0,83.6,240.0,62.2,0.0,83.6,-1.0,92.0,94.9,93.48333333333332,94.9,2.9000000000000057,0.0099088559326726,0.006817955780798,0.0,0.011694437272854,1.0,94.9,240.0,92.0,79.0,0.0,-1.0,94.9,-1.0,37.69,38.13,37.98333333333333,38.02,0.4400000000000048,0.0040577895644394,0.0005882632741927,0.0,-0.001038468413004,-1.0,38.13,79.0,37.69,0.0,38.02,127.0,11.0,13.0,11.666666666666666,11.0,2.0,0.0808122035641768,-0.0063652127286957,0.0,-0.0023434552062438,1.0,13.0,0.0,11.0,79.0,4.0,79.0,11.0,46.0,39.0,50.0,45.21666666666667,45.6,11.0,0.0828717462875151,0.0168570032474692,0.0,0.0085258077969535,-1.0,50.0,206.0,39.0,125.0,0.0,-1.0,45.6,34.0,3.0,1.0,1.0,0.0,240.0,3.0,11.61,12.26,12.26,240.0,0.6500000000000004,0.0559862187769164,1.0,0.0,240.0,3.0,138.3,144.4,144.4,240.0,6.099999999999994,0.0441070137382501,1.0,0.0,240.0,3.0,4.45,4.47,4.47,240.0,0.0199999999999995,0.0044943820224718,1.0,0.0,240.0,3.0,17.9,20.3,21.4,120.0,2.400000000000002,0.1340782122905029,1.0,0.0,240.0,3.0,59.1,43.8,70.3,120.0,-15.300000000000004,-0.2588832487309645,1.0,0.0,240.0,3.0,7.28,7.307,7.337,120.0,0.0270000000000001,0.0037087912087912,1.0,0.0,240.0,3.0,0.155,0.128,0.155,0.0,-0.0269999999999999,-0.1741935483870967,1.0,0.0,240.0,3.0,4.9,4.68,4.9,0.0,-0.2200000000000006,-0.0448979591836736,1.0,0.0,240.0,3.0,966.0,678.9,966.0,0.0,-287.1,-0.2972049689440994,1.0,0.0,240.0,3.0,21.9,24.7,24.7,240.0,2.8000000000000007,0.1278538812785388,1.0,0.0,240.0,3.0,6.94,4.34,6.94,0.0,-2.6000000000000005,-0.3746397694524496,1.0,0.0,240.0,3.0,130.2,121.6,137.3,120.0,-8.599999999999994,-0.0660522273425498,1.0,0.0,240.0,3.0,310.9,299.3,310.9,0.0,-11.599999999999966,-0.0373110324863299,2.0,1.0,129.0,205.0,0.0,1.0,205.0,0.0,-1.0,0.0,-1.0,0.0,-1.0,1.0,129.0,4.0,0.0,129.0,112.0,14.0,240.0,1.0,79.0,-1.0,1.0,-1.0,-3.299999999999983,3.299999999999983,-0.0238095238095236,-1,1.0,1.0,0.0348432055749128,1,30.89999999999999,30.89999999999999,0.2937262357414448,1,11.5,11.5,0.159500693481276,1,2.800000000000012,2.800000000000012,0.0304017372421282,1,-0.9799999999999968,0.9799999999999968,-0.025128205128205,-1,-1,1,-0.0833333333333333,-1,1,1,1000000.0,1,2,0,0,1,0,72.0,1,1,89,13,0,0,0,0,1,0,0,1,0,0,236,0,43,3,0,0,1,0,1,1,0,1,0,0,0,1,0,0,1,0,0,0,1,0,1,0,1,0,0.1428571428571428,0.0,0,0,0,1,1,1,1,1.317490494296578,1.6672012830793903,33.10000000000001,83.13333333333333,32.93726235741445,14580.72,5405.4,0,0,0,1,1,0,2,3,3,1,2,2,2,13,1,0.1805555555555555,1.925,4.290459441148391,0,0,0,3,2
E000976,2026-05-14,98.2,27.8,91.8,79.2,97.4,0,37.77,12,24,Male,Black,Patient is concerned becuase of family hx of heart disease.,4,0,Walk-in,0,0,0,0,1,99.0,7.389,136.1,3.59,13.2,12.6,0,0,85.3,18.2,132.7,78.7,97.5,0,36.89,14,41.6,-12.9,-0.88,2,,,,,0,1,0,0,0,0,0,0,0,0,0,0,361,3,7.0,78.3,88.0,83.2,85.3,9.700000000000005,0.038520516250845,-0.0014410322214964,0.0312499999999995,0.0260512299390281,1.0,88.0,118.0,78.3,108.0,0.0,-1.0,85.3,10.0,17.5,24.6,20.31428571428572,18.2,7.100000000000001,0.1221039341234213,0.0016854684437166,-0.08125,-0.0210701520779313,-1.0,24.6,138.0,17.5,118.0,1.0,138.0,18.2,102.0,101.0,137.7,122.64285714285714,132.7,36.69999999999999,0.089898481726662,-0.0094310658363972,0.3499999999999993,0.1707127338986607,-1.0,137.7,32.0,101.0,108.0,132.7,10.0,65.5,89.6,77.12857142857142,78.7,24.099999999999994,0.1009271154646491,-0.0204074724271219,-0.4968749999999997,0.0608609573200642,1.0,89.6,0.0,65.5,108.0,78.7,30.0,92.9,97.5,95.85714285714286,97.5,4.599999999999994,0.0175882187683241,0.0123296621978001,0.1218749999999993,0.0106892564300226,-1.0,97.5,240.0,92.9,0.0,0.0,-1.0,97.5,-1.0,36.86,37.17,36.98428571428571,36.89,0.3100000000000023,0.0027110150481465,-0.0007926661260992,-0.0018750000000001,-0.001161258672647,1.0,37.17,108.0,36.86,138.0,36.89,-1.0,13.0,14.0,13.571428571428571,14.0,1.0,0.0364642275277658,-0.000995851275713,-1.0626019854981766e-16,0.0066402691148643,1.0,14.0,0.0,13.0,108.0,0.0,-1.0,14.0,21.0,33.2,41.6,37.2,41.6,8.399999999999999,0.0913639586573703,0.0020912876789973,-0.1125000000000002,0.0620348307519796,1.0,41.6,240.0,33.2,108.0,0.0,-1.0,41.6,30.0,1.0,1.0,1.0,120.0,120.0,1.0,7.56,7.56,7.56,120.0,0.0,0.0,1.0,120.0,120.0,1.0,138.4,138.4,138.4,120.0,0.0,0.0,1.0,120.0,120.0,1.0,4.1,4.1,4.1,120.0,0.0,0.0,1.0,120.0,120.0,1.0,23.9,23.9,23.9,120.0,0.0,0.0,1.0,120.0,120.0,1.0,36.4,36.4,36.4,120.0,0.0,0.0,1.0,120.0,120.0,1.0,7.408,7.408,7.408,120.0,0.0,0.0,1.0,120.0,120.0,1.0,0.046,0.046,0.046,120.0,0.0,0.0,1.0,120.0,120.0,1.0,2.06,2.06,2.06,120.0,0.0,0.0,1.0,120.0,120.0,1.0,258.8,258.8,258.8,120.0,0.0,0.0,1.0,120.0,120.0,1.0,25.9,25.9,25.9,120.0,0.0,0.0,1.0,120.0,120.0,1.0,0.1,0.1,0.1,120.0,0.0,0.0,1.0,120.0,120.0,1.0,117.4,117.4,117.4,120.0,0.0,0.0,1.0,120.0,120.0,1.0,289.1,289.1,289.1,120.0,0.0,0.0,2.0,1.0,20.0,65.0,1.0,1.0,65.0,0.0,-1.0,0.0,-1.0,0.0,-1.0,1.0,20.0,4.0,0.0,-100.0,,1.0,102.0,4.0,108.0,240.0,0.0,0.0,-12.900000000000006,12.900000000000006,-0.1313645621181263,-1,-9.6,9.6,-0.3453237410071942,-1,40.89999999999999,40.89999999999999,0.4455337690631807,1,-0.5,0.5,-0.0063131313131313,-1,0.0999999999999943,0.0999999999999943,0.0010266940451744,1,-0.8800000000000026,0.8800000000000026,-0.0232989144823935,-1,2,2,0.1666666666666666,1,0,0,0.0,0,1,0,0,0,0,,0,0,59,10,0,0,0,0,0,1,0,0,0,1,96,0,47,1,0,0,0,0,0,0,0,0,0,0,0,0,0,1,0,0,0,0,0,0,0,0,0,0,0.0,0.0,0,0,1,0,0,0,0,1.0697167755991286,1.1774580335731415,12.599999999999994,83.4,25.67320261437909,9014.76,3709.0140000000006,0,0,0,1,0,0,1,1,3,2,0,0,2,8,1,,,,0,0,1,1,1
E001913,2026-05-11,138.6,27.3,122.4,65.4,94.3,1,37.82,10,43,Female,Black,Shortness of breath. Festival attendee from campground with symptom onset ~191 minutes before arrival.,3,10,EMS,0,0,0,1,0,129.7,7.277,142.7,4.21,15.1,13.7,1,1,117.1,21.7,123.5,79.4,93.9,0,37.49,13,43.0,-21.5,-0.33,3,1.4,468.8,7.321,0.06,0,1,0,0,1,0,1,0,0,0,0,1,358,0,8.0,80.3,122.3,107.375,117.1,42.0,0.1120376300220956,-0.0548406505195751,0.2249999999999988,0.1477564040223285,1.0,122.3,24.0,80.3,146.0,0.0,-1.0,117.1,18.0,21.7,28.1,23.425,21.7,6.400000000000002,0.089996526638994,0.0029200214058309,0.0458333333333331,-0.0243771030673176,-1.0,28.1,146.0,21.7,240.0,3.0,136.0,21.7,18.0,105.2,140.2,123.275,123.5,34.999999999999986,0.0740631558804507,0.061423245885878,0.6666666666666664,-0.0721140567560739,-1.0,140.2,128.0,105.2,0.0,123.5,13.0,69.5,86.3,79.1125,79.4,16.799999999999997,0.0611564902767899,-0.018663889149239,-0.1458333333333335,-0.0048586933265907,1.0,86.3,128.0,69.5,146.0,79.4,18.0,93.7,96.8,94.9375,93.9,3.0999999999999943,0.0111091727007967,0.0033665809022498,0.0333333333333331,-0.0136444090016144,-1.0,96.8,146.0,93.7,0.0,0.0,-1.0,93.9,94.0,37.34,37.92,37.6225,37.49,0.5799999999999983,0.0058123459934466,-0.0018018993139854,0.0016666666666664,0.0007819034096434,-1.0,37.92,24.0,37.34,128.0,37.49,13.0,11.0,14.0,12.125,13.0,3.0,0.0868675234348078,-0.0019440606377607,-0.125,0.0077023320949954,1.0,14.0,0.0,11.0,24.0,5.0,24.0,13.0,112.0,36.2,45.0,41.4125,43.0,8.799999999999997,0.0561059441279553,0.0062225057520612,-0.0083333333333335,0.0298737673351097,1.0,45.0,146.0,36.2,128.0,0.0,-1.0,43.0,8.0,3.0,1.0,1.0,0.0,240.0,3.0,7.59,8.98,10.99,120.0,1.3900000000000006,0.1831357048748353,1.0,0.0,240.0,3.0,137.8,143.3,143.3,240.0,5.5,0.0399129172714078,1.0,0.0,240.0,3.0,4.31,4.2,4.41,120.0,-0.1099999999999994,-0.0255220417633409,1.0,0.0,240.0,3.0,22.3,24.1,24.1,240.0,1.8000000000000007,0.0807174887892376,1.0,0.0,240.0,3.0,25.7,31.2,37.8,120.0,5.5,0.2140077821011673,1.0,0.0,240.0,3.0,7.367,7.321,7.389,120.0,-0.0460000000000002,-0.0062440613546898,1.0,0.0,240.0,3.0,0.058,0.06,0.1,120.0,0.0019999999999999,0.0344827586206895,1.0,0.0,240.0,3.0,2.74,1.4,2.74,0.0,-1.3400000000000003,-0.489051094890511,1.0,0.0,240.0,3.0,772.9,468.8,772.9,0.0,-304.1,-0.3934532281019536,1.0,0.0,240.0,3.0,24.2,18.1,24.2,0.0,-6.099999999999998,-0.2520661157024793,1.0,0.0,240.0,3.0,6.76,7.53,7.53,240.0,0.7700000000000005,0.113905325443787,1.0,0.0,240.0,3.0,131.9,96.3,142.4,120.0,-35.60000000000001,-0.2699014404852161,1.0,0.0,240.0,3.0,289.5,286.1,295.0,120.0,-3.3999999999999773,-0.0117443868739204,2.0,1.0,126.0,200.0,0.0,1.0,126.0,0.0,-1.0,0.0,-1.0,0.0,-1.0,0.0,-1.0,4.0,0.0,126.0,,8.0,112.0,4.0,24.0,240.0,0.0,0.0,-21.5,21.5,-0.1551226551226551,-1,-5.600000000000001,5.600000000000001,-0.2051282051282051,-1,1.0999999999999943,1.0999999999999943,0.0089869281045751,1,14.0,14.0,0.2140672782874617,1,-0.3999999999999915,0.3999999999999915,-0.0042417815482501,-1,-0.3299999999999983,0.3299999999999983,-0.0087255420412479,-1,3,3,0.3,1,-1,1,-1.0,-1,1,0,0,0,1,191.0,1,1,102,14,0,0,1,0,0,0,0,0,1,0,260,1,44,3,0,0,1,0,0,0,0,1,1,0,0,1,0,0,1,0,0,0,0,0,0,0,0,0,0.0,0.0,0,0,0,1,0,0,1,1.1323529411764706,1.6421800947867298,57.0,84.4,48.69117647058823,16964.64,5241.852,0,0,0,1,1,0,2,3,3,0,1,0,3,10,1,0.0523560209424083,0.7256544502617801,5.2574953720277815,0,1,1,2,1
E000246,2026-05-15,127.9,25.3,116.5,75.9,95.1,1,37.4,10,27,Male,White,Shortness of breath. Festival attendee from campground with symptom onset ~89 minutes before arrival.,2,4,Police,0,0,0,0,1,112.8,7.312,137.8,4.49,16.0,15.0,1,1,122.8,22.2,121.2,72.8,94.0,1,37.76,11,46.0,-5.1,0.36,1,3.59,673.8,7.369,0.093,1,0,0,0,0,0,0,0,1,0,0,1,362,4,6.0,99.5,128.6,116.75,122.8,29.099999999999994,0.0888796286802579,0.0493993993993998,0.0,0.0175034387895462,-1.0,128.6,62.0,99.5,104.0,0.0,-1.0,122.8,42.0,19.0,26.6,22.916666666666668,22.2,7.600000000000001,0.1100010518356923,0.0009572072072072,0.0,-0.0044245758826226,-1.0,26.6,104.0,19.0,122.0,2.0,104.0,22.2,18.0,105.6,131.9,119.25,121.2,26.30000000000001,0.0654208987368344,0.0628440940940942,0.0,0.0118752865657956,-1.0,131.9,132.0,105.6,0.0,121.2,-1.0,66.9,82.3,73.6,72.8,15.399999999999991,0.0725811436161806,-0.0361111111111109,0.0,-0.000343878954608,1.0,82.3,0.0,66.9,132.0,72.8,-1.0,92.6,95.3,93.96666666666664,94.0,2.700000000000003,0.0092503758853531,0.0004254254254256,0.0,0.0033012379642364,1.0,95.3,104.0,92.6,62.0,0.0,-1.0,94.0,42.0,37.28,37.92,37.7,37.76,0.6400000000000006,0.0061866863605785,-0.0010210210210209,0.0,-0.0005089408528198,1.0,37.92,104.0,37.28,132.0,37.76,108.0,11.0,12.0,11.166666666666666,11.0,1.0,0.0333741489179073,-0.0034409409409409,0.0,3.039074560556645e-18,1.0,12.0,0.0,11.0,62.0,6.0,0.0,11.0,-1.0,41.1,46.0,44.51666666666667,46.0,4.899999999999999,0.036646418090722,0.0017705205205206,0.0,0.013709307657038,1.0,46.0,240.0,41.1,104.0,0.0,-1.0,46.0,18.0,2.0,1.0,1.0,120.0,240.0,2.0,11.56,9.55,11.56,120.0,-2.01,-0.1738754325259515,1.0,120.0,240.0,2.0,141.4,137.1,141.4,120.0,-4.300000000000011,-0.0304101838755304,1.0,120.0,240.0,2.0,4.38,4.25,4.38,120.0,-0.1299999999999999,-0.0296803652968036,1.0,120.0,240.0,2.0,19.1,19.4,19.4,240.0,0.2999999999999971,0.0157068062827223,1.0,120.0,240.0,2.0,38.2,66.5,66.5,240.0,28.3,0.7408376963350785,1.0,120.0,240.0,2.0,7.351,7.369,7.369,240.0,0.0179999999999997,0.0024486464426608,1.0,120.0,240.0,2.0,0.135,0.093,0.135,120.0,-0.042,-0.3111111111111111,1.0,120.0,240.0,2.0,2.55,3.59,3.59,240.0,1.04,0.407843137254902,1.0,120.0,240.0,2.0,553.1,673.8,673.8,240.0,120.69999999999992,0.2182245525221477,1.0,120.0,240.0,2.0,15.8,15.7,15.8,120.0,-0.1000000000000014,-0.0063291139240507,1.0,120.0,240.0,2.0,6.15,8.28,8.28,240.0,2.129999999999999,0.3463414634146339,1.0,120.0,240.0,2.0,136.4,133.1,136.4,120.0,-3.300000000000012,-0.0241935483870968,1.0,120.0,240.0,2.0,296.6,295.2,296.6,120.0,-1.400000000000034,-0.0047201618341201,1.0,1.0,145.0,145.0,0.0,0.0,-1.0,1.0,145.0,0.0,-1.0,0.0,-1.0,0.0,-1.0,2.0,0.0,25.0,,8.0,240.0,3.0,62.0,-1.0,0.0,0.0,-5.1000000000000085,5.1000000000000085,-0.0398749022673964,-1,-3.1000000000000014,3.1000000000000014,-0.1225296442687747,-1,4.700000000000003,4.700000000000003,0.040343347639485,1,-3.1000000000000085,3.1000000000000085,-0.0408432147562583,-1,-1.0999999999999943,1.0999999999999943,-0.0115667718191376,-1,0.3599999999999994,0.3599999999999994,0.0096256684491978,1,1,1,0.1,1,0,0,0.0,0,1,0,0,0,0,89.0,1,1,101,14,0,0,1,0,0,0,0,1,0,0,237,0,41,3,0,0,0,0,1,0,1,0,1,0,1,0,0,0,0,1,0,0,0,0,0,0,0,0,0.0,0.0,0,0,0,1,0,0,0,1.097854077253219,1.4301155423033918,40.6,89.43333333333334,29.642060085836917,14900.35,4783.46,0,0,0,1,1,0,2,2,3,0,0,0,3,8,1,0.0898876404494382,1.4370786516853933,4.499809670330265,0,0,1,2,1
E000963,2026-05-14,139.9,27.4,92.3,67.5,93.0,1,37.67,11,37,Male,Asian,Shortness of breath. Festival attendee from main stage with symptom onset ~219 minutes before arrival.,3,1,EMS,0,0,0,0,1,112.1,7.357,135.6,4.37,15.3,17.1,1,1,118.0,27.9,90.8,71.7,95.5,1,37.31,11,40.9,-21.9,-0.36,0,3.15,675.6,7.342,0.09,0,0,0,0,1,0,0,0,0,0,0,1,361,3,9.0,94.2,127.9,109.77777777777776,118.0,33.7,0.1096719585895907,0.0146781916723668,0.4742307692307691,0.0474708490720971,-1.0,127.9,30.0,94.2,184.0,0.0,-1.0,118.0,10.0,20.0,27.9,23.17777777777778,27.9,7.899999999999999,0.0994885569920071,0.0202026253050915,-0.0015384615384615,0.0325833470192149,1.0,27.9,240.0,20.0,170.0,3.0,184.0,27.9,-1.0,90.8,132.9,113.23333333333332,90.8,42.10000000000001,0.0956087737655148,-0.0351325807404772,-0.1553846153846159,-0.0606092954508129,-1.0,132.9,186.0,90.8,240.0,90.8,-1.0,69.2,87.4,74.8888888888889,71.7,18.200000000000003,0.0713095955859583,-0.0204734130180485,0.2099999999999992,-0.0320085399901463,1.0,87.4,40.0,69.2,30.0,71.7,57.0,93.2,95.7,94.6888888888889,95.5,2.5,0.0084405681804057,4.695272750795616e-05,-0.0403846153846158,-8.211528986694172e-05,1.0,95.7,131.0,93.2,170.0,0.0,-1.0,95.5,16.0,36.91,37.76,37.43222222222223,37.31,0.8500000000000014,0.0074502074755264,-0.0024962053291346,-0.0068076923076926,-0.0037206437838726,1.0,37.76,0.0,36.91,184.0,37.31,-1.0,10.0,13.0,11.555555555555555,11.0,3.0,0.0719549497456527,0.0005484564290831,-0.0384615384615385,-0.0027098045656101,-1.0,13.0,186.0,10.0,40.0,8.0,0.0,11.0,57.0,38.8,47.6,42.977777777777774,40.9,8.800000000000004,0.0543002406122674,-0.0083703355905723,0.1180769230769231,0.0069223189357857,-1.0,47.6,40.0,38.8,131.0,0.0,-1.0,40.9,57.0,3.0,1.0,1.0,0.0,240.0,3.0,6.54,9.83,15.26,120.0,3.29,0.5030581039755352,1.0,0.0,240.0,3.0,140.0,142.6,142.6,240.0,2.5999999999999943,0.0185714285714285,1.0,0.0,240.0,3.0,4.43,4.5,4.77,120.0,0.0700000000000002,0.0158013544018059,1.0,0.0,240.0,3.0,20.1,20.1,23.1,120.0,0.0,0.0,1.0,0.0,240.0,3.0,43.7,57.0,57.0,240.0,13.299999999999995,0.3043478260869564,1.0,0.0,240.0,3.0,7.304,7.342,7.362,120.0,0.0379999999999993,0.0052026286966045,1.0,0.0,240.0,3.0,0.072,0.09,0.108,120.0,0.018,0.25,1.0,0.0,240.0,3.0,3.68,3.15,3.68,0.0,-0.5300000000000002,-0.1440217391304348,1.0,0.0,240.0,3.0,902.0,675.6,902.0,0.0,-226.4,-0.2509977827050997,1.0,0.0,240.0,3.0,27.5,18.7,27.5,0.0,-8.8,-0.32,1.0,0.0,240.0,3.0,7.58,0.1,7.62,120.0,-7.48,-0.9868073878627968,1.0,0.0,240.0,3.0,115.2,131.9,131.9,240.0,16.700000000000003,0.1449652777777778,1.0,0.0,240.0,3.0,284.6,283.7,293.0,120.0,-0.9000000000000341,-0.0031623330990865,1.0,1.0,72.0,72.0,0.0,0.0,-1.0,0.0,-1.0,0.0,-1.0,0.0,-1.0,0.0,-1.0,0.0,0.0,72.0,,11.0,186.0,5.0,40.0,186.0,1.0,0.0,-21.90000000000001,21.90000000000001,-0.1565403859899929,-1,0.5,0.5,0.0182481751824817,1,-1.5,1.5,-0.0162513542795232,-1,4.200000000000003,4.200000000000003,0.0622222222222222,1,2.5,2.5,0.0268817204301075,1,-0.3599999999999994,0.3599999999999994,-0.0095566764003185,-1,0,0,0.0,0,0,0,0.0,0,1,0,0,0,0,219.0,1,1,102,15,1,0,0,0,0,0,0,0,1,0,255,0,39,3,0,0,0,1,0,0,1,0,0,0,1,0,1,0,0,0,0,0,0,0,0,0,0,0,0.0,0.0,0,0,1,1,0,0,1,1.515709642470206,1.8464584249890013,24.8,75.76666666666667,56.08125677139762,12912.77,5270.033,0,0,0,1,0,0,1,3,3,2,2,0,3,13,1,0.0593607305936073,0.6388127853881279,5.393627546352362,0,1,1,2,1
E000301,2026-05-13,112.4,29.3,97.7,63.5,93.6,0,37.26,13,27,Female,White,Chest pain. Festival attendee from festival medical tent with symptom onset ~193 minutes before arrival.,4,5,Walk-in,1,0,1,0,0,121.3,7.349,142.0,3.8,12.1,10.6,1,1,94.2,22.1,120.9,70.4,95.7,0,37.34,13,36.8,-18.2,0.08,0,2.61,409.8,7.352,0.043,0,0,0,0,0,1,0,0,0,0,0,1,360,2,7.0,89.7,105.7,96.82857142857144,94.2,16.0,0.0561137979027455,0.0085725697532693,-0.2048780487804881,-0.0038372066761525,-1.0,105.7,113.0,89.7,63.0,0.0,-1.0,94.2,45.0,15.1,23.4,19.571428571428573,22.1,8.299999999999999,0.1570751362679253,0.0284543103732252,-0.0634146341463414,0.0206789077850802,1.0,23.4,113.0,15.1,41.0,0.0,-1.0,22.1,-1.0,102.0,135.9,120.82857142857142,120.9,33.900000000000006,0.0780996008050738,-0.0429410844286327,-0.3756097560975615,0.0221943672787225,1.0,135.9,0.0,102.0,110.0,120.9,3.0,68.7,87.1,74.95714285714287,70.4,18.39999999999999,0.0834236053205899,-0.0020629508844748,0.0048780487804877,-0.0781828037129888,-1.0,87.1,63.0,68.7,0.0,70.4,47.0,94.1,97.5,95.74285714285716,95.7,3.4000000000000057,0.0110091714387924,-0.0001045887274763,-0.0634146341463419,-0.00131106443526,1.0,97.5,113.0,94.1,41.0,0.0,-1.0,95.7,22.0,37.02,37.5,37.29571428571429,37.34,0.4799999999999969,0.0046304967352393,0.0009368514675362,0.0048780487804876,-0.0005055672245183,-1.0,37.5,63.0,37.02,0.0,37.34,45.0,12.0,14.0,13.142857142857142,13.0,2.0,0.0486101734239084,0.0004200019764798,-4.14673945560264e-17,-0.0008921110282991,-1.0,14.0,108.0,12.0,110.0,1.0,110.0,13.0,2.0,33.0,46.2,40.05714285714286,36.8,13.200000000000005,0.1187979998488252,0.0121067628553545,0.0560975609756095,-0.0498554554283263,-1.0,46.2,110.0,33.0,0.0,0.0,-1.0,36.8,130.0,1.0,1.0,1.0,240.0,240.0,1.0,9.68,9.68,9.68,240.0,0.0,0.0,1.0,240.0,240.0,1.0,145.8,145.8,145.8,240.0,0.0,0.0,1.0,240.0,240.0,1.0,4.3,4.3,4.3,240.0,0.0,0.0,1.0,240.0,240.0,1.0,17.8,17.8,17.8,240.0,0.0,0.0,1.0,240.0,240.0,1.0,54.6,54.6,54.6,240.0,0.0,0.0,1.0,240.0,240.0,1.0,7.352,7.352,7.352,240.0,0.0,0.0,1.0,240.0,240.0,1.0,0.043,0.043,0.043,240.0,0.0,0.0,1.0,240.0,240.0,1.0,2.61,2.61,2.61,240.0,0.0,0.0,1.0,240.0,240.0,1.0,409.8,409.8,409.8,240.0,0.0,0.0,1.0,240.0,240.0,1.0,6.3,6.3,6.3,240.0,0.0,0.0,1.0,240.0,240.0,1.0,4.93,4.93,4.93,240.0,0.0,0.0,1.0,240.0,240.0,1.0,105.3,105.3,105.3,240.0,0.0,0.0,1.0,240.0,240.0,1.0,295.3,295.3,295.3,240.0,0.0,0.0,1.0,1.0,219.0,219.0,0.0,0.0,-1.0,0.0,-1.0,0.0,-1.0,0.0,-1.0,0.0,-1.0,0.0,0.0,-21.0,,1.0,3.0,2.0,110.0,240.0,0.0,0.0,-18.200000000000003,18.200000000000003,-0.1619217081850534,-1,-7.199999999999999,7.199999999999999,-0.2457337883959044,-1,23.200000000000003,23.200000000000003,0.2374616171954964,1,6.900000000000006,6.900000000000006,0.1086614173228347,1,2.1000000000000085,2.1000000000000085,0.0224358974358975,1,0.0800000000000054,0.0800000000000054,0.0021470746108428,1,0,0,0.0,0,0,0,0.0,0,0,0,0,0,0,193.0,1,1,104,15,0,1,0,0,0,0,0,0,1,0,246,0,39,2,0,0,1,0,0,1,0,0,0,0,0,1,0,0,1,0,0,0,0,0,0,0,0,0,0.0,0.0,0,1,0,0,0,0,0,1.150460593654043,1.500667556742323,34.2,74.9,31.062436028659164,10981.48,4188.024,0,0,0,0,1,0,1,2,3,2,1,0,2,10,1,0.0518134715025906,0.5823834196891192,5.267858159063328,0,1,2,2,1
E000970,2026-05-15,79.3,25.9,123.1,80.3,97.3,0,37.4,14,43,Male,White,Abdominal Pain Headache- Recurrent Or Known Dx Migraines,4,6,Police,0,1,0,0,0,116.0,7.364,140.6,3.83,14.3,8.2,0,0,74.1,11.0,134.1,77.8,98.4,0,36.3,14,36.5,-5.2,-1.1,0,,,,,1,1,1,1,0,1,0,0,0,0,0,0,362,4,6.0,65.9,93.4,78.45,74.1,27.5,0.1173108211604335,0.0056784767952774,0.0,-0.0591006769098525,-1.0,93.4,72.0,65.9,147.0,0.0,-1.0,79.35,75.0,10.5,18.0,13.183333333333332,11.0,7.5,0.2044486623364732,-0.020210636941963,0.0,-0.0027559901149671,1.0,18.0,0.0,10.5,205.0,0.0,-1.0,13.15,16.0,109.8,138.7,125.71666666666668,134.1,28.89999999999999,0.0760153540510358,0.0212213364936326,0.0,-0.014784570753196,-1.0,138.7,72.0,109.8,147.0,131.2,75.0,77.8,89.2,82.16666666666666,77.8,11.400000000000006,0.0449572711333388,-0.0185436534999947,0.0,-0.0290211668636509,-1.0,89.2,147.0,77.8,240.0,79.69999999999999,-1.0,95.4,100.0,97.76666666666668,98.4,4.599999999999994,0.0139079973094927,-0.0061424594434444,0.0,-0.0163425378747176,1.0,100.0,72.0,95.4,221.0,0.0,-1.0,96.9,75.0,36.3,36.94,36.67166666666666,36.3,0.6400000000000006,0.0069262149043894,-0.0018520174859967,0.0,-0.0027538411947995,-1.0,36.94,72.0,36.3,240.0,36.595,-1.0,14.0,15.0,14.5,14.0,1.0,0.0344827586206896,-0.0049975962344733,0.0,-0.0072526055657032,0.0,15.0,0.0,14.0,205.0,0.0,-1.0,14.0,-1.0,31.1,38.5,34.61666666666667,36.5,7.399999999999999,0.0703349019497972,-0.0100231432308845,0.0,0.0128451703019233,1.0,38.5,0.0,31.1,147.0,0.0,-1.0,34.6,58.0,1.0,1.0,1.0,0.0,0.0,1.0,8.75,8.75,8.75,0.0,0.0,0.0,1.0,0.0,0.0,1.0,134.9,134.9,134.9,0.0,0.0,0.0,1.0,0.0,0.0,1.0,4.01,4.01,4.01,0.0,0.0,0.0,1.0,0.0,0.0,1.0,20.1,20.1,20.1,0.0,0.0,0.0,1.0,0.0,0.0,1.0,35.1,35.1,35.1,0.0,0.0,0.0,1.0,0.0,0.0,1.0,7.393,7.393,7.393,0.0,0.0,0.0,1.0,0.0,0.0,1.0,0.006,0.006,0.006,0.0,0.0,0.0,1.0,0.0,0.0,1.0,1.62,1.62,1.62,0.0,0.0,0.0,1.0,0.0,0.0,1.0,238.2,238.2,238.2,0.0,0.0,0.0,1.0,0.0,0.0,1.0,9.5,9.5,9.5,0.0,0.0,0.0,1.0,0.0,0.0,1.0,1.87,1.87,1.87,0.0,0.0,0.0,1.0,0.0,0.0,1.0,76.0,76.0,76.0,0.0,0.0,0.0,1.0,0.0,0.0,1.0,284.4,284.4,284.4,0.0,0.0,0.0,6.0,1.0,104.0,213.0,0.0,1.0,104.0,1.0,147.0,1.0,213.0,1.0,206.0,1.0,190.0,7.0,1.0,104.0,,0.0,0.0,3.0,205.0,205.0,1.0,0.0,-5.200000000000003,5.200000000000003,-0.0655737704918033,-1,-14.9,14.9,-0.5752895752895753,-1,11.0,11.0,0.0893582453290008,1,-2.5,2.5,-0.0311332503113325,-1,1.1000000000000083,1.1000000000000083,0.0113052415210689,1,-1.1000000000000014,1.1000000000000014,-0.0294117647058823,-1,0,0,0.0,0,0,0,0.0,0,1,0,0,0,0,,0,0,56,8,0,0,0,0,0,1,0,0,0,1,109,0,70,2,0,1,0,0,0,0,0,0,0,0,0,0,0,1,0,0,0,0,0,0,0,0,0,1,0.0,0.0,0,1,1,0,0,0,0,0.644191714053615,0.8385618611209024,42.8,94.56666666666666,27.700243704305443,9761.83,2965.82,0,0,0,0,0,0,0,0,3,0,0,0,1,4,0,,,,0,0,1,1,0
E001483,2026-05-14,101.3,18.8,116.2,63.4,94.6,1,37.72,11,34,Female,White,Altered mental status. Festival attendee from beach shuttle stop with symptom onset ~94 minutes before arrival.,3,3,Police,0,0,0,0,0,118.5,7.438,132.7,4.67,13.7,9.6,1,1,105.1,19.6,111.5,85.5,95.2,0,37.31,13,39.8,3.8,-0.41,2,1.98,495.0,7.376,0.039,1,0,0,1,0,0,1,0,0,0,0,1,361,3,6.0,93.7,113.9,105.73333333333332,105.1,20.200000000000003,0.058077771540871,-0.0079196025826233,0.0799999999999996,0.0223080003203331,-1.0,113.9,109.0,93.7,91.0,0.0,-1.0,105.1,18.0,18.3,24.1,20.016666666666666,19.6,5.800000000000001,0.0988038213720697,-0.0059177746985465,-0.0640000000000001,-0.0199807800112116,1.0,24.1,91.0,18.3,203.0,1.0,91.0,19.6,18.0,111.5,135.8,120.98333333333336,111.5,24.30000000000001,0.0620863802372876,0.0167015537014652,0.1359999999999993,-0.0129014174741731,-1.0,135.8,203.0,111.5,240.0,111.5,37.0,77.0,90.0,82.13333333333334,85.5,13.0,0.0541387585361048,0.035091689023851,0.1199999999999997,0.0720461279730921,-1.0,90.0,203.0,77.0,91.0,85.5,-1.0,94.7,98.0,96.36666666666667,95.2,3.299999999999997,0.0124908129265083,-0.0035562663993631,-0.0040000000000005,0.0065556178425564,-1.0,98.0,203.0,94.7,109.0,0.0,-1.0,95.2,94.0,36.92,37.64,37.25833333333333,37.31,0.7199999999999989,0.005728059547341,0.0017254341224682,0.0143999999999998,0.0017033715063666,-1.0,37.64,203.0,36.92,0.0,37.31,-1.0,11.0,13.0,12.333333333333334,13.0,2.0,0.0604342696621564,0.0048055662018337,0.0399999999999999,-0.0027068150876911,0.0,13.0,91.0,11.0,0.0,3.0,0.0,13.0,112.0,36.8,43.4,39.61666666666667,39.8,6.600000000000001,0.0573462944014661,-0.0141963206462454,-0.128,0.0029038199727716,1.0,43.4,0.0,36.8,91.0,0.0,-1.0,39.8,18.0,2.0,1.0,1.0,120.0,240.0,2.0,11.57,9.86,11.57,120.0,-1.7100000000000009,-0.1477960242005186,1.0,120.0,240.0,2.0,137.8,141.4,141.4,240.0,3.5999999999999943,0.0261248185776487,1.0,120.0,240.0,2.0,4.55,4.02,4.55,120.0,-0.5300000000000002,-0.1164835164835165,1.0,120.0,240.0,2.0,22.1,22.2,22.2,240.0,0.0999999999999978,0.0045248868778279,1.0,120.0,240.0,2.0,25.0,56.0,56.0,240.0,31.0,1.24,1.0,120.0,240.0,2.0,7.425,7.376,7.425,120.0,-0.0489999999999994,-0.0065993265993265,1.0,120.0,240.0,2.0,0.075,0.039,0.075,120.0,-0.036,-0.48,1.0,120.0,240.0,2.0,1.98,1.98,1.98,120.0,0.0,0.0,1.0,120.0,240.0,2.0,558.0,495.0,558.0,120.0,-63.0,-0.1129032258064516,1.0,120.0,240.0,2.0,14.4,15.8,15.8,240.0,1.4000000000000004,0.0972222222222222,1.0,120.0,240.0,2.0,8.17,2.96,8.17,120.0,-5.21,-0.6376988984088128,1.0,120.0,240.0,2.0,117.5,120.1,120.1,240.0,2.5999999999999943,0.022127659574468,1.0,120.0,240.0,2.0,284.5,292.0,292.0,240.0,7.5,0.0263620386643233,2.0,1.0,105.0,157.0,0.0,0.0,-1.0,1.0,105.0,1.0,157.0,0.0,-1.0,0.0,-1.0,7.0,0.0,-15.0,,4.0,91.0,3.0,0.0,240.0,1.0,0.0,3.799999999999997,3.799999999999997,0.0375123395853899,1,0.8000000000000007,0.8000000000000007,0.0425531914893617,1,-4.700000000000003,4.700000000000003,-0.040447504302926,-1,22.1,22.1,0.3485804416403786,1,0.6000000000000085,0.6000000000000085,0.0063424947145878,1,-0.4099999999999966,0.4099999999999966,-0.0108695652173912,-1,2,2,0.1818181818181818,1,-1,1,-1.0,-1,2,0,0,0,1,94.0,1,1,111,16,0,0,0,0,1,0,0,1,0,0,245,0,43,3,0,0,1,1,0,0,0,0,0,0,0,0,0,0,0,0,0,0,0,0,0,0,0,0,0.0,0.1052631578947368,0,1,1,0,0,0,0,0.8717728055077453,1.250617283950617,52.8,81.0,29.64027538726334,11771.06,3821.036,0,1,0,0,0,0,1,1,0,0,1,0,3,5,1,0.0531914893617021,1.077659574468085,4.553876891600541,0,0,0,1,1
E000742,2026-05-15,85.7,13.8,127.8,72.4,96.8,0,36.87,15,61,Male,White,"Jaundice Patient has CA of the gall bladder and cervix and is set to have a procedure for stent on Wednesday of liver, but feels cannot wait.",4,6,Walk-in,0,1,1,1,0,104.1,7.393,137.3,4.18,15.6,9.1,0,0,89.5,14.8,106.6,74.2,97.1,0,36.91,14,34.8,3.8,0.04,-1,,,,,0,0,0,0,0,0,0,0,0,0,0,0,362,4,9.0,74.4,99.4,88.93333333333334,89.5,25.0,0.0756583150639539,0.01906566413037,0.1414134742404223,-0.0101279746733559,1.0,99.4,137.0,74.4,25.0,0.0,-1.0,89.5,13.0,11.4,18.0,14.633333333333336,14.8,6.6,0.1244744974242756,-0.0058190042537894,0.053104359313078,0.0172953612534542,-1.0,18.0,38.0,11.4,121.0,0.0,-1.0,14.8,48.0,106.4,147.4,123.04444444444442,106.6,41.0,0.1046373942357656,-0.06884569956435,-0.1412813738441217,-0.0777318702546081,-1.0,147.4,137.0,106.4,86.0,106.6,35.0,70.9,93.4,77.52222222222223,74.2,22.5,0.0823479369891682,-0.0057993187089705,0.2486129458388375,0.0131475867249752,-1.0,93.4,53.0,70.9,38.0,74.2,33.0,95.5,99.4,97.1,97.1,3.9000000000000057,0.0128263245398348,-0.0010456875818445,-0.0124174372523119,0.0094881013065756,-1.0,99.4,25.0,95.5,121.0,0.0,-1.0,97.1,13.0,36.57,37.33,36.87444444444444,36.91,0.759999999999998,0.0062890624897069,-0.0007288786942492,0.0017305151915454,-0.0010846993802485,1.0,37.33,38.0,36.57,137.0,36.91,15.0,13.0,15.0,14.555555555555555,14.0,2.0,0.0470565954425112,-0.0032759314258325,-0.0158520475561427,-0.0032060741018968,-1.0,15.0,0.0,13.0,137.0,0.0,-1.0,14.0,56.0,30.0,39.1,36.43333333333334,34.8,9.1,0.071527247157153,-0.0039895324255157,0.038375165125495,0.0073592144447723,-1.0,39.1,193.0,30.0,121.0,0.0,-1.0,34.8,16.0,1.0,1.0,1.0,120.0,120.0,1.0,4.86,4.86,4.86,120.0,0.0,0.0,1.0,120.0,120.0,1.0,136.9,136.9,136.9,120.0,0.0,0.0,1.0,120.0,120.0,1.0,4.03,4.03,4.03,120.0,0.0,0.0,1.0,120.0,120.0,1.0,24.7,24.7,24.7,120.0,0.0,0.0,1.0,120.0,120.0,1.0,41.9,41.9,41.9,120.0,0.0,0.0,1.0,120.0,120.0,1.0,7.438,7.438,7.438,120.0,0.0,0.0,1.0,120.0,120.0,1.0,0.0,0.0,0.0,120.0,0.0,0.0,1.0,120.0,120.0,1.0,1.42,1.42,1.42,120.0,0.0,0.0,1.0,120.0,120.0,1.0,220.7,220.7,220.7,120.0,0.0,0.0,1.0,120.0,120.0,1.0,17.6,17.6,17.6,120.0,0.0,0.0,1.0,120.0,120.0,1.0,0.67,0.67,0.67,120.0,0.0,0.0,1.0,120.0,120.0,1.0,93.9,93.9,93.9,120.0,0.0,0.0,1.0,120.0,120.0,1.0,288.8,288.8,288.8,120.0,0.0,0.0,0.0,0.0,-1.0,-1.0,0.0,0.0,-1.0,0.0,-1.0,0.0,-1.0,0.0,-1.0,0.0,-1.0,0.0,0.0,,,0.0,0.0,5.0,137.0,193.0,1.0,0.0,3.799999999999997,3.799999999999997,0.0443407234539089,1,1.0,1.0,0.072463768115942,1,-21.200000000000003,21.200000000000003,-0.1658841940532081,-1,1.7999999999999972,1.7999999999999972,0.0248618784530386,1,0.2999999999999971,0.2999999999999971,0.0030991735537189,1,0.0399999999999991,0.0399999999999991,0.0010848928668293,1,-1,1,-0.0666666666666666,-1,0,0,0.0,0,3,0,0,0,0,,0,0,141,27,0,0,0,0,0,1,0,0,0,1,114,0,44,3,1,0,0,0,0,0,0,0,0,1,0,0,0,0,0,0,0,0,0,0,0,0,0,0,0.0,0.0,0,1,1,0,0,0,0,0.6705790297339593,0.9431401320616288,55.39999999999999,90.86666666666667,40.90532081377152,10952.46,3159.759,0,0,0,0,0,0,0,0,0,0,0,0,0,0,0,,,,0,0,3,0,0
E000833,2026-05-14,68.5,13.3,127.0,75.1,95.5,0,37.08,13,15,Female,Hispanic/Latino,Knee Pain to er for eval of right knee pain and swelling denies injury,5,4,Walk-in,0,0,0,0,0,112.8,7.351,135.5,4.45,13.9,9.0,0,0,62.7,13.8,132.1,92.4,96.4,0,36.78,14,36.6,-5.8,-0.3,1,,,,,1,0,0,0,1,0,0,0,0,0,0,0,361,3,7.0,62.7,93.6,82.27142857142859,62.7,30.89999999999999,0.1158841734591504,-0.0518214792619457,0.0,-0.1600177393224661,-1.0,93.6,83.0,62.7,240.0,0.0,-1.0,62.7,72.0,8.9,15.7,12.528571428571428,13.8,6.799999999999999,0.182796117923391,-0.0158592708348267,0.0,-0.007086678311868,1.0,15.7,0.0,8.9,200.0,0.0,-1.0,13.8,40.0,102.6,132.1,115.92857142857144,132.1,29.5,0.0883537811943045,0.0963849980645439,0.0,0.0941387830462762,1.0,132.1,240.0,102.6,0.0,132.1,-1.0,76.8,94.2,83.77142857142857,92.4,17.400000000000006,0.0816675881116264,0.0489570042006566,0.0,0.0460860357139625,1.0,94.2,176.0,76.8,0.0,92.4,24.0,94.6,97.9,96.45714285714284,96.4,3.300000000000012,0.011039481726057,-0.0030189531332882,0.0,0.0058585017513057,1.0,97.9,0.0,94.6,83.0,0.0,-1.0,96.4,12.0,36.57,37.21,36.871428571428574,36.78,0.6400000000000006,0.0066011644577906,-0.0021788934925663,0.0,-0.0037835440632097,-1.0,37.21,95.0,36.57,176.0,36.78,64.0,13.0,15.0,13.857142857142858,14.0,2.0,0.0461044943814389,0.0015949592120543,0.0,-0.0039098914824099,-1.0,15.0,83.0,13.0,0.0,0.0,-1.0,14.0,12.0,35.2,42.0,38.57142857142857,36.6,6.799999999999997,0.0602259121460784,-0.0012214878639731,0.0,-0.0144231552462235,-1.0,42.0,83.0,35.2,155.0,0.0,-1.0,36.6,12.0,2.0,1.0,1.0,0.0,120.0,2.0,5.84,8.83,8.83,120.0,2.99,0.5119863013698631,1.0,0.0,120.0,2.0,138.3,137.4,138.3,0.0,-0.9000000000000057,-0.0065075921908894,1.0,0.0,120.0,2.0,3.88,4.11,4.11,120.0,0.2300000000000004,0.059278350515464,1.0,0.0,120.0,2.0,23.0,18.9,23.0,0.0,-4.100000000000001,-0.1782608695652174,1.0,0.0,120.0,2.0,32.2,24.5,32.2,0.0,-7.700000000000003,-0.2391304347826087,1.0,0.0,120.0,2.0,7.393,7.36,7.393,0.0,-0.0329999999999994,-0.00446368186122,1.0,0.0,120.0,2.0,0.041,0.0,0.041,0.0,-0.041,-1.0,1.0,0.0,120.0,2.0,2.34,2.72,2.72,120.0,0.3800000000000003,0.1623931623931625,1.0,0.0,120.0,2.0,88.4,80.8,88.4,0.0,-7.600000000000008,-0.0859728506787331,1.0,0.0,120.0,2.0,6.2,24.4,24.4,120.0,18.2,2.935483870967741,1.0,0.0,120.0,2.0,1.17,0.1,1.17,0.0,-1.0699999999999998,-0.9145299145299144,1.0,0.0,120.0,2.0,96.5,67.6,96.5,0.0,-28.90000000000001,-0.2994818652849741,1.0,0.0,120.0,2.0,279.5,287.0,287.0,120.0,7.5,0.0268336314847942,2.0,1.0,79.0,204.0,0.0,0.0,-1.0,1.0,79.0,0.0,-1.0,0.0,-1.0,0.0,-1.0,2.0,0.0,79.0,,0.0,0.0,3.0,0.0,200.0,0.0,0.0,-5.799999999999997,5.799999999999997,-0.0846715328467152,-1,0.5,0.5,0.037593984962406,1,5.099999999999994,5.099999999999994,0.0401574803149605,1,17.30000000000001,17.30000000000001,0.2303595206391479,1,0.9000000000000057,0.9000000000000057,0.0094240837696335,1,-0.2999999999999971,0.2999999999999971,-0.0080906148867313,-1,1,1,0.0769230769230769,1,0,0,0.0,0,0,0,0,0,0,,0,0,70,14,0,0,0,0,0,1,0,0,0,1,97,0,45,2,0,1,0,0,0,0,0,0,0,0,0,0,0,1,0,0,0,0,0,0,0,0,0,0,0.0,0.0,0,1,1,0,0,0,0,0.5393700787401575,0.7413419913419914,51.900000000000006,92.4,8.090551181102363,8699.5,2539.98,0,0,0,0,0,0,0,0,0,0,0,0,2,2,0,,,,0,0,0,0,1
E000493,2026-05-12,97.4,25.7,104.2,69.2,97.9,0,37.31,13,40,Male,Asian,Altered mental status. Festival attendee from festival medical tent with symptom onset ~79 minutes before arrival.,4,0,Walk-in,1,0,0,0,1,93.3,7.421,133.0,4.43,14.3,9.5,1,1,86.2,17.6,129.6,71.2,97.3,0,37.03,14,35.1,-11.2,-0.28,1,2.17,258.1,7.381,0.01,1,0,1,0,0,0,0,0,0,0,0,1,359,1,6.0,77.9,97.0,88.13333333333334,86.2,19.099999999999994,0.0701912102054017,0.0022497167568737,-0.5835728952772062,-0.0767934236205569,1.0,97.0,100.0,77.9,23.0,0.0,-1.0,87.15,77.0,14.1,20.1,16.599999999999998,17.6,6.000000000000002,0.1272686897790428,0.0141744777657902,0.1242299794661192,0.031267372405228,-1.0,20.1,217.0,14.1,0.0,0.0,-1.0,18.85,-1.0,111.3,152.8,129.33333333333334,129.6,41.500000000000014,0.0994327759159278,-0.0703789297166366,0.1703285420944577,-0.0159086876811163,1.0,152.8,23.0,111.3,217.0,120.45,23.0,68.3,85.2,75.81666666666666,71.2,16.900000000000006,0.0849326536994825,0.0113216109246197,0.4775154004106788,0.0381542373883733,-1.0,85.2,217.0,68.3,0.0,78.2,23.0,96.3,97.4,96.83333333333331,97.3,1.1000000000000083,0.0042856797239203,0.0005205062012966,-0.0379876796714574,0.0051718019989354,1.0,97.4,0.0,96.3,23.0,0.0,-1.0,97.0,217.0,36.78,37.31,37.03166666666667,37.03,0.5300000000000011,0.0041759168735815,-7.41390761314919e-05,0.0175256673511301,-3.5188361227789775e-05,-1.0,37.31,21.0,36.78,0.0,37.010000000000005,79.0,14.0,15.0,14.5,14.0,1.0,0.0344827586206896,-0.0046250522159078,2.953280439629323e-16,1.047353508457759e-17,0.0,15.0,0.0,14.0,100.0,0.0,-1.0,14.0,-1.0,34.3,42.0,36.56666666666667,35.1,7.700000000000003,0.0689612691209013,-0.0173888740296856,-0.2594455852156049,-0.0052634691584362,1.0,42.0,0.0,34.3,217.0,0.0,-1.0,34.7,-1.0,2.0,1.0,1.0,120.0,240.0,2.0,8.27,7.25,8.27,120.0,-1.0199999999999996,-0.1233373639661426,1.0,120.0,240.0,2.0,137.0,139.3,139.3,240.0,2.300000000000012,0.0167883211678832,1.0,120.0,240.0,2.0,3.35,3.65,3.65,240.0,0.2999999999999998,0.08955223880597,1.0,120.0,240.0,2.0,22.5,23.7,23.7,240.0,1.1999999999999993,0.0533333333333333,1.0,120.0,240.0,2.0,46.1,23.1,46.1,120.0,-23.0,-0.4989154013015184,1.0,120.0,240.0,2.0,7.346,7.381,7.381,240.0,0.0350000000000001,0.0047644976858154,1.0,120.0,240.0,2.0,0.042,0.01,0.042,120.0,-0.032,-0.7619047619047619,1.0,120.0,240.0,2.0,0.78,2.17,2.17,240.0,1.39,1.782051282051282,1.0,120.0,240.0,2.0,328.9,258.1,328.9,120.0,-70.79999999999995,-0.2152629978716934,1.0,120.0,240.0,2.0,4.1,12.8,12.8,240.0,8.700000000000001,2.121951219512196,1.0,120.0,240.0,2.0,2.95,0.1,2.95,120.0,-2.85,-0.9661016949152542,1.0,120.0,240.0,2.0,136.7,91.2,136.7,120.0,-45.49999999999999,-0.3328456474030723,1.0,120.0,240.0,2.0,280.8,293.4,293.4,240.0,12.599999999999966,0.0448717948717947,3.0,1.0,44.0,175.0,1.0,0.0,-1.0,1.0,44.0,0.0,-1.0,1.0,175.0,1.0,63.0,5.0,0.0,-76.0,,0.0,0.0,2.0,100.0,217.0,1.0,0.0,-11.200000000000005,11.200000000000005,-0.1149897330595482,-1,-8.099999999999998,8.099999999999998,-0.3151750972762645,-1,25.39999999999999,25.39999999999999,0.2437619961612283,1,2.0,2.0,0.0289017341040462,1,-0.6000000000000085,0.6000000000000085,-0.0061287027579163,-1,-0.2800000000000011,0.2800000000000011,-0.0075046904315197,-1,1,1,0.0769230769230769,1,0,0,0.0,0,1,0,0,0,0,79.0,1,1,114,16,0,1,0,0,0,0,0,1,0,0,210,0,42,1,0,1,0,0,1,0,0,0,0,0,0,0,0,0,0,0,0,0,0,0,0,0,0,0,0.0,0.1052631578947368,0,1,1,0,0,0,0,0.9347408829174664,1.2044517724649628,35.0,80.86666666666667,37.38963531669866,10149.080000000002,3633.9940000000006,0,1,0,0,0,0,1,1,3,1,0,0,2,7,1,0.0886075949367088,1.2329113924050634,4.382026634673881,0,0,2,1,1
E001117,2026-05-11,103.5,20.0,115.2,70.0,94.1,1,37.84,11,22,Female,White,Anxiety/panic. Festival attendee from beach shuttle stop with symptom onset ~157 minutes before arrival.,4,2,Festival Medical Tent Transfer,0,0,0,0,0,95.6,7.325,134.5,4.63,14.4,11.6,1,1,56.8,16.0,126.4,72.5,96.5,0,37.28,13,38.8,-46.7,-0.56,2,,,,,1,1,0,0,0,0,0,0,0,0,0,0,358,0,8.0,56.8,106.2,87.2875,56.8,49.400000000000006,0.16769675967359,-0.0897923560388544,-0.1584142394822005,-0.092818379965304,-1.0,106.2,21.0,56.8,240.0,0.0,-1.0,82.36666666666667,-1.0,14.1,23.5,18.125,16.0,9.4,0.1628228978863227,-0.0195563125493175,0.0516181229773461,0.0011721008851919,-1.0,23.5,21.0,14.1,217.0,0.0,-1.0,15.866666666666667,50.0,101.1,131.2,121.1375,126.4,30.099999999999994,0.0806455791495115,0.0738308646221702,0.2669902912621351,-0.0345825363640406,-1.0,131.2,71.0,101.1,0.0,125.5,-1.0,65.8,84.7,75.9125,72.5,18.90000000000001,0.0882876143223446,0.0065390649859932,-0.2498381877022658,0.0251890485298697,-1.0,84.7,193.0,65.8,60.0,75.39999999999999,133.0,94.5,97.6,96.1125,96.5,3.0999999999999943,0.0094135696081142,0.0065537797675432,0.0048543689320383,0.0025521551532403,-1.0,97.6,217.0,94.5,0.0,0.0,-1.0,96.93333333333334,-1.0,36.51,37.37,37.06875,37.28,0.8599999999999994,0.0072014147585016,-0.0012864949574283,0.0033656957928802,-0.001789955962813,1.0,37.37,21.0,36.51,215.0,36.876666666666665,2.0,12.0,15.0,13.125,13.0,3.0,0.0706304617818634,0.0023966700449352,0.0145631067961164,-0.0046928517414705,-1.0,15.0,217.0,12.0,0.0,2.0,0.0,13.333333333333334,23.0,32.2,40.9,37.875,38.8,8.699999999999996,0.081781618837937,-0.0232298577632429,0.0184466019417474,-0.022205417908456,1.0,40.9,60.0,32.2,193.0,0.0,-1.0,36.46666666666666,24.0,0.0,0.0,0.0,,,,,,,,,,0.0,,,,,,,,,,0.0,,,,,,,,,,0.0,,,,,,,,,,0.0,,,,,,,,,,0.0,,,,,,,,,,0.0,,,,,,,,,,0.0,,,,,,,,,,0.0,,,,,,,,,,0.0,,,,,,,,,,0.0,,,,,,,,,,0.0,,,,,,,,,,0.0,,,,,,,,,,2.0,1.0,152.0,158.0,0.0,1.0,152.0,1.0,158.0,0.0,-1.0,0.0,-1.0,0.0,-1.0,4.0,0.0,,,2.0,21.0,5.0,0.0,193.0,1.0,0.0,-46.7,46.7,-0.451207729468599,-1,-4.0,4.0,-0.2,-1,11.200000000000005,11.200000000000005,0.0972222222222222,1,2.5,2.5,0.0357142857142857,1,2.4000000000000057,2.4000000000000057,0.0255047821466525,1,-0.5600000000000023,0.5600000000000023,-0.0147991543340381,-1,2,2,0.1818181818181818,1,-1,1,-1.0,-1,1,0,0,0,1,157.0,1,1,104,14,0,0,0,0,1,0,0,1,0,0,231,0,42,2,0,1,0,0,1,0,0,0,0,0,0,0,0,1,0,0,0,0,0,0,0,0,0,0,0.0,0.0,0,1,0,0,0,0,0,0.8984375,1.2166927899686522,45.2,85.06666666666666,19.765625,11923.2,3916.440000000001,0,1,0,0,1,0,2,1,0,0,1,0,3,5,1,0.0318471337579617,0.6592356687898089,5.062595033026967,0,0,0,1,1
E000524,2026-05-15,100.6,24.6,125.7,96.9,94.3,1,37.23,9,52,Female,White,Anxiety/panic. Festival attendee from campground with symptom onset ~176 minutes before arrival.,2,8,Walk-in,1,1,1,0,0,87.1,7.327,138.8,4.24,11.8,11.6,1,1,95.6,15.9,121.8,81.4,95.7,0,37.36,13,40.4,-5.0,0.13,4,,,,,1,1,0,0,0,0,1,0,1,0,0,0,362,4,6.0,92.4,100.4,95.8,95.6,8.0,0.0285804189903056,0.0127911200376051,0.0,-0.0149838134655577,-1.0,100.4,138.0,92.4,0.0,0.0,-1.0,95.6,8.0,10.5,21.1,16.533333333333335,15.9,10.6,0.1978684539739564,-0.0174105807444126,0.0,0.0193890095480064,1.0,21.1,0.0,10.5,109.0,0.0,-1.0,15.9,29.0,116.2,144.8,128.45,121.8,28.60000000000001,0.0702687986040966,0.021640100850391,0.0,-0.1321251485473098,-1.0,144.8,109.0,116.2,0.0,121.8,29.0,72.8,81.4,77.78333333333332,81.4,8.600000000000009,0.0398364362525041,0.0342346480919619,0.0,0.0275416956931524,-1.0,81.4,240.0,72.8,0.0,81.4,-1.0,93.6,97.4,95.7,95.7,3.8000000000000114,0.0130511974888159,0.0070958506046749,0.0,-0.0118264147850675,-1.0,97.4,109.0,93.6,0.0,0.0,-1.0,95.7,60.0,36.67,37.36,37.15666666666667,37.36,0.6899999999999977,0.0061541483398734,-0.0006075595060039,0.0,0.0007419169774207,1.0,37.36,240.0,36.67,169.0,37.36,71.0,12.0,14.0,13.166666666666666,13.0,2.0,0.0521912104508564,0.0058117174479723,0.0,-0.0005941892390279,-1.0,14.0,146.0,12.0,0.0,1.0,0.0,13.0,94.0,33.7,42.9,39.15,40.4,9.199999999999996,0.0719555840706154,0.0004615187385153,0.0,0.0022968487481047,1.0,42.9,138.0,33.7,146.0,0.0,-1.0,40.4,23.0,2.0,1.0,1.0,0.0,120.0,2.0,6.46,8.9,8.9,120.0,2.4400000000000004,0.3777089783281734,1.0,0.0,120.0,2.0,136.7,137.3,137.3,120.0,0.6000000000000227,0.0043891733723483,1.0,0.0,120.0,2.0,4.5,4.03,4.5,0.0,-0.4699999999999997,-0.1044444444444444,1.0,0.0,120.0,2.0,21.7,20.0,21.7,0.0,-1.6999999999999993,-0.0783410138248847,1.0,0.0,120.0,2.0,27.0,31.7,31.7,120.0,4.699999999999999,0.174074074074074,1.0,0.0,120.0,2.0,7.379,7.422,7.422,120.0,0.0430000000000001,0.0058273478791164,1.0,0.0,120.0,2.0,0.061,0.0,0.061,0.0,-0.061,-1.0,1.0,0.0,120.0,2.0,1.02,3.21,3.21,120.0,2.19,2.147058823529412,1.0,0.0,120.0,2.0,624.4,552.0,624.4,0.0,-72.39999999999998,-0.1159513132607302,1.0,0.0,120.0,2.0,5.7,3.7,5.7,0.0,-2.0,-0.3508771929824561,1.0,0.0,120.0,2.0,5.89,1.53,5.89,0.0,-4.359999999999999,-0.7402376910016978,1.0,0.0,120.0,2.0,120.3,126.2,126.2,120.0,5.900000000000006,0.0490440565253533,1.0,0.0,120.0,2.0,293.2,290.6,293.2,0.0,-2.599999999999966,-0.0088676671214187,3.0,1.0,134.0,222.0,0.0,1.0,186.0,1.0,222.0,0.0,-1.0,0.0,-1.0,1.0,134.0,4.0,0.0,134.0,,1.0,109.0,3.0,0.0,240.0,0.0,0.0,-5.0,5.0,-0.0497017892644135,-1,-8.700000000000001,8.700000000000001,-0.3536585365853659,-1,-3.9000000000000057,3.9000000000000057,-0.0310262529832936,-1,-15.5,15.5,-0.1599587203302373,-1,1.4000000000000057,1.4000000000000057,0.0148462354188759,1,0.1300000000000025,0.1300000000000025,0.0034918076819769,1,4,4,0.4444444444444444,1,-1,1,-1.0,-1,1,0,0,0,1,176.0,1,1,96,12,0,0,1,0,0,0,0,1,0,0,248,1,44,3,0,0,1,0,0,0,0,0,1,0,0,0,0,0,0,0,0,0,0,0,0,0,0,0,0.0,0.0,0,1,0,0,0,0,0,0.8003182179793158,0.9446009389671362,28.8,106.5,41.61654733492442,12645.42,3745.3379999999993,0,0,0,0,1,0,1,1,2,0,1,0,3,7,1,0.0397727272727272,0.571590909090909,5.176149732573829,0,0,3,2,1
E001272,2026-05-14,110.9,24.7,131.2,61.9,91.3,1,37.55,10,48,Female,White,General weakness. Festival attendee from VIP tent with symptom onset ~200 minutes before arrival.,2,7,EMS,1,1,0,0,0,137.1,7.347,139.3,4.45,13.4,21.6,1,1,110.3,24.4,113.8,79.2,94.8,0,37.52,12,37.5,-0.6,-0.03,2,2.6,714.5,7.345,0.064,0,1,0,0,0,0,0,0,0,0,0,1,361,3,7.0,93.9,144.1,115.74285714285712,110.3,50.19999999999999,0.1305370846515848,-0.1461128026249666,0.0,-0.0764960678299338,1.0,144.1,0.0,93.9,181.0,1.0,0.0,110.3,-1.0,17.8,29.1,23.857142857142858,24.4,11.3,0.1582515894501025,-0.0169917082976144,0.0,-0.0053621897272057,-1.0,29.1,67.0,17.8,162.0,4.0,0.0,24.4,19.0,98.9,132.7,115.54285714285712,113.8,33.79999999999998,0.0940912284111689,0.0161226314700407,0.0,0.029093450479233,1.0,132.7,81.0,98.9,113.0,113.8,32.0,65.1,79.4,73.20000000000002,79.2,14.300000000000011,0.0770029370532877,0.0108608738064973,0.0,0.0135152985991643,1.0,79.4,81.0,65.1,181.0,79.2,59.0,94.3,95.0,94.7,94.8,0.7000000000000028,0.002257750723653,0.0019450767093324,0.0,0.0021688375522239,1.0,95.0,162.0,94.3,67.0,0.0,-1.0,94.8,-1.0,37.47,38.1,37.682857142857145,37.52,0.6300000000000026,0.0053144890162635,-0.0017234473380827,0.0,-0.0025055296141558,1.0,38.1,81.0,37.47,162.0,37.52,32.0,11.0,13.0,11.857142857142858,12.0,2.0,0.0538811560843322,0.0027565106860977,0.0,-0.0006451216515114,-1.0,13.0,67.0,11.0,0.0,6.0,0.0,12.0,14.0,37.5,45.7,41.58571428571429,37.5,8.200000000000003,0.0743665221723658,-0.0162109432735226,0.0,-0.0073973949373311,-1.0,45.7,113.0,37.5,240.0,0.0,-1.0,37.5,-1.0,2.0,1.0,1.0,120.0,240.0,2.0,9.14,6.49,9.14,120.0,-2.6500000000000004,-0.2899343544857768,1.0,120.0,240.0,2.0,140.6,139.5,140.6,120.0,-1.0999999999999943,-0.0078236130867709,1.0,120.0,240.0,2.0,4.35,3.94,4.35,120.0,-0.4099999999999997,-0.0942528735632183,1.0,120.0,240.0,2.0,21.6,21.2,21.6,120.0,-0.4000000000000021,-0.0185185185185186,1.0,120.0,240.0,2.0,64.3,55.0,64.3,120.0,-9.299999999999995,-0.1446345256609641,1.0,120.0,240.0,2.0,7.339,7.345,7.345,240.0,0.0059999999999993,0.000817550074942,1.0,120.0,240.0,2.0,0.112,0.064,0.112,120.0,-0.048,-0.4285714285714285,1.0,120.0,240.0,2.0,3.89,2.6,3.89,120.0,-1.29,-0.3316195372750642,1.0,120.0,240.0,2.0,736.0,714.5,736.0,120.0,-21.5,-0.0292119565217391,1.0,120.0,240.0,2.0,13.1,18.8,18.8,240.0,5.700000000000001,0.435114503816794,1.0,120.0,240.0,2.0,3.2,2.83,3.2,120.0,-0.3700000000000001,-0.115625,1.0,120.0,240.0,2.0,99.7,131.7,131.7,240.0,31.999999999999982,0.3209628886659978,1.0,120.0,240.0,2.0,299.6,286.5,299.6,120.0,-13.100000000000025,-0.0437249666221629,1.0,1.0,167.0,167.0,0.0,1.0,167.0,0.0,-1.0,0.0,-1.0,0.0,-1.0,0.0,-1.0,4.0,0.0,47.0,167.0,11.0,159.0,5.0,0.0,-1.0,1.0,1.0,-0.6000000000000085,0.6000000000000085,-0.0054102795311091,-1,-0.3000000000000007,0.3000000000000007,-0.0121457489878542,-1,-17.39999999999999,17.39999999999999,-0.1326219512195121,-1,17.300000000000004,17.300000000000004,0.2794830371567044,1,3.5,3.5,0.0383351588170865,1,-0.029999999999994,0.029999999999994,-0.0007989347536616,-1,2,2,0.2,1,-1,1,-1.0,-1,1,0,0,0,1,200.0,1,1,97,14,0,0,0,0,1,0,0,0,1,0,234,0,42,3,1,0,1,0,0,0,0,1,0,1,0,0,0,0,0,0,0,0,0,0,0,0,0,0,0.0,0.0,1,0,0,0,0,0,1,0.8452743902439026,1.3047058823529412,69.29999999999998,85.0,40.57317073170732,14550.08,4164.295,0,0,0,1,1,0,2,1,2,0,2,0,3,8,1,0.04,0.5545,5.303304908059076,0,1,2,2,2
E000431,2026-05-14,88.4,14.5,114.4,75.2,98.5,0,36.85,15,17,Male,White,Shortness of breath. Festival attendee from festival medical tent with symptom onset ~158 minutes before arrival.,4,4,Walk-in,0,0,0,0,0,98.7,7.379,142.8,4.06,15.5,5.3,1,1,81.8,15.8,144.9,75.3,96.5,0,36.84,15,34.0,-6.6,-0.01,0,,,,,0,0,0,0,0,0,0,0,0,0,0,0,361,3,9.0,73.8,83.6,79.46666666666665,81.8,9.799999999999995,0.0458233425906874,0.0085950510144245,-0.1239273289524548,-0.010598687807545,1.0,83.6,0.0,73.8,21.0,0.0,-1.0,81.8,75.0,11.4,17.5,14.622222222222224,15.8,6.1,0.1222011138320815,0.0087095109651694,-0.0009083880943178,0.022651722252597,-1.0,17.5,171.0,11.4,96.0,0.0,-1.0,15.8,69.0,107.5,144.9,122.86666666666667,144.9,37.400000000000006,0.087654480045029,0.1004653453735192,0.1420564360262855,0.2089994532531439,1.0,144.9,240.0,107.5,120.0,144.9,-1.0,70.2,87.9,78.71111111111111,75.3,17.700000000000003,0.0693138548683846,-0.0261388530550019,0.1470622342481637,-0.0378512848551121,1.0,87.9,58.0,70.2,120.0,75.3,32.0,96.0,99.8,97.66666666666669,96.5,3.799999999999997,0.0135662845831752,-0.0022762988155273,0.0553730189408573,-0.0092509568069984,-1.0,99.8,58.0,96.0,152.0,0.0,-1.0,96.5,62.0,36.0,36.85,36.63444444444445,36.84,0.8500000000000014,0.0070104227903826,0.0017233259059456,0.0122439118670274,0.0023824494259158,-1.0,36.85,21.0,36.0,0.0,36.84,75.0,13.0,15.0,14.333333333333334,15.0,2.0,0.0465116279069767,-0.0004362612876745,-0.0152686509470429,0.0004647348277747,1.0,15.0,0.0,13.0,171.0,0.0,-1.0,15.0,69.0,29.9,36.2,33.62222222222223,34.0,6.300000000000004,0.0541162973971149,-0.0070127829248271,-0.0453227676845768,0.0155822854018589,1.0,36.2,21.0,29.9,96.0,1.0,96.0,34.0,24.0,0.0,0.0,0.0,,,,,,,,,,0.0,,,,,,,,,,0.0,,,,,,,,,,0.0,,,,,,,,,,0.0,,,,,,,,,,0.0,,,,,,,,,,0.0,,,,,,,,,,0.0,,,,,,,,,,0.0,,,,,,,,,,0.0,,,,,,,,,,0.0,,,,,,,,,,0.0,,,,,,,,,,0.0,,,,,,,,,,0.0,0.0,-1.0,-1.0,0.0,0.0,-1.0,0.0,-1.0,0.0,-1.0,0.0,-1.0,0.0,-1.0,0.0,0.0,,,1.0,24.0,3.0,171.0,240.0,0.0,0.0,-6.6000000000000085,6.6000000000000085,-0.0746606334841629,-1,1.3000000000000007,1.3000000000000007,0.0896551724137931,1,30.5,30.5,0.2666083916083916,1,0.0999999999999943,0.0999999999999943,0.0013297872340424,1,-2.0,2.0,-0.0203045685279187,-1,-0.009999999999998,0.009999999999998,-0.000271370420624,-1,0,0,0.0,0,0,0,0.0,0,1,0,0,0,0,158.0,1,1,113,16,0,1,0,0,0,0,0,1,0,0,235,0,41,3,0,1,0,0,0,0,0,0,0,0,0,0,0,0,0,0,0,0,0,0,0,0,0,0,0.0,0.0,0,1,1,0,0,0,0,0.7727272727272727,1.001510574018127,39.2,88.26666666666667,13.136363636363637,10112.96,3257.5400000000004,0,0,0,0,0,0,0,0,0,0,0,0,0,0,0,0.0,0.5594936708860759,5.068904202220232,0,0,0,0,0
E001867,2026-05-14,84.6,14.0,138.3,66.8,95.7,0,36.82,14,32,Male,White,Altered mental status. Festival attendee from main stage with symptom onset ~168 minutes before arrival.,5,0,Walk-in,0,0,0,0,0,112.9,7.42,141.3,4.16,14.2,10.5,1,1,64.5,17.6,128.4,78.2,98.2,0,36.46,13,32.8,-20.1,-0.36,-1,2.31,167.2,7.394,0.023,1,0,1,0,0,0,0,0,0,0,0,1,361,3,9.0,63.9,88.9,79.61111111111111,64.5,25.000000000000007,0.1157413035953302,-0.0751276185889719,0.0,-0.1302509096754395,-1.0,88.9,0.0,63.9,155.0,0.0,-1.0,64.5,4.0,10.5,17.6,14.366666666666667,17.6,7.100000000000001,0.1728499353335422,0.0134965687454851,0.0,0.0443249404509652,1.0,17.6,240.0,10.5,125.0,0.0,-1.0,17.6,-1.0,116.3,135.5,129.04444444444445,128.4,19.200000000000003,0.0446943305756448,-0.0386479653262701,0.0,-0.0779252093349503,-1.0,135.5,125.0,116.3,192.0,128.4,13.0,66.0,89.3,79.46666666666667,78.2,23.3,0.0890882719149053,0.0125565856007705,0.0,0.1008271105200862,1.0,89.3,170.0,66.0,125.0,78.2,34.0,95.7,99.1,97.06666666666668,98.2,3.3999999999999915,0.0115233253678313,0.0005047555983627,0.0,0.0028744282561998,1.0,99.1,155.0,95.7,192.0,0.0,-1.0,98.2,4.0,36.23,37.21,36.64222222222222,36.46,0.980000000000004,0.0068990548950649,-0.003349416084758,0.0,-0.002598383773436,1.0,37.21,0.0,36.23,205.0,36.46,-1.0,13.0,15.0,14.555555555555555,13.0,2.0,0.0470565954425112,-0.0059565374428124,0.0,-0.0164253043211409,-1.0,15.0,0.0,13.0,240.0,0.0,-1.0,13.0,-1.0,30.8,37.2,33.95555555555555,32.8,6.400000000000002,0.0621503817484784,0.0050090296171442,0.0,-0.0442781780187341,-1.0,37.2,159.0,30.8,0.0,0.0,-1.0,32.8,24.0,1.0,1.0,1.0,240.0,240.0,1.0,7.18,7.18,7.18,240.0,0.0,0.0,1.0,240.0,240.0,1.0,138.2,138.2,138.2,240.0,0.0,0.0,1.0,240.0,240.0,1.0,3.59,3.59,3.59,240.0,0.0,0.0,1.0,240.0,240.0,1.0,24.8,24.8,24.8,240.0,0.0,0.0,1.0,240.0,240.0,1.0,28.5,28.5,28.5,240.0,0.0,0.0,1.0,240.0,240.0,1.0,7.394,7.394,7.394,240.0,0.0,0.0,1.0,240.0,240.0,1.0,0.023,0.023,0.023,240.0,0.0,0.0,1.0,240.0,240.0,1.0,2.31,2.31,2.31,240.0,0.0,0.0,1.0,240.0,240.0,1.0,167.2,167.2,167.2,240.0,0.0,0.0,1.0,240.0,240.0,1.0,20.2,20.2,20.2,240.0,0.0,0.0,1.0,240.0,240.0,1.0,0.1,0.1,0.1,240.0,0.0,0.0,1.0,240.0,240.0,1.0,100.4,100.4,100.4,240.0,0.0,0.0,1.0,240.0,240.0,1.0,286.6,286.6,286.6,240.0,0.0,0.0,2.0,1.0,22.0,27.0,2.0,0.0,-1.0,1.0,22.0,0.0,-1.0,1.0,27.0,0.0,-1.0,5.0,0.0,-218.0,,0.0,0.0,2.0,240.0,183.0,1.0,0.0,-20.099999999999994,20.099999999999994,-0.2375886524822694,-1,3.6000000000000014,3.6000000000000014,0.2571428571428572,1,-9.900000000000006,9.900000000000006,-0.0715835140997831,-1,11.400000000000006,11.400000000000006,0.1706586826347306,1,2.5,2.5,0.0261233019853709,1,-0.3599999999999994,0.3599999999999994,-0.0097772949483975,-1,-1,1,-0.0714285714285714,-1,0,0,0.0,0,2,0,0,0,0,168.0,1,1,104,15,1,0,0,0,0,0,0,1,0,0,260,1,42,1,0,1,1,0,0,0,0,0,0,0,0,0,0,0,0,0,0,0,0,0,0,0,0,0,0.0,0.1111111111111111,0,1,1,0,0,0,0,0.6117136659436008,0.9334314086061052,71.50000000000001,90.63333333333334,19.574837310195225,11700.18,3114.972,0,0,0,0,0,0,0,0,0,0,0,0,1,1,0,0.0059523809523809,0.5035714285714286,5.1298987149230735,0,0,0,0,0
E001110,2026-05-15,97.5,26.1,112.2,73.6,96.0,0,37.48,13,28,Female,Black,General weakness. Festival attendee from main stage with symptom onset ~184 minutes before arrival.,4,6,Festival Medical Tent Transfer,0,0,0,0,0,94.4,7.393,138.5,4.41,11.5,11.4,1,1,79.9,15.5,136.6,70.9,97.7,0,37.02,13,39.0,-17.6,-0.46,0,,,,,0,1,0,0,0,0,0,0,0,0,0,0,362,4,8.0,72.0,97.3,85.5,79.9,25.3,0.0879665132414916,0.0132861187033135,0.0,0.0088453309523408,-1.0,97.3,108.0,72.0,114.0,0.0,-1.0,79.9,2.0,12.0,18.7,15.2375,15.5,6.699999999999999,0.1466720070579023,-0.017478426019735,0.0,-0.0103750063174918,1.0,18.7,110.0,12.0,135.0,0.0,-1.0,15.5,105.0,119.8,136.6,124.54999999999998,136.6,16.799999999999997,0.0404265484713942,0.0417855991034865,0.0,0.0645622399299181,1.0,136.6,240.0,119.8,180.0,136.6,-1.0,68.8,81.7,74.60000000000001,70.9,12.900000000000006,0.0523689674413339,-0.000383103069711,0.0,0.018502670193231,-1.0,81.7,208.0,68.8,110.0,70.9,4.0,96.7,98.0,97.4,97.7,1.2999999999999972,0.0053348587502121,-0.0018998784885672,0.0,0.0012357014100642,1.0,98.0,0.0,96.7,108.0,0.0,-1.0,97.7,2.0,36.8,37.36,37.0625,37.02,0.5600000000000023,0.004461637961323,-0.0011664446015369,0.0,-0.0016475176468606,1.0,37.36,135.0,36.8,180.0,37.02,60.0,13.0,15.0,13.75,13.0,2.0,0.0603022689155527,-0.0051406177211231,0.0,-0.0093246180023248,-1.0,15.0,108.0,13.0,110.0,0.0,-1.0,13.0,2.0,31.2,41.2,36.712500000000006,39.0,10.000000000000004,0.0900570776440193,-0.0093036059250669,0.0,0.0203414814939605,1.0,41.2,0.0,31.2,114.0,0.0,-1.0,39.0,66.0,1.0,1.0,1.0,120.0,120.0,1.0,8.62,8.62,8.62,120.0,0.0,0.0,1.0,120.0,120.0,1.0,142.3,142.3,142.3,120.0,0.0,0.0,1.0,120.0,120.0,1.0,4.39,4.39,4.39,120.0,0.0,0.0,1.0,120.0,120.0,1.0,21.0,21.0,21.0,120.0,0.0,0.0,1.0,120.0,120.0,1.0,26.5,26.5,26.5,120.0,0.0,0.0,1.0,120.0,120.0,1.0,7.317,7.317,7.317,120.0,0.0,0.0,1.0,120.0,120.0,1.0,0.0,0.0,0.0,120.0,0.0,0.0,1.0,120.0,120.0,1.0,1.39,1.39,1.39,120.0,0.0,0.0,1.0,120.0,120.0,1.0,104.2,104.2,104.2,120.0,0.0,0.0,1.0,120.0,120.0,1.0,9.3,9.3,9.3,120.0,0.0,0.0,1.0,120.0,120.0,1.0,3.13,3.13,3.13,120.0,0.0,0.0,1.0,120.0,120.0,1.0,103.9,103.9,103.9,120.0,0.0,0.0,1.0,120.0,120.0,1.0,292.5,292.5,292.5,120.0,0.0,0.0,1.0,1.0,53.0,53.0,1.0,1.0,53.0,0.0,-1.0,0.0,-1.0,0.0,-1.0,0.0,-1.0,4.0,0.0,-67.0,,0.0,0.0,3.0,110.0,180.0,1.0,0.0,-17.599999999999994,17.599999999999994,-0.1805128205128204,-1,-10.6,10.6,-0.4061302681992337,-1,24.39999999999999,24.39999999999999,0.2174688057040997,1,-2.6999999999999886,2.6999999999999886,-0.0366847826086955,-1,1.7000000000000028,1.7000000000000028,0.0177083333333333,1,-0.4599999999999937,0.4599999999999937,-0.0122732123799358,-1,0,0,0.0,0,0,0,0.0,0,0,0,0,0,0,184.0,1,1,99,14,1,0,0,0,0,0,0,0,1,0,210,0,41,2,0,0,0,0,0,0,1,0,1,0,1,0,0,0,0,1,0,0,0,0,0,1,0,0,0.0,0.0,0,1,1,0,0,0,0,0.8689839572192514,1.127602158828065,38.60000000000001,86.46666666666667,24.33155080213904,10939.5,3654.3,0,0,0,0,0,0,0,1,3,0,0,0,2,6,1,0.0326086956521739,0.529891304347826,5.220355825078324,0,1,0,1,1
E001139,2026-05-14,135.3,21.2,119.2,65.6,92.6,1,37.88,11,32,Male,White,Altered mental status. Festival attendee from VIP tent with symptom onset ~239 minutes before arrival.,2,9,EMS,1,0,0,0,1,130.6,7.369,141.9,4.26,13.3,15.7,1,1,125.6,23.3,125.9,65.4,95.2,0,36.82,13,41.2,-9.7,-1.06,2,2.07,509.6,7.356,0.047,1,1,0,0,0,0,0,1,0,1,0,1,361,3,6.0,92.2,125.6,112.66666666666669,125.6,33.39999999999999,0.1169866780759212,-0.0330556941619005,-0.1975000000000005,0.1317004225557335,1.0,125.6,240.0,92.2,132.0,0.0,-1.0,125.6,108.0,15.1,25.0,20.73333333333333,23.3,9.9,0.1552092396932112,-0.0093296997146841,-0.0775000000000001,0.0592539705668075,1.0,25.0,0.0,15.1,124.0,1.0,0.0,23.3,57.0,90.0,134.3,113.76666666666668,125.9,44.30000000000001,0.1275514813118031,0.085927404393608,0.0024999999999994,0.1435727815823981,1.0,134.3,132.0,90.0,124.0,125.9,49.0,65.4,84.8,72.81666666666666,65.4,19.39999999999999,0.0862691241780611,-0.0173582057088755,-0.1575000000000006,-0.1362960804312983,1.0,84.8,124.0,65.4,240.0,65.4,8.0,94.6,95.6,95.13333333333333,95.2,1.0,0.0030746196171661,0.0014150641640759,-0.0125000000000003,-0.0022468308319978,1.0,95.6,124.0,94.6,40.0,0.0,-1.0,95.2,84.0,36.82,37.86,37.443333333333335,36.82,1.0399999999999991,0.0082987776632574,-0.0030105298174233,0.0079999999999999,-0.0055293603380446,-1.0,37.86,40.0,36.82,240.0,36.82,-1.0,11.0,13.0,12.333333333333334,13.0,2.0,0.0604342696621564,0.006576337977712,0.0249999999999999,-0.0013696634125018,0.0,13.0,124.0,11.0,0.0,3.0,0.0,13.0,57.0,39.1,45.7,41.6,41.2,6.600000000000001,0.0495759881354423,-0.0106603206284624,-0.14,0.0097275244062362,1.0,45.7,0.0,39.1,124.0,0.0,-1.0,41.2,-1.0,3.0,1.0,1.0,0.0,240.0,3.0,7.63,12.79,12.79,240.0,5.159999999999999,0.6762778505897771,1.0,0.0,240.0,3.0,137.4,138.5,141.1,120.0,1.0999999999999943,0.0080058224163027,1.0,0.0,240.0,3.0,3.82,4.45,4.73,120.0,0.6300000000000003,0.1649214659685864,1.0,0.0,240.0,3.0,22.2,25.5,25.5,240.0,3.3000000000000007,0.1486486486486486,1.0,0.0,240.0,3.0,31.8,72.9,72.9,240.0,41.10000000000001,1.2924528301886795,1.0,0.0,240.0,3.0,7.347,7.356,7.356,240.0,0.0089999999999994,0.0012249897917516,1.0,0.0,240.0,3.0,0.123,0.047,0.123,0.0,-0.076,-0.6178861788617886,1.0,0.0,240.0,3.0,3.3,2.07,3.3,0.0,-1.23,-0.3727272727272727,1.0,0.0,240.0,3.0,709.3,509.6,709.3,0.0,-199.7,-0.2815451853940504,1.0,0.0,240.0,3.0,23.2,19.2,31.0,120.0,-4.0,-0.1724137931034483,1.0,0.0,240.0,3.0,10.08,0.1,10.08,0.0,-9.98,-0.9900793650793652,1.0,0.0,240.0,3.0,130.6,96.7,146.4,120.0,-33.89999999999999,-0.2595712098009188,1.0,0.0,240.0,3.0,295.4,289.8,295.4,0.0,-5.599999999999966,-0.0189573459715638,2.0,1.0,87.0,193.0,0.0,1.0,193.0,1.0,87.0,0.0,-1.0,0.0,-1.0,0.0,-1.0,4.0,0.0,87.0,,4.0,124.0,3.0,0.0,240.0,1.0,0.0,-9.700000000000015,9.700000000000015,-0.0716925351071693,-1,2.1000000000000014,2.1000000000000014,0.0990566037735849,1,6.700000000000003,6.700000000000003,0.0562080536912751,1,-0.1999999999999886,0.1999999999999886,-0.0030487804878047,-1,2.6000000000000085,2.6000000000000085,0.0280777537796977,1,-1.0600000000000025,1.0600000000000025,-0.0279831045406547,-1,2,2,0.1818181818181818,1,-1,1,-1.0,-1,1,0,0,0,1,239.0,1,1,102,15,0,0,0,0,1,0,0,0,1,0,204,1,42,3,0,0,0,0,1,0,1,0,1,0,1,0,0,0,0,1,0,0,0,0,0,0,0,0,0.0,0.1111111111111111,0,0,1,1,0,0,0,1.13506711409396,1.6210063897763582,53.60000000000001,83.46666666666667,36.32214765100672,16127.760000000002,5125.164000000001,0,0,0,1,0,0,1,3,2,0,2,0,3,10,1,0.0418410041841004,0.5661087866108787,5.480638923341991,0,1,2,1,2
E002096,2026-05-13,91.9,20.1,115.5,69.4,96.1,0,37.6,14,14,Male,White,Headache. Festival attendee from campground with symptom onset ~28 minutes before arrival.,4,1,Walk-in,0,0,0,0,0,92.5,7.374,137.6,4.61,14.7,9.6,1,1,83.1,12.6,128.6,89.8,98.9,0,36.84,15,34.9,-8.8,-0.76,1,,,,,1,1,0,0,1,0,0,0,0,0,0,0,360,2,8.0,79.5,96.6,88.36250000000001,83.1,17.099999999999994,0.0685846245001222,-0.0569276696529107,0.0,-0.0655405929083511,1.0,96.6,0.0,79.5,210.0,0.0,-1.0,81.3,-1.0,9.4,21.4,14.9,12.6,11.999999999999998,0.2254823815749307,-0.0022904561417801,0.0,-0.0225043596202286,-1.0,21.4,194.0,9.4,200.0,0.0,-1.0,13.45,6.0,109.6,142.8,125.0375,128.6,33.20000000000002,0.0826639545834092,0.0564993729759928,0.0,0.0898663049796552,-1.0,142.8,181.0,109.6,194.0,131.25,13.0,61.8,92.8,79.75,89.8,31.0,0.1196556282190324,-0.0032157166258833,0.0,0.149552412323193,1.0,92.8,0.0,61.8,89.0,82.55,54.0,95.5,98.9,97.2875,98.9,3.4000000000000057,0.0115772187753032,0.0089409840930846,0.0,0.0176768068203836,1.0,98.9,194.0,95.5,89.0,0.0,-1.0,98.0,6.0,36.45,37.38,36.79,36.84,0.9299999999999996,0.007425272291192,-0.0027781091516408,0.0,-0.0009089323774462,1.0,37.38,0.0,36.45,194.0,36.760000000000005,-1.0,13.0,15.0,14.625,15.0,2.0,0.0475877295968377,0.0021734892503935,0.0,0.0108990505715946,1.0,15.0,0.0,13.0,89.0,0.0,-1.0,15.0,54.0,30.7,39.8,35.05,34.9,9.099999999999998,0.0678616256334738,-0.0031272640513024,0.0,-0.0170267390040689,-1.0,39.8,89.0,30.7,143.0,0.0,-1.0,35.7,54.0,1.0,1.0,1.0,120.0,120.0,1.0,7.63,7.63,7.63,120.0,0.0,0.0,1.0,120.0,120.0,1.0,139.1,139.1,139.1,120.0,0.0,0.0,1.0,120.0,120.0,1.0,3.9,3.9,3.9,120.0,0.0,0.0,1.0,120.0,120.0,1.0,25.9,25.9,25.9,120.0,0.0,0.0,1.0,120.0,120.0,1.0,15.8,15.8,15.8,120.0,0.0,0.0,1.0,120.0,120.0,1.0,7.411,7.411,7.411,120.0,0.0,0.0,1.0,120.0,120.0,1.0,0.008,0.008,0.008,120.0,0.0,0.0,1.0,120.0,120.0,1.0,2.03,2.03,2.03,120.0,0.0,0.0,1.0,120.0,120.0,1.0,305.8,305.8,305.8,120.0,0.0,0.0,1.0,120.0,120.0,1.0,5.8,5.8,5.8,120.0,0.0,0.0,1.0,120.0,120.0,1.0,4.49,4.49,4.49,120.0,0.0,0.0,1.0,120.0,120.0,1.0,73.6,73.6,73.6,120.0,0.0,0.0,1.0,120.0,120.0,1.0,285.7,285.7,285.7,120.0,0.0,0.0,3.0,1.0,46.0,107.0,1.0,1.0,107.0,1.0,106.0,0.0,-1.0,0.0,-1.0,0.0,-1.0,4.0,0.0,-74.0,,0.0,0.0,5.0,89.0,181.0,1.0,0.0,-8.800000000000011,8.800000000000011,-0.0957562568008706,-1,-7.500000000000002,7.500000000000002,-0.373134328358209,-1,13.099999999999994,13.099999999999994,0.1134199134199133,1,20.39999999999999,20.39999999999999,0.2939481268011525,1,2.800000000000012,2.800000000000012,0.0291363163371489,1,-0.759999999999998,0.759999999999998,-0.0202127659574467,-1,1,1,0.0714285714285714,1,0,0,0.0,0,1,0,0,0,0,28.0,1,1,90,12,0,0,1,0,0,0,1,0,0,0,200,0,46,3,0,1,0,0,1,1,0,0,0,0,0,0,0,1,0,0,0,0,0,0,0,0,0,0,0.0,0.0,0,1,1,0,0,0,0,0.7956709956709958,1.0841525756979946,46.1,84.76666666666667,11.13939393939394,10614.45,3455.4400000000005,0,0,0,0,0,0,0,1,1,0,0,0,1,3,0,0.1071428571428571,3.282142857142857,3.367295829986474,1,0,0,0,0
E000182,2026-05-15,97.8,16.7,95.8,81.0,95.8,0,37.17,14,48,Male,Hispanic/Latino,pt is coming from pcc to be admitted for iv fluids and rheum consult.,5,5,Walk-in,0,0,0,0,0,115.1,7.346,135.9,4.17,15.6,13.4,0,0,75.6,18.7,130.1,85.5,94.7,0,37.13,15,32.0,-22.2,-0.04,1,2.37,203.0,7.441,0.063,0,0,0,0,0,0,0,0,0,0,0,1,362,4,6.0,75.6,94.1,83.76666666666667,75.6,18.5,0.07825994096204,0.0173509681893943,0.2642857142857137,-0.1061616431048281,-1.0,94.1,187.0,75.6,240.0,0.0,-1.0,75.6,53.0,14.9,23.4,17.966666666666665,18.7,8.499999999999998,0.1681365555589364,0.0073167002882381,0.1285714285714283,0.038745570247304,-1.0,23.4,187.0,14.9,176.0,0.0,-1.0,18.7,53.0,120.8,139.4,130.8,130.1,18.60000000000001,0.0568446198640016,0.0102915568216984,0.4749999999999996,-0.0941851160309421,-1.0,139.4,126.0,120.8,187.0,130.1,61.0,68.6,88.1,79.23333333333333,85.5,19.5,0.0823838678081073,0.0192623638512795,-0.2071428571428573,0.044446138017757,1.0,88.1,176.0,68.6,187.0,85.5,53.0,94.7,98.3,96.8,94.7,3.5999999999999943,0.0129028884264429,-0.0044253694333306,0.0785714285714285,-0.0143276302252029,-1.0,98.3,28.0,94.7,240.0,0.0,-1.0,94.7,98.0,36.63,37.13,36.84333333333333,37.13,0.5,0.0047522106167262,0.0005780424414853,0.0096428571428569,0.0019086994627137,1.0,37.13,240.0,36.63,176.0,37.13,-1.0,13.0,15.0,14.166666666666666,15.0,2.0,0.0485071250072666,-0.000272204220284,-0.0357142857142857,0.017376062188012,1.0,15.0,0.0,13.0,126.0,0.0,-1.0,15.0,50.0,32.0,38.2,34.666666666666664,32.0,6.200000000000003,0.0742317656369953,-0.0190095495206596,-0.0857142857142859,-0.0047098273825402,1.0,38.2,0.0,32.0,126.0,0.0,-1.0,32.0,50.0,3.0,1.0,1.0,0.0,240.0,3.0,7.91,5.03,7.91,0.0,-2.88,-0.3640960809102402,1.0,0.0,240.0,3.0,143.1,139.7,143.1,0.0,-3.4000000000000057,-0.023759608665269,1.0,0.0,240.0,3.0,3.86,3.83,3.86,0.0,-0.0299999999999998,-0.0077720207253885,1.0,0.0,240.0,3.0,21.1,18.2,21.3,120.0,-2.900000000000002,-0.1374407582938389,1.0,0.0,240.0,3.0,21.4,27.3,36.6,120.0,5.900000000000002,0.2757009345794394,1.0,0.0,240.0,3.0,7.371,7.441,7.441,240.0,0.0699999999999994,0.0094966761633427,1.0,0.0,240.0,3.0,0.004,0.063,0.063,240.0,0.059,14.749999999999998,1.0,0.0,240.0,3.0,2.34,2.37,2.37,240.0,0.0300000000000002,0.0128205128205129,1.0,0.0,240.0,3.0,260.5,203.0,260.5,0.0,-57.5,-0.2207293666026871,1.0,0.0,240.0,3.0,19.4,4.2,19.4,0.0,-15.2,-0.7835051546391752,1.0,0.0,240.0,3.0,5.22,1.45,5.22,0.0,-3.77,-0.7222222222222222,1.0,0.0,240.0,3.0,98.4,92.1,98.4,0.0,-6.300000000000011,-0.0640243902439025,1.0,0.0,240.0,3.0,274.2,294.0,294.0,240.0,19.80000000000001,0.0722100656455142,0.0,0.0,-1.0,-1.0,0.0,0.0,-1.0,0.0,-1.0,0.0,-1.0,0.0,-1.0,0.0,-1.0,0.0,0.0,,,0.0,0.0,3.0,126.0,187.0,1.0,0.0,-22.200000000000003,22.200000000000003,-0.2269938650306748,-1,2.0,2.0,0.1197604790419161,1,34.3,34.3,0.3580375782881002,1,4.5,4.5,0.0555555555555555,1,-1.0999999999999943,1.0999999999999943,-0.0114822546972859,-1,-0.0399999999999991,0.0399999999999991,-0.0010761366693569,-1,1,1,0.0714285714285714,1,0,0,0.0,0,1,0,0,0,0,,0,0,69,14,0,0,0,0,0,1,0,0,0,1,116,0,40,2,0,0,0,0,1,0,0,0,0,0,0,0,1,0,0,0,0,0,0,0,0,0,0,0,0.0,0.0,0,0,0,0,0,0,0,1.0208768267223385,1.1380915438324282,14.799999999999995,85.93333333333334,49.00208768267224,9369.24,3635.226,0,0,0,1,1,0,2,1,0,2,0,0,1,4,0,,,,0,0,0,0,0
E002032,2026-05-15,115.2,20.2,94.9,75.8,95.2,0,37.53,12,19,Male,Black,General weakness. Festival attendee from VIP tent with symptom onset ~83 minutes before arrival.,4,4,Walk-in,0,0,0,0,0,87.8,7.365,137.3,4.73,14.0,12.7,1,1,89.0,18.0,117.1,71.9,96.1,0,36.86,14,41.2,-26.2,-0.67,2,1.54,254.8,7.39,0.022,0,1,0,0,0,0,0,0,0,0,0,1,362,4,8.0,81.9,108.7,95.5875,89.0,26.8,0.0893847809803076,-0.0354544114557033,0.1056205328135151,-0.0387541270295939,-1.0,108.7,30.0,81.9,38.0,0.0,-1.0,89.0,8.0,18.0,22.8,19.8125,18.0,4.800000000000001,0.0783325920963022,-0.0075684541637003,-0.0008771929824562,-0.0115089475509188,-1.0,22.8,109.0,18.0,240.0,0.0,-1.0,18.0,15.0,107.8,143.6,123.55,117.1,35.8,0.0875010807792714,0.0100318945754134,-0.2698180636777132,-0.0596056142678386,1.0,143.6,109.0,107.8,38.0,117.1,16.0,67.4,85.1,73.4375,71.9,17.69999999999999,0.0748253073390236,-0.0318227577360809,0.0941195581546456,0.013791439899896,1.0,85.1,54.0,67.4,109.0,71.9,-1.0,94.8,96.7,95.9375,96.1,1.9000000000000057,0.0057314182274717,-0.001617936229666,0.0015269655620531,0.0006844461865491,1.0,96.7,38.0,94.8,109.0,0.0,-1.0,96.1,15.0,36.86,37.39,37.17375,36.86,0.5300000000000011,0.0050808468709225,-0.0017642373056767,0.0013905133203376,-0.0014462317769971,-1.0,37.39,109.0,36.86,240.0,36.86,-1.0,12.0,14.0,13.25,14.0,2.0,0.0499198360578224,0.0029542468081903,-0.0198180636777128,0.0089400129652801,1.0,14.0,0.0,12.0,66.0,1.0,66.0,14.0,43.0,35.7,41.5,38.8375,41.2,5.799999999999997,0.0502906340428711,0.0108262796247918,-0.1117283950617286,0.0121873633745911,1.0,41.5,0.0,35.7,54.0,0.0,-1.0,41.2,12.0,3.0,1.0,1.0,0.0,240.0,3.0,5.72,10.86,10.86,240.0,5.14,0.8986013986013985,1.0,0.0,240.0,3.0,141.2,141.4,141.4,240.0,0.200000000000017,0.0014164305949009,1.0,0.0,240.0,3.0,4.33,3.53,4.33,0.0,-0.8000000000000003,-0.1847575057736721,1.0,0.0,240.0,3.0,19.0,25.1,26.0,120.0,6.100000000000001,0.3210526315789474,1.0,0.0,240.0,3.0,57.6,23.7,57.6,0.0,-33.900000000000006,-0.5885416666666667,1.0,0.0,240.0,3.0,7.356,7.39,7.39,240.0,0.0339999999999998,0.0046220772158781,1.0,0.0,240.0,3.0,0.046,0.022,0.046,0.0,-0.024,-0.5217391304347826,1.0,0.0,240.0,3.0,2.87,1.54,2.87,0.0,-1.33,-0.4634146341463415,1.0,0.0,240.0,3.0,358.6,254.8,358.6,0.0,-103.8,-0.2894590072504183,1.0,0.0,240.0,3.0,10.9,12.4,15.7,120.0,1.5,0.1376146788990825,1.0,0.0,240.0,3.0,0.47,0.1,2.22,120.0,-0.37,-0.7872340425531915,1.0,0.0,240.0,3.0,133.8,108.2,133.8,0.0,-25.60000000000001,-0.1913303437967115,1.0,0.0,240.0,3.0,284.7,276.2,297.1,120.0,-8.5,-0.0298559887600983,2.0,1.0,172.0,184.0,0.0,1.0,172.0,0.0,-1.0,0.0,-1.0,0.0,-1.0,1.0,184.0,4.0,0.0,172.0,,1.0,43.0,5.0,66.0,240.0,0.0,0.0,-26.200000000000003,26.200000000000003,-0.2274305555555555,-1,-2.2,2.2,-0.1089108910891088,-1,22.19999999999999,22.19999999999999,0.2339304531085351,1,-3.899999999999992,3.899999999999992,-0.0514511873350922,-1,0.8999999999999915,0.8999999999999915,0.0094537815126049,1,-0.6700000000000017,0.6700000000000017,-0.0178523847588596,-1,2,2,0.1666666666666666,1,0,0,0.0,0,1,0,0,0,0,83.0,1,1,96,14,0,0,0,0,1,0,0,1,0,0,233,0,41,3,0,1,0,0,0,0,0,0,0,0,0,0,0,1,0,0,0,0,0,0,0,0,0,0,0.0,0.0,0,0,1,0,0,0,0,1.21390937829294,1.402028397565923,19.10000000000001,82.16666666666667,23.06427818756586,10932.48,4323.456,0,0,0,1,0,0,1,2,1,2,0,0,2,7,1,0.0843373493975903,1.3879518072289156,4.430816798843313,0,0,0,1,1
E000295,2026-05-15,83.7,10.7,125.7,74.5,98.7,0,36.77,13,14,Male,Black,Agitation. Festival attendee from beach shuttle stop with symptom onset ~197 minutes before arrival.,5,2,EMS,0,0,0,0,0,112.5,7.441,136.8,3.94,15.1,8.7,1,1,80.1,17.9,114.1,76.4,96.2,0,36.74,14,30.9,-3.6,-0.03,1,2.01,450.6,7.362,0.021,0,0,0,0,0,0,0,0,0,0,0,1,362,4,8.0,57.0,86.2,78.4875,80.1,29.200000000000003,0.1127413986265181,0.0097513097774384,0.0288888888888886,-0.0089788634208908,-1.0,86.2,126.0,57.0,143.0,0.0,-1.0,80.1,3.0,7.0,18.8,12.85,17.9,11.8,0.3221122508370658,0.0300732939395157,-0.0044444444444444,0.0458647035859684,1.0,18.8,143.0,7.0,126.0,1.0,126.0,17.9,3.0,114.1,147.5,131.0625,114.1,33.400000000000006,0.0829710203198596,-0.0452888209993165,-0.3866666666666661,-0.1467123975238409,-1.0,147.5,143.0,114.1,240.0,114.1,-1.0,68.8,87.7,80.775,76.4,18.90000000000001,0.072718411274111,0.030112151786791,-0.2222222222222223,-0.0596285762087999,-1.0,87.7,143.0,68.8,45.0,76.4,81.0,96.2,98.8,97.2125,96.2,2.5999999999999943,0.0107327448828726,0.0036774262705846,-0.0044444444444449,-0.0116725224471582,-1.0,98.8,146.0,96.2,45.0,0.0,-1.0,96.2,94.0,36.34,36.91,36.61,36.74,0.5699999999999932,0.0049994551263925,0.0012648899250982,-0.0013333333333335,0.0008978863420892,1.0,36.91,146.0,36.34,143.0,36.74,15.0,14.0,15.0,14.5,14.0,1.0,0.0344827586206896,-0.0021438812289798,-0.0222222222222222,-0.0064134738720651,1.0,15.0,0.0,14.0,45.0,0.0,-1.0,14.0,81.0,29.0,40.1,34.974999999999994,30.9,11.1,0.1196061595486863,0.0014993769345178,0.0888888888888887,-0.0692989794211141,-1.0,40.1,129.0,29.0,161.0,1.0,161.0,30.9,32.0,1.0,1.0,1.0,240.0,240.0,1.0,3.23,3.23,3.23,240.0,0.0,0.0,1.0,240.0,240.0,1.0,137.1,137.1,137.1,240.0,0.0,0.0,1.0,240.0,240.0,1.0,3.47,3.47,3.47,240.0,0.0,0.0,1.0,240.0,240.0,1.0,24.6,24.6,24.6,240.0,0.0,0.0,1.0,240.0,240.0,1.0,28.2,28.2,28.2,240.0,0.0,0.0,1.0,240.0,240.0,1.0,7.362,7.362,7.362,240.0,0.0,0.0,1.0,240.0,240.0,1.0,0.021,0.021,0.021,240.0,0.0,0.0,1.0,240.0,240.0,1.0,2.01,2.01,2.01,240.0,0.0,0.0,1.0,240.0,240.0,1.0,450.6,450.6,450.6,240.0,0.0,0.0,1.0,240.0,240.0,1.0,6.9,6.9,6.9,240.0,0.0,0.0,1.0,240.0,240.0,1.0,2.14,2.14,2.14,240.0,0.0,0.0,1.0,240.0,240.0,1.0,99.1,99.1,99.1,240.0,0.0,0.0,1.0,240.0,240.0,1.0,280.2,280.2,280.2,240.0,0.0,0.0,1.0,1.0,45.0,45.0,1.0,0.0,-1.0,0.0,-1.0,0.0,-1.0,0.0,-1.0,1.0,45.0,3.0,0.0,-195.0,,2.0,79.0,5.0,45.0,240.0,0.0,0.0,-3.6000000000000085,3.6000000000000085,-0.0430107526881721,-1,7.199999999999999,7.199999999999999,0.6728971962616822,1,-11.600000000000009,11.600000000000009,-0.0922832140015911,-1,1.9000000000000057,1.9000000000000057,0.025503355704698,1,-2.5,2.5,-0.0253292806484295,-1,-0.0300000000000011,0.0300000000000011,-0.0008158825129181,-1,1,1,0.0769230769230769,1,0,0,0.0,0,2,0,0,0,0,197.0,1,1,100,14,0,0,0,0,1,0,0,0,1,0,210,0,37,2,0,0,1,0,0,0,0,0,0,0,0,0,0,1,0,0,0,0,0,0,0,0,1,0,0.1333333333333333,0.0,0,1,1,0,0,0,0,0.6658711217183771,0.9140880961048418,51.2,91.56666666666666,9.32219570405728,10521.09,3077.6490000000003,0,0,0,0,0,0,0,0,1,0,0,0,2,3,0,0.015228426395939,0.4248730964467005,5.288267030694535,0,1,0,0,2
E000940,2026-05-11,105.4,28.8,112.2,75.0,93.1,0,37.37,12,56,Male,Black,Chest pain. Festival attendee from main stage with symptom onset ~50 minutes before arrival.,3,6,Festival Medical Tent Transfer,1,0,0,1,1,116.4,7.332,142.9,4.44,14.8,11.9,1,1,113.5,26.2,143.1,72.0,95.2,0,36.73,15,40.2,8.1,-0.64,3,,,,,0,1,0,0,0,0,0,0,0,0,0,0,358,0,7.0,92.2,116.5,104.87142857142857,113.5,24.3,0.0791662152913918,0.0263313587750399,-0.1555301645338205,0.0338944087278396,-1.0,116.5,26.0,92.2,54.0,0.0,-1.0,113.5,28.0,20.8,26.2,23.385714285714283,26.2,5.399999999999999,0.0710559121495191,0.0156757173372091,-0.0184643510054844,0.0279719462302746,1.0,26.2,240.0,20.8,69.0,2.0,138.0,26.2,3.0,101.4,143.1,118.28571428571428,143.1,41.69999999999999,0.1015895051070766,0.0871000418400827,0.0320383912248623,0.1423339177868694,1.0,143.1,240.0,101.4,138.0,143.1,-1.0,70.2,95.1,77.97142857142856,72.0,24.89999999999999,0.0968906000042632,-0.0582725918096202,-0.4584552102376604,-0.036578998636275,1.0,95.1,0.0,70.2,54.0,72.0,-1.0,91.7,97.0,94.4,95.2,5.299999999999997,0.0186598821329277,0.0075789272790002,0.014853747714808,-0.0007948568088836,-1.0,97.0,69.0,91.7,0.0,0.0,-1.0,95.2,3.0,36.73,37.4,37.184285714285714,36.73,0.6700000000000017,0.005401344928594,-0.0021603062400445,-0.001558500914077,-0.0026054938632379,-1.0,37.4,26.0,36.73,240.0,36.73,-1.0,12.0,15.0,13.142857142857142,15.0,3.0,0.0753065568508207,0.0099278442080847,-0.0182815356489945,0.0084550944866549,1.0,15.0,240.0,12.0,26.0,2.0,26.0,15.0,-1.0,36.6,44.9,41.07142857142857,40.2,8.299999999999997,0.0689854098160315,-0.005888074108329,-0.0411791590493604,-0.0045782193648937,1.0,44.9,0.0,36.6,26.0,0.0,-1.0,40.2,28.0,1.0,1.0,1.0,120.0,120.0,1.0,8.87,8.87,8.87,120.0,0.0,0.0,1.0,120.0,120.0,1.0,131.3,131.3,131.3,120.0,0.0,0.0,1.0,120.0,120.0,1.0,4.44,4.44,4.44,120.0,0.0,0.0,1.0,120.0,120.0,1.0,21.3,21.3,21.3,120.0,0.0,0.0,1.0,120.0,120.0,1.0,54.5,54.5,54.5,120.0,0.0,0.0,1.0,120.0,120.0,1.0,7.335,7.335,7.335,120.0,0.0,0.0,1.0,120.0,120.0,1.0,0.062,0.062,0.062,120.0,0.0,0.0,1.0,120.0,120.0,1.0,2.12,2.12,2.12,120.0,0.0,0.0,1.0,120.0,120.0,1.0,582.5,582.5,582.5,120.0,0.0,0.0,1.0,120.0,120.0,1.0,17.8,17.8,17.8,120.0,0.0,0.0,1.0,120.0,120.0,1.0,2.46,2.46,2.46,120.0,0.0,0.0,1.0,120.0,120.0,1.0,95.8,95.8,95.8,120.0,0.0,0.0,1.0,120.0,120.0,1.0,296.4,296.4,296.4,120.0,0.0,0.0,2.0,1.0,66.0,174.0,0.0,1.0,174.0,0.0,-1.0,0.0,-1.0,0.0,-1.0,1.0,66.0,4.0,0.0,-54.0,,4.0,102.0,4.0,26.0,240.0,0.0,0.0,8.099999999999994,8.099999999999994,0.0768500948766602,1,-2.6000000000000014,2.6000000000000014,-0.0902777777777778,-1,30.89999999999999,30.89999999999999,0.2754010695187165,1,-3.0,3.0,-0.04,-1,2.1000000000000085,2.1000000000000085,0.0225563909774437,1,-0.6400000000000006,0.6400000000000006,-0.0171260369280171,-1,3,3,0.25,1,0,0,0.0,0,2,0,0,0,0,50.0,1,1,92,14,1,0,0,0,0,0,1,0,0,0,244,0,43,2,0,0,1,0,0,0,1,0,0,0,0,0,1,0,0,0,0,0,0,0,0,0,0,0,0.0,0.0,0,1,0,0,0,0,0,0.9393939393939394,1.2059496567505723,37.2,87.4,52.60606060606061,11825.88,3938.798,0,0,0,0,1,0,1,1,3,0,1,0,2,7,1,0.14,2.108,3.9318256327243257,1,0,3,2,1
E000241,2026-05-15,104.5,26.7,100.1,63.0,94.2,1,37.34,11,54,Female,Black,Nausea/vomiting. Festival attendee from VIP tent with symptom onset ~94 minutes before arrival.,3,6,EMS,0,1,0,0,0,109.6,7.369,137.6,4.8,12.8,15.3,1,1,92.7,23.5,132.8,72.5,97.3,0,36.84,14,37.1,-11.8,-0.5,3,,,,,1,1,0,0,1,0,1,0,0,0,0,0,362,4,9.0,80.7,106.8,95.52222222222224,92.7,26.099999999999994,0.0698140788720502,-0.0595972449344263,0.0,-0.0819615684908809,1.0,106.8,101.0,80.7,200.0,0.0,-1.0,92.7,40.0,18.2,24.4,21.61111111111111,23.5,6.199999999999999,0.1040975582658764,-0.0036677351931469,0.0,0.0101482326111744,1.0,24.4,123.0,18.2,112.0,2.0,0.0,23.5,11.0,113.5,133.8,124.84444444444443,132.8,20.30000000000001,0.06154902920173,0.0396400762408081,0.0,0.0408024445180891,1.0,133.8,179.0,113.5,101.0,132.8,21.0,69.4,84.2,76.73333333333333,72.5,14.799999999999995,0.0587780443982027,-0.0169681824581162,0.0,-0.0053794002168164,1.0,84.2,101.0,69.4,71.0,72.5,30.0,94.4,97.3,95.96666666666664,97.3,2.8999999999999915,0.0082049404730932,0.0067024767433045,0.0,0.0112716324685023,1.0,97.3,240.0,94.4,71.0,0.0,-1.0,97.3,-1.0,36.84,37.78,37.23555555555556,36.84,0.9399999999999976,0.0087208556570832,-0.0031457726421121,0.0,-0.0028979222719639,-1.0,37.78,71.0,36.84,240.0,36.84,-1.0,12.0,15.0,13.444444444444445,14.0,3.0,0.0618455766408915,0.0036089842861629,0.0,0.0102847256938398,0.0,15.0,200.0,12.0,112.0,1.0,112.0,14.0,11.0,36.3,42.3,39.51111111111111,37.1,6.0,0.0479831976616371,-0.0155660121941974,0.0,-0.0104874993680876,-1.0,42.3,0.0,36.3,137.0,0.0,-1.0,37.1,63.0,1.0,1.0,1.0,120.0,120.0,1.0,7.14,7.14,7.14,120.0,0.0,0.0,1.0,120.0,120.0,1.0,140.8,140.8,140.8,120.0,0.0,0.0,1.0,120.0,120.0,1.0,3.62,3.62,3.62,120.0,0.0,0.0,1.0,120.0,120.0,1.0,20.9,20.9,20.9,120.0,0.0,0.0,1.0,120.0,120.0,1.0,52.4,52.4,52.4,120.0,0.0,0.0,1.0,120.0,120.0,1.0,7.337,7.337,7.337,120.0,0.0,0.0,1.0,120.0,120.0,1.0,0.024,0.024,0.024,120.0,0.0,0.0,1.0,120.0,120.0,1.0,2.27,2.27,2.27,120.0,0.0,0.0,1.0,120.0,120.0,1.0,419.5,419.5,419.5,120.0,0.0,0.0,1.0,120.0,120.0,1.0,7.7,7.7,7.7,120.0,0.0,0.0,1.0,120.0,120.0,1.0,6.57,6.57,6.57,120.0,0.0,0.0,1.0,120.0,120.0,1.0,127.4,127.4,127.4,120.0,0.0,0.0,1.0,120.0,120.0,1.0,286.9,286.9,286.9,120.0,0.0,0.0,4.0,1.0,80.0,195.0,0.0,1.0,80.0,1.0,195.0,0.0,-1.0,0.0,-1.0,1.0,145.0,4.0,0.0,-40.0,,3.0,71.0,5.0,112.0,200.0,1.0,0.0,-11.799999999999995,11.799999999999995,-0.1129186602870813,-1,-3.2,3.2,-0.1198501872659175,-1,32.70000000000002,32.70000000000002,0.3266733266733269,1,9.5,9.5,0.1507936507936507,1,3.0999999999999943,3.0999999999999943,0.0329087048832271,1,-0.5,0.5,-0.0133904659882163,-1,3,3,0.2727272727272727,1,-1,1,-1.0,-1,0,0,0,0,1,94.0,1,1,95,13,0,0,0,0,1,0,0,1,0,0,230,1,51,2,0,0,0,0,1,0,0,0,0,0,0,0,0,1,0,0,0,0,0,0,0,0,0,0,0.0,0.0,0,0,1,0,0,0,0,1.043956043956044,1.3865546218487397,37.1,75.36666666666666,56.37362637362638,10460.45,3902.03,0,0,0,1,0,0,1,1,3,1,1,0,3,9,1,0.0957446808510638,1.1117021276595744,4.553876891600541,0,0,1,2,1
E000277,2026-05-13,87.3,12.1,130.9,79.0,94.8,0,37.37,13,60,Non-binary,White,Altered mental status. Community patient from home with symptom onset ~46 minutes before arrival.,4,4,EMS,0,1,1,0,0,139.1,7.323,130.2,4.21,11.1,11.0,0,0,80.0,15.6,111.6,66.9,98.7,0,36.72,15,32.0,-7.3,-0.65,2,1.89,81.6,7.397,0.034,0,1,0,0,1,0,0,0,0,0,0,1,360,2,6.0,78.3,96.4,85.03333333333335,80.0,18.10000000000001,0.0831859841925584,0.0301443238728092,0.005128205128205,-0.0196924267337269,-1.0,96.4,203.0,78.3,0.0,0.0,-1.0,80.0,37.0,10.9,16.9,14.95,15.6,5.999999999999998,0.1370149390212132,-0.0115035828129857,-0.076923076923077,-0.0162007931134539,1.0,16.9,0.0,10.9,203.0,0.0,-1.0,15.6,37.0,100.6,140.3,117.53333333333336,111.6,39.70000000000002,0.1245020718100518,-0.1224037247770343,-0.16923076923077,-0.0095705580810526,1.0,140.3,0.0,100.6,203.0,111.6,-1.0,66.1,86.3,74.85000000000001,66.9,20.200000000000003,0.1039561832132396,0.0136476519745739,0.0871794871794869,-0.0635071090047394,-1.0,86.3,88.0,66.1,0.0,66.9,152.0,95.9,98.7,97.18333333333334,98.7,2.799999999999997,0.0103823089471207,0.0049155519929281,-0.043589743589744,0.0143002224586515,1.0,98.7,240.0,95.9,73.0,0.0,-1.0,98.7,130.0,36.72,37.07,36.86833333333333,36.72,0.3500000000000014,0.0033711004362374,-0.0007881439418059,-0.0079487179487181,-0.0008100396556727,1.0,37.07,0.0,36.72,240.0,36.72,-1.0,14.0,15.0,14.833333333333334,15.0,1.0,0.0251243592977504,-0.0021538081200438,-2.082012197684506e-17,-0.0025147499758197,1.0,15.0,0.0,14.0,203.0,0.0,-1.0,15.0,37.0,31.8,40.5,35.88333333333333,32.0,8.7,0.0893579329029016,-0.0234270645655487,-0.1102564102564101,-0.0149821065867105,1.0,40.5,0.0,31.8,88.0,0.0,-1.0,32.0,-1.0,2.0,1.0,1.0,0.0,240.0,2.0,4.0,9.16,9.16,240.0,5.16,1.29,1.0,0.0,240.0,2.0,138.5,142.5,142.5,240.0,4.0,0.0288808664259927,1.0,0.0,240.0,2.0,3.83,4.26,4.26,240.0,0.4299999999999997,0.1122715404699738,1.0,0.0,240.0,2.0,20.1,26.2,26.2,240.0,6.099999999999998,0.3034825870646765,1.0,0.0,240.0,2.0,24.8,17.3,24.8,0.0,-7.5,-0.3024193548387097,1.0,0.0,240.0,2.0,7.374,7.397,7.397,240.0,0.0230000000000005,0.0031190669921346,1.0,0.0,240.0,2.0,0.031,0.034,0.034,240.0,0.003,0.0967741935483871,1.0,0.0,240.0,2.0,2.2,1.89,2.2,0.0,-0.3100000000000003,-0.140909090909091,1.0,0.0,240.0,2.0,340.3,81.6,340.3,0.0,-258.70000000000005,-0.7602115780193948,1.0,0.0,240.0,2.0,14.7,6.1,14.7,0.0,-8.6,-0.5850340136054422,1.0,0.0,240.0,2.0,2.37,2.41,2.41,240.0,0.04,0.0168776371308017,1.0,0.0,240.0,2.0,85.1,82.1,85.1,0.0,-3.0,-0.0352526439482961,1.0,0.0,240.0,2.0,290.0,300.7,300.7,240.0,10.699999999999989,0.0368965517241378,3.0,1.0,80.0,154.0,0.0,1.0,154.0,0.0,-1.0,0.0,-1.0,0.0,-1.0,1.0,80.0,4.0,0.0,80.0,,0.0,0.0,3.0,203.0,203.0,1.0,0.0,-7.299999999999997,7.299999999999997,-0.0836197021764031,-1,3.5,3.5,0.2892561983471075,1,-19.30000000000001,19.30000000000001,-0.1474407944996181,-1,-12.099999999999994,12.099999999999994,-0.1531645569620252,-1,3.9000000000000057,3.9000000000000057,0.0411392405063291,1,-0.6499999999999986,0.6499999999999986,-0.0173936312550173,-1,2,2,0.1538461538461538,1,0,0,0.0,0,2,0,0,0,0,46.0,1,0,97,14,0,0,0,0,0,1,1,0,0,0,122,0,46,1,0,0,0,0,0,1,0,0,0,0,0,0,0,0,0,0,0,0,0,0,0,0,0,0,0.0,0.1176470588235294,0,1,0,0,0,0,0,0.6669213139801374,0.9065420560747663,51.900000000000006,96.3,40.01527883880824,11427.57,3262.401,0,1,0,0,1,0,2,0,0,0,1,0,2,3,0,0.0652173913043478,1.8978260869565216,3.8501476017100575,1,0,2,0,1
E001493,2026-05-13,85.1,17.2,131.6,80.5,97.9,0,37.05,13,37,Male,Asian,patient able to eat/drink bur more painful Vaginal Bleeding since yesterday.,5,2,Walk-in,0,0,0,0,0,89.4,7.412,135.3,3.72,11.2,7.2,0,0,85.0,12.6,119.9,81.2,96.9,0,36.77,15,33.0,-0.1,-0.28,2,,,,,0,0,0,0,0,0,0,0,0,0,0,0,360,2,8.0,69.8,91.3,78.925,85.0,21.5,0.0878683663566622,0.0087907413818686,0.3078431372549016,0.0873255777492083,-1.0,91.3,51.0,69.8,101.0,0.0,-1.0,80.96666666666667,50.0,11.3,19.6,15.175,12.6,8.3,0.1729661874110679,0.0008219991097482,0.0999999999999999,-0.0303126273870371,-1.0,19.6,145.0,11.3,0.0,0.0,-1.0,13.8,75.0,111.2,138.9,124.425,119.9,27.700000000000003,0.0819019598398912,-0.046760967406894,-0.4843137254901961,-0.1138722523595995,1.0,138.9,101.0,111.2,220.0,119.3,-1.0,71.3,92.2,82.5875,81.2,20.90000000000001,0.0881428567255313,0.0128280330382315,0.3843137254901958,-0.0184785676209587,-1.0,92.2,130.0,71.3,0.0,81.06666666666666,81.0,95.9,97.9,96.9875,96.9,2.0,0.0057044196356052,-0.0054359760621197,-0.0156862745098044,-0.0063748392963531,1.0,97.9,0.0,95.9,211.0,0.0,-1.0,96.46666666666664,29.0,36.44,36.98,36.7075,36.77,0.5399999999999991,0.0044530057994353,0.0002691527770908,-0.0029411764705883,0.0019808096328118,-1.0,36.98,220.0,36.44,145.0,36.796666666666674,66.0,14.0,15.0,14.75,15.0,1.0,0.029356793348625,0.0028586972649488,0.0196078431372548,0.0027907560126681,-1.0,15.0,51.0,14.0,0.0,0.0,-1.0,15.0,79.0,33.0,46.4,39.125,33.0,13.4,0.1006729492842756,-0.0420386764924081,-0.1392156862745098,-0.0522937505879401,1.0,46.4,0.0,33.0,240.0,0.0,-1.0,35.0,-1.0,0.0,0.0,0.0,,,,,,,,,,0.0,,,,,,,,,,0.0,,,,,,,,,,0.0,,,,,,,,,,0.0,,,,,,,,,,0.0,,,,,,,,,,0.0,,,,,,,,,,0.0,,,,,,,,,,0.0,,,,,,,,,,0.0,,,,,,,,,,0.0,,,,,,,,,,0.0,,,,,,,,,,0.0,,,,,,,,,,0.0,0.0,-1.0,-1.0,0.0,0.0,-1.0,0.0,-1.0,0.0,-1.0,0.0,-1.0,0.0,-1.0,0.0,0.0,,,0.0,0.0,4.0,0.0,211.0,1.0,0.0,-0.0999999999999943,0.0999999999999943,-0.0011750881316098,-1,-4.6,4.6,-0.2674418604651162,-1,-11.699999999999989,11.699999999999989,-0.0889057750759877,-1,0.7000000000000028,0.7000000000000028,0.008695652173913,1,-1.0,1.0,-0.010214504596527,-1,-0.279999999999994,0.279999999999994,-0.0075573549257758,-1,2,2,0.1538461538461538,1,0,0,0.0,0,2,0,0,0,0,,0,0,76,11,0,0,0,0,0,1,0,0,0,1,104,0,41,2,0,0,0,0,1,0,0,0,0,0,0,0,0,1,0,0,0,0,0,0,0,0,0,0,0.0,0.0,0,1,1,0,0,0,0,0.6466565349544072,0.8725222146274776,51.1,97.53333333333332,23.926291793313062,11199.159999999998,3152.9549999999995,0,0,0,0,0,0,0,0,0,0,0,0,2,2,0,,,,0,0,0,0,1
E001124,2026-05-15,120.4,29.8,118.4,82.4,95.8,1,37.79,11,25,Male,White,General weakness. Festival attendee from beach shuttle stop with symptom onset ~109 minutes before arrival.,2,9,Festival Medical Tent Transfer,0,0,0,0,1,137.2,7.367,136.5,4.82,12.7,16.1,1,1,110.9,19.9,112.3,76.1,96.3,0,37.4,12,43.5,-9.5,-0.39,1,1.63,823.0,7.346,0.073,1,1,1,1,0,0,1,0,0,0,0,1,362,4,9.0,86.1,126.0,107.6,110.9,39.900000000000006,0.0976372268847673,-0.0379966289429331,0.4557692307692305,-0.0499274442227464,-1.0,126.0,52.0,86.1,181.0,0.0,-1.0,106.0,77.0,17.9,28.1,20.888888888888893,19.9,10.200000000000005,0.1472837666619668,-0.0045596222275731,0.1884615384615384,0.0336205332849627,-1.0,28.1,52.0,17.9,129.0,2.0,52.0,22.05,77.0,110.5,128.8,119.93333333333334,112.3,18.30000000000001,0.0493092741159424,0.0246147363351792,0.0269230769230765,0.0184708869943768,-1.0,128.8,164.0,110.5,129.0,118.95,15.0,69.1,86.8,76.36666666666667,76.1,17.700000000000003,0.0722467790002639,0.0225760494421701,-0.103846153846154,-0.0266878287683658,-1.0,86.8,213.0,69.1,52.0,81.44999999999999,27.0,91.7,97.5,95.02222222222224,96.3,5.799999999999997,0.0185807396890443,0.013830698022848,0.0519230769230769,-0.0023163431888265,-1.0,97.5,207.0,91.7,0.0,0.0,-1.0,95.35,6.0,37.04,37.4,37.29333333333333,37.4,0.3599999999999994,0.0027022196027585,8.568103379072481e-05,-0.0019230769230771,0.0023767458733901,1.0,37.4,240.0,37.04,129.0,37.34,35.0,10.0,13.0,11.88888888888889,12.0,3.0,0.0735888586356244,0.0039061454905422,-0.0384615384615384,-0.0051514601850172,1.0,13.0,179.0,10.0,52.0,7.0,0.0,11.5,77.0,34.0,43.6,40.28888888888889,43.5,9.6,0.0817741502625338,-0.0040519570859084,0.0019230769230767,0.0134645383638671,1.0,43.6,179.0,34.0,164.0,0.0,-1.0,42.65,15.0,2.0,1.0,1.0,120.0,240.0,2.0,9.96,8.06,9.96,120.0,-1.9000000000000004,-0.1907630522088353,1.0,120.0,240.0,2.0,140.8,138.5,140.8,120.0,-2.300000000000012,-0.0163352272727273,1.0,120.0,240.0,2.0,4.53,4.0,4.53,120.0,-0.5300000000000002,-0.1169977924944812,1.0,120.0,240.0,2.0,25.5,19.9,25.5,120.0,-5.600000000000001,-0.2196078431372549,1.0,120.0,240.0,2.0,33.5,49.1,49.1,240.0,15.6,0.4656716417910448,1.0,120.0,240.0,2.0,7.319,7.346,7.346,240.0,0.0270000000000001,0.0036890285558136,1.0,120.0,240.0,2.0,0.091,0.073,0.091,120.0,-0.018,-0.1978021978021978,1.0,120.0,240.0,2.0,2.87,1.63,2.87,120.0,-1.2400000000000002,-0.4320557491289199,1.0,120.0,240.0,2.0,627.7,823.0,823.0,240.0,195.29999999999995,0.3111358929424883,1.0,120.0,240.0,2.0,12.3,20.7,20.7,240.0,8.399999999999999,0.6829268292682925,1.0,120.0,240.0,2.0,4.06,2.71,4.06,120.0,-1.3499999999999996,-0.3325123152709359,1.0,120.0,240.0,2.0,128.8,111.6,128.8,120.0,-17.200000000000017,-0.1335403726708075,1.0,120.0,240.0,2.0,300.9,285.6,300.9,120.0,-15.299999999999956,-0.0508474576271184,5.0,1.0,12.0,178.0,2.0,1.0,30.0,1.0,12.0,1.0,160.0,1.0,163.0,1.0,178.0,7.0,1.0,-108.0,,9.0,179.0,6.0,52.0,181.0,1.0,0.0,-9.5,9.5,-0.0789036544850498,-1,-9.900000000000002,9.900000000000002,-0.3322147651006712,-1,-6.1000000000000085,6.1000000000000085,-0.0515202702702703,-1,-6.300000000000011,6.300000000000011,-0.0764563106796117,-1,0.5,0.5,0.0052192066805845,1,-0.3900000000000005,0.3900000000000005,-0.0103201905265943,-1,1,1,0.0909090909090909,1,-1,1,-1.0,-1,1,0,0,0,1,109.0,1,1,107,15,0,0,0,0,1,0,0,1,0,0,212,0,51,3,0,0,0,1,0,0,0,0,1,0,1,1,0,0,0,1,0,0,0,0,0,0,0,0,0.0,0.0,0,0,1,1,0,0,1,1.016891891891892,1.275423728813559,36.0,94.4,25.4222972972973,14255.36,4549.916,0,0,0,1,0,0,1,2,3,0,0,0,3,8,1,0.073394495412844,1.1045871559633027,4.700480365792417,0,0,1,2,1
E000577,2026-05-14,80.6,24.5,113.4,77.3,96.9,0,37.26,13,65,Female,Hispanic/Latino,Nausea/vomiting. Community patient from shopping area with symptom onset ~94 minutes before arrival.,4,3,Walk-in,1,0,1,0,1,126.3,7.376,138.5,4.55,13.5,10.0,0,0,83.5,11.9,118.2,65.9,95.7,0,36.71,14,31.0,2.9,-0.55,1,,,,,0,1,1,0,0,0,0,0,0,0,0,0,361,3,7.0,76.7,103.9,87.01428571428572,83.5,27.200000000000003,0.0998096842210266,-0.076638941579443,-0.5000000000000008,-0.0389173163170092,1.0,103.9,0.0,76.7,149.0,0.0,-1.0,83.5,-1.0,11.9,18.9,14.642857142857142,11.9,6.999999999999998,0.1921530225031832,-0.0181706218698398,-0.1696969696969696,-0.0301206995153959,1.0,18.9,100.0,11.9,109.0,0.0,-1.0,11.9,40.0,109.0,138.0,121.37142857142858,118.2,29.0,0.0863870220767146,-0.0453311999344965,0.7030303030303022,-0.1141107064383107,-1.0,138.0,100.0,109.0,185.0,118.2,9.0,64.8,84.9,75.45714285714287,65.9,20.10000000000001,0.1041674907515406,-0.0531724641438882,0.0787878787878786,-0.0096243566204135,-1.0,84.9,149.0,64.8,109.0,65.9,40.0,95.7,99.4,97.34285714285716,95.7,3.700000000000003,0.0136602010897799,-0.0009187488912238,0.0818181818181813,-0.012422117207958,-1.0,99.4,149.0,95.7,0.0,0.0,-1.0,95.7,36.0,36.4,37.18,36.90285714285714,36.71,0.7800000000000011,0.0070406310958773,-0.002196638873347,0.002424242424242,-0.0020207386449147,-1.0,37.18,33.0,36.4,149.0,36.71,36.0,13.0,15.0,13.714285714285714,14.0,2.0,0.0510310363079828,0.0065946587699067,-5.152009626657826e-17,0.0057189296571652,-1.0,15.0,185.0,13.0,0.0,0.0,-1.0,14.0,55.0,30.9,43.9,35.7,31.0,13.0,0.1263657076850213,-0.0088432565946587,-0.06969696969697,-0.0070869578304187,-1.0,43.9,185.0,30.9,109.0,0.0,-1.0,31.0,76.0,1.0,1.0,1.0,0.0,0.0,1.0,6.74,6.74,6.74,0.0,0.0,0.0,1.0,0.0,0.0,1.0,141.4,141.4,141.4,0.0,0.0,0.0,1.0,0.0,0.0,1.0,3.59,3.59,3.59,0.0,0.0,0.0,1.0,0.0,0.0,1.0,24.7,24.7,24.7,0.0,0.0,0.0,1.0,0.0,0.0,1.0,45.5,45.5,45.5,0.0,0.0,0.0,1.0,0.0,0.0,1.0,7.351,7.351,7.351,0.0,0.0,0.0,1.0,0.0,0.0,1.0,0.035,0.035,0.035,0.0,0.0,0.0,1.0,0.0,0.0,1.0,0.86,0.86,0.86,0.0,0.0,0.0,1.0,0.0,0.0,1.0,20.0,20.0,20.0,0.0,0.0,0.0,1.0,0.0,0.0,1.0,10.5,10.5,10.5,0.0,0.0,0.0,1.0,0.0,0.0,1.0,5.39,5.39,5.39,0.0,0.0,0.0,1.0,0.0,0.0,1.0,91.1,91.1,91.1,0.0,0.0,0.0,1.0,0.0,0.0,1.0,287.5,287.5,287.5,0.0,0.0,0.0,2.0,1.0,86.0,99.0,0.0,1.0,86.0,0.0,-1.0,0.0,-1.0,1.0,99.0,0.0,-1.0,5.0,0.0,86.0,,0.0,0.0,3.0,0.0,185.0,1.0,0.0,2.9000000000000057,2.9000000000000057,0.0359801488833747,1,-12.6,12.6,-0.5142857142857142,-1,4.799999999999997,4.799999999999997,0.0423280423280423,1,-11.399999999999991,11.399999999999991,-0.1474773609314358,-1,-1.2000000000000028,1.2000000000000028,-0.0123839009287925,-1,-0.5499999999999972,0.5499999999999972,-0.0147611379495436,-1,1,1,0.0769230769230769,1,0,0,0.0,0,3,0,0,0,0,94.0,1,0,100,13,0,0,0,1,0,1,0,1,0,0,120,0,43,3,0,0,0,0,0,1,0,0,0,0,0,0,0,0,0,0,0,0,0,0,0,1,0,0,0.0,0.0,0,1,1,0,0,0,0,0.710758377425044,0.9022388059701492,36.10000000000001,89.33333333333333,46.19929453262786,9140.04,3003.1559999999995,0,0,0,0,0,0,0,0,2,0,0,0,2,4,0,0.0425531914893617,0.8574468085106383,4.553876891600541,0,0,3,1,1
E001544,2026-05-15,87.5,15.7,123.2,73.0,96.1,0,37.13,13,14,Female,Black,Altered mental status. Festival attendee from main stage with symptom onset ~180 minutes before arrival.,4,5,Walk-in,0,0,0,0,0,118.7,7.36,143.4,3.98,13.0,9.3,1,1,84.3,18.2,114.6,74.8,96.5,0,37.09,15,33.7,-3.2,-0.04,2,,,,,1,0,0,0,0,0,0,0,0,0,0,0,362,4,8.0,57.8,102.2,84.7625,84.3,44.400000000000006,0.1705272875082769,-0.0111502532508318,-0.4272727272727279,-0.0480177902921322,1.0,102.2,90.0,57.8,22.0,0.0,-1.0,84.3,11.0,10.6,18.9,16.025,18.2,8.299999999999999,0.1682771562951993,0.0198725059136407,0.2246753246753246,0.0033340799283268,0.0,18.9,123.0,10.6,0.0,0.0,-1.0,18.2,-1.0,113.7,139.5,124.425,114.6,25.8,0.0711019231380547,-0.0362804869899905,-0.1012987012987002,0.0160416600006396,-1.0,139.5,160.0,113.7,123.0,114.6,26.0,63.7,87.3,73.89999999999999,74.8,23.599999999999994,0.105239652188878,-0.002315741644059,0.3811688311688305,0.027741336831664,-1.0,87.3,123.0,63.7,90.0,74.8,26.0,94.9,97.7,96.2625,96.5,2.799999999999997,0.0080120622521243,0.0050770443823751,-0.039610389610388,0.0016126451860616,-1.0,97.7,160.0,94.9,33.0,0.0,-1.0,96.5,80.0,36.87,37.37,37.0625,37.09,0.5,0.0043480127809735,0.0001175511513222,-0.0031818181818183,0.0013609893450228,-1.0,37.37,149.0,36.87,90.0,37.09,11.0,13.0,15.0,14.125,15.0,2.0,0.0552654690123752,0.0012589038715971,-0.0324675324675325,0.0128787636386906,1.0,15.0,0.0,13.0,90.0,0.0,-1.0,15.0,33.0,33.7,39.9,36.4625,33.7,6.199999999999996,0.0524668305778092,-0.0217132853114516,-0.1116883116883118,-0.0181390586503696,-1.0,39.9,0.0,33.7,240.0,0.0,-1.0,33.7,-1.0,0.0,0.0,0.0,,,,,,,,,,0.0,,,,,,,,,,0.0,,,,,,,,,,0.0,,,,,,,,,,0.0,,,,,,,,,,0.0,,,,,,,,,,0.0,,,,,,,,,,0.0,,,,,,,,,,0.0,,,,,,,,,,0.0,,,,,,,,,,0.0,,,,,,,,,,0.0,,,,,,,,,,0.0,,,,,,,,,,1.0,1.0,146.0,146.0,0.0,0.0,-1.0,1.0,146.0,0.0,-1.0,0.0,-1.0,0.0,-1.0,2.0,0.0,,,0.0,0.0,4.0,90.0,240.0,0.0,0.0,-3.200000000000003,3.200000000000003,-0.0365714285714286,-1,2.5,2.5,0.1592356687898089,1,-8.600000000000009,8.600000000000009,-0.0698051948051948,-1,1.7999999999999972,1.7999999999999972,0.0246575342465753,1,0.4000000000000057,0.4000000000000057,0.004162330905307,1,-0.0399999999999991,0.0399999999999991,-0.0010772959870724,-1,2,2,0.1538461538461538,1,0,0,0.0,0,1,0,0,0,0,180.0,1,1,104,15,1,0,0,0,0,0,0,0,1,0,219,0,37,3,0,0,0,0,1,0,0,0,0,0,0,0,1,0,0,0,0,0,0,0,0,0,0,0,0.0,0.1111111111111111,0,1,1,0,0,0,0,0.7102272727272727,0.975111441307578,50.2,89.73333333333333,9.943181818181818,10780.0,3248.875,0,0,0,0,0,0,0,0,0,0,0,0,2,2,0,0.0111111111111111,0.4861111111111111,5.198497031265826,0,0,0,0,1
E001397,2026-05-14,91.7,25.0,139.5,75.7,97.1,1,37.59,11,17,Male,Native American,Headache. Festival attendee from festival medical tent with symptom onset ~287 minutes before arrival.,4,4,EMS,0,0,0,0,1,100.4,7.324,134.6,4.26,13.2,12.7,1,1,88.7,21.3,131.4,82.8,97.5,0,36.96,13,38.2,-3.0,-0.63,2,1.34,396.8,7.301,0.038,1,0,0,0,0,0,0,0,0,0,0,1,361,3,8.0,83.2,101.9,89.875,88.7,18.700000000000003,0.0639069572688777,0.0123463114754099,0.4119999999999993,0.1084700824077393,-1.0,101.9,221.0,83.2,145.0,0.0,-1.0,95.3,19.0,11.0,21.3,16.5375,21.3,10.3,0.1701184102744132,0.0075497115968428,0.0719999999999997,0.0269939089931923,1.0,21.3,240.0,11.0,186.0,0.0,-1.0,18.700000000000003,-1.0,118.6,144.2,130.375,131.4,25.599999999999994,0.0569904729123263,0.040558591378264,-0.1240000000000007,0.1011895378000717,-1.0,144.2,221.0,118.6,155.0,137.8,19.0,69.7,82.8,77.6625,82.8,13.099999999999994,0.0565159951073976,0.0285765786278083,-0.0520000000000004,0.1178072375492653,1.0,82.8,240.0,69.7,155.0,82.75,17.0,96.0,98.9,97.5375,97.5,2.9000000000000057,0.0092547682813691,-0.0012352003642984,-0.0520000000000007,-0.0113651021139374,1.0,98.9,172.0,96.0,186.0,0.0,-1.0,97.25,54.0,36.83,37.27,37.06625,36.96,0.4400000000000048,0.0037234971695834,-0.0003754933211899,0.0011999999999997,0.0005388749552131,-1.0,37.27,221.0,36.83,186.0,37.115,35.0,12.0,14.0,13.0,13.0,2.0,0.0384615384615384,0.000265634486946,-6.80065270718833e-17,0.0020064493013256,0.0,14.0,186.0,12.0,172.0,1.0,172.0,13.0,14.0,34.6,44.8,38.675,38.2,10.199999999999996,0.0876240576065026,0.0163023679417123,0.2079999999999995,0.0402579720530275,-1.0,44.8,221.0,34.6,0.0,0.0,-1.0,41.5,19.0,3.0,1.0,1.0,0.0,240.0,3.0,7.05,9.36,9.36,240.0,2.31,0.3276595744680851,1.0,0.0,240.0,3.0,142.1,136.1,142.1,0.0,-6.0,-0.0422237860661506,1.0,0.0,240.0,3.0,4.08,4.26,4.26,240.0,0.1799999999999997,0.0441176470588234,1.0,0.0,240.0,3.0,26.6,20.8,26.6,0.0,-5.800000000000001,-0.2180451127819549,1.0,0.0,240.0,3.0,23.6,17.0,42.6,120.0,-6.600000000000001,-0.2796610169491526,1.0,0.0,240.0,3.0,7.358,7.301,7.358,0.0,-0.0569999999999994,-0.0077466702908398,1.0,0.0,240.0,3.0,0.056,0.038,0.056,0.0,-0.018,-0.3214285714285714,1.0,0.0,240.0,3.0,2.82,1.34,2.82,0.0,-1.4799999999999998,-0.524822695035461,1.0,0.0,240.0,3.0,540.9,396.8,540.9,0.0,-144.09999999999997,-0.2664078387872065,1.0,0.0,240.0,3.0,22.1,6.2,22.1,0.0,-15.900000000000002,-0.7194570135746606,1.0,0.0,240.0,3.0,1.4,2.25,8.18,120.0,0.8500000000000001,0.6071428571428572,1.0,0.0,240.0,3.0,86.2,92.1,106.5,120.0,5.899999999999992,0.0684454756380509,1.0,0.0,240.0,3.0,291.1,303.2,303.2,240.0,12.099999999999966,0.041566472002748,1.0,1.0,217.0,217.0,0.0,0.0,-1.0,1.0,217.0,0.0,-1.0,0.0,-1.0,0.0,-1.0,2.0,0.0,217.0,,1.0,14.0,5.0,172.0,186.0,1.0,0.0,-3.0,3.0,-0.0327153762268266,-1,-3.6999999999999993,3.6999999999999993,-0.1479999999999999,-1,-8.099999999999994,8.099999999999994,-0.0580645161290322,-1,7.099999999999994,7.099999999999994,0.093791281373844,1,0.4000000000000057,0.4000000000000057,0.004119464469619,1,-0.6300000000000026,0.6300000000000026,-0.0167597765363129,-1,2,2,0.1818181818181818,1,-1,1,-1.0,-1,2,0,0,0,1,287.0,1,1,102,14,0,1,0,0,0,0,0,0,1,0,228,0,40,2,0,0,0,0,0,0,1,0,1,0,0,0,0,0,0,0,0,0,0,0,0,0,0,0,0.0,0.0,0,0,0,0,0,0,0,0.6573476702508961,0.945685802681334,63.8,96.96666666666668,11.174910394265234,12792.15,3447.0030000000006,0,1,0,1,1,0,3,1,3,0,0,0,3,7,1,0.024390243902439,0.3195121951219512,5.662960480135946,0,1,1,1,1
E001820,2026-05-12,93.2,16.3,109.9,71.1,97.1,0,36.75,14,32,Male,Black,Headache. Festival attendee from campground with symptom onset ~202 minutes before arrival.,4,3,EMS,0,0,0,0,0,81.8,7.382,138.4,4.19,16.3,4.6,1,1,74.0,11.0,125.5,81.7,98.2,0,36.94,15,33.6,-19.2,0.19,1,,,,,1,0,0,0,0,0,0,0,0,0,0,0,359,1,7.0,64.2,96.6,83.01428571428572,74.0,32.39999999999999,0.1209085285065417,-0.1025691127514836,0.0,-0.1532566505727537,1.0,96.6,76.0,64.2,213.0,0.0,-1.0,69.1,-1.0,9.8,21.2,13.642857142857142,11.0,11.4,0.2806165505092765,-0.003637767163603,0.0,0.0085865757833948,1.0,21.2,130.0,9.8,96.0,0.0,-1.0,13.3,34.0,118.4,144.7,129.68571428571428,125.5,26.299999999999983,0.0609442831997814,-0.0330052588411252,0.0,-0.0340433588942532,1.0,144.7,130.0,118.4,96.0,125.05,34.0,71.2,83.1,77.10000000000001,81.7,11.899999999999991,0.0527169946378769,0.0447701066242098,0.0,0.04484048092398,-1.0,83.1,213.0,71.2,0.0,82.4,-1.0,95.8,99.7,97.35714285714286,98.2,3.9000000000000057,0.0132094232544996,-0.007977517248034,0.0,0.0014247846255801,1.0,99.7,0.0,95.8,169.0,0.0,-1.0,97.25,71.0,36.52,37.0,36.74428571428572,36.94,0.4799999999999969,0.0055276212951624,0.0004718483137935,0.0,-0.0007090788601722,-1.0,37.0,76.0,36.52,0.0,36.83,54.0,13.0,15.0,14.428571428571429,15.0,2.0,0.0504853417187404,-0.0025088049404158,0.0,-0.0007573605983148,1.0,15.0,0.0,13.0,213.0,0.0,-1.0,14.0,27.0,28.9,34.8,32.25714285714286,33.6,5.899999999999999,0.0677344704846949,-0.0105804023737154,0.0,-0.016074978699233,1.0,34.8,76.0,28.9,213.0,2.0,130.0,31.25,27.0,0.0,0.0,0.0,,,,,,,,,,0.0,,,,,,,,,,0.0,,,,,,,,,,0.0,,,,,,,,,,0.0,,,,,,,,,,0.0,,,,,,,,,,0.0,,,,,,,,,,0.0,,,,,,,,,,0.0,,,,,,,,,,0.0,,,,,,,,,,0.0,,,,,,,,,,0.0,,,,,,,,,,0.0,,,,,,,,,,1.0,1.0,69.0,69.0,0.0,0.0,-1.0,1.0,69.0,0.0,-1.0,0.0,-1.0,0.0,-1.0,2.0,0.0,,,2.0,39.0,4.0,213.0,213.0,0.0,0.0,-19.200000000000003,19.200000000000003,-0.2060085836909871,-1,-5.300000000000001,5.300000000000001,-0.3251533742331288,-1,15.599999999999994,15.599999999999994,0.1419472247497724,1,10.600000000000009,10.600000000000009,0.149085794655415,1,1.1000000000000083,1.1000000000000083,0.0113285272914521,1,0.1899999999999977,0.1899999999999977,0.0051700680272108,1,1,1,0.0714285714285714,1,0,0,0.0,0,0,0,0,0,0,202.0,1,1,91,12,0,0,1,0,0,0,0,0,1,0,203,0,40,1,0,0,1,0,0,0,0,0,0,0,0,0,0,0,0,0,0,0,0,0,0,0,0,0,0.0,0.0,0,1,1,0,0,0,0,0.8480436760691538,1.1090836969456566,38.80000000000001,84.03333333333333,27.13739763421292,10242.68,3425.1,0,0,0,0,0,0,0,1,0,1,0,0,1,3,0,0.0148514851485148,0.4613861386138614,5.313205979041787,0,1,0,0,0
E001265,2026-05-13,133.8,23.4,102.7,58.8,91.4,1,38.61,13,14,Female,Black,Anxiety/panic. Festival attendee from VIP tent with symptom onset ~29 minutes before arrival.,3,7,EMS,0,0,0,0,0,85.2,7.307,132.2,5.27,15.4,12.5,1,1,105.7,16.7,113.4,78.9,94.9,0,37.77,12,42.0,-28.1,-0.84,-1,4.1,709.3,7.395,0.046,1,0,1,0,0,1,1,0,0,1,0,1,360,2,8.0,85.4,142.1,111.35,105.7,56.69999999999999,0.1473456175081257,-0.1147223586238687,0.4025036818851251,0.1121613106490234,1.0,142.1,52.0,85.4,145.0,1.0,52.0,105.7,15.0,16.7,28.4,22.525,16.7,11.7,0.172181381476309,-0.0358653932877028,-0.1536082474226802,-0.0641304347826087,-1.0,28.4,29.0,16.7,240.0,3.0,0.0,16.7,-1.0,113.4,138.0,126.5625,113.4,24.599999999999994,0.0642688303020368,-0.001488670868951,-0.0644329896907209,-0.2150126023944557,-1.0,138.0,148.0,113.4,240.0,113.4,12.0,67.6,84.5,77.94999999999999,78.9,16.900000000000006,0.0742489093041607,-0.0275667171074388,-0.0195139911634754,-0.0340894770006304,1.0,84.5,0.0,67.6,192.0,78.9,48.0,92.2,94.9,93.9875,94.9,2.700000000000003,0.0099871359664073,0.0061866776233376,0.0067010309278354,0.0126339004410834,1.0,94.9,240.0,92.2,29.0,0.0,-1.0,94.9,23.0,37.09,38.02,37.7325,37.77,0.9299999999999996,0.0070998980139435,-0.0011786104402377,-0.005081001472754,0.0032246376811593,0.0,38.02,29.0,37.09,145.0,37.77,3.0,10.0,14.0,12.375,12.0,4.0,0.1064207449783104,0.0104973593754697,0.0213549337260678,-0.019533711405167,-1.0,14.0,145.0,10.0,0.0,4.0,0.0,12.0,95.0,37.3,45.4,41.775,42.0,8.100000000000001,0.0571098761567498,-0.0168208283644162,0.056038291605302,0.0182577189666035,-1.0,45.4,52.0,37.3,160.0,0.0,-1.0,42.0,32.0,1.0,1.0,1.0,240.0,240.0,1.0,9.96,9.96,9.96,240.0,0.0,0.0,1.0,240.0,240.0,1.0,135.8,135.8,135.8,240.0,0.0,0.0,1.0,240.0,240.0,1.0,4.66,4.66,4.66,240.0,0.0,0.0,1.0,240.0,240.0,1.0,23.9,23.9,23.9,240.0,0.0,0.0,1.0,240.0,240.0,1.0,26.7,26.7,26.7,240.0,0.0,0.0,1.0,240.0,240.0,1.0,7.395,7.395,7.395,240.0,0.0,0.0,1.0,240.0,240.0,1.0,0.046,0.046,0.046,240.0,0.0,0.0,1.0,240.0,240.0,1.0,4.1,4.1,4.1,240.0,0.0,0.0,1.0,240.0,240.0,1.0,709.3,709.3,709.3,240.0,0.0,0.0,1.0,240.0,240.0,1.0,20.1,20.1,20.1,240.0,0.0,0.0,1.0,240.0,240.0,1.0,7.1,7.1,7.1,240.0,0.0,0.0,1.0,240.0,240.0,1.0,109.8,109.8,109.8,240.0,0.0,0.0,1.0,240.0,240.0,1.0,294.3,294.3,294.3,240.0,0.0,0.0,3.0,1.0,63.0,199.0,0.0,0.0,-1.0,1.0,199.0,0.0,-1.0,1.0,63.0,0.0,-1.0,5.0,0.0,-177.0,,8.0,145.0,5.0,0.0,192.0,1.0,1.0,-28.10000000000001,28.10000000000001,-0.2100149476831091,-1,-6.699999999999999,6.699999999999999,-0.2863247863247863,-1,10.700000000000005,10.700000000000005,0.1041869522882181,1,20.10000000000001,20.10000000000001,0.3418367346938777,1,3.5,3.5,0.0382932166301969,1,-0.8399999999999963,0.8399999999999963,-0.0217560217560216,-1,-1,1,-0.0769230769230769,-1,-1,1,-1.0,-1,2,1,1,0,1,29.0,1,1,93,13,0,0,0,0,1,0,1,0,0,0,248,0,47,3,1,0,1,0,0,1,0,0,0,0,0,1,0,0,1,0,0,0,0,0,0,0,0,0,0.0,0.0,0,0,0,1,1,0,1,1.3028237585199611,1.8220608261461644,43.900000000000006,73.43333333333334,18.23953261927945,13741.260000000002,5166.018,1,1,0,1,1,0,4,3,2,1,2,2,2,12,1,0.4137931034482758,4.613793103448276,3.4011973816621555,1,0,0,3,2
E000442,2026-05-15,108.6,22.9,127.2,82.1,95.6,1,38.09,9,14,Female,Hispanic/Latino,Chest pain. Festival attendee from beach shuttle stop with symptom onset ~146 minutes before arrival.,3,5,EMS,1,0,0,0,1,122.4,7.332,136.3,4.43,12.7,16.5,1,1,108.7,20.6,128.3,58.1,95.8,0,37.68,13,40.5,0.1,-0.41,4,,,,,1,1,1,0,0,0,1,0,1,0,0,0,362,4,7.0,99.2,126.2,110.61428571428571,108.7,27.0,0.0695910119326704,0.0276850685171008,0.0574999999999996,0.0862240825645498,-1.0,126.2,219.0,99.2,102.0,0.0,-1.0,117.45,21.0,14.6,21.9,19.471428571428568,20.6,7.299999999999999,0.1269237782849943,-0.0110142821831422,-6.905138626766372e-17,0.0056196981790506,1.0,21.9,0.0,14.6,128.0,0.0,-1.0,19.25,112.0,112.4,142.9,125.38571428571429,128.3,30.5,0.0779264583772028,0.0034174147379594,0.3149999999999994,-0.0285792512019009,1.0,142.9,128.0,112.4,219.0,120.35,91.0,58.1,85.3,74.07142857142857,58.1,27.2,0.1214972981688774,-0.0551338088032265,0.4799999999999996,-0.1190596402650678,-1.0,85.3,40.0,58.1,240.0,64.55,179.0,94.1,97.1,95.58571428571427,95.8,3.0,0.0106752780920212,-0.0014842859812745,-0.0599999999999999,0.0028251628830768,1.0,97.1,0.0,94.1,73.0,0.0,-1.0,95.55,29.0,37.29,37.8,37.49428571428572,37.68,0.509999999999998,0.0048004291412822,-9.974618830289624e-05,0.0059999999999996,0.0018399754979303,1.0,37.8,40.0,37.29,73.0,37.55,167.0,12.0,14.0,12.571428571428571,13.0,2.0,0.0579434035635543,0.00541686009007,-3.14018491736755e-17,0.0048911328494793,0.0,14.0,128.0,12.0,0.0,4.0,0.0,13.0,91.0,33.7,42.2,39.81428571428571,40.5,8.5,0.0715893156130028,-0.0151367629061137,0.0024999999999998,-0.0169686113637629,1.0,42.2,102.0,33.7,219.0,0.0,-1.0,37.1,21.0,1.0,1.0,1.0,120.0,120.0,1.0,7.65,7.65,7.65,120.0,0.0,0.0,1.0,120.0,120.0,1.0,140.5,140.5,140.5,120.0,0.0,0.0,1.0,120.0,120.0,1.0,4.29,4.29,4.29,120.0,0.0,0.0,1.0,120.0,120.0,1.0,24.0,24.0,24.0,120.0,0.0,0.0,1.0,120.0,120.0,1.0,61.8,61.8,61.8,120.0,0.0,0.0,1.0,120.0,120.0,1.0,7.326,7.326,7.326,120.0,0.0,0.0,1.0,120.0,120.0,1.0,0.089,0.089,0.089,120.0,0.0,0.0,1.0,120.0,120.0,1.0,2.58,2.58,2.58,120.0,0.0,0.0,1.0,120.0,120.0,1.0,542.8,542.8,542.8,120.0,0.0,0.0,1.0,120.0,120.0,1.0,26.8,26.8,26.8,120.0,0.0,0.0,1.0,120.0,120.0,1.0,0.84,0.84,0.84,120.0,0.0,0.0,1.0,120.0,120.0,1.0,98.4,98.4,98.4,120.0,0.0,0.0,1.0,120.0,120.0,1.0,307.1,307.1,307.1,120.0,0.0,0.0,4.0,1.0,68.0,212.0,0.0,1.0,119.0,1.0,212.0,0.0,-1.0,1.0,68.0,1.0,88.0,5.0,0.0,-52.0,,4.0,128.0,3.0,0.0,219.0,1.0,0.0,0.1000000000000085,0.1000000000000085,0.0009208103130755,1,-2.299999999999997,2.299999999999997,-0.1004366812227073,-1,1.1000000000000083,1.1000000000000083,0.0086477987421384,1,-24.0,24.0,-0.2923264311814859,-1,0.2000000000000028,0.2000000000000028,0.002092050209205,1,-0.4100000000000037,0.4100000000000037,-0.0107639800472565,-1,4,4,0.4444444444444444,1,-1,1,-1.0,-1,1,0,0,0,1,146.0,1,1,101,15,0,0,0,0,1,0,0,1,0,0,206,0,49,3,0,0,1,1,0,0,0,0,0,0,0,1,0,0,1,0,0,0,0,0,0,0,0,0,0.0,0.0,0,0,0,0,1,0,0,0.8537735849056604,1.118050789293068,45.10000000000001,97.13333333333333,11.952830188679243,13813.92,4136.5740000000005,0,0,0,1,1,0,2,1,2,0,0,0,3,6,1,0.0410958904109589,0.7438356164383562,4.990432586778736,0,0,2,3,1
E000820,2026-05-13,73.9,21.4,104.5,75.7,95.2,0,36.64,15,60,Male,Other/Multiracial,Pt reports taking 20mg oxycontin at 0700 today.,4,2,Walk-in,0,0,1,1,0,97.3,7.42,137.5,4.41,14.6,8.5,0,0,76.7,11.4,141.8,67.6,97.2,0,36.54,14,31.7,2.8,-0.1,-1,,,,,1,0,0,0,0,0,0,0,0,0,0,0,360,2,6.0,52.1,101.2,79.23333333333333,76.7,49.1,0.1918601313318954,-0.0887618040341467,-0.3325000000000002,0.2387259693711306,1.0,101.2,0.0,52.1,139.0,0.0,-1.0,76.7,68.0,10.6,17.2,13.216666666666669,11.4,6.6,0.1760622120647654,0.0138785223237893,-0.02,-0.0182469859889214,-1.0,17.2,207.0,10.6,40.0,0.0,-1.0,11.4,33.0,124.4,141.8,129.66666666666666,141.8,17.400000000000006,0.0478598069890133,0.0551265392460529,-0.0075000000000002,0.1188334962528511,1.0,141.8,240.0,124.4,40.0,141.8,-1.0,67.6,86.6,74.7,67.6,19.0,0.092766351480966,-0.0439019415275365,-0.4600000000000001,-0.1087161942000652,1.0,86.6,0.0,67.6,240.0,67.6,-1.0,95.8,97.6,97.05,97.2,1.7999999999999972,0.0060886477421383,0.0011558510236457,-2.2624550896252287e-16,0.0110296513522317,-1.0,97.6,207.0,95.8,139.0,0.0,-1.0,97.2,23.0,36.4,36.94,36.66166666666667,36.54,0.5399999999999991,0.0048574970522032,-0.0004891591750396,0.0014999999999999,0.0016389703486477,-1.0,36.94,207.0,36.4,162.0,36.54,45.0,14.0,15.0,14.666666666666666,14.0,1.0,0.0321412173266612,0.0005137115660648,0.0249999999999999,-0.008634734441186,-1.0,15.0,40.0,14.0,0.0,0.0,-1.0,14.0,200.0,31.7,37.3,33.88333333333333,31.7,5.599999999999998,0.0583437361025437,0.0040371685427211,0.0774999999999999,-0.0101010101010102,-1.0,37.3,207.0,31.7,240.0,0.0,-1.0,31.7,33.0,1.0,1.0,1.0,0.0,0.0,1.0,6.93,6.93,6.93,0.0,0.0,0.0,1.0,0.0,0.0,1.0,138.0,138.0,138.0,0.0,0.0,0.0,1.0,0.0,0.0,1.0,3.54,3.54,3.54,0.0,0.0,0.0,1.0,0.0,0.0,1.0,20.8,20.8,20.8,0.0,0.0,0.0,1.0,0.0,0.0,1.0,31.3,31.3,31.3,0.0,0.0,0.0,1.0,0.0,0.0,1.0,7.359,7.359,7.359,0.0,0.0,0.0,1.0,0.0,0.0,1.0,0.013,0.013,0.013,0.0,0.0,0.0,1.0,0.0,0.0,1.0,0.81,0.81,0.81,0.0,0.0,0.0,1.0,0.0,0.0,1.0,290.4,290.4,290.4,0.0,0.0,0.0,1.0,0.0,0.0,1.0,12.3,12.3,12.3,0.0,0.0,0.0,1.0,0.0,0.0,1.0,0.45,0.45,0.45,0.0,0.0,0.0,1.0,0.0,0.0,1.0,127.7,127.7,127.7,0.0,0.0,0.0,1.0,0.0,0.0,1.0,293.2,293.2,293.2,0.0,0.0,0.0,1.0,1.0,74.0,74.0,0.0,0.0,-1.0,1.0,74.0,0.0,-1.0,0.0,-1.0,0.0,-1.0,2.0,0.0,74.0,,0.0,0.0,2.0,0.0,207.0,1.0,0.0,2.799999999999997,2.799999999999997,0.0378890392422191,1,-9.999999999999998,9.999999999999998,-0.4672897196261681,-1,37.30000000000001,37.30000000000001,0.3569377990430623,1,-8.100000000000009,8.100000000000009,-0.1070013210039631,-1,2.0,2.0,0.0210084033613445,1,-0.1000000000000014,0.1000000000000014,-0.0027292576419214,-1,-1,1,-0.0666666666666666,-1,0,0,0.0,0,2,0,0,0,0,,0,0,47,8,0,0,0,0,0,1,0,0,0,1,102,0,43,1,0,0,0,0,0,0,1,0,0,0,0,0,0,1,0,0,0,0,0,0,0,0,0,0,0.0,0.0,0,1,1,0,0,0,0,0.707177033492823,0.866354044548652,28.8,85.3,42.43062200956938,7722.55,2707.6960000000004,0,0,0,0,0,0,0,0,2,1,0,0,0,3,0,,,,0,0,2,0,0
E001853,2026-05-14,147.5,34.2,99.5,72.6,95.1,1,38.21,7,56,Female,White,Shortness of breath. Festival attendee from beach shuttle stop with symptom onset ~70 minutes before arrival.,2,8,Festival Medical Tent Transfer,0,1,0,0,1,128.9,7.338,140.8,5.06,14.3,13.3,1,1,89.0,18.7,109.7,70.9,95.4,0,37.6,12,41.8,-58.5,-0.61,5,3.13,605.2,7.306,0.074,1,1,0,0,0,0,0,0,1,0,0,1,361,3,9.0,89.0,136.6,114.5111111111111,89.0,47.6,0.1184209819090386,-0.1027830040765131,-0.1593220338983048,-0.0981059044048732,-1.0,136.6,70.0,89.0,240.0,1.0,70.0,89.0,-1.0,17.0,25.9,22.62222222222222,18.7,8.899999999999999,0.1429315279658549,-0.0234556287237378,0.0186440677966101,-0.0206499531396438,-1.0,25.9,59.0,17.0,181.0,5.0,0.0,18.7,10.0,109.7,127.9,117.63333333333334,109.7,18.200000000000003,0.0533873113112187,-0.0154731106930073,0.0694915254237286,-0.0521012183692593,-1.0,127.9,61.0,109.7,240.0,109.7,11.0,64.8,87.4,74.35555555555555,70.9,22.60000000000001,0.0952650809050542,0.0309619002822201,0.1457627118644068,0.0055970009372071,-1.0,87.4,181.0,64.8,0.0,70.9,10.0,93.1,96.3,94.83333333333331,95.4,3.200000000000003,0.0110818156558414,0.0026712919410472,0.0355932203389827,0.0054437675726335,-1.0,96.3,59.0,93.1,161.0,0.0,-1.0,95.4,2.0,37.42,37.96,37.70333333333334,37.6,0.5399999999999991,0.0051247022354131,-0.0016274694261524,0.0033898305084745,-0.0026529990627928,-1.0,37.96,70.0,37.42,161.0,37.6,91.0,10.0,13.0,11.22222222222222,12.0,3.0,0.091818004905898,0.0099952963311382,0.0169491525423728,0.0105529522024367,-1.0,13.0,191.0,10.0,0.0,8.0,0.0,12.0,-1.0,39.1,46.4,42.24444444444445,41.8,7.299999999999997,0.0597720049432593,-0.0192928817811226,-0.0644067796610171,-0.0253280224929709,1.0,46.4,61.0,39.1,191.0,0.0,-1.0,41.8,-1.0,2.0,1.0,1.0,0.0,240.0,2.0,12.87,9.55,12.87,0.0,-3.3199999999999985,-0.2579642579642578,1.0,0.0,240.0,2.0,138.0,140.7,140.7,240.0,2.6999999999999886,0.0195652173913042,1.0,0.0,240.0,2.0,4.82,4.25,4.82,0.0,-0.5700000000000003,-0.1182572614107884,1.0,0.0,240.0,2.0,21.1,19.5,21.1,0.0,-1.6000000000000014,-0.0758293838862559,1.0,0.0,240.0,2.0,72.2,48.8,72.2,0.0,-23.40000000000001,-0.3240997229916898,1.0,0.0,240.0,2.0,7.307,7.306,7.307,0.0,-0.0010000000000003,-0.0001368550704804,1.0,0.0,240.0,2.0,0.135,0.074,0.135,0.0,-0.061,-0.4518518518518519,1.0,0.0,240.0,2.0,4.23,3.13,4.23,0.0,-1.1000000000000003,-0.2600472813238771,1.0,0.0,240.0,2.0,675.7,605.2,675.7,0.0,-70.5,-0.1043362438952197,1.0,0.0,240.0,2.0,30.4,17.8,30.4,0.0,-12.599999999999998,-0.4144736842105262,1.0,0.0,240.0,2.0,6.23,5.27,6.23,0.0,-0.9600000000000009,-0.1540930979133227,1.0,0.0,240.0,2.0,129.4,135.1,135.1,240.0,5.699999999999989,0.0440494590417309,1.0,0.0,240.0,2.0,301.9,290.4,301.9,0.0,-11.5,-0.0380920834713481,2.0,1.0,44.0,198.0,1.0,1.0,44.0,1.0,198.0,0.0,-1.0,0.0,-1.0,0.0,-1.0,4.0,0.0,44.0,-26.0,14.0,191.0,4.0,0.0,191.0,1.0,1.0,-58.5,58.5,-0.3966101694915254,-1,-15.500000000000004,15.500000000000004,-0.4532163742690059,-1,10.200000000000005,10.200000000000005,0.1025125628140703,1,-1.6999999999999886,1.6999999999999886,-0.0234159779614323,-1,0.3000000000000113,0.3000000000000113,0.0031545741324922,1,-0.6099999999999994,0.6099999999999994,-0.0159644072232399,-1,5,5,0.7142857142857143,1,-1,1,-1.0,-1,1,0,0,0,1,70.0,1,1,109,16,0,0,0,0,1,0,0,1,0,0,271,0,44,3,0,0,0,0,0,1,0,0,1,0,1,0,0,0,0,1,0,0,0,0,0,0,0,0,0.0,0.0,0,0,0,1,1,0,1,1.4824120603015076,1.808336738863915,26.90000000000001,81.56666666666666,83.01507537688443,14676.25,5635.975,1,0,0,1,1,0,3,3,3,2,0,2,3,13,1,0.1857142857142857,2.107142857142857,4.262679877041316,0,0,2,3,1
E000925,2026-05-15,96.6,32.1,117.0,72.5,93.8,1,38.35,9,48,Female,White,Altered mental status. Festival attendee from VIP tent with symptom onset ~199 minutes before arrival.,3,5,Walk-in,0,0,0,0,0,138.9,7.3,145.9,4.17,12.3,12.8,1,1,92.5,20.1,105.5,77.2,96.4,0,37.16,12,36.7,-4.1,-1.19,3,2.92,542.7,7.306,0.015,1,0,0,1,0,0,1,0,0,0,0,1,362,4,6.0,92.5,118.5,103.53333333333336,92.5,26.0,0.0838283610141165,-0.0738952756566252,0.2667964188400155,-0.0574456321415408,-1.0,118.5,57.0,92.5,240.0,0.0,-1.0,92.5,24.0,16.7,21.2,19.85,20.1,4.5,0.0736246374103707,-0.0015935218595284,0.0105293888672634,0.0218129640355957,0.0,21.2,57.0,16.7,81.0,0.0,-1.0,20.1,85.0,105.5,143.6,121.5,105.5,38.1,0.1027236112724212,-0.0801015356213812,0.2112495134293495,-0.2429334948133329,-1.0,143.6,81.0,105.5,240.0,105.5,85.0,73.8,90.3,80.38333333333334,77.2,16.5,0.068170674932535,0.0101082487203153,-0.0289606850914755,0.0115028171239007,-1.0,90.3,166.0,73.8,40.0,77.2,17.0,94.1,96.4,95.31666666666666,96.4,2.300000000000012,0.0073543419635646,0.003508433330536,-0.0063059556247569,0.0144278868937917,1.0,96.4,240.0,94.1,81.0,0.0,-1.0,96.4,85.0,37.07,37.57,37.33,37.16,0.5,0.0050282733191538,-0.0015174960140975,-0.0011113273647332,-0.0026599441840872,-1.0,37.57,81.0,37.07,166.0,37.16,-1.0,12.0,13.0,12.333333333333334,12.0,1.0,0.0382219881722458,0.0002853067047075,0.0044764499805372,0.000289610868306,-1.0,13.0,40.0,12.0,0.0,4.0,0.0,12.0,17.0,36.7,45.6,41.43333333333334,36.7,8.899999999999999,0.0786483587961318,-0.0358294872870689,-0.0420202413390422,-0.0132931388552472,-1.0,45.6,0.0,36.7,240.0,0.0,-1.0,36.7,-1.0,3.0,1.0,1.0,0.0,240.0,3.0,7.92,10.09,10.09,240.0,2.17,0.273989898989899,1.0,0.0,240.0,3.0,139.2,141.6,141.6,240.0,2.4000000000000057,0.0172413793103448,1.0,0.0,240.0,3.0,4.61,4.23,4.61,0.0,-0.3799999999999999,-0.0824295010845986,1.0,0.0,240.0,3.0,24.6,18.4,24.6,0.0,-6.200000000000003,-0.2520325203252033,1.0,0.0,240.0,3.0,48.8,23.2,48.8,0.0,-25.6,-0.5245901639344263,1.0,0.0,240.0,3.0,7.409,7.306,7.409,0.0,-0.1029999999999997,-0.0139020110676204,1.0,0.0,240.0,3.0,0.079,0.015,0.079,0.0,-0.064,-0.810126582278481,1.0,0.0,240.0,3.0,2.25,2.92,2.92,240.0,0.6699999999999999,0.2977777777777777,1.0,0.0,240.0,3.0,489.6,542.7,542.7,240.0,53.10000000000002,0.1084558823529412,1.0,0.0,240.0,3.0,21.0,6.9,21.0,0.0,-14.1,-0.6714285714285714,1.0,0.0,240.0,3.0,2.43,10.77,10.77,240.0,8.34,3.4320987654320985,1.0,0.0,240.0,3.0,112.8,125.7,125.7,240.0,12.900000000000006,0.1143617021276596,1.0,0.0,240.0,3.0,295.8,294.3,298.6,120.0,-1.5,-0.0050709939148073,3.0,1.0,199.0,201.0,0.0,0.0,-1.0,1.0,201.0,1.0,199.0,0.0,-1.0,1.0,200.0,7.0,0.0,199.0,,4.0,109.0,1.0,0.0,-1.0,0.0,0.0,-4.099999999999994,4.099999999999994,-0.0424430641821945,-1,-12.0,12.0,-0.3738317757009345,-1,-11.5,11.5,-0.0982905982905982,-1,4.700000000000003,4.700000000000003,0.0648275862068965,1,2.6000000000000085,2.6000000000000085,0.0277185501066099,1,-1.1900000000000048,1.1900000000000048,-0.0310299869621904,-1,3,3,0.3333333333333333,1,-1,1,-1.0,-1,2,0,0,0,1,199.0,1,1,102,15,0,0,0,0,1,0,0,0,1,0,242,0,42,2,0,0,0,0,1,0,1,0,0,0,1,0,0,0,0,0,0,0,0,0,0,0,0,0,0.0,0.1111111111111111,0,0,0,0,1,0,0,0.8256410256410256,1.1061068702290076,44.5,87.33333333333333,39.63076923076923,11302.2,3704.61,0,1,0,1,1,0,3,1,3,0,1,2,3,10,1,0.050251256281407,0.4854271356783919,5.298317366548036,0,1,0,2,1
E001243,2026-05-14,114.0,30.1,115.0,74.6,95.0,1,37.92,11,35,Female,White,General weakness. Festival attendee from festival medical tent with symptom onset ~219 minutes before arrival.,2,8,EMS,0,1,0,0,0,151.8,7.289,135.8,4.64,16.3,15.6,1,1,105.8,17.7,132.4,72.8,95.5,0,37.37,14,41.8,-8.2,-0.55,3,2.56,622.0,7.315,0.076,1,1,1,0,0,0,0,0,0,1,0,1,361,3,6.0,97.7,121.5,109.28333333333332,105.8,23.8,0.0753450431559141,-0.0641399880205852,0.0,-0.0768199233716478,1.0,121.5,108.0,97.7,151.0,0.0,-1.0,103.9,-1.0,17.7,24.9,20.95,17.7,7.199999999999999,0.1136181909976863,-0.0058906939503954,0.0,-0.00453216374269,-1.0,24.9,151.0,17.7,240.0,1.0,151.0,19.5,-1.0,117.8,143.0,128.74999999999997,132.4,25.200000000000003,0.0654515843034459,0.0894434461598639,0.0,0.0966676749344626,-1.0,143.0,220.0,117.8,0.0,137.7,-1.0,61.2,87.7,73.01666666666667,72.8,26.5,0.1091822172577582,-0.0045191731758897,0.0,-0.0046430732002419,1.0,87.7,108.0,61.2,76.0,70.5,43.0,93.4,97.0,95.03333333333336,95.5,3.5999999999999943,0.0126660610910331,-0.005292945591453,0.0,0.0048497680984066,1.0,97.0,0.0,93.4,108.0,0.0,-1.0,94.75,43.0,37.15,37.96,37.44666666666667,37.37,0.8100000000000023,0.0073079493508185,-0.0001200386275013,0.0,-0.0026255293405929,-1.0,37.96,76.0,37.15,0.0,37.415,75.0,11.0,15.0,12.666666666666666,14.0,4.0,0.1085027796215173,0.0130551175327294,0.0,0.0215769308328291,0.0,15.0,220.0,11.0,76.0,4.0,0.0,14.5,-1.0,34.5,42.1,39.56666666666666,41.8,7.600000000000001,0.0739975338850464,0.0068062635226814,0.0,0.0343416011292598,1.0,42.1,0.0,34.5,108.0,0.0,-1.0,40.95,43.0,2.0,1.0,1.0,120.0,240.0,2.0,8.65,6.67,8.65,120.0,-1.9800000000000004,-0.2289017341040463,1.0,120.0,240.0,2.0,139.7,133.1,139.7,120.0,-6.599999999999994,-0.0472440944881889,1.0,120.0,240.0,2.0,3.76,3.69,3.76,120.0,-0.0699999999999998,-0.0186170212765957,1.0,120.0,240.0,2.0,19.0,22.2,22.2,240.0,3.2,0.1684210526315789,1.0,120.0,240.0,2.0,64.1,28.1,64.1,120.0,-35.99999999999999,-0.5616224648985959,1.0,120.0,240.0,2.0,7.332,7.315,7.332,120.0,-0.0169999999999994,-0.002318603382433,1.0,120.0,240.0,2.0,0.034,0.076,0.076,240.0,0.0419999999999999,1.2352941176470589,1.0,120.0,240.0,2.0,2.16,2.56,2.56,240.0,0.3999999999999999,0.1851851851851851,1.0,120.0,240.0,2.0,515.5,622.0,622.0,240.0,106.5,0.2065955383123181,1.0,120.0,240.0,2.0,18.4,23.0,23.0,240.0,4.600000000000001,0.2500000000000001,1.0,120.0,240.0,2.0,3.89,1.37,3.89,120.0,-2.52,-0.6478149100257069,1.0,120.0,240.0,2.0,123.8,133.2,133.2,240.0,9.399999999999991,0.0759289176090467,1.0,120.0,240.0,2.0,293.3,284.0,293.3,120.0,-9.300000000000011,-0.031708148653256,3.0,1.0,31.0,128.0,2.0,1.0,31.0,1.0,128.0,0.0,-1.0,1.0,39.0,0.0,-1.0,5.0,0.0,-89.0,,5.0,220.0,3.0,76.0,220.0,1.0,0.0,-8.200000000000003,8.200000000000003,-0.0719298245614035,-1,-12.400000000000002,12.400000000000002,-0.4119601328903655,-1,17.400000000000006,17.400000000000006,0.151304347826087,1,-1.7999999999999972,1.7999999999999972,-0.0241286863270777,-1,0.5,0.5,0.0052631578947368,1,-0.5500000000000043,0.5500000000000043,-0.0145042194092828,-1,3,3,0.2727272727272727,1,-1,1,-1.0,-1,1,0,0,0,1,219.0,1,1,110,15,0,1,0,0,0,0,0,0,1,0,235,0,48,3,0,0,0,1,0,0,1,0,0,0,0,1,0,0,0,0,0,0,0,0,0,0,0,0,0.0,0.0,0,0,0,0,0,1,1,0.991304347826087,1.2944738834216505,40.400000000000006,88.06666666666666,34.69565217391305,13110.0,4322.88,0,0,0,1,1,0,2,2,3,0,1,0,3,9,1,0.0410958904109589,0.5205479452054794,5.393627546352362,0,1,1,2,1
E000069,2026-05-15,99.3,21.8,117.1,80.0,96.3,0,36.76,13,29,Female,White,Headache. Festival attendee from festival medical tent with symptom onset ~73 minutes before arrival.,4,5,Walk-in,1,0,0,0,0,100.2,7.373,139.7,4.09,15.0,6.6,1,1,82.5,13.7,122.1,75.3,98.3,0,36.61,15,35.5,-16.8,-0.15,2,,,,,1,1,0,0,0,0,0,0,0,0,0,0,362,4,7.0,72.6,100.5,83.58571428571429,82.5,27.90000000000001,0.1016154387507104,-0.0241114811688757,0.1496596066565814,0.078517033363232,-1.0,100.5,40.0,72.6,141.0,0.0,-1.0,84.3,18.0,12.3,16.7,14.185714285714289,13.7,4.399999999999999,0.1030836881794093,0.0092042680840385,0.0425113464447806,0.0017886350445839,-1.0,16.7,221.0,12.3,0.0,0.0,-1.0,15.2,19.0,111.7,135.2,121.35714285714285,122.1,23.499999999999982,0.0550441738233699,0.001879975819513,-0.013842662632375,0.0096185300480135,1.0,135.2,141.0,111.7,93.0,119.2,80.0,69.8,90.5,80.55714285714285,75.3,20.700000000000003,0.0897385302131895,0.0362316650318225,0.1716338880484118,0.0104240313758597,-1.0,90.5,221.0,69.8,0.0,82.9,19.0,94.5,98.3,95.8142857142857,98.3,3.799999999999997,0.0138396318901115,0.0079675844606154,0.0116868381240548,0.0053641463972282,1.0,98.3,240.0,94.5,141.0,0.0,-1.0,96.85,-1.0,36.61,37.23,36.88142857142857,36.61,0.6199999999999974,0.0054909695616591,-0.002236210278988,-0.003506051437216,-0.0015341458696073,1.0,37.23,0.0,36.61,240.0,36.655,-1.0,13.0,15.0,14.428571428571429,15.0,2.0,0.0504853417187404,0.0062903483358806,-0.0041603630862328,1.354283081550807e-17,1.0,15.0,93.0,13.0,40.0,0.0,-1.0,15.0,18.0,34.8,43.3,37.41428571428572,35.5,8.5,0.0702869429888905,-0.0126194766977667,0.1150529500756429,-0.0204611407165091,-1.0,43.3,58.0,34.8,221.0,0.0,-1.0,35.15,35.0,0.0,0.0,0.0,,,,,,,,,,0.0,,,,,,,,,,0.0,,,,,,,,,,0.0,,,,,,,,,,0.0,,,,,,,,,,0.0,,,,,,,,,,0.0,,,,,,,,,,0.0,,,,,,,,,,0.0,,,,,,,,,,0.0,,,,,,,,,,0.0,,,,,,,,,,0.0,,,,,,,,,,0.0,,,,,,,,,,3.0,1.0,90.0,225.0,0.0,1.0,90.0,1.0,225.0,0.0,-1.0,0.0,-1.0,1.0,94.0,4.0,0.0,,,0.0,0.0,3.0,40.0,221.0,1.0,0.0,-16.799999999999997,16.799999999999997,-0.1691842900302114,-1,-8.100000000000001,8.100000000000001,-0.371559633027523,-1,5.0,5.0,0.0426985482493595,1,-4.700000000000003,4.700000000000003,-0.05875,-1,2.0,2.0,0.0207684319833852,1,-0.1499999999999985,0.1499999999999985,-0.0040805223068552,-1,2,2,0.1538461538461538,1,0,0,0.0,0,0,0,0,0,0,73.0,1,1,101,14,0,1,0,0,0,0,0,1,0,0,231,1,44,3,0,0,0,0,1,0,0,0,0,0,0,0,1,0,0,0,0,0,0,0,0,0,0,0,0.0,0.0,0,1,1,0,0,0,0,0.8479931682322801,1.075063154095994,37.1,92.36666666666666,24.591801878736124,11628.03,3650.268,0,0,0,0,0,0,0,1,2,0,0,0,2,5,1,0.0684931506849315,1.3602739726027395,4.30406509320417,0,0,1,0,1
E000525,2026-05-15,149.9,40.8,97.5,69.3,90.0,1,39.02,10,32,Male,Black,Nausea/vomiting. Festival attendee from beach shuttle stop with symptom onset ~118 minutes before arrival.,2,10,EMS,0,0,0,0,0,124.0,7.301,138.9,4.88,15.4,15.9,1,1,126.6,28.3,121.8,72.7,91.9,1,37.66,11,44.7,-23.3,-1.36,1,3.82,879.0,7.33,0.094,1,1,0,0,0,0,1,0,0,0,0,1,362,4,9.0,96.5,148.0,123.09999999999998,126.6,51.5,0.1372106301004971,-0.11072536549038,-0.4139444671294394,-0.2055793504467453,1.0,148.0,100.0,96.5,218.0,3.0,0.0,111.55,22.0,22.3,29.7,26.9,28.3,7.399999999999999,0.0771866741134941,0.0094515752625437,0.0852388730093916,-0.0048135016309744,-1.0,29.7,176.0,22.3,0.0,8.0,25.0,26.6,42.0,104.4,131.3,114.95555555555556,121.8,26.90000000000001,0.0727524150372694,0.037438520754597,0.4616374030216421,0.0698766132463476,1.0,131.3,57.0,104.4,99.0,121.05,42.0,65.4,87.2,77.41111111111111,72.7,21.8,0.0844954613250214,-0.0188107574243032,-0.1664556962025311,-0.0336491277832933,-1.0,87.2,99.0,65.4,176.0,79.1,42.0,90.1,95.0,92.14444444444445,91.9,4.900000000000006,0.0146775584755364,0.0031795970545717,-0.0261739485504279,0.0030321940150329,1.0,95.0,142.0,90.1,25.0,2.0,25.0,92.35,75.0,37.49,38.45,37.97999999999999,37.66,0.9600000000000009,0.0080457550544959,-0.0032093062154272,0.0046202531645571,-0.0023823571124664,-1.0,38.45,57.0,37.49,176.0,37.74,-1.0,11.0,13.0,11.77777777777778,11.0,2.0,0.0667081869043912,0.0006431674903724,0.0181706819109841,-0.0098709402921571,-1.0,13.0,100.0,11.0,0.0,7.0,0.0,11.5,76.0,39.1,48.3,44.17777777777778,44.7,9.199999999999996,0.0561276702983836,-0.0160503144153148,-0.0477746018783174,-0.0205672954190896,1.0,48.3,100.0,39.1,218.0,0.0,-1.0,41.900000000000006,22.0,3.0,1.0,1.0,0.0,240.0,3.0,9.59,6.99,9.59,0.0,-2.6,-0.2711157455683002,1.0,0.0,240.0,3.0,144.3,140.9,144.3,0.0,-3.4000000000000057,-0.0235620235620236,1.0,0.0,240.0,3.0,4.67,4.75,4.75,120.0,0.08,0.0171306209850107,1.0,0.0,240.0,3.0,19.7,24.7,24.7,240.0,5.0,0.2538071065989847,1.0,0.0,240.0,3.0,83.8,62.0,83.8,0.0,-21.8,-0.2601431980906921,1.0,0.0,240.0,3.0,7.291,7.33,7.33,240.0,0.0389999999999997,0.00534906048553,1.0,0.0,240.0,3.0,0.159,0.094,0.159,0.0,-0.065,-0.4088050314465409,1.0,0.0,240.0,3.0,4.59,3.82,4.59,0.0,-0.77,-0.167755991285403,1.0,0.0,240.0,3.0,952.9,879.0,952.9,0.0,-73.89999999999998,-0.0775527337601007,1.0,0.0,240.0,3.0,19.7,18.2,25.4,120.0,-1.5,-0.0761421319796954,1.0,0.0,240.0,3.0,4.88,5.77,6.83,120.0,0.8899999999999997,0.1823770491803278,1.0,0.0,240.0,3.0,139.4,117.2,139.4,0.0,-22.200000000000003,-0.1592539454806313,1.0,0.0,240.0,3.0,295.1,287.1,305.0,120.0,-8.0,-0.0271094544222297,3.0,1.0,176.0,213.0,0.0,1.0,206.0,1.0,213.0,0.0,-1.0,0.0,-1.0,1.0,176.0,4.0,0.0,176.0,206.0,20.0,215.0,5.0,0.0,-1.0,1.0,1.0,-23.30000000000001,23.30000000000001,-0.1554369579719814,-1,-12.499999999999996,12.499999999999996,-0.3063725490196077,-1,24.3,24.3,0.2492307692307692,1,3.4000000000000057,3.4000000000000057,0.0490620490620491,1,1.9000000000000057,1.9000000000000057,0.0211111111111111,1,-1.3600000000000063,1.3600000000000063,-0.0348539210661201,-1,1,1,0.1,1,0,0,0.0,0,1,0,0,0,0,118.0,1,1,106,14,0,0,0,0,1,0,0,1,0,0,271,0,46,3,1,0,0,0,0,1,0,1,0,1,0,1,0,0,0,0,0,0,1,0,1,0,0,0,0.0,0.0,0,0,0,1,1,0,1,1.5374358974358977,1.9047013977128333,28.200000000000003,78.7,49.19794871794872,14615.25,5849.098000000001,0,0,0,1,1,0,2,3,3,2,3,2,3,16,1,0.135593220338983,1.2703389830508476,4.77912349311153,0,0,0,3,2
E001469,2026-05-12,71.8,21.5,111.6,68.6,98.0,0,37.28,13,46,Female,Black,Anxiety/panic. Festival attendee from main stage with symptom onset ~154 minutes before arrival.,5,3,EMS,0,0,0,0,0,92.8,7.351,139.8,4.08,15.6,11.5,1,1,79.9,16.3,133.2,84.7,96.0,0,36.84,14,34.1,8.1,-0.44,1,,,,,1,0,0,0,1,0,0,0,0,0,0,0,359,1,6.0,79.9,102.9,90.59999999999998,79.9,23.0,0.0836088161783913,-0.0374686658620368,0.4624504361617768,-0.0982846767642982,-1.0,102.9,41.0,79.9,240.0,0.0,-1.0,79.9,119.0,14.5,20.9,17.583333333333332,16.3,6.399999999999999,0.1416260928671462,-0.0206805310556122,-0.056701030927835,0.0069807444216159,1.0,20.9,20.0,14.5,160.0,0.0,-1.0,16.3,-1.0,118.7,159.2,134.65,133.2,40.49999999999999,0.0968211412680112,0.0188886825735774,0.4153053132434572,-0.1581394237660663,1.0,159.2,73.0,118.7,20.0,133.2,87.0,62.2,84.7,75.58333333333334,84.7,22.5,0.094346407656834,0.0629909014947544,0.4503568596352105,0.064515743704907,-1.0,84.7,240.0,62.2,0.0,84.7,-1.0,96.0,100.0,97.51666666666668,96.0,4.0,0.0135968231777123,-0.0111990530127191,-0.0327517842981756,-0.0114458406995082,-1.0,100.0,20.0,96.0,240.0,0.0,-1.0,96.0,21.0,36.61,37.02,36.83833333333333,36.84,0.4100000000000037,0.0036129086828493,0.0002079658341844,0.010003965107058,-0.0007972191695733,-1.0,37.02,41.0,36.61,0.0,36.84,119.0,14.0,15.0,14.166666666666666,14.0,1.0,0.0263066820882328,-0.0011141026831306,0.0245836637589215,-2.8845975271706844e-17,0.0,15.0,41.0,14.0,0.0,0.0,-1.0,14.0,32.0,33.9,38.3,35.483333333333334,34.1,4.399999999999999,0.0453380029409644,-0.0092029523721102,-0.0235923869944489,-0.0255196139328204,1.0,38.3,73.0,33.9,160.0,0.0,-1.0,34.1,-1.0,0.0,0.0,0.0,,,,,,,,,,0.0,,,,,,,,,,0.0,,,,,,,,,,0.0,,,,,,,,,,0.0,,,,,,,,,,0.0,,,,,,,,,,0.0,,,,,,,,,,0.0,,,,,,,,,,0.0,,,,,,,,,,0.0,,,,,,,,,,0.0,,,,,,,,,,0.0,,,,,,,,,,0.0,,,,,,,,,,2.0,1.0,91.0,185.0,0.0,0.0,-1.0,1.0,185.0,0.0,-1.0,0.0,-1.0,0.0,-1.0,2.0,0.0,,,0.0,0.0,1.0,0.0,240.0,0.0,0.0,8.100000000000009,8.100000000000009,0.1128133704735377,1,-5.199999999999999,5.199999999999999,-0.241860465116279,-1,21.599999999999994,21.599999999999994,0.1935483870967741,1,16.10000000000001,16.10000000000001,0.2346938775510205,1,-2.0,2.0,-0.0204081632653061,-1,-0.4399999999999977,0.4399999999999977,-0.011802575107296,-1,1,1,0.0769230769230769,1,0,0,0.0,0,2,0,0,0,0,154.0,1,1,96,13,1,0,0,0,0,0,0,1,0,0,210,0,44,3,0,1,0,0,1,0,0,0,0,0,0,0,0,0,0,0,0,0,0,0,0,0,0,0,0.0,0.0,0,1,1,0,0,0,0,0.6433691756272402,0.8657556270096464,43.0,82.93333333333332,29.594982078853047,8012.879999999999,2676.704,0,0,0,0,0,0,0,0,2,0,0,0,2,4,0,0.0259740259740259,0.4662337662337662,5.043425116919247,0,0,0,0,1
E001896,2026-05-15,119.7,32.0,101.1,53.0,93.7,1,37.97,8,53,Female,White,Agitation. Festival attendee from main stage with symptom onset ~153 minutes before arrival.,2,6,EMS,0,1,1,0,0,123.3,7.327,134.9,4.99,13.7,16.9,1,1,132.0,24.5,107.5,63.4,94.4,1,37.86,11,42.3,12.3,-0.11,3,4.0,981.7,7.325,0.114,1,1,0,0,0,0,1,0,0,0,0,1,362,4,8.0,99.0,132.0,114.775,132.0,33.0,0.1005068904398302,0.049668044594764,0.0,0.1473255709539346,1.0,132.0,240.0,99.0,85.0,1.0,240.0,132.0,7.0,20.2,29.9,23.575,24.5,9.7,0.1209233272760323,0.0018257547287987,0.0,0.0089234936693705,1.0,29.9,92.0,20.2,113.0,4.0,0.0,24.5,21.0,100.7,142.7,116.45,107.5,41.99999999999999,0.1051874761547964,-0.0607415758486783,0.0,-0.1298362716633243,-1.0,142.7,85.0,100.7,143.0,107.5,2.0,58.7,80.4,69.86250000000001,63.4,21.700000000000003,0.09832085183699,-0.0379149442565451,0.0,-0.0136841868957466,1.0,80.4,113.0,58.7,85.0,63.4,2.0,92.0,96.2,94.3625,94.4,4.200000000000003,0.0127713048525955,-0.0004572215958911,0.0,-0.0062378401029664,-1.0,96.2,88.0,92.0,113.0,0.0,-1.0,94.4,25.0,37.48,38.0,37.68375,37.86,0.5200000000000031,0.0042145190617564,0.0010384567205311,0.0,0.0010151456194438,1.0,38.0,92.0,37.48,88.0,37.86,21.0,10.0,12.0,10.875,11.0,2.0,0.0717815861884873,0.0041337842916197,0.0,0.0013619084677781,-1.0,12.0,88.0,10.0,0.0,8.0,0.0,11.0,4.0,39.0,47.6,42.65,42.3,8.600000000000001,0.0542576153125727,0.0009175748465489,0.0,-0.00385899009249,1.0,47.6,88.0,39.0,85.0,0.0,-1.0,42.3,4.0,3.0,1.0,1.0,0.0,240.0,3.0,8.34,9.0,9.52,120.0,0.6600000000000001,0.079136690647482,1.0,0.0,240.0,3.0,140.5,139.0,140.5,0.0,-1.5,-0.0106761565836298,1.0,0.0,240.0,3.0,4.53,5.0,5.0,240.0,0.4699999999999997,0.1037527593818983,1.0,0.0,240.0,3.0,22.4,19.1,22.4,0.0,-3.299999999999997,-0.1473214285714284,1.0,0.0,240.0,3.0,66.7,53.0,66.7,0.0,-13.700000000000005,-0.2053973013493253,1.0,0.0,240.0,3.0,7.327,7.325,7.327,0.0,-0.0019999999999997,-0.0002729630135116,1.0,0.0,240.0,3.0,0.136,0.114,0.136,0.0,-0.022,-0.1617647058823529,1.0,0.0,240.0,3.0,2.5,4.0,4.0,240.0,1.5,0.6,1.0,0.0,240.0,3.0,652.5,981.7,981.7,240.0,329.20000000000005,0.5045210727969349,1.0,0.0,240.0,3.0,19.7,24.0,24.0,240.0,4.300000000000001,0.2182741116751269,1.0,0.0,240.0,3.0,8.59,5.17,8.59,0.0,-3.42,-0.3981373690337602,1.0,0.0,240.0,3.0,93.1,125.3,148.1,120.0,32.2,0.3458646616541354,1.0,0.0,240.0,3.0,287.5,284.7,299.9,120.0,-2.800000000000012,-0.0097391304347826,2.0,1.0,47.0,188.0,1.0,1.0,188.0,1.0,47.0,0.0,-1.0,0.0,-1.0,0.0,-1.0,4.0,0.0,47.0,-52.0,13.0,240.0,3.0,0.0,-1.0,0.0,0.0,12.299999999999995,12.299999999999995,0.1027568922305764,1,-7.5,7.5,-0.234375,-1,6.400000000000006,6.400000000000006,0.0633036597428289,1,10.4,10.4,0.1962264150943396,1,0.7000000000000028,0.7000000000000028,0.007470651013874,1,-0.1099999999999994,0.1099999999999994,-0.0028970239662891,-1,3,3,0.375,1,0,0,0.0,0,1,1,1,0,0,153.0,1,1,92,13,1,0,0,0,0,0,0,1,0,0,210,1,44,3,0,0,1,0,0,0,1,0,0,0,1,1,0,0,1,0,0,0,0,0,0,0,1,0,0.1428571428571428,0.0,0,0,0,0,0,0,1,1.1839762611275966,1.7339449541284404,48.1,69.03333333333333,62.75074183976262,12101.67,4545.009,0,1,0,1,1,0,3,2,3,1,1,0,3,10,1,0.065359477124183,0.7823529411764706,5.0369526024136295,0,0,2,2,1
E000638,2026-05-12,77.9,14.5,113.0,79.9,96.2,0,37.15,15,53,Male,White,Nausea/vomiting. Community patient from home with symptom onset ~216 minutes before arrival.,5,5,Walk-in,0,1,0,0,0,91.7,7.388,138.1,4.12,15.9,8.0,0,0,83.9,11.6,125.0,86.8,95.5,0,36.34,13,32.5,6.0,-0.81,-2,,,,,1,0,0,0,0,0,0,0,0,0,0,0,359,1,7.0,66.6,86.6,76.74285714285715,83.9,20.0,0.0853214873600845,0.0200684603223429,0.8333333333333326,0.041949220633135,-1.0,86.6,24.0,66.6,0.0,0.0,-1.0,83.9,108.0,9.5,17.7,13.028571428571428,11.6,8.2,0.1943358642446958,-0.0132428159583371,0.2291666666666665,-0.0051904226257431,-1.0,17.7,24.0,9.5,143.0,0.0,-1.0,11.6,63.0,112.9,130.5,122.15714285714284,125.0,17.599999999999994,0.0496922951438939,0.0636276817203073,0.1333333333333323,0.0312951952434517,-1.0,130.5,143.0,112.9,0.0,125.0,-1.0,76.5,96.8,86.6,86.8,20.3,0.0747411030661444,0.0592342745137313,0.0999999999999996,-0.0095934436766833,-1.0,96.8,143.0,76.5,0.0,86.8,-1.0,95.5,99.1,97.4,95.5,3.5999999999999943,0.0144988892417217,-0.0007961999871236,0.0999999999999995,-0.0093041941185924,-1.0,99.1,132.0,95.5,240.0,0.0,-1.0,95.5,108.0,36.34,37.46,36.68285714285714,36.34,1.1199999999999974,0.0095013400029928,-0.0030406183605291,0.0362499999999997,-0.0030089988751405,-1.0,37.46,24.0,36.34,240.0,36.34,63.0,13.0,15.0,14.142857142857142,13.0,2.0,0.0451730904545412,-0.0059983260485446,0.0416666666666665,-0.0122931062188655,-1.0,15.0,24.0,13.0,240.0,0.0,-1.0,13.0,108.0,31.2,39.6,33.75714285714286,32.5,8.400000000000002,0.0760520012331282,-0.0045550794411577,0.1416666666666664,-0.0369034227864374,-1.0,39.6,87.0,31.2,0.0,0.0,-1.0,32.5,45.0,2.0,1.0,1.0,0.0,120.0,2.0,6.3,8.19,8.19,120.0,1.89,0.2999999999999999,1.0,0.0,120.0,2.0,136.3,138.1,138.1,120.0,1.799999999999983,0.0132061628760086,1.0,0.0,120.0,2.0,4.1,4.11,4.11,120.0,0.0100000000000006,0.002439024390244,1.0,0.0,120.0,2.0,24.3,22.2,24.3,0.0,-2.1000000000000014,-0.0864197530864198,1.0,0.0,120.0,2.0,38.0,45.3,45.3,120.0,7.299999999999997,0.1921052631578946,1.0,0.0,120.0,2.0,7.4,7.399,7.4,0.0,-0.0010000000000003,-0.0001351351351351,1.0,0.0,120.0,2.0,0.008,0.013,0.013,120.0,0.0049999999999999,0.6249999999999999,1.0,0.0,120.0,2.0,2.55,2.77,2.77,120.0,0.2200000000000002,0.0862745098039216,1.0,0.0,120.0,2.0,332.7,230.0,332.7,0.0,-102.7,-0.3086865043582807,1.0,0.0,120.0,2.0,10.5,8.2,10.5,0.0,-2.3000000000000007,-0.2190476190476191,1.0,0.0,120.0,2.0,1.26,1.73,1.73,120.0,0.47,0.3730158730158729,1.0,0.0,120.0,2.0,95.0,87.5,95.0,0.0,-7.5,-0.0789473684210526,1.0,0.0,120.0,2.0,286.3,282.9,286.3,0.0,-3.400000000000034,-0.0118756549074398,1.0,1.0,13.0,13.0,1.0,0.0,-1.0,1.0,13.0,0.0,-1.0,0.0,-1.0,0.0,-1.0,2.0,0.0,13.0,,0.0,0.0,2.0,240.0,240.0,0.0,0.0,6.0,6.0,0.0770218228498074,1,-2.9000000000000004,2.9000000000000004,-0.2,-1,12.0,12.0,0.1061946902654867,1,6.899999999999992,6.899999999999992,0.0863579474342927,1,-0.7000000000000028,0.7000000000000028,-0.0072765072765073,-1,-0.8099999999999952,0.8099999999999952,-0.0218034993270523,-1,-2,2,-0.1333333333333333,-1,0,0,0.0,0,4,0,0,0,0,216.0,1,0,92,12,0,0,0,0,0,1,0,0,1,0,106,1,46,1,0,1,0,0,0,0,0,0,1,0,0,0,0,0,0,0,0,0,0,0,0,0,0,0,0.0,0.0,0,1,1,0,0,0,0,0.6893805309734514,0.8566715542521994,33.099999999999994,90.93333333333334,36.53716814159293,8802.7,2893.985,0,0,0,0,0,0,0,0,0,0,0,0,0,0,0,0.0,0.3606481481481481,5.37989735354046,0,1,1,0,0
E001859,2026-05-14,149.8,28.4,142.2,67.8,92.6,1,39.2,11,30,Female,Asian,Altered mental status. Festival attendee from VIP tent with symptom onset ~151 minutes before arrival.,2,7,Festival Medical Tent Transfer,0,0,0,0,0,130.8,7.295,138.8,4.36,13.2,15.6,1,1,147.5,25.5,140.8,74.0,92.5,1,38.13,11,48.0,-2.3,-1.07,0,3.47,978.1,7.245,0.115,1,0,0,0,0,0,1,1,0,0,0,1,361,3,9.0,98.9,147.5,115.8777777777778,147.5,48.6,0.1160703249035752,0.1106208198721211,0.0,0.2146109547759436,1.0,147.5,240.0,98.9,124.0,1.0,240.0,147.5,-1.0,20.3,27.2,24.077777777777776,25.5,6.899999999999999,0.0870695074486073,0.0001560172385255,0.0,0.0114763008882436,1.0,27.2,115.0,20.3,135.0,5.0,0.0,25.5,61.0,108.4,140.8,121.02222222222224,140.8,32.400000000000006,0.1003113675119105,0.0785235681050497,0.0,0.0575851606200505,1.0,140.8,240.0,108.4,0.0,140.8,-1.0,55.9,86.3,74.34444444444443,74.0,30.4,0.1130518266359543,0.0069708134352606,0.0,-0.0194120115863852,-1.0,86.3,115.0,55.9,124.0,74.0,9.0,91.5,95.4,93.64444444444445,92.5,3.9000000000000057,0.0137779576335973,-0.0029437908817271,0.0,-0.0030823637877297,-1.0,95.4,106.0,91.5,135.0,0.0,-1.0,92.5,5.0,37.59,38.14,37.87,38.13,0.5499999999999972,0.0056511577921924,0.0003635906647132,0.0,0.0023740393414198,1.0,38.14,196.0,37.59,124.0,38.13,72.0,11.0,13.0,11.88888888888889,11.0,2.0,0.0476543879775026,-0.0025716790397429,0.0,-0.004258891037064,-1.0,13.0,135.0,11.0,115.0,8.0,0.0,11.0,9.0,39.9,48.0,43.24444444444445,48.0,8.100000000000001,0.0618296020474937,0.0079418598235687,0.0,0.0343380830174139,1.0,48.0,240.0,39.9,135.0,0.0,-1.0,48.0,61.0,3.0,1.0,1.0,0.0,240.0,3.0,9.46,10.37,11.99,120.0,0.9099999999999984,0.0961945031712471,1.0,0.0,240.0,3.0,137.8,142.9,142.9,240.0,5.099999999999994,0.037010159651669,1.0,0.0,240.0,3.0,4.48,4.38,4.48,0.0,-0.1000000000000005,-0.0223214285714286,1.0,0.0,240.0,3.0,21.2,18.7,21.2,0.0,-2.5,-0.1179245283018868,1.0,0.0,240.0,3.0,48.2,52.8,55.9,120.0,4.599999999999994,0.0954356846473027,1.0,0.0,240.0,3.0,7.329,7.245,7.329,0.0,-0.0839999999999996,-0.0114613180515758,1.0,0.0,240.0,3.0,0.116,0.115,0.132,120.0,-0.001,-0.0086206896551724,1.0,0.0,240.0,3.0,4.67,3.47,4.67,0.0,-1.1999999999999995,-0.2569593147751605,1.0,0.0,240.0,3.0,929.9,978.1,978.1,240.0,48.200000000000045,0.0518335304871492,1.0,0.0,240.0,3.0,17.4,12.3,33.1,120.0,-5.099999999999998,-0.293103448275862,1.0,0.0,240.0,3.0,4.98,8.77,8.77,240.0,3.789999999999999,0.7610441767068271,1.0,0.0,240.0,3.0,124.4,115.4,124.4,0.0,-9.0,-0.0723472668810289,1.0,0.0,240.0,3.0,292.0,314.1,314.1,240.0,22.100000000000023,0.0756849315068493,1.0,1.0,192.0,192.0,0.0,0.0,-1.0,1.0,192.0,0.0,-1.0,0.0,-1.0,0.0,-1.0,2.0,0.0,192.0,,14.0,135.0,5.0,115.0,-1.0,1.0,-1.0,-2.300000000000012,2.300000000000012,-0.0153538050734313,-1,-2.8999999999999986,2.8999999999999986,-0.1021126760563379,-1,-1.3999999999999773,1.3999999999999773,-0.0098452883263008,-1,6.200000000000003,6.200000000000003,0.0914454277286136,1,-0.0999999999999943,0.0999999999999943,-0.0010799136069113,-1,-1.0700000000000005,1.0700000000000005,-0.0272959183673469,-1,0,0,0.0,0,0,0,0.0,0,3,0,0,0,0,151.0,1,1,102,15,0,0,0,0,1,0,0,1,0,0,209,0,40,3,1,0,1,0,0,1,0,0,0,1,0,0,0,0,0,0,0,0,0,0,0,0,0,0,0.0,0.1111111111111111,0,0,0,1,1,0,1,1.0534458509142055,1.6177105831533485,74.39999999999999,92.6,31.603375527426167,21301.56,5872.160000000001,0,0,0,1,1,0,2,3,3,0,2,3,3,14,1,0.0927152317880794,0.9920529801324504,5.0238805208462765,0,0,0,4,2
E001599,2026-05-14,120.0,26.8,109.3,72.5,92.3,1,38.59,10,23,Non-binary,Black,Nausea/vomiting. Festival attendee from main stage with symptom onset ~113 minutes before arrival.,1,8,Festival Medical Tent Transfer,0,0,0,0,0,140.9,7.269,135.0,4.76,17.3,11.7,1,1,138.4,22.0,125.9,61.1,95.6,0,37.84,12,42.8,18.4,-0.75,2,3.86,692.1,7.34,0.1,1,0,1,0,0,0,0,1,0,0,0,1,361,3,6.0,105.8,138.4,121.08333333333331,138.4,32.60000000000001,0.0890435064492391,0.0615632905268104,0.4580645161290316,0.3197296920718963,-1.0,138.4,240.0,105.8,147.0,1.0,240.0,132.9,-1.0,16.8,27.4,21.766666666666666,22.0,10.599999999999998,0.1424854530037561,-0.0118342295517064,0.193548387096774,0.0510984162370535,-1.0,27.4,31.0,16.8,147.0,1.0,31.0,22.1,116.0,108.8,131.0,123.33333333333331,125.9,22.200000000000003,0.0632218721110133,-0.0077521737327381,-0.2677419354838711,-0.1371743068134317,1.0,131.0,147.0,108.8,217.0,117.35,23.0,61.1,82.8,76.33333333333333,61.1,21.7,0.0920662386126987,-0.0497034876487745,0.1193548387096772,-0.1502159676745162,-1.0,82.8,31.0,61.1,240.0,69.4,-1.0,92.3,95.6,93.95,95.6,3.299999999999997,0.0111761575306013,0.0070893407611174,-0.0580645161290326,0.0190283776879844,1.0,95.6,240.0,92.3,31.0,0.0,-1.0,94.8,140.0,37.21,37.98,37.7,37.84,0.769999999999996,0.0068023905863548,-0.0014780000276468,-0.0032258064516128,0.0022785750777947,1.0,37.98,0.0,37.21,171.0,37.695,69.0,10.0,12.0,11.0,12.0,2.0,0.0742269619025205,0.0052874580113628,-0.032258064516129,0.0171380799777065,1.0,12.0,217.0,10.0,31.0,6.0,0.0,12.0,116.0,37.9,44.4,42.26666666666667,42.8,6.5,0.0561157420417041,0.0123367108555314,0.1967741935483868,0.0057637824532068,-1.0,44.4,217.0,37.9,0.0,0.0,-1.0,43.6,-1.0,3.0,1.0,1.0,0.0,240.0,3.0,9.32,7.43,9.73,120.0,-1.8900000000000008,-0.2027896995708155,1.0,0.0,240.0,3.0,136.2,138.0,138.0,240.0,1.8000000000000114,0.013215859030837,1.0,0.0,240.0,3.0,4.85,4.08,4.85,0.0,-0.7699999999999996,-0.158762886597938,1.0,0.0,240.0,3.0,16.4,21.4,21.4,240.0,5.0,0.3048780487804878,1.0,0.0,240.0,3.0,53.8,43.6,65.9,120.0,-10.199999999999996,-0.1895910780669144,1.0,0.0,240.0,3.0,7.321,7.34,7.34,240.0,0.0190000000000001,0.0025952738696899,1.0,0.0,240.0,3.0,0.139,0.1,0.139,0.0,-0.039,-0.2805755395683453,1.0,0.0,240.0,3.0,3.26,3.86,3.86,240.0,0.6000000000000001,0.1840490797546012,1.0,0.0,240.0,3.0,735.8,692.1,735.8,0.0,-43.69999999999993,-0.0593911388964391,1.0,0.0,240.0,3.0,22.0,28.3,28.3,240.0,6.300000000000001,0.2863636363636364,1.0,0.0,240.0,3.0,9.91,1.28,9.91,0.0,-8.63,-0.8708375378405652,1.0,0.0,240.0,3.0,113.6,114.0,131.7,120.0,0.4000000000000057,0.0035211267605634,1.0,0.0,240.0,3.0,298.0,289.3,308.0,120.0,-8.699999999999989,-0.0291946308724831,3.0,1.0,92.0,182.0,0.0,0.0,-1.0,1.0,182.0,0.0,-1.0,1.0,92.0,1.0,122.0,5.0,0.0,92.0,,8.0,240.0,2.0,31.0,-1.0,1.0,0.0,18.40000000000001,18.40000000000001,0.1533333333333333,1,-4.800000000000001,4.800000000000001,-0.1791044776119403,-1,16.60000000000001,16.60000000000001,0.1518755718206771,1,-11.4,11.4,-0.1572413793103448,-1,3.299999999999997,3.299999999999997,0.0357529794149512,1,-0.75,0.75,-0.0194350868100544,-1,2,2,0.2,1,-1,1,-1.0,-1,2,1,1,0,1,113.0,1,1,98,13,1,0,0,0,0,0,0,1,0,0,231,0,45,3,0,0,0,0,0,0,1,1,1,0,0,1,0,0,0,0,0,0,0,0,0,0,0,0,0.0,0.0,0,1,0,0,1,1,1,1.0978956999085088,1.4156508061344868,36.8,84.76666666666667,25.2516010978957,13116.0,4630.8,0,0,0,0,1,0,1,2,3,1,2,2,3,13,1,0.1150442477876106,1.0619469026548674,4.736198448394496,0,0,0,3,2
E001787,2026-05-14,103.5,30.6,159.2,86.6,95.3,0,37.58,12,39,Non-binary,White,Headache. Festival attendee from main stage with symptom onset ~151 minutes before arrival.,3,5,EMS,0,0,0,0,1,104.3,7.359,139.6,4.3,12.8,10.7,1,1,104.9,20.7,116.4,69.6,96.9,0,37.52,13,34.7,1.4,-0.06,1,3.04,78.3,7.29,0.013,1,0,0,0,0,0,0,0,0,0,0,1,361,3,9.0,71.3,104.9,87.46666666666665,104.9,33.60000000000001,0.1215420441235799,0.0317933875097403,0.0833333333333326,0.091785563528915,1.0,104.9,240.0,71.3,205.0,0.0,-1.0,104.9,-1.0,15.5,26.2,19.23333333333333,20.7,10.7,0.1495899176917856,-0.0239600727299714,-0.2375,0.0150837202757844,1.0,26.2,0.0,15.5,166.0,1.0,0.0,20.7,-1.0,104.2,135.4,116.91111111111113,116.4,31.200000000000003,0.0978781390110123,0.0076069612972648,-0.6750000000000007,0.0756268467707893,-1.0,135.4,205.0,104.2,202.0,116.4,3.0,51.3,98.4,74.43333333333334,69.6,47.10000000000001,0.1626978415512674,0.0460981854614269,-0.4291666666666672,0.0697678345293375,1.0,98.4,202.0,51.3,146.0,69.6,3.0,94.1,97.9,96.42222222222225,96.9,3.8000000000000114,0.0131800611923786,0.0135923410887227,-0.0041666666666675,-0.0025383424792455,1.0,97.9,179.0,94.1,24.0,0.0,-1.0,96.9,-1.0,37.02,37.52,37.28666666666666,37.52,0.5,0.00401791615488,0.0005126349771789,-0.01875,0.0018813845504431,1.0,37.52,240.0,37.02,24.0,37.52,122.0,13.0,15.0,14.22222222222222,13.0,2.0,0.0644235254002759,0.001632713644291,-0.0833333333333334,0.0037146475306036,0.0,15.0,0.0,13.0,24.0,0.0,-1.0,13.0,122.0,34.7,40.5,37.46666666666667,34.7,5.799999999999997,0.0467568802258751,-0.0054510371442355,0.0541666666666662,-0.0244378781483046,-1.0,40.5,179.0,34.7,240.0,0.0,-1.0,34.7,23.0,3.0,1.0,1.0,0.0,240.0,3.0,7.81,7.47,9.8,120.0,-0.3399999999999998,-0.0435339308578745,1.0,0.0,240.0,3.0,139.9,141.5,141.5,240.0,1.5999999999999943,0.0114367405289492,1.0,0.0,240.0,3.0,4.2,4.03,4.2,0.0,-0.1699999999999999,-0.0404761904761904,1.0,0.0,240.0,3.0,21.5,25.9,25.9,240.0,4.399999999999999,0.2046511627906976,1.0,0.0,240.0,3.0,28.8,8.0,28.8,0.0,-20.8,-0.7222222222222222,1.0,0.0,240.0,3.0,7.385,7.29,7.385,0.0,-0.0949999999999997,-0.0128639133378469,1.0,0.0,240.0,3.0,0.048,0.013,0.048,0.0,-0.035,-0.7291666666666667,1.0,0.0,240.0,3.0,2.92,3.04,3.04,240.0,0.1200000000000001,0.0410958904109589,1.0,0.0,240.0,3.0,440.3,78.3,466.8,120.0,-362.0,-0.8221667045196457,1.0,0.0,240.0,3.0,11.7,13.7,16.5,120.0,2.0,0.1709401709401709,1.0,0.0,240.0,3.0,5.27,3.51,5.27,0.0,-1.7599999999999998,-0.333965844402277,1.0,0.0,240.0,3.0,72.2,95.9,134.7,120.0,23.700000000000003,0.3282548476454294,1.0,0.0,240.0,3.0,288.4,284.1,294.0,120.0,-4.2999999999999545,-0.0149098474341191,1.0,1.0,43.0,43.0,1.0,0.0,-1.0,1.0,43.0,0.0,-1.0,0.0,-1.0,0.0,-1.0,2.0,0.0,43.0,,1.0,24.0,6.0,24.0,202.0,1.0,0.0,1.4000000000000057,1.4000000000000057,0.0135265700483092,1,-9.900000000000002,9.900000000000002,-0.3235294117647059,-1,-42.79999999999998,42.79999999999998,-0.2688442211055275,-1,-17.0,17.0,-0.1963048498845265,-1,1.6000000000000083,1.6000000000000083,0.0167890870933893,1,-0.0599999999999951,0.0599999999999951,-0.0015965939329429,-1,1,1,0.0833333333333333,1,0,0,0.0,0,2,0,0,0,0,151.0,1,1,91,13,1,0,0,0,0,0,0,1,0,0,236,0,40,3,0,1,0,0,1,0,0,0,0,0,0,0,0,0,0,0,0,0,0,0,0,0,0,0,0.0,0.0,0,1,1,0,0,0,0,0.6501256281407035,0.934115523465704,72.6,110.8,25.35489949748744,16477.199999999997,3889.53,0,0,0,0,0,0,0,1,3,0,0,0,2,6,1,0.0397350993377483,0.6854304635761589,5.0238805208462765,0,0,1,3,1
E001429,2026-05-13,84.6,15.4,117.6,52.9,98.4,0,36.86,13,56,Male,Asian,"Shortness of Breath 8 days of cough, runny nose, congestion.",5,1,Walk-in,0,0,0,1,0,72.9,7.391,138.8,3.98,17.3,9.8,0,0,58.8,15.9,107.4,72.8,98.6,0,36.71,15,35.7,-25.8,-0.15,2,,,,,0,1,0,0,0,0,0,0,0,0,0,0,360,2,6.0,58.8,86.3,73.31666666666668,58.8,27.5,0.1159419028370311,-0.0258905136857893,0.0,-0.0669276226769393,-1.0,86.3,203.0,58.8,240.0,0.0,-1.0,58.8,-1.0,10.4,15.9,13.3,15.9,5.5,0.123470154754422,0.0021184851893513,0.0,0.0146066329771076,1.0,15.9,240.0,10.4,173.0,0.0,-1.0,15.9,30.0,107.4,144.9,125.61666666666666,107.4,37.5,0.0959847334144779,0.0078338421982965,0.0,0.0074268908955347,-1.0,144.9,203.0,107.4,240.0,107.4,37.0,62.2,76.0,70.35000000000001,72.8,13.799999999999995,0.0662964825440881,0.0039584337672075,0.0,-0.0372407698892662,1.0,76.0,120.0,62.2,203.0,72.8,83.0,95.0,98.6,96.96666666666664,98.6,3.5999999999999943,0.0127237920407849,0.0022845358615885,0.0,0.0154157346809157,1.0,98.6,240.0,95.0,173.0,0.0,-1.0,98.6,30.0,36.39,37.04,36.74166666666667,36.71,0.6499999999999986,0.0052808960153523,-0.0006960737050726,0.0,0.0016164084720956,1.0,37.04,0.0,36.39,92.0,36.71,28.0,14.0,15.0,14.666666666666666,15.0,1.0,0.0321412173266612,-0.0026782366489903,0.0,-0.0030928119736006,1.0,15.0,0.0,14.0,173.0,0.0,-1.0,15.0,67.0,33.4,37.5,35.333333333333336,35.7,4.100000000000001,0.0413590758807226,0.012410948631421,0.0,0.011031949852263,1.0,37.5,173.0,33.4,92.0,0.0,-1.0,35.7,-1.0,1.0,1.0,1.0,120.0,120.0,1.0,3.2,3.2,3.2,120.0,0.0,0.0,1.0,120.0,120.0,1.0,139.7,139.7,139.7,120.0,0.0,0.0,1.0,120.0,120.0,1.0,3.62,3.62,3.62,120.0,0.0,0.0,1.0,120.0,120.0,1.0,24.1,24.1,24.1,120.0,0.0,0.0,1.0,120.0,120.0,1.0,8.0,8.0,8.0,120.0,0.0,0.0,1.0,120.0,120.0,1.0,7.393,7.393,7.393,120.0,0.0,0.0,1.0,120.0,120.0,1.0,0.011,0.011,0.011,120.0,0.0,0.0,1.0,120.0,120.0,1.0,2.06,2.06,2.06,120.0,0.0,0.0,1.0,120.0,120.0,1.0,20.0,20.0,20.0,120.0,0.0,0.0,1.0,120.0,120.0,1.0,1.0,1.0,1.0,120.0,0.0,0.0,1.0,120.0,120.0,1.0,1.41,1.41,1.41,120.0,0.0,0.0,1.0,120.0,120.0,1.0,87.1,87.1,87.1,120.0,0.0,0.0,1.0,120.0,120.0,1.0,280.2,280.2,280.2,120.0,0.0,0.0,1.0,1.0,132.0,132.0,0.0,1.0,132.0,0.0,-1.0,0.0,-1.0,0.0,-1.0,0.0,-1.0,4.0,0.0,12.0,,0.0,0.0,3.0,173.0,203.0,1.0,0.0,-25.8,25.8,-0.3049645390070922,-1,0.5,0.5,0.0324675324675324,1,-10.199999999999989,10.199999999999989,-0.0867346938775509,-1,19.9,19.9,0.3761814744801512,1,0.1999999999999886,0.1999999999999886,0.0020325203252031,1,-0.1499999999999985,0.1499999999999985,-0.0040694519804665,-1,2,2,0.1538461538461538,1,0,0,0.0,0,1,0,0,0,0,,0,0,60,10,0,0,0,0,0,1,0,0,0,1,106,0,52,2,0,0,0,0,0,0,0,0,0,0,1,0,0,0,0,0,0,0,0,0,0,0,0,0,0.0,0.0,0,1,1,0,0,0,0,0.7193877551020408,1.1360787824529992,64.69999999999999,74.46666666666667,40.285714285714285,9948.96,3118.356,0,0,0,0,0,0,0,0,0,0,0,0,2,2,0,,,,0,0,1,0,1
E001440,2026-05-12,162.2,37.2,141.5,65.9,92.4,1,38.85,10,31,Male,Hispanic/Latino,Shortness of breath. Festival attendee from main stage with symptom onset ~38 minutes before arrival.,2,9,Police,0,0,0,0,0,135.7,7.274,135.5,4.78,13.9,16.4,1,1,119.8,24.8,121.0,70.7,95.0,0,37.83,12,45.5,-42.4,-1.02,2,4.84,998.2,7.347,0.101,1,1,0,0,0,0,0,0,1,1,0,1,359,1,9.0,102.6,147.4,129.48888888888888,119.8,44.80000000000001,0.1094964903274912,-0.140027606350834,-0.3205882352941183,-0.2192370734614806,1.0,147.4,80.0,102.6,185.0,5.0,0.0,119.8,-1.0,19.3,32.4,25.322222222222223,24.8,13.099999999999998,0.1457519227171685,-0.0078687256212573,0.2617647058823527,0.0074667100147654,-1.0,32.4,34.0,19.3,69.0,5.0,34.0,24.8,35.0,102.3,135.7,123.34444444444443,121.0,33.39999999999999,0.0773971408846431,-0.0142129214203305,0.0794117647058821,-0.03356971593449,-1.0,135.7,69.0,102.3,157.0,121.0,8.0,70.7,84.5,76.45555555555558,70.7,13.799999999999995,0.0621703739447179,0.0105931931803617,-0.0764705882352944,-0.0178370653337125,1.0,84.5,157.0,70.7,240.0,70.7,28.0,91.3,95.4,93.64444444444445,95.0,4.1000000000000085,0.0140871590694407,0.0146892797626676,0.0323529411764705,0.0105552620528035,1.0,95.4,165.0,91.3,0.0,0.0,-1.0,95.0,-1.0,37.43,38.31,37.888888888888886,37.83,0.8800000000000026,0.0071325532246848,-0.0025197547933414,0.0002941176470587,-0.0006210969778246,-1.0,38.31,34.0,37.43,165.0,37.83,20.0,10.0,13.0,11.77777777777778,12.0,3.0,0.0777944457663709,0.0035320563297746,-0.0588235294117646,0.0125099903821406,1.0,13.0,0.0,10.0,69.0,7.0,34.0,12.0,74.0,39.3,47.1,42.75555555555556,45.5,7.800000000000004,0.0578302746182998,0.0125812624755068,-0.0411764705882354,0.0007260806545563,1.0,47.1,143.0,39.3,157.0,0.0,-1.0,45.5,14.0,2.0,1.0,1.0,120.0,240.0,2.0,15.75,7.12,15.75,120.0,-8.629999999999999,-0.5479365079365078,1.0,120.0,240.0,2.0,139.0,140.8,140.8,240.0,1.8000000000000114,0.0129496402877698,1.0,120.0,240.0,2.0,4.37,4.51,4.51,240.0,0.1399999999999996,0.0320366132723111,1.0,120.0,240.0,2.0,20.6,20.5,20.6,120.0,-0.1000000000000014,-0.0048543689320389,1.0,120.0,240.0,2.0,77.7,42.9,77.7,120.0,-34.800000000000004,-0.4478764478764479,1.0,120.0,240.0,2.0,7.33,7.347,7.347,240.0,0.0170000000000003,0.0023192360163711,1.0,120.0,240.0,2.0,0.164,0.101,0.164,120.0,-0.063,-0.3841463414634146,1.0,120.0,240.0,2.0,4.0,4.84,4.84,240.0,0.8399999999999999,0.2099999999999999,1.0,120.0,240.0,2.0,975.0,998.2,998.2,240.0,23.200000000000045,0.0237948717948718,1.0,120.0,240.0,2.0,20.5,20.7,20.7,240.0,0.1999999999999993,0.0097560975609755,1.0,120.0,240.0,2.0,2.05,8.12,8.12,240.0,6.069999999999999,2.960975609756097,1.0,120.0,240.0,2.0,116.6,148.0,148.0,240.0,31.40000000000001,0.2692967409948543,1.0,120.0,240.0,2.0,299.0,297.1,299.0,120.0,-1.8999999999999773,-0.0063545150501671,3.0,1.0,39.0,159.0,1.0,1.0,159.0,1.0,154.0,0.0,-1.0,0.0,-1.0,1.0,39.0,4.0,0.0,-81.0,159.0,17.0,151.0,5.0,69.0,185.0,1.0,1.0,-42.39999999999999,42.39999999999999,-0.2614056720098643,-1,-12.400000000000002,12.400000000000002,-0.3333333333333333,-1,-20.5,20.5,-0.1448763250883392,-1,4.799999999999997,4.799999999999997,0.0728376327769347,1,2.5999999999999943,2.5999999999999943,0.028138528138528,1,-1.0200000000000031,1.0200000000000031,-0.0262548262548263,-1,2,2,0.2,1,-1,1,-1.0,-1,2,0,0,0,1,38.0,1,1,101,15,1,0,0,0,0,0,1,0,0,0,239,0,46,3,1,0,1,0,0,0,0,1,0,1,0,0,0,0,0,0,0,0,1,0,1,0,0,0,0.0,0.0,0,0,0,1,1,0,1,1.1462897526501763,1.7804610318331502,75.6,91.1,35.53498233215547,22951.3,6301.469999999999,0,0,0,1,1,0,2,3,3,0,2,2,3,13,1,0.3421052631578947,4.268421052631578,3.6635616461296463,1,0,0,4,2
E000235,2026-05-14,159.0,34.0,117.9,74.8,91.2,1,38.72,11,23,Male,White,"Hypotension ems states lower backpain, onset 1 hr ago, assoc w/ hypotension, B/P84/36, dopamine started enroute.",2,10,EMS,0,0,0,0,0,130.9,7.308,135.5,5.34,14.8,18.6,0,0,106.8,28.5,124.5,79.7,93.2,0,37.8,13,40.9,-52.2,-0.92,2,2.31,466.9,7.351,0.083,1,1,0,1,0,0,1,0,0,0,0,1,361,3,9.0,84.6,122.1,106.44444444444444,106.8,37.5,0.1035044351278883,-0.0705381374550904,0.0,0.0110424444316809,-1.0,122.1,0.0,84.6,145.0,0.0,-1.0,106.8,48.0,19.3,28.5,22.72222222222222,28.5,9.2,0.1342242618233565,0.0043962754271239,0.0,0.0479340646717591,1.0,28.5,240.0,19.3,144.0,3.0,0.0,28.5,27.0,104.7,142.3,123.4,124.5,37.60000000000001,0.098001884612246,-0.0275456202021247,0.0,-0.0646361495606231,-1.0,142.3,111.0,104.7,144.0,124.5,1.0,62.1,87.2,76.44444444444444,79.7,25.1,0.0977018839430134,0.0313919977254516,0.0,-0.0254953764861293,1.0,87.2,171.0,62.1,193.0,79.7,22.0,93.2,96.6,94.75555555555556,93.2,3.3999999999999915,0.0112692436929962,-0.007864961616997,0.0,-0.02120268795589,-1.0,96.6,145.0,93.2,240.0,0.0,-1.0,93.2,-1.0,37.18,38.24,37.59222222222222,37.8,1.0600000000000025,0.0093224861142412,-0.0024132182274031,0.0,0.0020542185974384,1.0,38.24,0.0,37.18,144.0,37.8,14.0,10.0,14.0,13.0,13.0,4.0,0.0888231183368655,0.0140156116725684,0.0,-0.0005398885761874,-1.0,14.0,144.0,10.0,0.0,1.0,0.0,13.0,-1.0,34.8,43.8,40.56666666666666,40.9,9.0,0.0612147264821337,-0.0168080720618263,0.0,-0.0047981161334788,1.0,43.8,0.0,34.8,145.0,0.0,-1.0,40.9,13.0,1.0,1.0,1.0,240.0,240.0,1.0,8.37,8.37,8.37,240.0,0.0,0.0,1.0,240.0,240.0,1.0,142.2,142.2,142.2,240.0,0.0,0.0,1.0,240.0,240.0,1.0,3.7,3.7,3.7,240.0,0.0,0.0,1.0,240.0,240.0,1.0,16.9,16.9,16.9,240.0,0.0,0.0,1.0,240.0,240.0,1.0,34.8,34.8,34.8,240.0,0.0,0.0,1.0,240.0,240.0,1.0,7.351,7.351,7.351,240.0,0.0,0.0,1.0,240.0,240.0,1.0,0.083,0.083,0.083,240.0,0.0,0.0,1.0,240.0,240.0,1.0,2.31,2.31,2.31,240.0,0.0,0.0,1.0,240.0,240.0,1.0,466.9,466.9,466.9,240.0,0.0,0.0,1.0,240.0,240.0,1.0,22.0,22.0,22.0,240.0,0.0,0.0,1.0,240.0,240.0,1.0,2.02,2.02,2.02,240.0,0.0,0.0,1.0,240.0,240.0,1.0,125.7,125.7,125.7,240.0,0.0,0.0,1.0,240.0,240.0,1.0,287.4,287.4,287.4,240.0,0.0,0.0,4.0,1.0,110.0,159.0,0.0,1.0,153.0,1.0,159.0,1.0,110.0,0.0,-1.0,1.0,137.0,7.0,0.0,-130.0,,4.0,111.0,2.0,0.0,193.0,1.0,0.0,-52.2,52.2,-0.3283018867924528,-1,-5.5,5.5,-0.1617647058823529,-1,6.599999999999994,6.599999999999994,0.0559796437659032,1,4.900000000000006,4.900000000000006,0.0655080213903744,1,2.0,2.0,0.0219298245614035,1,-0.9200000000000016,0.9200000000000016,-0.0237603305785124,-1,2,2,0.1818181818181818,1,-1,1,-1.0,-1,1,0,0,0,1,,0,0,112,16,0,0,0,0,0,1,0,0,0,1,123,0,49,3,1,0,1,0,0,0,0,1,0,1,0,1,0,0,1,0,0,0,0,0,0,0,0,0,0.0,0.0,0,0,0,1,1,0,1,1.3486005089058524,1.7831775700934578,43.10000000000001,89.16666666666667,31.017811704834603,18746.1,6156.48,1,0,0,1,1,0,3,3,3,0,2,2,3,13,1,,,,0,0,0,3,2
E000030,2026-05-14,116.7,33.0,106.9,70.0,93.9,0,38.22,12,26,Female,Black,General weakness. Festival attendee from festival medical tent with symptom onset ~73 minutes before arrival.,3,6,EMS,0,0,0,0,0,124.1,7.308,136.6,4.53,13.7,12.7,1,1,105.0,19.2,125.1,81.3,94.6,1,37.6,11,39.5,-11.7,-0.62,-1,,,,,1,1,0,1,0,0,1,1,0,1,0,0,361,3,6.0,105.0,123.8,112.56666666666666,105.0,18.8,0.0521382909099378,-0.0057233539393435,0.0,-0.0756996452502948,-1.0,123.8,165.0,105.0,240.0,0.0,-1.0,105.0,16.0,18.0,22.9,19.833333333333336,19.2,4.899999999999999,0.0790094741078531,-0.0055314691117287,0.0,-0.0098377348574431,1.0,22.9,165.0,18.0,181.0,0.0,-1.0,19.2,-1.0,118.9,133.7,126.26666666666668,125.1,14.799999999999985,0.0443710039967571,-0.0232045803426956,0.0,0.0527131782945739,1.0,133.7,181.0,118.9,135.0,125.1,28.0,71.3,88.2,79.58333333333333,81.3,16.900000000000006,0.0655510763792956,0.0056393395013069,0.0,-0.0191137826829585,1.0,88.2,163.0,71.3,181.0,81.3,2.0,92.8,97.4,94.8,94.6,4.6000000000000085,0.0148305884029276,0.009322490976227,0.0,-0.0088687426093809,-1.0,97.4,165.0,92.8,0.0,0.0,-1.0,94.6,16.0,37.13,37.6,37.38999999999999,37.6,0.4699999999999988,0.004611756140279,0.0015888063726507,0.0,0.0034496124031008,1.0,37.6,240.0,37.13,135.0,37.6,-1.0,11.0,13.0,12.166666666666666,11.0,2.0,0.0737693809196507,-0.0004148861137617,0.0,-0.0070292996978057,-1.0,13.0,163.0,11.0,135.0,3.0,0.0,11.0,28.0,36.7,43.6,40.06666666666667,39.5,6.899999999999999,0.0671819541870962,0.020078413475501,0.0,0.0082183681513601,-1.0,43.6,163.0,36.7,0.0,0.0,-1.0,39.5,2.0,1.0,1.0,1.0,120.0,120.0,1.0,6.01,6.01,6.01,120.0,0.0,0.0,1.0,120.0,120.0,1.0,133.9,133.9,133.9,120.0,0.0,0.0,1.0,120.0,120.0,1.0,4.34,4.34,4.34,120.0,0.0,0.0,1.0,120.0,120.0,1.0,21.9,21.9,21.9,120.0,0.0,0.0,1.0,120.0,120.0,1.0,43.9,43.9,43.9,120.0,0.0,0.0,1.0,120.0,120.0,1.0,7.355,7.355,7.355,120.0,0.0,0.0,1.0,120.0,120.0,1.0,0.035,0.035,0.035,120.0,0.0,0.0,1.0,120.0,120.0,1.0,1.82,1.82,1.82,120.0,0.0,0.0,1.0,120.0,120.0,1.0,576.4,576.4,576.4,120.0,0.0,0.0,1.0,120.0,120.0,1.0,14.3,14.3,14.3,120.0,0.0,0.0,1.0,120.0,120.0,1.0,2.98,2.98,2.98,120.0,0.0,0.0,1.0,120.0,120.0,1.0,110.8,110.8,110.8,120.0,0.0,0.0,1.0,120.0,120.0,1.0,305.7,305.7,305.7,120.0,0.0,0.0,3.0,1.0,18.0,152.0,1.0,1.0,115.0,1.0,152.0,1.0,18.0,0.0,-1.0,0.0,-1.0,7.0,0.0,-102.0,,3.0,163.0,2.0,135.0,181.0,1.0,0.0,-11.700000000000005,11.700000000000005,-0.1002570694087403,-1,-13.8,13.8,-0.4181818181818182,-1,18.19999999999999,18.19999999999999,0.1702525724976612,1,11.299999999999995,11.299999999999995,0.1614285714285714,1,0.6999999999999886,0.6999999999999886,0.0074547390841319,1,-0.6199999999999974,0.6199999999999974,-0.0162218733647304,-1,-1,1,-0.0833333333333333,-1,1,1,1000000.0,1,2,0,0,1,0,73.0,1,1,109,15,0,1,0,0,0,0,0,1,0,0,247,0,46,3,0,1,0,1,0,0,1,0,1,0,0,0,0,1,0,0,0,0,0,0,0,0,0,0,0.0,0.0,0,0,0,0,1,0,1,1.0916744621141252,1.417982989064399,36.900000000000006,82.3,28.38353601496725,12475.23,4460.274,0,0,0,1,1,0,2,2,3,1,1,2,2,11,1,0.1506849315068493,1.5986301369863014,4.30406509320417,0,0,0,3,1
E000009,2026-05-11,68.9,9.6,123.9,89.2,96.0,0,36.53,14,50,Female,White,Emisis was brown earlier but is now green Headache- New Onset Or New Symptoms,5,3,EMS,0,0,0,0,0,91.6,7.442,133.1,4.11,13.6,4.0,0,0,62.4,10.7,137.7,82.6,95.7,0,35.88,15,33.4,-6.5,-0.65,1,,,,,1,1,0,0,0,0,0,0,0,0,0,0,358,0,8.0,54.8,74.5,64.125,62.4,19.700000000000003,0.1106628899278627,-0.0553596770632942,-0.0350395532805962,-0.1135125273656042,1.0,74.5,129.0,54.8,176.0,0.0,-1.0,58.8,64.0,7.0,14.0,10.4625,10.7,7.0,0.1945891453869596,-0.0069073449178466,0.0347836202885061,0.0130017027487229,-1.0,14.0,33.0,7.0,220.0,1.0,220.0,9.766666666666667,20.0,109.3,152.1,131.275,137.7,42.8,0.1074977239364424,0.0881169384086533,0.0361796184271735,-0.0459255655558256,-1.0,152.1,220.0,109.3,53.0,137.76666666666668,5.0,76.1,88.1,81.375,82.6,12.0,0.0437407871171733,-0.0067646409536725,-0.2216612377850169,0.033300900024325,1.0,88.1,0.0,76.1,53.0,81.36666666666666,123.0,95.5,97.8,96.725,95.7,2.299999999999997,0.0087229449628773,-0.0090384433441609,-0.0026058631921834,-0.0110800291899779,-1.0,97.8,0.0,95.5,220.0,0.0,-1.0,95.83333333333331,-1.0,35.88,36.73,36.365,35.88,0.8499999999999943,0.008768463502545,-0.0017969661610268,0.0033387622149835,-0.0077487229384576,-1.0,36.73,129.0,35.88,240.0,36.03333333333333,91.0,13.0,15.0,14.375,15.0,2.0,0.0484153422854784,0.0025465956037718,0.0169846440204745,0.0141084894186329,0.0,15.0,53.0,13.0,129.0,0.0,-1.0,14.666666666666666,76.0,27.9,38.2,33.3,33.4,10.300000000000004,0.08433841843834,-0.0053391781513136,-0.1109818520241976,-0.0280223789832156,1.0,38.2,0.0,27.9,33.0,1.0,33.0,32.6,20.0,0.0,0.0,0.0,,,,,,,,,,0.0,,,,,,,,,,0.0,,,,,,,,,,0.0,,,,,,,,,,0.0,,,,,,,,,,0.0,,,,,,,,,,0.0,,,,,,,,,,0.0,,,,,,,,,,0.0,,,,,,,,,,0.0,,,,,,,,,,0.0,,,,,,,,,,0.0,,,,,,,,,,0.0,,,,,,,,,,2.0,1.0,45.0,87.0,1.0,1.0,45.0,1.0,87.0,0.0,-1.0,0.0,-1.0,0.0,-1.0,4.0,0.0,,,2.0,20.0,6.0,129.0,220.0,1.0,0.0,-6.500000000000007,6.500000000000007,-0.0943396226415095,-1,1.0999999999999996,1.0999999999999996,0.1145833333333333,1,13.799999999999985,13.799999999999985,0.1113801452784502,1,-6.6000000000000085,6.6000000000000085,-0.0739910313901346,-1,-0.2999999999999971,0.2999999999999971,-0.0031249999999999,-1,-0.6499999999999986,0.6499999999999986,-0.0177935943060497,-1,1,1,0.0714285714285714,1,0,0,0.0,0,2,0,0,0,0,,0,0,77,14,0,0,0,0,0,1,0,0,0,1,114,0,45,3,0,0,0,0,0,0,0,0,0,0,0,0,0,1,0,0,0,0,0,0,0,0,0,0,0.0,0.0,0,1,1,0,0,0,0,0.5560936238902341,0.683757856434006,34.7,100.76666666666668,27.804681194511705,8536.710000000001,2516.9170000000004,0,1,0,0,0,0,1,0,1,0,0,0,1,2,0,,,,0,0,0,0,1
E000477,2026-05-13,145.5,39.2,96.3,77.5,93.6,1,38.13,11,14,Male,White,Anxiety/panic. Festival attendee from beach shuttle stop with symptom onset ~67 minutes before arrival.,2,6,EMS,0,0,0,0,1,130.2,7.33,143.7,4.79,14.5,15.0,1,1,131.2,28.7,107.4,71.7,94.0,0,37.61,12,40.1,-14.3,-0.52,1,4.42,986.5,7.335,0.068,0,1,0,0,0,0,1,0,0,1,0,1,360,2,8.0,110.9,146.3,124.15,131.2,35.400000000000006,0.0916210450629519,-0.074122852773615,-0.5058823529411771,0.0398028329787785,1.0,146.3,0.0,110.9,210.0,3.0,0.0,121.05,30.0,14.5,28.7,22.85,28.7,14.2,0.1900447399790243,-0.0150032951067029,0.0176470588235293,0.016699008976288,1.0,28.7,240.0,14.5,163.0,4.0,0.0,25.1,47.0,107.4,150.5,125.6,107.4,43.1,0.1037020382775115,-0.0106074446511129,0.1970588235294114,-0.012964250505889,-1.0,150.5,210.0,107.4,240.0,128.95,30.0,65.9,76.7,71.8875,71.7,10.799999999999995,0.0552474127949852,0.0177124071581421,0.1205882352941168,-0.0223213822445909,1.0,76.7,163.0,65.9,0.0,69.30000000000001,47.0,90.7,96.4,94.1875,94.0,5.700000000000003,0.020335578953032,0.0123710264702665,0.0382352941176466,-0.0155367612722462,-1.0,96.4,163.0,90.7,0.0,1.0,0.0,93.75,47.0,37.38,37.94,37.65125,37.61,0.5599999999999952,0.0046240261921843,-0.0009625019401689,0.0099999999999996,-0.0016774762621283,-1.0,37.94,82.0,37.38,164.0,37.615,44.0,12.0,14.0,13.25,12.0,2.0,0.0625778262331207,-0.0001577580043103,0.0588235294117646,-0.0071810304571161,-1.0,14.0,34.0,12.0,0.0,2.0,0.0,12.5,48.0,40.1,44.1,42.3625,40.1,4.0,0.032750366074171,-0.0117837595768013,-0.011764705882353,-0.0074435739116898,-1.0,44.1,0.0,40.1,240.0,0.0,-1.0,41.8,-1.0,2.0,1.0,1.0,120.0,240.0,2.0,10.66,9.67,10.66,120.0,-0.9900000000000002,-0.0928705440900563,1.0,120.0,240.0,2.0,137.3,136.1,137.3,120.0,-1.200000000000017,-0.0087399854333577,1.0,120.0,240.0,2.0,4.6,4.6,4.6,120.0,0.0,0.0,1.0,120.0,240.0,2.0,18.2,18.4,18.4,240.0,0.1999999999999993,0.0109890109890109,1.0,120.0,240.0,2.0,36.4,36.1,36.4,120.0,-0.2999999999999971,-0.0082417582417581,1.0,120.0,240.0,2.0,7.335,7.335,7.335,120.0,0.0,0.0,1.0,120.0,240.0,2.0,0.104,0.068,0.104,120.0,-0.0359999999999999,-0.3461538461538461,1.0,120.0,240.0,2.0,2.95,4.42,4.42,240.0,1.4699999999999998,0.4983050847457625,1.0,120.0,240.0,2.0,690.9,986.5,986.5,240.0,295.6,0.4278477348386163,1.0,120.0,240.0,2.0,28.5,17.0,28.5,120.0,-11.5,-0.4035087719298245,1.0,120.0,240.0,2.0,3.11,6.84,6.84,240.0,3.73,1.1993569131832795,1.0,120.0,240.0,2.0,140.2,130.5,140.2,120.0,-9.699999999999989,-0.0691868758915833,1.0,120.0,240.0,2.0,284.8,299.8,299.8,240.0,15.0,0.0526685393258426,2.0,1.0,89.0,137.0,0.0,1.0,89.0,0.0,-1.0,0.0,-1.0,0.0,-1.0,1.0,137.0,4.0,0.0,-31.0,89.0,10.0,126.0,3.0,0.0,210.0,1.0,0.0,-14.300000000000011,14.300000000000011,-0.0982817869415808,-1,-10.500000000000004,10.500000000000004,-0.2678571428571429,-1,11.100000000000009,11.100000000000009,0.1152647975077882,1,-5.799999999999997,5.799999999999997,-0.0748387096774193,-1,0.4000000000000057,0.4000000000000057,0.0042735042735043,1,-0.5200000000000031,0.5200000000000031,-0.013637555730396,-1,1,1,0.0909090909090909,1,-1,1,-1.0,-1,1,0,0,0,1,67.0,1,1,103,14,0,0,0,0,1,0,0,1,0,0,228,0,43,3,1,0,0,0,0,1,0,1,0,1,0,0,0,0,0,0,0,0,0,0,0,0,0,0,0.0,0.0,0,0,0,1,1,0,1,1.510903426791277,1.736967767608436,18.8,83.76666666666667,21.152647975077883,14011.65,5547.915,0,0,0,1,1,0,2,3,3,2,1,2,3,14,1,0.208955223880597,2.171641791044776,4.219507705176107,0,0,1,3,1
E001971,2026-05-14,104.8,14.6,143.3,54.6,96.9,0,37.23,13,61,Female,White,Syncope. Community patient from gym with symptom onset ~35 minutes before arrival.,4,4,Walk-in,0,1,1,0,0,96.0,7.448,134.7,4.3,11.9,9.4,0,0,93.5,14.9,139.1,81.9,94.6,0,37.05,14,33.8,-11.3,-0.18,1,0.69,290.3,7.399,0.03,0,0,0,0,0,0,0,0,0,0,0,1,361,3,8.0,73.6,97.3,86.9625,93.5,23.700000000000003,0.0955229600953213,0.0526939459548291,0.2642011834319525,-0.0027345323363046,-1.0,97.3,226.0,73.6,0.0,0.0,-1.0,92.06666666666666,-1.0,13.8,21.1,16.1125,14.9,7.300000000000001,0.1468508778924213,0.0045772716762563,0.0837278106508875,0.0087928830359175,-1.0,21.1,221.0,13.8,0.0,0.0,-1.0,16.6,5.0,98.0,139.1,121.125,139.1,41.1,0.1039172130595992,0.0624498617435786,-0.0828402366863902,0.219323853387738,1.0,139.1,240.0,98.0,61.0,131.9333333333333,160.0,69.5,90.3,78.575,81.9,20.8,0.0842098296208618,0.0052646363579035,-0.0866863905325451,-0.0475920704691522,1.0,90.3,61.0,69.5,39.0,79.53333333333333,83.0,94.6,98.5,96.8125,94.6,3.9000000000000057,0.0135902942229945,-0.0052923449703135,-0.0278106508875743,-0.0012994063359192,-1.0,98.5,0.0,94.6,240.0,0.0,-1.0,96.09999999999998,-1.0,36.66,37.33,36.9625,37.05,0.6700000000000017,0.0063761167588712,-0.0007678534233513,-0.0017159763313611,-0.0032395846102656,1.0,37.33,61.0,36.66,226.0,36.8,160.0,13.0,15.0,13.75,14.0,2.0,0.0481045692920834,0.0030383926711675,0.0059171597633136,0.0002189026846225,-1.0,15.0,226.0,13.0,0.0,0.0,-1.0,14.0,14.0,33.8,45.2,37.4625,33.8,11.400000000000006,0.1046496958083175,-0.0062042449594212,0.110059171597633,-0.0415985149641875,-1.0,45.2,61.0,33.8,240.0,0.0,-1.0,36.8,83.0,2.0,1.0,1.0,120.0,240.0,2.0,6.22,6.93,6.93,240.0,0.71,0.1141479099678456,1.0,120.0,240.0,2.0,136.0,139.1,139.1,240.0,3.0999999999999943,0.0227941176470587,1.0,120.0,240.0,2.0,3.92,3.45,3.92,120.0,-0.4699999999999997,-0.1198979591836734,1.0,120.0,240.0,2.0,25.1,24.9,25.1,120.0,-0.2000000000000028,-0.0079681274900399,1.0,120.0,240.0,2.0,35.0,36.8,36.8,240.0,1.7999999999999972,0.0514285714285713,1.0,120.0,240.0,2.0,7.339,7.399,7.399,240.0,0.0599999999999996,0.0081755007494208,1.0,120.0,240.0,2.0,0.009,0.03,0.03,240.0,0.0209999999999999,2.333333333333333,1.0,120.0,240.0,2.0,1.57,0.69,1.57,120.0,-0.8800000000000001,-0.5605095541401275,1.0,120.0,240.0,2.0,102.2,290.3,290.3,240.0,188.1,1.840508806262231,1.0,120.0,240.0,2.0,5.9,9.4,9.4,240.0,3.5,0.5932203389830508,1.0,120.0,240.0,2.0,3.15,0.1,3.15,120.0,-3.05,-0.9682539682539684,1.0,120.0,240.0,2.0,99.0,144.4,144.4,240.0,45.400000000000006,0.4585858585858586,1.0,120.0,240.0,2.0,279.0,287.7,287.7,240.0,8.699999999999989,0.0311827956989246,0.0,0.0,-1.0,-1.0,0.0,0.0,-1.0,0.0,-1.0,0.0,-1.0,0.0,-1.0,0.0,-1.0,0.0,0.0,,,0.0,0.0,3.0,0.0,221.0,1.0,0.0,-11.299999999999995,11.299999999999995,-0.107824427480916,-1,0.3000000000000007,0.3000000000000007,0.0205479452054795,1,-4.200000000000017,4.200000000000017,-0.0293091416608514,-1,27.300000000000004,27.300000000000004,0.5000000000000001,1,-2.300000000000012,2.300000000000012,-0.0237358101135192,-1,-0.1799999999999997,0.1799999999999997,-0.0048348106365833,-1,1,1,0.0769230769230769,1,0,0,0.0,0,2,0,0,0,0,35.0,1,0,82,12,0,0,0,0,0,1,1,0,0,0,109,1,43,2,0,0,0,0,1,0,0,0,0,0,1,0,0,0,0,0,0,0,0,0,0,0,0,0,0.0,0.0,0,1,1,0,0,0,0,0.7313328681088624,1.2451485148514851,88.70000000000002,84.16666666666667,44.61130495464061,15017.84,3901.704,0,1,0,0,0,0,1,1,0,0,0,0,2,3,0,0.0857142857142857,2.994285714285714,3.58351893845611,1,0,2,2,1
E000650,2026-05-14,97.9,23.7,101.0,73.9,93.0,1,37.89,11,24,Female,Black,Altered mental status. Festival attendee from main stage with symptom onset ~166 minutes before arrival.,1,4,EMS,0,0,0,0,1,127.0,7.266,136.5,4.85,16.5,16.5,1,1,90.8,21.7,127.7,90.0,96.3,0,37.53,13,36.8,-7.1,-0.36,2,,,,,1,1,0,0,0,1,0,0,0,0,0,0,361,3,7.0,90.8,123.1,105.02857142857142,90.8,32.3,0.0937008923522134,-0.0557096502991183,0.0,-0.1010927220160723,-1.0,123.1,94.0,90.8,240.0,0.0,-1.0,98.65,38.0,15.7,22.3,20.185714285714287,21.7,6.600000000000001,0.10001079293384,-0.0055151018252815,0.0,-0.0129510323946547,1.0,22.3,132.0,15.7,212.0,0.0,-1.0,18.7,28.0,104.9,144.7,124.84285714285714,127.7,39.79999999999998,0.0951382600578287,0.0937105257672505,0.0,0.123425228219546,1.0,144.7,150.0,104.9,69.0,131.55,90.0,58.5,90.0,74.79999999999998,90.0,31.5,0.1307585439813623,0.0262008157139581,0.0,0.0238691465385751,1.0,90.0,240.0,58.5,150.0,78.85,-1.0,93.9,96.4,95.35714285714286,96.3,2.5,0.0088605082143048,-0.0008865851879131,0.0,0.0054385685341588,1.0,96.4,0.0,93.9,150.0,0.0,-1.0,95.7,90.0,37.17,37.68,37.45571428571429,37.53,0.509999999999998,0.0048286257196989,-0.0003894790964613,0.0,-0.0019252396020671,-1.0,37.68,69.0,37.17,212.0,37.35,81.0,12.0,13.0,12.428571428571429,13.0,1.0,0.0398172599441121,0.0016432397879421,0.0,0.0069661028524597,1.0,13.0,0.0,12.0,69.0,4.0,69.0,13.0,143.0,33.5,41.3,38.71428571428572,36.8,7.799999999999997,0.0713886253839297,-0.003366036005364,0.0,-0.0172900494001411,-1.0,41.3,69.0,33.5,150.0,0.0,-1.0,39.0,81.0,2.0,1.0,1.0,0.0,120.0,2.0,8.2,5.08,8.2,0.0,-3.119999999999999,-0.3804878048780487,1.0,0.0,120.0,2.0,132.7,141.6,141.6,120.0,8.900000000000006,0.06706857573474,1.0,0.0,120.0,2.0,3.84,3.88,3.88,120.0,0.04,0.0104166666666666,1.0,0.0,120.0,2.0,22.6,21.1,22.6,0.0,-1.5,-0.0663716814159292,1.0,0.0,120.0,2.0,39.5,48.7,48.7,120.0,9.200000000000005,0.2329113924050633,1.0,0.0,120.0,2.0,7.323,7.35,7.35,120.0,0.0269999999999992,0.0036870135190494,1.0,0.0,120.0,2.0,0.135,0.095,0.135,0.0,-0.04,-0.2962962962962963,1.0,0.0,120.0,2.0,4.7,4.54,4.7,0.0,-0.1600000000000001,-0.0340425531914893,1.0,0.0,120.0,2.0,913.6,587.4,913.6,0.0,-326.20000000000005,-0.3570490367775832,1.0,0.0,120.0,2.0,11.3,26.4,26.4,120.0,15.099999999999998,1.3362831858407076,1.0,0.0,120.0,2.0,8.25,1.7,8.25,0.0,-6.55,-0.793939393939394,1.0,0.0,120.0,2.0,103.5,152.9,152.9,120.0,49.400000000000006,0.4772946859903382,1.0,0.0,120.0,2.0,300.7,289.3,300.7,0.0,-11.399999999999975,-0.0379115397406051,4.0,1.0,69.0,181.0,0.0,1.0,144.0,1.0,181.0,0.0,-1.0,0.0,-1.0,1.0,69.0,4.0,0.0,69.0,,4.0,143.0,3.0,69.0,212.0,1.0,0.0,-7.1000000000000085,7.1000000000000085,-0.0725229826353422,-1,-2.0,2.0,-0.0843881856540084,-1,26.700000000000003,26.700000000000003,0.2643564356435643,1,16.099999999999994,16.099999999999994,0.2178619756427603,1,3.299999999999997,3.299999999999997,0.0354838709677419,1,-0.3599999999999994,0.3599999999999994,-0.009501187648456,-1,2,2,0.1818181818181818,1,-1,1,-1.0,-1,0,0,0,0,1,166.0,1,1,104,15,1,0,0,0,0,0,0,1,0,0,206,0,48,3,0,0,0,1,0,1,1,0,1,0,1,0,0,0,0,1,0,0,0,0,0,0,0,0,0.0,0.1111111111111111,0,0,0,0,0,0,0,0.9693069306930694,1.1804662379421222,27.099999999999994,82.93333333333334,23.263366336633663,9887.9,3709.431000000001,0,0,0,1,1,0,2,1,2,1,2,0,3,9,1,0.0542168674698795,0.5897590361445784,5.117993812416755,0,0,1,1,1
E001735,2026-05-13,134.7,27.4,104.7,73.1,93.3,1,38.1,11,34,Male,Hispanic/Latino,Altered mental status. Festival attendee from VIP tent with symptom onset ~140 minutes before arrival.,2,10,Festival Medical Tent Transfer,0,0,0,0,0,139.7,7.34,141.4,4.94,12.8,12.9,1,1,113.7,17.5,131.1,68.6,97.7,0,37.14,13,33.8,-21.0,-0.96,2,,,,,1,1,0,0,1,0,1,0,0,0,0,0,360,2,9.0,84.1,120.7,105.33333333333331,113.7,36.60000000000001,0.1048170822617036,-0.0461186394016794,-0.3961538461538466,-0.106497384380353,1.0,120.7,124.0,84.1,224.0,0.0,-1.0,98.9,16.0,16.1,26.4,19.9,17.5,10.299999999999995,0.1523091178783156,-0.0133865071960601,0.2499999999999998,-0.0414367390398593,-1.0,26.4,62.0,16.1,0.0,1.0,62.0,17.25,58.0,96.8,138.2,122.87777777777777,131.1,41.39999999999999,0.0982753027490466,0.0970898398666317,0.6115384615384611,0.0059893060506456,-1.0,138.2,144.0,96.8,0.0,130.8,54.0,63.8,85.1,73.95555555555556,68.6,21.3,0.0935094029622364,0.0102958720156614,-0.2423076923076923,-0.055225452525346,-1.0,85.1,144.0,63.8,26.0,72.0,54.0,93.7,97.7,95.34444444444446,97.7,4.0,0.0124011519351339,0.0095361179511493,0.0461538461538451,0.0094764131290217,1.0,97.7,240.0,93.7,0.0,0.0,-1.0,96.75,-1.0,37.06,37.83,37.521111111111104,37.14,0.769999999999996,0.0071087139256562,-0.0014419650367833,0.0165384615384611,-0.0025116892736448,-1.0,37.83,26.0,37.06,144.0,37.28,118.0,10.0,13.0,12.0,13.0,3.0,0.0785674201318386,0.008362265420675,-0.0769230769230769,0.0089231980000925,1.0,13.0,198.0,10.0,26.0,6.0,0.0,13.0,36.0,33.8,40.6,37.11111111111112,33.8,6.800000000000004,0.059355485115131,-0.0031529602496062,-0.1192307692307693,-0.002967455210407,-1.0,40.6,124.0,33.8,240.0,0.0,-1.0,36.35,-1.0,2.0,1.0,1.0,0.0,120.0,2.0,10.9,12.73,12.73,120.0,1.83,0.1678899082568807,1.0,0.0,120.0,2.0,140.2,140.9,140.9,120.0,0.700000000000017,0.0049928673323824,1.0,0.0,120.0,2.0,4.63,3.95,4.63,0.0,-0.6799999999999997,-0.1468682505399567,1.0,0.0,120.0,2.0,18.2,20.8,20.8,120.0,2.6000000000000014,0.1428571428571429,1.0,0.0,120.0,2.0,60.5,55.9,60.5,0.0,-4.600000000000001,-0.0760330578512396,1.0,0.0,120.0,2.0,7.334,7.368,7.368,120.0,0.0340000000000006,0.0046359421870739,1.0,0.0,120.0,2.0,0.09,0.059,0.09,0.0,-0.031,-0.3444444444444444,1.0,0.0,120.0,2.0,1.91,2.17,2.17,120.0,0.26,0.1361256544502617,1.0,0.0,120.0,2.0,547.1,487.9,547.1,0.0,-59.200000000000045,-0.1082069091573753,1.0,0.0,120.0,2.0,20.9,20.6,20.9,0.0,-0.2999999999999971,-0.0143540669856457,1.0,0.0,120.0,2.0,5.36,7.23,7.23,120.0,1.87,0.3488805970149253,1.0,0.0,120.0,2.0,107.1,78.6,107.1,0.0,-28.5,-0.2661064425770308,1.0,0.0,120.0,2.0,294.2,289.8,294.2,0.0,-4.399999999999977,-0.0149558123725356,4.0,1.0,53.0,195.0,1.0,1.0,154.0,1.0,53.0,0.0,-1.0,0.0,-1.0,1.0,151.0,4.0,0.0,53.0,,7.0,198.0,3.0,26.0,198.0,1.0,0.0,-20.999999999999982,20.999999999999982,-0.1559020044543428,-1,-9.9,9.9,-0.3613138686131386,-1,26.39999999999999,26.39999999999999,0.2521489971346703,1,-4.5,4.5,-0.0615595075239398,-1,4.400000000000006,4.400000000000006,0.0471596998928189,1,-0.9600000000000009,0.9600000000000009,-0.0251968503937008,-1,2,2,0.1818181818181818,1,-1,1,-1.0,-1,1,0,0,0,1,140.0,1,1,102,15,0,0,0,0,1,0,0,1,0,0,221,0,49,3,0,0,1,0,0,0,1,1,0,0,0,1,0,0,1,0,0,0,0,0,0,0,0,0,0.0,0.1111111111111111,0,0,0,1,1,0,1,1.2865329512893982,1.610601833399761,31.60000000000001,83.63333333333333,43.74212034383954,14103.089999999998,5132.07,0,0,0,1,1,0,2,3,3,1,1,2,3,13,1,0.0928571428571428,0.9621428571428572,4.948759890378168,0,0,0,3,1
E000480,2026-05-14,120.1,21.3,163.9,73.2,94.7,1,37.79,10,33,Male,Hispanic/Latino,Altered mental status. Festival attendee from VIP tent with symptom onset ~31 minutes before arrival.,3,10,Police,0,0,0,0,0,131.3,7.327,138.1,4.41,13.2,12.4,1,1,105.3,20.3,123.2,79.9,96.1,1,37.47,11,40.0,-14.8,-0.32,1,0.4,569.3,7.378,0.073,1,1,0,0,0,0,1,1,0,0,0,1,361,3,7.0,95.0,119.1,103.34285714285711,105.3,24.099999999999994,0.0689586217624437,-0.0083081438472519,0.4581395348837201,0.0317269435379318,-1.0,119.1,43.0,95.0,108.0,0.0,-1.0,105.3,19.0,19.1,24.0,21.4,20.3,4.899999999999999,0.1015213130018711,-0.0019595957984734,-0.1046511627906977,0.000873977379409,1.0,24.0,108.0,19.1,43.0,0.0,-1.0,20.3,65.0,108.7,132.3,116.62857142857143,123.2,23.60000000000001,0.0738958845941527,-0.0197435058979287,-0.5488372093023265,0.0360353614377039,1.0,132.3,0.0,108.7,43.0,123.2,19.0,71.7,87.7,77.89999999999999,79.9,16.0,0.0674224700773421,0.0060602314508346,-0.1930232558139536,0.0251519960659841,1.0,87.7,108.0,71.7,62.0,79.9,46.0,94.1,96.1,95.07142857142856,96.1,2.0,0.0069706467346315,0.0047478525796959,-0.013953488372093,0.0069158210022797,1.0,96.1,240.0,94.1,108.0,0.0,-1.0,96.1,30.0,37.04,37.74,37.41285714285714,37.47,0.7000000000000028,0.0064287564896862,-0.001582431430098,-0.0018604651162794,0.0004295006482183,1.0,37.74,0.0,37.04,108.0,37.47,132.0,11.0,13.0,11.857142857142858,11.0,2.0,0.0702524324680156,-0.0031144573028241,0.0232558139534883,-0.0117908712950959,-1.0,13.0,62.0,11.0,0.0,5.0,0.0,11.0,46.0,38.1,43.1,40.55714285714286,40.0,5.0,0.0432692360382583,-0.00758077251302,0.0860465116279067,-0.0136114712325092,-1.0,43.1,62.0,38.1,138.0,0.0,-1.0,40.0,43.0,2.0,1.0,1.0,120.0,240.0,2.0,8.09,8.21,8.21,240.0,0.120000000000001,0.0148331273176762,1.0,120.0,240.0,2.0,137.4,139.2,139.2,240.0,1.799999999999983,0.0131004366812225,1.0,120.0,240.0,2.0,4.11,4.59,4.59,240.0,0.4799999999999995,0.1167883211678831,1.0,120.0,240.0,2.0,21.5,21.8,21.8,240.0,0.3000000000000007,0.013953488372093,1.0,120.0,240.0,2.0,37.9,33.5,37.9,120.0,-4.399999999999999,-0.1160949868073878,1.0,120.0,240.0,2.0,7.319,7.378,7.378,240.0,0.0590000000000001,0.008061210547889,1.0,120.0,240.0,2.0,0.038,0.073,0.073,240.0,0.0349999999999999,0.9210526315789472,1.0,120.0,240.0,2.0,3.27,0.4,3.27,120.0,-2.87,-0.8776758409785933,1.0,120.0,240.0,2.0,657.4,569.3,657.4,120.0,-88.10000000000002,-0.1340127776087618,1.0,120.0,240.0,2.0,22.0,12.2,22.0,120.0,-9.8,-0.4454545454545455,1.0,120.0,240.0,2.0,4.39,0.1,4.39,120.0,-4.29,-0.977220956719818,1.0,120.0,240.0,2.0,117.2,113.6,117.2,120.0,-3.6000000000000085,-0.0307167235494881,1.0,120.0,240.0,2.0,292.6,291.7,292.6,120.0,-0.9000000000000341,-0.0030758714969242,2.0,1.0,76.0,212.0,0.0,1.0,76.0,1.0,212.0,0.0,-1.0,0.0,-1.0,0.0,-1.0,4.0,0.0,-44.0,,5.0,132.0,4.0,0.0,-1.0,0.0,0.0,-14.799999999999995,14.799999999999995,-0.1232306411323896,-1,-1.0,1.0,-0.0469483568075117,-1,-40.7,40.7,-0.2483221476510067,-1,6.700000000000003,6.700000000000003,0.0915300546448087,1,1.3999999999999917,1.3999999999999917,0.0147835269271382,1,-0.3200000000000003,0.3200000000000003,-0.0084678486372056,-1,1,1,0.1,1,0,0,0.0,0,1,0,0,0,0,31.0,1,1,101,15,0,0,0,0,1,0,1,0,0,0,213,0,42,3,0,0,0,1,0,0,0,1,1,0,0,0,0,0,0,0,0,0,0,0,0,0,0,0,0.0,0.1111111111111111,0,0,0,1,0,0,0,0.732763880414887,1.161134386077989,90.7,103.43333333333334,24.18120805369127,19684.39,4538.579,0,0,0,1,1,0,2,2,2,0,1,0,3,8,1,0.2580645161290322,3.8741935483870966,3.4657359027997265,1,0,0,2,1
E001267,2026-05-14,136.0,34.0,120.1,50.0,92.3,0,38.14,13,16,Female,Hispanic/Latino,Anxiety/panic. Festival attendee from beach shuttle stop with symptom onset ~149 minutes before arrival.,2,7,Police,0,0,0,0,0,145.3,7.306,136.3,4.88,14.6,19.1,1,1,124.4,25.5,120.5,77.1,92.7,1,37.76,11,48.3,-11.6,-0.38,-2,2.92,681.7,7.342,0.089,1,1,0,0,0,0,1,0,0,0,1,1,361,3,7.0,100.5,168.8,122.7,124.4,68.30000000000001,0.1753397014629668,0.0456810722100656,0.0,0.4040488865561972,-1.0,168.8,220.0,100.5,129.0,2.0,0.0,146.60000000000002,20.0,24.1,28.8,25.985714285714284,25.5,4.699999999999999,0.0681116640646721,0.0023687089715536,0.0,-0.0243233110894504,-1.0,28.8,129.0,24.1,175.0,7.0,0.0,25.6,30.0,112.2,131.7,122.55714285714286,120.5,19.499999999999982,0.0483721106252268,-0.0167040481400439,0.0,-0.0213428807078055,-1.0,131.7,155.0,112.2,175.0,123.25,45.0,54.2,99.4,75.61428571428573,77.1,45.2,0.1654923317337315,-0.0010612691466084,0.0,0.092340856264527,1.0,99.4,175.0,54.2,159.0,76.55,16.0,91.7,94.8,93.02857142857144,92.7,3.0999999999999943,0.0113428656711421,0.0073112691466082,0.0,0.0032166154307565,-1.0,94.8,175.0,91.7,0.0,0.0,-1.0,93.0,65.0,37.21,38.03,37.64571428571429,37.76,0.8200000000000003,0.006346476136041,-0.0008533916849016,0.0,-0.0005934617980055,1.0,38.03,155.0,37.21,175.0,37.635,45.0,11.0,13.0,11.857142857142858,11.0,2.0,0.0702524324680156,0.0002188183807439,0.0,-0.0164204843667991,-1.0,13.0,155.0,11.0,0.0,5.0,0.0,11.0,20.0,37.5,48.3,41.9,48.3,10.799999999999995,0.0881440826378013,-0.0011898249452954,0.0,0.0193559271200418,1.0,48.3,240.0,37.5,155.0,0.0,-1.0,43.05,4.0,3.0,1.0,1.0,0.0,240.0,3.0,11.0,7.85,11.0,0.0,-3.1500000000000004,-0.2863636363636364,1.0,0.0,240.0,3.0,140.4,137.5,140.7,120.0,-2.9000000000000057,-0.0206552706552706,1.0,0.0,240.0,3.0,4.09,4.32,4.32,240.0,0.2300000000000004,0.0562347188264059,1.0,0.0,240.0,3.0,18.2,22.5,22.5,240.0,4.300000000000001,0.2362637362637363,1.0,0.0,240.0,3.0,66.3,27.2,66.3,0.0,-39.1,-0.5897435897435896,1.0,0.0,240.0,3.0,7.303,7.342,7.342,240.0,0.0389999999999997,0.0053402711214568,1.0,0.0,240.0,3.0,0.113,0.089,0.113,0.0,-0.024,-0.2123893805309735,1.0,0.0,240.0,3.0,4.67,2.92,4.67,0.0,-1.75,-0.3747323340471092,1.0,0.0,240.0,3.0,649.3,681.7,834.9,120.0,32.40000000000009,0.049899892191591,1.0,0.0,240.0,3.0,15.1,17.4,26.6,120.0,2.299999999999999,0.1523178807947019,1.0,0.0,240.0,3.0,12.53,6.56,12.53,0.0,-5.97,-0.4764565043894653,1.0,0.0,240.0,3.0,129.0,150.8,150.8,240.0,21.80000000000001,0.1689922480620156,1.0,0.0,240.0,3.0,300.2,291.8,300.2,0.0,-8.399999999999977,-0.0279813457694869,2.0,1.0,22.0,50.0,2.0,1.0,22.0,1.0,50.0,0.0,-1.0,0.0,-1.0,0.0,-1.0,4.0,0.0,22.0,22.0,14.0,240.0,4.0,0.0,-1.0,1.0,0.0,-11.599999999999994,11.599999999999994,-0.0852941176470587,-1,-8.5,8.5,-0.25,-1,0.4000000000000057,0.4000000000000057,0.003330557868443,1,27.099999999999994,27.099999999999994,0.5419999999999999,1,0.4000000000000057,0.4000000000000057,0.0043336944745396,1,-0.3800000000000025,0.3800000000000025,-0.0099632931305716,-1,-2,2,-0.1538461538461538,-1,1,1,1000000.0,1,1,1,1,1,0,149.0,1,1,104,14,0,0,0,0,1,0,0,1,0,0,209,1,42,3,0,0,1,0,0,0,0,1,0,0,0,1,1,0,1,0,0,0,0,1,1,0,0,0,0.0,0.0,0,0,0,1,1,1,1,1.132389675270608,1.8537028623353025,70.1,73.36666666666666,18.118234804329727,16333.6,5187.04,0,0,0,1,1,0,2,3,3,0,2,2,2,12,1,0.0805369127516778,0.912751677852349,5.010635294096256,0,0,0,3,2
E000010,2026-05-15,115.4,16.3,115.1,77.7,94.7,0,37.76,14,20,Female,White,Agitation. Festival attendee from main stage with symptom onset ~63 minutes before arrival.,3,5,Walk-in,1,0,0,0,0,107.1,7.327,138.5,4.52,14.0,11.5,1,1,77.9,15.7,122.9,90.9,96.9,0,37.0,13,40.6,-37.5,-0.76,-1,,,,,0,1,1,0,0,0,1,0,0,0,0,0,362,4,9.0,77.9,117.1,95.82222222222222,77.9,39.19999999999999,0.1335061989444608,-0.0567316484663369,-0.1361702127659575,-0.163814171592662,-1.0,117.1,123.0,77.9,240.0,0.0,-1.0,77.9,10.0,11.3,20.2,16.92222222222222,15.7,8.899999999999999,0.1852819021107811,-0.018099713231105,-0.1191489361702127,-0.0311979715590584,1.0,20.2,0.0,11.3,177.0,0.0,-1.0,15.7,-1.0,110.1,143.4,125.84444444444446,122.9,33.30000000000001,0.0771599010376183,0.0614640533514619,-0.1085106382978726,-0.0255769906367896,-1.0,143.4,175.0,110.1,47.0,122.9,65.0,68.3,90.9,76.52222222222221,90.9,22.60000000000001,0.0844818403659881,0.0441849108814195,-0.0851063829787237,0.0975790068582077,1.0,90.9,240.0,68.3,177.0,90.9,-1.0,95.2,98.9,96.56666666666666,96.9,3.700000000000003,0.0105606203250109,0.0074749017373697,-0.029787234042553,0.0109853518459118,1.0,98.9,171.0,95.2,47.0,0.0,-1.0,96.9,4.0,36.98,37.54,37.236666666666665,37.0,0.5600000000000023,0.0052243260089212,-0.0009596225565997,0.0040425531914891,-0.0033424979761413,-1.0,37.54,61.0,36.98,175.0,37.0,72.0,12.0,15.0,13.444444444444445,13.0,3.0,0.0792699425340945,0.0072194907099325,-0.0212765957446808,0.0059646550275703,0.0,15.0,123.0,12.0,47.0,2.0,47.0,13.0,10.0,36.9,40.6,37.95555555555556,40.6,3.700000000000003,0.028944278909387,0.007837312511071,-1.2933602273698466e-16,0.0158746887840047,1.0,40.6,240.0,36.9,133.0,0.0,-1.0,40.6,-1.0,2.0,1.0,1.0,0.0,120.0,2.0,6.99,9.3,9.3,120.0,2.3100000000000005,0.3304721030042919,1.0,0.0,120.0,2.0,140.1,136.3,140.1,0.0,-3.799999999999983,-0.0271234832262668,1.0,0.0,120.0,2.0,4.21,4.06,4.21,0.0,-0.1500000000000003,-0.0356294536817103,1.0,0.0,120.0,2.0,19.7,23.0,23.0,120.0,3.3000000000000007,0.1675126903553299,1.0,0.0,120.0,2.0,52.9,28.9,52.9,0.0,-24.0,-0.4536862003780718,1.0,0.0,120.0,2.0,7.323,7.359,7.359,120.0,0.0359999999999995,0.0049160180253993,1.0,0.0,120.0,2.0,0.092,0.046,0.092,0.0,-0.046,-0.5,1.0,0.0,120.0,2.0,3.33,2.37,3.33,0.0,-0.96,-0.2882882882882883,1.0,0.0,120.0,2.0,705.6,433.6,705.6,0.0,-272.0,-0.3854875283446712,1.0,0.0,120.0,2.0,12.3,23.3,23.3,120.0,11.0,0.8943089430894309,1.0,0.0,120.0,2.0,2.37,3.54,3.54,120.0,1.17,0.4936708860759493,1.0,0.0,120.0,2.0,103.8,92.7,103.8,0.0,-11.099999999999994,-0.106936416184971,1.0,0.0,120.0,2.0,293.3,280.2,293.3,0.0,-13.100000000000025,-0.0446641663825435,2.0,1.0,37.0,98.0,1.0,1.0,37.0,0.0,-1.0,0.0,-1.0,1.0,98.0,0.0,-1.0,5.0,0.0,37.0,,2.0,76.0,4.0,47.0,240.0,0.0,0.0,-37.5,37.5,-0.3249566724436741,-1,-0.6000000000000014,0.6000000000000014,-0.0368098159509203,-1,7.800000000000011,7.800000000000011,0.0677671589921808,1,13.200000000000005,13.200000000000005,0.1698841698841699,1,2.200000000000003,2.200000000000003,0.0232312565997888,1,-0.759999999999998,0.759999999999998,-0.0201271186440677,-1,-1,1,-0.0714285714285714,-1,0,0,0.0,0,2,0,0,0,0,63.0,1,1,91,13,1,0,0,0,0,0,0,1,0,0,230,0,45,3,0,1,0,0,1,0,0,0,0,0,0,0,0,1,0,0,0,0,0,0,0,0,1,0,0.1428571428571428,0.0,0,1,0,0,0,0,0,1.0026064291920072,1.2798521256931608,37.39999999999999,90.16666666666669,20.052128583840144,13282.54,4357.504,0,0,0,0,1,0,1,2,0,0,1,0,1,4,0,0.0634920634920634,1.831746031746032,4.158883083359672,0,0,1,1,0
E001625,2026-05-13,90.1,21.1,93.1,62.2,94.6,0,37.73,13,28,Male,White,Agitation. Festival attendee from VIP tent with symptom onset ~251 minutes before arrival.,4,2,Walk-in,1,0,0,0,0,95.3,7.304,139.7,5.15,12.7,8.5,1,1,80.9,15.8,109.0,82.9,96.5,0,37.05,14,35.1,-9.2,-0.68,1,,,,,1,1,0,0,0,0,0,0,0,0,0,0,360,2,9.0,75.5,104.3,84.77777777777777,80.9,28.8,0.1170116604893126,-0.0255952025640201,0.3889502762430942,-0.0739980180576966,1.0,104.3,45.0,75.5,33.0,0.0,-1.0,80.9,68.0,10.3,17.5,14.877777777777778,15.8,7.199999999999999,0.1415506170359806,-0.0052630370598256,-0.0139042357274402,0.009427989429641,1.0,17.5,113.0,10.3,121.0,0.0,-1.0,15.8,4.0,109.0,134.3,123.24444444444444,109.0,25.30000000000001,0.0581734256820533,-0.0723977537273342,0.1182320441988944,-0.077912354107025,-1.0,134.3,33.0,109.0,240.0,109.0,-1.0,72.1,86.4,78.01111111111112,82.9,14.300000000000011,0.0666775588239549,0.0222652824141461,-0.0209023941068147,-0.0168712838581811,1.0,86.4,113.0,72.1,125.0,82.9,12.0,95.1,98.4,96.8111111111111,96.5,3.300000000000012,0.0104712450159137,-5.670782384320384e-05,0.0515653775322275,-0.0095986566835498,-1.0,98.4,121.0,95.1,166.0,0.0,-1.0,96.5,45.0,36.29,37.07,36.738888888888894,37.05,0.7800000000000011,0.0084163804928684,-0.0009012181850741,-0.0010865561694294,0.0003666593261395,1.0,37.07,125.0,36.29,166.0,37.05,74.0,14.0,15.0,14.333333333333334,14.0,1.0,0.0328886874970487,-0.0003994802165458,0.0064456721915284,-0.0021746311385157,-1.0,15.0,33.0,14.0,0.0,0.0,-1.0,14.0,12.0,33.1,42.6,36.588888888888896,35.1,9.5,0.0921660744055901,-0.0321131585109948,-0.10939226519337,-0.0129927328782206,1.0,42.6,0.0,33.1,187.0,0.0,-1.0,35.1,-1.0,0.0,0.0,0.0,,,,,,,,,,0.0,,,,,,,,,,0.0,,,,,,,,,,0.0,,,,,,,,,,0.0,,,,,,,,,,0.0,,,,,,,,,,0.0,,,,,,,,,,0.0,,,,,,,,,,0.0,,,,,,,,,,0.0,,,,,,,,,,0.0,,,,,,,,,,0.0,,,,,,,,,,0.0,,,,,,,,,,3.0,1.0,32.0,146.0,2.0,1.0,50.0,1.0,146.0,0.0,-1.0,0.0,-1.0,1.0,32.0,4.0,0.0,,,0.0,0.0,5.0,0.0,187.0,1.0,0.0,-9.199999999999989,9.199999999999989,-0.1021087680355159,-1,-5.300000000000001,5.300000000000001,-0.2511848341232228,-1,15.900000000000006,15.900000000000006,0.1707841031149302,1,20.700000000000003,20.700000000000003,0.3327974276527331,1,1.9000000000000057,1.9000000000000057,0.0200845665961945,1,-0.6799999999999997,0.6799999999999997,-0.0180227935329976,-1,1,1,0.0769230769230769,1,0,0,0.0,0,1,0,0,0,0,251.0,1,1,90,13,0,0,0,0,1,0,0,0,1,0,221,0,46,3,0,1,0,0,0,0,0,0,0,0,0,0,0,0,0,0,0,0,0,0,0,0,1,0,0.1428571428571428,0.0,0,1,0,0,0,0,0,0.9677765843179376,1.242758620689655,30.89999999999999,72.5,27.09774436090225,8388.31,3399.4729999999995,1,0,0,0,1,0,2,0,2,2,1,0,2,7,1,0.0278884462151394,0.3589641434262948,5.529429087511423,0,1,1,0,1
E001093,2026-05-15,100.5,16.2,131.0,80.8,96.2,0,37.67,12,28,Female,White,Shortness of breath. Festival attendee from beach shuttle stop with symptom onset ~228 minutes before arrival.,3,8,Walk-in,1,0,0,0,0,105.1,7.297,133.2,4.01,10.3,8.9,1,1,97.9,19.6,134.7,60.0,96.3,0,37.13,12,40.0,-2.6,-0.54,0,,,,,1,1,0,0,0,0,1,0,0,0,0,0,362,4,9.0,88.5,115.1,102.37777777777778,97.9,26.599999999999994,0.0911676847626538,-0.0445801375891368,-0.2222101547651369,-0.0150715071507147,1.0,115.1,27.0,88.5,39.0,0.0,-1.0,97.05,13.0,14.9,23.8,19.744444444444444,19.6,8.9,0.1406235086667159,-0.0173838305821494,0.0760792831930492,-0.0128162816281627,1.0,23.8,52.0,14.9,210.0,0.0,-1.0,17.25,30.0,105.8,134.7,119.15555555555557,134.7,28.89999999999999,0.0799439646702316,0.0550130224704969,0.155077382568558,0.2733223322332234,1.0,134.7,240.0,105.8,136.0,132.45,-1.0,60.0,78.8,71.8111111111111,60.0,18.8,0.0718729383607211,-0.0380965638639917,-0.0209340211783869,-0.0743949394939492,-1.0,78.8,52.0,60.0,240.0,66.75,-1.0,94.0,96.7,95.6,96.3,2.700000000000003,0.0084261129522974,0.0062303091265062,0.0085799619875103,-0.0040154015401539,1.0,96.7,150.0,94.0,27.0,0.0,-1.0,96.0,60.0,37.03,37.57,37.31555555555556,37.13,0.5399999999999991,0.0046349418070558,-0.0011113286512313,0.0066616888406189,-0.003102310231023,1.0,37.57,39.0,37.03,210.0,37.08,97.0,12.0,14.0,12.88888888888889,12.0,2.0,0.0571831860406103,-0.0016956154688988,0.0156122726038555,-0.0057755775577557,-1.0,14.0,52.0,12.0,29.0,3.0,29.0,12.5,10.0,35.7,43.4,40.08888888888888,40.0,7.699999999999996,0.0609138469702907,-0.0092305067088177,0.0349171870757532,0.0516501650165017,-1.0,43.4,27.0,35.7,136.0,0.0,-1.0,40.9,74.0,2.0,1.0,1.0,0.0,120.0,2.0,10.29,9.85,10.29,0.0,-0.4399999999999995,-0.042759961127308,1.0,0.0,120.0,2.0,137.8,142.8,142.8,120.0,5.0,0.0362844702467343,1.0,0.0,120.0,2.0,4.43,3.69,4.43,0.0,-0.7399999999999998,-0.1670428893905191,1.0,0.0,120.0,2.0,20.9,20.7,20.9,0.0,-0.1999999999999993,-0.0095693779904305,1.0,0.0,120.0,2.0,34.1,41.8,41.8,120.0,7.699999999999996,0.225806451612903,1.0,0.0,120.0,2.0,7.33,7.341,7.341,120.0,0.0110000000000001,0.0015006821282401,1.0,0.0,120.0,2.0,0.095,0.033,0.095,0.0,-0.062,-0.6526315789473685,1.0,0.0,120.0,2.0,1.96,1.93,1.96,0.0,-0.03,-0.0153061224489796,1.0,0.0,120.0,2.0,373.4,266.9,373.4,0.0,-106.5,-0.2852169255490091,1.0,0.0,120.0,2.0,11.7,20.6,20.6,120.0,8.900000000000002,0.7606837606837609,1.0,0.0,120.0,2.0,2.49,6.02,6.02,120.0,3.53,1.4176706827309231,1.0,0.0,120.0,2.0,119.0,105.8,119.0,0.0,-13.200000000000005,-0.1109243697478991,1.0,0.0,120.0,2.0,295.1,302.8,302.8,120.0,7.699999999999989,0.026092849881396,2.0,1.0,44.0,195.0,1.0,1.0,195.0,1.0,44.0,0.0,-1.0,0.0,-1.0,0.0,-1.0,4.0,0.0,44.0,,3.0,14.0,6.0,29.0,210.0,1.0,0.0,-2.5999999999999943,2.5999999999999943,-0.025870646766169,-1,3.400000000000002,3.400000000000002,0.2098765432098766,1,3.6999999999999886,3.6999999999999886,0.0282442748091602,1,-20.8,20.8,-0.2574257425742574,-1,0.0999999999999943,0.0999999999999943,0.0010395010395009,1,-0.5399999999999991,0.5399999999999991,-0.0143350146004778,-1,0,0,0.0,0,0,0,0.0,0,1,0,0,0,0,228.0,1,1,110,16,0,0,0,0,1,0,0,0,1,0,253,1,42,2,0,0,0,1,0,0,0,0,1,0,0,0,0,0,0,0,0,0,0,0,0,0,0,0,0.0,0.0,0,1,0,0,0,0,0,0.767175572519084,1.030416951469583,50.2,97.53333333333332,21.480916030534356,13165.5,3785.835,0,1,0,0,1,0,2,1,0,0,0,0,2,3,0,0.0131578947368421,0.4407894736842105,5.43372200355424,0,1,1,1,1
E001869,2026-05-14,145.2,26.4,123.0,76.8,96.2,1,38.08,11,40,Female,Black,Anxiety/panic. Festival attendee from campground with symptom onset ~97 minutes before arrival.,3,4,Walk-in,0,1,0,0,0,138.3,7.346,142.0,4.62,14.9,13.5,1,1,82.5,18.1,117.1,81.8,94.5,1,37.13,11,42.7,-62.7,-0.95,0,,,,,0,1,0,0,0,0,0,0,0,0,0,0,361,3,6.0,73.0,113.1,89.71666666666665,82.5,40.1,0.1583956039946905,-0.0308129165653955,0.4595238095238089,-0.0054511463150645,-1.0,113.1,203.0,73.0,209.0,0.0,-1.0,82.5,6.0,17.9,24.1,21.08333333333333,18.1,6.200000000000003,0.1142750568052889,-0.0170932593000844,0.0452380952380952,-0.0435107743776444,-1.0,24.1,42.0,17.9,209.0,1.0,42.0,18.1,-1.0,117.1,134.9,123.53333333333336,117.1,17.80000000000001,0.0486028550337763,-0.0087552760671087,-0.1547619047619054,-0.0536160582505172,-1.0,134.9,209.0,117.1,240.0,117.1,-1.0,70.0,84.0,77.28333333333333,81.8,14.0,0.0639701096416178,0.0268036190482713,0.2333333333333331,0.086952671455279,-1.0,84.0,203.0,70.0,0.0,81.8,6.0,92.8,95.8,94.46666666666664,94.5,3.0,0.0115746079512044,0.0064836146665253,0.0499999999999999,0.0174456361310637,-1.0,95.8,203.0,92.8,0.0,0.0,-1.0,94.5,-1.0,37.13,37.72,37.365,37.13,0.5899999999999963,0.0056767668029305,-0.0001691422390035,0.0090476190476188,-0.0027560759618224,-1.0,37.72,203.0,37.13,240.0,37.13,6.0,11.0,13.0,12.333333333333334,11.0,2.0,0.0604342696621564,-0.0030740686222489,-0.0238095238095238,-0.0264685624323526,-1.0,13.0,0.0,11.0,240.0,3.0,42.0,11.0,-1.0,38.0,44.0,41.61666666666667,42.7,6.0,0.0500856962852956,0.0062607618076072,0.0428571428571428,-0.0133523565876217,-1.0,44.0,169.0,38.0,203.0,0.0,-1.0,42.7,34.0,2.0,1.0,1.0,0.0,120.0,2.0,10.65,8.59,10.65,0.0,-2.0600000000000005,-0.1934272300469484,1.0,0.0,120.0,2.0,137.9,136.7,137.9,0.0,-1.200000000000017,-0.0087019579405367,1.0,0.0,120.0,2.0,4.54,4.28,4.54,0.0,-0.2599999999999998,-0.0572687224669603,1.0,0.0,120.0,2.0,21.5,19.9,21.5,0.0,-1.6000000000000014,-0.0744186046511628,1.0,0.0,120.0,2.0,62.5,26.1,62.5,0.0,-36.4,-0.5824,1.0,0.0,120.0,2.0,7.368,7.379,7.379,120.0,0.0109999999999992,0.0014929424538544,1.0,0.0,120.0,2.0,0.043,0.085,0.085,120.0,0.042,0.976744186046512,1.0,0.0,120.0,2.0,3.18,2.89,3.18,0.0,-0.29,-0.0911949685534591,1.0,0.0,120.0,2.0,405.3,863.3,863.3,120.0,458.0,1.1300271403898343,1.0,0.0,120.0,2.0,21.3,28.0,28.0,120.0,6.699999999999999,0.3145539906103285,1.0,0.0,120.0,2.0,10.93,3.87,10.93,0.0,-7.06,-0.645928636779506,1.0,0.0,120.0,2.0,133.2,97.2,133.2,0.0,-35.999999999999986,-0.2702702702702702,1.0,0.0,120.0,2.0,290.3,296.3,296.3,120.0,6.0,0.0206682741991043,1.0,1.0,15.0,15.0,1.0,1.0,15.0,0.0,-1.0,0.0,-1.0,0.0,-1.0,0.0,-1.0,4.0,0.0,15.0,,4.0,127.0,4.0,240.0,209.0,1.0,0.0,-62.69999999999999,62.69999999999999,-0.4318181818181817,-1,-8.299999999999997,8.299999999999997,-0.3143939393939393,-1,-5.900000000000006,5.900000000000006,-0.0479674796747967,-1,5.0,5.0,0.0651041666666666,1,-1.7000000000000028,1.7000000000000028,-0.0176715176715177,-1,-0.9499999999999956,0.9499999999999956,-0.0249474789915965,-1,0,0,0.0,0,0,0,0.0,0,3,0,0,0,0,97.0,1,1,95,12,0,0,1,0,0,0,0,1,0,0,249,1,40,2,0,0,0,0,1,0,0,1,0,0,0,1,0,0,0,0,0,0,0,0,0,0,0,0,0.0,0.0,0,0,0,1,1,0,1,1.1804878048780487,1.5748373101952275,46.2,92.2,47.21951219512195,17859.6,5529.215999999999,0,0,0,1,1,0,2,3,3,0,0,0,3,9,1,0.0927835051546391,1.4969072164948451,4.584967478670572,0,0,1,3,1
E001356,2026-05-15,70.6,17.5,131.1,56.6,96.0,0,36.78,15,43,Male,Black,Headache. Festival attendee from festival medical tent with symptom onset ~203 minutes before arrival.,4,5,Walk-in,0,0,0,0,0,97.4,7.402,136.3,3.55,12.8,10.2,1,1,57.6,10.6,131.0,71.8,98.5,0,36.46,15,35.6,-13.0,-0.32,0,,,,,1,0,0,1,0,0,0,0,0,0,0,0,362,4,7.0,57.6,85.0,71.42857142857143,57.6,27.4,0.1415923726759319,-0.0979213689199866,-0.2928571428571431,-0.1514611546685671,1.0,85.0,110.0,57.6,240.0,0.0,-1.0,57.6,-1.0,7.0,15.7,10.928571428571429,10.6,8.7,0.3074647633743065,-0.0115865872926306,0.0785714285714285,0.0228973627940128,-1.0,15.7,158.0,7.0,110.0,2.0,110.0,10.6,48.0,120.8,150.2,130.84285714285713,131.0,29.39999999999999,0.0662409558668208,0.0396491648798101,0.1571428571428565,0.0517818959372774,-1.0,150.2,158.0,120.8,110.0,131.0,26.0,71.8,90.7,82.51428571428572,71.8,18.90000000000001,0.0751117719274953,-0.018055242072001,-0.0833333333333337,-0.0552031361368493,-1.0,90.7,158.0,71.8,240.0,71.8,-1.0,96.3,98.5,96.94285714285716,98.5,2.200000000000003,0.0077753645495272,0.0065737501410672,0.0166666666666664,0.015057020669993,1.0,98.5,240.0,96.3,0.0,0.0,-1.0,98.5,-1.0,36.05,36.64,36.40571428571428,36.46,0.5900000000000034,0.0052649321928614,-0.000377426362713,-0.0064285714285713,0.0008838203848896,1.0,36.64,110.0,36.05,118.0,36.46,66.0,14.0,15.0,14.714285714285714,15.0,1.0,0.0307017248560036,0.0010721137569122,-0.0238095238095238,0.0003563791874554,1.0,15.0,0.0,14.0,42.0,0.0,-1.0,15.0,68.0,25.0,37.4,31.928571428571427,35.6,12.4,0.1299219770967435,0.0151443121543842,-0.1404761904761905,0.0787954383464006,1.0,37.4,184.0,25.0,118.0,3.0,42.0,35.6,40.0,0.0,0.0,0.0,,,,,,,,,,0.0,,,,,,,,,,0.0,,,,,,,,,,0.0,,,,,,,,,,0.0,,,,,,,,,,0.0,,,,,,,,,,0.0,,,,,,,,,,0.0,,,,,,,,,,0.0,,,,,,,,,,0.0,,,,,,,,,,0.0,,,,,,,,,,0.0,,,,,,,,,,0.0,,,,,,,,,,2.0,1.0,30.0,228.0,1.0,0.0,-1.0,1.0,228.0,1.0,30.0,0.0,-1.0,0.0,-1.0,7.0,0.0,,,5.0,116.0,4.0,42.0,184.0,1.0,0.0,-12.999999999999991,12.999999999999991,-0.1841359773371104,-1,-6.9,6.9,-0.3942857142857143,-1,-0.0999999999999943,0.0999999999999943,-0.0007627765064835,-1,15.199999999999996,15.199999999999996,0.2685512367491165,1,2.5,2.5,0.0260416666666666,1,-0.3200000000000003,0.3200000000000003,-0.008700380641653,-1,0,0,0.0,0,0,0,0.0,0,1,0,0,0,0,203.0,1,1,102,14,0,1,0,0,0,0,0,0,1,0,249,0,39,2,0,0,0,0,0,0,0,0,0,0,1,0,0,0,0,0,0,0,0,0,0,0,0,0,0.0,0.0,0,1,1,0,0,0,0,0.5385202135774217,0.8669668440442079,74.5,81.43333333333334,23.15636918382913,9255.659999999998,2596.668,0,0,0,0,0,0,0,0,0,0,0,0,0,0,0,0.0,0.3477832512315271,5.318119993844216,0,1,0,0,0
E000476,2026-05-13,96.6,15.1,104.5,83.3,95.4,0,37.59,13,23,Male,White,Palpitations. Festival attendee from main stage with symptom onset ~37 minutes before arrival.,4,3,Walk-in,0,0,0,0,0,102.4,7.377,136.0,4.44,13.3,13.1,1,1,83.3,16.5,125.2,75.0,97.2,0,37.24,14,37.3,-13.3,-0.35,1,2.08,298.5,7.369,0.027,1,1,1,0,0,0,0,0,0,0,0,1,360,2,6.0,83.3,98.7,92.43333333333334,83.3,15.400000000000006,0.0502868120407979,-0.0141232084268692,0.0055555555555555,-0.0256017987831761,-1.0,98.7,220.0,83.3,240.0,0.0,-1.0,91.0,-1.0,15.8,21.1,17.616666666666664,16.5,5.300000000000001,0.09985897405053,0.0027024693489898,0.0074074074074073,-0.0031081915175029,-1.0,21.1,99.0,15.8,65.0,0.0,-1.0,17.5,121.0,114.8,140.7,125.83333333333331,125.2,25.89999999999999,0.0654712048401167,0.028423415644966,0.0796296296296291,-0.0481086323957324,-1.0,140.7,65.0,114.8,0.0,127.65,34.0,73.7,89.5,82.43333333333332,75.0,15.799999999999995,0.0733221487496322,-0.0126079260922121,0.0777777777777771,-0.0015563001498987,-1.0,89.5,220.0,73.7,99.0,82.25,121.0,93.0,99.1,96.3,97.2,6.099999999999994,0.0213571794405016,0.0164393023657396,0.0351851851851849,0.0045851335861034,-1.0,99.1,99.0,93.0,0.0,0.0,-1.0,97.65,-1.0,36.74,37.24,37.00166666666667,37.24,0.5,0.0047002554545187,-0.0002497409773786,-0.0053703703703703,0.0001005202363106,1.0,37.24,240.0,36.74,220.0,36.99,20.0,14.0,15.0,14.5,14.0,1.0,0.0344827586206896,0.0007338974270419,0.0185185185185184,0.000308614760603,-1.0,15.0,54.0,14.0,0.0,0.0,-1.0,14.5,11.0,33.7,46.0,37.900000000000006,37.3,12.299999999999995,0.1025409162547415,-0.0082606630979105,-0.0240740740740741,-0.0352305793139935,1.0,46.0,99.0,33.7,220.0,0.0,-1.0,35.5,121.0,1.0,1.0,1.0,240.0,240.0,1.0,8.75,8.75,8.75,240.0,0.0,0.0,1.0,240.0,240.0,1.0,140.4,140.4,140.4,240.0,0.0,0.0,1.0,240.0,240.0,1.0,4.07,4.07,4.07,240.0,0.0,0.0,1.0,240.0,240.0,1.0,22.3,22.3,22.3,240.0,0.0,0.0,1.0,240.0,240.0,1.0,8.0,8.0,8.0,240.0,0.0,0.0,1.0,240.0,240.0,1.0,7.369,7.369,7.369,240.0,0.0,0.0,1.0,240.0,240.0,1.0,0.027,0.027,0.027,240.0,0.0,0.0,1.0,240.0,240.0,1.0,2.08,2.08,2.08,240.0,0.0,0.0,1.0,240.0,240.0,1.0,298.5,298.5,298.5,240.0,0.0,0.0,1.0,240.0,240.0,1.0,8.1,8.1,8.1,240.0,0.0,0.0,1.0,240.0,240.0,1.0,0.1,0.1,0.1,240.0,0.0,0.0,1.0,240.0,240.0,1.0,77.1,77.1,77.1,240.0,0.0,0.0,1.0,240.0,240.0,1.0,300.8,300.8,300.8,240.0,0.0,0.0,3.0,1.0,35.0,151.0,1.0,1.0,35.0,1.0,151.0,0.0,-1.0,1.0,125.0,0.0,-1.0,5.0,0.0,-205.0,,0.0,0.0,3.0,0.0,220.0,1.0,0.0,-13.299999999999995,13.299999999999995,-0.1376811594202898,-1,1.4000000000000004,1.4000000000000004,0.0927152317880795,1,20.700000000000003,20.700000000000003,0.1980861244019139,1,-8.299999999999997,8.299999999999997,-0.0996398559423769,-1,1.7999999999999972,1.7999999999999972,0.0188679245283018,1,-0.3500000000000014,0.3500000000000014,-0.0093109869646182,-1,1,1,0.0769230769230769,1,0,0,0.0,0,0,0,0,0,0,37.0,1,1,94,13,1,0,0,0,0,0,1,0,0,0,230,0,48,3,0,0,1,0,1,0,1,1,0,0,0,0,0,0,0,0,0,0,0,0,0,0,0,1,0.0,0.0,0,0,1,0,0,0,0,0.924401913875598,1.068978236812984,21.200000000000003,90.36666666666666,21.261244019138758,10094.7,3631.194,0,0,0,1,0,0,1,1,0,1,0,0,2,4,0,0.1081081081081081,2.610810810810811,3.6375861597263857,1,0,0,0,1
E002150,2026-05-11,69.6,16.8,136.6,86.7,96.2,0,36.75,13,47,Male,White,General weakness. Festival attendee from main stage with symptom onset ~90 minutes before arrival.,5,7,Walk-in,0,0,0,0,0,102.8,7.417,137.4,4.14,14.2,10.9,1,1,77.1,13.2,122.5,83.8,98.0,0,36.82,15,30.4,7.5,0.07,2,,,,,1,1,0,0,0,0,0,0,0,0,0,0,358,0,7.0,73.1,85.2,76.64285714285714,77.1,12.100000000000009,0.0481212462827612,0.0182912431819228,0.0,0.0331700256096204,-1.0,85.2,229.0,73.1,204.0,0.0,-1.0,81.15,11.0,10.5,16.6,13.3,13.2,6.100000000000001,0.1522970730377323,0.0020937349540624,0.0,0.0002616635118583,-1.0,16.6,122.0,10.5,204.0,0.0,-1.0,14.2,17.0,117.3,152.0,132.3857142857143,122.5,34.7,0.0969325456266502,0.0462616822429902,0.0,0.0810655828972275,-1.0,152.0,139.0,117.3,122.0,133.6,101.0,77.3,87.0,81.42857142857143,83.8,9.700000000000005,0.0396840398960142,-0.0008029996240578,0.0,0.0131110121367332,1.0,87.0,122.0,77.3,139.0,82.69999999999999,90.0,96.2,98.7,97.34285714285714,98.0,2.5,0.0096190018245811,0.0064098167116256,0.0,0.0045150874067478,1.0,98.7,204.0,96.2,0.0,0.0,-1.0,97.25,25.0,36.58,36.97,36.76142857142857,36.82,0.3900000000000005,0.0035599370428939,-0.0008117386343401,0.0,-0.0014925954793452,1.0,36.97,98.0,36.58,229.0,36.7,11.0,14.0,15.0,14.571428571428571,15.0,1.0,0.0339617805405662,-0.0001549937672719,0.0,0.0037300968711725,1.0,15.0,0.0,14.0,98.0,0.0,-1.0,14.5,41.0,30.1,38.3,33.77142857142857,30.4,8.199999999999996,0.0873783160992539,-0.0012815016587631,0.0,0.0077162899454404,-1.0,38.3,229.0,30.1,139.0,0.0,-1.0,34.349999999999994,65.0,1.0,1.0,1.0,120.0,120.0,1.0,4.92,4.92,4.92,120.0,0.0,0.0,1.0,120.0,120.0,1.0,141.4,141.4,141.4,120.0,0.0,0.0,1.0,120.0,120.0,1.0,4.26,4.26,4.26,120.0,0.0,0.0,1.0,120.0,120.0,1.0,23.0,23.0,23.0,120.0,0.0,0.0,1.0,120.0,120.0,1.0,25.2,25.2,25.2,120.0,0.0,0.0,1.0,120.0,120.0,1.0,7.411,7.411,7.411,120.0,0.0,0.0,1.0,120.0,120.0,1.0,0.0,0.0,0.0,120.0,0.0,0.0,1.0,120.0,120.0,1.0,1.0,1.0,1.0,120.0,0.0,0.0,1.0,120.0,120.0,1.0,190.6,190.6,190.6,120.0,0.0,0.0,1.0,120.0,120.0,1.0,9.7,9.7,9.7,120.0,0.0,0.0,1.0,120.0,120.0,1.0,2.92,2.92,2.92,120.0,0.0,0.0,1.0,120.0,120.0,1.0,68.9,68.9,68.9,120.0,0.0,0.0,1.0,120.0,120.0,1.0,279.9,279.9,279.9,120.0,0.0,0.0,2.0,1.0,23.0,159.0,1.0,1.0,159.0,1.0,23.0,0.0,-1.0,0.0,-1.0,0.0,-1.0,4.0,0.0,-97.0,,0.0,0.0,3.0,98.0,204.0,1.0,0.0,7.5,7.5,0.1077586206896551,1,-3.6000000000000014,3.6000000000000014,-0.2142857142857143,-1,-14.099999999999994,14.099999999999994,-0.103221083455344,-1,-2.9000000000000057,2.9000000000000057,-0.0334486735870819,-1,1.7999999999999972,1.7999999999999972,0.0187110187110186,1,0.0700000000000002,0.0700000000000002,0.0019047619047619,1,2,2,0.1538461538461538,1,0,0,0.0,0,2,0,0,0,0,90.0,1,1,98,14,1,0,0,0,0,0,0,1,0,0,249,0,43,3,0,0,0,0,1,1,0,0,0,0,0,0,0,0,0,0,0,0,0,0,0,1,0,0,0.0,0.0,0,1,1,0,0,0,0,0.5095168374816984,0.6735483870967741,49.89999999999999,103.33333333333331,23.947291361639824,9507.36,2557.8,0,0,0,0,0,0,0,0,0,0,0,0,2,2,0,0.0222222222222222,0.7733333333333333,4.51085950651685,0,0,0,0,1
E001762,2026-05-15,123.9,28.5,125.0,73.1,94.2,1,38.85,9,43,Male,Hispanic/Latino,Nausea/vomiting. Festival attendee from festival medical tent with symptom onset ~266 minutes before arrival.,3,5,Festival Medical Tent Transfer,0,0,1,0,0,159.1,7.307,134.3,4.68,10.9,14.0,1,1,123.9,18.3,101.6,76.5,95.9,0,37.5,12,37.5,0.0,-1.35,3,2.31,549.4,7.37,0.019,1,1,1,0,1,0,0,0,0,0,0,1,362,4,6.0,94.9,123.9,108.45,123.9,29.0,0.0939436385855873,0.0300865188871295,0.0,0.3173461823573019,1.0,123.9,240.0,94.9,199.0,0.0,-1.0,123.9,-1.0,17.6,24.6,20.98333333333333,18.3,7.0,0.1363413194557073,-0.0198625876498529,0.0,0.005040770941438,1.0,24.6,0.0,17.6,172.0,1.0,0.0,18.3,25.0,101.6,136.0,120.33333333333331,101.6,34.400000000000006,0.0901495020931864,-0.0228681293824929,0.0,-0.2802075611564117,-1.0,136.0,197.0,101.6,240.0,101.6,-1.0,63.6,85.8,78.65,76.5,22.2,0.0934173986990803,-0.0239284098620222,0.0,-0.1045218680504077,-1.0,85.8,172.0,63.6,197.0,76.5,2.0,93.7,97.6,95.76666666666668,95.9,3.899999999999992,0.0119311775154908,0.0102380683103371,0.0,-0.0174573758339511,-1.0,97.6,172.0,93.7,0.0,0.0,-1.0,95.9,25.0,37.07,37.78,37.41166666666667,37.5,0.7100000000000009,0.0057274984887635,-0.0019036982583126,0.0,0.0020756115641217,1.0,37.78,0.0,37.07,199.0,37.5,41.0,11.0,12.0,11.666666666666666,12.0,1.0,0.0404061017820884,0.0041845736258765,0.0,0.005930318754633,-1.0,12.0,172.0,11.0,0.0,6.0,0.0,12.0,10.0,37.0,45.4,39.16666666666666,37.5,8.399999999999999,0.0747096386292927,-0.0367365980547387,0.0,-0.0241289844329131,1.0,45.4,0.0,37.0,199.0,0.0,-1.0,37.5,-1.0,2.0,1.0,1.0,120.0,240.0,2.0,11.21,7.35,11.21,120.0,-3.860000000000001,-0.344335414808207,1.0,120.0,240.0,2.0,133.8,144.7,144.7,240.0,10.899999999999975,0.0814648729446934,1.0,120.0,240.0,2.0,3.73,4.33,4.33,240.0,0.6000000000000001,0.160857908847185,1.0,120.0,240.0,2.0,19.9,17.4,19.9,120.0,-2.5,-0.1256281407035176,1.0,120.0,240.0,2.0,39.4,52.6,52.6,240.0,13.200000000000005,0.3350253807106599,1.0,120.0,240.0,2.0,7.311,7.37,7.37,240.0,0.0590000000000001,0.0080700314594446,1.0,120.0,240.0,2.0,0.072,0.019,0.072,120.0,-0.0529999999999999,-0.736111111111111,1.0,120.0,240.0,2.0,1.6,2.31,2.31,240.0,0.71,0.44375,1.0,120.0,240.0,2.0,617.3,549.4,617.3,120.0,-67.89999999999998,-0.1099951401263566,1.0,120.0,240.0,2.0,15.2,9.8,15.2,120.0,-5.399999999999999,-0.3552631578947368,1.0,120.0,240.0,2.0,1.35,6.65,6.65,240.0,5.300000000000001,3.925925925925926,1.0,120.0,240.0,2.0,138.9,108.2,138.9,120.0,-30.700000000000003,-0.2210223182145428,1.0,120.0,240.0,2.0,292.5,286.1,292.5,120.0,-6.399999999999977,-0.0218803418803418,5.0,1.0,15.0,162.0,3.0,1.0,15.0,1.0,145.0,0.0,-1.0,1.0,24.0,1.0,162.0,5.0,0.0,-105.0,,7.0,240.0,3.0,0.0,-1.0,1.0,0.0,0.0,0.0,0.0,0,-10.2,10.2,-0.3578947368421052,-1,-23.40000000000001,23.40000000000001,-0.1872,-1,3.4000000000000057,3.4000000000000057,0.0465116279069768,1,1.7000000000000028,1.7000000000000028,0.0180467091295117,1,-1.3500000000000014,1.3500000000000014,-0.0347490347490347,-1,3,3,0.3333333333333333,1,-1,1,-1.0,-1,2,0,0,0,1,266.0,1,1,109,14,0,1,0,0,0,0,0,0,1,0,239,0,53,3,0,0,0,0,0,1,0,0,1,0,1,0,0,0,0,1,0,0,0,0,0,0,0,0,0.0,0.0,0,0,0,1,1,1,1,0.9912,1.3705752212389382,51.900000000000006,90.4,42.6216,15487.5,4813.515,0,1,0,1,1,0,3,2,3,0,1,2,3,11,1,0.0413533834586466,0.4657894736842105,5.58724865840025,0,1,1,3,1
E001759,2026-05-14,99.7,21.9,119.4,65.3,95.6,0,37.27,12,14,Male,Hispanic/Latino,Altered mental status. Festival attendee from VIP tent with symptom onset ~128 minutes before arrival.,3,6,EMS,0,0,0,0,0,123.1,7.327,142.5,4.68,11.0,11.0,1,1,98.7,18.3,137.6,67.0,96.1,0,37.24,13,33.2,-1.0,-0.03,1,2.4,324.6,7.418,0.017,0,1,0,0,0,0,1,0,0,0,0,1,361,3,6.0,78.5,101.0,92.51666666666668,98.7,22.5,0.0927473882323484,-0.0456150663030189,0.0,-0.0794759567741019,1.0,101.0,89.0,78.5,193.0,0.0,-1.0,90.8,47.0,14.2,20.2,18.15,18.3,6.0,0.1113234013838939,0.0006018997460735,0.0,-0.0062408569675805,-1.0,20.2,127.0,14.2,193.0,0.0,-1.0,19.200000000000003,34.0,106.3,137.6,122.45,137.6,31.3,0.093174114236559,0.1033903884134299,0.0,0.1958331367089803,1.0,137.6,240.0,106.3,89.0,132.7,-1.0,61.0,93.2,77.23333333333333,67.0,32.2,0.1451030674303097,-0.104758769867394,0.0,-0.0978151101882873,1.0,93.2,0.0,61.0,227.0,64.0,-1.0,95.1,98.4,96.43333333333334,96.1,3.300000000000012,0.0113385547645051,0.0060331044860341,0.0,0.0013567080364305,-1.0,98.4,193.0,95.1,0.0,0.0,-1.0,96.35,34.0,36.77,37.46,37.17666666666667,37.24,0.6899999999999977,0.0064569073387926,-0.0011447851029813,0.0,-0.0033543721391156,1.0,37.46,89.0,36.77,227.0,37.005,13.0,12.0,15.0,13.5,13.0,3.0,0.0709205265004694,-0.0058544154989184,0.0,0.0008140248218583,0.0,15.0,0.0,12.0,127.0,1.0,127.0,13.5,100.0,32.9,45.8,37.91666666666666,33.2,12.9,0.1174679529120913,-0.0067149440421329,0.0,-0.0686918975036571,-1.0,45.8,89.0,32.9,0.0,0.0,-1.0,34.75,104.0,2.0,1.0,1.0,120.0,240.0,2.0,8.61,7.83,8.61,120.0,-0.7799999999999994,-0.0905923344947734,1.0,120.0,240.0,2.0,139.5,138.7,139.5,120.0,-0.8000000000000114,-0.0057347670250896,1.0,120.0,240.0,2.0,3.93,3.94,3.94,240.0,0.0099999999999997,0.0025445292620864,1.0,120.0,240.0,2.0,22.6,21.5,22.6,120.0,-1.1000000000000014,-0.0486725663716814,1.0,120.0,240.0,2.0,29.8,31.1,31.1,240.0,1.3000000000000007,0.0436241610738255,1.0,120.0,240.0,2.0,7.337,7.418,7.418,240.0,0.0810000000000004,0.0110399345781655,1.0,120.0,240.0,2.0,0.029,0.017,0.029,120.0,-0.012,-0.4137931034482758,1.0,120.0,240.0,2.0,1.92,2.4,2.4,240.0,0.48,0.25,1.0,120.0,240.0,2.0,320.7,324.6,324.6,240.0,3.900000000000034,0.0121608980355473,1.0,120.0,240.0,2.0,15.7,7.0,15.7,120.0,-8.7,-0.554140127388535,1.0,120.0,240.0,2.0,3.25,4.4,4.4,240.0,1.1500000000000004,0.353846153846154,1.0,120.0,240.0,2.0,113.5,119.0,119.0,240.0,5.5,0.0484581497797356,1.0,120.0,240.0,2.0,284.7,297.9,297.9,240.0,13.199999999999989,0.0463645943097997,1.0,1.0,205.0,205.0,0.0,1.0,205.0,0.0,-1.0,0.0,-1.0,0.0,-1.0,0.0,-1.0,4.0,0.0,85.0,,1.0,66.0,2.0,127.0,193.0,1.0,0.0,-1.0,1.0,-0.0100300902708124,-1,-3.599999999999998,3.599999999999998,-0.1643835616438355,-1,18.19999999999999,18.19999999999999,0.1524288107202679,1,1.7000000000000028,1.7000000000000028,0.0260336906584992,1,0.5,0.5,0.0052301255230125,1,-0.0300000000000011,0.0300000000000011,-0.0008049369466058,-1,1,1,0.0833333333333333,1,0,0,0.0,0,0,0,0,0,0,128.0,1,1,102,15,0,0,0,0,1,0,0,1,0,0,257,0,38,3,0,1,0,0,1,1,0,0,0,0,0,0,0,1,0,0,0,0,0,0,0,0,0,0,0.0,0.1111111111111111,0,1,0,0,0,0,0,0.8350083752093802,1.1964,54.10000000000001,83.33333333333333,11.690117252931325,11904.18,3715.819,0,0,0,0,1,0,1,1,2,0,0,0,2,5,1,0.0390625,0.77890625,4.859812404361672,0,0,0,0,1
E000232,2026-05-15,108.2,31.9,143.3,87.5,93.6,0,37.81,12,14,Male,White,Altered mental status. Festival attendee from VIP tent with symptom onset ~280 minutes before arrival.,4,7,Walk-in,0,0,0,0,0,101.0,7.334,142.4,4.42,13.6,8.6,1,1,92.9,12.9,124.7,72.3,97.2,0,37.0,13,41.9,-15.3,-0.81,1,1.54,461.0,7.422,0.0,1,1,0,0,0,0,0,0,0,0,0,1,362,4,8.0,78.3,113.7,95.2875,92.9,35.400000000000006,0.1202605110016643,-0.0525097319958076,-0.4251282051282055,0.0370911107004249,-1.0,113.7,45.0,78.3,60.0,0.0,-1.0,94.7,166.0,12.9,20.9,17.8125,12.9,7.999999999999998,0.1433074554148177,-0.0151706842341667,-0.0325641025641025,-0.0073923489188689,-1.0,20.9,45.0,12.9,240.0,0.0,-1.0,15.6,-1.0,113.4,144.4,126.3875,124.7,31.0,0.0729867977020422,-0.0305378799221438,0.1335897435897435,-0.1236277952319348,1.0,144.4,135.0,113.4,177.0,120.65,42.0,67.0,85.4,77.475,72.3,18.40000000000001,0.0735997129011565,0.0104244647402305,0.2479487179487177,-0.0449916836074663,-1.0,85.4,93.0,67.0,0.0,76.15,42.0,93.8,97.6,96.1875,97.2,3.799999999999997,0.012005856234939,0.0092603683186105,0.0074358974358972,-0.0001108852337828,1.0,97.6,93.0,93.8,45.0,0.0,-1.0,97.1,42.0,37.0,37.44,37.19499999999999,37.0,0.4399999999999977,0.0035718054188967,-0.0009539227429255,-0.0015384615384616,-0.000823322860839,-1.0,37.44,45.0,37.0,240.0,37.105,-1.0,12.0,14.0,13.25,13.0,2.0,0.0625778262331207,-0.002189699056745,-0.0256410256410257,-0.0021253003141748,-1.0,14.0,0.0,12.0,60.0,2.0,60.0,13.5,33.0,33.9,41.9,38.6,41.9,8.0,0.0679280342079114,0.0022776613265458,-0.1056410256410258,-0.0077712068009609,1.0,41.9,240.0,33.9,60.0,0.0,-1.0,39.15,33.0,2.0,1.0,1.0,0.0,240.0,2.0,9.13,7.32,9.13,0.0,-1.8100000000000005,-0.1982475355969332,1.0,0.0,240.0,2.0,137.2,141.1,141.1,240.0,3.9000000000000057,0.0284256559766764,1.0,0.0,240.0,2.0,4.27,4.53,4.53,240.0,0.2600000000000007,0.0608899297423889,1.0,0.0,240.0,2.0,23.2,28.5,28.5,240.0,5.300000000000001,0.228448275862069,1.0,0.0,240.0,2.0,47.3,43.6,47.3,0.0,-3.699999999999996,-0.0782241014799153,1.0,0.0,240.0,2.0,7.346,7.422,7.422,240.0,0.0759999999999996,0.0103457664034848,1.0,0.0,240.0,2.0,0.023,0.0,0.023,0.0,-0.023,-1.0,1.0,0.0,240.0,2.0,3.52,1.54,3.52,0.0,-1.98,-0.5625,1.0,0.0,240.0,2.0,593.3,461.0,593.3,0.0,-132.29999999999995,-0.2229900556211022,1.0,0.0,240.0,2.0,11.8,8.6,11.8,0.0,-3.200000000000001,-0.2711864406779661,1.0,0.0,240.0,2.0,3.0,0.1,3.0,0.0,-2.9,-0.9666666666666668,1.0,0.0,240.0,2.0,105.6,88.6,105.6,0.0,-17.0,-0.1609848484848484,1.0,0.0,240.0,2.0,293.4,288.3,293.4,0.0,-5.099999999999966,-0.0173824130879344,3.0,1.0,96.0,208.0,0.0,1.0,208.0,1.0,96.0,0.0,-1.0,0.0,-1.0,1.0,206.0,4.0,0.0,96.0,,2.0,49.0,5.0,60.0,226.0,1.0,0.0,-15.299999999999995,15.299999999999995,-0.1414048059149722,-1,-19.0,19.0,-0.5956112852664577,-1,-18.60000000000001,18.60000000000001,-0.1297976273551989,-1,-15.200000000000005,15.200000000000005,-0.1737142857142857,-1,3.6000000000000085,3.6000000000000085,0.0384615384615385,1,-0.8100000000000023,0.8100000000000023,-0.0214229039936525,-1,1,1,0.0833333333333333,1,0,0,0.0,0,2,0,0,0,0,280.0,1,1,102,15,0,0,0,0,1,0,0,0,1,0,280,0,47,2,0,0,0,1,0,0,0,0,0,0,1,0,0,0,0,0,0,0,0,0,0,0,0,0,0.0,0.1111111111111111,0,1,0,0,0,0,0,0.7550593161200279,1.0197926484448634,55.80000000000001,106.1,10.57083042568039,15505.06,4091.042,0,0,0,0,1,0,1,1,3,0,1,0,2,7,1,0.025,0.3864285714285714,5.638354669333745,0,1,0,3,1
E000613,2026-05-14,92.6,21.4,99.8,61.8,96.8,0,37.39,14,67,Female,White,Headache. Community patient from workplace with symptom onset ~55 minutes before arrival.,4,6,EMS,0,1,1,0,0,110.5,7.333,137.3,4.42,14.9,9.8,0,0,85.5,13.6,116.0,85.7,96.7,0,36.79,14,35.5,-7.1,-0.6,0,,,,,0,1,0,0,0,0,0,0,0,0,0,0,361,3,7.0,83.8,103.6,90.47142857142856,85.5,19.8,0.0655562033953248,0.0139918930645286,-0.1489924433249387,-0.0719978668735152,-1.0,103.6,173.0,83.8,34.0,0.0,-1.0,85.5,67.0,12.6,20.1,15.271428571428572,13.6,7.500000000000002,0.1590821453282044,-0.0043827376954668,-0.0034005037783377,-0.0042904930430987,-1.0,20.1,173.0,12.6,158.0,0.0,-1.0,13.6,67.0,110.2,143.9,123.91428571428573,116.0,33.7,0.0825840121178797,-0.0665871228105625,0.0646095717884117,-0.0878751151403498,-1.0,143.9,34.0,110.2,173.0,116.0,-1.0,71.1,85.7,77.35714285714286,85.7,14.600000000000009,0.0593111241098863,0.0437174221847122,-0.1850125944584391,0.0873272894749599,1.0,85.7,240.0,71.1,34.0,85.7,-1.0,94.9,99.2,96.52857142857144,96.7,4.299999999999997,0.0142981542954144,0.0111642724263154,0.0052896725440799,-0.0148543171571241,-1.0,99.2,158.0,94.9,35.0,0.0,-1.0,96.7,15.0,36.61,37.08,36.92714285714287,36.79,0.4699999999999988,0.0043874330870495,-0.0013822800458837,-0.0013350125944589,-0.001476705289184,1.0,37.08,0.0,36.61,173.0,36.79,-1.0,12.0,15.0,14.0,14.0,3.0,0.0763603548321212,-0.0034739763805266,-0.0277078085642319,0.0022785669268434,1.0,15.0,0.0,12.0,158.0,1.0,158.0,14.0,15.0,32.3,44.5,36.771428571428565,35.5,12.200000000000005,0.1007602552286759,0.0076305638599474,0.0806045340050374,-0.0207446550637512,-1.0,44.5,158.0,32.3,148.0,0.0,-1.0,35.5,15.0,2.0,1.0,1.0,0.0,120.0,2.0,5.65,8.67,8.67,120.0,3.02,0.534513274336283,1.0,0.0,120.0,2.0,132.9,137.1,137.1,120.0,4.199999999999989,0.0316027088036116,1.0,0.0,120.0,2.0,3.06,4.49,4.49,120.0,1.4300000000000002,0.4673202614379085,1.0,0.0,120.0,2.0,24.7,23.3,24.7,0.0,-1.3999999999999986,-0.0566801619433197,1.0,0.0,120.0,2.0,30.2,21.0,30.2,0.0,-9.2,-0.304635761589404,1.0,0.0,120.0,2.0,7.348,7.359,7.359,120.0,0.0110000000000001,0.0014970059880239,1.0,0.0,120.0,2.0,0.035,0.043,0.043,120.0,0.0079999999999999,0.2285714285714283,1.0,0.0,120.0,2.0,2.52,3.02,3.02,120.0,0.5,0.1984126984126984,1.0,0.0,120.0,2.0,304.8,484.1,484.1,120.0,179.3,0.588254593175853,1.0,0.0,120.0,2.0,6.9,1.0,6.9,0.0,-5.9,-0.855072463768116,1.0,0.0,120.0,2.0,3.54,4.34,4.34,120.0,0.7999999999999998,0.2259887005649717,1.0,0.0,120.0,2.0,86.8,104.0,104.0,120.0,17.200000000000003,0.1981566820276498,1.0,0.0,120.0,2.0,277.7,299.8,299.8,120.0,22.100000000000023,0.079582283039251,1.0,1.0,99.0,99.0,0.0,1.0,99.0,0.0,-1.0,0.0,-1.0,0.0,-1.0,0.0,-1.0,4.0,0.0,99.0,,1.0,15.0,4.0,158.0,240.0,0.0,0.0,-7.099999999999994,7.099999999999994,-0.0766738660907126,-1,-7.799999999999999,7.799999999999999,-0.3644859813084112,-1,16.200000000000003,16.200000000000003,0.1623246492985972,1,23.90000000000001,23.90000000000001,0.3867313915857606,1,-0.0999999999999943,0.0999999999999943,-0.0010330578512396,-1,-0.6000000000000014,0.6000000000000014,-0.0160470714094678,-1,0,0,0.0,0,0,0,0.0,0,2,0,0,0,0,55.0,1,0,89,12,0,0,0,0,0,1,1,0,0,0,101,0,51,3,0,1,0,0,1,0,0,0,0,0,0,1,0,0,0,0,0,0,0,0,0,0,0,0,0.0,0.0,0,1,0,0,0,0,0,0.9278557114228456,1.2435094001790512,38.0,74.46666666666667,62.16633266533066,9241.48,3462.314,0,0,0,0,1,0,1,1,2,2,0,0,1,6,1,0.109090909090909,1.6836363636363636,4.02535169073515,1,0,2,0,0
E001925,2026-05-11,96.5,21.3,121.7,69.7,98.8,0,37.37,15,54,Female,Other/Multiracial,Palpitations. Community patient from gym with symptom onset ~185 minutes before arrival.,4,5,Walk-in,0,1,0,0,0,121.2,7.372,134.7,4.96,14.7,11.2,0,0,75.4,13.9,123.1,75.6,96.8,0,36.88,15,36.1,-21.1,-0.49,0,,,,,1,1,0,0,0,0,0,0,0,0,0,0,358,0,6.0,75.4,107.9,90.31666666666666,75.4,32.5,0.1125034989186057,-0.0628424951788134,0.0,-0.1914653655415135,-1.0,107.9,111.0,75.4,240.0,0.0,-1.0,75.4,16.0,13.9,21.5,16.783333333333335,13.9,7.6,0.197716461913198,0.0112920779791113,0.0,0.0042073268277075,-1.0,21.5,206.0,13.9,240.0,0.0,-1.0,13.9,34.0,96.9,123.1,116.2,123.1,26.19999999999999,0.0764582042407695,0.0027896053309911,0.0,0.0851863701807709,1.0,123.1,240.0,96.9,127.0,123.1,9.0,75.6,87.9,81.16666666666667,75.6,12.300000000000011,0.0547003471310121,0.0017394458976954,0.0,-0.0051991681330988,-1.0,87.9,206.0,75.6,240.0,75.6,34.0,96.3,99.9,97.35,96.8,3.6000000000000085,0.0123373519768508,0.0016067439329425,0.0,-0.0066629339305712,-1.0,99.9,136.0,96.3,127.0,0.0,-1.0,96.8,70.0,36.49,37.13,36.82666666666667,36.88,0.6400000000000006,0.0056540541950548,0.0006992152444961,0.0,0.002127659574468,-1.0,37.13,206.0,36.49,127.0,36.88,79.0,14.0,15.0,14.333333333333334,15.0,1.0,0.0328886874970487,0.0049452962404292,0.0,0.0094384898416253,0.0,15.0,206.0,14.0,0.0,0.0,-1.0,15.0,-1.0,31.7,40.6,37.65,36.1,8.900000000000002,0.0800456476277271,-0.0137504057434174,0.0,0.0002959526475763,-1.0,40.6,0.0,31.7,127.0,0.0,-1.0,36.1,9.0,2.0,1.0,1.0,0.0,120.0,2.0,8.48,9.63,9.63,120.0,1.1500000000000004,0.1356132075471698,1.0,0.0,120.0,2.0,141.5,138.8,141.5,0.0,-2.6999999999999886,-0.0190812720848055,1.0,0.0,120.0,2.0,3.87,4.1,4.1,120.0,0.2299999999999995,0.0594315245478034,1.0,0.0,120.0,2.0,20.6,23.9,23.9,120.0,3.299999999999997,0.1601941747572814,1.0,0.0,120.0,2.0,27.7,33.7,33.7,120.0,6.000000000000004,0.2166064981949459,1.0,0.0,120.0,2.0,7.434,7.361,7.434,0.0,-0.0730000000000004,-0.0098197471078827,1.0,0.0,120.0,2.0,0.0,0.0,0.0,0.0,0.0,0.0,1.0,0.0,120.0,2.0,2.3,2.69,2.69,120.0,0.3900000000000001,0.1695652173913044,1.0,0.0,120.0,2.0,307.4,181.4,307.4,0.0,-125.99999999999996,-0.4098893949251788,1.0,0.0,120.0,2.0,10.8,9.4,10.8,0.0,-1.4000000000000004,-0.1296296296296296,1.0,0.0,120.0,2.0,3.34,0.1,3.34,0.0,-3.24,-0.9700598802395208,1.0,0.0,120.0,2.0,102.6,96.9,102.6,0.0,-5.699999999999989,-0.0555555555555554,1.0,0.0,120.0,2.0,285.6,287.1,287.1,120.0,1.5,0.0052521008403361,3.0,1.0,58.0,179.0,1.0,1.0,152.0,1.0,58.0,0.0,-1.0,0.0,-1.0,1.0,179.0,4.0,0.0,58.0,,0.0,0.0,3.0,0.0,206.0,1.0,0.0,-21.099999999999994,21.099999999999994,-0.2186528497409325,-1,-7.4,7.4,-0.3474178403755869,-1,1.3999999999999917,1.3999999999999917,0.0115036976170911,1,5.899999999999992,5.899999999999992,0.0846484935437588,1,-2.0,2.0,-0.020242914979757,-1,-0.4899999999999949,0.4899999999999949,-0.0131121220230129,-1,0,0,0.0,0,0,0,0.0,0,1,0,0,0,0,185.0,1,0,88,12,0,0,0,0,0,1,0,0,1,0,124,1,43,2,0,1,1,0,0,0,0,0,0,0,0,0,0,1,0,0,0,0,0,0,0,0,0,1,0.0,0.0,0,1,1,0,0,0,0,0.7929334428923582,1.108770585982382,52.0,87.03333333333333,42.81840591618735,11744.05,3606.205,0,1,0,0,0,0,1,1,2,0,0,0,0,3,0,0.0162162162162162,0.5216216216216216,5.225746673713202,0,1,1,0,0
E000618,2026-05-12,117.1,22.0,126.1,62.5,96.0,1,37.5,11,21,Female,White,Headache. Festival attendee from VIP tent with symptom onset ~256 minutes before arrival.,3,5,Walk-in,0,0,0,0,0,125.8,7.37,138.7,4.26,11.2,13.4,1,1,110.4,16.1,124.8,81.7,95.8,0,36.56,14,36.3,-6.7,-0.94,3,,,,,1,0,0,0,1,0,0,0,0,0,0,0,359,1,8.0,77.1,116.4,97.7875,110.4,39.30000000000001,0.1142088266432273,0.0830217426770893,0.2007109004739321,0.1782792183103947,-1.0,116.4,171.0,77.1,94.0,0.0,-1.0,110.4,-1.0,15.9,23.7,17.9875,16.1,7.799999999999999,0.1411489012453196,-7.770179654293745e-05,0.0468009478672984,-0.0283261095480698,-1.0,23.7,91.0,15.9,0.0,0.0,-1.0,16.1,3.0,104.1,148.2,130.9375,124.8,44.1,0.1032453268618543,0.0260555415759916,1.1058056872037891,-0.0741667300332041,-1.0,148.2,28.0,104.1,0.0,124.8,93.0,74.7,81.7,79.125,81.7,7.0,0.0279455686173637,0.0001266456327995,-0.0084123222748826,0.0126517628570702,1.0,81.7,240.0,74.7,121.0,81.7,50.0,92.4,96.8,95.7,95.8,4.399999999999992,0.0137736952209655,0.0052627067324041,-0.0231042654028454,-0.0029693559425142,1.0,96.8,30.0,92.4,28.0,0.0,-1.0,95.8,2.0,36.56,37.37,37.0925,36.56,0.8099999999999952,0.0067772102422221,-0.002844991828868,-0.0075000000000002,-0.0046390642029757,-1.0,37.37,0.0,36.56,240.0,36.56,-1.0,12.0,14.0,13.5,14.0,2.0,0.0523782800878924,0.0052538581292393,0.003554502369668,0.0031303069475071,1.0,14.0,30.0,12.0,28.0,1.0,28.0,14.0,2.0,29.5,41.9,37.375,36.3,12.4,0.1016612386231622,-0.0101012335505849,-0.0975118483412329,0.0238739766304209,1.0,41.9,30.0,29.5,94.0,1.0,94.0,36.3,27.0,1.0,1.0,1.0,0.0,0.0,1.0,8.25,8.25,8.25,0.0,0.0,0.0,1.0,0.0,0.0,1.0,136.5,136.5,136.5,0.0,0.0,0.0,1.0,0.0,0.0,1.0,3.95,3.95,3.95,0.0,0.0,0.0,1.0,0.0,0.0,1.0,23.3,23.3,23.3,0.0,0.0,0.0,1.0,0.0,0.0,1.0,32.5,32.5,32.5,0.0,0.0,0.0,1.0,0.0,0.0,1.0,7.347,7.347,7.347,0.0,0.0,0.0,1.0,0.0,0.0,1.0,0.043,0.043,0.043,0.0,0.0,0.0,1.0,0.0,0.0,1.0,1.69,1.69,1.69,0.0,0.0,0.0,1.0,0.0,0.0,1.0,408.8,408.8,408.8,0.0,0.0,0.0,1.0,0.0,0.0,1.0,30.9,30.9,30.9,0.0,0.0,0.0,1.0,0.0,0.0,1.0,5.35,5.35,5.35,0.0,0.0,0.0,1.0,0.0,0.0,1.0,117.3,117.3,117.3,0.0,0.0,0.0,1.0,0.0,0.0,1.0,281.4,281.4,281.4,0.0,0.0,0.0,3.0,1.0,33.0,194.0,1.0,0.0,-1.0,1.0,33.0,0.0,-1.0,0.0,-1.0,1.0,136.0,3.0,0.0,33.0,,2.0,27.0,5.0,28.0,240.0,0.0,0.0,-6.699999999999989,6.699999999999989,-0.0572160546541416,-1,-5.899999999999999,5.899999999999999,-0.2681818181818181,-1,-1.2999999999999972,1.2999999999999972,-0.0103092783505154,-1,19.200000000000003,19.200000000000003,0.3072,1,-0.2000000000000028,0.2000000000000028,-0.0020833333333333,-1,-0.9399999999999976,0.9399999999999976,-0.0250666666666666,-1,3,3,0.2727272727272727,1,-1,1,-1.0,-1,3,0,0,0,1,256.0,1,1,89,13,0,0,0,0,1,0,0,0,1,0,251,0,45,2,0,0,1,0,0,0,0,0,1,0,0,0,0,0,0,0,0,0,0,0,0,0,0,0,0.0,0.0,0,0,1,0,0,0,0,0.92862807295797,1.3990442054958183,63.6,83.7,19.50118953211737,14766.31,4391.25,0,0,0,1,0,0,1,2,2,0,0,0,3,7,1,0.02734375,0.457421875,5.54907608489522,0,1,0,1,1
E000135,2026-05-14,131.2,27.3,121.6,76.3,93.7,1,38.26,10,14,Female,Hispanic/Latino,Headache. Festival attendee from campground with symptom onset ~290 minutes before arrival.,3,7,Walk-in,0,0,0,0,0,106.5,7.324,137.0,4.54,13.9,14.2,1,1,104.2,17.3,135.3,75.1,96.1,0,37.22,13,39.7,-27.0,-1.04,3,3.09,453.1,7.316,0.056,1,0,1,0,1,0,1,1,0,0,0,1,361,3,8.0,96.9,127.9,108.1,104.2,31.0,0.0887198928574234,-0.0915956151035323,-0.3880000000000007,-0.0639373915611505,1.0,127.9,0.0,96.9,212.0,0.0,-1.0,100.55,-1.0,14.6,25.3,19.8625,17.3,10.7,0.1853759517179626,-0.0197161690498367,-0.084,-0.0593672708479457,1.0,25.3,115.0,14.6,212.0,2.0,115.0,15.95,-1.0,109.6,135.3,122.7875,135.3,25.700000000000017,0.0644217793834253,0.0552027144597181,0.1419999999999995,0.128029827605301,1.0,135.3,240.0,109.6,122.0,131.4,-1.0,64.4,82.0,73.55,75.1,17.599999999999994,0.0704382534166613,-0.0118568255560446,-0.1240000000000003,0.0596570563697439,1.0,82.0,0.0,64.4,99.0,75.44999999999999,23.0,92.0,96.1,94.9125,96.1,4.099999999999994,0.0125709941254868,0.0092298795279378,-0.0580000000000002,0.0062516150466977,1.0,96.1,240.0,92.0,50.0,0.0,-1.0,95.95,49.0,37.13,37.81,37.46125,37.22,0.6799999999999997,0.0058794617470094,-0.0016962814358386,0.0029999999999998,-0.0028727527778803,-1.0,37.81,99.0,37.13,212.0,37.175,-1.0,11.0,13.0,12.0,13.0,2.0,0.0721687836487032,-0.0009211967369164,-0.0399999999999999,0.0002768651482151,1.0,13.0,0.0,11.0,50.0,5.0,50.0,12.0,49.0,36.3,46.6,40.6375,39.7,10.300000000000004,0.0736791114549584,-0.0160385469656802,-0.0660000000000001,-0.0479456606002437,1.0,46.6,99.0,36.3,212.0,0.0,-1.0,38.0,28.0,2.0,1.0,1.0,0.0,240.0,2.0,8.41,6.53,8.41,0.0,-1.88,-0.2235434007134363,1.0,0.0,240.0,2.0,139.2,139.9,139.9,240.0,0.700000000000017,0.005028735632184,1.0,0.0,240.0,2.0,4.64,3.31,4.64,0.0,-1.3299999999999996,-0.2866379310344827,1.0,0.0,240.0,2.0,21.9,21.9,21.9,0.0,0.0,0.0,1.0,0.0,240.0,2.0,57.6,42.0,57.6,0.0,-15.6,-0.2708333333333333,1.0,0.0,240.0,2.0,7.335,7.316,7.335,0.0,-0.0190000000000001,-0.0025903203817314,1.0,0.0,240.0,2.0,0.086,0.056,0.086,0.0,-0.0299999999999999,-0.3488372093023255,1.0,0.0,240.0,2.0,4.99,3.09,4.99,0.0,-1.9000000000000004,-0.3807615230460922,1.0,0.0,240.0,2.0,377.8,453.1,453.1,240.0,75.30000000000001,0.1993118051879301,1.0,0.0,240.0,2.0,19.7,15.0,19.7,0.0,-4.699999999999999,-0.2385786802030456,1.0,0.0,240.0,2.0,5.83,4.96,5.83,0.0,-0.8700000000000001,-0.1492281303602058,1.0,0.0,240.0,2.0,101.9,111.5,111.5,240.0,9.599999999999994,0.0942100098135426,1.0,0.0,240.0,2.0,289.5,292.5,292.5,240.0,3.0,0.0103626943005181,4.0,1.0,42.0,187.0,1.0,0.0,-1.0,1.0,187.0,0.0,-1.0,1.0,42.0,1.0,80.0,5.0,0.0,42.0,,7.0,125.0,5.0,50.0,240.0,1.0,0.0,-26.999999999999982,26.999999999999982,-0.2057926829268291,-1,-10.0,10.0,-0.3663003663003663,-1,13.700000000000015,13.700000000000015,0.1126644736842106,1,-1.2000000000000028,1.2000000000000028,-0.0157273918741809,-1,2.3999999999999915,2.3999999999999915,0.0256136606189967,1,-1.0399999999999991,1.0399999999999991,-0.0271824359644537,-1,3,3,0.3,1,-1,1,-1.0,-1,1,0,0,0,1,290.0,1,1,91,12,0,0,1,0,0,0,0,0,1,0,248,1,48,3,0,0,0,1,1,0,0,0,1,0,0,0,0,0,0,0,0,0,0,0,0,0,0,0,0.0,0.0,0,0,0,1,1,0,1,1.0789473684210529,1.4354485776805253,45.3,91.4,15.105263157894736,15953.919999999998,5019.712,0,0,0,1,1,0,2,3,3,0,1,2,3,12,1,0.0413793103448275,0.4524137931034482,5.673323267171493,0,1,0,3,1
E001601,2026-05-14,69.0,12.7,119.4,62.7,98.4,0,36.98,14,14,Female,White,Headache. Festival attendee from campground with symptom onset ~218 minutes before arrival.,5,2,EMS,0,0,0,0,0,100.3,7.446,141.9,3.84,11.8,7.7,1,1,43.5,7.0,134.2,65.1,96.6,0,36.32,14,35.1,-25.5,-0.66,0,,,,,1,0,0,0,0,0,0,0,0,0,0,0,361,3,6.0,43.5,72.3,62.56666666666666,43.5,28.8,0.1718239561034426,-0.0343445770936913,-0.3999999999999999,-0.1179373747148681,-1.0,72.3,84.0,43.5,240.0,0.0,-1.0,57.45,-1.0,7.0,16.3,10.9,7.0,9.3,0.299818984190242,-0.023078984191253,0.1186046511627906,-0.0241273242552015,-1.0,16.3,43.0,7.0,220.0,2.0,220.0,7.0,41.0,125.0,141.0,134.79999999999998,134.2,16.0,0.0370301165476556,0.0270743398136294,0.2069767441860457,-0.0387537153521808,-1.0,141.0,84.0,125.0,0.0,135.45,-1.0,65.1,83.6,72.68333333333334,65.1,18.5,0.0887363741374102,0.0166096043347524,0.225581395348837,0.004610492845787,-1.0,83.6,190.0,65.1,240.0,70.5,50.0,96.3,99.2,97.78333333333336,96.6,2.9000000000000057,0.0108457053144251,-0.0062947195014241,0.0093023255813955,-0.0064664408654178,-1.0,99.2,190.0,96.3,220.0,0.0,-1.0,96.45,-1.0,36.02,36.57,36.37,36.32,0.5499999999999972,0.0053902725515654,-0.0002814413448848,0.0065116279069765,-0.0009483652450404,-1.0,36.57,220.0,36.02,190.0,36.445,20.0,12.0,15.0,14.0,14.0,3.0,0.0824786098842322,0.0089513431976738,0.0232558139534883,-0.003905439966821,-1.0,15.0,84.0,12.0,0.0,1.0,0.0,14.5,-1.0,28.0,35.9,32.45,35.1,7.899999999999999,0.0861718732559748,-0.0084065219764406,0.0465116279069766,0.02262044653349,1.0,35.9,43.0,28.0,190.0,1.0,190.0,33.4,30.0,0.0,0.0,0.0,,,,,,,,,,0.0,,,,,,,,,,0.0,,,,,,,,,,0.0,,,,,,,,,,0.0,,,,,,,,,,0.0,,,,,,,,,,0.0,,,,,,,,,,0.0,,,,,,,,,,0.0,,,,,,,,,,0.0,,,,,,,,,,0.0,,,,,,,,,,0.0,,,,,,,,,,0.0,,,,,,,,,,1.0,1.0,126.0,126.0,0.0,0.0,-1.0,1.0,126.0,0.0,-1.0,0.0,-1.0,0.0,-1.0,2.0,0.0,,,4.0,43.0,4.0,0.0,190.0,0.0,0.0,-25.5,25.5,-0.3695652173913043,-1,-5.699999999999999,5.699999999999999,-0.4488188976377952,-1,14.799999999999985,14.799999999999985,0.1239530988274705,1,2.3999999999999915,2.3999999999999915,0.0382775119617223,1,-1.8000000000000114,1.8000000000000114,-0.0182926829268293,-1,-0.6599999999999966,0.6599999999999966,-0.0178474851270956,-1,0,0,0.0,0,0,0,0.0,0,2,1,1,0,0,218.0,1,1,91,12,0,0,1,0,0,0,0,0,1,0,205,0,40,2,0,0,0,0,0,0,0,0,0,0,0,0,0,1,0,0,0,0,0,0,0,0,0,0,0.0,0.0,0,1,1,0,0,0,0,0.5778894472361809,0.8455882352941175,56.7,81.60000000000001,8.090452261306531,8238.6,2551.62,0,0,0,0,0,0,0,0,0,0,0,0,1,1,0,0.0045871559633027,0.3165137614678899,5.389071729816501,0,1,0,0,0
E000558,2026-05-14,144.5,32.9,122.5,69.3,90.0,1,39.09,9,62,Female,White,Headache. Festival attendee from main stage with symptom onset ~175 minutes before arrival.,2,9,EMS,1,0,1,1,0,143.1,7.244,139.8,5.52,12.9,19.4,1,1,128.4,27.2,112.6,64.2,93.4,1,37.94,10,44.3,-16.1,-1.15,1,3.31,1049.0,7.338,0.137,1,1,0,0,0,0,1,0,0,0,1,1,361,3,9.0,98.9,162.2,130.13333333333333,128.4,63.29999999999998,0.1549423750554134,0.0247344833937014,0.6139630390143737,-0.0133811405881759,-1.0,162.2,211.0,98.9,222.0,4.0,25.0,132.075,11.0,23.6,33.2,28.23333333333333,27.2,9.6,0.0949367673812261,0.0186954386395726,0.1360369609856262,0.0169043274124476,-1.0,33.2,211.0,23.6,0.0,8.0,25.0,29.875000000000004,29.0,98.1,146.0,116.04444444444442,112.6,47.900000000000006,0.1132152004298097,0.0357092209466512,-0.2744353182751554,0.0112105567222076,1.0,146.0,211.0,98.1,44.0,119.775,10.0,64.2,80.7,73.96666666666667,64.2,16.5,0.075238884082938,-0.0088923506660936,-0.2561601642710472,0.0034443231941605,-1.0,80.7,0.0,64.2,240.0,73.4,-1.0,91.4,93.4,92.4,93.4,2.0,0.0072868000998283,0.001674135919946,-0.0265913757700202,-0.0035772909426039,1.0,93.4,240.0,91.4,25.0,0.0,-1.0,92.425,64.0,37.85,38.38,38.04444444444445,37.94,0.5300000000000011,0.0045020233147975,-0.0016165510467186,-0.0053388090349075,-0.0017839686746324,-1.0,38.38,25.0,37.85,222.0,37.8925,-1.0,10.0,11.0,10.555555555555555,10.0,1.0,0.047075115315785,-0.0020013506047025,0.0236139630390143,-0.006244899082064,-1.0,11.0,25.0,10.0,0.0,9.0,0.0,10.25,186.0,41.5,49.0,45.63333333333333,44.3,7.5,0.0442878199889674,-0.0023970163914297,-0.0226899383983574,-0.0101275573366101,-1.0,49.0,222.0,41.5,221.0,0.0,-1.0,45.175,1.0,3.0,1.0,1.0,0.0,240.0,3.0,11.3,14.82,14.82,240.0,3.52,0.311504424778761,1.0,0.0,240.0,3.0,135.8,141.8,141.8,240.0,6.0,0.0441826215022091,1.0,0.0,240.0,3.0,5.18,4.5,5.18,0.0,-0.6799999999999997,-0.1312741312741312,1.0,0.0,240.0,3.0,19.0,21.8,21.8,240.0,2.8000000000000007,0.1473684210526316,1.0,0.0,240.0,3.0,71.5,39.9,71.5,0.0,-31.6,-0.441958041958042,1.0,0.0,240.0,3.0,7.297,7.338,7.338,240.0,0.0410000000000003,0.0056187474304509,1.0,0.0,240.0,3.0,0.166,0.137,0.166,0.0,-0.0289999999999999,-0.1746987951807228,1.0,0.0,240.0,3.0,3.37,3.31,3.37,0.0,-0.06,-0.0178041543026706,1.0,0.0,240.0,3.0,939.3,1049.0,1049.0,240.0,109.70000000000005,0.1167890982646652,1.0,0.0,240.0,3.0,20.0,36.2,36.2,240.0,16.200000000000003,0.8100000000000002,1.0,0.0,240.0,3.0,3.43,6.4,9.08,120.0,2.97,0.8658892128279884,1.0,0.0,240.0,3.0,105.0,115.3,115.3,240.0,10.299999999999995,0.098095238095238,1.0,0.0,240.0,3.0,304.5,290.9,304.5,0.0,-13.600000000000025,-0.0446633825944171,2.0,1.0,77.0,216.0,0.0,1.0,216.0,1.0,77.0,0.0,-1.0,0.0,-1.0,0.0,-1.0,4.0,0.0,77.0,191.0,21.0,240.0,6.0,0.0,-1.0,1.0,0.0,-16.099999999999994,16.099999999999994,-0.1114186851211072,-1,-5.699999999999999,5.699999999999999,-0.1732522796352583,-1,-9.900000000000006,9.900000000000006,-0.0808163265306123,-1,-5.099999999999994,5.099999999999994,-0.0735930735930735,-1,3.4000000000000057,3.4000000000000057,0.0377777777777778,1,-1.1500000000000057,1.1500000000000057,-0.0294192888206703,-1,1,1,0.1111111111111111,1,0,0,0.0,0,2,0,0,0,0,175.0,1,1,91,13,1,0,0,0,0,0,0,1,0,0,209,0,43,3,0,0,1,0,0,1,0,0,0,0,0,1,1,0,1,0,0,1,1,1,1,0,0,0,0.0,0.0,0,0,0,1,1,1,1,1.1795918367346938,1.6602834163155875,53.2,87.03333333333333,73.13469387755102,17701.25,5648.505,1,0,0,1,1,0,3,3,3,0,3,2,3,14,1,0.08,0.8257142857142857,5.170483995038151,0,0,3,3,2
E001177,2026-05-14,153.2,23.4,107.5,88.4,93.7,1,38.43,10,14,Female,Black,Headache. Festival attendee from beach shuttle stop with symptom onset ~58 minutes before arrival.,2,7,EMS,0,0,0,0,0,159.5,7.255,139.6,4.81,15.1,15.6,1,1,128.9,26.1,130.6,83.8,93.3,1,38.14,11,43.3,-24.3,-0.29,1,3.97,979.0,7.278,0.122,1,1,0,0,0,0,1,0,0,0,1,1,361,3,7.0,93.7,150.3,127.08571428571427,128.9,56.60000000000001,0.1350947406075431,-0.0705527702211527,0.0,-0.094259946364939,-1.0,150.3,68.0,93.7,152.0,3.0,0.0,128.9,45.0,17.9,28.8,24.757142857142856,26.1,10.900000000000002,0.1325647025496218,-0.0114005111026176,0.0,0.0008063627346534,1.0,28.8,117.0,17.9,142.0,5.0,0.0,26.1,10.0,98.1,130.6,116.62857142857143,130.6,32.5,0.1027821923399133,0.1476576961412503,0.0,0.1703170346423717,1.0,130.6,240.0,98.1,68.0,130.6,-1.0,61.6,87.1,74.82857142857142,83.8,25.5,0.1110241495395558,0.0927827364224316,0.0,0.1366353183204143,1.0,87.1,197.0,61.6,68.0,83.8,-1.0,92.3,94.7,93.74285714285716,93.3,2.4000000000000057,0.008885937054016,0.0058660641351353,0.0,0.0060743543587671,-1.0,94.7,197.0,92.3,68.0,0.0,-1.0,93.3,43.0,37.65,38.14,37.942857142857136,38.14,0.490000000000002,0.0046717100509777,-0.000471008790665,0.0,0.0006689688108446,1.0,38.14,0.0,37.65,142.0,38.14,98.0,10.0,13.0,11.714285714285714,11.0,3.0,0.0879402750113168,0.0079400765904509,0.0,0.00225928511076,-1.0,13.0,152.0,10.0,0.0,5.0,0.0,11.0,88.0,38.9,45.5,42.34285714285714,43.3,6.600000000000001,0.0454952977895751,-0.0057667663391712,0.0,-0.0065868263473054,-1.0,45.5,68.0,38.9,117.0,0.0,-1.0,43.3,25.0,3.0,1.0,1.0,0.0,240.0,3.0,5.44,7.97,10.27,120.0,2.53,0.4650735294117645,1.0,0.0,240.0,3.0,142.5,141.3,142.5,0.0,-1.1999999999999886,-0.0084210526315788,1.0,0.0,240.0,3.0,5.03,4.51,5.03,0.0,-0.5200000000000005,-0.1033797216699802,1.0,0.0,240.0,3.0,16.6,21.3,21.3,240.0,4.699999999999999,0.2831325301204818,1.0,0.0,240.0,3.0,70.0,52.6,70.0,0.0,-17.4,-0.2485714285714285,1.0,0.0,240.0,3.0,7.324,7.278,7.324,0.0,-0.0460000000000002,-0.0062807209175314,1.0,0.0,240.0,3.0,0.118,0.122,0.122,240.0,0.004,0.0338983050847458,1.0,0.0,240.0,3.0,4.74,3.97,4.74,0.0,-0.77,-0.1624472573839662,1.0,0.0,240.0,3.0,678.0,979.0,979.0,240.0,301.0,0.443952802359882,1.0,0.0,240.0,3.0,26.8,23.1,26.8,0.0,-3.6999999999999993,-0.1380597014925373,1.0,0.0,240.0,3.0,1.27,4.43,4.43,240.0,3.16,2.4881889763779523,1.0,0.0,240.0,3.0,166.2,124.7,166.2,0.0,-41.49999999999999,-0.2496991576413958,1.0,0.0,240.0,3.0,306.7,297.0,306.7,0.0,-9.699999999999989,-0.0316269970655363,3.0,1.0,30.0,78.0,1.0,1.0,30.0,1.0,76.0,0.0,-1.0,0.0,-1.0,1.0,78.0,4.0,0.0,30.0,30.0,13.0,152.0,4.0,0.0,197.0,1.0,0.0,-24.299999999999983,24.299999999999983,-0.158616187989556,-1,2.700000000000003,2.700000000000003,0.1153846153846155,1,23.099999999999994,23.099999999999994,0.2148837209302325,1,-4.6000000000000085,4.6000000000000085,-0.0520361990950227,-1,-0.4000000000000057,0.4000000000000057,-0.0042689434364995,-1,-0.2899999999999991,0.2899999999999991,-0.0075461878740567,-1,1,1,0.1,1,0,0,0.0,0,1,1,1,0,0,58.0,1,1,98,14,0,0,0,0,1,0,1,0,0,0,230,1,44,3,1,0,1,0,0,1,0,1,0,0,0,0,0,0,0,0,0,0,0,1,1,0,0,0,0.0,0.0,0,0,0,1,1,1,1,1.4251162790697671,1.616602180794935,19.099999999999994,94.76666666666668,19.951627906976743,16469.0,5887.476,0,0,0,1,1,0,2,3,2,1,1,2,3,12,1,0.2068965517241379,2.6413793103448278,4.07753744390572,1,0,0,3,1
E001364,2026-05-12,88.4,15.6,126.1,73.7,97.9,0,37.27,15,58,Male,White,Shortness of breath. Community patient from shopping area with symptom onset ~80 minutes before arrival.,5,2,Walk-in,0,0,0,0,0,124.2,7.39,141.1,3.63,12.2,8.5,0,0,86.5,14.3,113.3,85.0,95.8,0,36.89,14,36.0,-1.9,-0.38,-1,,,,,1,0,1,0,0,0,0,0,0,0,0,0,359,1,7.0,61.4,86.5,76.22857142857143,86.5,25.1,0.1015755959564386,0.0493084907001691,-0.2759259259259259,0.0354977283972829,1.0,86.5,240.0,61.4,54.0,0.0,-1.0,81.05,41.0,9.0,16.3,13.7,14.3,7.300000000000001,0.1671790100006764,0.0069238176483513,0.0351851851851851,0.0210168233547748,-1.0,16.3,109.0,9.0,95.0,0.0,-1.0,14.95,14.0,113.3,137.3,126.74285714285716,113.3,24.00000000000001,0.0545100858914313,-0.0538824692698441,-0.1222222222222225,-0.0844192793846435,-1.0,137.3,131.0,113.3,240.0,119.0,-1.0,64.9,85.0,76.71428571428571,85.0,20.099999999999994,0.1072742079347347,0.0713159357348739,-0.0851851851851852,0.0666029418379737,1.0,85.0,109.0,64.9,95.0,83.55,-1.0,95.8,98.7,97.08571428571427,95.8,2.9000000000000057,0.0096062382248084,-0.0035254048883893,-0.0222222222222222,-0.012675992982772,-1.0,98.7,109.0,95.8,240.0,0.0,-1.0,96.45,-1.0,36.56,36.95,36.76857142857143,36.89,0.3900000000000005,0.0036297989631289,-0.0001837992942728,0.0009259259259257,-0.0004372272952185,1.0,36.95,109.0,36.56,131.0,36.745000000000005,22.0,14.0,15.0,14.571428571428571,14.0,1.0,0.0339617805405662,-0.0013733245440562,-0.0185185185185185,-0.0029575817552067,0.0,15.0,0.0,14.0,54.0,0.0,-1.0,14.5,41.0,31.7,39.2,35.48571428571429,36.0,7.5000000000000036,0.0735382849196807,-0.0041949409955149,0.0888888888888887,-0.0026359587962755,-1.0,39.2,109.0,31.7,95.0,0.0,-1.0,34.55,22.0,1.0,1.0,1.0,0.0,0.0,1.0,8.26,8.26,8.26,0.0,0.0,0.0,1.0,0.0,0.0,1.0,138.5,138.5,138.5,0.0,0.0,0.0,1.0,0.0,0.0,1.0,3.85,3.85,3.85,0.0,0.0,0.0,1.0,0.0,0.0,1.0,23.7,23.7,23.7,0.0,0.0,0.0,1.0,0.0,0.0,1.0,10.8,10.8,10.8,0.0,0.0,0.0,1.0,0.0,0.0,1.0,7.383,7.383,7.383,0.0,0.0,0.0,1.0,0.0,0.0,1.0,0.027,0.027,0.027,0.0,0.0,0.0,1.0,0.0,0.0,1.0,1.77,1.77,1.77,0.0,0.0,0.0,1.0,0.0,0.0,1.0,401.7,401.7,401.7,0.0,0.0,0.0,1.0,0.0,0.0,1.0,9.5,9.5,9.5,0.0,0.0,0.0,1.0,0.0,0.0,1.0,4.55,4.55,4.55,0.0,0.0,0.0,1.0,0.0,0.0,1.0,105.5,105.5,105.5,0.0,0.0,0.0,1.0,0.0,0.0,1.0,290.6,290.6,290.6,0.0,0.0,0.0,2.0,1.0,82.0,213.0,0.0,0.0,-1.0,1.0,213.0,0.0,-1.0,1.0,82.0,0.0,-1.0,5.0,0.0,82.0,,0.0,0.0,5.0,54.0,221.0,1.0,0.0,-1.9000000000000057,1.9000000000000057,-0.0214932126696833,-1,-1.299999999999999,1.299999999999999,-0.0833333333333332,-1,-12.799999999999995,12.799999999999995,-0.1015067406819984,-1,11.299999999999995,11.299999999999995,0.1533242876526458,1,-2.1000000000000085,2.1000000000000085,-0.0214504596527069,-1,-0.3800000000000025,0.3800000000000025,-0.0101958679903408,-1,-1,1,-0.0666666666666666,-1,0,0,0.0,0,3,0,0,0,0,80.0,1,0,104,15,0,0,0,1,0,1,0,1,0,0,109,0,40,1,0,0,0,0,1,0,0,0,0,0,0,0,0,0,0,0,0,0,0,0,0,0,0,0,0.0,0.0,0,1,1,0,0,0,0,0.7010309278350516,0.9696526508226692,52.39999999999999,91.16666666666669,40.659793814432994,11147.24,3294.6680000000006,0,0,0,0,0,0,0,0,0,0,0,0,0,0,0,0.0,1.105,4.394449154672439,0,0,0,0,0
E000897,2026-05-13,82.3,8.1,118.8,71.4,95.1,0,37.02,13,67,Female,White,Motor Vehicle Crash MVC driver wearing SB.,4,3,Walk-in,0,1,1,1,0,72.4,7.403,140.7,3.81,15.0,11.9,0,0,69.4,12.9,127.1,78.5,98.8,0,36.56,15,32.1,-12.9,-0.46,2,,,,,0,1,0,0,0,0,0,0,0,0,0,0,360,2,7.0,56.2,91.0,71.84285714285714,69.4,34.8,0.1579328484612917,-0.007657738919779,0.0,0.0805446357789091,1.0,91.0,187.0,56.2,101.0,0.0,-1.0,67.65,58.0,7.9,18.9,13.22857142857143,12.9,10.999999999999998,0.255033436347366,-0.0258596473142665,0.0,-0.0466307608064924,1.0,18.9,101.0,7.9,229.0,1.0,229.0,10.4,11.0,107.6,145.5,128.5857142857143,127.1,37.900000000000006,0.0899152183989539,0.0643274552377761,0.0,0.1326233889356555,-1.0,145.5,229.0,107.6,101.0,136.3,58.0,61.9,86.8,78.79999999999998,78.5,24.9,0.1101442637342263,-0.0558817465482027,0.0,-0.0559395866194824,1.0,86.8,0.0,61.9,159.0,74.5,28.0,97.7,98.9,98.44285714285714,98.8,1.2000000000000028,0.0050311814898736,-0.0005453936305239,0.0,0.0009218924949122,1.0,98.9,101.0,97.7,159.0,0.0,-1.0,98.85,70.0,36.29,36.9,36.61142857142857,36.56,0.6099999999999994,0.0049065777773117,-0.000653119342306,0.0,-0.0016778770319638,-1.0,36.9,159.0,36.29,187.0,36.535,28.0,13.0,15.0,14.285714285714286,15.0,2.0,0.0489897948556635,0.0018587839622702,0.0,0.0016999436076399,-1.0,15.0,87.0,13.0,187.0,0.0,-1.0,15.0,14.0,29.8,36.9,33.5,32.1,7.099999999999998,0.0787193424497941,-0.0114893466229406,0.0,-0.0077698864797274,-1.0,36.9,229.0,29.8,159.0,1.0,159.0,34.5,70.0,0.0,0.0,0.0,,,,,,,,,,0.0,,,,,,,,,,0.0,,,,,,,,,,0.0,,,,,,,,,,0.0,,,,,,,,,,0.0,,,,,,,,,,0.0,,,,,,,,,,0.0,,,,,,,,,,0.0,,,,,,,,,,0.0,,,,,,,,,,0.0,,,,,,,,,,0.0,,,,,,,,,,0.0,,,,,,,,,,1.0,1.0,147.0,147.0,0.0,1.0,147.0,0.0,-1.0,0.0,-1.0,0.0,-1.0,0.0,-1.0,4.0,0.0,,,2.0,28.0,3.0,187.0,187.0,0.0,0.0,-12.899999999999991,12.899999999999991,-0.1567436208991493,-1,4.800000000000001,4.800000000000001,0.5925925925925927,1,8.299999999999997,8.299999999999997,0.0698653198653198,1,7.099999999999994,7.099999999999994,0.099439775910364,1,3.700000000000003,3.700000000000003,0.0389064143007361,1,-0.4600000000000008,0.4600000000000008,-0.0124257158292814,-1,2,2,0.1538461538461538,1,0,0,0.0,0,0,0,0,0,0,,0,0,42,7,0,0,0,0,0,1,0,0,0,1,108,0,38,2,0,0,0,0,1,0,0,0,0,0,0,0,0,1,0,0,0,0,0,0,0,0,0,0,0.0,0.0,0,1,1,0,0,0,0,0.6927609427609428,0.9438073394495412,47.39999999999999,87.2,46.41498316498317,9777.24,3046.746,0,0,0,0,0,0,0,0,1,0,0,0,2,3,0,,,,0,0,3,0,2
E000220,2026-05-11,81.9,18.6,124.6,71.5,96.8,0,37.39,14,39,Female,White,Chest pain. Festival attendee from beach shuttle stop with symptom onset ~112 minutes before arrival.,5,3,Walk-in,1,0,0,0,0,74.2,7.443,144.1,4.22,14.0,11.5,1,1,65.3,14.9,126.9,80.2,97.2,0,36.66,13,38.3,-16.6,-0.73,-1,,,,,1,1,0,0,0,0,0,0,0,0,0,0,358,0,8.0,65.3,96.3,79.975,65.3,31.0,0.1229963655259934,-0.0626299233317786,0.0,-0.0656862498427477,-1.0,96.3,87.0,65.3,240.0,0.0,-1.0,65.3,-1.0,9.4,16.3,13.3625,14.9,6.9,0.1554064243075515,-0.0139802887318047,0.0,-0.0163831928544471,1.0,16.3,69.0,9.4,207.0,0.0,-1.0,14.9,33.0,109.1,144.8,129.60000000000002,126.9,35.70000000000002,0.0745308064261929,-0.0497374621742201,0.0,-0.057728016102655,1.0,144.8,133.0,109.1,207.0,126.9,33.0,72.6,84.9,78.9125,80.2,12.300000000000011,0.0557451330234449,0.0083527695049456,0.0,-0.004869165932822,1.0,84.9,133.0,72.6,69.0,80.2,33.0,95.6,97.5,96.9625,97.2,1.9000000000000057,0.0058553899441411,0.0019059408901166,0.0,0.0024512517297769,-1.0,97.5,69.0,95.6,87.0,0.0,-1.0,97.2,45.0,36.33,36.91,36.64874999999999,36.66,0.5799999999999983,0.0049274528303834,-6.883394931052038e-05,0.0,-0.0006388853943893,-1.0,36.91,132.0,36.33,133.0,36.66,1.0,13.0,15.0,14.0,13.0,2.0,0.0618589574131741,-0.0062434963579604,0.0,-0.0114920115737829,0.0,15.0,87.0,13.0,166.0,0.0,-1.0,13.0,79.0,28.5,38.3,32.9875,38.3,9.799999999999995,0.0945287684209442,0.002383173657708,0.0,0.0207277644986789,1.0,38.3,240.0,28.5,133.0,2.0,132.0,38.3,33.0,0.0,0.0,0.0,,,,,,,,,,0.0,,,,,,,,,,0.0,,,,,,,,,,0.0,,,,,,,,,,0.0,,,,,,,,,,0.0,,,,,,,,,,0.0,,,,,,,,,,0.0,,,,,,,,,,0.0,,,,,,,,,,0.0,,,,,,,,,,0.0,,,,,,,,,,0.0,,,,,,,,,,0.0,,,,,,,,,,2.0,1.0,146.0,166.0,0.0,1.0,146.0,1.0,166.0,0.0,-1.0,0.0,-1.0,0.0,-1.0,4.0,0.0,,,2.0,34.0,6.0,166.0,207.0,0.0,0.0,-16.60000000000001,16.60000000000001,-0.2026862026862027,-1,-3.700000000000001,3.700000000000001,-0.1989247311827957,-1,2.300000000000012,2.300000000000012,0.0184590690208668,1,8.700000000000003,8.700000000000003,0.1216783216783217,1,0.4000000000000057,0.4000000000000057,0.0041322314049587,1,-0.730000000000004,0.730000000000004,-0.0195239368815192,-1,-1,1,-0.0714285714285714,-1,0,0,0.0,0,2,0,0,0,0,112.0,1,1,101,15,0,0,0,0,1,0,0,1,0,0,233,0,45,3,0,0,0,0,0,0,0,1,0,0,0,1,0,0,0,0,0,0,0,0,0,0,0,0,0.0,0.0,0,1,1,0,0,0,0,0.6573033707865169,0.9181614349775784,53.1,89.2,25.63483146067416,10204.74,3062.2410000000004,0,0,0,0,0,0,0,0,0,0,0,0,1,1,0,0.0089285714285714,0.7312500000000001,4.727387818712341,0,0,1,0,0
E001850,2026-05-15,138.5,35.6,145.0,53.2,91.3,1,38.41,11,40,Male,Asian,Syncope. Festival attendee from campground with symptom onset ~147 minutes before arrival.,2,10,EMS,1,0,0,0,0,169.6,7.313,144.7,5.44,13.4,14.1,1,1,100.1,22.2,115.9,69.7,92.0,1,37.75,12,44.7,-38.4,-0.66,1,4.28,854.1,7.359,0.072,1,1,1,0,0,0,1,0,0,0,1,1,362,4,9.0,100.1,142.6,120.46666666666668,100.1,42.5,0.1324479520732947,-0.1654772141014619,-0.3851063829787235,-0.255736910774954,1.0,142.6,106.0,100.1,240.0,3.0,0.0,100.1,-1.0,21.5,32.9,26.988888888888887,22.2,11.4,0.1533429942490013,-0.0432908902744811,-0.0553191489361703,-0.0386043327175723,1.0,32.9,70.0,21.5,164.0,6.0,0.0,22.2,-1.0,104.1,135.5,115.84444444444446,115.9,31.40000000000001,0.0818434182327924,0.0293876563296449,-0.195744680851064,-0.006019170402139,1.0,135.5,162.0,104.1,47.0,115.9,2.0,62.0,80.0,72.14444444444445,69.7,18.0,0.0628712426128372,0.0084285427425457,0.0212765957446807,0.0169775613284935,-1.0,80.0,164.0,62.0,106.0,69.7,40.0,90.9,94.0,92.54444444444444,92.0,3.0999999999999943,0.0121625081158641,0.0033938142631332,-0.0255319148936172,-0.001771066127553,-1.0,94.0,106.0,90.9,69.0,1.0,69.0,92.0,56.0,37.51,38.35,37.89555555555555,37.75,0.8400000000000034,0.0063272210212837,-0.0016746386847972,0.0065957446808509,-0.002374468744752,-1.0,38.35,69.0,37.51,146.0,37.75,1.0,10.0,12.0,11.444444444444445,12.0,2.0,0.0598486796404754,0.0061347640059519,-1.7276271427594838e-17,0.0074214258955446,0.0,12.0,69.0,10.0,70.0,9.0,0.0,12.0,1.0,38.8,48.7,44.44444444444444,44.7,9.900000000000006,0.0698516284706377,0.0201105956616431,0.0446808510638296,-0.0100231233287257,-1.0,48.7,70.0,38.8,0.0,0.0,-1.0,44.7,36.0,3.0,1.0,1.0,0.0,240.0,3.0,11.29,8.85,12.06,120.0,-2.4399999999999995,-0.2161204605845881,1.0,0.0,240.0,3.0,143.1,141.6,143.1,0.0,-1.5,-0.010482180293501,1.0,0.0,240.0,3.0,4.74,4.57,4.8,120.0,-0.1699999999999999,-0.0358649789029535,1.0,0.0,240.0,3.0,15.9,21.8,21.8,240.0,5.9,0.3710691823899371,1.0,0.0,240.0,3.0,61.2,36.4,74.1,120.0,-24.800000000000004,-0.4052287581699347,1.0,0.0,240.0,3.0,7.323,7.359,7.359,240.0,0.0359999999999995,0.0049160180253993,1.0,0.0,240.0,3.0,0.145,0.072,0.145,0.0,-0.073,-0.503448275862069,1.0,0.0,240.0,3.0,4.22,4.28,4.28,240.0,0.0600000000000005,0.0142180094786731,1.0,0.0,240.0,3.0,970.4,854.1,970.4,0.0,-116.29999999999995,-0.1198474855729595,1.0,0.0,240.0,3.0,18.7,27.9,27.9,240.0,9.2,0.4919786096256684,1.0,0.0,240.0,3.0,6.1,1.62,9.58,120.0,-4.48,-0.7344262295081967,1.0,0.0,240.0,3.0,140.6,128.4,157.2,120.0,-12.199999999999989,-0.0867709815078235,1.0,0.0,240.0,3.0,308.7,304.7,308.7,0.0,-4.0,-0.0129575639779721,4.0,1.0,35.0,222.0,1.0,1.0,70.0,1.0,174.0,0.0,-1.0,1.0,222.0,1.0,35.0,5.0,0.0,35.0,70.0,19.0,240.0,4.0,70.0,-1.0,0.0,1.0,-38.400000000000006,38.400000000000006,-0.2772563176895307,-1,-13.400000000000002,13.400000000000002,-0.3764044943820225,-1,-29.099999999999994,29.099999999999994,-0.2006896551724137,-1,16.5,16.5,0.3101503759398496,1,0.7000000000000028,0.7000000000000028,0.0076670317634173,1,-0.6599999999999966,0.6599999999999966,-0.01718302525384,-1,1,1,0.0909090909090909,1,0,0,0.0,0,2,0,0,0,0,147.0,1,1,90,12,0,0,1,0,0,0,0,1,0,0,231,0,50,3,1,0,1,0,0,1,0,0,0,1,0,0,0,0,0,0,0,0,0,0,0,0,0,0,0.0,0.0,0,0,0,1,1,1,1,0.9551724137931036,1.652744630071599,91.8,83.8,38.20689655172414,20082.5,5319.785,1,0,0,1,1,0,3,3,3,0,2,2,3,13,1,0.0884353741496598,0.9421768707482994,4.997212273764115,0,0,1,4,2
E002068,2026-05-14,68.3,18.2,147.5,80.5,97.8,0,36.95,13,52,Male,White,Addiction Problem Patient states that she needs help.,5,1,Walk-in,0,0,0,1,0,87.5,7.448,134.9,4.0,11.8,9.1,0,0,64.2,16.3,137.7,82.0,96.4,0,36.39,14,31.9,-4.1,-0.56,1,,,,,0,1,0,0,0,0,0,0,0,0,0,0,361,3,6.0,49.7,87.0,71.93333333333332,64.2,37.3,0.1773181575279335,-0.1088187255791558,0.0,-0.1796480582524275,-1.0,87.0,83.0,49.7,214.0,0.0,-1.0,60.63333333333333,12.0,10.7,17.1,14.216666666666669,16.3,6.400000000000002,0.1495126718749742,-0.0101912927538379,0.0,0.0045388349514562,1.0,17.1,0.0,10.7,214.0,0.0,-1.0,13.800000000000002,12.0,117.5,137.7,130.11666666666667,137.7,20.19999999999999,0.0584468887931635,0.0014707135053055,0.0,0.0801638349514555,1.0,137.7,240.0,117.5,83.0,130.53333333333333,79.0,71.6,86.7,80.45,82.0,15.100000000000009,0.0660658112166997,0.0096964871020907,0.0,0.0045873786407763,1.0,86.7,214.0,71.6,226.0,80.10000000000001,12.0,96.4,99.9,97.55,96.4,3.5,0.0113034169875435,-0.0105164719171866,0.0,-0.0023361650485439,1.0,99.9,0.0,96.4,240.0,0.0,-1.0,97.03333333333336,-1.0,36.29,36.93,36.57,36.39,0.6400000000000006,0.0069087392440569,-0.0020726282846613,0.0,-0.0016183252427186,-1.0,36.93,0.0,36.29,214.0,36.47,12.0,14.0,15.0,14.333333333333334,14.0,1.0,0.0328886874970487,-0.0014073813447899,0.0,-0.0075849514563107,-1.0,15.0,83.0,14.0,0.0,0.0,-1.0,14.0,131.0,31.9,36.4,34.35,31.9,4.5,0.0480349344978165,-0.0089809447973185,0.0,-0.0015109223300972,-1.0,36.4,0.0,31.9,240.0,0.0,-1.0,33.76666666666667,-1.0,1.0,1.0,1.0,0.0,0.0,1.0,8.14,8.14,8.14,0.0,0.0,0.0,1.0,0.0,0.0,1.0,140.0,140.0,140.0,0.0,0.0,0.0,1.0,0.0,0.0,1.0,4.19,4.19,4.19,0.0,0.0,0.0,1.0,0.0,0.0,1.0,26.4,26.4,26.4,0.0,0.0,0.0,1.0,0.0,0.0,1.0,15.8,15.8,15.8,0.0,0.0,0.0,1.0,0.0,0.0,1.0,7.425,7.425,7.425,0.0,0.0,0.0,1.0,0.0,0.0,1.0,0.003,0.003,0.003,0.0,0.0,0.0,1.0,0.0,0.0,1.0,2.06,2.06,2.06,0.0,0.0,0.0,1.0,0.0,0.0,1.0,557.1,557.1,557.1,0.0,0.0,0.0,1.0,0.0,0.0,1.0,15.4,15.4,15.4,0.0,0.0,0.0,1.0,0.0,0.0,1.0,2.2,2.2,2.2,0.0,0.0,0.0,1.0,0.0,0.0,1.0,78.5,78.5,78.5,0.0,0.0,0.0,1.0,0.0,0.0,1.0,277.1,277.1,277.1,0.0,0.0,0.0,1.0,1.0,75.0,75.0,0.0,1.0,75.0,0.0,-1.0,0.0,-1.0,0.0,-1.0,0.0,-1.0,4.0,0.0,75.0,,0.0,0.0,3.0,0.0,214.0,0.0,0.0,-4.099999999999994,4.099999999999994,-0.0600292825768666,-1,-1.8999999999999984,1.8999999999999984,-0.1043956043956043,-1,-9.800000000000011,9.800000000000011,-0.0664406779661017,-1,1.5,1.5,0.0186335403726708,1,-1.3999999999999917,1.3999999999999917,-0.0143149284253577,-1,-0.5600000000000023,0.5600000000000023,-0.0151556156968877,-1,1,1,0.0769230769230769,1,0,0,0.0,0,3,0,0,0,0,,0,0,53,8,0,0,0,0,0,1,0,0,0,1,116,0,40,3,1,0,0,0,0,0,0,1,0,0,0,0,0,0,0,0,0,0,0,0,0,0,0,1,0.0,0.0,0,1,1,0,0,0,0,0.4630508474576271,0.6641815235008104,67.0,102.83333333333331,24.07864406779661,10074.25,2523.685,0,1,0,0,0,0,1,0,0,0,0,0,2,2,0,,,,0,0,1,1,1
E001216,2026-05-11,104.1,22.3,138.5,79.1,95.6,0,37.14,13,55,Male,Hispanic/Latino,"Jaundice call in, : Bili baby, just reached light level.",3,5,Walk-in,0,1,1,1,1,119.9,7.401,133.4,3.7,12.1,12.3,0,0,84.6,17.9,126.4,81.6,96.3,0,36.86,14,37.7,-19.5,-0.28,1,1.7,84.4,7.365,0.011,1,1,0,0,0,0,0,0,0,0,0,1,358,0,6.0,84.6,110.3,94.43333333333332,84.6,25.700000000000003,0.0899642052922185,-0.1008924085247914,0.0,-0.0746812769992622,1.0,110.3,0.0,84.6,240.0,0.0,-1.0,84.6,-1.0,14.2,19.9,17.899999999999995,17.9,5.699999999999999,0.1010746126265319,-0.0110077057497431,0.0,-0.0115319776630491,1.0,19.9,99.0,14.2,169.0,0.0,-1.0,17.9,4.0,101.3,144.5,124.65,126.4,43.2,0.1014334080042672,-0.083399511776502,0.0,-0.0088715625329258,1.0,144.5,0.0,101.3,173.0,126.4,67.0,65.2,86.9,77.03333333333332,81.6,21.700000000000003,0.1052658580671802,0.0112656015865039,0.0,0.0887050890317142,1.0,86.9,169.0,65.2,99.0,81.6,70.0,95.7,98.5,96.59999999999998,96.3,2.799999999999997,0.009562737377882,-0.0006803114314552,0.0,-0.008407965440944,-1.0,98.5,64.0,95.7,0.0,0.0,-1.0,96.3,35.0,36.86,37.25,37.03333333333333,36.86,0.3900000000000005,0.0035879624532844,-0.0016264334339719,0.0,-0.0015109050679591,1.0,37.25,0.0,36.86,240.0,36.86,-1.0,13.0,14.0,13.666666666666666,14.0,1.0,0.0344930137164169,0.0049178068182323,0.0,0.0044779264566431,0.0,14.0,99.0,13.0,0.0,0.0,-1.0,14.0,-1.0,33.8,44.0,38.68333333333334,37.7,10.200000000000005,0.0972239634148961,0.0205218388862457,0.0,0.0375144874091244,-1.0,44.0,169.0,33.8,64.0,0.0,-1.0,37.7,71.0,2.0,1.0,1.0,0.0,240.0,2.0,11.98,9.43,11.98,0.0,-2.5500000000000007,-0.2128547579298832,1.0,0.0,240.0,2.0,140.7,139.8,140.7,0.0,-0.8999999999999773,-0.0063965884861405,1.0,0.0,240.0,2.0,3.66,3.86,3.86,240.0,0.1999999999999997,0.0546448087431693,1.0,0.0,240.0,2.0,17.5,24.4,24.4,240.0,6.899999999999999,0.3942857142857142,1.0,0.0,240.0,2.0,36.9,8.4,36.9,0.0,-28.5,-0.7723577235772358,1.0,0.0,240.0,2.0,7.322,7.365,7.365,240.0,0.0430000000000001,0.0058727123736684,1.0,0.0,240.0,2.0,0.076,0.011,0.076,0.0,-0.065,-0.855263157894737,1.0,0.0,240.0,2.0,2.7,1.7,2.7,0.0,-1.0000000000000002,-0.3703703703703704,1.0,0.0,240.0,2.0,488.6,84.4,488.6,0.0,-404.2000000000001,-0.8272615636512485,1.0,0.0,240.0,2.0,27.9,17.7,27.9,0.0,-10.2,-0.3655913978494624,1.0,0.0,240.0,2.0,0.98,6.27,6.27,240.0,5.289999999999999,5.397959183673469,1.0,0.0,240.0,2.0,108.4,88.1,108.4,0.0,-20.30000000000001,-0.187269372693727,1.0,0.0,240.0,2.0,284.3,292.2,292.2,240.0,7.899999999999977,0.0277875483644037,2.0,1.0,18.0,167.0,1.0,1.0,18.0,1.0,167.0,0.0,-1.0,0.0,-1.0,0.0,-1.0,4.0,0.0,18.0,,0.0,0.0,2.0,0.0,240.0,0.0,1.0,-19.5,19.5,-0.1873198847262248,-1,-4.400000000000002,4.400000000000002,-0.1973094170403588,-1,-12.099999999999994,12.099999999999994,-0.0873646209386281,-1,2.5,2.5,0.0316055625790139,1,0.7000000000000028,0.7000000000000028,0.0073221757322176,1,-0.2800000000000011,0.2800000000000011,-0.007539041464728,-1,1,1,0.0769230769230769,1,0,0,0.0,0,1,0,0,0,0,,0,0,56,10,0,0,0,0,0,1,0,0,0,1,112,0,46,3,0,0,0,0,1,0,0,1,0,1,0,1,0,0,0,0,0,0,0,0,0,0,0,0,0.0,0.0,0,0,1,0,0,0,0,0.751624548736462,1.0525783619818,59.400000000000006,98.9,41.33935018050541,14417.85,3866.274,0,1,0,1,0,0,2,1,2,0,0,0,2,5,1,,,,0,0,4,2,1
E000631,2026-05-13,70.7,16.0,147.6,66.6,96.9,0,37.09,14,31,Male,Hispanic/Latino,Sore Throat tonsils midline w/ bilateral exudate noted,5,8,Walk-in,0,0,0,0,0,96.8,7.431,138.6,3.87,13.1,9.3,0,0,87.3,15.9,101.6,74.5,96.5,0,37.06,15,38.7,16.6,-0.03,1,,,,,0,0,0,0,0,0,0,0,0,0,0,0,360,2,7.0,67.4,94.7,84.98571428571428,87.3,27.3,0.0932816319245217,-0.0176138270063597,0.0,0.0109937673130192,-1.0,94.7,204.0,67.4,183.0,0.0,-1.0,87.3,21.0,9.1,18.8,15.2,15.9,9.7,0.2144834860991866,-0.0139093285474621,0.0,0.0092018698060941,1.0,18.8,0.0,9.1,124.0,0.0,-1.0,15.9,37.0,101.6,140.9,125.42857142857144,101.6,39.30000000000001,0.0949887470432694,-0.0982396316959934,0.0,-0.1933864265927979,-1.0,140.9,183.0,101.6,240.0,101.6,-1.0,68.8,94.1,78.65714285714286,74.5,25.3,0.0963511059506595,-0.0038870898521323,0.0,-0.0131665512465375,-1.0,94.1,161.0,68.8,183.0,74.5,22.0,95.9,97.9,97.12857142857142,96.5,2.0,0.0068007813041311,0.0004666224493775,0.0,0.001056094182825,-1.0,97.9,204.0,95.9,124.0,0.0,-1.0,96.5,37.0,36.62,37.06,36.81,37.06,0.4400000000000048,0.0043563364614902,0.0005929148296983,0.0,-0.0003410664819944,1.0,37.06,240.0,36.62,204.0,37.06,-1.0,13.0,15.0,14.285714285714286,15.0,2.0,0.0489897948556635,0.0063321758807693,0.0,0.0010387811634348,0.0,15.0,124.0,13.0,0.0,0.0,-1.0,15.0,59.0,30.5,38.7,34.31428571428571,38.7,8.200000000000003,0.0756488583935087,0.0146096523740781,0.0,0.0312932825484764,1.0,38.7,240.0,30.5,183.0,0.0,-1.0,38.7,-1.0,0.0,0.0,0.0,,,,,,,,,,0.0,,,,,,,,,,0.0,,,,,,,,,,0.0,,,,,,,,,,0.0,,,,,,,,,,0.0,,,,,,,,,,0.0,,,,,,,,,,0.0,,,,,,,,,,0.0,,,,,,,,,,0.0,,,,,,,,,,0.0,,,,,,,,,,0.0,,,,,,,,,,0.0,,,,,,,,,,0.0,0.0,-1.0,-1.0,0.0,0.0,-1.0,0.0,-1.0,0.0,-1.0,0.0,-1.0,0.0,-1.0,0.0,0.0,,,0.0,0.0,2.0,0.0,183.0,1.0,0.0,16.599999999999994,16.599999999999994,0.2347949080622347,1,-0.0999999999999996,0.0999999999999996,-0.0062499999999999,-1,-46.0,46.0,-0.3116531165311653,-1,7.900000000000006,7.900000000000006,0.1186186186186187,1,-0.4000000000000057,0.4000000000000057,-0.0041279669762642,-1,-0.0300000000000011,0.0300000000000011,-0.0008088433540038,-1,1,1,0.0714285714285714,1,0,0,0.0,0,3,0,0,0,0,,0,0,54,8,0,0,0,0,0,1,0,0,0,1,112,0,50,1,0,1,0,0,0,0,0,0,0,0,1,0,0,0,0,0,0,0,0,0,0,0,1,0,0.1111111111111111,0.0,0,1,1,0,0,0,0,0.4789972899728997,0.7553418803418805,81.0,93.6,14.848915989159892,10435.32,2622.2630000000004,0,0,0,0,0,0,0,0,0,0,0,0,1,1,0,,,,0,0,0,1,0
E001001,2026-05-14,72.1,22.6,136.8,65.4,96.2,0,36.51,14,26,Male,White,"""I either have bronchitis or a lung infection"".",5,3,Walk-in,0,0,0,0,0,78.2,7.378,136.1,4.19,12.2,11.5,0,0,74.4,18.5,118.4,66.4,98.2,0,36.85,12,34.3,2.3,0.34,-2,,,,,0,1,0,0,0,0,0,0,0,0,0,0,361,3,9.0,65.9,89.0,77.23333333333333,74.4,23.099999999999994,0.106667125205629,-0.0270011906786866,0.3068221070811741,-0.1034330906803266,1.0,89.0,70.0,65.9,21.0,0.0,-1.0,72.5,65.0,9.7,18.5,14.255555555555556,18.5,8.8,0.2028807368437263,0.0080178034813177,0.1096718480138169,0.0240406219106677,1.0,18.5,240.0,9.7,70.0,0.0,-1.0,16.05,-1.0,114.8,141.6,127.96666666666668,118.4,26.8,0.070541780781929,-0.0475795203265858,0.0335924006908462,0.0195785027410807,-1.0,141.6,48.0,114.8,100.0,126.95,119.0,61.3,88.6,78.47777777777779,66.4,27.3,0.1140476379129455,0.0233667857345354,-0.0373056994818654,-0.0148198076750243,-1.0,88.6,219.0,61.3,21.0,77.5,27.0,97.0,98.2,97.75555555555556,98.2,1.2000000000000028,0.004422613425402,0.0031530305607531,-0.0118307426597579,0.0049609059045569,-1.0,98.2,240.0,97.0,48.0,0.0,-1.0,98.15,-1.0,36.24,36.9,36.60444444444445,36.85,0.6599999999999966,0.0065932969953906,0.0006358791177638,0.0073488773747841,0.0015165812887572,-1.0,36.9,21.0,36.24,172.0,36.82,49.0,12.0,15.0,14.22222222222222,12.0,3.0,0.0724501444960601,-0.0026421727051085,-0.0414507772020725,-0.0088074054102632,-1.0,15.0,0.0,12.0,240.0,1.0,240.0,13.5,-1.0,32.2,38.0,34.87777777777778,34.3,5.799999999999997,0.0510174213070265,0.0059029313375291,-0.0117443868739203,0.0016626224498968,-1.0,38.0,219.0,32.2,21.0,0.0,-1.0,36.15,27.0,0.0,0.0,0.0,,,,,,,,,,0.0,,,,,,,,,,0.0,,,,,,,,,,0.0,,,,,,,,,,0.0,,,,,,,,,,0.0,,,,,,,,,,0.0,,,,,,,,,,0.0,,,,,,,,,,0.0,,,,,,,,,,0.0,,,,,,,,,,0.0,,,,,,,,,,0.0,,,,,,,,,,0.0,,,,,,,,,,1.0,1.0,35.0,35.0,1.0,1.0,35.0,0.0,-1.0,0.0,-1.0,0.0,-1.0,0.0,-1.0,4.0,0.0,,,1.0,0.0,3.0,240.0,219.0,0.0,0.0,2.300000000000012,2.300000000000012,0.0319001386962553,1,-4.100000000000001,4.100000000000001,-0.1814159292035398,-1,-18.40000000000001,18.40000000000001,-0.1345029239766082,-1,1.0,1.0,0.0152905198776758,1,2.0,2.0,0.0207900207900207,1,0.3400000000000034,0.3400000000000034,0.0093125171185977,1,-2,2,-0.1428571428571428,-1,0,0,0.0,0,3,1,1,0,0,,0,0,47,8,0,0,0,0,0,1,0,0,0,1,111,0,49,3,0,0,0,0,0,0,0,0,0,0,1,0,0,0,0,0,0,0,0,0,0,0,0,0,0.0,0.0,0,1,1,0,0,0,0,0.5270467836257309,0.8082959641255605,71.4,89.2,13.703216374269005,9863.28,2632.371,0,0,0,0,0,0,0,0,2,0,0,0,1,3,0,,,,0,0,0,1,0
E001399,2026-05-13,123.9,25.6,121.1,78.7,93.8,0,38.28,12,52,Male,White,Nausea/vomiting. Festival attendee from beach shuttle stop with symptom onset ~118 minutes before arrival.,2,6,EMS,0,0,1,0,0,122.9,7.298,133.1,4.28,13.7,16.6,1,1,112.9,17.2,112.2,73.0,95.4,0,37.97,13,42.1,-11.0,-0.31,1,1.62,350.1,7.362,0.08,1,0,0,0,1,1,1,0,0,0,0,1,360,2,8.0,91.3,129.5,110.4375,112.9,38.2,0.1061084775854461,-0.0962394824628935,0.0,-0.0569405284899348,1.0,129.5,0.0,91.3,220.0,0.0,-1.0,104.06666666666668,20.0,17.2,27.2,21.1375,17.2,10.0,0.1412548106319521,-0.011086800912983,0.0,-0.0485779621008457,-1.0,27.2,83.0,17.2,240.0,1.0,83.0,19.433333333333334,79.0,112.2,136.1,122.3,112.2,23.89999999999999,0.0597676431024513,0.0302570128168762,0.0,0.0282473280440628,-1.0,136.1,176.0,112.2,240.0,122.2,51.0,69.2,85.4,76.6,73.0,16.200000000000003,0.0720119159493351,-0.0299501640938376,0.0,-0.0305578322732933,-1.0,85.4,83.0,69.2,163.0,77.8,57.0,92.4,96.8,95.2,95.4,4.399999999999992,0.0153932257245302,0.0146358197263749,0.0,0.0096903481738905,-1.0,96.8,227.0,92.4,0.0,0.0,-1.0,96.26666666666664,-1.0,37.09,38.16,37.6625,37.97,1.0699999999999932,0.0086228881890252,-0.0026948124738328,0.0,-0.0019722477214608,1.0,38.16,0.0,37.09,227.0,37.54,13.0,9.0,13.0,11.5,13.0,4.0,0.1064995540340512,0.0038356090379913,0.0,0.0049750836010753,1.0,13.0,220.0,9.0,176.0,6.0,0.0,12.333333333333334,44.0,35.4,44.8,41.1,42.1,9.4,0.0786343679376754,-0.0124857177585998,0.0,-0.0185659956724147,1.0,44.8,83.0,35.4,163.0,0.0,-1.0,40.6,13.0,3.0,1.0,1.0,0.0,240.0,3.0,14.72,3.63,14.72,0.0,-11.09,-0.7533967391304347,1.0,0.0,240.0,3.0,139.9,136.1,143.8,120.0,-3.8000000000000114,-0.0271622587562545,1.0,0.0,240.0,3.0,4.54,4.14,4.54,0.0,-0.4000000000000003,-0.0881057268722467,1.0,0.0,240.0,3.0,16.8,23.4,23.4,240.0,6.599999999999998,0.3928571428571427,1.0,0.0,240.0,3.0,27.0,45.7,65.6,120.0,18.700000000000003,0.6925925925925926,1.0,0.0,240.0,3.0,7.326,7.362,7.362,240.0,0.0360000000000004,0.0049140049140049,1.0,0.0,240.0,3.0,0.099,0.08,0.099,0.0,-0.019,-0.1919191919191919,1.0,0.0,240.0,3.0,4.25,1.62,4.25,0.0,-2.63,-0.6188235294117647,1.0,0.0,240.0,3.0,750.4,350.1,750.4,0.0,-400.3,-0.5334488272921108,1.0,0.0,240.0,3.0,27.8,18.9,27.8,0.0,-8.900000000000002,-0.3201438848920864,1.0,0.0,240.0,3.0,6.19,3.75,7.27,120.0,-2.4400000000000004,-0.3941841680129241,1.0,0.0,240.0,3.0,110.4,124.3,126.4,120.0,13.899999999999991,0.1259057971014492,1.0,0.0,240.0,3.0,284.5,290.8,296.3,120.0,6.300000000000011,0.0221441124780316,3.0,1.0,69.0,168.0,0.0,0.0,-1.0,1.0,164.0,0.0,-1.0,0.0,-1.0,0.0,-1.0,2.0,0.0,69.0,,7.0,220.0,3.0,176.0,220.0,1.0,0.0,-11.0,11.0,-0.0887812752219531,-1,-8.400000000000002,8.400000000000002,-0.328125,-1,-8.899999999999991,8.899999999999991,-0.0734929810074318,-1,-5.700000000000003,5.700000000000003,-0.0724269377382465,-1,1.6000000000000083,1.6000000000000083,0.0170575692963753,1,-0.3100000000000023,0.3100000000000023,-0.008098223615465,-1,1,1,0.0833333333333333,1,0,0,0.0,0,1,0,0,0,0,118.0,1,1,106,14,0,0,0,0,1,0,0,1,0,0,254,0,48,3,0,0,0,0,1,1,0,0,1,0,1,0,0,0,0,1,0,0,0,0,0,0,0,0,0.0,0.0,0,0,0,1,1,0,1,1.023121387283237,1.3346499102333933,42.39999999999999,92.83333333333331,53.20231213872832,15004.29,4742.892000000001,0,1,0,1,1,0,3,2,3,0,1,2,2,10,1,0.0847457627118644,1.05,4.77912349311153,0,0,1,3,1
E002023,2026-05-15,83.3,17.0,123.9,74.4,97.3,0,37.29,13,61,Female,White,Chest pain. Festival attendee from main stage with symptom onset ~70 minutes before arrival.,4,7,Walk-in,0,1,1,0,0,109.3,7.359,136.2,3.77,13.8,12.8,1,1,81.8,22.9,160.3,86.3,98.7,0,36.8,14,33.1,-1.5,-0.49,1,2.2,158.2,7.405,0.009,1,1,0,0,0,0,0,0,0,0,0,1,362,4,7.0,61.2,104.0,82.82857142857142,81.8,42.8,0.1653152437032939,0.0738010705702425,0.2799999999999993,-0.0279921426858734,-1.0,104.0,67.0,61.2,0.0,0.0,-1.0,81.8,1.0,8.6,22.9,15.52857142857143,22.9,14.3,0.2902626046786292,0.0445570242516932,-0.0955555555555555,0.0361952893004038,1.0,22.9,240.0,8.6,45.0,0.0,-1.0,22.9,-1.0,108.5,160.3,128.65714285714284,160.3,51.80000000000001,0.1384400489824439,0.2153785230500325,0.5066666666666665,0.2657413726321999,-1.0,160.3,240.0,108.5,68.0,160.3,-1.0,59.4,86.3,73.88571428571429,86.3,26.9,0.1025671198204188,0.0502840288398513,-0.1644444444444445,0.1063605511186526,1.0,86.3,240.0,59.4,67.0,86.3,1.0,96.1,100.0,97.62857142857143,98.7,3.9000000000000057,0.0137391800928364,0.0088731701988203,-0.0533333333333335,0.0144806979360714,1.0,100.0,145.0,96.1,45.0,0.0,-1.0,98.7,100.0,36.77,36.97,36.83285714285714,36.8,0.1999999999999957,0.0017517883552164,-0.0002179375136552,0.0039999999999999,-0.0001256063596289,-1.0,36.97,45.0,36.77,86.0,36.8,22.0,13.0,15.0,14.0,14.0,2.0,0.0381801774160606,-0.0039600174786978,-0.0222222222222222,-0.001097441761809,1.0,15.0,0.0,13.0,145.0,0.0,-1.0,14.0,95.0,30.6,39.1,34.91428571428572,33.1,8.5,0.0788320430690166,-0.0042467773650863,0.1111111111111109,-0.0288719405352565,-1.0,39.1,68.0,30.6,0.0,0.0,-1.0,33.1,77.0,2.0,1.0,1.0,120.0,240.0,2.0,5.05,11.39,11.39,240.0,6.340000000000001,1.2554455445544557,1.0,120.0,240.0,2.0,139.6,133.8,139.6,120.0,-5.799999999999983,-0.0415472779369626,1.0,120.0,240.0,2.0,4.65,4.37,4.65,120.0,-0.2800000000000002,-0.0602150537634409,1.0,120.0,240.0,2.0,24.3,21.1,24.3,120.0,-3.2,-0.1316872427983538,1.0,120.0,240.0,2.0,19.1,49.2,49.2,240.0,30.1,1.5759162303664922,1.0,120.0,240.0,2.0,7.358,7.405,7.405,240.0,0.0470000000000006,0.0063876053275347,1.0,120.0,240.0,2.0,0.04,0.009,0.04,120.0,-0.031,-0.775,1.0,120.0,240.0,2.0,2.31,2.2,2.31,120.0,-0.1099999999999998,-0.0476190476190475,1.0,120.0,240.0,2.0,337.2,158.2,337.2,120.0,-179.0,-0.5308422301304864,1.0,120.0,240.0,2.0,13.6,7.8,13.6,120.0,-5.8,-0.4264705882352941,1.0,120.0,240.0,2.0,4.63,1.69,4.63,120.0,-2.94,-0.6349892008639308,1.0,120.0,240.0,2.0,96.7,97.5,97.5,240.0,0.7999999999999972,0.0082730093071354,1.0,120.0,240.0,2.0,280.8,283.3,283.3,240.0,2.5,0.0089031339031339,2.0,1.0,24.0,69.0,1.0,1.0,69.0,1.0,24.0,0.0,-1.0,0.0,-1.0,0.0,-1.0,4.0,0.0,-96.0,,0.0,0.0,3.0,145.0,240.0,0.0,0.0,-1.5,1.5,-0.0180072028811524,-1,5.899999999999999,5.899999999999999,0.3470588235294117,1,36.400000000000006,36.400000000000006,0.2937853107344633,1,11.899999999999991,11.899999999999991,0.1599462365591396,1,1.4000000000000057,1.4000000000000057,0.0143884892086331,1,-0.490000000000002,0.490000000000002,-0.0131402520783052,-1,1,1,0.0769230769230769,1,0,0,0.0,0,0,0,0,0,0,70.0,1,1,92,14,1,0,0,0,0,0,0,1,0,0,209,1,42,2,0,0,0,0,1,0,0,0,0,0,0,0,0,1,0,0,0,0,0,0,0,0,0,0,0.0,0.0,0,0,1,0,0,0,0,0.6723163841807909,0.9163916391639162,49.5,90.9,41.01129943502824,10320.87,3106.257,0,0,0,1,0,0,1,0,0,0,0,0,2,2,0,0.0285714285714285,1.19,4.262679877041316,0,0,2,0,1
E001663,2026-05-13,145.3,39.8,101.3,76.4,93.4,1,37.74,11,48,Female,Hispanic/Latino,Altered mental status. Festival attendee from beach shuttle stop with symptom onset ~157 minutes before arrival.,2,5,EMS,0,0,0,0,1,115.7,7.316,143.6,4.54,13.5,14.4,1,1,133.2,23.2,127.4,62.7,93.4,0,38.01,13,37.8,-12.1,0.27,2,2.7,951.7,7.324,0.113,0,1,1,0,0,0,0,1,0,0,0,1,360,2,6.0,102.4,133.2,121.08333333333331,133.2,30.799999999999983,0.0922514362750769,0.040299615734467,-0.4924870466321248,0.2151738576369921,1.0,133.2,240.0,102.4,93.0,2.0,0.0,133.2,90.0,22.8,28.3,25.33333333333333,23.2,5.5,0.0765310032590309,-0.0117343926933858,-0.0716876387860842,-0.0137174585836519,-1.0,28.3,30.0,22.8,41.0,4.0,0.0,23.2,52.0,97.9,133.3,120.2,127.4,35.400000000000006,0.1008281484671077,0.0805776977482413,-0.1384900074019232,0.0476151465501546,-1.0,133.3,183.0,97.9,41.0,127.4,-1.0,62.7,85.2,71.76666666666667,62.7,22.5,0.1287942720544151,-0.0584024206872226,-0.4601036269430052,-0.1509648643728381,1.0,85.2,0.0,62.7,240.0,62.7,-1.0,92.9,94.3,93.53333333333332,93.4,1.3999999999999917,0.00503996280247,-0.000500473370584,-0.0329385640266458,-0.0033952302931006,1.0,94.3,0.0,92.9,30.0,0.0,-1.0,93.4,63.0,37.41,38.01,37.81166666666667,38.01,0.6000000000000014,0.0050582387907443,0.001127884311942,-0.0090821613619538,0.0004250864736936,1.0,38.01,240.0,37.41,41.0,38.01,52.0,12.0,13.0,12.5,13.0,1.0,0.04,0.000879912380033,-0.0262768319763138,-0.0010012743491717,1.0,13.0,0.0,12.0,30.0,3.0,30.0,13.0,63.0,37.8,48.4,43.53333333333334,37.8,10.6,0.0753346026110189,-0.0251558410217378,-0.0443375277572165,-0.0289459311851447,-1.0,48.4,30.0,37.8,240.0,0.0,-1.0,37.8,-1.0,3.0,1.0,1.0,0.0,240.0,3.0,8.92,7.88,10.34,120.0,-1.04,-0.116591928251121,1.0,0.0,240.0,3.0,140.7,139.4,140.7,0.0,-1.299999999999983,-0.0092395167022031,1.0,0.0,240.0,3.0,4.56,4.55,4.56,0.0,-0.0099999999999997,-0.0021929824561403,1.0,0.0,240.0,3.0,19.4,19.4,19.6,120.0,0.0,0.0,1.0,0.0,240.0,3.0,61.9,48.7,61.9,0.0,-13.199999999999996,-0.2132471728594506,1.0,0.0,240.0,3.0,7.342,7.324,7.342,0.0,-0.0179999999999997,-0.0024516480523017,1.0,0.0,240.0,3.0,0.08,0.113,0.113,240.0,0.033,0.4125,1.0,0.0,240.0,3.0,2.07,2.7,3.07,120.0,0.6300000000000003,0.3043478260869567,1.0,0.0,240.0,3.0,668.9,951.7,951.7,240.0,282.80000000000007,0.4227836746897893,1.0,0.0,240.0,3.0,26.2,11.7,26.2,0.0,-14.5,-0.5534351145038168,1.0,0.0,240.0,3.0,3.51,6.58,6.58,240.0,3.0700000000000003,0.8746438746438748,1.0,0.0,240.0,3.0,120.0,114.7,131.6,120.0,-5.299999999999997,-0.0441666666666666,1.0,0.0,240.0,3.0,286.6,297.0,297.0,240.0,10.399999999999975,0.0362875087229587,3.0,1.0,50.0,143.0,2.0,1.0,143.0,0.0,-1.0,0.0,-1.0,1.0,51.0,1.0,50.0,5.0,0.0,50.0,143.0,9.0,147.0,1.0,30.0,240.0,1.0,0.0,-12.100000000000025,12.100000000000025,-0.0832759807295252,-1,-16.599999999999998,16.599999999999998,-0.4170854271356783,-1,26.10000000000001,26.10000000000001,0.2576505429417572,1,-13.700000000000005,13.700000000000005,-0.1793193717277487,-1,0.0,0.0,0.0,0,0.269999999999996,0.269999999999996,0.0071542130365658,1,2,2,0.1818181818181818,1,-1,1,-1.0,-1,0,0,0,0,1,157.0,1,1,112,16,0,0,0,0,1,0,0,1,0,0,253,0,46,3,0,0,1,0,0,0,0,1,0,1,0,0,1,0,0,0,0,0,0,0,0,0,0,0,0.0,0.1052631578947368,0,0,0,1,0,0,1,1.4343534057255678,1.7154663518299882,24.89999999999999,84.7,68.84896347482726,14718.89,5483.622,0,0,0,1,1,0,2,3,3,1,1,0,3,11,1,0.0700636942675159,0.9254777070063696,5.062595033026967,0,0,1,2,1
E002130,2026-05-14,89.7,10.0,108.6,66.3,97.2,0,37.22,13,46,Male,Hispanic/Latino,Anxiety/panic. Festival attendee from main stage with symptom onset ~246 minutes before arrival.,5,3,Walk-in,0,1,1,0,0,86.7,7.438,137.2,3.98,13.8,5.6,1,1,79.9,12.3,141.1,89.4,98.0,0,36.67,14,31.5,-9.8,-0.55,1,2.14,240.7,7.446,0.051,1,0,0,0,0,0,0,0,0,0,0,1,361,3,8.0,64.6,88.9,79.4875,79.9,24.30000000000001,0.093605958108981,0.0402560985918365,0.0,-0.0240733233677066,-1.0,88.9,74.0,64.6,0.0,0.0,-1.0,78.9,39.0,8.5,16.0,11.9625,12.3,7.5,0.1771799356234202,0.0177015836372062,0.0,0.0217461805467582,-1.0,16.0,219.0,8.5,74.0,0.0,-1.0,14.15,21.0,118.3,141.1,131.55,141.1,22.8,0.0504939334674675,0.0505329800536912,0.0,0.0910151004585872,1.0,141.1,240.0,118.3,74.0,139.14999999999998,38.0,70.5,89.4,81.4625,89.4,18.90000000000001,0.0795594830880418,0.0032859087477516,0.0,0.0538105855228151,1.0,89.4,240.0,70.5,131.0,87.85,88.0,96.0,99.4,97.25,98.0,3.4000000000000057,0.0107846668192303,0.0031818486552342,0.0,0.0070637715675589,1.0,99.4,131.0,96.0,113.0,0.0,-1.0,97.4,47.0,36.49,36.84,36.6575,36.67,0.3500000000000014,0.0027542549964275,-0.0002700898647802,0.0,-0.0004966556031317,-1.0,36.84,74.0,36.49,178.0,36.695,38.0,14.0,15.0,14.5,14.0,1.0,0.0344827586206896,-0.0001282533353154,0.0,0.0031353720641515,0.0,15.0,0.0,14.0,74.0,0.0,-1.0,14.5,57.0,31.0,41.4,35.45,31.5,10.4,0.0993132115220532,-0.0285783409265137,0.0,-0.0303466011300008,-1.0,41.4,112.0,31.0,131.0,0.0,-1.0,33.45,88.0,2.0,1.0,1.0,0.0,240.0,2.0,5.6,3.2,5.6,0.0,-2.3999999999999995,-0.4285714285714285,1.0,0.0,240.0,2.0,140.7,139.2,140.7,0.0,-1.5,-0.0106609808102345,1.0,0.0,240.0,2.0,3.54,4.12,4.12,240.0,0.5800000000000001,0.1638418079096045,1.0,0.0,240.0,2.0,24.0,23.4,24.0,0.0,-0.6000000000000014,-0.025,1.0,0.0,240.0,2.0,34.4,25.5,34.4,0.0,-8.899999999999999,-0.2587209302325581,1.0,0.0,240.0,2.0,7.422,7.446,7.446,240.0,0.024,0.0032336297493936,1.0,0.0,240.0,2.0,0.029,0.051,0.051,240.0,0.0219999999999999,0.7586206896551723,1.0,0.0,240.0,2.0,1.22,2.14,2.14,240.0,0.9200000000000002,0.7540983606557379,1.0,0.0,240.0,2.0,341.8,240.7,341.8,0.0,-101.10000000000002,-0.2957870099473377,1.0,0.0,240.0,2.0,5.7,25.5,25.5,240.0,19.8,3.473684210526316,1.0,0.0,240.0,2.0,3.64,2.83,3.64,0.0,-0.81,-0.2225274725274725,1.0,0.0,240.0,2.0,115.2,83.6,115.2,0.0,-31.60000000000001,-0.2743055555555556,1.0,0.0,240.0,2.0,296.0,283.3,296.0,0.0,-12.699999999999989,-0.0429054054054053,1.0,1.0,63.0,63.0,0.0,0.0,-1.0,1.0,63.0,0.0,-1.0,0.0,-1.0,0.0,-1.0,2.0,0.0,63.0,,0.0,0.0,4.0,74.0,219.0,1.0,0.0,-9.799999999999995,9.799999999999995,-0.1092530657748048,-1,2.3000000000000007,2.3000000000000007,0.23,1,32.5,32.5,0.2992633517495396,1,23.10000000000001,23.10000000000001,0.3484162895927603,1,0.7999999999999972,0.7999999999999972,0.008230452674897,1,-0.5499999999999972,0.5499999999999972,-0.0147770016120364,-1,1,1,0.0769230769230769,1,0,0,0.0,0,1,0,0,0,0,246.0,1,1,96,13,1,0,0,0,0,0,0,0,1,0,248,0,41,3,0,0,0,0,0,0,0,1,0,0,0,0,0,0,0,0,0,0,0,0,0,0,0,0,0.0,0.0,0,1,1,0,0,0,0,0.8259668508287293,1.1156716417910448,42.3,80.39999999999999,37.99447513812155,9741.42,3338.634,0,0,0,0,0,0,0,0,1,1,0,0,2,4,0,0.016260162601626,0.3646341463414634,5.5093883366279774,0,1,2,0,2
E001455,2026-05-11,111.6,23.6,120.0,81.5,93.7,1,37.59,11,75,Male,Black,w sudden weakness while ambulating towards a boat ride followed w syncope.,2,6,Walk-in,1,1,0,1,0,115.1,7.41,134.4,4.09,11.6,10.5,0,0,111.9,17.0,120.7,79.7,97.2,0,37.33,13,44.3,0.3,-0.26,2,1.8,397.6,7.316,0.04,1,1,0,0,0,0,0,0,0,0,0,1,358,0,7.0,76.9,111.9,96.21428571428572,111.9,35.0,0.1322842377156784,0.0547799166257971,0.4883720930232557,-0.0039595547625116,1.0,111.9,240.0,76.9,0.0,0.0,-1.0,111.9,-1.0,15.8,24.7,19.7,17.0,8.899999999999999,0.146418325907167,-0.017390571358509,0.0744186046511626,-0.0013892429263319,-1.0,24.7,43.0,15.8,137.0,1.0,43.0,17.0,70.0,101.2,122.4,116.15714285714289,120.7,21.200000000000003,0.0637049017038887,0.0260896885728302,-0.4534883720930235,0.0143852493839745,1.0,122.4,84.0,101.2,43.0,120.7,19.0,66.6,85.3,77.07142857142857,79.7,18.700000000000003,0.0702729696830882,0.039072155468367,0.0093023255813953,0.0519118021921998,-1.0,85.3,207.0,66.6,84.0,79.7,33.0,95.2,97.3,96.24285714285716,97.2,2.0999999999999943,0.008547531571256,0.0035418710152037,-0.0418604651162793,0.0103194833885631,1.0,97.3,0.0,95.2,84.0,0.0,-1.0,97.2,123.0,36.76,37.51,37.22857142857142,37.33,0.75,0.0061545292361752,-0.0011581351152524,-0.0013953488372094,-0.002328999915031,1.0,37.51,62.0,36.76,207.0,37.33,33.0,12.0,14.0,12.857142857142858,13.0,2.0,0.0496903994999953,-0.0023724865129965,-0.0232558139534884,0.0030163990143597,1.0,14.0,0.0,12.0,84.0,2.0,84.0,13.0,123.0,35.1,44.9,40.457142857142856,44.3,9.799999999999995,0.0918391407113874,0.0053218489455616,0.1720930232558136,-0.0137522304358909,1.0,44.9,84.0,35.1,0.0,0.0,-1.0,44.3,53.0,2.0,1.0,1.0,120.0,240.0,2.0,9.15,7.52,9.15,120.0,-1.6300000000000008,-0.1781420765027323,1.0,120.0,240.0,2.0,138.4,134.0,138.4,120.0,-4.400000000000006,-0.0317919075144509,1.0,120.0,240.0,2.0,4.26,4.46,4.46,240.0,0.2000000000000001,0.0469483568075117,1.0,120.0,240.0,2.0,22.5,20.3,22.5,120.0,-2.2,-0.0977777777777777,1.0,120.0,240.0,2.0,36.0,53.4,53.4,240.0,17.4,0.4833333333333333,1.0,120.0,240.0,2.0,7.343,7.316,7.343,120.0,-0.0270000000000001,-0.0036769712651505,1.0,120.0,240.0,2.0,0.069,0.04,0.069,120.0,-0.029,-0.4202898550724638,1.0,120.0,240.0,2.0,2.64,1.8,2.64,120.0,-0.8400000000000001,-0.3181818181818182,1.0,120.0,240.0,2.0,390.0,397.6,397.6,240.0,7.600000000000023,0.0194871794871795,1.0,120.0,240.0,2.0,19.5,1.0,19.5,120.0,-18.5,-0.9487179487179488,1.0,120.0,240.0,2.0,2.02,0.1,2.02,120.0,-1.92,-0.9504950495049505,1.0,120.0,240.0,2.0,120.1,117.6,120.1,120.0,-2.5,-0.0208159866777685,1.0,120.0,240.0,2.0,295.3,290.5,295.3,120.0,-4.800000000000011,-0.0162546562817474,2.0,1.0,133.0,173.0,0.0,1.0,133.0,1.0,173.0,0.0,-1.0,0.0,-1.0,0.0,-1.0,4.0,0.0,13.0,,3.0,123.0,4.0,84.0,207.0,1.0,0.0,0.3000000000000113,0.3000000000000113,0.0026881720430108,1,-6.600000000000001,6.600000000000001,-0.2796610169491526,-1,0.7000000000000028,0.7000000000000028,0.0058333333333333,1,-1.7999999999999972,1.7999999999999972,-0.0220858895705521,-1,3.5,3.5,0.0373532550693703,1,-0.2600000000000051,0.2600000000000051,-0.0069167331737165,-1,2,2,0.1818181818181818,1,-1,1,-1.0,-1,1,0,0,0,1,,0,0,74,12,0,0,0,0,0,1,0,0,0,1,115,0,44,3,1,0,0,0,0,0,0,0,1,0,0,0,0,0,0,0,0,0,0,0,0,0,0,0,0.0,0.0,0,1,1,0,0,0,1,0.93,1.1830388692579503,38.5,94.33333333333331,69.75,13392.0,4195.044,0,1,0,0,0,0,1,2,2,0,1,0,3,8,1,,,,0,0,3,2,1
E001476,2026-05-11,86.5,17.8,142.5,82.8,97.7,0,36.92,13,24,Male,Black,Headache. Festival attendee from beach shuttle stop with symptom onset ~221 minutes before arrival.,5,3,EMS,0,0,0,0,0,105.7,7.408,137.4,4.02,13.6,9.4,1,1,76.6,11.9,118.1,85.7,97.5,0,36.31,14,32.5,-9.9,-0.61,1,0.88,205.9,7.365,0.036,0,0,0,0,0,0,0,0,0,0,0,1,358,0,7.0,52.7,81.6,74.54285714285713,76.6,28.89999999999999,0.1235393973222742,-0.0529697353062011,0.2060606060606053,-0.0867925214607882,1.0,81.6,33.0,52.7,202.0,0.0,-1.0,76.6,38.0,11.2,14.1,13.000000000000002,11.9,2.9000000000000004,0.0767029818312753,-0.0107250223349658,0.0090909090909089,-0.0130183326058489,1.0,14.1,33.0,11.2,202.0,0.0,-1.0,11.9,-1.0,113.4,141.6,124.54285714285712,118.1,28.19999999999999,0.0727100740030195,0.0281743366352126,-0.0575757575757575,-0.0924535622484113,-1.0,141.6,102.0,113.4,33.0,118.1,25.0,63.3,85.7,75.87142857142858,85.7,22.40000000000001,0.0895220042355177,0.0095737119082864,0.2212121212121209,0.0111317231679521,1.0,85.7,240.0,63.3,202.0,85.7,-1.0,96.2,98.5,97.37142857142857,97.5,2.299999999999997,0.0075610908020687,0.0035527268221743,0.0212121212121202,0.006720743004026,-1.0,98.5,202.0,96.2,96.0,0.0,-1.0,97.5,38.0,36.31,36.92,36.621428571428574,36.31,0.6099999999999994,0.0053178523699479,-0.0001082512210867,0.0051515151515151,-0.0027221252243075,-1.0,36.92,102.0,36.31,240.0,36.31,138.0,13.0,15.0,14.142857142857142,14.0,2.0,0.0451730904545412,-0.0003260578948398,-0.0303030303030303,0.0060623696590523,0.0,15.0,0.0,13.0,102.0,0.0,-1.0,14.0,25.0,27.7,39.7,35.68571428571429,32.5,12.000000000000004,0.1085761230398991,-0.034087070500238,0.0090909090909088,-0.0648746301954506,1.0,39.7,102.0,27.7,202.0,1.0,202.0,32.5,38.0,1.0,1.0,1.0,240.0,240.0,1.0,1.7,1.7,1.7,240.0,0.0,0.0,1.0,240.0,240.0,1.0,139.7,139.7,139.7,240.0,0.0,0.0,1.0,240.0,240.0,1.0,3.47,3.47,3.47,240.0,0.0,0.0,1.0,240.0,240.0,1.0,21.4,21.4,21.4,240.0,0.0,0.0,1.0,240.0,240.0,1.0,22.2,22.2,22.2,240.0,0.0,0.0,1.0,240.0,240.0,1.0,7.365,7.365,7.365,240.0,0.0,0.0,1.0,240.0,240.0,1.0,0.036,0.036,0.036,240.0,0.0,0.0,1.0,240.0,240.0,1.0,0.88,0.88,0.88,240.0,0.0,0.0,1.0,240.0,240.0,1.0,205.9,205.9,205.9,240.0,0.0,0.0,1.0,240.0,240.0,1.0,4.7,4.7,4.7,240.0,0.0,0.0,1.0,240.0,240.0,1.0,2.14,2.14,2.14,240.0,0.0,0.0,1.0,240.0,240.0,1.0,80.9,80.9,80.9,240.0,0.0,0.0,1.0,240.0,240.0,1.0,287.5,287.5,287.5,240.0,0.0,0.0,0.0,0.0,-1.0,-1.0,0.0,0.0,-1.0,0.0,-1.0,0.0,-1.0,0.0,-1.0,0.0,-1.0,0.0,0.0,,,1.0,38.0,4.0,102.0,202.0,1.0,0.0,-9.900000000000006,9.900000000000006,-0.1144508670520231,-1,-5.9,5.9,-0.3314606741573034,-1,-24.40000000000001,24.40000000000001,-0.1712280701754386,-1,2.9000000000000057,2.9000000000000057,0.035024154589372,1,-0.2000000000000028,0.2000000000000028,-0.0020470829068577,-1,-0.6099999999999994,0.6099999999999994,-0.016522210184182,-1,1,1,0.0769230769230769,1,0,0,0.0,0,3,0,0,0,0,221.0,1,1,99,14,0,0,0,0,1,0,0,0,1,0,207,0,39,2,0,0,0,0,1,0,0,0,0,0,0,0,0,0,0,0,0,0,0,0,0,0,0,0,0.0,0.0,0,1,1,0,0,0,0,0.6070175438596491,0.8422590068159688,59.7,102.7,14.568421052631578,12326.25,3193.58,0,0,0,0,0,0,0,0,0,0,0,0,2,2,0,0.0090497737556561,0.3914027149321267,5.402677381872279,0,1,0,1,1
E001000,2026-05-15,124.4,37.5,132.9,66.3,91.0,1,39.09,9,22,Non-binary,White,Altered mental status. Festival attendee from VIP tent with symptom onset ~61 minutes before arrival.,1,7,Festival Medical Tent Transfer,0,0,0,0,0,169.5,7.317,137.0,5.66,15.8,20.2,1,1,118.4,27.0,127.3,75.5,93.3,1,37.96,11,38.9,-6.0,-1.13,2,5.37,1456.1,7.299,0.149,1,0,0,0,0,0,0,0,0,0,0,1,362,4,6.0,118.4,138.5,131.75000000000003,118.4,20.099999999999994,0.0486967803216828,-0.0431758439402318,0.1285714285714267,-0.0982409381663113,-1.0,138.5,140.0,118.4,240.0,5.0,0.0,118.4,-1.0,26.0,31.7,28.816666666666663,27.0,5.699999999999999,0.0740334911454003,-0.014001106806862,-0.157142857142857,-0.0221519951264087,1.0,31.7,0.0,26.0,144.0,6.0,0.0,27.0,-1.0,103.0,132.6,119.53333333333332,127.3,29.599999999999994,0.0982584870857335,0.1048353624792477,0.2428571428571424,0.1245354858361257,-1.0,132.6,144.0,103.0,80.0,127.3,-1.0,64.7,79.4,73.45,75.5,14.700000000000005,0.085850937277333,-0.0143296900940784,0.0642857142857137,0.0613844045080719,1.0,79.4,28.0,64.7,80.0,75.5,60.0,90.9,93.3,91.81666666666666,93.3,2.3999999999999915,0.0083044684942442,0.0084636137244051,-0.0214285714285715,0.0126180322875419,1.0,93.3,240.0,90.9,28.0,1.0,28.0,93.3,-1.0,37.95,38.71,38.235,37.96,0.759999999999998,0.0067609603529282,-0.0020015910348644,0.0003571428571424,-0.0042171794090771,0.0,38.71,80.0,37.95,144.0,37.96,60.0,10.0,13.0,11.166666666666666,11.0,3.0,0.095569018469147,0.0017293857221914,-0.0714285714285714,0.003731343283582,1.0,13.0,140.0,10.0,28.0,5.0,0.0,11.0,112.0,38.9,50.9,44.95000000000001,38.9,12.0,0.0905476008564983,-0.043289983397897,-0.2107142857142858,-0.0581937252512944,-1.0,50.9,0.0,38.9,240.0,0.0,-1.0,38.9,-1.0,3.0,1.0,1.0,0.0,240.0,3.0,12.57,12.54,12.57,0.0,-0.0300000000000011,-0.0023866348448688,1.0,0.0,240.0,3.0,138.3,135.9,138.3,0.0,-2.4000000000000057,-0.017353579175705,1.0,0.0,240.0,3.0,4.63,4.75,4.87,120.0,0.1200000000000001,0.0259179265658747,1.0,0.0,240.0,3.0,15.9,17.9,19.9,120.0,1.9999999999999984,0.1257861635220124,1.0,0.0,240.0,3.0,65.9,70.7,70.7,240.0,4.799999999999997,0.0728376327769347,1.0,0.0,240.0,3.0,7.285,7.299,7.303,120.0,0.0140000000000002,0.0019217570350034,1.0,0.0,240.0,3.0,0.194,0.149,0.194,0.0,-0.045,-0.231958762886598,1.0,0.0,240.0,3.0,5.04,5.37,5.37,240.0,0.33,0.0654761904761905,1.0,0.0,240.0,3.0,955.6,1456.1,1456.1,240.0,500.4999999999999,0.5237547090832984,1.0,0.0,240.0,3.0,24.5,23.4,27.3,120.0,-1.1000000000000014,-0.0448979591836735,1.0,0.0,240.0,3.0,8.45,8.53,10.66,120.0,0.08,0.0094674556213017,1.0,0.0,240.0,3.0,134.1,140.7,159.8,120.0,6.599999999999994,0.0492170022371364,1.0,0.0,240.0,3.0,308.8,301.0,309.1,120.0,-7.800000000000011,-0.0252590673575129,1.0,1.0,195.0,195.0,0.0,0.0,-1.0,1.0,195.0,0.0,-1.0,0.0,-1.0,0.0,-1.0,2.0,0.0,195.0,,17.0,240.0,3.0,28.0,-1.0,0.0,0.0,-6.0,6.0,-0.0482315112540192,-1,-10.5,10.5,-0.28,-1,-5.6000000000000085,5.6000000000000085,-0.0421369450714823,-1,9.200000000000005,9.200000000000005,0.138763197586727,1,2.299999999999997,2.299999999999997,0.0252747252747252,1,-1.1300000000000026,1.1300000000000026,-0.0289076490150934,-1,2,2,0.2222222222222222,1,0,0,0.0,0,2,0,0,0,0,61.0,1,1,101,15,0,0,0,0,1,0,0,1,0,0,251,0,39,3,1,0,1,0,0,1,0,1,0,0,0,1,0,0,1,0,1,1,1,0,1,0,0,0,0.0,0.1111111111111111,1,0,0,1,1,1,1,0.9360421369450714,1.4056497175141245,66.60000000000001,88.5,20.59292701279157,16532.760000000002,4862.796,1,0,0,1,1,0,3,2,3,0,3,2,3,13,1,0.2131147540983606,2.039344262295082,4.127134385045092,0,0,0,3,2
E000879,2026-05-14,112.4,16.4,120.1,75.1,93.7,0,37.8,12,44,Female,Black,Nausea/vomiting. Festival attendee from campground with symptom onset ~177 minutes before arrival.,3,5,Walk-in,1,0,0,0,0,127.8,7.363,142.9,4.95,12.5,15.6,1,1,114.9,12.4,128.5,80.5,94.8,0,37.3,12,44.9,2.5,-0.5,0,3.01,751.7,7.349,0.074,1,1,0,0,0,0,0,0,0,0,0,1,361,3,7.0,82.1,121.5,107.08571428571427,114.9,39.400000000000006,0.116662658429393,-0.0484758745476476,0.2511467889908253,-0.0535680692293219,1.0,121.5,38.0,82.1,196.0,0.0,-1.0,114.9,44.0,12.4,23.9,18.342857142857145,12.4,11.499999999999998,0.1749131718209319,-0.0085639324487334,0.031880733944954,-0.0090048284943876,-1.0,23.9,196.0,12.4,240.0,0.0,-1.0,12.4,-1.0,98.5,130.2,116.58571428571427,128.5,31.69999999999999,0.0962529358898791,0.0294993968636912,-0.0903669724770646,0.0184235279362891,1.0,130.2,84.0,98.5,34.0,128.5,4.0,71.7,82.8,76.91428571428573,80.5,11.099999999999994,0.0497341301597172,0.0347207478890229,-0.0690366972477062,0.0487928764030853,1.0,82.8,196.0,71.7,84.0,80.5,-1.0,91.6,96.5,94.27142857142856,94.8,4.900000000000006,0.0157919872345664,-0.002924607961399,-0.0566513761467902,0.0026619426851446,1.0,96.5,34.0,91.6,38.0,0.0,-1.0,94.8,46.0,37.21,37.75,37.47571428571429,37.3,0.5399999999999991,0.00489095131041,-0.0018693003618818,-0.001330275229358,-0.0011030287828431,1.0,37.75,34.0,37.21,196.0,37.3,-1.0,11.0,13.0,11.571428571428571,12.0,2.0,0.0629508581925035,0.0030156815440289,2.1979671648359928e-17,-0.0053928638615413,1.0,13.0,110.0,11.0,0.0,6.0,0.0,12.0,86.0,34.2,44.9,39.85714285714285,44.9,10.699999999999996,0.1017630833455818,-0.0043214716525934,0.1327981651376146,0.0261836082021697,1.0,44.9,240.0,34.2,196.0,0.0,-1.0,44.9,-1.0,1.0,1.0,1.0,240.0,240.0,1.0,6.32,6.32,6.32,240.0,0.0,0.0,1.0,240.0,240.0,1.0,135.9,135.9,135.9,240.0,0.0,0.0,1.0,240.0,240.0,1.0,4.39,4.39,4.39,240.0,0.0,0.0,1.0,240.0,240.0,1.0,21.8,21.8,21.8,240.0,0.0,0.0,1.0,240.0,240.0,1.0,18.7,18.7,18.7,240.0,0.0,0.0,1.0,240.0,240.0,1.0,7.349,7.349,7.349,240.0,0.0,0.0,1.0,240.0,240.0,1.0,0.074,0.074,0.074,240.0,0.0,0.0,1.0,240.0,240.0,1.0,3.01,3.01,3.01,240.0,0.0,0.0,1.0,240.0,240.0,1.0,751.7,751.7,751.7,240.0,0.0,0.0,1.0,240.0,240.0,1.0,16.9,16.9,16.9,240.0,0.0,0.0,1.0,240.0,240.0,1.0,4.59,4.59,4.59,240.0,0.0,0.0,1.0,240.0,240.0,1.0,118.0,118.0,118.0,240.0,0.0,0.0,1.0,240.0,240.0,1.0,294.4,294.4,294.4,240.0,0.0,0.0,2.0,1.0,73.0,153.0,0.0,1.0,73.0,1.0,153.0,0.0,-1.0,0.0,-1.0,0.0,-1.0,4.0,0.0,-167.0,,6.0,110.0,2.0,0.0,-1.0,0.0,0.0,2.5,2.5,0.0222419928825622,1,-3.9999999999999982,3.9999999999999982,-0.2439024390243901,-1,8.400000000000006,8.400000000000006,0.0699417152373023,1,5.400000000000006,5.400000000000006,0.0719041278295606,1,1.0999999999999943,1.0999999999999943,0.0117395944503734,1,-0.5,0.5,-0.0132275132275132,-1,0,0,0.0,0,0,0,0.0,0,1,0,0,0,0,177.0,1,1,98,12,0,0,1,0,0,0,0,1,0,0,210,0,42,3,0,0,0,0,0,0,0,0,1,0,1,0,0,0,0,1,0,0,0,0,0,0,0,0,0.0,0.0,0,0,1,0,0,0,0,0.935886761032473,1.247502774694784,45.0,90.1,41.179017485428815,13499.24,4248.72,0,0,0,1,0,0,1,2,0,0,1,0,2,5,1,0.0282485875706214,0.6350282485875707,5.181783550292085,0,0,1,1,1
E000155,2026-05-13,102.7,15.9,107.5,74.4,97.5,0,37.07,15,26,Female,Black,General weakness. Festival attendee from campground with symptom onset ~82 minutes before arrival.,4,1,Walk-in,0,0,0,0,0,111.5,7.338,136.1,4.51,12.2,9.8,1,1,78.0,15.7,136.5,88.7,97.3,0,37.06,14,34.4,-24.7,-0.01,-1,,,,,1,1,1,0,0,0,0,0,0,0,0,0,360,2,6.0,65.5,98.0,84.60000000000001,78.0,32.5,0.129558951848463,-0.0985380215749212,0.0,-0.1184172625514815,-1.0,98.0,65.0,65.5,151.0,0.0,-1.0,78.0,11.0,9.8,17.4,13.616666666666667,15.7,7.599999999999998,0.2087289131123547,0.0176368945628303,0.0,0.0023549031002855,-1.0,17.4,131.0,9.8,0.0,0.0,-1.0,15.7,20.0,116.6,136.5,126.96666666666664,136.5,19.90000000000001,0.0566907785397272,0.0506175640128387,0.0,0.1220797432852418,1.0,136.5,240.0,116.6,65.0,136.5,86.0,82.9,92.8,88.68333333333334,88.7,9.899999999999991,0.0352361084632639,-0.0025836812510559,0.0,0.0333185941329563,1.0,92.8,0.0,82.9,65.0,88.7,66.0,95.6,98.6,97.09999999999998,97.3,3.0,0.0090955312732521,-0.0063884933754857,0.0,0.0002589888066303,1.0,98.6,0.0,95.6,162.0,0.0,-1.0,97.3,78.0,36.49,37.3,36.876666666666665,37.06,0.8099999999999952,0.0078432441849534,0.001111084296643,0.0,0.0004679485559796,-1.0,37.3,162.0,36.49,151.0,37.06,-1.0,14.0,15.0,14.666666666666666,14.0,1.0,0.0321412173266612,-0.0040929603977122,0.0,-0.0057735553478029,-1.0,15.0,0.0,14.0,151.0,0.0,-1.0,14.0,11.0,32.6,37.3,35.2,34.4,4.699999999999996,0.0511100521534606,0.0127451311629703,0.0,0.0031975642418576,-1.0,37.3,131.0,32.6,0.0,0.0,-1.0,34.4,109.0,2.0,1.0,1.0,0.0,120.0,2.0,6.78,12.61,12.61,120.0,5.829999999999999,0.8598820058997049,1.0,0.0,120.0,2.0,139.8,138.3,139.8,0.0,-1.5,-0.0107296137339055,1.0,0.0,120.0,2.0,3.91,3.57,3.91,0.0,-0.3400000000000003,-0.0869565217391305,1.0,0.0,120.0,2.0,23.4,20.9,23.4,0.0,-2.5,-0.1068376068376068,1.0,0.0,120.0,2.0,42.0,52.2,52.2,120.0,10.200000000000005,0.2428571428571429,1.0,0.0,120.0,2.0,7.333,7.311,7.333,0.0,-0.0220000000000002,-0.003000136369835,1.0,0.0,120.0,2.0,0.018,0.0,0.018,0.0,-0.018,-1.0,1.0,0.0,120.0,2.0,2.42,2.17,2.42,0.0,-0.25,-0.1033057851239669,1.0,0.0,120.0,2.0,461.6,235.6,461.6,0.0,-226.00000000000003,-0.4896013864818024,1.0,0.0,120.0,2.0,14.8,3.2,14.8,0.0,-11.6,-0.7837837837837839,1.0,0.0,120.0,2.0,0.14,4.37,4.37,120.0,4.23,30.214285714285715,1.0,0.0,120.0,2.0,91.7,103.1,103.1,120.0,11.399999999999991,0.124318429661941,1.0,0.0,120.0,2.0,286.0,283.1,286.0,0.0,-2.8999999999999773,-0.01013986013986,3.0,1.0,89.0,176.0,0.0,1.0,156.0,1.0,176.0,0.0,-1.0,1.0,89.0,0.0,-1.0,5.0,0.0,89.0,,0.0,0.0,3.0,151.0,240.0,0.0,0.0,-24.700000000000003,24.700000000000003,-0.240506329113924,-1,-0.200000000000001,0.200000000000001,-0.0125786163522013,-1,29.0,29.0,0.2697674418604651,1,14.299999999999995,14.299999999999995,0.1922043010752687,1,-0.2000000000000028,0.2000000000000028,-0.002051282051282,-1,-0.009999999999998,0.009999999999998,-0.0002697599136767,-1,-1,1,-0.0666666666666666,-1,0,0,0.0,0,2,0,0,0,0,82.0,1,1,98,13,0,0,1,0,0,0,0,1,0,0,253,0,48,2,0,0,0,0,0,0,0,1,0,0,0,1,0,0,0,0,0,0,0,0,0,0,0,0,0.0,0.0,0,1,0,0,0,0,0,0.9553488372093024,1.2021069059695668,33.099999999999994,85.43333333333334,24.83906976744186,11040.25,3807.089,0,0,0,0,1,0,1,1,0,1,0,0,0,2,0,0.024390243902439,1.252439024390244,4.418840607796598,0,0,0,1,0
E001446,2026-05-15,140.6,34.8,86.3,81.2,91.6,1,38.27,11,28,Female,White,Agitation. Festival attendee from beach shuttle stop with symptom onset ~184 minutes before arrival.,2,10,EMS,0,0,0,0,0,148.3,7.31,138.2,4.58,13.9,16.0,1,1,92.4,24.1,129.4,73.8,93.0,0,37.32,14,43.8,-48.2,-0.95,3,3.45,581.1,7.382,0.073,0,1,0,0,1,0,1,0,0,1,1,1,362,4,8.0,78.6,135.1,106.175,92.4,56.5,0.1772356334729727,-0.1652833842429829,0.3543859649122802,-0.2411060407536255,-1.0,135.1,57.0,78.6,194.0,1.0,57.0,99.6,32.0,17.4,24.1,21.975,24.1,6.700000000000003,0.0896874531217395,-0.00371575125353,0.0333333333333332,0.0058193647494691,1.0,24.1,240.0,17.4,209.0,1.0,240.0,23.1,17.0,117.2,138.5,125.5625,129.4,21.3,0.0559633762712929,0.0478347069333179,0.0280701754385963,0.0615461076221028,1.0,138.5,209.0,117.2,90.0,124.45,17.0,67.3,88.6,78.32499999999999,73.8,21.3,0.0813002121344395,0.0278148809866867,-0.2070175438596493,0.0146681425925092,-1.0,88.6,194.0,67.3,57.0,80.25,33.0,93.0,96.1,94.55,93.0,3.0999999999999943,0.0112925206261568,0.0001853495475764,0.0017543859649121,-0.0038178285817555,-1.0,96.1,165.0,93.0,240.0,0.0,-1.0,93.25,29.0,37.07,38.14,37.425,37.32,1.0700000000000005,0.0085931215662717,-0.0006824736326436,0.0105263157894737,-0.0048509013689964,-1.0,38.14,90.0,37.07,0.0,37.385000000000005,75.0,11.0,15.0,13.125,14.0,4.0,0.1038924963298639,0.0098000115267131,-0.0350877192982456,0.0156553562553653,1.0,15.0,165.0,11.0,57.0,2.0,57.0,13.5,108.0,38.6,45.1,40.9625,43.8,6.5,0.0578343258056286,0.0026776554665437,-0.0210526315789475,-0.0171757104775673,1.0,45.1,165.0,38.6,209.0,0.0,-1.0,41.35,29.0,3.0,1.0,1.0,0.0,240.0,3.0,9.38,6.49,11.57,120.0,-2.890000000000001,-0.3081023454157783,1.0,0.0,240.0,3.0,137.1,138.3,139.4,120.0,1.200000000000017,0.0087527352297594,1.0,0.0,240.0,3.0,4.63,4.52,4.63,0.0,-0.1100000000000003,-0.0237580993520519,1.0,0.0,240.0,3.0,19.8,19.4,20.7,120.0,-0.4000000000000021,-0.0202020202020203,1.0,0.0,240.0,3.0,31.8,56.1,56.1,240.0,24.3,0.7641509433962265,1.0,0.0,240.0,3.0,7.354,7.382,7.382,240.0,0.0279999999999995,0.0038074517269512,1.0,0.0,240.0,3.0,0.081,0.073,0.081,0.0,-0.008,-0.0987654320987655,1.0,0.0,240.0,3.0,3.61,3.45,3.61,0.0,-0.1599999999999997,-0.0443213296398891,1.0,0.0,240.0,3.0,813.5,581.1,813.5,0.0,-232.4,-0.285679164105716,1.0,0.0,240.0,3.0,23.2,13.9,26.7,120.0,-9.3,-0.4008620689655172,1.0,0.0,240.0,3.0,3.55,7.34,7.34,240.0,3.79,1.067605633802817,1.0,0.0,240.0,3.0,115.6,109.5,115.6,0.0,-6.099999999999994,-0.0527681660899653,1.0,0.0,240.0,3.0,301.1,290.6,301.1,0.0,-10.5,-0.034872135503155,3.0,1.0,119.0,205.0,0.0,1.0,119.0,0.0,-1.0,0.0,-1.0,0.0,-1.0,1.0,205.0,4.0,0.0,119.0,62.0,4.0,108.0,3.0,57.0,194.0,1.0,1.0,-48.19999999999999,48.19999999999999,-0.3428165007112375,-1,-10.699999999999996,10.699999999999996,-0.307471264367816,-1,43.10000000000001,43.10000000000001,0.4994206257242179,1,-7.400000000000006,7.400000000000006,-0.0911330049261084,-1,1.4000000000000057,1.4000000000000057,0.0152838427947598,1,-0.9500000000000028,0.9500000000000028,-0.024823621635746,-1,3,3,0.2727272727272727,1,-1,1,-1.0,-1,1,0,0,0,1,184.0,1,1,100,14,0,0,0,0,1,0,0,0,1,0,215,1,46,3,0,0,0,0,0,1,0,1,0,1,0,1,0,0,0,0,0,0,0,0,0,0,1,0,0.1333333333333333,0.0,0,0,0,1,1,1,1,1.6292004634994206,1.696019300361882,5.099999999999994,82.9,45.617612977983775,12133.78,5380.762000000001,0,0,0,1,1,0,2,3,3,3,2,2,3,16,1,0.0869565217391304,0.7641304347826087,5.220355825078324,0,1,0,3,2
E001731,2026-05-11,76.3,13.5,124.8,75.7,98.0,0,37.13,15,44,Female,Hispanic/Latino,Alcohol Intoxication Stopped by police and found to be etoh.,5,5,Walk-in,0,0,0,0,0,111.1,7.44,137.7,4.09,9.3,6.7,0,0,56.4,10.9,151.7,81.7,97.1,0,36.26,13,38.2,-19.9,-0.87,-2,,,,,1,0,0,0,0,0,0,0,0,0,0,0,358,0,6.0,43.9,78.0,64.25,56.4,34.1,0.1836526412312884,-0.0408474846356263,0.0,-0.041423422668315,-1.0,78.0,61.0,43.9,124.0,0.0,-1.0,56.4,19.0,7.0,10.9,9.166666666666666,10.9,3.9,0.1270127214296217,0.0016555193309014,0.0,0.0020168472225132,1.0,10.9,240.0,7.0,199.0,1.0,199.0,10.9,41.0,123.5,151.7,131.6,151.7,28.19999999999999,0.0742558437731986,0.045337284069718,0.0,0.1128040986526413,1.0,151.7,240.0,123.5,199.0,151.7,-1.0,68.2,91.1,76.35000000000001,81.7,22.89999999999999,0.1051911570896915,0.0186762736172064,0.0,0.0141556482199359,1.0,91.1,143.0,68.2,124.0,81.7,56.0,97.1,99.9,98.01666666666668,97.1,2.800000000000012,0.0093768513375019,-0.0102040113181707,0.0,-0.0055518303543363,1.0,99.9,0.0,97.1,240.0,0.0,-1.0,97.1,-1.0,36.26,36.73,36.53166666666666,36.26,0.4699999999999988,0.0039460182610828,-0.000580852997291,0.0,-0.0007087777381974,-1.0,36.73,199.0,36.26,240.0,36.26,-1.0,13.0,15.0,14.333333333333334,13.0,2.0,0.0520015808720881,-0.0044618054807853,0.0,-0.0036879492068813,-1.0,15.0,0.0,13.0,240.0,0.0,-1.0,13.0,-1.0,32.2,38.2,34.45,38.2,6.0,0.0595065312046444,0.0057689077620772,0.0,0.0137040839846615,1.0,38.2,240.0,32.2,124.0,0.0,-1.0,38.2,-1.0,0.0,0.0,0.0,,,,,,,,,,0.0,,,,,,,,,,0.0,,,,,,,,,,0.0,,,,,,,,,,0.0,,,,,,,,,,0.0,,,,,,,,,,0.0,,,,,,,,,,0.0,,,,,,,,,,0.0,,,,,,,,,,0.0,,,,,,,,,,0.0,,,,,,,,,,0.0,,,,,,,,,,0.0,,,,,,,,,,1.0,1.0,10.0,10.0,1.0,0.0,-1.0,1.0,10.0,0.0,-1.0,0.0,-1.0,0.0,-1.0,2.0,0.0,,,1.0,41.0,3.0,240.0,199.0,0.0,0.0,-19.9,19.9,-0.2608125819134993,-1,-2.6,2.6,-0.1925925925925925,-1,26.89999999999999,26.89999999999999,0.2155448717948717,1,6.0,6.0,0.0792602377807133,1,-0.9000000000000057,0.9000000000000057,-0.0091836734693878,-1,-0.8700000000000045,0.8700000000000045,-0.0234311877188258,-1,-2,2,-0.1333333333333333,-1,0,0,0.0,0,3,0,0,0,0,,0,0,60,10,0,0,0,0,0,1,0,0,0,1,113,0,41,1,0,0,0,0,1,0,0,0,0,0,0,0,0,0,0,0,0,0,0,0,0,0,1,0,0.0,0.0,0,1,1,0,0,0,0,0.6113782051282051,0.8287472845763939,49.1,92.06666666666666,26.900641025641026,9522.24,2833.019,0,0,0,0,0,0,0,0,0,0,0,0,0,0,0,,,,0,0,0,0,0
E001824,2026-05-15,142.5,33.5,133.8,75.8,93.9,1,38.2,9,42,Male,Other/Multiracial,Palpitations. Festival attendee from main stage with symptom onset ~125 minutes before arrival.,2,10,EMS,1,0,0,0,1,119.4,7.297,138.4,4.83,14.8,13.6,1,1,113.4,22.6,115.6,77.5,93.3,1,37.77,11,38.4,-29.1,-0.43,2,4.17,894.4,7.328,0.103,1,0,1,0,0,0,0,0,0,0,0,1,362,4,7.0,109.8,142.6,120.84285714285714,113.4,32.8,0.0809423302114888,-0.1164665844216616,0.0,-0.0554013625058574,1.0,142.6,0.0,109.8,160.0,1.0,0.0,113.4,-1.0,20.3,28.0,22.8,22.6,7.699999999999999,0.1018666738491306,0.0001459139830688,0.0,-0.01408102944887,-1.0,28.0,69.0,20.3,92.0,1.0,69.0,22.6,23.0,108.4,122.9,117.30000000000004,115.6,14.5,0.0427716416855585,-0.0208656995788489,0.0,-0.0464928089968642,-1.0,122.9,69.0,108.4,123.0,115.6,37.0,63.8,83.3,74.7,77.5,19.5,0.0738275079247589,0.0213302420555578,0.0,0.0344248999747683,1.0,83.3,123.0,63.8,112.0,77.5,11.0,93.2,97.4,94.4,93.3,4.200000000000003,0.0143804951794244,0.0020547071085208,0.0,-0.0005731175431643,-1.0,97.4,160.0,93.2,123.0,0.0,-1.0,93.3,80.0,37.47,38.2,37.71,37.77,0.730000000000004,0.0061573720432322,-0.0004422087037904,0.0,-0.0008029052373573,-1.0,38.2,69.0,37.47,112.0,37.77,23.0,11.0,13.0,11.571428571428571,11.0,2.0,0.0629508581925035,0.001552728974348,0.0,-0.0012796020617813,-1.0,13.0,112.0,11.0,0.0,6.0,0.0,11.0,11.0,38.4,43.5,40.8,38.4,5.100000000000001,0.041346188849091,-0.0054732632832773,0.0,-0.0199798147280396,-1.0,43.5,69.0,38.4,240.0,0.0,-1.0,38.4,23.0,2.0,1.0,1.0,120.0,240.0,2.0,9.8,12.67,12.67,240.0,2.869999999999999,0.2928571428571427,1.0,120.0,240.0,2.0,137.6,135.8,137.6,120.0,-1.799999999999983,-0.013081395348837,1.0,120.0,240.0,2.0,4.15,3.89,4.15,120.0,-0.2600000000000002,-0.0626506024096386,1.0,120.0,240.0,2.0,22.2,20.6,22.2,120.0,-1.599999999999998,-0.0720720720720719,1.0,120.0,240.0,2.0,45.0,40.0,45.0,120.0,-5.0,-0.1111111111111111,1.0,120.0,240.0,2.0,7.324,7.328,7.328,240.0,0.0040000000000004,0.0005461496450027,1.0,120.0,240.0,2.0,0.127,0.103,0.127,120.0,-0.024,-0.1889763779527559,1.0,120.0,240.0,2.0,2.43,4.17,4.17,240.0,1.7399999999999998,0.7160493827160492,1.0,120.0,240.0,2.0,781.7,894.4,894.4,240.0,112.69999999999992,0.1441729563771266,1.0,120.0,240.0,2.0,21.5,13.2,21.5,120.0,-8.3,-0.386046511627907,1.0,120.0,240.0,2.0,4.21,5.72,5.72,240.0,1.5099999999999998,0.3586698337292161,1.0,120.0,240.0,2.0,126.7,137.8,137.8,240.0,11.100000000000009,0.0876085240726125,1.0,120.0,240.0,2.0,309.6,294.2,309.6,120.0,-15.400000000000034,-0.0497416020671835,3.0,1.0,163.0,209.0,0.0,0.0,-1.0,1.0,163.0,0.0,-1.0,1.0,209.0,1.0,164.0,5.0,0.0,43.0,,8.0,117.0,3.0,0.0,-1.0,0.0,1.0,-29.099999999999994,29.099999999999994,-0.2042105263157894,-1,-10.9,10.9,-0.3253731343283582,-1,-18.200000000000017,18.200000000000017,-0.1360239162929747,-1,1.7000000000000028,1.7000000000000028,0.0224274406332454,1,-0.6000000000000085,0.6000000000000085,-0.0063897763578275,-1,-0.4299999999999997,0.4299999999999997,-0.0112565445026177,-1,2,2,0.2222222222222222,1,0,0,0.0,0,2,0,0,0,0,125.0,1,1,95,13,1,0,0,0,0,0,0,1,0,0,247,0,42,3,0,0,0,1,0,0,0,1,1,0,0,0,0,0,0,0,0,0,0,0,0,0,0,1,0.0,0.0,0,0,0,1,1,0,1,1.0650224215246635,1.497897687456202,58.000000000000014,95.13333333333334,44.73094170403587,19066.5,5443.5,0,0,0,1,1,0,2,3,3,0,1,2,3,12,1,0.096,1.14,4.836281906951478,0,0,2,3,1
E001803,2026-05-14,120.2,36.3,122.5,53.9,93.2,0,38.17,12,52,Female,White,Anxiety/panic. Festival attendee from main stage with symptom onset ~210 minutes before arrival.,3,7,Police,1,1,1,0,1,123.7,7.34,138.6,4.79,11.8,13.8,1,1,118.9,16.3,113.3,71.2,95.7,0,37.8,13,37.1,-1.3,-0.37,1,,,,,0,1,0,0,0,1,0,0,0,0,0,0,361,3,6.0,84.3,131.6,111.25,118.9,47.3,0.138070214937292,-0.0849392701171032,0.2139534883720934,0.3955396348509358,1.0,131.6,42.0,84.3,178.0,1.0,42.0,118.9,62.0,16.3,21.8,19.433333333333334,16.3,5.5,0.0970300900427509,-0.0018473689573152,0.0242248062015505,-0.0744742315692165,-1.0,21.8,178.0,16.3,240.0,0.0,-1.0,16.3,62.0,110.6,126.3,117.43333333333332,113.3,15.700000000000005,0.0467024330194641,-0.0212837422396802,-0.2699612403100769,-0.0585625144441876,1.0,126.3,0.0,110.6,36.0,113.3,6.0,69.4,82.7,76.33333333333333,71.2,13.299999999999995,0.0677587996803103,-0.0174175482483726,0.3335271317829463,-0.0691703258608736,-1.0,82.7,36.0,69.4,0.0,71.2,135.0,94.2,97.0,95.83333333333336,95.7,2.799999999999997,0.0106698168001237,-0.0031311814658793,-0.04437984496124,-0.0001848856020339,1.0,97.0,0.0,94.2,42.0,0.0,-1.0,95.7,129.0,37.21,37.8,37.54,37.8,0.5899999999999963,0.0063449014686378,0.0009104739284872,-0.0103682170542636,0.00332909637162,1.0,37.8,240.0,37.21,42.0,37.8,129.0,12.0,13.0,12.333333333333334,13.0,1.0,0.0382219881722458,0.0039772188278447,-2.4506678047649885e-18,0.0063554425699098,1.0,13.0,171.0,12.0,0.0,4.0,0.0,13.0,7.0,34.3,42.4,38.9,37.1,8.100000000000001,0.0736882483718721,0.0082530804121972,0.1281007751937986,-0.0577305292350356,-1.0,42.4,36.0,34.3,0.0,0.0,-1.0,37.1,6.0,1.0,1.0,1.0,0.0,0.0,1.0,8.5,8.5,8.5,0.0,0.0,0.0,1.0,0.0,0.0,1.0,140.4,140.4,140.4,0.0,0.0,0.0,1.0,0.0,0.0,1.0,4.12,4.12,4.12,0.0,0.0,0.0,1.0,0.0,0.0,1.0,20.7,20.7,20.7,0.0,0.0,0.0,1.0,0.0,0.0,1.0,22.4,22.4,22.4,0.0,0.0,0.0,1.0,0.0,0.0,1.0,7.323,7.323,7.323,0.0,0.0,0.0,1.0,0.0,0.0,1.0,0.115,0.115,0.115,0.0,0.0,0.0,1.0,0.0,0.0,1.0,3.34,3.34,3.34,0.0,0.0,0.0,1.0,0.0,0.0,1.0,722.1,722.1,722.1,0.0,0.0,0.0,1.0,0.0,0.0,1.0,15.4,15.4,15.4,0.0,0.0,0.0,1.0,0.0,0.0,1.0,3.99,3.99,3.99,0.0,0.0,0.0,1.0,0.0,0.0,1.0,104.7,104.7,104.7,0.0,0.0,0.0,1.0,0.0,0.0,1.0,299.7,299.7,299.7,0.0,0.0,0.0,3.0,1.0,186.0,220.0,0.0,1.0,186.0,0.0,-1.0,0.0,-1.0,0.0,-1.0,1.0,195.0,4.0,0.0,186.0,144.0,5.0,171.0,3.0,0.0,240.0,0.0,0.0,-1.2999999999999972,1.2999999999999972,-0.0108153078202994,-1,-20.0,20.0,-0.5509641873278236,-1,-9.200000000000005,9.200000000000005,-0.0751020408163265,-1,17.300000000000004,17.300000000000004,0.3209647495361782,1,2.5,2.5,0.0268240343347639,1,-0.3700000000000045,0.3700000000000045,-0.0096934765522662,-1,1,1,0.0833333333333333,1,0,0,0.0,0,1,0,0,0,0,210.0,1,1,96,13,1,0,0,0,0,0,0,0,1,0,221,0,47,3,0,0,1,0,0,0,1,1,0,0,0,1,0,0,1,0,0,0,0,0,0,0,0,0,0.0,0.0,0,0,0,1,1,0,1,0.9812244897959184,1.5657837603126357,68.6,76.76666666666667,51.02367346938775,14724.5,4588.034000000001,0,0,0,1,1,0,2,2,3,0,1,2,2,10,1,0.0476190476190476,0.5723809523809524,5.351858133476067,0,1,4,3,1
E001773,2026-05-11,65.4,15.4,129.0,79.8,95.1,0,37.06,15,27,Female,Black,"went to PCP 1 week ago and received rx for combivent, never took b/c ""didn't know how to take it."" Reports some burning chest pain when breathing/coughing.",5,5,Walk-in,0,0,0,0,0,105.3,7.439,137.6,3.64,11.4,4.2,0,0,76.2,18.1,106.8,75.1,96.9,0,36.54,15,27.8,10.8,-0.52,0,,,,,0,0,0,0,0,0,0,0,0,0,0,0,358,0,6.0,65.2,76.2,71.16666666666667,76.2,11.0,0.0580418400924015,0.0093123209169053,0.0,0.0397038632955242,1.0,76.2,240.0,65.2,201.0,0.0,-1.0,76.2,8.0,10.1,18.1,13.766666666666666,18.1,8.000000000000002,0.2100963932642621,0.0099806354104348,0.0,0.0173024523160763,1.0,18.1,240.0,10.1,90.0,0.0,-1.0,18.1,-1.0,106.8,147.0,129.33333333333331,106.8,40.2,0.125158789567555,-0.0891062376019394,0.0,-0.0473195614980042,-1.0,147.0,209.0,106.8,240.0,106.8,-1.0,55.0,88.9,76.53333333333335,75.1,33.900000000000006,0.1392325622632721,0.0305480336282629,0.0,0.0715533447394545,-1.0,88.9,201.0,55.0,98.0,75.1,103.0,95.4,98.8,96.73333333333332,96.9,3.3999999999999915,0.0112243263093744,0.0025803709184798,0.0,0.0037048771729718,1.0,98.8,201.0,95.4,209.0,0.0,-1.0,96.9,8.0,36.49,36.82,36.57333333333333,36.54,0.3299999999999983,0.0031951418415891,0.000223794829812,0.0,0.0007364341085271,1.0,36.82,201.0,36.49,90.0,36.54,8.0,13.0,15.0,14.333333333333334,15.0,2.0,0.0520015808720881,-0.0033612519285871,0.0,-0.0016158671820543,1.0,15.0,0.0,13.0,201.0,0.0,-1.0,15.0,8.0,27.6,34.5,31.4,27.8,6.899999999999999,0.0880464301050698,0.008702257627759,0.0,-0.0141721056967238,-1.0,34.5,209.0,27.6,0.0,2.0,0.0,27.8,31.0,0.0,0.0,0.0,,,,,,,,,,0.0,,,,,,,,,,0.0,,,,,,,,,,0.0,,,,,,,,,,0.0,,,,,,,,,,0.0,,,,,,,,,,0.0,,,,,,,,,,0.0,,,,,,,,,,0.0,,,,,,,,,,0.0,,,,,,,,,,0.0,,,,,,,,,,0.0,,,,,,,,,,0.0,,,,,,,,,,0.0,0.0,-1.0,-1.0,0.0,0.0,-1.0,0.0,-1.0,0.0,-1.0,0.0,-1.0,0.0,-1.0,0.0,0.0,,,2.0,90.0,3.0,201.0,201.0,1.0,0.0,10.799999999999995,10.799999999999995,0.165137614678899,1,2.700000000000001,2.700000000000001,0.1753246753246753,1,-22.200000000000003,22.200000000000003,-0.1720930232558139,-1,-4.700000000000003,4.700000000000003,-0.0588972431077694,-1,1.8000000000000114,1.8000000000000114,0.0189274447949528,1,-0.5200000000000031,0.5200000000000031,-0.014031300593632,-1,0,0,0.0,0,0,0,0.0,0,3,0,0,0,0,,0,0,155,27,0,0,0,0,0,1,0,0,0,1,104,0,38,2,0,0,0,0,1,0,0,0,0,0,0,0,1,0,0,0,0,0,0,0,0,0,0,1,0.0,0.0,0,1,1,0,0,0,0,0.5069767441860465,0.6798336798336799,49.2,96.2,13.688372093023256,8436.6,2423.724,0,0,0,0,0,0,0,0,0,0,0,0,0,0,0,,,,0,0,0,0,0
E000863,2026-05-15,100.8,16.9,126.1,81.2,95.9,0,37.57,15,74,Female,White,"Finger Pain right index finger pain after being kicked in finger yesterday, + swelling",4,4,EMS,0,1,1,1,0,139.1,7.354,138.1,4.16,17.7,13.8,0,0,83.5,16.2,108.8,82.0,95.3,0,37.09,15,35.6,-17.3,-0.48,0,0.99,157.0,7.372,0.011,1,1,0,0,0,0,0,0,0,0,0,1,362,4,9.0,75.2,100.1,86.6,83.5,24.89999999999999,0.0748492000516281,-0.0583363131687868,0.0744340878828227,-0.027809520095162,1.0,100.1,52.0,75.2,196.0,0.0,-1.0,83.5,-1.0,12.8,21.8,17.833333333333332,16.2,9.0,0.1755218813243885,-0.0294782457112718,0.0399467376830891,-0.0186599325286169,1.0,21.8,52.0,12.8,157.0,0.0,-1.0,16.2,2.0,105.3,133.7,119.37777777777777,108.8,28.39999999999999,0.0682508488231539,-0.0525922333568741,-0.1603861517976038,-0.1481172364033468,1.0,133.7,157.0,105.3,196.0,108.8,-1.0,64.0,86.3,74.38888888888889,82.0,22.3,0.1002962557743345,0.0311662479997853,0.2880825565912115,0.1328640237124863,-1.0,86.3,196.0,64.0,159.0,82.0,-1.0,95.3,98.4,97.1,95.3,3.1000000000000085,0.010790411016479,-0.0010841386338648,0.0236351531291613,-0.0203467171077011,-1.0,98.4,41.0,95.3,240.0,0.0,-1.0,95.3,11.0,36.77,37.54,37.114444444444445,37.09,0.769999999999996,0.0061126632935116,-0.0012797573817973,0.0065446071904123,-0.0002457050369532,-1.0,37.54,41.0,36.77,160.0,37.09,11.0,13.0,15.0,14.22222222222222,15.0,2.0,0.0441941738241592,0.0050932837488713,-0.0139813581890813,0.0046215947426922,0.0,15.0,119.0,13.0,52.0,0.0,-1.0,15.0,67.0,34.5,39.8,36.72222222222222,35.6,5.299999999999997,0.041334018424809,-0.0007759491520878,0.0681757656458055,0.0071234960316685,-1.0,39.8,52.0,34.5,119.0,0.0,-1.0,35.6,67.0,2.0,1.0,1.0,120.0,240.0,2.0,7.97,4.15,7.97,120.0,-3.82,-0.4792973651191969,1.0,120.0,240.0,2.0,134.7,141.7,141.7,240.0,7.0,0.0519673348181143,1.0,120.0,240.0,2.0,3.91,3.63,3.91,120.0,-0.2800000000000002,-0.071611253196931,1.0,120.0,240.0,2.0,25.5,21.8,25.5,120.0,-3.6999999999999993,-0.1450980392156862,1.0,120.0,240.0,2.0,46.0,51.2,51.2,240.0,5.200000000000003,0.1130434782608696,1.0,120.0,240.0,2.0,7.365,7.372,7.372,240.0,0.0069999999999996,0.0009504412763068,1.0,120.0,240.0,2.0,0.0,0.011,0.011,240.0,0.011,10999999.999999998,1.0,120.0,240.0,2.0,1.96,0.99,1.96,120.0,-0.97,-0.4948979591836734,1.0,120.0,240.0,2.0,385.4,157.0,385.4,120.0,-228.4,-0.5926310326933056,1.0,120.0,240.0,2.0,18.1,5.0,18.1,120.0,-13.1,-0.7237569060773481,1.0,120.0,240.0,2.0,2.57,5.01,5.01,240.0,2.44,0.9494163424124514,1.0,120.0,240.0,2.0,116.8,110.4,116.8,120.0,-6.399999999999992,-0.0547945205479451,1.0,120.0,240.0,2.0,282.7,282.1,282.7,120.0,-0.5999999999999659,-0.0021223912274494,2.0,1.0,90.0,130.0,0.0,1.0,90.0,1.0,130.0,0.0,-1.0,0.0,-1.0,0.0,-1.0,4.0,0.0,-30.0,,0.0,0.0,5.0,52.0,196.0,1.0,0.0,-17.299999999999997,17.299999999999997,-0.1716269841269841,-1,-0.6999999999999993,0.6999999999999993,-0.0414201183431952,-1,-17.299999999999997,17.299999999999997,-0.1371927042030134,-1,0.7999999999999972,0.7999999999999972,0.0098522167487684,1,-0.6000000000000085,0.6000000000000085,-0.0062565172054224,-1,-0.4799999999999969,0.4799999999999969,-0.0127761511844556,-1,0,0,0.0,0,0,0,0.0,0,2,0,0,0,0,,0,0,86,14,0,0,0,0,0,1,0,0,0,1,111,0,51,2,0,1,0,0,0,1,0,0,0,0,0,0,0,1,0,0,0,0,0,0,0,0,0,0,0.0,0.0588235294117647,0,0,1,0,0,0,0,0.7993655828707376,1.0481802426343154,44.89999999999999,96.16666666666669,59.15305313243458,12710.88,3787.056,0,0,0,1,0,0,1,1,0,0,0,0,0,1,0,,,,0,0,3,1,0
E000013,2026-05-13,92.4,16.0,105.3,69.4,95.1,0,37.4,13,40,Male,Hispanic/Latino,Emesis Pt reports N/V with body aches since last night.,4,5,Walk-in,1,0,0,1,0,110.5,7.378,137.0,4.71,16.5,10.4,0,0,80.8,13.2,125.0,79.1,97.8,0,36.51,15,34.9,-11.6,-0.89,2,,,,,1,0,1,0,0,0,0,0,0,0,0,0,360,2,7.0,68.6,93.4,84.51428571428572,80.8,24.80000000000001,0.0961375093803736,-0.061175482487491,0.0886792452830187,-0.0704426235785119,-1.0,93.4,53.0,68.6,165.0,0.0,-1.0,80.8,17.0,13.2,19.3,15.185714285714283,13.2,6.100000000000001,0.141078704573979,-0.0106583273766976,0.1150943396226414,-0.0276678025806945,-1.0,19.3,53.0,13.2,0.0,0.0,-1.0,13.2,94.0,118.0,141.8,126.94285714285716,125.0,23.80000000000001,0.0602044378802397,-0.0230042887776985,0.3471698113207543,0.0172569590688054,-1.0,141.8,53.0,118.0,182.0,125.0,47.0,58.1,89.7,77.67142857142858,79.1,31.6,0.1277721273270279,0.0284138670478913,-0.2943396226415097,0.1409982004058658,1.0,89.7,165.0,58.1,100.0,79.1,47.0,96.3,97.8,97.04285714285712,97.8,1.5,0.005336248773853,0.0014531808434595,-0.0226415094339625,0.0047670099934907,1.0,97.8,240.0,96.3,53.0,0.0,-1.0,97.8,47.0,36.51,37.13,36.93,36.51,0.6200000000000045,0.0053865606837917,-0.0022183345246605,-0.0013207547169812,-0.003878316805146,-1.0,37.13,0.0,36.51,240.0,36.51,-1.0,14.0,15.0,14.285714285714286,15.0,1.0,0.0316227766016837,0.0037919942816297,-6.415710101121067e-17,0.0068346287858483,1.0,15.0,165.0,14.0,0.0,0.0,-1.0,15.0,17.0,34.9,42.0,38.15714285714285,34.9,7.100000000000001,0.0671216401823301,-0.0127562544674767,0.0962264150943395,-0.0270188000153156,-1.0,42.0,53.0,34.9,147.0,0.0,-1.0,34.9,94.0,2.0,1.0,1.0,0.0,120.0,2.0,9.2,9.36,9.36,120.0,0.1600000000000001,0.0173913043478261,1.0,0.0,120.0,2.0,140.0,136.6,140.0,0.0,-3.4000000000000057,-0.0242857142857143,1.0,0.0,120.0,2.0,3.78,4.65,4.65,120.0,0.8700000000000006,0.2301587301587303,1.0,0.0,120.0,2.0,18.0,25.5,25.5,120.0,7.5,0.4166666666666667,1.0,0.0,120.0,2.0,44.0,40.7,44.0,0.0,-3.299999999999997,-0.0749999999999999,1.0,0.0,120.0,2.0,7.376,7.364,7.376,0.0,-0.0120000000000004,-0.0016268980477224,1.0,0.0,120.0,2.0,0.054,0.026,0.054,0.0,-0.028,-0.5185185185185185,1.0,0.0,120.0,2.0,1.63,1.78,1.78,120.0,0.1500000000000001,0.0920245398773007,1.0,0.0,120.0,2.0,417.9,156.1,417.9,0.0,-261.79999999999995,-0.6264656616415409,1.0,0.0,120.0,2.0,14.4,17.4,17.4,120.0,2.9999999999999982,0.2083333333333332,1.0,0.0,120.0,2.0,3.74,0.6,3.74,0.0,-3.14,-0.839572192513369,1.0,0.0,120.0,2.0,101.8,96.3,101.8,0.0,-5.5,-0.0540275049115913,1.0,0.0,120.0,2.0,273.8,292.6,292.6,120.0,18.80000000000001,0.068663257852447,2.0,1.0,39.0,111.0,1.0,0.0,-1.0,1.0,39.0,0.0,-1.0,1.0,111.0,0.0,-1.0,5.0,0.0,39.0,,0.0,0.0,4.0,0.0,182.0,1.0,0.0,-11.600000000000009,11.600000000000009,-0.1255411255411256,-1,-2.8000000000000007,2.8000000000000007,-0.175,-1,19.700000000000003,19.700000000000003,0.1870845204178537,1,9.699999999999989,9.699999999999989,0.1397694524495675,1,2.700000000000003,2.700000000000003,0.028391167192429,1,-0.8900000000000006,0.8900000000000006,-0.0237967914438502,-1,2,2,0.1538461538461538,1,0,0,0.0,0,1,0,0,0,0,,0,0,55,10,0,0,0,0,0,1,0,0,0,1,110,0,37,1,0,1,0,0,1,0,0,0,1,0,0,0,0,1,0,0,0,0,0,0,0,0,1,0,0.0909090909090909,0.0,0,1,1,0,0,0,0,0.8774928774928775,1.1356001638672677,35.89999999999999,81.36666666666667,35.0997150997151,9729.72,3455.76,0,0,0,0,0,0,0,1,0,1,0,0,2,4,0,,,,0,0,2,0,1
E002137,2026-05-15,106.5,30.4,115.4,59.9,96.2,1,37.87,11,35,Female,White,General weakness. Festival attendee from main stage with symptom onset ~74 minutes before arrival.,3,5,Police,0,0,0,0,0,119.0,7.321,136.9,5.34,12.9,18.7,1,1,108.1,17.5,81.1,73.1,94.1,0,37.42,12,44.1,1.6,-0.45,1,2.1,534.3,7.362,0.078,1,1,0,0,0,0,0,0,0,0,0,1,362,4,9.0,98.2,120.4,109.12222222222222,108.1,22.200000000000003,0.0729803320665442,0.0191662220497646,0.1285714285714279,-0.0764828364884087,1.0,120.4,63.0,98.2,0.0,0.0,-1.0,108.1,67.0,17.5,28.3,23.55555555555556,17.5,10.8,0.1392572347481102,-0.0372241354222243,0.0571428571428571,-0.0438655659339853,-1.0,28.3,96.0,17.5,240.0,4.0,0.0,17.5,-1.0,81.1,134.1,118.27777777777776,81.1,53.0,0.1272994091279651,-0.1162123490323523,0.1,-0.2969052890889628,-1.0,134.1,63.0,81.1,240.0,81.1,-1.0,59.1,85.8,72.81111111111112,73.1,26.7,0.1162401547334829,0.0687709172042487,0.5380952380952384,0.0421037582298339,-1.0,85.8,140.0,59.1,0.0,73.1,-1.0,93.4,95.8,94.62222222222222,94.1,2.3999999999999915,0.0074858513154106,-0.0035019643983122,0.0619047619047612,-0.0017383462615658,-1.0,95.8,21.0,93.4,63.0,0.0,-1.0,94.1,42.0,37.42,37.68,37.59,37.42,0.259999999999998,0.0024606609781877,-0.0006375806373382,-0.0080952380952383,-0.0013180198542458,1.0,37.68,90.0,37.42,240.0,37.42,-1.0,10.0,13.0,11.666666666666666,12.0,3.0,0.0699854212223765,0.004923121695688,0.0476190476190475,0.007866914966934,-1.0,13.0,140.0,10.0,90.0,8.0,0.0,12.0,100.0,34.8,46.9,41.15555555555556,44.1,12.1,0.0776365131424434,-0.0069311733035845,-0.4000000000000005,0.0085084387876299,1.0,46.9,0.0,34.8,140.0,0.0,-1.0,44.1,100.0,2.0,1.0,1.0,120.0,240.0,2.0,10.23,7.41,10.23,120.0,-2.8200000000000003,-0.2756598240469208,1.0,120.0,240.0,2.0,138.6,142.7,142.7,240.0,4.099999999999994,0.0295815295815295,1.0,120.0,240.0,2.0,4.1,4.68,4.68,240.0,0.5800000000000001,0.1414634146341463,1.0,120.0,240.0,2.0,20.9,20.2,20.9,120.0,-0.6999999999999993,-0.0334928229665071,1.0,120.0,240.0,2.0,52.1,37.3,52.1,120.0,-14.800000000000004,-0.2840690978886757,1.0,120.0,240.0,2.0,7.363,7.362,7.363,120.0,-0.0010000000000003,-0.000135814206166,1.0,120.0,240.0,2.0,0.053,0.078,0.078,240.0,0.025,0.4716981132075472,1.0,120.0,240.0,2.0,3.9,2.1,3.9,120.0,-1.7999999999999998,-0.4615384615384615,1.0,120.0,240.0,2.0,695.2,534.3,695.2,120.0,-160.9000000000001,-0.2314441887226698,1.0,120.0,240.0,2.0,16.5,14.0,16.5,120.0,-2.5,-0.1515151515151515,1.0,120.0,240.0,2.0,1.93,5.25,5.25,240.0,3.3200000000000003,1.7202072538860105,1.0,120.0,240.0,2.0,117.6,101.1,117.6,120.0,-16.5,-0.1403061224489796,1.0,120.0,240.0,2.0,294.9,289.7,294.9,120.0,-5.199999999999989,-0.0176330959647337,2.0,1.0,26.0,200.0,1.0,1.0,26.0,1.0,200.0,0.0,-1.0,0.0,-1.0,0.0,-1.0,4.0,0.0,-94.0,,13.0,140.0,6.0,90.0,-1.0,0.0,0.0,1.5999999999999943,1.5999999999999943,0.0150234741784037,1,-12.9,12.9,-0.4243421052631578,-1,-34.30000000000001,34.30000000000001,-0.2972270363951474,-1,13.199999999999996,13.199999999999996,0.2203672787979965,1,-2.1000000000000085,2.1000000000000085,-0.0218295218295219,-1,-0.4499999999999957,0.4499999999999957,-0.0118827567995773,-1,1,1,0.0909090909090909,1,-1,1,-1.0,-1,3,1,1,0,1,74.0,1,1,98,14,1,0,0,0,0,0,0,1,0,0,230,0,42,3,0,0,0,1,1,0,0,0,1,0,0,0,0,0,0,0,0,0,0,0,0,0,0,0,0.0,0.0,0,0,0,0,0,0,0,0.9228769497400346,1.358418367346939,55.50000000000001,78.4,32.30069324090121,12290.1,4033.155,1,0,0,1,1,0,3,1,3,0,0,0,3,7,1,0.0945945945945946,1.4391891891891893,4.31748811353631,0,0,0,2,1
E000695,2026-05-12,118.7,28.8,101.5,75.5,95.9,1,38.05,10,26,Female,White,General weakness. Festival attendee from campground with symptom onset ~112 minutes before arrival.,2,10,Festival Medical Tent Transfer,0,0,0,0,0,111.8,7.333,136.0,4.71,16.6,16.2,1,1,101.2,25.7,121.5,67.8,95.8,0,37.34,12,39.4,-17.5,-0.71,2,,,,,1,1,0,0,0,0,1,0,1,0,0,0,359,1,8.0,81.7,125.5,110.925,101.2,43.8,0.1318331275689811,0.0505974620336105,0.8938775510204076,-0.0236762481089256,-1.0,125.5,49.0,81.7,0.0,0.0,-1.0,114.76666666666668,89.0,16.4,25.7,21.3625,25.7,9.3,0.1567458770591761,0.0036096064001277,0.1142857142857141,-0.0084619263741804,1.0,25.7,240.0,16.4,223.0,2.0,72.0,21.7,-1.0,107.3,139.3,122.775,121.5,32.000000000000014,0.0826582618237684,0.0507828315864396,-0.1285714285714285,-0.0386585980837111,-1.0,139.3,138.0,107.3,49.0,124.3,46.0,67.0,82.2,73.725,67.8,15.200000000000005,0.0677237369284709,-0.0175830559811614,-0.2040816326530613,-0.0643368633383759,1.0,82.2,72.0,67.0,49.0,72.8,23.0,92.3,96.7,95.0125,95.8,4.400000000000006,0.0177871138101467,0.0186138969513802,0.0061224489795914,0.0128744326777611,-1.0,96.7,184.0,92.3,0.0,0.0,-1.0,96.23333333333332,-1.0,37.01,37.73,37.37,37.34,0.7199999999999989,0.0052043484984684,-0.0013892960169936,0.0053061224489793,-0.0007100353000503,-1.0,37.73,49.0,37.01,184.0,37.333333333333336,27.0,10.0,13.0,11.625,12.0,3.0,0.0737167161333445,0.0079624648828912,-1.657111749177464e-17,0.0129601613716591,-1.0,13.0,223.0,10.0,72.0,7.0,0.0,12.333333333333334,17.0,34.9,44.0,38.775,39.4,9.1,0.0689093717713048,0.0118179741946069,-0.0122448979591837,0.0006656580937973,1.0,44.0,211.0,34.9,184.0,0.0,-1.0,40.6,12.0,0.0,0.0,0.0,,,,,,,,,,0.0,,,,,,,,,,0.0,,,,,,,,,,0.0,,,,,,,,,,0.0,,,,,,,,,,0.0,,,,,,,,,,0.0,,,,,,,,,,0.0,,,,,,,,,,0.0,,,,,,,,,,0.0,,,,,,,,,,0.0,,,,,,,,,,0.0,,,,,,,,,,0.0,,,,,,,,,,2.0,1.0,51.0,200.0,1.0,1.0,200.0,1.0,51.0,0.0,-1.0,0.0,-1.0,0.0,-1.0,4.0,0.0,,,9.0,223.0,3.0,72.0,223.0,1.0,0.0,-17.5,17.5,-0.14743049705139,-1,-3.1000000000000014,3.1000000000000014,-0.1076388888888889,-1,20.0,20.0,0.1970443349753694,1,-7.700000000000003,7.700000000000003,-0.1019867549668874,-1,-0.1000000000000085,0.1000000000000085,-0.0010427528675704,-1,-0.7099999999999937,0.7099999999999937,-0.0186596583442836,-1,2,2,0.2,1,-1,1,-1.0,-1,2,0,0,0,1,112.0,1,1,99,13,0,0,1,0,0,0,0,1,0,0,253,1,45,3,0,1,0,1,0,0,0,0,0,0,1,0,0,1,0,0,0,0,0,0,0,0,0,0,0.0,0.0,0,0,0,0,1,0,1,1.1694581280788177,1.4102970297029702,26.0,84.16666666666667,30.40591133004926,12048.05,4516.535,0,0,0,1,1,0,2,2,3,1,0,0,3,9,1,0.0803571428571428,1.0598214285714287,4.727387818712341,0,0,0,3,1
E000537,2026-05-15,70.3,16.0,131.0,73.1,95.3,0,36.99,14,22,Male,Native American,Altered mental status. Festival attendee from VIP tent with symptom onset ~153 minutes before arrival.,5,4,Walk-in,0,0,0,0,0,100.1,7.37,141.1,4.1,13.2,9.5,1,1,84.8,15.7,119.7,82.5,98.3,0,36.56,13,36.8,14.5,-0.43,-1,,,,,1,0,0,0,0,0,0,0,0,0,0,0,362,4,6.0,74.6,87.3,79.68333333333332,84.8,12.700000000000005,0.0583589911209406,0.0147683854299334,0.3023809523809523,0.0579001304266814,-1.0,87.3,42.0,74.6,0.0,0.0,-1.0,84.8,71.0,13.5,20.7,15.55,15.7,7.199999999999999,0.1558850048973485,0.0038262799752556,0.0333333333333332,-0.0164803428358487,1.0,20.7,114.0,13.5,165.0,0.0,-1.0,15.7,51.0,115.6,143.2,125.25,119.7,27.599999999999994,0.0702439800235452,-0.0193087951675697,0.0761904761904754,-0.129606856716974,1.0,143.2,114.0,115.6,165.0,119.7,51.0,68.1,82.9,75.41666666666667,82.5,14.800000000000011,0.0866064349952297,0.0647128925439397,-0.0333333333333332,0.0700577603875535,1.0,82.9,165.0,68.1,113.0,82.5,-1.0,96.5,99.1,97.7,98.3,2.5999999999999943,0.0094365859337695,0.008566827990248,-0.0119047619047623,0.0059716787777156,-1.0,99.1,165.0,96.5,42.0,0.0,-1.0,98.3,-1.0,36.32,36.69,36.51666666666666,36.56,0.3699999999999974,0.0037067896858506,0.0001306357119465,-0.0088095238095237,0.000871995528228,1.0,36.69,0.0,36.32,42.0,36.56,72.0,13.0,15.0,14.166666666666666,13.0,2.0,0.0485071250072665,-0.0039663767694042,0.0238095238095237,-0.0069871436556735,-1.0,15.0,42.0,13.0,240.0,0.0,-1.0,13.0,71.0,30.5,40.8,35.38333333333333,36.8,10.299999999999995,0.1076479741590649,0.0038326480113533,-0.1047619047619049,0.0527482765045649,1.0,40.8,165.0,30.5,114.0,0.0,-1.0,36.8,51.0,0.0,0.0,0.0,,,,,,,,,,0.0,,,,,,,,,,0.0,,,,,,,,,,0.0,,,,,,,,,,0.0,,,,,,,,,,0.0,,,,,,,,,,0.0,,,,,,,,,,0.0,,,,,,,,,,0.0,,,,,,,,,,0.0,,,,,,,,,,0.0,,,,,,,,,,0.0,,,,,,,,,,0.0,,,,,,,,,,1.0,1.0,157.0,157.0,0.0,0.0,-1.0,1.0,157.0,0.0,-1.0,0.0,-1.0,0.0,-1.0,2.0,0.0,,,0.0,0.0,2.0,240.0,240.0,0.0,0.0,14.5,14.5,0.2062588904694167,1,-0.3000000000000007,0.3000000000000007,-0.01875,-1,-11.299999999999995,11.299999999999995,-0.0862595419847328,-1,9.400000000000006,9.400000000000006,0.1285909712722299,1,3.0,3.0,0.0314795383001049,1,-0.4299999999999997,0.4299999999999997,-0.0116247634495809,-1,-1,1,-0.0714285714285714,-1,0,0,0.0,0,3,0,0,0,0,153.0,1,1,102,15,0,0,0,0,1,0,0,1,0,0,245,0,41,1,0,1,0,0,1,0,0,0,0,0,0,0,0,0,0,0,0,0,0,0,0,0,0,0,0.0,0.1111111111111111,0,1,1,0,0,0,0,0.5366412213740458,0.7608225108225108,57.900000000000006,92.4,11.806106870229009,9209.3,2600.397,0,0,0,0,0,0,0,0,0,0,0,0,1,1,0,0.0065359477124183,0.4594771241830065,5.0369526024136295,0,0,0,0,0
E001617,2026-05-14,83.7,23.3,107.4,72.5,97.2,0,37.49,14,33,Female,Asian,Pt states she had this problem many years ago and it was an issue w/ her ears,4,6,EMS,0,0,0,0,0,90.0,7.386,135.4,4.62,14.7,7.0,0,0,89.6,13.7,133.1,79.5,98.4,0,37.11,15,34.1,5.9,-0.38,1,,,,,1,0,0,0,0,0,0,0,0,0,0,0,361,3,6.0,69.4,99.2,88.06666666666666,89.6,29.8,0.1045478787216904,-0.03551287768258,-0.3900000000000003,0.0092955778024215,1.0,99.2,0.0,69.4,118.0,0.0,-1.0,89.6,30.0,12.9,19.9,15.666666666666666,13.7,6.999999999999998,0.1672075123777744,-0.0133993705109944,0.1566666666666665,-0.0281541009008461,-1.0,19.9,63.0,12.9,118.0,0.0,-1.0,13.7,55.0,110.8,145.4,125.56666666666666,133.1,34.60000000000001,0.0952461956716064,0.1024699001216549,0.126666666666666,0.0372613061509716,-1.0,145.4,148.0,110.8,0.0,133.1,-1.0,63.1,87.8,75.81666666666666,79.5,24.7,0.1149080986171358,0.0095804416813504,0.8233333333333329,-0.0057727072477859,-1.0,87.8,30.0,63.1,0.0,79.5,88.0,96.5,98.4,97.11666666666667,98.4,1.9000000000000057,0.0077379099485811,0.0056944077651408,-0.0033333333333336,0.0046485484679539,1.0,98.4,240.0,96.5,30.0,0.0,-1.0,98.4,-1.0,36.52,37.36,37.045,37.11,0.8399999999999963,0.0071940925745641,0.0010217723535701,0.0279999999999997,7.595667431505042e-07,-1.0,37.36,30.0,36.52,0.0,37.11,88.0,13.0,15.0,14.333333333333334,15.0,2.0,0.0520015808720881,0.0032556790385356,-0.0333333333333333,0.0111048657845564,1.0,15.0,0.0,13.0,63.0,0.0,-1.0,15.0,55.0,34.1,40.7,36.56666666666667,34.1,6.600000000000001,0.0783373042065408,-0.0100536407756481,0.1966666666666666,-0.0105959560666595,-1.0,40.7,30.0,34.1,240.0,0.0,-1.0,34.1,33.0,1.0,1.0,1.0,0.0,0.0,1.0,7.03,7.03,7.03,0.0,0.0,0.0,1.0,0.0,0.0,1.0,139.0,139.0,139.0,0.0,0.0,0.0,1.0,0.0,0.0,1.0,3.88,3.88,3.88,0.0,0.0,0.0,1.0,0.0,0.0,1.0,21.1,21.1,21.1,0.0,0.0,0.0,1.0,0.0,0.0,1.0,12.1,12.1,12.1,0.0,0.0,0.0,1.0,0.0,0.0,1.0,7.333,7.333,7.333,0.0,0.0,0.0,1.0,0.0,0.0,1.0,0.0,0.0,0.0,0.0,0.0,0.0,1.0,0.0,0.0,1.0,0.96,0.96,0.96,0.0,0.0,0.0,1.0,0.0,0.0,1.0,143.0,143.0,143.0,0.0,0.0,0.0,1.0,0.0,0.0,1.0,18.3,18.3,18.3,0.0,0.0,0.0,1.0,0.0,0.0,1.0,2.81,2.81,2.81,0.0,0.0,0.0,1.0,0.0,0.0,1.0,100.1,100.1,100.1,0.0,0.0,0.0,1.0,0.0,0.0,1.0,287.0,287.0,287.0,0.0,0.0,0.0,2.0,1.0,108.0,124.0,0.0,0.0,-1.0,1.0,108.0,0.0,-1.0,0.0,-1.0,1.0,124.0,3.0,0.0,108.0,,0.0,0.0,3.0,63.0,240.0,0.0,0.0,5.899999999999992,5.899999999999992,0.0704898446833929,1,-9.6,9.6,-0.4120171673819743,-1,25.69999999999999,25.69999999999999,0.2392923649906889,1,7.0,7.0,0.096551724137931,1,1.2000000000000028,1.2000000000000028,0.0123456790123457,1,-0.3800000000000025,0.3800000000000025,-0.0101360362763404,-1,1,1,0.0714285714285714,1,0,0,0.0,0,1,0,0,0,0,,0,0,77,17,0,0,0,0,0,1,0,0,0,1,110,0,42,3,0,0,0,0,1,1,0,0,0,0,1,0,0,0,0,0,0,0,0,0,0,1,1,0,0.0555555555555555,0.0,0,1,1,0,0,0,0,0.7793296089385475,0.9948494453248812,34.900000000000006,84.13333333333334,25.717877094972067,8989.380000000001,3137.9130000000005,0,0,0,0,0,0,0,0,2,1,0,0,1,4,0,,,,0,0,0,1,0
E001385,2026-05-11,90.6,14.3,139.4,58.6,98.3,0,36.79,15,40,Male,White,Chest pain. Community patient from workplace with symptom onset ~72 minutes before arrival.,4,1,Walk-in,0,0,0,0,0,95.0,7.375,136.1,3.95,13.0,9.0,0,0,81.9,15.5,120.9,76.7,97.9,0,36.56,14,34.3,-8.7,-0.23,-1,3.28,193.8,7.374,0.037,0,0,0,0,0,0,0,0,0,0,0,1,358,0,6.0,74.8,84.5,79.23333333333335,81.9,9.700000000000005,0.0398688002127004,0.006731379144642,0.0,0.0031226694252651,-1.0,84.5,90.0,74.8,108.0,0.0,-1.0,81.9,18.0,12.4,20.4,16.2,15.5,7.999999999999998,0.1455970335006953,-0.0035809706871696,0.0,-0.0083551856039646,-1.0,20.4,109.0,12.4,108.0,0.0,-1.0,15.5,80.0,120.9,139.5,129.79999999999998,120.9,18.599999999999994,0.0515392389870673,-0.005374339259971,0.0,-0.0182933577116464,-1.0,139.5,189.0,120.9,240.0,120.9,51.0,64.9,79.5,72.38333333333333,76.7,14.599999999999994,0.0668792395109802,0.0335742431523306,0.0,0.0383116414463396,1.0,79.5,108.0,64.9,90.0,76.7,1.0,96.0,97.9,96.91666666666669,97.9,1.9000000000000057,0.0079794378387757,0.0015694377703028,0.0,0.0119794548560154,1.0,97.9,0.0,96.0,90.0,0.0,-1.0,97.9,99.0,36.56,36.97,36.80166666666667,36.56,0.4099999999999966,0.0043798247097341,-0.0001864488226813,0.0,-0.0013775350638728,-1.0,36.97,108.0,36.56,240.0,36.56,132.0,14.0,15.0,14.833333333333334,14.0,1.0,0.0251243592977504,-0.0033829889476212,0.0,-0.0055813505906127,-1.0,15.0,0.0,14.0,240.0,0.0,-1.0,14.0,-1.0,31.4,36.0,34.31666666666667,34.3,4.600000000000001,0.0458414274756168,0.0078173954829409,0.0,0.00819159429355,1.0,36.0,109.0,31.4,90.0,0.0,-1.0,34.3,131.0,1.0,1.0,1.0,240.0,240.0,1.0,7.84,7.84,7.84,240.0,0.0,0.0,1.0,240.0,240.0,1.0,140.4,140.4,140.4,240.0,0.0,0.0,1.0,240.0,240.0,1.0,3.71,3.71,3.71,240.0,0.0,0.0,1.0,240.0,240.0,1.0,23.6,23.6,23.6,240.0,0.0,0.0,1.0,240.0,240.0,1.0,23.3,23.3,23.3,240.0,0.0,0.0,1.0,240.0,240.0,1.0,7.374,7.374,7.374,240.0,0.0,0.0,1.0,240.0,240.0,1.0,0.037,0.037,0.037,240.0,0.0,0.0,1.0,240.0,240.0,1.0,3.28,3.28,3.28,240.0,0.0,0.0,1.0,240.0,240.0,1.0,193.8,193.8,193.8,240.0,0.0,0.0,1.0,240.0,240.0,1.0,9.4,9.4,9.4,240.0,0.0,0.0,1.0,240.0,240.0,1.0,0.81,0.81,0.81,240.0,0.0,0.0,1.0,240.0,240.0,1.0,109.0,109.0,109.0,240.0,0.0,0.0,1.0,240.0,240.0,1.0,289.4,289.4,289.4,240.0,0.0,0.0,0.0,0.0,-1.0,-1.0,0.0,0.0,-1.0,0.0,-1.0,0.0,-1.0,0.0,-1.0,0.0,-1.0,0.0,0.0,,,0.0,0.0,4.0,240.0,189.0,1.0,0.0,-8.699999999999989,8.699999999999989,-0.096026490066225,-1,1.1999999999999993,1.1999999999999993,0.0839160839160838,1,-18.5,18.5,-0.1327116212338593,-1,18.1,18.1,0.3088737201365188,1,-0.3999999999999915,0.3999999999999915,-0.0040691759918615,-1,-0.2299999999999968,0.2299999999999968,-0.006251698831204,-1,-1,1,-0.0666666666666666,-1,0,0,0.0,0,3,0,0,0,0,72.0,1,0,91,13,0,0,0,0,0,1,0,1,0,0,150,1,50,3,0,1,0,0,0,0,0,0,0,0,0,0,0,1,0,0,0,0,0,0,0,0,0,0,0.0,0.0,0,1,1,0,0,0,0,0.6499282639885222,1.0592361652377238,80.80000000000001,85.53333333333333,25.99713055954089,12629.64,3333.1739999999995,0,0,0,0,0,0,0,0,0,0,0,0,0,0,0,0.0,1.2583333333333333,4.290459441148391,0,0,0,0,0
E000585,2026-05-14,113.0,22.8,105.4,62.6,97.2,0,37.34,14,14,Male,White,Syncope. Festival attendee from main stage with symptom onset ~210 minutes before arrival.,3,0,Police,0,0,0,0,0,106.7,7.355,135.0,4.29,12.8,9.0,1,1,81.9,17.7,114.9,89.4,97.3,0,37.19,14,32.8,-31.1,-0.15,0,,,,,1,0,1,0,0,0,0,0,0,0,0,0,361,3,8.0,81.9,102.0,90.2875,81.9,20.099999999999994,0.0887656690538224,-0.0358839993896811,0.4411439114391137,-0.0565066898457146,-1.0,102.0,137.0,81.9,240.0,0.0,-1.0,81.9,53.0,12.9,21.5,17.8875,17.7,8.6,0.1380874476777856,0.004603155148565,-0.1319188191881921,-0.0024446651972806,1.0,21.5,0.0,12.9,20.0,0.0,-1.0,17.7,75.0,104.1,139.7,122.0375,114.9,35.599999999999994,0.0840274799450321,-0.0079744166326906,0.0416051660516607,-0.1112159687082853,1.0,139.7,131.0,104.1,20.0,114.9,18.0,66.3,89.4,76.0625,89.4,23.10000000000001,0.0971905112670606,0.0602017053910667,-0.1671586715867165,0.0851954179989446,1.0,89.4,240.0,66.3,137.0,89.4,-1.0,94.6,97.3,96.075,97.3,2.700000000000003,0.0106877714170766,0.0020705818790316,-0.0633763837638383,0.0026681774438888,1.0,97.3,131.0,94.6,190.0,0.0,-1.0,97.3,50.0,36.7,37.31,37.0125,37.19,0.6099999999999994,0.0050954891489475,0.0004602905017871,0.0012638376383759,0.0002281687517461,1.0,37.31,131.0,36.7,137.0,37.19,6.0,13.0,15.0,14.25,14.0,2.0,0.0464166896677998,0.0019260063383117,-0.0249077490774908,0.0007605625058206,-1.0,15.0,20.0,13.0,38.0,0.0,-1.0,14.0,18.0,32.8,43.2,38.05,32.8,10.400000000000006,0.0862288027149693,-0.020491706916864,0.2078413284132839,-0.0181758917207339,-1.0,43.2,38.0,32.8,240.0,0.0,-1.0,32.8,57.0,0.0,0.0,0.0,,,,,,,,,,0.0,,,,,,,,,,0.0,,,,,,,,,,0.0,,,,,,,,,,0.0,,,,,,,,,,0.0,,,,,,,,,,0.0,,,,,,,,,,0.0,,,,,,,,,,0.0,,,,,,,,,,0.0,,,,,,,,,,0.0,,,,,,,,,,0.0,,,,,,,,,,0.0,,,,,,,,,,3.0,1.0,48.0,164.0,1.0,0.0,-1.0,1.0,147.0,0.0,-1.0,1.0,48.0,1.0,164.0,5.0,0.0,,,0.0,0.0,3.0,38.0,190.0,1.0,0.0,-31.099999999999994,31.099999999999994,-0.275221238938053,-1,-5.100000000000001,5.100000000000001,-0.2236842105263158,-1,9.5,9.5,0.0901328273244781,1,26.800000000000004,26.800000000000004,0.4281150159744409,1,0.0999999999999943,0.0999999999999943,0.001028806584362,1,-0.1500000000000056,0.1500000000000056,-0.004017139796465,-1,0,0,0.0,0,0,0,0.0,0,0,0,0,0,0,210.0,1,1,90,13,1,0,0,0,0,0,0,0,1,0,228,1,42,1,0,0,0,0,1,0,0,0,0,0,0,0,0,0,0,0,0,0,0,0,0,0,0,0,0.0,0.0,0,1,1,0,0,0,0,1.0721062618595825,1.4700780572419774,42.8,76.86666666666667,15.009487666034154,11910.2,4219.42,0,0,0,0,0,0,0,2,2,1,0,0,1,6,1,0.0285714285714285,0.5380952380952381,5.351858133476067,0,1,0,2,0
E001931,2026-05-14,96.5,34.1,118.0,70.6,93.9,0,38.15,15,29,Male,Black,Anxiety/panic. Festival attendee from festival medical tent with symptom onset ~243 minutes before arrival.,3,6,Walk-in,1,0,0,0,0,134.2,7.352,139.6,4.54,13.5,13.1,1,1,79.1,16.6,114.1,81.3,95.4,0,36.91,15,37.4,-17.4,-1.24,0,0.93,270.8,7.374,0.0,1,1,0,0,0,0,1,0,0,0,0,1,361,3,6.0,65.3,122.9,90.13333333333333,79.1,57.60000000000001,0.2001952650479373,-0.1082655160303047,-0.3413043478260871,-0.326119738255689,1.0,122.9,92.0,65.3,204.0,0.0,-1.0,83.55,9.0,16.6,25.4,21.45,16.6,8.799999999999997,0.1736818350194673,-0.0382569866037831,-0.008695652173913,-0.0519718722531496,-1.0,25.4,0.0,16.6,240.0,3.0,0.0,18.35,-1.0,108.5,125.1,116.15000000000002,114.1,16.599999999999994,0.0458541407033732,0.0342050072750988,-0.1391304347826091,0.0304502392811799,-1.0,125.1,204.0,108.5,46.0,117.35,36.0,63.3,81.3,72.10000000000001,81.3,18.0,0.0837017823556982,0.0281170036626358,0.0130434782608691,0.0159859361265751,1.0,81.3,240.0,63.3,213.0,72.3,-1.0,95.4,97.3,96.21666666666664,95.4,1.899999999999992,0.0058613976496409,-0.0028608700015053,0.0282608695652172,-0.0023517921672034,-1.0,97.3,46.0,95.4,240.0,0.0,-1.0,95.85,46.0,36.78,37.47,37.20666666666667,36.91,0.6899999999999977,0.0072296151233943,-0.001953138327229,-0.0023913043478262,-0.0020589901357553,1.0,37.47,0.0,36.78,213.0,36.845,-1.0,13.0,15.0,13.833333333333334,15.0,2.0,0.0648815037004157,0.0089809843961667,-3.6960069060806144e-17,0.0135755444867663,0.0,15.0,213.0,13.0,0.0,0.0,-1.0,15.0,-1.0,33.3,44.8,38.63333333333333,37.4,11.5,0.1036632828531976,-0.0373889920224775,-0.1152173913043478,-0.0457759546830745,1.0,44.8,0.0,33.3,204.0,0.0,-1.0,36.05,-1.0,2.0,1.0,1.0,0.0,240.0,2.0,4.98,6.96,6.96,240.0,1.9799999999999995,0.397590361445783,1.0,0.0,240.0,2.0,134.1,138.6,138.6,240.0,4.5,0.0335570469798657,1.0,0.0,240.0,2.0,3.95,4.45,4.45,240.0,0.5,0.1265822784810126,1.0,0.0,240.0,2.0,24.3,24.3,24.3,0.0,0.0,0.0,1.0,0.0,240.0,2.0,39.0,30.5,39.0,0.0,-8.5,-0.2179487179487179,1.0,0.0,240.0,2.0,7.37,7.374,7.374,240.0,0.0039999999999995,0.0005427408412482,1.0,0.0,240.0,2.0,0.068,0.0,0.068,0.0,-0.068,-1.0,1.0,0.0,240.0,2.0,4.22,0.93,4.22,0.0,-3.29,-0.7796208530805687,1.0,0.0,240.0,2.0,555.7,270.8,555.7,0.0,-284.90000000000003,-0.5126867014576211,1.0,0.0,240.0,2.0,14.0,11.8,14.0,0.0,-2.2,-0.157142857142857,1.0,0.0,240.0,2.0,1.5,6.03,6.03,240.0,4.53,3.02,1.0,0.0,240.0,2.0,95.1,91.1,95.1,0.0,-4.0,-0.0420609884332281,1.0,0.0,240.0,2.0,290.2,290.7,290.7,240.0,0.5,0.001722949689869,2.0,1.0,100.0,138.0,0.0,1.0,138.0,1.0,100.0,0.0,-1.0,0.0,-1.0,0.0,-1.0,4.0,0.0,100.0,,3.0,204.0,4.0,0.0,204.0,1.0,1.0,-17.400000000000006,17.400000000000006,-0.1803108808290156,-1,-17.5,17.5,-0.5131964809384164,-1,-3.9000000000000057,3.9000000000000057,-0.0330508474576271,-1,10.700000000000005,10.700000000000005,0.1515580736543909,1,1.5,1.5,0.0159744408945686,1,-1.240000000000002,1.240000000000002,-0.0325032765399738,-1,0,0,0.0,0,0,0,0.0,0,2,0,0,0,0,243.0,1,1,107,14,0,1,0,0,0,0,0,0,1,0,237,0,45,3,0,0,0,0,1,0,0,0,0,0,1,0,0,0,0,0,0,0,0,0,0,0,0,0,0.0,0.0,0,0,1,0,1,0,0,0.8177966101694916,1.1168981481481484,47.400000000000006,86.39999999999999,23.716101694915256,11387.0,3681.475,0,0,0,1,0,0,1,1,3,0,1,2,0,7,1,0.0288065843621399,0.397119341563786,5.497168225293202,0,1,1,2,0
E002004,2026-05-14,88.6,19.7,119.8,69.5,96.2,0,37.59,12,30,Male,Hispanic/Latino,Shortness of breath. Festival attendee from VIP tent with symptom onset ~54 minutes before arrival.,4,5,EMS,1,0,1,0,0,105.9,7.337,135.8,4.27,12.5,9.4,1,1,83.6,18.7,147.2,91.6,98.3,0,37.15,15,33.8,-5.0,-0.44,3,,,,,1,1,0,0,0,1,1,0,0,0,0,0,361,3,6.0,66.1,96.3,82.56666666666668,83.6,30.200000000000003,0.1402463748264899,-0.106551506553114,0.0,-0.1191749453153483,1.0,96.3,0.0,66.1,218.0,0.0,-1.0,74.85,22.0,16.6,22.0,18.4,18.7,5.399999999999999,0.093976176444514,0.0122598095758662,0.0,0.0193105176813707,-1.0,22.0,218.0,16.6,97.0,0.0,-1.0,20.35,22.0,111.0,147.2,127.66666666666669,147.2,36.19999999999999,0.1033523796306162,0.0607572755442844,0.0,0.1612114928909952,1.0,147.2,240.0,111.0,102.0,131.95,88.0,67.1,91.6,76.35000000000001,91.6,24.5,0.1147359452672821,0.0282465144506115,0.0,0.0189584852351437,1.0,91.6,240.0,67.1,190.0,81.19999999999999,-1.0,95.2,98.3,96.88333333333334,98.3,3.0999999999999943,0.0097085505312385,0.0077821496465217,0.0,0.002139537003281,-1.0,98.3,240.0,95.2,0.0,0.0,-1.0,97.55,-1.0,36.64,37.22,36.99999999999999,37.15,0.5799999999999983,0.0050994492605711,-0.0007499608139444,0.0,-0.0016750592417061,1.0,37.22,97.0,36.64,218.0,36.895,22.0,14.0,15.0,14.5,15.0,1.0,0.0344827586206896,0.0054137042678638,0.0,0.0079634524243528,0.0,15.0,190.0,14.0,0.0,0.0,-1.0,15.0,-1.0,33.6,43.3,37.5,33.8,9.699999999999996,0.0936122815620859,-0.0331670772829393,0.0,-0.0474685563251914,1.0,43.3,102.0,33.6,218.0,0.0,-1.0,33.7,-1.0,1.0,1.0,1.0,0.0,0.0,1.0,7.35,7.35,7.35,0.0,0.0,0.0,1.0,0.0,0.0,1.0,136.1,136.1,136.1,0.0,0.0,0.0,1.0,0.0,0.0,1.0,4.04,4.04,4.04,0.0,0.0,0.0,1.0,0.0,0.0,1.0,19.5,19.5,19.5,0.0,0.0,0.0,1.0,0.0,0.0,1.0,32.7,32.7,32.7,0.0,0.0,0.0,1.0,0.0,0.0,1.0,7.33,7.33,7.33,0.0,0.0,0.0,1.0,0.0,0.0,1.0,0.034,0.034,0.034,0.0,0.0,0.0,1.0,0.0,0.0,1.0,3.02,3.02,3.02,0.0,0.0,0.0,1.0,0.0,0.0,1.0,118.4,118.4,118.4,0.0,0.0,0.0,1.0,0.0,0.0,1.0,13.5,13.5,13.5,0.0,0.0,0.0,1.0,0.0,0.0,1.0,4.2,4.2,4.2,0.0,0.0,0.0,1.0,0.0,0.0,1.0,113.0,113.0,113.0,0.0,0.0,0.0,1.0,0.0,0.0,1.0,286.8,286.8,286.8,0.0,0.0,0.0,3.0,1.0,83.0,173.0,0.0,1.0,149.0,1.0,83.0,0.0,-1.0,0.0,-1.0,0.0,-1.0,4.0,0.0,83.0,,0.0,0.0,3.0,0.0,190.0,1.0,1.0,-5.0,5.0,-0.0564334085778781,-1,-1.0,1.0,-0.0507614213197969,-1,27.39999999999999,27.39999999999999,0.2287145242070116,1,22.099999999999994,22.099999999999994,0.3179856115107913,1,2.0999999999999943,2.0999999999999943,0.0218295218295217,1,-0.4400000000000048,0.4400000000000048,-0.0117052407555202,-1,3,3,0.25,1,0,0,0.0,0,0,0,0,0,0,54.0,1,1,99,15,0,0,0,0,1,0,1,0,0,0,207,0,46,3,0,1,0,0,0,1,0,0,0,0,0,0,0,1,0,0,0,0,0,0,0,0,0,0,0.0,0.0,0,1,0,0,0,0,0,0.7395659432387311,1.027047913446677,50.3,86.26666666666667,22.186978297161936,10614.28,3330.474,0,0,0,0,1,0,1,0,0,0,0,0,2,2,0,0.037037037037037,1.6407407407407406,4.007333185232471,1,0,2,0,1
E000878,2026-05-12,124.6,29.2,87.0,90.2,94.8,0,38.44,12,56,Female,Hispanic/Latino,Syncope. Festival attendee from campground with symptom onset ~234 minutes before arrival.,3,7,EMS,0,1,0,0,0,108.6,7.37,139.0,4.97,15.2,14.6,1,1,91.8,17.4,127.8,65.0,94.7,0,37.27,12,40.5,-32.8,-1.17,0,,,,,1,1,1,0,1,0,0,0,0,1,0,0,359,1,9.0,83.6,101.9,93.8,91.8,18.30000000000001,0.0631432532834151,-0.005013110664189,0.0,-0.0118146294888341,-1.0,101.9,89.0,83.6,156.0,0.0,-1.0,96.0,21.0,17.4,24.4,21.14444444444445,17.4,7.0,0.1228041955992353,-0.000767292075049,0.0,-0.0206393549870042,-1.0,24.4,177.0,17.4,240.0,2.0,170.0,18.75,44.0,114.1,133.2,125.0,127.8,19.099999999999994,0.0426099623197309,0.0141984674524577,0.0,0.0412044486093677,-1.0,133.2,170.0,114.1,94.0,127.9,30.0,59.5,82.1,71.57777777777778,65.0,22.599999999999994,0.0992895570714149,-0.0495091774649323,0.0,-0.0230628687283035,1.0,82.1,0.0,59.5,156.0,66.15,14.0,93.7,97.2,94.86666666666667,94.7,3.5,0.0105293914713785,0.0058142613477253,0.0,0.0047238479174403,-1.0,97.2,177.0,93.7,156.0,0.0,-1.0,94.95,44.0,36.85,37.66,37.40444444444445,37.27,0.8099999999999952,0.0067764607284262,-0.0003145541101295,0.0,0.0012670403309935,1.0,37.66,0.0,36.85,89.0,37.445,5.0,11.0,14.0,12.555555555555555,12.0,3.0,0.0662240245446715,0.0007764568111809,0.0,0.0049271826063381,-1.0,14.0,177.0,11.0,94.0,4.0,94.0,12.5,30.0,36.9,48.0,41.922222222222224,40.5,11.1,0.0834824713499729,-0.017058883429648,0.0,0.0104231129656806,1.0,48.0,0.0,36.9,170.0,0.0,-1.0,42.5,51.0,1.0,1.0,1.0,120.0,120.0,1.0,10.28,10.28,10.28,120.0,0.0,0.0,1.0,120.0,120.0,1.0,133.1,133.1,133.1,120.0,0.0,0.0,1.0,120.0,120.0,1.0,4.2,4.2,4.2,120.0,0.0,0.0,1.0,120.0,120.0,1.0,21.5,21.5,21.5,120.0,0.0,0.0,1.0,120.0,120.0,1.0,35.5,35.5,35.5,120.0,0.0,0.0,1.0,120.0,120.0,1.0,7.352,7.352,7.352,120.0,0.0,0.0,1.0,120.0,120.0,1.0,0.032,0.032,0.032,120.0,0.0,0.0,1.0,120.0,120.0,1.0,2.12,2.12,2.12,120.0,0.0,0.0,1.0,120.0,120.0,1.0,450.1,450.1,450.1,120.0,0.0,0.0,1.0,120.0,120.0,1.0,19.4,19.4,19.4,120.0,0.0,0.0,1.0,120.0,120.0,1.0,1.31,1.31,1.31,120.0,0.0,0.0,1.0,120.0,120.0,1.0,104.6,104.6,104.6,120.0,0.0,0.0,1.0,120.0,120.0,1.0,295.1,295.1,295.1,120.0,0.0,0.0,5.0,1.0,13.0,163.0,1.0,1.0,106.0,1.0,138.0,0.0,-1.0,1.0,13.0,1.0,163.0,5.0,0.0,-107.0,,6.0,76.0,5.0,94.0,221.0,1.0,0.0,-32.8,32.8,-0.2632423756019261,-1,-11.8,11.8,-0.4041095890410959,-1,40.8,40.8,0.4689655172413793,1,-25.200000000000003,25.200000000000003,-0.2793791574279379,-1,-0.0999999999999943,0.0999999999999943,-0.001054852320675,-1,-1.1699999999999946,1.1699999999999946,-0.030437044745057,-1,0,0,0.0,0,0,0,0.0,0,2,0,0,0,0,234.0,1,1,90,12,0,0,1,0,0,0,0,0,1,0,207,1,53,3,0,0,0,0,1,1,0,0,0,0,0,0,1,0,0,0,0,0,0,0,0,0,0,0,0.0,0.0,0,0,1,1,1,0,1,1.4321839080459768,1.3979057591623036,-3.200000000000003,89.13333333333334,80.2022988505747,10840.2,4789.624,0,0,0,1,0,0,1,2,3,3,1,2,2,13,1,0.0555555555555555,0.5324786324786325,5.459585514144159,0,1,1,3,1
E001388,2026-05-13,130.6,19.4,122.3,83.1,93.5,1,38.11,11,32,Female,White,Altered mental status. Festival attendee from campground with symptom onset ~234 minutes before arrival.,1,9,EMS,0,0,0,0,0,96.9,7.329,138.8,4.76,10.8,17.5,1,1,104.5,19.2,130.6,70.1,95.1,0,37.64,12,34.2,-26.1,-0.47,1,4.15,446.7,7.287,0.048,1,1,0,0,0,0,0,1,0,0,0,1,360,2,7.0,95.4,137.8,112.17142857142858,104.5,42.400000000000006,0.1190417727520493,-0.0526234752026907,0.0,-0.0749488517745302,1.0,137.8,78.0,95.4,84.0,1.0,78.0,101.55,6.0,17.1,25.1,20.728571428571428,19.2,8.0,0.12467871592772,-0.0213309697909742,0.0,-0.0341805845511482,-1.0,25.1,63.0,17.1,221.0,1.0,63.0,18.15,15.0,100.7,130.6,116.95714285714284,130.6,29.89999999999999,0.0745227826272916,0.0866956996028566,0.0,0.0620281837160752,-1.0,130.6,240.0,100.7,0.0,124.7,-1.0,66.9,84.8,74.97142857142856,70.1,17.89999999999999,0.0725292839495023,-0.0252967211531358,0.0,-0.0529947807933193,-1.0,84.8,78.0,66.9,192.0,73.3,6.0,94.4,96.0,95.05714285714284,95.1,1.5999999999999943,0.0065058193032501,0.0055565971807939,0.0,0.0066555323590814,-1.0,96.0,221.0,94.4,63.0,0.0,-1.0,95.55,19.0,37.04,37.95,37.52571428571429,37.64,0.9100000000000036,0.0078276285680617,0.0004110916043111,0.0,-0.0015783924843424,-1.0,37.95,78.0,37.04,0.0,37.605,114.0,10.0,12.0,11.285714285714286,12.0,2.0,0.0620123985514728,0.0038805274790207,0.0,0.0048016701461377,-1.0,12.0,63.0,10.0,78.0,7.0,0.0,12.0,15.0,34.2,45.4,40.02857142857143,34.2,11.199999999999996,0.0792114364452466,-0.020630997630776,0.0,-0.0303288100208768,-1.0,45.4,78.0,34.2,240.0,0.0,-1.0,37.8,-1.0,3.0,1.0,1.0,0.0,240.0,3.0,9.52,5.48,9.52,0.0,-4.039999999999999,-0.4243697478991596,1.0,0.0,240.0,3.0,141.1,141.2,141.2,240.0,0.0999999999999943,0.0007087172218284,1.0,0.0,240.0,3.0,3.78,4.7,4.84,120.0,0.9200000000000004,0.2433862433862434,1.0,0.0,240.0,3.0,25.1,18.9,25.1,0.0,-6.200000000000003,-0.2470119521912351,1.0,0.0,240.0,3.0,17.1,39.4,56.9,120.0,22.3,1.3040935672514615,1.0,0.0,240.0,3.0,7.316,7.287,7.375,120.0,-0.0289999999999999,-0.0039639147074904,1.0,0.0,240.0,3.0,0.111,0.048,0.111,0.0,-0.063,-0.5675675675675675,1.0,0.0,240.0,3.0,2.05,4.15,4.15,240.0,2.1000000000000005,1.0243902439024393,1.0,0.0,240.0,3.0,848.1,446.7,848.1,0.0,-401.4,-0.4732932437212593,1.0,0.0,240.0,3.0,26.3,30.9,30.9,240.0,4.599999999999998,0.1749049429657793,1.0,0.0,240.0,3.0,9.08,0.1,9.08,0.0,-8.98,-0.9889867841409692,1.0,0.0,240.0,3.0,117.5,124.7,126.6,120.0,7.200000000000003,0.0612765957446808,1.0,0.0,240.0,3.0,296.9,303.2,303.2,240.0,6.300000000000011,0.0212192657460424,2.0,1.0,24.0,95.0,1.0,1.0,95.0,1.0,24.0,0.0,-1.0,0.0,-1.0,0.0,-1.0,4.0,0.0,24.0,17.0,9.0,240.0,4.0,78.0,-1.0,1.0,0.0,-26.099999999999994,26.099999999999994,-0.1998468606431852,-1,-0.1999999999999993,0.1999999999999993,-0.0103092783505154,-1,8.299999999999997,8.299999999999997,0.0678659035159443,1,-13.0,13.0,-0.1564380264741275,-1,1.5999999999999943,1.5999999999999943,0.0171122994652405,1,-0.4699999999999988,0.4699999999999988,-0.0123327210705851,-1,1,1,0.0909090909090909,1,-1,1,-1.0,-1,0,0,0,0,1,234.0,1,1,104,14,0,0,1,0,0,0,0,0,1,0,220,0,44,3,0,0,1,0,0,0,1,0,0,0,1,1,0,0,1,0,0,0,0,0,0,0,0,0,0.0,0.1176470588235294,0,0,0,1,1,0,0,1.0678659035159443,1.358058925476603,39.2,96.16666666666666,34.17170891251022,15972.38,4977.165999999999,0,0,0,1,1,0,2,2,0,0,1,2,3,8,1,0.0341880341880341,0.5581196581196581,5.459585514144159,0,1,0,2,1
E000549,2026-05-13,81.0,23.3,112.7,74.8,97.4,0,36.79,15,25,Non-binary,Hispanic/Latino,Agitation. Festival attendee from beach shuttle stop with symptom onset ~112 minutes before arrival.,5,2,Walk-in,0,0,0,0,0,121.6,7.415,132.7,4.12,13.1,7.6,1,1,84.7,21.0,119.8,59.3,98.3,0,36.82,13,38.8,3.7,0.03,-2,0.71,174.1,7.42,0.0,0,0,0,0,0,0,0,0,0,0,0,1,360,2,7.0,77.1,94.5,87.97142857142856,84.7,17.400000000000006,0.0625917519165638,0.0292607290596952,0.0,-0.0128715633559904,-1.0,94.5,210.0,77.1,0.0,0.0,-1.0,89.6,30.0,10.9,21.0,15.371428571428572,21.0,10.1,0.2146900496424056,0.0019526105396295,0.0,0.0094399918839403,1.0,21.0,240.0,10.9,210.0,0.0,-1.0,15.95,30.0,107.3,128.2,122.5142857142857,119.8,20.89999999999999,0.0547760626099028,-0.0319304474962142,0.0,-0.0499480064928476,-1.0,128.2,179.0,107.3,206.0,122.7,4.0,59.3,84.5,73.87142857142858,59.3,25.200000000000003,0.1233149008179842,-0.0161952668558066,0.0,-0.0208240336816476,-1.0,84.5,70.0,59.3,240.0,69.65,-1.0,94.2,98.3,96.79999999999998,98.3,4.099999999999994,0.0135709137338519,0.0121107688023254,0.0,0.0170855737039665,1.0,98.3,240.0,94.2,77.0,0.0,-1.0,97.9,-1.0,36.41,37.09,36.70428571428572,36.82,0.6800000000000068,0.0057975467812604,0.0001515151515151,0.0,-0.0008635994724561,1.0,37.09,77.0,36.41,210.0,36.615,129.0,13.0,15.0,14.571428571428571,13.0,2.0,0.0499903873881645,-0.0027645785830736,0.0,-0.0025109059551587,-1.0,15.0,0.0,13.0,240.0,0.0,-1.0,14.0,-1.0,32.6,38.8,36.6,38.8,6.199999999999996,0.0687650461808409,0.0071499022389315,0.0,-0.0090202394237597,-1.0,38.8,240.0,32.6,206.0,0.0,-1.0,38.7,-1.0,1.0,1.0,1.0,240.0,240.0,1.0,9.11,9.11,9.11,240.0,0.0,0.0,1.0,240.0,240.0,1.0,141.3,141.3,141.3,240.0,0.0,0.0,1.0,240.0,240.0,1.0,3.47,3.47,3.47,240.0,0.0,0.0,1.0,240.0,240.0,1.0,20.6,20.6,20.6,240.0,0.0,0.0,1.0,240.0,240.0,1.0,24.3,24.3,24.3,240.0,0.0,0.0,1.0,240.0,240.0,1.0,7.42,7.42,7.42,240.0,0.0,0.0,1.0,240.0,240.0,1.0,0.0,0.0,0.0,240.0,0.0,0.0,1.0,240.0,240.0,1.0,0.71,0.71,0.71,240.0,0.0,0.0,1.0,240.0,240.0,1.0,174.1,174.1,174.1,240.0,0.0,0.0,1.0,240.0,240.0,1.0,11.4,11.4,11.4,240.0,0.0,0.0,1.0,240.0,240.0,1.0,0.1,0.1,0.1,240.0,0.0,0.0,1.0,240.0,240.0,1.0,94.2,94.2,94.2,240.0,0.0,0.0,1.0,240.0,240.0,1.0,284.5,284.5,284.5,240.0,0.0,0.0,0.0,0.0,-1.0,-1.0,0.0,0.0,-1.0,0.0,-1.0,0.0,-1.0,0.0,-1.0,0.0,-1.0,0.0,0.0,,,0.0,0.0,3.0,240.0,206.0,1.0,0.0,3.700000000000003,3.700000000000003,0.045679012345679,1,-2.3000000000000007,2.3000000000000007,-0.0987124463519313,-1,7.099999999999994,7.099999999999994,0.0629991126885536,1,-15.5,15.5,-0.2072192513368984,-1,0.8999999999999915,0.8999999999999915,0.0092402464065707,1,0.0300000000000011,0.0300000000000011,0.0008154389779831,1,-2,2,-0.1333333333333333,-1,0,0,0.0,0,2,0,0,0,0,112.0,1,1,100,14,0,0,0,0,1,0,0,1,0,0,255,0,42,2,0,1,0,0,0,0,0,0,0,0,0,0,1,1,0,0,0,0,0,0,0,1,1,0,0.1333333333333333,0.0,0,1,1,0,0,0,0,0.7187222715173025,0.9264201296225696,37.900000000000006,87.43333333333334,17.96805678793256,9128.7,2979.99,0,1,0,0,0,0,1,0,2,0,0,0,0,2,0,0.0178571428571428,0.7232142857142857,4.727387818712341,0,0,0,1,0
E002064,2026-05-11,125.0,33.3,113.2,80.2,92.4,1,37.63,9,29,Male,Black,Chest pain. Festival attendee from festival medical tent with symptom onset ~55 minutes before arrival.,2,8,Police,0,0,0,0,0,107.7,7.354,144.3,5.02,12.3,16.6,1,1,110.0,19.9,140.5,74.9,95.2,1,37.89,11,38.8,-15.0,0.26,2,3.98,502.8,7.352,0.07,0,1,0,0,0,0,1,1,1,0,0,1,358,0,8.0,101.9,121.3,111.5125,110.0,19.39999999999999,0.055641506585417,-0.0388300639991671,0.1300382043935053,-0.0384186629620844,-1.0,121.3,51.0,101.9,162.0,0.0,-1.0,110.0,9.0,19.9,29.0,23.3625,19.9,9.1,0.1207437737926098,-0.004624330090015,0.011795606494747,-0.0519144105987192,-1.0,29.0,99.0,19.9,240.0,3.0,51.0,19.9,28.0,113.9,140.5,122.4125,140.5,26.599999999999994,0.0686392070497872,0.0992962693168221,-0.0260267430754533,0.1027411649103784,1.0,140.5,240.0,113.9,60.0,140.5,-1.0,67.3,86.0,74.3125,74.9,18.700000000000003,0.0734852053398886,0.0107146573703108,-0.0817574021012415,-0.0391590146715005,1.0,86.0,129.0,67.3,162.0,74.9,33.0,91.0,95.7,94.2,95.2,4.700000000000003,0.0167176387983265,0.0145168843332122,0.0454154727793694,0.0014180191779894,-1.0,95.7,99.0,91.0,0.0,0.0,-1.0,95.2,28.0,37.43,37.9,37.6475,37.89,0.4699999999999988,0.0046573864785441,0.0008983297778241,0.0019054441260745,0.001496798021211,1.0,37.9,99.0,37.43,127.0,37.89,28.0,11.0,13.0,11.5,11.0,2.0,0.0614875461901345,0.0005203184348821,5.578435264995677e-17,-0.0128417985294616,0.0,13.0,99.0,11.0,0.0,7.0,0.0,11.0,28.0,36.4,47.5,41.9125,38.8,11.1,0.0839698959404691,-0.0261603101097871,0.1074498567335243,-0.0261071392267814,-1.0,47.5,60.0,36.4,129.0,0.0,-1.0,38.8,39.0,3.0,1.0,1.0,0.0,240.0,3.0,10.87,5.39,12.21,120.0,-5.48,-0.5041398344066237,1.0,0.0,240.0,3.0,139.7,145.4,145.4,240.0,5.700000000000017,0.0408017179670724,1.0,0.0,240.0,3.0,4.17,4.25,4.68,120.0,0.08,0.0191846522781774,1.0,0.0,240.0,3.0,20.6,16.0,20.6,0.0,-4.600000000000001,-0.2233009708737864,1.0,0.0,240.0,3.0,46.1,26.0,46.1,0.0,-20.1,-0.4360086767895879,1.0,0.0,240.0,3.0,7.37,7.352,7.374,120.0,-0.0179999999999997,-0.0024423337856173,1.0,0.0,240.0,3.0,0.103,0.07,0.103,0.0,-0.0329999999999999,-0.320388349514563,1.0,0.0,240.0,3.0,3.15,3.98,4.31,120.0,0.8300000000000001,0.2634920634920635,1.0,0.0,240.0,3.0,661.1,502.8,686.0,120.0,-158.3,-0.2394494025109665,1.0,0.0,240.0,3.0,26.1,23.3,26.1,0.0,-2.8000000000000007,-0.10727969348659,1.0,0.0,240.0,3.0,2.32,8.68,8.68,240.0,6.359999999999999,2.7413793103448274,1.0,0.0,240.0,3.0,121.9,131.8,131.8,240.0,9.900000000000006,0.081214109926169,1.0,0.0,240.0,3.0,292.0,298.7,301.6,120.0,6.699999999999989,0.022945205479452,1.0,1.0,20.0,20.0,1.0,1.0,20.0,0.0,-1.0,0.0,-1.0,0.0,-1.0,0.0,-1.0,4.0,0.0,20.0,,10.0,113.0,4.0,0.0,-1.0,0.0,0.0,-15.0,15.0,-0.12,-1,-13.4,13.4,-0.4024024024024024,-1,27.3,27.3,0.2411660777385158,1,-5.299999999999997,5.299999999999997,-0.0660847880299251,-1,2.799999999999997,2.799999999999997,0.0303030303030302,1,0.259999999999998,0.259999999999998,0.0069093808131809,1,2,2,0.2222222222222222,1,0,0,0.0,0,0,0,0,0,0,55.0,1,1,103,15,0,1,0,0,0,0,1,0,0,0,236,0,39,3,0,0,0,1,0,0,0,0,1,0,1,0,1,0,0,1,0,0,0,0,0,0,0,0,0.0,0.0,0,0,1,1,0,0,1,1.1042402826855124,1.3706140350877192,33.0,91.2,32.02296819787986,14150.0,4703.75,1,0,0,1,0,0,2,2,3,0,2,0,3,10,1,0.1818181818181818,2.272727272727273,4.02535169073515,1,0,0,2,2
E001965,2026-05-12,79.4,24.7,113.7,75.7,97.3,0,37.27,15,52,Female,White,"Back Pain lower back pain since yesterday, denies trauma, stated that its going down to her left leg.",3,6,EMS,0,0,0,1,0,87.9,7.433,142.1,4.47,15.4,6.8,0,0,99.9,17.4,119.8,74.2,97.2,0,37.17,15,36.9,20.5,-0.1,0,2.49,145.0,7.394,0.007,0,0,0,0,0,0,0,0,0,0,0,1,359,1,8.0,79.0,101.8,88.6875,99.9,22.8,0.0932270814562773,-0.0493923668568552,0.0,0.0572561888680027,1.0,101.8,0.0,79.0,175.0,0.0,-1.0,99.9,65.0,12.5,18.9,15.8,17.4,6.399999999999999,0.1300166998998362,0.0132990905360145,0.0,0.0256650842705578,-1.0,18.9,209.0,12.5,175.0,0.0,-1.0,17.4,-1.0,102.7,145.6,124.375,119.8,42.89999999999999,0.1176157678706246,0.1062034181019076,0.0,0.0087854844362315,-1.0,145.6,209.0,102.7,0.0,119.8,31.0,68.7,80.6,75.0125,74.2,11.899999999999991,0.0477759839661821,-0.0161128688492037,0.0,-0.0316994297001944,1.0,80.6,175.0,68.7,209.0,74.2,31.0,95.2,98.3,96.775,97.2,3.0999999999999943,0.0105220417744336,-0.0040972213029031,0.0,0.0135963934112849,1.0,98.3,0.0,95.2,193.0,0.0,-1.0,97.2,16.0,36.68,37.17,36.86625,37.17,0.490000000000002,0.0041469837183712,0.000147539681489,0.0,0.0006972631981393,1.0,37.17,240.0,36.68,193.0,37.17,-1.0,14.0,15.0,14.875,15.0,1.0,0.0222332042946604,0.0010524364897602,0.0,0.0069614808678752,1.0,15.0,0.0,14.0,119.0,0.0,-1.0,15.0,36.0,31.8,38.3,35.9,36.9,6.4999999999999964,0.0547089675247976,-0.0053958882166827,0.0,0.0217829037499601,1.0,38.3,175.0,31.8,155.0,0.0,-1.0,36.9,20.0,1.0,1.0,1.0,240.0,240.0,1.0,6.66,6.66,6.66,240.0,0.0,0.0,1.0,240.0,240.0,1.0,134.2,134.2,134.2,240.0,0.0,0.0,1.0,240.0,240.0,1.0,3.76,3.76,3.76,240.0,0.0,0.0,1.0,240.0,240.0,1.0,23.9,23.9,23.9,240.0,0.0,0.0,1.0,240.0,240.0,1.0,44.6,44.6,44.6,240.0,0.0,0.0,1.0,240.0,240.0,1.0,7.394,7.394,7.394,240.0,0.0,0.0,1.0,240.0,240.0,1.0,0.007,0.007,0.007,240.0,0.0,0.0,1.0,240.0,240.0,1.0,2.49,2.49,2.49,240.0,0.0,0.0,1.0,240.0,240.0,1.0,145.0,145.0,145.0,240.0,0.0,0.0,1.0,240.0,240.0,1.0,10.6,10.6,10.6,240.0,0.0,0.0,1.0,240.0,240.0,1.0,2.57,2.57,2.57,240.0,0.0,0.0,1.0,240.0,240.0,1.0,101.9,101.9,101.9,240.0,0.0,0.0,1.0,240.0,240.0,1.0,285.2,285.2,285.2,240.0,0.0,0.0,0.0,0.0,-1.0,-1.0,0.0,0.0,-1.0,0.0,-1.0,0.0,-1.0,0.0,-1.0,0.0,-1.0,0.0,0.0,,,0.0,0.0,3.0,119.0,193.0,1.0,0.0,20.5,20.5,0.2581863979848866,1,-7.300000000000001,7.300000000000001,-0.2955465587044534,-1,6.099999999999994,6.099999999999994,0.0536499560246261,1,-1.5,1.5,-0.0198150594451783,-1,-0.0999999999999943,0.0999999999999943,-0.001027749229188,-1,-0.1000000000000014,0.1000000000000014,-0.0026831231553528,-1,0,0,0.0,0,0,0,0.0,0,2,0,0,0,0,,0,0,101,18,0,0,0,0,0,1,0,0,0,1,113,0,50,2,0,0,0,0,0,0,0,0,0,0,0,1,1,0,0,0,0,0,0,0,0,0,0,0,0.0,0.0,0,1,1,0,0,0,0,0.6983289357959543,0.8985288570350811,38.0,88.36666666666667,36.31310466138962,9027.78,2959.2380000000003,0,0,0,0,0,0,0,0,2,0,0,0,0,2,0,,,,0,0,1,1,0
E000712,2026-05-11,93.0,17.7,98.7,78.0,98.5,0,37.22,15,29,Female,Asian,Agitation. Festival attendee from VIP tent with symptom onset ~140 minutes before arrival.,4,4,Walk-in,1,0,0,0,1,89.7,7.36,136.5,2.96,12.6,13.4,1,1,101.0,15.2,144.7,83.6,96.8,0,36.79,14,36.8,8.0,-0.43,-1,,,,,0,0,0,0,1,0,0,0,0,0,0,0,358,0,9.0,72.9,101.0,87.06666666666666,101.0,28.099999999999994,0.0855509833574785,0.0582983675844534,-0.0001452081316552,0.027540307009075,1.0,101.0,240.0,72.9,21.0,0.0,-1.0,93.25,-1.0,10.4,18.4,14.88888888888889,15.2,7.999999999999998,0.1796757059893992,0.0002710483599276,-0.0569699903194578,-0.0209162000386174,1.0,18.4,75.0,10.4,221.0,0.0,-1.0,12.8,26.0,106.0,144.7,123.1888888888889,144.7,38.69999999999999,0.0960683128036484,-0.0183975988484277,0.261471442400775,0.042223402201197,1.0,144.7,240.0,106.0,101.0,126.8,-1.0,65.8,83.6,76.23333333333333,83.6,17.799999999999997,0.0726684124548919,0.025043643379988,0.2047434656340754,0.0787217609577139,1.0,83.6,240.0,65.8,90.0,80.5,11.0,94.0,98.8,96.65555555555557,96.8,4.799999999999997,0.0141698982003025,-0.0081437015711618,-0.0450629235237166,-0.0066410021239622,1.0,98.8,75.0,94.0,205.0,0.0,-1.0,96.7,16.0,36.68,37.34,37.01666666666667,36.79,0.6600000000000037,0.0056437423200332,-0.0014907659796025,-0.0046224588576955,-0.0022767426144042,1.0,37.34,90.0,36.68,205.0,36.9,16.0,13.0,15.0,14.22222222222222,14.0,2.0,0.055242717280199,-0.0003522097332394,0.0232333010648597,-0.0046944390809036,0.0,15.0,37.0,13.0,21.0,0.0,-1.0,14.5,16.0,31.5,39.1,36.45555555555556,36.8,7.600000000000001,0.0726795906652307,-0.0017656427061959,0.0293320425943858,-0.0116347267812318,1.0,39.1,37.0,31.5,21.0,0.0,-1.0,34.4,16.0,2.0,1.0,1.0,0.0,120.0,2.0,6.71,6.71,6.71,0.0,0.0,0.0,1.0,0.0,120.0,2.0,134.2,133.9,134.2,0.0,-0.2999999999999829,-0.002235469448584,1.0,0.0,120.0,2.0,4.7,4.09,4.7,0.0,-0.6100000000000003,-0.1297872340425532,1.0,0.0,120.0,2.0,23.2,22.4,23.2,0.0,-0.8000000000000007,-0.0344827586206896,1.0,0.0,120.0,2.0,40.2,24.5,40.2,0.0,-15.700000000000005,-0.3905472636815921,1.0,0.0,120.0,2.0,7.367,7.377,7.377,120.0,0.0099999999999997,0.0013574046423238,1.0,0.0,120.0,2.0,0.051,0.028,0.051,0.0,-0.0229999999999999,-0.4509803921568627,1.0,0.0,120.0,2.0,2.27,1.45,2.27,0.0,-0.8200000000000001,-0.3612334801762115,1.0,0.0,120.0,2.0,399.5,96.3,399.5,0.0,-303.2,-0.7589486858573217,1.0,0.0,120.0,2.0,22.2,17.4,22.2,0.0,-4.800000000000001,-0.2162162162162162,1.0,0.0,120.0,2.0,1.39,2.14,2.14,120.0,0.7500000000000002,0.5395683453237412,1.0,0.0,120.0,2.0,101.9,104.1,104.1,120.0,2.1999999999999886,0.0215897939156034,1.0,0.0,120.0,2.0,290.7,287.8,290.7,0.0,-2.8999999999999773,-0.0099759201926383,1.0,1.0,107.0,107.0,0.0,0.0,-1.0,0.0,-1.0,0.0,-1.0,0.0,-1.0,0.0,-1.0,0.0,0.0,107.0,,0.0,0.0,5.0,21.0,205.0,1.0,0.0,8.0,8.0,0.086021505376344,1,-2.5,2.5,-0.1412429378531073,-1,45.99999999999999,45.99999999999999,0.4660587639311042,1,5.599999999999994,5.599999999999994,0.0717948717948717,1,-1.7000000000000028,1.7000000000000028,-0.0172588832487309,-1,-0.4299999999999997,0.4299999999999997,-0.0115529285330467,-1,-1,1,-0.0666666666666666,-1,0,0,0.0,0,3,0,0,0,0,140.0,1,1,90,13,0,0,0,0,1,0,0,1,0,0,247,0,42,2,0,0,0,0,0,1,0,0,0,0,0,0,0,1,0,0,0,0,0,0,0,0,1,0,0.1428571428571428,0.0,0,0,1,0,0,0,0,0.9422492401215804,1.0954063604240285,20.700000000000003,84.9,27.325227963525837,9179.1,3461.46,1,0,0,1,0,0,2,1,0,2,0,0,0,3,0,0.0214285714285714,0.6642857142857143,4.948759890378168,0,0,2,0,0
E000406,2026-05-15,90.5,25.2,117.0,65.0,94.0,0,37.25,12,14,Female,White,Chest pain. Festival attendee from festival medical tent with symptom onset ~89 minutes before arrival.,4,6,EMS,0,0,0,0,0,92.1,7.402,135.0,4.47,10.3,13.3,1,1,78.3,17.2,118.9,76.9,96.5,0,36.95,14,37.2,-12.2,-0.3,2,,,,,1,0,0,0,1,0,0,0,0,0,0,0,362,4,7.0,76.3,117.5,91.19999999999996,78.3,41.2,0.1461022028213842,-0.0283927732499948,0.0949999999999997,0.0161764705882354,-1.0,117.5,210.0,76.3,228.0,0.0,-1.0,90.7,18.0,13.1,25.1,19.0,17.2,12.000000000000002,0.2214639924692666,-0.0147844026390505,0.0549999999999999,-0.0324725011956001,1.0,25.1,210.0,13.1,228.0,1.0,210.0,18.46666666666667,18.0,110.2,143.8,119.38571428571429,118.9,33.60000000000001,0.0872636880821878,0.056347917560308,0.1599999999999997,0.0634505021520803,-1.0,143.8,210.0,110.2,0.0,127.0,18.0,70.5,84.6,78.58571428571429,76.9,14.099999999999994,0.0567181258299509,0.0029331862654982,-0.2250000000000004,0.0502630320420851,1.0,84.6,0.0,70.5,82.0,79.33333333333333,78.0,96.0,97.7,96.54285714285712,96.5,1.7000000000000028,0.0057500323254588,0.0038937230630962,-4.371878836413026e-16,0.0043400286944046,0.0,97.7,210.0,96.0,82.0,0.0,-1.0,96.9,18.0,36.92,37.39,37.07571428571429,36.95,0.4699999999999988,0.0040926582478406,-0.0008004473313315,0.0107499999999997,-0.0012446197991391,-1.0,37.39,40.0,36.92,210.0,36.98,42.0,12.0,15.0,13.142857142857142,14.0,3.0,0.085587042108824,0.0030894458402271,-0.05,0.009923481587757,1.0,15.0,210.0,12.0,40.0,3.0,40.0,13.666666666666666,120.0,37.2,42.0,39.48571428571429,37.2,4.799999999999997,0.034364764549187,-0.0125411075025021,-0.0650000000000002,-0.0150286944045911,1.0,42.0,0.0,37.2,240.0,0.0,-1.0,38.4,-1.0,1.0,1.0,1.0,0.0,0.0,1.0,7.17,7.17,7.17,0.0,0.0,0.0,1.0,0.0,0.0,1.0,142.1,142.1,142.1,0.0,0.0,0.0,1.0,0.0,0.0,1.0,4.1,4.1,4.1,0.0,0.0,0.0,1.0,0.0,0.0,1.0,20.7,20.7,20.7,0.0,0.0,0.0,1.0,0.0,0.0,1.0,28.2,28.2,28.2,0.0,0.0,0.0,1.0,0.0,0.0,1.0,7.337,7.337,7.337,0.0,0.0,0.0,1.0,0.0,0.0,1.0,0.11,0.11,0.11,0.0,0.0,0.0,1.0,0.0,0.0,1.0,3.26,3.26,3.26,0.0,0.0,0.0,1.0,0.0,0.0,1.0,762.3,762.3,762.3,0.0,0.0,0.0,1.0,0.0,0.0,1.0,17.6,17.6,17.6,0.0,0.0,0.0,1.0,0.0,0.0,1.0,1.14,1.14,1.14,0.0,0.0,0.0,1.0,0.0,0.0,1.0,122.9,122.9,122.9,0.0,0.0,0.0,1.0,0.0,0.0,1.0,298.4,298.4,298.4,0.0,0.0,0.0,2.0,1.0,22.0,146.0,1.0,0.0,-1.0,1.0,22.0,0.0,-1.0,0.0,-1.0,0.0,-1.0,2.0,0.0,22.0,,4.0,120.0,4.0,40.0,210.0,0.0,0.0,-12.200000000000005,12.200000000000005,-0.1348066298342541,-1,-8.0,8.0,-0.3174603174603174,-1,1.9000000000000057,1.9000000000000057,0.0162393162393162,1,11.900000000000006,11.900000000000006,0.1830769230769231,1,2.5,2.5,0.026595744680851,1,-0.2999999999999971,0.2999999999999971,-0.0080536912751677,-1,2,2,0.1666666666666666,1,0,0,0.0,0,0,0,0,0,0,89.0,1,1,103,15,0,1,0,0,0,0,0,1,0,0,247,0,42,2,0,1,0,0,1,0,0,0,0,0,0,0,0,1,0,0,0,0,0,0,0,0,0,0,0.0,0.0,0,0,1,0,0,0,0,0.7735042735042735,1.0991902834008098,52.0,82.33333333333333,10.82905982905983,10588.5,3371.125,0,0,0,1,0,0,1,0,3,0,1,0,2,6,1,0.0674157303370786,1.0168539325842696,4.499809670330265,0,0,0,1,1
E000156,2026-05-12,75.0,15.4,102.4,73.5,95.9,0,36.07,14,38,Female,Black,Hemorrhoids has been rectal bleeding off and on since Sunday from hemorrhoids,5,3,EMS,1,0,0,0,1,88.1,7.426,142.6,3.48,12.0,5.0,0,0,52.9,15.6,139.8,76.5,95.4,0,36.27,14,35.7,-22.1,0.2,0,,,,,1,1,0,0,0,0,0,0,0,0,0,0,359,1,8.0,52.9,88.1,70.5625,52.9,35.2,0.1669646150338324,-0.0020380249848117,0.0,-0.0787955696202533,-1.0,88.1,121.0,52.9,240.0,0.0,-1.0,52.9,119.0,7.5,16.2,13.7,15.6,8.7,0.206357736397477,0.0113032537356045,0.0,0.0054778481012658,-1.0,16.2,121.0,7.5,101.0,1.0,101.0,15.6,71.0,124.1,139.8,130.52499999999998,139.8,15.700000000000015,0.0369273743659177,0.0290927319626992,0.0,0.0478044303797466,1.0,139.8,240.0,124.1,101.0,139.8,-1.0,70.8,91.8,81.08749999999999,76.5,21.0,0.0815975262393804,0.0050829451934281,0.0,0.0201848101265821,-1.0,91.8,96.0,70.8,70.0,76.5,26.0,95.4,100.0,97.4875,95.4,4.599999999999994,0.0138615757200942,0.000788452409013,0.0,-0.006173417721519,-1.0,100.0,121.0,95.4,240.0,0.0,-1.0,95.4,119.0,36.27,36.79,36.54375,36.27,0.519999999999996,0.0040029293044839,-0.0014311324168472,0.0,-0.0014203797468355,-1.0,36.79,121.0,36.27,240.0,36.27,-1.0,13.0,15.0,14.25,14.0,2.0,0.0464166896677998,0.0009893002858347,0.0,-0.0056202531645569,-1.0,15.0,70.0,13.0,0.0,0.0,-1.0,14.0,29.0,28.8,36.1,32.825,35.7,7.300000000000001,0.0770361049660006,0.0126716751376887,0.0,0.0145949367088606,1.0,36.1,101.0,28.8,99.0,1.0,99.0,35.7,20.0,1.0,1.0,1.0,0.0,0.0,1.0,7.6,7.6,7.6,0.0,0.0,0.0,1.0,0.0,0.0,1.0,139.4,139.4,139.4,0.0,0.0,0.0,1.0,0.0,0.0,1.0,3.32,3.32,3.32,0.0,0.0,0.0,1.0,0.0,0.0,1.0,22.3,22.3,22.3,0.0,0.0,0.0,1.0,0.0,0.0,1.0,30.4,30.4,30.4,0.0,0.0,0.0,1.0,0.0,0.0,1.0,7.417,7.417,7.417,0.0,0.0,0.0,1.0,0.0,0.0,1.0,0.0,0.0,0.0,0.0,0.0,0.0,1.0,0.0,0.0,1.0,1.67,1.67,1.67,0.0,0.0,0.0,1.0,0.0,0.0,1.0,271.4,271.4,271.4,0.0,0.0,0.0,1.0,0.0,0.0,1.0,15.9,15.9,15.9,0.0,0.0,0.0,1.0,0.0,0.0,1.0,0.1,0.1,0.1,0.0,0.0,0.0,1.0,0.0,0.0,1.0,88.3,88.3,88.3,0.0,0.0,0.0,1.0,0.0,0.0,1.0,291.1,291.1,291.1,0.0,0.0,0.0,2.0,1.0,60.0,127.0,1.0,1.0,127.0,1.0,60.0,0.0,-1.0,0.0,-1.0,0.0,-1.0,4.0,0.0,60.0,,2.0,20.0,3.0,0.0,192.0,1.0,0.0,-22.1,22.1,-0.2946666666666667,-1,0.1999999999999993,0.1999999999999993,0.0129870129870129,1,37.400000000000006,37.400000000000006,0.365234375,1,3.0,3.0,0.0408163265306122,1,-0.5,0.5,-0.0052137643378519,-1,0.2000000000000028,0.2000000000000028,0.0055447740504575,1,0,0,0.0,0,0,0,0.0,0,1,0,0,0,0,,0,0,77,12,0,0,0,0,0,1,0,0,0,1,132,1,43,2,0,1,0,0,0,0,0,0,0,0,0,0,0,0,0,0,0,0,0,0,0,0,1,0,0.0769230769230769,0.0,0,1,1,0,0,0,0,0.732421875,0.9021651964715316,28.90000000000001,83.13333333333334,27.83203125,7680.0,2705.25,1,0,0,0,0,0,1,0,0,1,0,0,1,2,0,,,,0,0,2,0,0
E001612,2026-05-12,136.2,31.8,126.5,67.2,93.4,1,38.47,11,58,Female,White,Nausea/vomiting. Festival attendee from main stage with symptom onset ~39 minutes before arrival.,2,10,EMS,0,1,0,1,1,143.5,7.243,135.4,4.53,15.5,18.5,1,1,122.0,27.3,114.7,61.7,90.9,1,37.9,11,43.5,-14.2,-0.57,0,2.68,773.3,7.356,0.153,1,0,0,0,0,0,0,1,0,0,0,1,359,1,7.0,107.0,128.8,121.42857142857144,122.0,21.80000000000001,0.055479788395552,0.000681938507005,0.0,-0.0083416651517903,1.0,128.8,151.0,107.0,178.0,0.0,-1.0,122.0,62.0,21.2,27.3,24.6,27.3,6.100000000000001,0.0947125808960516,0.0071022749721455,0.0,0.0304580985275404,1.0,27.3,240.0,21.2,176.0,4.0,0.0,27.3,2.0,103.7,132.1,116.2857142857143,114.7,28.39999999999999,0.085188388987238,0.0616905437333564,0.0,0.0162129612797674,-1.0,132.1,151.0,103.7,0.0,114.7,27.0,61.7,86.6,73.25714285714287,61.7,24.89999999999999,0.1061734649351522,-0.0245201539300361,0.0,-0.1258157607707688,-1.0,86.6,125.0,61.7,240.0,61.7,26.0,90.9,95.1,93.01428571428572,90.9,4.199999999999989,0.0169933300395315,0.0055072658453904,0.0,-0.0070873477549534,-1.0,95.1,176.0,90.9,240.0,1.0,240.0,90.9,64.0,37.37,38.35,37.94428571428572,37.9,0.980000000000004,0.0091075238133893,-0.0018137746837243,0.0,-0.0013867933103072,-1.0,38.35,178.0,37.37,151.0,37.9,27.0,9.0,11.0,10.428571428571429,11.0,2.0,0.0698495823779833,0.0014895180599126,0.0,0.0098391201599709,1.0,11.0,0.0,9.0,80.0,7.0,0.0,11.0,45.0,41.2,46.0,43.54285714285714,43.5,4.799999999999997,0.036288521606429,0.0007767619378748,0.0,-0.0082621341574258,1.0,46.0,151.0,41.2,176.0,0.0,-1.0,43.5,25.0,3.0,1.0,1.0,0.0,240.0,3.0,9.06,8.25,9.8,120.0,-0.8100000000000005,-0.0894039735099338,1.0,0.0,240.0,3.0,139.8,141.4,141.4,240.0,1.5999999999999943,0.0114449213161659,1.0,0.0,240.0,3.0,4.34,4.52,4.97,120.0,0.1799999999999997,0.0414746543778801,1.0,0.0,240.0,3.0,19.3,23.0,23.0,240.0,3.6999999999999993,0.1917098445595854,1.0,0.0,240.0,3.0,67.1,75.6,75.6,240.0,8.5,0.1266766020864381,1.0,0.0,240.0,3.0,7.313,7.356,7.356,240.0,0.0430000000000001,0.0058799398331738,1.0,0.0,240.0,3.0,0.101,0.153,0.154,120.0,0.0519999999999999,0.5148514851485148,1.0,0.0,240.0,3.0,3.21,2.68,5.03,120.0,-0.5299999999999998,-0.1651090342679127,1.0,0.0,240.0,3.0,901.7,773.3,944.5,120.0,-128.4000000000001,-0.1423976932460908,1.0,0.0,240.0,3.0,12.1,23.7,23.7,240.0,11.6,0.9586776859504132,1.0,0.0,240.0,3.0,5.06,8.87,8.87,240.0,3.81,0.7529644268774703,1.0,0.0,240.0,3.0,113.6,127.6,137.3,120.0,14.0,0.1232394366197183,1.0,0.0,240.0,3.0,293.7,304.5,304.5,240.0,10.800000000000011,0.0367722165474974,1.0,1.0,127.0,127.0,0.0,0.0,-1.0,1.0,127.0,0.0,-1.0,0.0,-1.0,0.0,-1.0,2.0,0.0,127.0,,12.0,240.0,3.0,80.0,-1.0,0.0,0.0,-14.199999999999989,14.199999999999989,-0.1042584434654918,-1,-4.5,4.5,-0.1415094339622641,-1,-11.799999999999995,11.799999999999995,-0.0932806324110671,-1,-5.5,5.5,-0.0818452380952381,-1,-2.5,2.5,-0.0267665952890792,-1,-0.5700000000000003,0.5700000000000003,-0.0148167403171302,-1,0,0,0.0,0,0,0,0.0,0,3,1,1,0,0,39.0,1,1,97,13,1,0,0,0,0,0,1,0,0,0,229,0,37,3,0,1,0,0,1,1,0,0,0,0,0,0,0,1,0,0,1,0,1,0,1,0,0,0,0.0,0.0,0,0,0,1,1,1,1,1.0766798418972332,1.5661172863165964,59.3,86.96666666666667,62.44743083003952,17229.3,5239.614,0,0,0,1,1,0,2,3,3,0,1,2,3,12,1,0.3076923076923077,3.492307692307692,3.688879454113936,1,0,3,3,1
E001517,2026-05-14,91.2,19.8,120.4,63.7,93.9,0,36.86,14,28,Male,White,Shortness of breath. Festival attendee from VIP tent with symptom onset ~123 minutes before arrival.,5,2,EMS,1,0,1,0,1,91.0,7.423,137.7,4.05,15.3,10.1,1,1,90.0,14.6,126.6,71.2,97.5,0,36.75,15,35.9,-1.2,-0.11,1,0.61,228.4,7.414,0.02,0,0,0,0,0,1,0,0,0,0,0,1,361,3,6.0,64.2,93.1,83.36666666666666,90.0,28.89999999999999,0.1364023187085393,0.0552848112581596,0.0,0.1606302889380193,1.0,93.1,167.0,64.2,94.0,0.0,-1.0,90.95,73.0,9.5,24.4,14.25,14.6,14.9,0.3488538150900208,-0.0185976566690373,0.0,-0.0330163147061065,-1.0,24.4,76.0,9.5,167.0,1.0,76.0,13.4,18.0,119.7,137.7,127.56666666666668,126.6,17.999999999999986,0.0476242641250945,-0.0528445367968122,0.0,-0.0290472287870704,1.0,137.7,0.0,119.7,216.0,123.15,-1.0,71.2,91.0,80.6,71.2,19.8,0.1035639582857976,-0.0195357042110826,0.0,-0.1070604940154001,-1.0,91.0,94.0,71.2,240.0,72.80000000000001,122.0,95.0,97.5,96.38333333333333,97.5,2.5,0.0105027042289885,0.0040577211126251,0.0,-0.0008319356560191,1.0,97.5,240.0,95.0,216.0,0.0,-1.0,96.25,-1.0,36.75,37.09,36.888333333333335,36.75,0.3400000000000034,0.0036451621472968,-0.0012872427918138,0.0,-0.0010489250590837,1.0,37.09,0.0,36.75,240.0,36.77,-1.0,13.0,15.0,14.5,15.0,2.0,0.0526732838500671,0.0076402601582085,0.0,0.0039357322558511,-1.0,15.0,94.0,13.0,0.0,0.0,-1.0,15.0,-1.0,34.7,40.2,38.083333333333336,35.9,5.5,0.0540352929034487,-0.0090916314716738,0.0,-0.0021765647632843,-1.0,40.2,0.0,34.7,94.0,0.0,-1.0,37.5,73.0,1.0,1.0,1.0,240.0,240.0,1.0,7.78,7.78,7.78,240.0,0.0,0.0,1.0,240.0,240.0,1.0,138.1,138.1,138.1,240.0,0.0,0.0,1.0,240.0,240.0,1.0,4.43,4.43,4.43,240.0,0.0,0.0,1.0,240.0,240.0,1.0,21.7,21.7,21.7,240.0,0.0,0.0,1.0,240.0,240.0,1.0,40.8,40.8,40.8,240.0,0.0,0.0,1.0,240.0,240.0,1.0,7.414,7.414,7.414,240.0,0.0,0.0,1.0,240.0,240.0,1.0,0.02,0.02,0.02,240.0,0.0,0.0,1.0,240.0,240.0,1.0,0.61,0.61,0.61,240.0,0.0,0.0,1.0,240.0,240.0,1.0,228.4,228.4,228.4,240.0,0.0,0.0,1.0,240.0,240.0,1.0,6.6,6.6,6.6,240.0,0.0,0.0,1.0,240.0,240.0,1.0,0.1,0.1,0.1,240.0,0.0,0.0,1.0,240.0,240.0,1.0,96.0,96.0,96.0,240.0,0.0,0.0,1.0,240.0,240.0,1.0,285.3,285.3,285.3,240.0,0.0,0.0,2.0,1.0,117.0,174.0,0.0,0.0,-1.0,0.0,-1.0,0.0,-1.0,0.0,-1.0,1.0,174.0,3.0,0.0,-123.0,,1.0,18.0,2.0,0.0,216.0,1.0,0.0,-1.2000000000000028,1.2000000000000028,-0.0131578947368421,-1,-5.200000000000001,5.200000000000001,-0.2626262626262626,-1,6.199999999999989,6.199999999999989,0.0514950166112955,1,7.5,7.5,0.1177394034536891,1,3.5999999999999943,3.5999999999999943,0.0383386581469647,1,-0.1099999999999994,0.1099999999999994,-0.0029842647856755,-1,1,1,0.0714285714285714,1,0,0,0.0,0,0,0,0,0,0,123.0,1,1,100,15,0,0,0,0,1,0,0,1,0,0,251,0,43,3,0,0,0,0,0,1,0,0,0,0,0,0,0,0,0,0,0,0,0,0,0,0,0,0,0.0,0.0,0,1,1,0,0,0,0,0.7574750830564784,1.1041162227602903,56.7,82.60000000000001,21.209302325581397,10980.48,3361.632,0,0,0,0,0,0,0,1,0,0,1,0,1,3,0,0.024390243902439,0.7414634146341463,4.820281565605037,0,0,3,0,0
E002104,2026-05-11,101.0,19.2,110.8,79.8,99.8,0,36.85,14,42,Male,White,Knee Pain LT KNEE PAIN X 4DAYS-DENIES TRAUMA-SAW PMD ON FRIDAY AND GIVEN TORADOL SHOT WITH NO RELIEF,5,2,Walk-in,0,0,0,0,1,95.1,7.416,134.9,4.15,15.4,4.3,0,0,62.9,9.3,142.3,86.9,98.4,0,36.51,15,32.7,-38.1,-0.34,1,,,,,1,1,0,0,0,0,0,0,0,0,0,0,358,0,8.0,59.1,79.8,68.3375,62.9,20.7,0.1147450023213036,-0.0444229061281229,0.0,-0.011951730096141,1.0,79.8,0.0,59.1,220.0,0.0,-1.0,61.0,-1.0,9.0,16.9,13.2375,9.3,7.899999999999999,0.2060515729731547,-0.0195510419482308,0.0,-0.0357865180984449,-1.0,16.9,74.0,9.0,200.0,0.0,-1.0,11.8,20.0,128.6,148.8,138.975,142.3,20.200000000000017,0.0413473558292913,0.0367224002780246,0.0,0.0342679766071509,-1.0,148.8,220.0,128.6,147.0,145.55,-1.0,71.4,97.4,86.91250000000001,86.9,26.0,0.0986828870357506,0.0625758453360105,0.0,0.093954078241992,1.0,97.4,169.0,71.4,74.0,91.15,31.0,95.4,100.0,97.6125,98.4,4.599999999999994,0.0128918859167385,0.004349281126514,0.0,0.0018563643613486,-1.0,100.0,74.0,95.4,79.0,0.0,-1.0,98.15,5.0,35.78,36.65,36.295,36.51,0.8699999999999974,0.0073077763933736,-0.001410613842015,0.0,-0.0013110296398034,1.0,36.65,74.0,35.78,220.0,36.145,20.0,13.0,15.0,14.5,15.0,2.0,0.048765984909417,-0.0024404371162682,0.0,-0.0014675911567941,1.0,15.0,0.0,13.0,147.0,0.0,-1.0,14.5,22.0,29.8,38.6,34.4375,32.7,8.8,0.0706667615859545,-0.0186593041665057,0.0,-0.0090979575561561,1.0,38.6,0.0,29.8,147.0,1.0,147.0,33.05,22.0,0.0,0.0,0.0,,,,,,,,,,0.0,,,,,,,,,,0.0,,,,,,,,,,0.0,,,,,,,,,,0.0,,,,,,,,,,0.0,,,,,,,,,,0.0,,,,,,,,,,0.0,,,,,,,,,,0.0,,,,,,,,,,0.0,,,,,,,,,,0.0,,,,,,,,,,0.0,,,,,,,,,,0.0,,,,,,,,,,2.0,1.0,74.0,182.0,0.0,1.0,182.0,1.0,74.0,0.0,-1.0,0.0,-1.0,0.0,-1.0,4.0,0.0,,,1.0,22.0,5.0,147.0,200.0,0.0,0.0,-38.1,38.1,-0.3772277227722772,-1,-9.9,9.9,-0.515625,-1,31.50000000000001,31.50000000000001,0.2842960288808666,1,7.1000000000000085,7.1000000000000085,0.0889724310776943,1,-1.3999999999999917,1.3999999999999917,-0.0140280561122243,-1,-0.3400000000000034,0.3400000000000034,-0.0092265943012212,-1,1,1,0.0714285714285714,1,0,0,0.0,0,1,0,0,0,0,,0,0,100,18,0,0,0,0,0,1,0,0,0,1,110,0,42,2,0,0,0,0,0,0,0,1,0,0,0,0,0,0,0,0,0,0,0,0,0,0,0,0,0.0,0.0,0,1,1,0,0,0,0,0.9115523465703972,1.1205621301775148,31.0,90.13333333333333,38.28519855595668,11190.8,3721.85,0,1,0,0,0,0,1,1,0,0,0,0,1,2,0,,,,0,0,1,1,0
E001750,2026-05-11,78.6,18.2,121.7,75.0,97.8,0,37.23,15,23,Female,Hispanic/Latino,related to Doxy Follow-up started Doxy for bronchitis - was coughing up green/yellow - now better,4,1,Walk-in,0,0,0,0,0,88.4,7.377,134.5,4.3,14.3,7.6,0,0,66.8,15.5,115.7,84.8,96.5,0,36.78,14,36.7,-11.8,-0.45,-1,2.65,355.8,7.449,0.022,1,0,0,0,0,0,0,0,0,0,0,1,358,0,9.0,53.8,90.5,76.92222222222222,66.8,36.7,0.1474608112923195,0.0143381493430587,0.1199999999999997,0.105952310118109,-1.0,90.5,214.0,53.8,149.0,0.0,-1.0,80.7,27.0,9.1,18.5,14.133333333333333,15.5,9.4,0.1778746003298566,-0.0119020900547061,-0.0072727272727272,-0.0289344896319876,1.0,18.5,71.0,9.1,214.0,0.0,-1.0,12.966666666666669,3.0,108.7,136.2,125.0111111111111,115.7,27.499999999999982,0.0775930519297952,-0.0477071351755743,-0.3418181818181817,-0.0862791181983164,1.0,136.2,0.0,108.7,214.0,119.03333333333332,3.0,65.7,84.8,75.2111111111111,84.8,19.099999999999994,0.0725448374874563,0.0487018983494645,0.1436363636363633,0.0448264064498854,1.0,84.8,240.0,65.7,0.0,78.39999999999999,-1.0,94.3,97.2,96.06666666666666,96.5,2.9000000000000057,0.009936031272225,-0.0088038294290924,-3.7547285360368557e-16,-0.0081107012167914,1.0,97.2,0.0,94.3,217.0,0.0,-1.0,95.33333333333331,23.0,36.35,36.99,36.65222222222222,36.78,0.6400000000000006,0.0059215936166652,-0.0003176579230374,-0.0089090909090911,0.001234343855056,1.0,36.99,0.0,36.35,195.0,36.70666666666667,22.0,12.0,15.0,14.0,14.0,3.0,0.0583211843519804,-0.0021391499509047,-0.0181818181818182,0.0030345402076577,1.0,15.0,0.0,12.0,149.0,1.0,149.0,14.0,27.0,32.3,42.0,36.8,36.7,9.700000000000005,0.0729377613739036,-0.0097226118670221,-0.04,0.0045079284800523,1.0,42.0,214.0,32.3,217.0,0.0,-1.0,37.0,23.0,2.0,1.0,1.0,0.0,240.0,2.0,2.01,3.64,3.64,240.0,1.6300000000000003,0.8109452736318411,1.0,0.0,240.0,2.0,137.2,136.2,137.2,0.0,-1.0,-0.0072886297376093,1.0,0.0,240.0,2.0,4.17,3.63,4.17,0.0,-0.54,-0.1294964028776978,1.0,0.0,240.0,2.0,25.2,26.2,26.2,240.0,1.0,0.0396825396825396,1.0,0.0,240.0,2.0,21.6,41.5,41.5,240.0,19.9,0.9212962962962962,1.0,0.0,240.0,2.0,7.427,7.449,7.449,240.0,0.0220000000000002,0.0029621650733809,1.0,0.0,240.0,2.0,0.006,0.022,0.022,240.0,0.016,2.6666666666666665,1.0,0.0,240.0,2.0,0.79,2.65,2.65,240.0,1.86,2.354430379746835,1.0,0.0,240.0,2.0,148.2,355.8,355.8,240.0,207.6,1.4008097165991906,1.0,0.0,240.0,2.0,12.9,8.8,12.9,0.0,-4.1,-0.317829457364341,1.0,0.0,240.0,2.0,0.1,2.32,2.32,240.0,2.22,22.2,1.0,0.0,240.0,2.0,100.7,93.0,100.7,0.0,-7.700000000000003,-0.0764647467725918,1.0,0.0,240.0,2.0,285.9,286.7,286.7,240.0,0.8000000000000114,0.0027981811822315,1.0,1.0,10.0,10.0,1.0,0.0,-1.0,1.0,10.0,0.0,-1.0,0.0,-1.0,0.0,-1.0,2.0,0.0,10.0,,1.0,27.0,5.0,149.0,195.0,1.0,0.0,-11.799999999999995,11.799999999999995,-0.1501272264631043,-1,-2.7,2.7,-0.1483516483516483,-1,-6.0,6.0,-0.0493015612161051,-1,9.799999999999995,9.799999999999995,0.1306666666666666,1,-1.2999999999999972,1.2999999999999972,-0.0132924335378322,-1,-0.4499999999999957,0.4499999999999957,-0.0120870265914583,-1,-1,1,-0.0666666666666666,-1,0,0,0.0,0,3,0,0,0,0,,0,0,97,16,0,0,0,0,0,1,0,0,0,1,119,0,45,2,0,0,0,0,0,0,0,0,0,1,0,0,0,0,0,0,0,0,0,0,0,0,0,0,0.0,0.0,0,1,1,0,0,0,0,0.6458504519309778,0.867868973132131,46.7,90.56666666666666,14.85456039441249,9565.62,2926.278,0,1,0,0,0,0,1,0,0,0,0,0,0,0,0,,,,0,0,0,0,0
E000352,2026-05-15,131.2,26.7,95.4,76.1,94.6,0,38.07,12,21,Female,Native American,Syncope. Festival attendee from main stage with symptom onset ~84 minutes before arrival.,2,8,EMS,1,0,0,0,1,132.1,7.311,140.5,4.82,17.2,16.5,1,1,93.2,18.5,126.6,85.6,95.4,0,37.47,12,34.6,-38.0,-0.6,0,,,,,1,1,0,0,1,0,0,0,0,1,0,0,362,4,8.0,81.9,125.7,102.2125,93.2,43.8,0.1401006890659598,-0.1230983938365107,0.1888888888888886,0.0671028089418446,-1.0,125.7,27.0,81.9,219.0,0.0,-1.0,94.73333333333332,3.0,17.2,25.8,21.0625,18.5,8.600000000000001,0.1162462671304837,-0.0174098981457299,-0.1703703703703705,-0.0119846329445172,1.0,25.8,0.0,17.2,209.0,1.0,0.0,20.5,13.0,113.7,126.6,118.525,126.6,12.899999999999991,0.0314689947100228,0.0130419169495953,0.1814814814814807,0.0536983936972797,1.0,126.6,240.0,113.7,199.0,120.46666666666664,-1.0,69.3,85.6,77.6375,85.6,16.299999999999997,0.0813478381196401,0.0066874510316009,0.2888888888888882,0.1123660254447252,-1.0,85.6,240.0,69.3,209.0,80.4,-1.0,93.0,95.5,94.6375,95.4,2.5,0.0093312653341329,0.0097594019326194,-0.0185185185185194,0.0123103477074689,1.0,95.5,222.0,93.0,27.0,0.0,-1.0,95.40000000000002,-1.0,37.3,37.93,37.4975,37.47,0.6300000000000026,0.0048624224739555,-0.0012728519195611,0.0144444444444442,0.0012758553492385,-1.0,37.93,27.0,37.3,140.0,37.41666666666666,113.0,11.0,14.0,12.25,12.0,3.0,0.0790404764532125,0.0072146774614781,-3.007350952210953e-17,-0.0060688733609865,-1.0,14.0,222.0,11.0,0.0,5.0,0.0,12.666666666666666,18.0,34.6,44.3,39.8,34.6,9.699999999999996,0.088832510199315,-0.0341717811439017,0.0111111111111107,-0.07231702903594,-1.0,44.3,27.0,34.6,240.0,0.0,-1.0,37.23333333333333,-1.0,1.0,1.0,1.0,120.0,120.0,1.0,10.73,10.73,10.73,120.0,0.0,0.0,1.0,120.0,120.0,1.0,136.1,136.1,136.1,120.0,0.0,0.0,1.0,120.0,120.0,1.0,4.47,4.47,4.47,120.0,0.0,0.0,1.0,120.0,120.0,1.0,21.2,21.2,21.2,120.0,0.0,0.0,1.0,120.0,120.0,1.0,50.8,50.8,50.8,120.0,0.0,0.0,1.0,120.0,120.0,1.0,7.337,7.337,7.337,120.0,0.0,0.0,1.0,120.0,120.0,1.0,0.068,0.068,0.068,120.0,0.0,0.0,1.0,120.0,120.0,1.0,2.96,2.96,2.96,120.0,0.0,0.0,1.0,120.0,120.0,1.0,662.6,662.6,662.6,120.0,0.0,0.0,1.0,120.0,120.0,1.0,17.8,17.8,17.8,120.0,0.0,0.0,1.0,120.0,120.0,1.0,3.45,3.45,3.45,120.0,0.0,0.0,1.0,120.0,120.0,1.0,123.3,123.3,123.3,120.0,0.0,0.0,1.0,120.0,120.0,1.0,301.1,301.1,301.1,120.0,0.0,0.0,4.0,1.0,35.0,201.0,2.0,1.0,201.0,1.0,35.0,0.0,-1.0,0.0,-1.0,1.0,66.0,4.0,0.0,-85.0,,6.0,140.0,5.0,0.0,199.0,1.0,1.0,-37.99999999999999,37.99999999999999,-0.2896341463414633,-1,-8.2,8.2,-0.3071161048689138,-1,31.19999999999999,31.19999999999999,0.3270440251572326,1,9.5,9.5,0.1248357424441524,1,0.8000000000000114,0.8000000000000114,0.0084566596194504,1,-0.6000000000000014,0.6000000000000014,-0.0157604412923562,-1,0,0,0.0,0,0,0,0.0,0,1,0,0,0,0,84.0,1,1,89,13,1,0,0,0,0,0,0,1,0,0,233,0,47,3,0,1,0,0,1,0,0,0,1,0,1,0,0,1,0,1,0,0,0,0,0,0,0,0,0.0,0.0,0,0,0,1,1,0,1,1.3752620545073373,1.5896607431340872,19.30000000000001,82.53333333333333,28.88050314465408,12516.48,4994.784,0,0,0,1,1,0,2,3,3,2,1,0,2,11,1,0.1309523809523809,1.5619047619047617,4.442651256490317,0,0,2,3,1
E001013,2026-05-12,86.3,19.0,118.0,55.1,98.2,0,36.75,15,64,Male,Black,Altered mental status. Festival attendee from VIP tent with symptom onset ~71 minutes before arrival.,4,4,Festival Medical Tent Transfer,0,1,1,1,0,97.9,7.443,138.2,4.02,13.2,9.5,1,1,93.4,13.7,126.0,81.4,95.1,0,36.89,15,37.1,7.1,0.14,0,1.41,200.6,7.382,0.0,1,0,1,0,0,0,0,0,0,0,0,1,359,1,6.0,74.9,104.7,88.76666666666667,93.4,29.8,0.1032983941604378,-0.0465270210275657,0.0,0.0350785340314132,1.0,104.7,0.0,74.9,115.0,0.0,-1.0,93.4,125.0,10.8,18.9,15.333333333333334,13.7,8.099999999999998,0.1711326661218969,-0.0225908436587695,0.0,-0.0165223105595415,-1.0,18.9,0.0,10.8,145.0,0.0,-1.0,13.7,41.0,105.2,126.0,117.31666666666668,126.0,20.8,0.0605747940586895,0.0718825254604405,0.0,0.0978971408872512,1.0,126.0,240.0,105.2,61.0,126.0,-1.0,68.0,81.4,75.2,81.4,13.400000000000006,0.0601450089283307,0.0478992614117933,0.0,0.0669187512119447,1.0,81.4,240.0,68.0,61.0,81.4,-1.0,94.4,98.4,96.63333333333334,95.1,4.0,0.0149565252767704,0.0005731121604715,0.0,-0.0168250274707519,-1.0,98.4,115.0,94.4,0.0,0.0,-1.0,95.1,125.0,36.89,37.29,37.11000000000001,36.89,0.3999999999999986,0.0041658918980706,-0.0009769813402214,0.0,-0.0005072932152629,-1.0,37.29,0.0,36.89,240.0,36.89,-1.0,14.0,15.0,14.5,15.0,1.0,0.0344827586206896,-0.0019507338795388,0.0,0.0001185012819683,1.0,15.0,0.0,14.0,115.0,0.0,-1.0,15.0,125.0,34.6,40.3,37.03333333333333,37.1,5.699999999999996,0.0555509419413482,-0.0030592888566008,0.0,-0.0200730398810678,-1.0,40.3,115.0,34.6,186.0,0.0,-1.0,37.1,30.0,2.0,1.0,1.0,120.0,240.0,2.0,9.15,6.34,9.15,120.0,-2.8100000000000005,-0.307103825136612,1.0,120.0,240.0,2.0,138.2,145.4,145.4,240.0,7.200000000000017,0.0520984081041969,1.0,120.0,240.0,2.0,3.87,3.87,3.87,120.0,0.0,0.0,1.0,120.0,240.0,2.0,21.5,25.2,25.2,240.0,3.6999999999999993,0.1720930232558139,1.0,120.0,240.0,2.0,45.5,37.6,45.5,120.0,-7.899999999999999,-0.1736263736263736,1.0,120.0,240.0,2.0,7.366,7.382,7.382,240.0,0.016,0.002172142275319,1.0,120.0,240.0,2.0,0.0,0.0,0.0,120.0,0.0,0.0,1.0,120.0,240.0,2.0,1.66,1.41,1.66,120.0,-0.25,-0.1506024096385542,1.0,120.0,240.0,2.0,211.9,200.6,211.9,120.0,-11.300000000000011,-0.0533270410571024,1.0,120.0,240.0,2.0,8.8,14.2,14.2,240.0,5.399999999999999,0.6136363636363634,1.0,120.0,240.0,2.0,1.68,0.1,1.68,120.0,-1.5799999999999998,-0.9404761904761904,1.0,120.0,240.0,2.0,129.1,99.0,129.1,120.0,-30.099999999999994,-0.2331525948876839,1.0,120.0,240.0,2.0,287.0,281.1,287.0,120.0,-5.899999999999977,-0.0205574912891985,3.0,1.0,35.0,118.0,1.0,0.0,-1.0,1.0,89.0,0.0,-1.0,1.0,118.0,1.0,35.0,5.0,0.0,-85.0,,0.0,0.0,1.0,115.0,186.0,1.0,0.0,7.1000000000000085,7.1000000000000085,0.0822711471610661,1,-5.300000000000001,5.300000000000001,-0.2789473684210526,-1,8.0,8.0,0.0677966101694915,1,26.300000000000004,26.300000000000004,0.4773139745916516,1,-3.1000000000000085,3.1000000000000085,-0.0315682281059064,-1,0.1400000000000005,0.1400000000000005,0.0038095238095238,1,0,0,0.0,0,0,0,0.0,0,2,0,0,0,0,71.0,1,1,101,15,0,0,0,0,1,0,0,1,0,0,212,0,43,3,0,0,0,0,0,0,0,0,0,0,0,0,1,1,0,0,0,0,0,0,0,0,0,0,0.0,0.1111111111111111,0,1,1,0,0,0,0,0.7313559322033898,1.1345311130587203,62.9,76.06666666666666,46.80677966101695,10183.4,3171.525,0,0,0,0,0,0,0,0,0,0,0,0,0,0,0,0.0,1.2154929577464788,4.276666119016055,0,0,3,0,0
E000573,2026-05-13,90.0,24.0,110.5,70.4,95.6,0,37.67,14,72,Male,Asian,seen and treated at yale for same.,4,7,Walk-in,0,1,1,1,0,110.8,7.368,139.5,4.46,14.1,10.9,0,0,98.0,20.6,120.8,83.5,96.1,0,37.16,14,36.1,8.0,-0.51,0,3.51,34.9,7.369,0.026,1,1,0,0,0,0,0,0,0,0,0,1,360,2,8.0,86.6,105.2,94.825,98.0,18.60000000000001,0.0680236133759129,0.0153813977570388,-0.2720000000000003,0.0387029971735335,1.0,105.2,225.0,86.6,50.0,0.0,-1.0,101.6,35.0,11.8,23.1,18.325000000000003,20.6,11.3,0.1644537483714285,0.0021042107169364,-0.226,0.0077564574957322,1.0,23.1,0.0,11.8,50.0,0.0,-1.0,18.9,35.0,98.3,122.4,114.8875,120.8,24.10000000000001,0.0700272255074057,0.064783929441351,-0.1540000000000002,0.126256284922715,1.0,122.4,160.0,98.3,85.0,121.25,33.0,61.2,87.3,77.3375,83.5,26.099999999999994,0.1040609805818198,0.0347026431437162,0.1979999999999998,0.1194597065325881,-1.0,87.3,160.0,61.2,85.0,82.55,33.0,93.6,97.9,96.0125,96.1,4.300000000000011,0.0133018388981307,0.0111431347893619,0.0259999999999997,0.0008955140343837,-1.0,97.9,160.0,93.6,0.0,0.0,-1.0,96.7,9.0,36.99,37.71,37.27625,37.16,0.7199999999999989,0.0059185291870826,-0.0009541894197735,-0.0082000000000001,0.0015710674340723,1.0,37.71,0.0,36.99,85.0,37.22,84.0,13.0,14.0,13.375,14.0,1.0,0.0361961060393216,0.0032111530819673,-3.400326353594165e-17,0.0028824357981735,0.0,14.0,85.0,13.0,0.0,0.0,-1.0,14.0,33.0,33.8,44.3,38.1875,36.1,10.5,0.0833091102626802,-0.0123327152480036,-0.124,-0.0249559239186202,1.0,44.3,169.0,33.8,225.0,0.0,-1.0,34.95,-1.0,2.0,1.0,1.0,120.0,240.0,2.0,4.77,6.31,6.31,240.0,1.54,0.3228511530398323,1.0,120.0,240.0,2.0,141.2,139.0,141.2,120.0,-2.1999999999999886,-0.0155807365439092,1.0,120.0,240.0,2.0,4.6,4.03,4.6,120.0,-0.5699999999999994,-0.1239130434782607,1.0,120.0,240.0,2.0,23.3,18.2,23.3,120.0,-5.100000000000001,-0.2188841201716738,1.0,120.0,240.0,2.0,40.0,29.4,40.0,120.0,-10.6,-0.265,1.0,120.0,240.0,2.0,7.343,7.369,7.369,240.0,0.0259999999999998,0.0035407871442189,1.0,120.0,240.0,2.0,0.019,0.026,0.026,240.0,0.0069999999999999,0.3684210526315789,1.0,120.0,240.0,2.0,2.42,3.51,3.51,240.0,1.09,0.4504132231404958,1.0,120.0,240.0,2.0,375.4,34.9,375.4,120.0,-340.5,-0.9070324986680874,1.0,120.0,240.0,2.0,11.2,4.9,11.2,120.0,-6.299999999999999,-0.5624999999999999,1.0,120.0,240.0,2.0,5.08,1.79,5.08,120.0,-3.29,-0.6476377952755905,1.0,120.0,240.0,2.0,104.6,101.4,104.6,120.0,-3.1999999999999886,-0.0305927342256213,1.0,120.0,240.0,2.0,282.6,282.1,282.6,120.0,-0.5,-0.0017692852087756,3.0,1.0,57.0,185.0,1.0,1.0,63.0,1.0,185.0,0.0,-1.0,0.0,-1.0,1.0,57.0,4.0,0.0,-63.0,,0.0,0.0,6.0,0.0,225.0,1.0,0.0,8.0,8.0,0.0888888888888888,1,-3.3999999999999986,3.3999999999999986,-0.1416666666666666,-1,10.299999999999995,10.299999999999995,0.0932126696832578,1,13.099999999999994,13.099999999999994,0.1860795454545453,1,0.5,0.5,0.0052301255230125,1,-0.5100000000000051,0.5100000000000051,-0.0135386249004514,-1,0,0,0.0,0,0,0,0.0,0,2,0,0,0,0,,0,0,34,7,0,0,0,0,0,1,0,0,0,1,110,0,48,2,0,1,0,0,1,1,0,0,0,0,0,0,0,1,0,0,0,0,0,0,0,0,1,0,0.125,0.0,0,1,1,0,0,0,0,0.8144796380090498,1.0744130521289297,40.1,83.76666666666667,58.64253393665158,9945.0,3390.3,0,0,0,0,0,0,0,0,2,0,0,0,1,3,0,,,,0,0,3,1,0
E000405,2026-05-12,77.7,17.7,101.6,62.3,95.2,0,37.13,12,26,Female,White,Altered mental status. Festival attendee from campground with symptom onset ~238 minutes before arrival.,5,4,EMS,0,0,0,0,0,104.8,7.366,141.9,4.26,15.0,11.9,1,1,79.2,13.3,115.4,80.4,96.1,0,36.79,14,35.6,1.5,-0.34,2,2.47,386.6,7.392,0.017,0,1,0,0,0,0,0,0,0,0,0,1,359,1,6.0,79.2,106.5,90.85,79.2,27.3,0.097375999119829,-0.0336400359066427,-0.178870967741936,-0.0926071688060061,-1.0,106.5,144.0,79.2,240.0,0.0,-1.0,79.2,-1.0,12.8,23.5,16.3,13.3,10.7,0.2354048833797281,-0.010738330341113,0.0867741935483869,-0.0599660934851053,-1.0,23.5,94.0,12.8,0.0,0.0,-1.0,13.3,50.0,115.4,133.3,126.43333333333334,115.4,17.900000000000006,0.0473473288517831,-0.0677457360861758,-0.0158064516129034,-0.1027306853959795,-1.0,133.3,50.0,115.4,240.0,115.4,-1.0,76.8,81.8,79.85000000000001,80.4,5.0,0.0206763906326385,-0.0043144075403949,0.0158064516129029,0.0237285056914508,1.0,81.8,50.0,76.8,94.0,80.4,50.0,96.1,98.6,97.3,96.1,2.5,0.0084957840134547,-0.007439407540395,0.0216129032258053,-0.0058609832889318,-1.0,98.6,60.0,96.1,240.0,0.0,-1.0,96.1,34.0,36.6,37.07,36.87833333333333,36.79,0.4699999999999988,0.0041580618530343,-0.0003405520646319,-0.001435483870968,-0.0006660208282877,1.0,37.07,60.0,36.6,50.0,36.79,10.0,13.0,15.0,14.0,14.0,2.0,0.0412393049421161,0.0026368940754039,-0.0064516129032259,-0.0013925890046015,0.0,15.0,144.0,13.0,50.0,0.0,-1.0,14.0,10.0,33.9,38.0,36.43333333333333,35.6,4.100000000000001,0.0382188446005588,0.0005105475763016,0.0625806451612903,-0.0134354565270041,-1.0,38.0,50.0,33.9,0.0,0.0,-1.0,35.6,190.0,2.0,1.0,1.0,120.0,240.0,2.0,10.95,10.02,10.95,120.0,-0.9299999999999996,-0.084931506849315,1.0,120.0,240.0,2.0,136.6,138.7,138.7,240.0,2.0999999999999943,0.0153733528550512,1.0,120.0,240.0,2.0,3.96,3.52,3.96,120.0,-0.4399999999999999,-0.1111111111111111,1.0,120.0,240.0,2.0,23.3,25.8,25.8,240.0,2.5,0.1072961373390558,1.0,120.0,240.0,2.0,29.9,20.0,29.9,120.0,-9.9,-0.3311036789297658,1.0,120.0,240.0,2.0,7.389,7.392,7.392,240.0,0.0030000000000001,0.0004060089321965,1.0,120.0,240.0,2.0,0.021,0.017,0.021,120.0,-0.004,-0.1904761904761904,1.0,120.0,240.0,2.0,2.1,2.47,2.47,240.0,0.3700000000000001,0.1761904761904762,1.0,120.0,240.0,2.0,268.3,386.6,386.6,240.0,118.3,0.4409243384271338,1.0,120.0,240.0,2.0,11.2,1.0,11.2,120.0,-10.2,-0.9107142857142856,1.0,120.0,240.0,2.0,4.29,0.14,4.29,120.0,-4.15,-0.9673659673659676,1.0,120.0,240.0,2.0,100.1,98.8,100.1,120.0,-1.2999999999999972,-0.0129870129870129,1.0,120.0,240.0,2.0,289.7,298.1,298.1,240.0,8.400000000000034,0.0289955125992407,1.0,1.0,43.0,43.0,1.0,1.0,43.0,0.0,-1.0,0.0,-1.0,0.0,-1.0,0.0,-1.0,4.0,0.0,-77.0,,0.0,0.0,4.0,50.0,240.0,0.0,0.0,1.5,1.5,0.0193050193050193,1,-4.399999999999999,4.399999999999999,-0.2485875706214688,-1,13.800000000000011,13.800000000000011,0.1358267716535434,1,18.10000000000001,18.10000000000001,0.2905296950240772,1,0.8999999999999915,0.8999999999999915,0.0094537815126049,1,-0.3400000000000034,0.3400000000000034,-0.0091570158901159,-1,2,2,0.1666666666666666,1,0,0,0.0,0,1,0,0,0,0,238.0,1,1,104,14,0,0,1,0,0,0,0,0,1,0,223,0,39,2,0,0,0,0,0,0,0,0,0,0,0,0,0,1,0,0,0,0,0,0,0,0,0,0,0.0,0.1176470588235294,0,1,1,0,0,0,0,0.7647637795275591,1.030503978779841,39.3,75.39999999999999,19.883858267716537,7894.32,2885.001,0,0,0,0,0,0,0,0,0,1,0,0,2,3,0,0.0126050420168067,0.3264705882352941,5.476463551931511,0,1,0,0,1
E001670,2026-05-11,128.3,24.5,95.6,64.9,92.7,1,38.55,8,28,Male,Hispanic/Latino,Headache. Festival attendee from main stage with symptom onset ~104 minutes before arrival.,2,8,Festival Medical Tent Transfer,0,0,0,0,0,121.6,7.315,134.4,4.78,13.2,18.6,1,1,116.7,19.3,108.4,74.3,94.3,0,37.37,12,42.0,-11.6,-1.18,4,1.42,406.6,7.39,0.058,0,1,0,0,1,0,1,1,1,0,0,1,358,0,8.0,95.0,131.6,114.2375,116.7,36.6,0.110821491474089,-0.0961049641148325,-0.1833333333333337,-0.0209756097560973,1.0,131.6,0.0,95.0,177.0,1.0,0.0,108.0,8.0,18.1,25.9,22.175,19.3,7.799999999999997,0.1324150145472658,-0.0201013008373206,0.0866666666666664,-0.0251062155782847,-1.0,25.9,30.0,18.1,127.0,3.0,30.0,19.05,50.0,108.4,128.0,115.7625,108.4,19.599999999999994,0.0591932659623686,0.0287567284688995,-0.0966666666666674,-0.0048780487804874,-1.0,128.0,228.0,108.4,240.0,118.2,12.0,68.2,89.6,77.1625,74.3,21.39999999999999,0.098623243351302,-0.021338591507177,0.6033333333333324,-0.0237686860739572,-1.0,89.6,30.0,68.2,228.0,71.25,87.0,92.8,95.5,94.45000000000002,94.3,2.700000000000003,0.0083030106624447,0.0048949611244018,0.0566666666666658,-0.0020456333595592,-1.0,95.5,127.0,92.8,0.0,0.0,-1.0,94.4,-1.0,37.37,37.99,37.64750000000001,37.37,0.6200000000000045,0.0047529806326721,-0.000594908791866,0.0059999999999999,-0.0034264358772618,-1.0,37.99,117.0,37.37,240.0,37.515,10.0,11.0,12.0,11.375,12.0,1.0,0.0425602565517298,0.0024297248803827,-2.7066158569898578e-17,0.0005507474429583,1.0,12.0,127.0,11.0,0.0,8.0,0.0,11.5,58.0,38.5,44.8,42.0875,42.0,6.299999999999997,0.0398722207380825,-0.0076779306220096,0.053333333333333,-0.0235641227380013,1.0,44.8,127.0,38.5,228.0,0.0,-1.0,40.25,12.0,3.0,1.0,1.0,0.0,240.0,3.0,8.01,8.25,9.97,120.0,0.2400000000000002,0.0299625468164794,1.0,0.0,240.0,3.0,139.2,139.3,139.5,120.0,0.1000000000000227,0.0007183908045978,1.0,0.0,240.0,3.0,4.94,4.35,4.94,0.0,-0.5900000000000007,-0.1194331983805669,1.0,0.0,240.0,3.0,25.0,21.8,25.0,0.0,-3.2,-0.1279999999999999,1.0,0.0,240.0,3.0,65.4,41.3,65.4,0.0,-24.10000000000001,-0.3685015290519878,1.0,0.0,240.0,3.0,7.364,7.39,7.39,240.0,0.0259999999999998,0.0035306898424768,1.0,0.0,240.0,3.0,0.118,0.058,0.118,0.0,-0.0599999999999999,-0.5084745762711864,1.0,0.0,240.0,3.0,5.32,1.42,5.32,0.0,-3.9,-0.7330827067669173,1.0,0.0,240.0,3.0,923.9,406.6,923.9,0.0,-517.3,-0.5599090810693798,1.0,0.0,240.0,3.0,30.8,22.6,30.8,0.0,-8.2,-0.2662337662337662,1.0,0.0,240.0,3.0,2.71,13.02,13.02,240.0,10.31,3.8044280442804426,1.0,0.0,240.0,3.0,107.3,126.9,126.9,240.0,19.60000000000001,0.1826654240447345,1.0,0.0,240.0,3.0,300.6,289.2,300.6,0.0,-11.400000000000034,-0.0379241516966069,3.0,1.0,92.0,210.0,0.0,1.0,210.0,0.0,-1.0,0.0,-1.0,0.0,-1.0,1.0,92.0,4.0,0.0,92.0,210.0,12.0,240.0,3.0,0.0,-1.0,1.0,0.0,-11.600000000000009,11.600000000000009,-0.0904130943102105,-1,-5.199999999999999,5.199999999999999,-0.2122448979591836,-1,12.800000000000011,12.800000000000011,0.1338912133891214,1,9.399999999999991,9.399999999999991,0.1448382126348226,1,1.5999999999999943,1.5999999999999943,0.0172599784250269,1,-1.1799999999999995,1.1799999999999995,-0.030609597924773,-1,4,4,0.5,1,-1,1,-1.0,-1,1,0,0,0,1,104.0,1,1,91,13,1,0,0,0,0,0,0,1,0,0,227,0,48,3,0,0,1,0,1,0,0,1,0,0,1,1,0,0,1,0,1,0,0,0,1,0,0,0,0.0,0.0,0,0,0,1,1,0,1,1.342050209205021,1.7076308784383318,30.69999999999999,75.13333333333334,37.57740585774059,12265.48,4945.965,0,1,0,1,1,0,3,2,2,2,2,2,3,13,1,0.125,1.2336538461538462,4.653960350157523,0,0,0,3,2
E000907,2026-05-14,85.1,13.1,108.5,66.4,97.1,0,36.68,14,30,Non-binary,White,Abdominal Pain Came in c/o RUQ abd pain noted for 3 days .,5,2,Walk-in,0,0,0,0,0,70.7,7.452,136.6,4.26,13.9,7.1,0,0,77.8,13.1,125.5,70.2,97.9,0,36.6,14,36.1,-7.3,-0.08,0,2.12,140.4,7.393,0.011,1,0,0,0,0,0,0,0,0,0,0,1,361,3,8.0,62.5,89.6,75.82499999999999,77.8,27.099999999999994,0.1159850324174068,-0.0117563126547673,0.2240740740740739,0.0195119842285478,-1.0,89.6,27.0,62.5,129.0,0.0,-1.0,77.8,102.0,8.3,14.5,11.4,13.1,6.199999999999999,0.1848880605996314,0.0189761670241459,0.0499999999999999,0.0289247051499325,-1.0,14.5,195.0,8.3,0.0,0.0,-1.0,13.1,-1.0,118.2,150.5,129.575,125.5,32.3,0.081518494096603,0.0015437582273936,-0.4462962962962972,0.0927057033168475,-1.0,150.5,202.0,118.2,54.0,125.5,148.0,61.8,77.3,72.175,70.2,15.5,0.0668065198556287,-0.004579724019847,-0.214814814814815,-0.0627555079030192,-1.0,77.3,129.0,61.8,54.0,70.2,57.0,95.4,99.2,97.375,97.9,3.799999999999997,0.0124061200804616,0.005273816866272,0.0518518518518514,0.0127779891398334,-1.0,99.2,202.0,95.4,129.0,0.0,-1.0,97.9,-1.0,36.29,36.98,36.68375,36.6,0.6899999999999977,0.0054501947789378,-0.001180740304333,-0.0046296296296296,-0.0034378999066163,-1.0,36.98,111.0,36.29,195.0,36.6,7.0,13.0,15.0,14.375,14.0,2.0,0.0484153422854784,-0.0021955058869015,-0.0185185185185184,0.0032511327084702,0.0,15.0,0.0,13.0,111.0,0.0,-1.0,14.0,18.0,31.4,39.1,34.7125,36.1,7.700000000000003,0.0818554411759872,0.0128623505260929,0.1240740740740738,0.0288866599799398,1.0,39.1,54.0,31.4,27.0,0.0,-1.0,36.1,57.0,1.0,1.0,1.0,240.0,240.0,1.0,3.89,3.89,3.89,240.0,0.0,0.0,1.0,240.0,240.0,1.0,136.4,136.4,136.4,240.0,0.0,0.0,1.0,240.0,240.0,1.0,4.05,4.05,4.05,240.0,0.0,0.0,1.0,240.0,240.0,1.0,25.6,25.6,25.6,240.0,0.0,0.0,1.0,240.0,240.0,1.0,53.3,53.3,53.3,240.0,0.0,0.0,1.0,240.0,240.0,1.0,7.393,7.393,7.393,240.0,0.0,0.0,1.0,240.0,240.0,1.0,0.011,0.011,0.011,240.0,0.0,0.0,1.0,240.0,240.0,1.0,2.12,2.12,2.12,240.0,0.0,0.0,1.0,240.0,240.0,1.0,140.4,140.4,140.4,240.0,0.0,0.0,1.0,240.0,240.0,1.0,12.6,12.6,12.6,240.0,0.0,0.0,1.0,240.0,240.0,1.0,0.1,0.1,0.1,240.0,0.0,0.0,1.0,240.0,240.0,1.0,91.4,91.4,91.4,240.0,0.0,0.0,1.0,240.0,240.0,1.0,287.7,287.7,287.7,240.0,0.0,0.0,1.0,1.0,77.0,77.0,0.0,0.0,-1.0,1.0,77.0,0.0,-1.0,0.0,-1.0,0.0,-1.0,2.0,0.0,-163.0,,0.0,0.0,5.0,111.0,195.0,1.0,0.0,-7.299999999999997,7.299999999999997,-0.0857814336075205,-1,0.0,0.0,0.0,0,17.0,17.0,0.1566820276497695,1,3.799999999999997,3.799999999999997,0.0572289156626505,1,0.8000000000000114,0.8000000000000114,0.008238928939238,1,-0.0799999999999983,0.0799999999999983,-0.0021810250817883,-1,0,0,0.0,0,0,0,0.0,0,0,0,0,0,0,,0,0,58,13,0,0,0,0,0,1,0,0,0,1,98,0,40,3,0,0,0,0,0,0,0,0,0,1,0,0,0,0,0,0,0,0,0,0,0,0,0,0,0.0,0.0,0,1,1,0,0,0,0,0.784331797235023,1.0580190634065478,42.1,80.43333333333334,23.52995391705069,9233.35,3121.468,0,0,0,0,0,1,1,0,0,1,0,0,1,2,0,,,,0,0,0,0,0
E002132,2026-05-12,80.6,18.0,112.8,80.6,97.3,0,36.75,12,29,Male,Asian,"Fall >65 Pt fell this AM, unknown type of fall or time of fall.",5,6,Walk-in,1,1,0,0,0,78.6,7.462,132.9,3.82,16.5,7.1,0,0,74.9,10.8,117.5,69.7,98.2,0,36.74,14,36.1,-5.7,-0.01,2,,,,,1,0,0,0,0,0,0,0,0,0,0,0,359,1,8.0,70.7,98.0,81.9375,74.9,27.3,0.0996193126109143,-0.0422573054787112,0.1844827586206894,-0.0570895041854473,-1.0,98.0,136.0,70.7,223.0,0.0,-1.0,72.80000000000001,87.0,10.8,20.7,16.2125,10.8,9.9,0.2202971415892491,-0.0260925095657519,-0.0310344827586207,-0.0138441725692208,-1.0,20.7,0.0,10.8,240.0,0.0,-1.0,13.45,-1.0,108.9,135.8,123.575,117.5,26.90000000000001,0.0719775536041797,-0.0016990471345137,-0.1362068965517243,-0.0121352221506758,-1.0,135.8,67.0,108.9,94.0,125.5,6.0,69.7,75.7,73.725,69.7,6.0,0.0291051982867703,-0.0069922732042351,-0.0637931034482759,-0.0198622021893108,-1.0,75.7,94.0,69.7,240.0,72.55000000000001,-1.0,96.3,98.2,97.1,98.2,1.9000000000000057,0.0070604063855829,0.0008458138573565,-0.0258620689655174,0.0027804249839022,1.0,98.2,240.0,96.3,58.0,0.0,-1.0,97.45,9.0,36.29,36.92,36.6025,36.74,0.6300000000000026,0.004753204437383,0.0008071268826778,-0.0012068965517242,0.0007764327108822,1.0,36.92,94.0,36.29,67.0,36.66,6.0,13.0,15.0,14.375,14.0,2.0,0.0484153422854784,-0.0019131503916393,-1.3999737191326848e-17,0.0020347714101738,-1.0,15.0,0.0,13.0,94.0,0.0,-1.0,14.5,6.0,34.2,39.5,36.6375,36.1,5.299999999999997,0.0439672977388079,-0.0099192343158763,0.0517241379310343,-0.0094024468770122,-1.0,39.5,58.0,34.2,223.0,0.0,-1.0,35.150000000000006,9.0,1.0,1.0,1.0,0.0,0.0,1.0,6.57,6.57,6.57,0.0,0.0,0.0,1.0,0.0,0.0,1.0,141.5,141.5,141.5,0.0,0.0,0.0,1.0,0.0,0.0,1.0,3.7,3.7,3.7,0.0,0.0,0.0,1.0,0.0,0.0,1.0,19.7,19.7,19.7,0.0,0.0,0.0,1.0,0.0,0.0,1.0,18.0,18.0,18.0,0.0,0.0,0.0,1.0,0.0,0.0,1.0,7.389,7.389,7.389,0.0,0.0,0.0,1.0,0.0,0.0,1.0,0.002,0.002,0.002,0.0,0.0,0.0,1.0,0.0,0.0,1.0,2.2,2.2,2.2,0.0,0.0,0.0,1.0,0.0,0.0,1.0,419.9,419.9,419.9,0.0,0.0,0.0,1.0,0.0,0.0,1.0,3.9,3.9,3.9,0.0,0.0,0.0,1.0,0.0,0.0,1.0,0.1,0.1,0.1,0.0,0.0,0.0,1.0,0.0,0.0,1.0,79.7,79.7,79.7,0.0,0.0,0.0,1.0,0.0,0.0,1.0,288.3,288.3,288.3,0.0,0.0,0.0,2.0,1.0,102.0,168.0,0.0,0.0,-1.0,1.0,168.0,0.0,-1.0,0.0,-1.0,1.0,102.0,3.0,0.0,102.0,,0.0,0.0,4.0,94.0,223.0,1.0,0.0,-5.699999999999989,5.699999999999989,-0.0707196029776673,-1,-7.199999999999999,7.199999999999999,-0.3999999999999999,-1,4.700000000000003,4.700000000000003,0.0416666666666666,1,-10.899999999999991,10.899999999999991,-0.1352357320099254,-1,0.9000000000000057,0.9000000000000057,0.0092497430626927,1,-0.009999999999998,0.009999999999998,-0.0002721088435373,-1,2,2,0.1666666666666666,1,0,0,0.0,0,0,0,0,0,0,,0,0,63,14,0,0,0,0,0,1,0,0,0,1,113,1,46,2,0,0,0,0,1,0,0,0,0,0,0,0,0,0,0,0,0,0,0,0,0,0,0,0,0.0,0.0588235294117647,0,1,1,0,0,0,0,0.7145390070921985,0.8824817518248175,32.2,91.33333333333331,20.72163120567376,9091.679999999998,2962.05,0,1,0,0,0,1,2,0,0,0,0,0,2,2,0,,,,0,0,2,0,1
E000877,2026-05-15,108.1,20.2,101.1,80.1,95.9,1,37.35,11,41,Male,White,Palpitations. Festival attendee from festival medical tent with symptom onset ~257 minutes before arrival.,3,4,EMS,0,0,0,0,0,133.1,7.349,138.0,4.12,12.5,10.9,1,1,94.3,19.3,133.9,85.2,97.1,0,37.44,13,39.7,-13.8,0.09,2,,,,,1,0,0,0,0,0,1,0,0,0,0,0,362,4,9.0,81.8,118.4,99.26666666666668,94.3,36.60000000000001,0.1057175744075893,-0.0646695547788594,0.2216666666666665,-0.1326155757182977,-1.0,118.4,75.0,81.8,182.0,0.0,-1.0,90.65,6.0,14.7,24.2,19.6,19.3,9.5,0.1478125005961956,-0.0166155598745672,0.1016666666666665,-0.0259035428818319,-1.0,24.2,60.0,14.7,182.0,1.0,60.0,18.65,15.0,107.5,138.0,122.5888888888889,133.9,30.5,0.0722829090382258,0.0107889772653032,0.2949999999999995,0.0664738604450206,1.0,138.0,60.0,107.5,75.0,124.05,15.0,63.4,85.2,77.32222222222222,85.2,21.800000000000004,0.0948133398625341,-0.0376202472724897,-0.07,-0.0316672067401165,1.0,85.2,81.0,63.4,194.0,76.5,46.0,94.1,97.1,95.97777777777776,97.1,3.0,0.0096219470966335,-0.0001253511465343,0.0016666666666663,0.0042600993735148,1.0,97.1,240.0,94.1,81.0,0.0,-1.0,95.85,44.0,36.91,37.44,37.22,37.44,0.5300000000000011,0.0053853829046652,-0.0001247590971451,0.0083333333333332,-0.0014122380643767,-1.0,37.44,240.0,36.91,0.0,37.215,-1.0,12.0,15.0,13.11111111111111,13.0,3.0,0.0838940248865395,0.0104568171424838,-2.0934566115783664e-17,0.0106178440267876,-1.0,15.0,194.0,12.0,0.0,4.0,0.0,13.5,46.0,35.0,46.7,39.077777777777776,39.7,11.700000000000005,0.0888249027824542,-0.0159820670281571,0.1299999999999999,-0.0052235904082955,-1.0,46.7,60.0,35.0,182.0,0.0,-1.0,38.7,15.0,1.0,1.0,1.0,120.0,120.0,1.0,7.16,7.16,7.16,120.0,0.0,0.0,1.0,120.0,120.0,1.0,140.9,140.9,140.9,120.0,0.0,0.0,1.0,120.0,120.0,1.0,3.94,3.94,3.94,120.0,0.0,0.0,1.0,120.0,120.0,1.0,20.7,20.7,20.7,120.0,0.0,0.0,1.0,120.0,120.0,1.0,25.4,25.4,25.4,120.0,0.0,0.0,1.0,120.0,120.0,1.0,7.396,7.396,7.396,120.0,0.0,0.0,1.0,120.0,120.0,1.0,0.063,0.063,0.063,120.0,0.0,0.0,1.0,120.0,120.0,1.0,1.69,1.69,1.69,120.0,0.0,0.0,1.0,120.0,120.0,1.0,475.5,475.5,475.5,120.0,0.0,0.0,1.0,120.0,120.0,1.0,18.9,18.9,18.9,120.0,0.0,0.0,1.0,120.0,120.0,1.0,6.61,6.61,6.61,120.0,0.0,0.0,1.0,120.0,120.0,1.0,92.2,92.2,92.2,120.0,0.0,0.0,1.0,120.0,120.0,1.0,297.7,297.7,297.7,120.0,0.0,0.0,1.0,1.0,210.0,210.0,0.0,0.0,-1.0,1.0,210.0,0.0,-1.0,0.0,-1.0,0.0,-1.0,2.0,0.0,90.0,,5.0,125.0,4.0,0.0,182.0,1.0,0.0,-13.799999999999995,13.799999999999995,-0.1276595744680851,-1,-0.8999999999999986,0.8999999999999986,-0.0445544554455444,-1,32.80000000000001,32.80000000000001,0.3244312561819981,1,5.1000000000000085,5.1000000000000085,0.0636704119850188,1,1.1999999999999886,1.1999999999999886,0.0125130344108445,1,0.0899999999999963,0.0899999999999963,0.0024096385542167,1,2,2,0.1818181818181818,1,-1,1,-1.0,-1,0,0,0,0,1,257.0,1,1,106,14,0,1,0,0,0,0,0,0,1,0,254,0,38,2,0,0,0,0,0,0,0,0,1,1,0,0,0,0,0,0,0,0,0,0,0,0,0,1,0.0,0.0,0,1,0,0,0,0,0,1.0692383778437191,1.241102181400689,21.0,87.1,43.83877349159248,10928.909999999998,4037.535,0,0,0,0,1,0,1,1,1,1,0,0,3,6,1,0.0233463035019455,0.4206225680933852,5.552959584921617,0,1,0,1,1
E001779,2026-05-15,140.5,29.8,109.9,62.8,92.5,0,38.7,12,51,Male,White,Syncope. Festival attendee from campground with symptom onset ~227 minutes before arrival.,3,4,Festival Medical Tent Transfer,0,0,0,1,1,168.7,7.319,137.3,5.34,11.3,15.0,1,1,108.4,24.7,95.6,81.6,97.0,0,37.34,15,39.5,-32.1,-1.36,3,2.18,762.7,7.304,0.079,0,1,0,0,0,0,0,0,0,0,1,1,362,4,8.0,91.3,136.6,112.25,108.4,45.3,0.1148149567490328,0.05185309882016,0.6857142857142854,-0.0238103113242648,-1.0,136.6,68.0,91.3,0.0,1.0,68.0,112.15,27.0,23.0,27.0,24.7625,24.7,4.0,0.054515583175738,0.0011756832866759,0.0380952380952379,-0.0095454169595236,-1.0,27.0,95.0,23.0,0.0,5.0,64.0,24.85,89.0,95.6,131.2,116.7,95.6,35.599999999999994,0.0873111394960477,-0.1006153788601462,-0.5190476190476188,-0.1078647620622647,-1.0,131.2,0.0,95.6,240.0,101.85,-1.0,55.3,81.6,73.775,81.6,26.3,0.1127484254523591,-0.0016281249545376,0.3952380952380941,0.024376731301939,-1.0,81.6,240.0,55.3,184.0,81.35,43.0,92.6,97.0,94.4375,97.0,4.400000000000006,0.0142749323638218,0.0076112867258145,0.0666666666666666,0.0142659279778393,1.0,97.0,240.0,92.6,95.0,0.0,-1.0,96.25,-1.0,37.34,37.96,37.651250000000005,37.34,0.6199999999999974,0.0050922989335307,-0.00159468542107,-0.0090476190476192,-0.0022910034315954,1.0,37.96,64.0,37.34,240.0,37.41,-1.0,11.0,15.0,13.0,15.0,4.0,0.0860026145192226,0.0073321736528066,-8.096015127605155e-17,0.0136747012858147,1.0,15.0,240.0,11.0,64.0,2.0,64.0,14.0,4.0,38.1,48.2,42.5875,39.5,10.1,0.0710126431538746,-0.0129279439363048,-0.2857142857142859,-0.0346880555670401,1.0,48.2,68.0,38.1,21.0,0.0,-1.0,40.3,43.0,3.0,1.0,1.0,0.0,240.0,3.0,10.97,10.7,10.97,0.0,-0.2700000000000013,-0.02461257976299,1.0,0.0,240.0,3.0,144.1,138.5,144.1,0.0,-5.599999999999994,-0.0388619014573212,1.0,0.0,240.0,3.0,4.8,3.91,4.8,0.0,-0.8899999999999997,-0.1854166666666666,1.0,0.0,240.0,3.0,20.7,16.5,23.1,120.0,-4.199999999999999,-0.2028985507246376,1.0,0.0,240.0,3.0,80.5,63.9,80.5,0.0,-16.6,-0.2062111801242236,1.0,0.0,240.0,3.0,7.277,7.304,7.304,240.0,0.0270000000000001,0.0037103201868902,1.0,0.0,240.0,3.0,0.132,0.079,0.132,0.0,-0.053,-0.4015151515151515,1.0,0.0,240.0,3.0,2.62,2.18,2.86,120.0,-0.4399999999999999,-0.1679389312977099,1.0,0.0,240.0,3.0,998.7,762.7,998.7,0.0,-236.0,-0.2363071993591669,1.0,0.0,240.0,3.0,30.2,32.2,32.2,240.0,2.000000000000004,0.066225165562914,1.0,0.0,240.0,3.0,6.16,5.35,6.16,0.0,-0.8100000000000005,-0.1314935064935065,1.0,0.0,240.0,3.0,110.7,104.2,110.7,0.0,-6.5,-0.058717253839205,1.0,0.0,240.0,3.0,296.0,306.8,306.8,240.0,10.800000000000011,0.0364864864864865,2.0,1.0,82.0,199.0,0.0,1.0,199.0,0.0,-1.0,0.0,-1.0,0.0,-1.0,1.0,82.0,4.0,0.0,82.0,131.0,8.0,120.0,5.0,64.0,184.0,1.0,0.0,-32.099999999999994,32.099999999999994,-0.2284697508896796,-1,-5.100000000000001,5.100000000000001,-0.1711409395973154,-1,-14.300000000000011,14.300000000000011,-0.1301182893539582,-1,18.8,18.8,0.2993630573248407,1,4.5,4.5,0.0486486486486486,1,-1.3599999999999994,1.3599999999999994,-0.035142118863049,-1,3,3,0.25,1,0,0,0.0,0,2,0,0,0,0,227.0,1,1,90,12,0,0,1,0,0,0,0,0,1,0,241,0,41,3,1,0,1,0,0,0,0,0,0,1,0,1,0,0,1,0,0,0,0,0,0,0,0,0,0.0,0.0,0,0,0,1,1,1,1,1.278434940855323,1.7898089171974525,47.10000000000001,78.5,65.20018198362148,15440.95,5437.35,1,0,0,1,1,0,3,3,3,1,2,2,2,13,1,0.0572687224669603,0.6189427312775331,5.429345628954441,0,1,2,3,2
