encounter_id,encounter_arrival_date,triage_heart_rate,triage_respiratory_rate,triage_snapshot.systolic_bp,triage_snapshot.diastolic_bp,triage_snapshot.oxygen_saturation,triage_supplemental_oxygen,triage_temperature_c,triage_gcs,triage_age,triage_sex_gender,triage_race_ethnicity,triage_brief_note,triage_esi,triage_pain_scale,triage_mode_of_arrival,triage_mh_psych,triage_mh_cardiac,triage_mh_pulm,triage_mh_renal,triage_mh_substance_use,triage_lab_glucose,triage_lab_ph,triage_lab_sodium,triage_lab_potassium,triage_lab_hemoglobin,triage_lab_anion_gap,is_festival_patient,festival_note_keyword_hit,ed_course_reassessment_4h.heart_rate_4h,ed_course_reassessment_4h.respiratory_rate_4h,ed_course_reassessment_4h.systolic_bp_4h,ed_course_reassessment_4h.diastolic_bp_4h,ed_course_reassessment_4h.oxygen_saturation_4h,ed_course_reassessment_4h.supplemental_oxygen_4h,ed_course_reassessment_4h.temperature_c_4h,ed_course_reassessment_4h.gcs_4h,ed_course_reassessment_4h.end_tidal_co2_4h,ed_course_reassessment_4h.delta_hr,ed_course_reassessment_4h.delta_temp,ed_course_reassessment_4h.delta_gcs,ed_course_reassessment_4h.lactate_4h,ed_course_reassessment_4h.cpk_4h,ed_course_reassessment_4h.vbg_ph_4h,ed_course_reassessment_4h.troponin_4h,ed_course_reassessment_4h.ivf_count_0_4h,ed_course_reassessment_4h.benzodiazepine_count_0_4h,ed_course_reassessment_4h.reversal_count_0_4h,ed_course_reassessment_4h.intubated_0_4h,ed_course_reassessment_4h.positive_pressure_0_4h,ed_course_reassessment_4h.cvc_0_4h,narrative_notes_structured_ekg_abnormal,narrative_notes_structured_cxr_abnormal,narrative_notes_structured_ct_head_abnormal,narrative_notes_structured_ct_chest_abnormal,narrative_notes_structured_ct_abd_pelvis_abnormal,arrival_day_of_festival,arrival_dow,arrival_is_weekend,arrival_is_peak_festival_day,vts_n_records,vts_heart_rate_min,vts_heart_rate_max,vts_heart_rate_mean,vts_heart_rate_last,vts_heart_rate_range,vts_heart_rate_cv,vts_heart_rate_slope,vts_heart_rate_slope_first60,vts_heart_rate_slope_60_240,vts_heart_rate_accel_sign,vts_heart_rate_peak_value,vts_heart_rate_peak_minute,vts_heart_rate_nadir_value,vts_heart_rate_nadir_minute,vts_heart_rate_n_critical,vts_heart_rate_time_to_first_critical,vts_heart_rate_last30_mean,vts_heart_rate_recovery_halftime,vts_respiratory_rate_min,vts_respiratory_rate_max,vts_respiratory_rate_mean,vts_respiratory_rate_last,vts_respiratory_rate_range,vts_respiratory_rate_cv,vts_respiratory_rate_slope,vts_respiratory_rate_slope_first60,vts_respiratory_rate_slope_60_240,vts_respiratory_rate_accel_sign,vts_respiratory_rate_peak_value,vts_respiratory_rate_peak_minute,vts_respiratory_rate_nadir_value,vts_respiratory_rate_nadir_minute,vts_respiratory_rate_n_critical,vts_respiratory_rate_time_to_first_critical,vts_respiratory_rate_last30_mean,vts_respiratory_rate_recovery_halftime,vts_systolic_bp_min,vts_systolic_bp_max,vts_systolic_bp_mean,vts_systolic_bp_last,vts_systolic_bp_range,vts_systolic_bp_cv,vts_systolic_bp_slope,vts_systolic_bp_slope_first60,vts_systolic_bp_slope_60_240,vts_systolic_bp_accel_sign,vts_systolic_bp_peak_value,vts_systolic_bp_peak_minute,vts_systolic_bp_nadir_value,vts_systolic_bp_nadir_minute,vts_systolic_bp_n_critical,vts_systolic_bp_time_to_first_critical,vts_systolic_bp_last30_mean,vts_systolic_bp_recovery_halftime,vts_diastolic_bp_min,vts_diastolic_bp_max,vts_diastolic_bp_mean,vts_diastolic_bp_last,vts_diastolic_bp_range,vts_diastolic_bp_cv,vts_diastolic_bp_slope,vts_diastolic_bp_slope_first60,vts_diastolic_bp_slope_60_240,vts_diastolic_bp_accel_sign,vts_diastolic_bp_peak_value,vts_diastolic_bp_peak_minute,vts_diastolic_bp_nadir_value,vts_diastolic_bp_nadir_minute,vts_diastolic_bp_last30_mean,vts_diastolic_bp_recovery_halftime,vts_oxygen_saturation_min,vts_oxygen_saturation_max,vts_oxygen_saturation_mean,vts_oxygen_saturation_last,vts_oxygen_saturation_range,vts_oxygen_saturation_cv,vts_oxygen_saturation_slope,vts_oxygen_saturation_slope_first60,vts_oxygen_saturation_slope_60_240,vts_oxygen_saturation_accel_sign,vts_oxygen_saturation_peak_value,vts_oxygen_saturation_peak_minute,vts_oxygen_saturation_nadir_value,vts_oxygen_saturation_nadir_minute,vts_oxygen_saturation_n_critical,vts_oxygen_saturation_time_to_first_critical,vts_oxygen_saturation_last30_mean,vts_oxygen_saturation_recovery_halftime,vts_temperature_c_min,vts_temperature_c_max,vts_temperature_c_mean,vts_temperature_c_last,vts_temperature_c_range,vts_temperature_c_cv,vts_temperature_c_slope,vts_temperature_c_slope_first60,vts_temperature_c_slope_60_240,vts_temperature_c_accel_sign,vts_temperature_c_peak_value,vts_temperature_c_peak_minute,vts_temperature_c_nadir_value,vts_temperature_c_nadir_minute,vts_temperature_c_last30_mean,vts_temperature_c_recovery_halftime,vts_gcs_min,vts_gcs_max,vts_gcs_mean,vts_gcs_last,vts_gcs_range,vts_gcs_cv,vts_gcs_slope,vts_gcs_slope_first60,vts_gcs_slope_60_240,vts_gcs_accel_sign,vts_gcs_peak_value,vts_gcs_peak_minute,vts_gcs_nadir_value,vts_gcs_nadir_minute,vts_gcs_n_critical,vts_gcs_time_to_first_critical,vts_gcs_last30_mean,vts_gcs_recovery_halftime,vts_end_tidal_co2_min,vts_end_tidal_co2_max,vts_end_tidal_co2_mean,vts_end_tidal_co2_last,vts_end_tidal_co2_range,vts_end_tidal_co2_cv,vts_end_tidal_co2_slope,vts_end_tidal_co2_slope_first60,vts_end_tidal_co2_slope_60_240,vts_end_tidal_co2_accel_sign,vts_end_tidal_co2_peak_value,vts_end_tidal_co2_peak_minute,vts_end_tidal_co2_nadir_value,vts_end_tidal_co2_nadir_minute,vts_end_tidal_co2_n_critical,vts_end_tidal_co2_time_to_first_critical,vts_end_tidal_co2_last30_mean,vts_end_tidal_co2_recovery_halftime,lts_n_records,lts_any_drawn,lts_cbc_wbc_was_drawn,lts_bmp_sodium_was_drawn,lts_bmp_potassium_was_drawn,lts_bmp_bicarb_was_drawn,lts_lft_ast_was_drawn,lts_vbg_ph_was_drawn,lts_troponin_was_drawn,lts_lactate_was_drawn,lts_cpk_was_drawn,lts_esr_was_drawn,lts_crp_was_drawn,lts_poct_glucose_was_drawn,lts_serum_osm_was_drawn,itv_n_total,itv_any,itv_first_minute,itv_last_minute,itv_density_first_hour,itv_benzo_count,itv_time_to_first_benzo,itv_fluid_count,itv_time_to_first_fluid,itv_intubation_count,itv_time_to_first_intubation,itv_reversal_count,itv_time_to_first_reversal,itv_antipyretic_count,itv_time_to_first_antipyretic,itv_escalation_max_rung,itv_intubation_after_benzo,xmod_first_lab_to_first_itv_min,xmod_hr_crit_to_benzo_min,stab_total_critical_breaches,stab_max_consecutive_critical_min,stab_hr_oscillations,arc_time_to_min_gcs_min,arc_time_to_gcs_recovery_min,arc_steady_state_last60,arc_trajectory_class,lts_cbc_wbc_first_minute,lts_cbc_wbc_last_minute,lts_cbc_wbc_n_draws,lts_cbc_wbc_first_value,lts_cbc_wbc_last_value,lts_cbc_wbc_max_value,lts_cbc_wbc_max_minute,lts_cbc_wbc_delta,lts_cbc_wbc_pct_change,lts_bmp_sodium_first_minute,lts_bmp_sodium_last_minute,lts_bmp_sodium_n_draws,lts_bmp_sodium_first_value,lts_bmp_sodium_last_value,lts_bmp_sodium_max_value,lts_bmp_sodium_max_minute,lts_bmp_sodium_delta,lts_bmp_sodium_pct_change,lts_bmp_potassium_first_minute,lts_bmp_potassium_last_minute,lts_bmp_potassium_n_draws,lts_bmp_potassium_first_value,lts_bmp_potassium_last_value,lts_bmp_potassium_max_value,lts_bmp_potassium_max_minute,lts_bmp_potassium_delta,lts_bmp_potassium_pct_change,lts_bmp_bicarb_first_minute,lts_bmp_bicarb_last_minute,lts_bmp_bicarb_n_draws,lts_bmp_bicarb_first_value,lts_bmp_bicarb_last_value,lts_bmp_bicarb_max_value,lts_bmp_bicarb_max_minute,lts_bmp_bicarb_delta,lts_bmp_bicarb_pct_change,lts_lft_ast_first_minute,lts_lft_ast_last_minute,lts_lft_ast_n_draws,lts_lft_ast_first_value,lts_lft_ast_last_value,lts_lft_ast_max_value,lts_lft_ast_max_minute,lts_lft_ast_delta,lts_lft_ast_pct_change,lts_vbg_ph_first_minute,lts_vbg_ph_last_minute,lts_vbg_ph_n_draws,lts_vbg_ph_first_value,lts_vbg_ph_last_value,lts_vbg_ph_max_value,lts_vbg_ph_max_minute,lts_vbg_ph_delta,lts_vbg_ph_pct_change,lts_troponin_first_minute,lts_troponin_last_minute,lts_troponin_n_draws,lts_troponin_first_value,lts_troponin_last_value,lts_troponin_max_value,lts_troponin_max_minute,lts_troponin_delta,lts_troponin_pct_change,lts_lactate_first_minute,lts_lactate_last_minute,lts_lactate_n_draws,lts_lactate_first_value,lts_lactate_last_value,lts_lactate_max_value,lts_lactate_max_minute,lts_lactate_delta,lts_lactate_pct_change,lts_cpk_first_minute,lts_cpk_last_minute,lts_cpk_n_draws,lts_cpk_first_value,lts_cpk_last_value,lts_cpk_max_value,lts_cpk_max_minute,lts_cpk_delta,lts_cpk_pct_change,lts_esr_first_minute,lts_esr_last_minute,lts_esr_n_draws,lts_esr_first_value,lts_esr_last_value,lts_esr_max_value,lts_esr_max_minute,lts_esr_delta,lts_esr_pct_change,lts_crp_first_minute,lts_crp_last_minute,lts_crp_n_draws,lts_crp_first_value,lts_crp_last_value,lts_crp_max_value,lts_crp_max_minute,lts_crp_delta,lts_crp_pct_change,lts_poct_glucose_first_minute,lts_poct_glucose_last_minute,lts_poct_glucose_n_draws,lts_poct_glucose_first_value,lts_poct_glucose_last_value,lts_poct_glucose_max_value,lts_poct_glucose_max_minute,lts_poct_glucose_delta,lts_poct_glucose_pct_change,lts_serum_osm_first_minute,lts_serum_osm_last_minute,lts_serum_osm_n_draws,lts_serum_osm_first_value,lts_serum_osm_last_value,lts_serum_osm_max_value,lts_serum_osm_max_minute,lts_serum_osm_delta,lts_serum_osm_pct_change,diff_hr,abs_diff_hr,pct_change_hr,direction_hr,diff_rr,abs_diff_rr,pct_change_rr,direction_rr,diff_sbp,abs_diff_sbp,pct_change_sbp,direction_sbp,diff_dbp,abs_diff_dbp,pct_change_dbp,direction_dbp,diff_spo2,abs_diff_spo2,pct_change_spo2,direction_spo2,diff_temp,abs_diff_temp,pct_change_temp,direction_temp,diff_gcs,abs_diff_gcs,pct_change_gcs,direction_gcs,diff_supp_o2,abs_diff_supp_o2,pct_change_supp_o2,direction_supp_o2,n_vitals_worsening,any_vital_crit_at_4h_new,n_vitals_crit_at_4h_new,supp_o2_escalated,supp_o2_weaned,note_onset_minutes,note_has_onset_phrase,note_is_festival_template,note_char_len,note_word_count,note_location_main_stage,note_location_medical_tent,note_location_campground,note_location_other,note_location_none,note_onset_bucket_fast,note_onset_bucket_medium,note_onset_bucket_slow,note_onset_bucket_unknown,pe_agitated,pe_ataxia,pe_diaphoretic,pe_distractible,pe_dry_mucosa,pe_fatigued_appearance,pe_intermittent_disorientation,pe_mild_tremor,pe_reduced_tracking,pe_restless,pe_slow_responses,pe_tachycardic,pe_tachypneic_effort,pe_unsteady_gait,pe_kraken_combo,pe_triton_combo,peak_lactate_5plus,peak_cpk_1000plus,peak_troponin_015plus,peak_hr_150plus,peak_temp_385plus,kraken_severity_anchor,all_peak_labs_normal,triage_chief_agitation,triage_chief_palpitations,note_arousal_density,note_perceptual_density,triage_ag_above_20,triage_ag_below_12,triage_ph_above_735,triage_hr_above_120,triage_temp_above_38,triage_glucose_above_140,triage_sympathomimetic_combo,cand_acidosis,cand_cns_depression_score,cand_high_anion_gap,cand_hr_temp_product,cand_k_extreme,cand_log_onset,cand_map,cand_mod_shock_index,cand_na_extreme,cand_news_gcs,cand_news_high_risk,cand_news_hr,cand_news_rr,cand_news_sbp,cand_news_spo2,cand_news_temp,cand_news_total,cand_onset_x_hr,cand_onset_x_news,cand_poc_abn_count,cand_pulse_pressure,cand_rate_pressure_product,cand_shock_index,cand_shock_index_age,cand_sympathetic_score
E000143,2025-05-22,92.5,19.2,114.0,68.6,96.0,0,37.21,14,33,Male,White,"Abdominal Pain ambulatory c/o abdominal pain since 2 AM, + diarrhea, pt was DX with c-diff 2 weeks ago,",4,2,Walk-in,0,0,0,0,0,124.8,7.436,140.3,4.39,12.0,8.3,0,0,71.8,9.9,113.1,81.0,96.5,0,36.74,15,30.1,-20.7,-0.47,1,,,,,1,1,0,0,0,0,0,0,0,0,0,4,3,0,0,7.0,65.5,84.9,75.6857142857143,71.8,19.40000000000001,0.0848882033470511,-0.0219555188022283,0.0,0.0338807991872673,1.0,84.9,0.0,65.5,68.0,0.0,-1.0,71.8,78.0,9.9,16.5,13.314285714285717,9.9,6.6,0.1559747824839362,-0.0038141248839368,0.0,-0.0023253188847499,-1.0,16.5,174.0,9.9,240.0,0.0,-1.0,9.9,-1.0,108.7,132.9,123.84285714285714,113.1,24.200000000000003,0.0700316765298112,-0.0220752089136487,0.0,-0.0431764307483912,-1.0,132.9,198.0,108.7,128.0,0.0,-1.0,113.1,18.0,74.7,86.3,82.65714285714284,81.0,11.599999999999994,0.0466003068189172,-0.0330743674558958,0.0,-0.0525002821988936,1.0,86.3,128.0,74.7,198.0,81.0,42.0,95.8,98.7,97.28571428571428,96.5,2.9000000000000057,0.0110493777335754,-0.0082760271587743,0.0,-0.0083982390789025,1.0,98.7,174.0,95.8,198.0,0.0,-1.0,96.5,-1.0,36.59,36.93,36.771428571428565,36.74,0.3399999999999963,0.0026859962731069,-0.0002392351439182,0.0,-0.0007241223614402,1.0,36.93,174.0,36.59,198.0,36.74,24.0,13.0,15.0,14.571428571428571,15.0,2.0,0.0499903873881645,0.0003264275766016,0.0,-0.0044023027429732,1.0,15.0,68.0,13.0,198.0,0.0,-1.0,15.0,130.0,30.1,39.9,35.94285714285714,30.1,9.799999999999995,0.0926678500527446,-0.0311187035747445,0.0,-0.033666328027994,1.0,39.9,0.0,30.1,240.0,0.0,-1.0,30.1,-1.0,0.0,0.0,0.0,0.0,0.0,0.0,0.0,0.0,0.0,0.0,0.0,0.0,0.0,0.0,0.0,3.0,1.0,90.0,193.0,0.0,1.0,193.0,1.0,122.0,0.0,-1.0,0.0,-1.0,1.0,90.0,4.0,0.0,,,0.0,0.0,4.0,198.0,198.0,0.0,0.0,,,,,,,,,,,,,,,,,,,,,,,,,,,,,,,,,,,,,,,,,,,,,,,,,,,,,,,,,,,,,,,,,,,,,,,,,,,,,,,,,,,,,,,,,,,,,,,,,,,,,,,,,,,,,,,,,,,,,,-20.700000000000003,20.700000000000003,-0.2237837837837838,-1,-9.3,9.3,-0.4843749999999999,-1,-0.9000000000000057,0.9000000000000057,-0.0078947368421053,-1,12.400000000000006,12.400000000000006,0.1807580174927114,1,0.5,0.5,0.0052083333333333,1,-0.4699999999999988,0.4699999999999988,-0.012631013168503,-1,1,1,0.0714285714285714,1,0,0,0.0,0,1,0,0,0,0,,0,0,103,19,0,0,0,0,1,0,0,0,1,0,0,0,0,0,1,0,0,0,0,0,0,0,0,0,0,0,0,0,0,0,0,0,0,0,0.0,0.0,0,1,1,0,0,0,0,0,0,0,3441.925,0,,83.73333333333333,1.1046974522292994,0,1,0,1,0,0,0,0,2,,,0,45.400000000000006,10545.0,0.8114035087719298,26.776315789473685,0
E001622,2025-05-20,121.6,37.4,94.9,80.9,90.6,1,39.04,11,24,Male,Black,Nausea/vomiting. Festival attendee from festival medical tent with symptom onset ~107 minutes before arrival.,2,7,Festival Medical Tent Transfer,1,0,0,0,1,158.2,7.296,137.6,5.14,14.0,18.9,1,1,122.8,26.4,120.8,75.0,93.4,1,37.96,11,39.1,1.2,-1.08,0,4.66,1008.0,7.308,0.138,1,1,0,0,0,0,0,0,0,0,0,2,1,0,1,6.0,102.0,143.5,124.01666666666664,122.8,41.5,0.0989181011585305,-0.0966455048652163,-0.5666666666666681,0.022776523056691,1.0,143.5,0.0,102.0,152.0,1.0,0.0,122.8,88.0,25.5,29.2,27.08333333333333,26.4,3.6999999999999993,0.0549073453014015,-0.0022401828790609,0.1541666666666665,-0.0059178364161354,-1.0,29.2,24.0,25.5,0.0,6.0,0.0,26.4,94.0,88.0,124.1,115.28333333333332,120.8,36.1,0.1078328780050509,-0.0212318651352541,-0.200000000000001,0.022227622287658,1.0,124.1,137.0,88.0,152.0,1.0,152.0,120.8,88.0,71.0,79.1,74.36666666666667,75.0,8.099999999999994,0.035122434825925,0.0188855165092018,-0.0666666666666668,-0.0016295491580663,-1.0,79.1,152.0,71.0,24.0,75.0,88.0,90.8,93.8,92.53333333333336,93.4,3.0,0.011362975717282,0.005518050317427,-0.0875000000000009,0.0040452843134451,1.0,93.8,118.0,90.8,24.0,1.0,24.0,93.4,94.0,37.59,38.47,38.00333333333334,37.96,0.8799999999999955,0.0081581222758204,-0.0026894181004036,0.005416666666666,0.0016046770919694,1.0,38.47,24.0,37.59,152.0,37.96,-1.0,10.0,12.0,11.0,11.0,2.0,0.0742269619025205,0.0063185742967589,-8.934384944363102e-17,-0.0061179564881786,-1.0,12.0,118.0,10.0,0.0,6.0,0.0,11.0,19.0,39.1,47.7,44.33333333333334,39.1,8.600000000000001,0.0619194730523707,-0.0192810695342832,0.1041666666666663,-0.0476028474227394,-1.0,47.7,152.0,39.1,240.0,0.0,-1.0,39.1,-1.0,3.0,1.0,1.0,1.0,1.0,1.0,1.0,1.0,1.0,1.0,1.0,1.0,1.0,1.0,1.0,3.0,1.0,35.0,137.0,1.0,1.0,35.0,1.0,137.0,0.0,-1.0,0.0,-1.0,1.0,116.0,4.0,0.0,35.0,35.0,15.0,240.0,3.0,0.0,-1.0,0.0,0.0,0.0,240.0,3.0,14.39,9.1,14.39,0.0,-5.290000000000001,-0.3676164002779709,0.0,240.0,3.0,144.2,140.0,144.2,0.0,-4.199999999999989,-0.0291262135922329,0.0,240.0,3.0,4.64,4.73,4.73,240.0,0.0900000000000007,0.019396551724138,0.0,240.0,3.0,17.9,19.2,19.2,240.0,1.3000000000000007,0.0726256983240224,0.0,240.0,3.0,60.5,61.0,67.9,120.0,0.5,0.0082644628099173,0.0,240.0,3.0,7.276,7.308,7.308,240.0,0.032,0.0043980208905992,0.0,240.0,3.0,0.183,0.138,0.183,0.0,-0.0449999999999999,-0.2459016393442622,0.0,240.0,3.0,4.1,4.66,4.66,240.0,0.5600000000000005,0.1365853658536586,0.0,240.0,3.0,1041.5,1008.0,1041.5,0.0,-33.5,-0.0321651464234277,0.0,240.0,3.0,18.5,21.4,31.5,120.0,2.8999999999999986,0.1567567567567566,0.0,240.0,3.0,13.11,6.33,13.35,120.0,-6.779999999999999,-0.517162471395881,0.0,240.0,3.0,153.5,90.0,153.5,0.0,-63.5,-0.4136807817589576,0.0,240.0,3.0,302.1,304.2,304.5,120.0,2.099999999999966,0.00695134061569,1.2000000000000028,1.2000000000000028,0.0098684210526316,1,-11.0,11.0,-0.2941176470588235,-1,25.89999999999999,25.89999999999999,0.2729188619599577,1,-5.900000000000006,5.900000000000006,-0.0729295426452411,-1,2.800000000000012,2.800000000000012,0.0309050772626932,1,-1.0799999999999983,1.0799999999999983,-0.0276639344262294,-1,0,0,0.0,0,0,0,0.0,0,2,0,0,0,0,107.0,1,1,109,14,0,1,0,0,0,0,1,0,0,1,0,1,0,0,1,0,0,0,1,0,1,0,0,1,0,0,1,1,0,0,1,0,0,0,0.0,0.0,0,0,0,1,1,1,1,1,2,1,4747.264,1,4.68213122712422,85.56666666666668,1.4211141410206465,0,3,1,2,3,2,3,2,15,1.136448598130841,0.1401869158878504,3,14.0,11539.84,1.2813487881981032,30.75237091675448,3
E001562,2025-05-20,105.4,21.0,102.8,72.9,96.1,0,37.62,15,54,Female,White,Agitation. Festival attendee from main stage with symptom onset ~205 minutes before arrival.,4,2,Walk-in,1,1,1,1,1,85.5,7.366,139.3,4.18,14.2,10.4,1,1,106.0,17.0,116.7,77.5,94.5,0,37.14,14,36.1,0.6,-0.48,-1,,,,,0,0,0,0,1,0,0,0,0,0,0,2,1,0,1,8.0,83.6,120.8,94.7125,106.0,37.2,0.1251003750314825,-0.0030508231454947,0.0,-0.1229011287041836,-1.0,120.8,82.0,83.6,176.0,0.0,-1.0,106.0,85.0,13.8,21.8,17.5625,17.0,8.0,0.1453892367639063,-0.0088685746389306,0.0,-0.0353268456108164,-1.0,21.8,82.0,13.8,176.0,0.0,-1.0,17.0,85.0,116.7,134.0,124.725,116.7,17.299999999999997,0.0429481906434033,0.0203872325038622,0.0,-0.0088451720974755,-1.0,134.0,174.0,116.7,240.0,0.0,-1.0,116.7,2.0,63.9,82.2,72.875,77.5,18.300000000000004,0.0909957837715204,0.0364730105698514,0.0,-0.0045726478682249,1.0,82.2,195.0,63.9,0.0,77.5,12.0,94.5,98.3,97.175,94.5,3.799999999999997,0.0122168356785014,-0.0058518188691424,0.0,-0.0068759223068636,-1.0,98.3,195.0,94.5,240.0,0.0,-1.0,94.5,-1.0,36.97,37.32,37.1675,37.14,0.3500000000000014,0.0027920249654291,-0.0002452253377601,0.0,-0.0010562158497187,-1.0,37.32,174.0,36.97,195.0,37.14,2.0,12.0,15.0,14.0,14.0,3.0,0.0714285714285714,0.0030361801506734,0.0,-0.0035097515255454,-1.0,15.0,167.0,12.0,195.0,1.0,195.0,14.0,28.0,34.8,42.8,37.325,36.1,8.0,0.0647831540241283,-0.0046624490857093,0.0,-0.0448560204203724,-1.0,42.8,82.0,34.8,0.0,0.0,-1.0,36.1,85.0,1.0,1.0,1.0,1.0,1.0,1.0,1.0,1.0,1.0,1.0,1.0,1.0,1.0,1.0,1.0,1.0,1.0,43.0,43.0,1.0,0.0,-1.0,0.0,-1.0,0.0,-1.0,0.0,-1.0,0.0,-1.0,0.0,0.0,-77.0,,1.0,12.0,4.0,195.0,207.0,1.0,0.0,120.0,120.0,1.0,6.82,6.82,6.82,120.0,0.0,0.0,120.0,120.0,1.0,144.1,144.1,144.1,120.0,0.0,0.0,120.0,120.0,1.0,3.74,3.74,3.74,120.0,0.0,0.0,120.0,120.0,1.0,23.8,23.8,23.8,120.0,0.0,0.0,120.0,120.0,1.0,24.3,24.3,24.3,120.0,0.0,0.0,120.0,120.0,1.0,7.351,7.351,7.351,120.0,0.0,0.0,120.0,120.0,1.0,0.038,0.038,0.038,120.0,0.0,0.0,120.0,120.0,1.0,1.69,1.69,1.69,120.0,0.0,0.0,120.0,120.0,1.0,278.6,278.6,278.6,120.0,0.0,0.0,120.0,120.0,1.0,5.4,5.4,5.4,120.0,0.0,0.0,120.0,120.0,1.0,1.6,1.6,1.6,120.0,0.0,0.0,120.0,120.0,1.0,91.1,91.1,91.1,120.0,0.0,0.0,120.0,120.0,1.0,285.7,285.7,285.7,120.0,0.0,0.0,0.5999999999999943,0.5999999999999943,0.0056925996204933,1,-4.0,4.0,-0.1904761904761904,-1,13.900000000000006,13.900000000000006,0.1352140077821012,1,4.599999999999994,4.599999999999994,0.0631001371742111,1,-1.5999999999999943,1.5999999999999943,-0.0166493236212278,-1,-0.4799999999999969,0.4799999999999969,-0.0127591706539074,-1,-1,1,-0.0666666666666666,-1,0,0,0.0,0,3,0,0,0,0,205.0,1,1,92,13,1,0,0,0,0,0,0,1,0,0,0,0,0,0,0,0,1,0,0,0,0,0,0,0,0,0,0,0,0,0,0,0,1,0,0.1428571428571428,0.0,0,1,1,0,0,0,0,0,0,0,3965.148,0,5.327876168789581,82.86666666666667,1.2719227674979887,0,0,0,1,2,1,0,0,4,0.5141463414634146,0.0195121951219512,0,29.89999999999999,10835.12,1.0252918287937745,55.36575875486382,1
E000424,2025-05-20,124.8,23.1,134.6,74.0,93.3,1,38.33,9,71,Female,White,Altered mental status. Festival attendee from campground with symptom onset ~193 minutes before arrival.,3,10,Police,1,1,1,1,1,167.1,7.335,135.6,4.88,14.9,14.3,1,1,113.4,22.5,128.5,79.8,94.9,1,37.86,11,44.8,-11.4,-0.47,2,2.49,568.0,7.388,0.108,1,1,0,0,0,0,0,0,0,0,0,2,1,0,1,8.0,113.4,126.9,118.875,113.4,13.5,0.0340453758549953,0.0041212053028821,0.0124845488257119,-0.0617916334100195,-1.0,126.9,202.0,113.4,240.0,0.0,-1.0,113.4,38.0,21.4,29.1,24.0375,22.5,7.700000000000003,0.0946823508657323,-0.0154086148740274,-0.0200865265760197,0.0118221512747076,1.0,29.1,33.0,21.4,138.0,4.0,0.0,22.5,59.0,106.8,134.3,122.4625,128.5,27.50000000000001,0.0760676597232337,0.0236100424495796,-0.3041409147095171,0.2356120005634064,-1.0,134.3,202.0,106.8,138.0,0.0,-1.0,128.5,59.0,63.8,88.4,74.25,79.8,24.60000000000001,0.0962680375762426,0.0439715770631638,-0.203831891223733,0.0387342128738439,1.0,88.4,197.0,63.8,56.0,79.8,82.0,92.2,95.1,93.8625,94.9,2.8999999999999915,0.0111984602893381,0.008438285382518,-0.0377008652657601,0.0085872576177285,1.0,95.1,202.0,92.2,33.0,0.0,-1.0,94.9,105.0,37.54,37.93,37.75625,37.86,0.3900000000000005,0.0035655902552286,2.159644974446885e-05,0.004184177997528,0.0031959246912999,-1.0,37.93,23.0,37.54,138.0,37.86,10.0,10.0,13.0,11.5,11.0,3.0,0.0972203468478169,0.0067903255941032,0.0111248454882571,-0.0177003615193202,-1.0,13.0,138.0,10.0,0.0,6.0,0.0,11.0,102.0,34.0,44.9,39.75,44.8,10.9,0.0877172496684837,0.000380097515504,0.1040791100123607,0.0196488098032769,1.0,44.9,56.0,34.0,202.0,0.0,-1.0,44.8,82.0,3.0,1.0,1.0,1.0,1.0,1.0,1.0,1.0,1.0,1.0,1.0,1.0,1.0,1.0,1.0,2.0,1.0,96.0,135.0,0.0,1.0,135.0,1.0,96.0,0.0,-1.0,0.0,-1.0,0.0,-1.0,4.0,0.0,96.0,,10.0,138.0,4.0,0.0,202.0,1.0,0.0,0.0,240.0,3.0,10.28,8.92,10.28,0.0,-1.3599999999999994,-0.1322957198443579,0.0,240.0,3.0,136.2,135.8,138.2,120.0,-0.3999999999999772,-0.002936857562408,0.0,240.0,3.0,4.16,4.48,4.48,240.0,0.3200000000000003,0.0769230769230769,0.0,240.0,3.0,21.3,20.3,21.9,120.0,-1.0,-0.0469483568075117,0.0,240.0,3.0,46.1,26.7,47.9,120.0,-19.4,-0.420824295010846,0.0,240.0,3.0,7.323,7.388,7.388,240.0,0.0649999999999995,0.0088761436569711,0.0,240.0,3.0,0.082,0.108,0.108,240.0,0.0259999999999999,0.3170731707317072,0.0,240.0,3.0,2.51,2.49,2.55,120.0,-0.0199999999999995,-0.0079681274900396,0.0,240.0,3.0,568.9,568.0,684.3,120.0,-0.8999999999999773,-0.0015820003515555,0.0,240.0,3.0,31.0,16.8,31.0,0.0,-14.2,-0.4580645161290322,0.0,240.0,3.0,4.64,3.36,4.64,0.0,-1.2799999999999998,-0.2758620689655172,0.0,240.0,3.0,120.5,119.8,120.5,0.0,-0.7000000000000028,-0.0058091286307054,0.0,240.0,3.0,297.0,295.2,301.2,120.0,-1.8000000000000114,-0.006060606060606,-11.399999999999991,11.399999999999991,-0.0913461538461537,-1,-0.6000000000000014,0.6000000000000014,-0.025974025974026,-1,-6.099999999999994,6.099999999999994,-0.0453194650817235,-1,5.799999999999997,5.799999999999997,0.0783783783783783,1,1.6000000000000083,1.6000000000000083,0.0171489817792069,1,-0.4699999999999988,0.4699999999999988,-0.0122619358205061,-1,2,2,0.2222222222222222,1,0,0,0.0,0,1,0,0,0,0,193.0,1,1,104,14,0,0,1,0,0,0,0,1,0,0,0,0,1,0,0,1,0,0,0,1,0,0,0,0,0,0,0,0,0,0,0,0,0,0,0.0,0.1176470588235294,0,0,0,1,1,1,1,1,1,1,4783.584,0,5.267858159063328,94.2,1.32484076433121,0,3,1,2,2,0,1,2,10,0.6466321243523316,0.0518134715025906,2,60.6,16798.079999999998,0.9271916790490342,65.83060921248143,3
E001532,2025-05-21,105.3,26.5,157.6,66.9,92.0,1,37.74,12,46,Non-binary,Asian,Agitation. Festival attendee from main stage with symptom onset ~148 minutes before arrival.,2,3,Festival Medical Tent Transfer,0,1,0,0,1,119.1,7.325,139.2,4.75,13.7,12.4,1,1,113.1,24.7,121.0,66.9,94.3,1,37.65,11,41.2,7.8,-0.09,-1,2.73,512.1,7.321,0.046,1,0,1,0,0,0,0,0,0,0,0,3,2,0,1,6.0,89.5,115.4,105.2,113.1,25.90000000000001,0.0971800314728394,-0.0628882007204703,0.0,-0.0554377110765377,1.0,115.4,0.0,89.5,215.0,0.0,-1.0,101.3,25.0,21.2,24.7,23.03333333333333,24.7,3.5,0.0529160790123942,-9.100676230801211e-05,0.0,0.0079194019656206,1.0,24.7,240.0,21.2,169.0,1.0,240.0,23.2,33.0,101.3,128.3,115.46666666666664,121.0,27.00000000000001,0.073358587638392,-0.0004525058459205,0.0,0.0130535422912007,1.0,128.3,169.0,101.3,215.0,0.0,-1.0,111.15,25.0,61.0,92.2,77.41666666666667,66.9,31.200000000000003,0.1495922713047758,-0.0575529292801618,0.0,-0.071115243046332,-1.0,92.2,215.0,61.0,169.0,79.55000000000001,46.0,94.0,95.8,94.46666666666668,94.3,1.7999999999999972,0.0064293814955146,0.0019187259053276,0.0,0.0042499905134141,-1.0,95.8,215.0,94.0,169.0,0.0,-1.0,95.05,25.0,37.23,37.76,37.52666666666666,37.65,0.5300000000000011,0.0043966490214121,-0.0001769575933767,0.0,-7.399537054602745e-05,1.0,37.76,169.0,37.23,202.0,37.56,13.0,11.0,12.0,11.666666666666666,11.0,1.0,0.0404061017820884,-0.0033116349617645,0.0,-0.0065267711456,-1.0,12.0,0.0,11.0,202.0,6.0,0.0,11.5,13.0,39.7,43.7,41.66666666666666,41.2,4.0,0.0357502447544069,-0.0004752575364974,0.0,0.0218191477251167,1.0,43.7,215.0,39.7,107.0,0.0,-1.0,42.45,95.0,3.0,1.0,1.0,1.0,1.0,1.0,1.0,1.0,1.0,1.0,1.0,1.0,1.0,1.0,1.0,2.0,1.0,75.0,113.0,0.0,0.0,-1.0,1.0,113.0,0.0,-1.0,1.0,75.0,0.0,-1.0,5.0,0.0,75.0,,7.0,240.0,3.0,202.0,-1.0,1.0,0.0,0.0,240.0,3.0,11.85,5.75,11.85,0.0,-6.1,-0.5147679324894514,0.0,240.0,3.0,137.5,142.0,142.0,240.0,4.5,0.0327272727272727,0.0,240.0,3.0,3.84,4.68,4.68,240.0,0.8399999999999999,0.2187499999999999,0.0,240.0,3.0,21.6,19.8,21.6,0.0,-1.8000000000000007,-0.0833333333333333,0.0,240.0,3.0,46.9,31.7,50.7,120.0,-15.2,-0.32409381663113,0.0,240.0,3.0,7.265,7.321,7.321,240.0,0.056,0.0077081899518238,0.0,240.0,3.0,0.102,0.046,0.102,0.0,-0.0559999999999999,-0.5490196078431372,0.0,240.0,3.0,3.83,2.73,3.83,0.0,-1.1,-0.2872062663185378,0.0,240.0,3.0,704.6,512.1,704.6,0.0,-192.5,-0.2732046551234743,0.0,240.0,3.0,22.6,14.1,23.3,120.0,-8.500000000000002,-0.3761061946902655,0.0,240.0,3.0,0.58,5.44,5.44,240.0,4.86,8.379310344827587,0.0,240.0,3.0,127.7,129.4,129.4,240.0,1.7000000000000028,0.0133124510571652,0.0,240.0,3.0,292.1,302.2,302.2,240.0,10.099999999999966,0.0345771995891816,7.799999999999997,7.799999999999997,0.074074074074074,1,-1.8000000000000007,1.8000000000000007,-0.0679245283018868,-1,-36.6,36.6,-0.232233502538071,-1,0.0,0.0,0.0,0,2.299999999999997,2.299999999999997,0.0249999999999999,1,-0.0900000000000034,0.0900000000000034,-0.0023847376788554,-1,-1,1,-0.0833333333333333,-1,0,0,0.0,0,3,0,0,0,0,148.0,1,1,92,13,1,0,0,0,0,0,1,0,0,0,0,0,0,1,0,0,1,0,0,0,1,0,0,0,0,0,0,0,0,0,0,0,1,0,0.1428571428571428,0.0,0,0,0,0,0,0,0,1,2,1,3974.022,0,5.003946305945459,97.13333333333334,1.0840768702814,0,2,1,1,3,0,2,0,8,0.7114864864864865,0.054054054054054,2,90.7,16595.28,0.6681472081218274,30.73477157360406,3
E000894,2025-05-19,83.8,15.4,134.6,72.7,97.7,0,37.36,14,39,Female,Black,Chest pain. Festival attendee from main stage with symptom onset ~91 minutes before arrival.,4,5,Festival Medical Tent Transfer,0,0,0,0,0,92.5,7.348,143.3,4.04,15.3,9.4,1,1,80.4,11.0,117.5,65.2,98.3,0,36.78,14,36.9,-3.4,-0.58,0,,,,,0,0,0,0,0,0,0,0,0,0,0,1,0,0,1,6.0,73.8,90.7,84.08333333333333,80.4,16.900000000000006,0.0745421514230872,0.004560574631569,0.3159999999999998,-0.0823197348874416,-1.0,90.7,141.0,73.8,0.0,0.0,-1.0,80.4,53.0,10.6,19.6,14.483333333333334,11.0,9.000000000000002,0.2198049147493354,-0.0147192994903942,0.1159999999999999,-0.0085270254828019,-1.0,19.6,50.0,10.6,141.0,0.0,-1.0,11.0,52.0,108.2,132.6,120.48333333333332,117.5,24.39999999999999,0.0623716538834043,-0.0510953809939186,-0.2819999999999999,-0.0206742086618675,1.0,132.6,0.0,108.2,141.0,0.0,-1.0,117.5,-1.0,65.2,85.6,74.64999999999999,65.2,20.39999999999999,0.093268035590761,0.0068452443060639,0.1839999999999998,-0.0632910524511485,-1.0,85.6,194.0,65.2,240.0,65.2,46.0,97.3,99.7,97.98333333333332,98.3,2.4000000000000057,0.0084656350659155,-0.0038886129625995,-0.0480000000000004,0.0049160095989028,1.0,99.7,0.0,97.3,50.0,0.0,-1.0,98.3,-1.0,36.52,37.0,36.79166666666666,36.78,0.4799999999999969,0.004111344043697,0.0005849405460001,0.0095999999999998,0.0002031767797965,-1.0,37.0,50.0,36.52,0.0,36.78,91.0,14.0,15.0,14.5,14.0,1.0,0.0344827586206896,-0.0030175669979173,-0.02,-0.0087304308079077,1.0,15.0,0.0,14.0,50.0,0.0,-1.0,14.0,52.0,28.7,40.3,35.46666666666666,36.9,11.599999999999998,0.1101870977306479,0.0232298401065122,0.1079999999999997,-0.0347937378585305,-1.0,40.3,102.0,28.7,0.0,1.0,0.0,36.9,92.0,1.0,1.0,1.0,1.0,1.0,1.0,1.0,1.0,1.0,1.0,1.0,1.0,1.0,1.0,1.0,1.0,1.0,38.0,38.0,1.0,0.0,-1.0,0.0,-1.0,0.0,-1.0,0.0,-1.0,1.0,38.0,3.0,0.0,-82.0,,1.0,50.0,3.0,50.0,194.0,1.0,0.0,120.0,120.0,1.0,5.27,5.27,5.27,120.0,0.0,0.0,120.0,120.0,1.0,138.4,138.4,138.4,120.0,0.0,0.0,120.0,120.0,1.0,3.45,3.45,3.45,120.0,0.0,0.0,120.0,120.0,1.0,23.0,23.0,23.0,120.0,0.0,0.0,120.0,120.0,1.0,37.3,37.3,37.3,120.0,0.0,0.0,120.0,120.0,1.0,7.416,7.416,7.416,120.0,0.0,0.0,120.0,120.0,1.0,0.007,0.007,0.007,120.0,0.0,0.0,120.0,120.0,1.0,2.51,2.51,2.51,120.0,0.0,0.0,120.0,120.0,1.0,82.4,82.4,82.4,120.0,0.0,0.0,120.0,120.0,1.0,16.7,16.7,16.7,120.0,0.0,0.0,120.0,120.0,1.0,0.1,0.1,0.1,120.0,0.0,0.0,120.0,120.0,1.0,136.9,136.9,136.9,120.0,0.0,0.0,120.0,120.0,1.0,288.7,288.7,288.7,120.0,0.0,0.0,-3.3999999999999915,3.3999999999999915,-0.0405727923627683,-1,-4.4,4.4,-0.2857142857142857,-1,-17.099999999999994,17.099999999999994,-0.1270430906389301,-1,-7.5,7.5,-0.1031636863823934,-1,0.5999999999999943,0.5999999999999943,0.0061412487205731,1,-0.5799999999999983,0.5799999999999983,-0.0155246252676659,-1,0,0,0.0,0,0,0,0.0,0,2,0,0,0,0,91.0,1,1,92,14,1,0,0,0,0,0,1,0,0,0,1,0,0,0,0,0,0,0,0,0,0,0,1,0,0,0,0,0,0,0,0,0,0,0,0.0,0.0,0,1,0,0,0,0,0,1,0,0,3130.768,0,4.5217885770490405,93.33333333333331,0.8978571428571429,0,1,0,0,0,0,0,0,1,0.9208791208791208,0.0109890109890109,1,61.89999999999999,11279.48,0.6225854383358098,24.28083209509658,0
E002007,2025-05-21,128.7,19.0,113.4,69.3,96.7,0,37.62,13,25,Male,White,Altered mental status. Festival attendee from festival medical tent with symptom onset ~291 minutes before arrival.,4,0,Walk-in,0,0,0,0,0,118.4,7.36,143.7,4.66,13.1,6.6,1,1,78.5,17.5,118.1,74.6,98.7,0,37.02,14,37.3,-50.2,-0.6,1,1.46,534.2,7.339,0.0,1,0,0,0,0,0,0,0,0,0,0,3,2,0,1,6.0,77.5,93.4,85.2,78.5,15.900000000000006,0.0829328692418969,-0.0408619173262972,0.0,-0.0287009438648783,-1.0,93.4,153.0,77.5,129.0,0.0,-1.0,78.5,24.0,13.6,22.9,16.883333333333333,17.5,9.3,0.1754187403910507,-0.000782761653474,0.0,-0.0074701937406856,1.0,22.9,75.0,13.6,129.0,0.0,-1.0,17.5,54.0,105.7,135.1,119.73333333333332,118.1,29.39999999999999,0.0884705154725327,0.0116094986807389,0.0,-0.0183370591157479,1.0,135.1,75.0,105.7,69.0,0.0,-1.0,118.1,78.0,72.2,85.0,78.06666666666666,74.6,12.799999999999995,0.0596420927424624,-0.0190589270008796,0.0,-0.0072187034277199,-1.0,85.0,153.0,72.2,129.0,74.6,24.0,96.5,98.7,98.0,98.7,2.200000000000003,0.0071428571428571,0.0074758135444152,0.0,0.0028564331843016,-1.0,98.7,240.0,96.5,0.0,0.0,-1.0,98.7,-1.0,36.68,37.26,36.98333333333333,37.02,0.5799999999999983,0.0046642087545509,-0.0012418645558486,0.0,-0.0002850223546945,1.0,37.26,0.0,36.68,153.0,37.02,87.0,13.0,14.0,13.5,14.0,1.0,0.037037037037037,-0.0005277044854881,0.0,0.0025149031296571,1.0,14.0,0.0,13.0,69.0,0.0,-1.0,14.0,6.0,36.7,43.4,38.73333333333334,37.3,6.699999999999996,0.0602655469879917,-0.0239138082673702,0.0,-0.010044088425236,1.0,43.4,0.0,36.7,129.0,0.0,-1.0,37.3,-1.0,2.0,1.0,1.0,1.0,1.0,1.0,1.0,1.0,1.0,1.0,1.0,1.0,1.0,1.0,1.0,2.0,1.0,11.0,27.0,2.0,0.0,-1.0,1.0,11.0,0.0,-1.0,0.0,-1.0,1.0,27.0,3.0,0.0,11.0,,0.0,0.0,3.0,69.0,240.0,0.0,0.0,0.0,240.0,2.0,12.15,5.15,12.15,0.0,-7.0,-0.5761316872427983,0.0,240.0,2.0,140.1,140.2,140.2,240.0,0.0999999999999943,0.0007137758743754,0.0,240.0,2.0,4.05,3.7,4.05,0.0,-0.3499999999999996,-0.0864197530864196,0.0,240.0,2.0,20.9,25.1,25.1,240.0,4.200000000000003,0.2009569377990432,0.0,240.0,2.0,24.9,29.9,29.9,240.0,5.0,0.2008032128514056,0.0,240.0,2.0,7.354,7.339,7.354,0.0,-0.0149999999999996,-0.0020397062822953,0.0,240.0,2.0,0.06,0.0,0.06,0.0,-0.06,-1.0,0.0,240.0,2.0,2.68,1.46,2.68,0.0,-1.2200000000000002,-0.4552238805970149,0.0,240.0,2.0,308.6,534.2,534.2,240.0,225.6,0.7310434219053792,0.0,240.0,2.0,3.6,14.9,14.9,240.0,11.3,3.138888888888889,0.0,240.0,2.0,5.73,0.1,5.73,0.0,-5.630000000000001,-0.9825479930191972,0.0,240.0,2.0,113.8,125.7,125.7,240.0,11.900000000000006,0.1045694200351494,0.0,240.0,2.0,293.2,293.9,293.9,240.0,0.6999999999999886,0.0023874488403819,-50.19999999999999,50.19999999999999,-0.39005439005439,-1,-1.5,1.5,-0.0789473684210526,-1,4.699999999999989,4.699999999999989,0.0414462081128746,1,5.299999999999997,5.299999999999997,0.0764790764790764,1,2.0,2.0,0.0206825232678386,1,-0.5999999999999943,0.5999999999999943,-0.0159489633173842,-1,1,1,0.0769230769230769,1,0,0,0.0,0,1,0,0,0,0,291.0,1,1,115,16,0,1,0,0,0,0,0,1,0,0,0,0,0,0,0,0,0,0,0,0,1,0,0,0,0,0,0,0,0,0,0,0,0,0,0.0,0.1052631578947368,0,1,1,1,0,0,0,0,1,0,4841.694,0,5.676753802268282,84.0,1.532142857142857,0,2,0,2,0,0,0,0,4,0.4422680412371134,0.0137457044673539,0,44.10000000000001,14594.58,1.1349206349206349,28.373015873015863,1
E000130,2025-05-22,144.4,39.8,129.5,70.1,90.2,1,38.97,11,14,Male,Hispanic/Latino,Agitation. Festival attendee from festival medical tent with symptom onset ~219 minutes before arrival.,1,9,Festival Medical Tent Transfer,0,0,0,0,0,152.1,7.284,137.6,4.92,14.4,18.3,1,1,147.0,25.7,117.8,79.3,90.7,1,37.62,12,40.8,2.6,-1.35,1,3.42,800.4,7.313,0.105,1,1,0,0,0,0,0,1,0,1,0,4,3,0,0,8.0,109.9,148.0,133.4375,147.0,38.1,0.1115495001064932,-0.0319258751430445,-0.1305908244455718,0.0308644126873473,1.0,148.0,33.0,109.9,124.0,5.0,0.0,147.0,116.0,23.0,34.9,29.825,25.7,11.9,0.1402389861707809,-0.047753653977994,-0.0491112239715592,-0.01850470547229,1.0,34.9,0.0,23.0,187.0,7.0,0.0,25.7,-1.0,106.0,125.0,114.65,117.8,19.0,0.047837101441961,0.0002804837040529,-0.0941933299475204,-0.0370791216451726,1.0,125.0,83.0,106.0,33.0,0.0,-1.0,117.8,13.0,64.0,82.5,73.46249999999999,79.3,18.5,0.0824671897925502,-0.0058570523665161,-0.264855256475368,0.0470059254095502,1.0,82.5,0.0,64.0,46.0,79.3,2.0,90.7,93.3,91.9625,90.7,2.5999999999999943,0.0090642694819786,0.0005930301363576,0.0190282715422377,-0.0092540955036599,-1.0,93.3,187.0,90.7,240.0,2.0,0.0,90.7,53.0,37.62,38.51,38.15375,37.62,0.8900000000000006,0.0086013668654615,-0.0038044382114732,-0.0018960555273405,-0.0038191007319624,1.0,38.51,0.0,37.62,240.0,37.62,-1.0,10.0,12.0,10.875,12.0,2.0,0.0717815861884873,0.0075099772432831,-0.0104960216692059,0.0129313349599163,1.0,12.0,187.0,10.0,33.0,8.0,0.0,12.0,15.0,40.8,48.4,44.7875,40.8,7.600000000000001,0.0543076115038175,-0.0246051461982207,-0.0765701709835786,-0.020027884280237,-1.0,48.4,0.0,40.8,240.0,0.0,-1.0,40.8,-1.0,3.0,1.0,1.0,1.0,1.0,1.0,1.0,1.0,1.0,1.0,1.0,1.0,1.0,1.0,1.0,3.0,1.0,31.0,151.0,2.0,1.0,52.0,1.0,151.0,0.0,-1.0,0.0,-1.0,1.0,31.0,4.0,0.0,31.0,52.0,22.0,240.0,4.0,33.0,-1.0,1.0,0.0,0.0,240.0,3.0,11.42,10.21,11.42,0.0,-1.209999999999999,-0.1059544658493869,0.0,240.0,3.0,140.0,141.8,141.8,240.0,1.8000000000000114,0.0128571428571429,0.0,240.0,3.0,4.7,4.81,4.81,240.0,0.1099999999999994,0.0234042553191488,0.0,240.0,3.0,20.2,19.1,20.2,0.0,-1.099999999999998,-0.0544554455445543,0.0,240.0,3.0,53.4,55.2,55.2,240.0,1.8000000000000045,0.0337078651685394,0.0,240.0,3.0,7.28,7.313,7.328,120.0,0.0329999999999994,0.0045329670329669,0.0,240.0,3.0,0.147,0.105,0.147,0.0,-0.0419999999999999,-0.2857142857142857,0.0,240.0,3.0,5.22,3.42,5.22,0.0,-1.7999999999999998,-0.3448275862068965,0.0,240.0,3.0,1153.7,800.4,1153.7,0.0,-353.30000000000007,-0.3062321227355465,0.0,240.0,3.0,33.4,27.3,33.4,0.0,-6.099999999999998,-0.1826347305389221,0.0,240.0,3.0,7.41,4.72,7.41,0.0,-2.6900000000000004,-0.3630229419703104,0.0,240.0,3.0,154.3,143.4,154.3,0.0,-10.900000000000006,-0.0706416072585872,0.0,240.0,3.0,296.5,294.0,296.5,0.0,-2.5,-0.0084317032040472,2.5999999999999943,2.5999999999999943,0.0180055401662049,1,-14.099999999999998,14.099999999999998,-0.3542713567839196,-1,-11.700000000000005,11.700000000000005,-0.0903474903474903,-1,9.200000000000005,9.200000000000005,0.1312410841654779,1,0.5,0.5,0.0055432372505543,1,-1.3500000000000014,1.3500000000000014,-0.0346420323325635,-1,1,1,0.0909090909090909,1,0,0,0.0,0,3,0,0,0,0,219.0,1,1,103,14,0,1,0,0,0,0,0,1,0,0,0,0,0,0,1,0,1,0,1,0,1,0,0,0,0,1,1,0,0,1,1,0,1,0,0.1333333333333333,0.0,0,0,0,1,1,1,1,1,2,1,5627.268,0,5.393627546352362,89.89999999999999,1.60622914349277,0,3,1,3,3,0,3,2,14,0.6593607305936073,0.0639269406392694,2,59.400000000000006,18699.8,1.1150579150579152,15.610810810810811,3
E000265,2025-05-21,133.2,29.2,140.5,63.9,93.1,0,38.14,12,25,Male,White,Altered mental status. Festival attendee from main stage with symptom onset ~58 minutes before arrival.,3,8,Festival Medical Tent Transfer,0,0,0,0,0,144.7,7.368,135.3,4.81,16.3,13.8,1,1,112.0,23.1,124.1,72.5,96.4,0,37.9,13,32.6,-21.2,-0.24,1,2.4,720.8,7.359,0.051,1,1,0,0,0,0,0,0,0,0,0,3,2,0,1,6.0,106.8,127.1,113.16666666666669,112.0,20.3,0.0574071896643392,0.039049554740702,-0.0077543628580836,-0.0112369805648014,-1.0,127.1,176.0,106.8,57.0,0.0,-1.0,112.0,64.0,19.1,27.8,23.1,23.1,8.7,0.1227739005564547,-0.0066380303823991,0.1083964438590713,-0.0031354021260603,-1.0,27.8,57.0,19.1,176.0,2.0,53.0,23.1,72.0,99.9,124.1,116.16666666666669,124.1,24.19999999999999,0.0727656381460837,0.0214738606600315,-0.1280046098123146,0.0578546118329215,1.0,124.1,240.0,99.9,53.0,0.0,-1.0,124.1,4.0,65.0,78.9,73.96666666666667,72.5,13.900000000000006,0.060711232291058,0.0143782084861185,0.2226868620349031,-0.0435734994094276,-1.0,78.9,57.0,65.0,0.0,72.5,-1.0,92.4,96.4,94.1,96.4,4.0,0.0141249748759312,0.0136758512310113,0.0215673361870267,0.0221840438097283,-1.0,96.4,240.0,92.4,0.0,0.0,-1.0,96.4,-1.0,37.19,38.08,37.64666666666667,37.9,0.8900000000000006,0.0083149929991766,-0.0008040230487165,0.0034474810668421,0.0065703854826585,1.0,38.08,53.0,37.19,129.0,37.9,111.0,11.0,13.0,12.166666666666666,13.0,2.0,0.0564808989810638,0.0077150340492404,0.0181099769509384,0.0084827660259852,-1.0,13.0,176.0,11.0,0.0,4.0,0.0,13.0,-1.0,32.6,45.6,40.16666666666666,32.6,13.0,0.1021724728136567,-0.0449718177056049,0.0218636812644053,-0.0710028991731986,-1.0,45.6,57.0,32.6,240.0,0.0,-1.0,32.6,-1.0,1.0,1.0,1.0,1.0,1.0,1.0,1.0,1.0,1.0,1.0,1.0,1.0,1.0,1.0,1.0,3.0,1.0,57.0,203.0,1.0,1.0,57.0,1.0,67.0,0.0,-1.0,0.0,-1.0,1.0,203.0,4.0,0.0,-183.0,,6.0,176.0,3.0,0.0,240.0,0.0,0.0,240.0,240.0,1.0,4.02,4.02,4.02,240.0,0.0,0.0,240.0,240.0,1.0,139.3,139.3,139.3,240.0,0.0,0.0,240.0,240.0,1.0,4.38,4.38,4.38,240.0,0.0,0.0,240.0,240.0,1.0,17.7,17.7,17.7,240.0,0.0,0.0,240.0,240.0,1.0,48.4,48.4,48.4,240.0,0.0,0.0,240.0,240.0,1.0,7.359,7.359,7.359,240.0,0.0,0.0,240.0,240.0,1.0,0.051,0.051,0.051,240.0,0.0,0.0,240.0,240.0,1.0,2.4,2.4,2.4,240.0,0.0,0.0,240.0,240.0,1.0,720.8,720.8,720.8,240.0,0.0,0.0,240.0,240.0,1.0,14.0,14.0,14.0,240.0,0.0,0.0,240.0,240.0,1.0,5.55,5.55,5.55,240.0,0.0,0.0,240.0,240.0,1.0,130.4,130.4,130.4,240.0,0.0,0.0,240.0,240.0,1.0,291.8,291.8,291.8,240.0,0.0,0.0,-21.19999999999999,21.19999999999999,-0.1591591591591591,-1,-6.099999999999998,6.099999999999998,-0.208904109589041,-1,-16.400000000000006,16.400000000000006,-0.1167259786476868,-1,8.600000000000001,8.600000000000001,0.134585289514867,1,3.300000000000012,3.300000000000012,0.0354457572502686,1,-0.240000000000002,0.240000000000002,-0.0062926061877294,-1,1,1,0.0833333333333333,1,0,0,0.0,0,1,0,0,0,0,58.0,1,1,103,15,1,0,0,0,0,1,0,0,0,0,0,0,0,0,0,1,1,1,0,1,0,0,0,0,1,0,0,0,0,0,0,0,0,0,0.0,0.1111111111111111,0,0,1,1,1,1,1,0,1,1,5080.248,0,4.07753744390572,89.43333333333334,1.489377562430115,0,2,1,3,3,0,1,2,11,2.296551724137931,0.1896551724137931,1,76.6,18714.6,0.9480427046263344,23.70106761565836,4
E000924,2025-05-19,95.1,20.3,112.4,89.2,95.1,0,37.33,14,46,Female,White,"Emesis pt with emesis, not keeping meds down.",4,4,Walk-in,0,0,1,1,1,123.4,7.423,141.0,4.79,15.3,11.9,0,0,87.7,14.4,119.6,77.3,96.0,0,37.07,14,33.2,-7.4,-0.26,0,,,,,1,1,0,0,0,0,0,0,0,0,0,1,0,0,1,8.0,76.9,97.7,85.7125,87.7,20.8,0.0764214592540926,-0.0213304732986045,0.6581395348837219,-0.004931689436854,-1.0,97.7,24.0,76.9,0.0,0.0,-1.0,83.23333333333333,116.0,14.4,19.6,16.5625,14.4,5.200000000000001,0.0952708753703944,-0.0120288603504471,-0.0933139534883717,-0.0026324558480505,1.0,19.6,0.0,14.4,240.0,0.0,-1.0,15.966666666666669,-1.0,112.9,128.3,122.45,119.6,15.400000000000006,0.0379285537598468,0.0041814079170958,-0.1863372093023241,0.0098300566477843,1.0,128.3,216.0,112.9,24.0,0.0,-1.0,123.06666666666668,4.0,65.5,85.2,75.8625,77.3,19.700000000000003,0.0673686953278878,0.0319636738446107,0.3706395348837214,-0.0156947684105297,-1.0,85.2,199.0,65.5,0.0,76.3,26.0,94.8,97.3,96.1625,96.0,2.5,0.0071847204499859,0.0036326155389026,-0.0395348837209291,-0.002899033655448,1.0,97.3,199.0,94.8,24.0,0.0,-1.0,96.23333333333332,4.0,36.52,37.26,36.91375,37.07,0.7399999999999949,0.006084651279971,-0.0015175362843692,-0.0087499999999994,0.0002049316894369,1.0,37.26,0.0,36.52,216.0,36.74666666666667,24.0,14.0,15.0,14.625,14.0,1.0,0.0331024217624565,0.0019221661977323,0.0232558139534886,-0.0059980006664445,-1.0,15.0,28.0,14.0,0.0,0.0,-1.0,14.666666666666666,212.0,31.7,39.3,35.7,33.2,7.599999999999998,0.0745329674826334,-0.0060297517898432,-0.0764534883720926,0.0052482505831389,1.0,39.3,28.0,31.7,24.0,0.0,-1.0,36.0,4.0,1.0,1.0,1.0,1.0,1.0,1.0,1.0,1.0,1.0,1.0,1.0,1.0,1.0,1.0,1.0,2.0,1.0,29.0,48.0,2.0,1.0,48.0,1.0,29.0,0.0,-1.0,0.0,-1.0,0.0,-1.0,4.0,0.0,29.0,,0.0,0.0,5.0,0.0,199.0,1.0,0.0,0.0,0.0,1.0,5.74,5.74,5.74,0.0,0.0,0.0,0.0,0.0,1.0,139.0,139.0,139.0,0.0,0.0,0.0,0.0,0.0,1.0,3.68,3.68,3.68,0.0,0.0,0.0,0.0,0.0,1.0,20.5,20.5,20.5,0.0,0.0,0.0,0.0,0.0,1.0,26.3,26.3,26.3,0.0,0.0,0.0,0.0,0.0,1.0,7.411,7.411,7.411,0.0,0.0,0.0,0.0,0.0,1.0,0.017,0.017,0.017,0.0,0.0,0.0,0.0,0.0,1.0,1.69,1.69,1.69,0.0,0.0,0.0,0.0,0.0,1.0,191.1,191.1,191.1,0.0,0.0,0.0,0.0,0.0,1.0,6.1,6.1,6.1,0.0,0.0,0.0,0.0,0.0,1.0,0.77,0.77,0.77,0.0,0.0,0.0,0.0,0.0,1.0,86.9,86.9,86.9,0.0,0.0,0.0,0.0,0.0,1.0,288.6,288.6,288.6,0.0,0.0,0.0,-7.399999999999991,7.399999999999991,-0.077812828601472,-1,-5.9,5.9,-0.29064039408867,-1,7.199999999999989,7.199999999999989,0.0640569395017792,1,-11.900000000000006,11.900000000000006,-0.1334080717488789,-1,0.9000000000000057,0.9000000000000057,0.0094637223974764,1,-0.259999999999998,0.259999999999998,-0.0069649075810339,-1,0,0,0.0,0,0,0,0.0,0,0,0,0,0,0,,0,0,45,8,0,0,0,0,1,0,0,0,1,1,0,0,0,0,0,0,0,0,0,0,0,1,0,0,0,0,0,0,0,0,0,0,0,1,0.0,0.0,0,1,1,0,0,0,0,0,0,0,3550.083,0,,96.93333333333334,0.9810866574965612,0,1,0,1,1,0,0,0,3,,,0,23.200000000000003,10689.24,0.846085409252669,38.91992882562277,0
E000974,2025-05-22,144.1,30.2,125.0,77.8,95.9,0,37.45,12,45,Female,White,Altered mental status. Festival attendee from beach shuttle stop with symptom onset ~239 minutes before arrival.,3,3,Festival Medical Tent Transfer,0,1,0,0,0,87.8,7.333,138.6,4.56,15.9,14.2,1,1,105.7,26.6,131.6,72.9,97.1,0,37.71,13,38.3,-38.4,0.26,1,1.69,517.3,7.368,0.09,1,1,0,0,0,0,1,0,0,0,0,4,3,0,0,7.0,90.1,123.1,107.6714285714286,105.7,33.0,0.0964531875626389,-0.0275788890238715,0.4391304347826082,-0.0163230913084133,-1.0,123.1,46.0,90.1,147.0,0.0,-1.0,105.7,19.0,17.5,26.6,22.37142857142857,26.6,9.1,0.1156216633231803,0.0164926653708315,0.026086956521739,0.0215506556200665,1.0,26.6,240.0,17.5,140.0,1.0,240.0,26.6,-1.0,107.7,131.6,119.37142857142858,131.6,23.89999999999999,0.0588448097133974,0.0422010721010749,-0.1608695652173917,0.0824417770239414,1.0,131.6,240.0,107.7,87.0,0.0,-1.0,131.6,53.0,60.8,76.0,70.68571428571428,72.9,15.200000000000005,0.0657213370476183,0.0145086709591203,0.128260869565217,0.0365820775436536,-1.0,76.0,87.0,60.8,65.0,72.9,22.0,93.5,97.1,95.52857142857144,97.1,3.5999999999999943,0.0125954668396862,0.0058726386442324,-0.0500000000000002,0.0188314088764216,1.0,97.1,240.0,93.5,65.0,0.0,-1.0,97.1,75.0,37.06,37.71,37.34428571428571,37.71,0.6499999999999986,0.0064693525593082,0.0008082138735346,0.0108695652173911,0.0017114619348947,1.0,37.71,240.0,37.06,147.0,37.71,-1.0,11.0,13.0,11.714285714285714,13.0,2.0,0.0597436522630043,0.0069398044098888,-1.765184254558603e-17,0.0054363189597059,1.0,13.0,240.0,11.0,0.0,6.0,0.0,13.0,-1.0,36.9,42.4,38.92857142857143,38.3,5.5,0.0529255233095631,-0.0035613952499544,-0.0217391304347827,-0.0247820036097157,1.0,42.4,87.0,36.9,46.0,0.0,-1.0,38.3,53.0,3.0,1.0,1.0,1.0,1.0,1.0,1.0,1.0,1.0,1.0,1.0,1.0,1.0,1.0,1.0,2.0,1.0,134.0,144.0,0.0,1.0,144.0,1.0,134.0,0.0,-1.0,0.0,-1.0,0.0,-1.0,4.0,0.0,134.0,,7.0,240.0,4.0,0.0,240.0,0.0,0.0,0.0,240.0,3.0,10.9,9.42,10.9,0.0,-1.4800000000000004,-0.1357798165137615,0.0,240.0,3.0,140.2,143.0,143.0,240.0,2.800000000000012,0.0199714693295293,0.0,240.0,3.0,4.87,4.05,4.87,0.0,-0.8200000000000003,-0.1683778234086242,0.0,240.0,3.0,22.1,20.7,22.1,0.0,-1.400000000000002,-0.0633484162895928,0.0,240.0,3.0,47.2,42.6,47.2,0.0,-4.600000000000001,-0.097457627118644,0.0,240.0,3.0,7.364,7.368,7.368,240.0,0.0040000000000004,0.0005431830526888,0.0,240.0,3.0,0.112,0.09,0.112,0.0,-0.022,-0.1964285714285714,0.0,240.0,3.0,2.99,1.69,3.3,120.0,-1.3000000000000005,-0.4347826086956522,0.0,240.0,3.0,746.2,517.3,746.2,0.0,-228.9000000000001,-0.3067542213883678,0.0,240.0,3.0,17.4,22.8,22.8,240.0,5.400000000000002,0.310344827586207,0.0,240.0,3.0,12.71,6.57,12.92,120.0,-6.140000000000001,-0.4830841856805665,0.0,240.0,3.0,130.7,132.3,132.3,240.0,1.6000000000000227,0.0122417750573834,0.0,240.0,3.0,293.8,291.9,293.8,0.0,-1.900000000000034,-0.0064669843430906,-38.39999999999999,38.39999999999999,-0.2664816099930603,-1,-3.599999999999998,3.599999999999998,-0.1192052980132449,-1,6.599999999999994,6.599999999999994,0.0527999999999999,1,-4.899999999999992,4.899999999999992,-0.062982005141388,-1,1.1999999999999886,1.1999999999999886,0.0125130344108445,1,0.259999999999998,0.259999999999998,0.0069425901201601,1,1,1,0.0833333333333333,1,0,0,0.0,0,0,0,0,0,0,239.0,1,1,112,16,0,0,0,1,0,0,0,1,0,0,0,0,1,0,0,1,0,1,0,1,0,0,0,0,1,0,0,0,0,0,0,0,0,0,0.0,0.1052631578947368,0,0,0,1,0,0,0,1,1,1,5396.545,0,5.480638923341991,93.53333333333332,1.5406272273699213,0,2,1,3,3,0,0,0,8,0.602928870292887,0.0334728033472803,2,47.2,18012.5,1.1528,51.876000000000005,2
E001372,2025-05-22,136.5,33.7,112.7,81.6,93.5,0,38.38,13,21,Male,White,"when attempting to use bathroom, slipped out of wheelchair to ground.",3,6,EMS,0,0,0,0,0,95.9,7.316,136.2,4.46,10.6,15.5,0,0,92.9,26.2,130.6,73.1,95.5,0,37.65,14,43.1,-43.6,-0.73,1,3.15,828.0,7.379,0.039,1,1,1,0,1,0,0,0,0,1,0,4,3,0,0,8.0,92.9,135.3,108.5375,92.9,42.400000000000006,0.1190803145290436,-0.0911094340296694,-0.8444444444444449,-0.2445401892922733,1.0,135.3,66.0,92.9,240.0,1.0,66.0,92.9,-1.0,14.6,28.3,21.9125,26.2,13.7,0.1831484224615266,-0.0180405833861763,-0.2037037037037038,0.0124876394971041,1.0,28.3,0.0,14.6,165.0,2.0,0.0,26.2,42.0,107.5,144.5,126.9125,130.6,37.0,0.0969679520280346,0.0247327337519086,0.7777777777777769,-0.0979262607712956,1.0,144.5,163.0,107.5,0.0,0.0,-1.0,130.6,44.0,70.5,89.0,77.01249999999999,73.1,18.5,0.0814341917147713,0.0314900818991308,-0.0666666666666673,0.0001384376324336,-1.0,89.0,165.0,70.5,27.0,73.1,29.0,92.0,97.4,95.0,95.5,5.400000000000006,0.0164510522190397,0.0136718854662533,0.0259259259259257,0.0256448650939397,-1.0,97.4,207.0,92.0,66.0,0.0,-1.0,95.5,33.0,37.21,37.93,37.533750000000005,37.65,0.7199999999999989,0.0064121726405115,-0.0017241240722713,0.0044444444444441,0.0004963977962988,1.0,37.93,27.0,37.21,194.0,37.65,46.0,12.0,14.0,13.0,14.0,2.0,0.0384615384615384,0.0038046924540266,-0.037037037037037,0.0038140980364458,1.0,14.0,240.0,12.0,27.0,1.0,27.0,14.0,39.0,35.0,44.1,40.3125,43.1,9.1,0.0731618691328092,0.0159569337394052,0.0555555555555552,0.0104760559401045,-1.0,44.1,207.0,35.0,163.0,0.0,-1.0,43.1,-1.0,2.0,1.0,1.0,1.0,1.0,1.0,1.0,1.0,1.0,1.0,1.0,1.0,1.0,1.0,1.0,4.0,1.0,18.0,81.0,2.0,1.0,18.0,1.0,81.0,0.0,-1.0,1.0,52.0,0.0,-1.0,5.0,0.0,18.0,-48.0,4.0,97.0,2.0,27.0,194.0,1.0,0.0,0.0,240.0,2.0,9.94,4.55,9.94,0.0,-5.39,-0.5422535211267605,0.0,240.0,2.0,138.3,142.5,142.5,240.0,4.199999999999989,0.0303687635574836,0.0,240.0,2.0,4.55,4.44,4.55,0.0,-0.1099999999999994,-0.024175824175824,0.0,240.0,2.0,18.3,23.7,23.7,240.0,5.399999999999999,0.2950819672131146,0.0,240.0,2.0,49.7,29.0,49.7,0.0,-20.700000000000003,-0.4164989939637827,0.0,240.0,2.0,7.371,7.379,7.379,240.0,0.0079999999999991,0.0010853344186676,0.0,240.0,2.0,0.083,0.039,0.083,0.0,-0.044,-0.5301204819277109,0.0,240.0,2.0,3.98,3.15,3.98,0.0,-0.8300000000000001,-0.2085427135678392,0.0,240.0,2.0,456.5,828.0,828.0,240.0,371.5,0.8138006571741512,0.0,240.0,2.0,28.3,10.1,28.3,0.0,-18.200000000000003,-0.6431095406360425,0.0,240.0,2.0,3.37,4.03,4.03,240.0,0.6600000000000001,0.1958456973293769,0.0,240.0,2.0,135.2,112.8,135.2,0.0,-22.39999999999999,-0.165680473372781,0.0,240.0,2.0,292.9,278.6,292.9,0.0,-14.299999999999956,-0.0488221235916693,-43.6,43.6,-0.3194139194139194,-1,-7.5000000000000036,7.5000000000000036,-0.2225519287833828,-1,17.89999999999999,17.89999999999999,0.1588287488908606,1,-8.5,8.5,-0.1041666666666666,-1,2.0,2.0,0.0213903743315508,1,-0.730000000000004,0.730000000000004,-0.0190203230849401,-1,1,1,0.0769230769230769,1,0,0,0.0,0,1,0,0,0,0,,0,0,69,11,0,0,0,0,1,0,0,0,1,1,0,1,0,0,1,0,0,0,0,0,1,0,0,1,0,0,0,0,0,0,0,0,0,0,0.0,0.0714285714285714,0,0,0,1,1,0,1,1,1,1,5238.870000000001,0,,91.96666666666668,1.4842334179050385,0,2,1,3,3,0,1,2,11,,,2,31.10000000000001,15383.55,1.2111801242236024,25.43478260869565,3
E000485,2025-05-21,88.8,14.2,93.5,83.2,93.6,0,37.2,14,14,Female,White,Palpitations. Festival attendee from festival medical tent with symptom onset ~113 minutes before arrival.,5,2,Walk-in,1,0,0,0,0,79.2,7.402,135.8,4.28,13.5,10.2,1,1,102.0,14.4,133.2,81.0,95.2,0,36.95,14,30.1,13.2,-0.25,0,2.77,97.2,7.363,0.054,0,1,1,0,0,0,0,0,0,0,0,3,2,0,1,7.0,86.7,102.0,90.65714285714286,102.0,15.299999999999995,0.0529856497118681,0.0371450666822306,0.0135407537248024,0.1357530806517547,1.0,102.0,240.0,86.7,58.0,0.0,-1.0,102.0,-1.0,10.3,18.8,13.528571428571428,14.4,8.5,0.2069586015340368,0.0180730732191321,0.0463190184049078,0.0208783507562926,-1.0,18.8,206.0,10.3,0.0,0.0,-1.0,14.4,34.0,113.8,137.5,126.44285714285714,133.2,23.700000000000003,0.0560775758216984,0.0311185688855166,0.0391761612620501,0.0988261402791564,-1.0,137.5,206.0,113.8,190.0,0.0,-1.0,133.2,-1.0,69.7,86.5,78.45714285714287,81.0,16.799999999999997,0.0716843105534104,0.0539183470977909,-0.0814636283961438,0.014541844302984,1.0,86.5,206.0,69.7,58.0,81.0,34.0,95.2,98.4,96.72857142857144,95.2,3.200000000000003,0.0092750367556388,-0.0061543175650044,0.0089833479404026,-0.0158675465747826,-1.0,98.4,58.0,95.2,240.0,0.0,-1.0,95.2,-1.0,36.64,36.96,36.83857142857143,36.95,0.3200000000000003,0.0030760510358013,0.0006579507981439,0.0044697633654686,0.0023599836477253,-1.0,36.96,59.0,36.64,0.0,36.95,90.0,12.0,15.0,14.0,14.0,3.0,0.0763603548321212,0.0075378644176613,-0.025854513584575,-0.0102201716988845,0.0,15.0,149.0,12.0,59.0,1.0,59.0,14.0,90.0,30.1,40.8,35.48571428571429,30.1,10.699999999999996,0.1064310523520206,-0.0061878775498292,-0.0483347940403156,-0.1021958768907317,-1.0,40.8,149.0,30.1,240.0,0.0,-1.0,30.1,-1.0,1.0,1.0,1.0,1.0,1.0,1.0,1.0,1.0,1.0,1.0,1.0,1.0,1.0,1.0,1.0,2.0,1.0,109.0,118.0,0.0,1.0,109.0,0.0,-1.0,0.0,-1.0,1.0,118.0,0.0,-1.0,5.0,0.0,-131.0,,1.0,90.0,5.0,59.0,190.0,1.0,0.0,240.0,240.0,1.0,4.61,4.61,4.61,240.0,0.0,0.0,240.0,240.0,1.0,138.0,138.0,138.0,240.0,0.0,0.0,240.0,240.0,1.0,3.58,3.58,3.58,240.0,0.0,0.0,240.0,240.0,1.0,20.2,20.2,20.2,240.0,0.0,0.0,240.0,240.0,1.0,17.1,17.1,17.1,240.0,0.0,0.0,240.0,240.0,1.0,7.363,7.363,7.363,240.0,0.0,0.0,240.0,240.0,1.0,0.054,0.054,0.054,240.0,0.0,0.0,240.0,240.0,1.0,2.77,2.77,2.77,240.0,0.0,0.0,240.0,240.0,1.0,97.2,97.2,97.2,240.0,0.0,0.0,240.0,240.0,1.0,8.1,8.1,8.1,240.0,0.0,0.0,240.0,240.0,1.0,2.53,2.53,2.53,240.0,0.0,0.0,240.0,240.0,1.0,98.7,98.7,98.7,240.0,0.0,0.0,240.0,240.0,1.0,289.8,289.8,289.8,240.0,0.0,0.0,13.200000000000005,13.200000000000005,0.1486486486486486,1,0.200000000000001,0.200000000000001,0.0140845070422535,1,39.69999999999999,39.69999999999999,0.4245989304812833,1,-2.200000000000003,2.200000000000003,-0.0264423076923077,-1,1.6000000000000083,1.6000000000000083,0.0170940170940171,1,-0.25,0.25,-0.0067204301075268,-1,0,0,0.0,0,0,0,0.0,0,1,0,0,0,0,113.0,1,1,106,14,0,1,0,0,0,0,1,0,0,0,0,0,0,0,1,0,0,0,0,0,0,0,0,0,0,0,0,0,0,0,0,0,0,1,0.0,0.0,0,1,1,0,0,0,0,0,0,0,3303.36,0,4.736198448394496,86.63333333333334,1.0250096190842632,0,1,0,0,0,2,1,0,4,0.7858407079646017,0.0353982300884955,0,10.299999999999995,8302.8,0.9497326203208556,13.29625668449198,0
E001311,2025-05-22,73.9,18.4,136.5,69.4,98.1,0,36.84,14,27,Female,White,Syncope. Festival attendee from festival medical tent with symptom onset ~171 minutes before arrival.,5,2,Walk-in,0,0,0,0,0,118.4,7.408,130.5,3.96,13.3,8.7,1,1,97.3,15.0,133.2,63.6,98.2,0,36.96,14,31.4,23.4,0.12,0,,,,,1,0,0,0,0,0,0,0,0,0,0,4,3,0,0,8.0,69.3,97.3,83.35,97.3,28.0,0.1055447946274124,0.04601213897359,-0.0671232876712342,0.1067508545385488,1.0,97.3,240.0,69.3,38.0,0.0,-1.0,97.3,12.0,9.3,15.0,12.1625,15.0,5.699999999999999,0.1670874984688369,0.0115689214867212,-0.0899706457925637,0.0416824914546145,1.0,15.0,240.0,9.3,50.0,0.0,-1.0,15.0,114.0,110.3,136.1,128.5375,133.2,25.8,0.0632705680302925,0.0126921586869037,-0.2384050880626232,-0.0167299658184584,1.0,136.1,0.0,110.3,38.0,0.0,-1.0,133.2,12.0,63.6,87.5,78.07499999999999,63.6,23.9,0.097642554772644,-0.0574495505206371,-0.1607142857142861,-0.1428313710596283,-1.0,87.5,38.0,63.6,240.0,63.6,-1.0,96.6,99.6,98.1,98.2,3.0,0.0102064140644754,0.0056820727442355,0.0277397260273964,-0.0015286745157616,-1.0,99.6,139.0,96.6,0.0,0.0,-1.0,98.2,25.0,36.41,37.21,36.85,36.96,0.8000000000000043,0.0070738726717705,0.0010075927883006,0.004510763209393,-0.0002288264337258,-1.0,37.21,188.0,36.41,164.0,36.96,-1.0,14.0,15.0,14.625,14.0,1.0,0.0331024217624565,-0.0017473164329444,-0.0151663405088064,-0.0042726927459172,-1.0,15.0,0.0,14.0,50.0,0.0,-1.0,14.0,54.0,30.8,37.6,34.05,31.4,6.800000000000001,0.0730681662533023,-0.0120504218069307,-0.1117906066536205,-0.0326148879605015,1.0,37.6,0.0,30.8,188.0,0.0,-1.0,31.4,-1.0,0.0,0.0,0.0,0.0,0.0,0.0,0.0,0.0,0.0,0.0,0.0,0.0,0.0,0.0,0.0,1.0,1.0,187.0,187.0,0.0,0.0,-1.0,1.0,187.0,0.0,-1.0,0.0,-1.0,0.0,-1.0,2.0,0.0,,,0.0,0.0,5.0,50.0,188.0,1.0,0.0,,,,,,,,,,,,,,,,,,,,,,,,,,,,,,,,,,,,,,,,,,,,,,,,,,,,,,,,,,,,,,,,,,,,,,,,,,,,,,,,,,,,,,,,,,,,,,,,,,,,,,,,,,,,,,,,,,,,,,23.39999999999999,23.39999999999999,0.3166441136671176,1,-3.3999999999999986,3.3999999999999986,-0.1847826086956521,-1,-3.300000000000012,3.300000000000012,-0.0241758241758242,-1,-5.800000000000004,5.800000000000004,-0.0835734870317003,-1,0.1000000000000085,0.1000000000000085,0.0010193679918451,1,0.1199999999999974,0.1199999999999974,0.0032573289902279,1,0,0,0.0,0,0,0,0.0,0,2,0,0,0,0,171.0,1,1,101,14,0,1,0,0,0,0,1,0,0,0,0,0,0,0,1,0,0,0,0,0,0,0,0,0,0,0,0,0,0,0,0,0,0,0,0.0,0.0,0,1,1,0,0,0,0,0,0,0,2722.476000000001,0,5.147494476813453,91.76666666666668,0.8053033054849256,1,1,0,0,0,0,0,0,1,0.4321637426900585,0.0058479532163742,1,67.1,10087.35,0.5413919413919415,14.61758241758242,0
E000393,2025-05-18,147.3,31.7,142.9,77.0,90.3,1,38.49,10,40,Female,Asian,"Motor Vehicle Crash restrained driver no airbag deploy hit front driver side minor damage, c/o left knee pain only",2,7,Police,0,0,0,0,1,124.7,7.256,140.2,4.93,12.3,15.1,0,0,108.9,27.4,114.5,77.1,91.6,1,37.94,10,49.8,-38.4,-0.55,0,4.27,995.1,7.278,0.172,0,0,0,1,0,0,0,1,0,1,0,0,6,1,0,6.0,108.9,134.1,122.95,108.9,25.19999999999999,0.0765183493398507,-0.1097867505762549,-0.1518339276617406,-0.0853380423814329,1.0,134.1,0.0,108.9,240.0,2.0,0.0,108.9,-1.0,23.4,29.9,27.36666666666667,27.4,6.5,0.0755569423594193,0.0062632959449413,0.1003056546102907,-0.0109283551967709,-1.0,29.9,65.0,23.4,0.0,5.0,41.0,27.4,-1.0,99.3,123.6,113.36666666666666,114.5,24.3,0.0697833282125318,-0.0079792033888003,-0.1202496179317362,0.0061654894046419,1.0,123.6,47.0,99.3,41.0,0.0,-1.0,114.5,6.0,59.5,77.1,71.39999999999999,77.1,17.599999999999994,0.0907522678957026,0.0350045118547227,-0.2820173204279156,0.0299192734611504,1.0,77.1,240.0,59.5,41.0,77.1,24.0,90.7,94.4,92.3,91.6,3.700000000000003,0.0127580510889532,-0.0089320697023111,-0.0510697911360151,-0.0046720484359232,1.0,94.4,0.0,90.7,110.0,1.0,110.0,91.6,-1.0,37.86,38.36,38.075,37.94,0.5,0.0042478103896548,-0.0002335410812555,-0.0009704533876717,-0.0011200807265388,-1.0,38.36,110.0,37.86,41.0,37.94,130.0,10.0,13.0,11.833333333333334,10.0,3.0,0.0901848484145471,-0.0117308222796788,0.022414671421294,-0.0105953582240161,-1.0,13.0,41.0,10.0,240.0,4.0,0.0,10.0,-1.0,39.3,49.8,43.68333333333334,49.8,10.5,0.0804638339653205,0.0384938353570442,0.0598064187468165,0.0337941473259333,1.0,49.8,240.0,39.3,0.0,0.0,-1.0,49.8,-1.0,3.0,1.0,1.0,1.0,1.0,1.0,1.0,1.0,1.0,1.0,1.0,1.0,1.0,1.0,1.0,1.0,1.0,97.0,97.0,0.0,0.0,-1.0,0.0,-1.0,1.0,97.0,0.0,-1.0,0.0,-1.0,7.0,0.0,97.0,,12.0,199.0,2.0,240.0,-1.0,0.0,0.0,0.0,240.0,3.0,12.13,9.88,12.13,0.0,-2.25,-0.1854905193734542,0.0,240.0,3.0,134.5,142.4,142.4,240.0,7.900000000000006,0.0587360594795539,0.0,240.0,3.0,4.73,4.77,4.77,240.0,0.0399999999999991,0.0084566596194501,0.0,240.0,3.0,20.5,20.8,20.8,240.0,0.3000000000000007,0.0146341463414634,0.0,240.0,3.0,59.7,62.2,70.4,120.0,2.5,0.0418760469011725,0.0,240.0,3.0,7.307,7.278,7.307,0.0,-0.0290000000000008,-0.0039687970439305,0.0,240.0,3.0,0.11,0.172,0.172,240.0,0.0619999999999999,0.5636363636363635,0.0,240.0,3.0,4.37,4.27,5.02,120.0,-0.1000000000000005,-0.0228832951945081,0.0,240.0,3.0,847.6,995.1,995.1,240.0,147.5,0.174020764511562,0.0,240.0,3.0,26.4,20.3,26.4,0.0,-6.099999999999998,-0.231060606060606,0.0,240.0,3.0,10.37,10.68,10.68,240.0,0.3100000000000005,0.029893924783028,0.0,240.0,3.0,120.4,128.2,135.6,120.0,7.799999999999983,0.064784053156146,0.0,240.0,3.0,295.0,300.6,300.6,240.0,5.600000000000023,0.0189830508474577,-38.400000000000006,38.400000000000006,-0.2606924643584521,-1,-4.300000000000001,4.300000000000001,-0.1356466876971609,-1,-28.40000000000001,28.40000000000001,-0.198740377886634,-1,0.0999999999999943,0.0999999999999943,0.0012987012987012,1,1.2999999999999972,1.2999999999999972,0.0143964562569213,1,-0.5500000000000043,0.5500000000000043,-0.0142894258248896,-1,0,0,0.0,0,0,0,0.0,0,2,0,0,0,0,,0,0,114,19,0,0,0,0,1,0,0,0,1,0,0,1,0,0,1,0,1,0,0,0,1,0,0,1,0,1,0,1,0,0,1,0,0,0,0.0,0.0,0,0,0,1,1,0,1,1,2,1,5669.577000000001,0,,98.96666666666668,1.4883799259009771,0,3,1,3,3,0,3,2,14,,,2,65.9,21049.17,1.0307907627711688,41.23163051084675,4
E001578,2025-05-21,119.8,25.4,138.7,71.2,95.6,1,37.88,10,16,Male,White,Chest pain. Festival attendee from festival medical tent with symptom onset ~136 minutes before arrival.,3,9,EMS,0,0,0,0,0,122.7,7.319,137.4,4.87,11.0,13.6,1,1,113.7,21.6,126.7,77.1,95.8,0,37.32,12,42.3,-6.1,-0.56,2,2.47,361.5,7.351,0.036,1,1,0,0,0,1,0,0,1,0,0,3,2,0,1,6.0,88.8,128.5,110.21666666666664,113.7,39.7,0.1085703351470203,-0.0528891946237694,0.0,-0.0816297346943519,1.0,128.5,119.0,88.8,216.0,0.0,-1.0,101.25,24.0,21.6,26.0,23.23333333333333,21.6,4.399999999999999,0.0646898153090128,-0.0023679754471372,0.0,-0.019214313948892,-1.0,26.0,99.0,21.6,240.0,2.0,99.0,22.35,20.0,117.2,131.1,125.28333333333336,126.7,13.899999999999991,0.0342894450524814,0.0146735104243837,0.0,0.0488397237658987,-1.0,131.1,216.0,117.2,119.0,0.0,-1.0,128.9,97.0,72.4,84.5,79.75,77.1,12.099999999999994,0.0502180920482368,-0.0187215578368079,0.0,0.0022728858092868,1.0,84.5,0.0,72.4,99.0,78.69999999999999,13.0,93.6,96.6,95.46666666666664,95.8,3.0,0.0103813329241051,-0.0036300137580694,0.0,0.0023810077429255,1.0,96.6,0.0,93.6,119.0,0.0,-1.0,95.5,97.0,37.32,37.77,37.56666666666667,37.32,0.4500000000000028,0.0043622887500557,-0.001781405439729,0.0,-0.0023299695398422,1.0,37.77,119.0,37.32,240.0,37.36,-1.0,11.0,13.0,11.833333333333334,12.0,2.0,0.058071910219967,0.0007143613080749,0.0,-0.0060455274722719,0.0,13.0,112.0,11.0,0.0,5.0,0.0,11.5,7.0,38.1,44.6,40.63333333333333,42.3,6.5,0.0544340486503005,0.0016536141390624,0.0,-0.0012404957332526,1.0,44.6,119.0,38.1,216.0,0.0,-1.0,40.2,97.0,2.0,1.0,1.0,1.0,1.0,1.0,1.0,1.0,1.0,1.0,1.0,1.0,1.0,1.0,1.0,3.0,1.0,19.0,222.0,1.0,1.0,19.0,1.0,183.0,0.0,-1.0,0.0,-1.0,0.0,-1.0,4.0,0.0,-101.0,,7.0,121.0,3.0,0.0,-1.0,1.0,0.0,120.0,240.0,2.0,8.34,6.24,8.34,120.0,-2.1,-0.2517985611510791,120.0,240.0,2.0,139.9,141.6,141.6,240.0,1.6999999999999886,0.0121515368120084,120.0,240.0,2.0,4.77,3.91,4.77,120.0,-0.8599999999999994,-0.1802935010482179,120.0,240.0,2.0,18.1,17.3,18.1,120.0,-0.8000000000000007,-0.0441988950276243,120.0,240.0,2.0,66.2,48.8,66.2,120.0,-17.400000000000006,-0.2628398791540786,120.0,240.0,2.0,7.342,7.351,7.351,240.0,0.0090000000000003,0.0012258240261509,120.0,240.0,2.0,0.091,0.036,0.091,120.0,-0.055,-0.6043956043956045,120.0,240.0,2.0,3.49,2.47,3.49,120.0,-1.02,-0.2922636103151862,120.0,240.0,2.0,574.5,361.5,574.5,120.0,-213.0,-0.370757180156658,120.0,240.0,2.0,25.0,22.1,25.0,120.0,-2.8999999999999986,-0.1159999999999999,120.0,240.0,2.0,7.78,7.95,7.95,240.0,0.1699999999999999,0.0218508997429305,120.0,240.0,2.0,149.0,114.7,149.0,120.0,-34.3,-0.2302013422818791,120.0,240.0,2.0,296.1,298.4,298.4,240.0,2.2999999999999545,0.0077676460655182,-6.099999999999994,6.099999999999994,-0.0509181969949916,-1,-3.799999999999997,3.799999999999997,-0.1496062992125983,-1,-11.999999999999986,11.999999999999986,-0.0865176640230712,-1,5.899999999999992,5.899999999999992,0.0828651685393257,1,0.2000000000000028,0.2000000000000028,0.002092050209205,1,-0.5600000000000023,0.5600000000000023,-0.0147835269271383,-1,2,2,0.2,1,-1,1,-1.0,-1,2,0,0,0,1,136.0,1,1,104,15,0,1,0,0,0,0,1,0,0,0,0,0,1,1,1,1,0,0,0,0,0,0,0,0,0,0,0,0,0,0,0,0,0,0,0.0,0.0,0,0,0,0,0,0,1,1,1,1,4538.024,0,4.919980925828125,93.7,1.2785485592315902,0,3,1,2,3,0,0,0,8,0.8808823529411764,0.0588235294117647,2,67.49999999999999,16616.26,0.8637346791636626,13.819754866618602,2
E001464,2025-05-20,100.9,26.5,155.1,62.0,95.6,0,37.55,13,39,Male,Hispanic/Latino,Palpitations. Festival attendee from beach shuttle stop with symptom onset ~138 minutes before arrival.,4,5,Walk-in,0,0,0,0,0,96.8,7.427,136.8,3.99,16.5,7.0,1,1,92.6,20.7,144.3,77.4,96.3,0,37.21,15,35.3,-8.3,-0.34,2,,,,,0,0,0,0,0,0,0,0,0,0,0,2,1,0,1,9.0,83.6,103.0,92.34444444444443,92.6,19.40000000000001,0.0750414853111793,-0.0370465532336035,0.085365853658536,0.0122991872991873,1.0,103.0,41.0,83.6,98.0,0.0,-1.0,92.6,1.0,10.3,21.4,17.766666666666666,20.7,11.099999999999998,0.1716057047246397,0.0028577138289368,0.0853658536585365,0.0176242676242676,-1.0,21.4,41.0,10.3,99.0,0.0,-1.0,20.7,18.0,115.4,144.3,128.86666666666667,144.3,28.90000000000001,0.0654049896710982,0.0723364165810207,-0.0048780487804883,0.0916698166698163,1.0,144.3,240.0,115.4,98.0,0.0,-1.0,144.3,-1.0,69.3,84.1,75.92222222222222,77.4,14.799999999999995,0.0554616794639757,0.0130743024627916,-0.058536585365854,0.0289595539595538,1.0,84.1,97.0,69.3,63.0,77.4,34.0,95.2,98.4,96.8222222222222,96.3,3.200000000000003,0.0102102255770186,-0.0014997525788892,-0.0390243902439026,-0.008041958041958,1.0,98.4,70.0,95.2,41.0,0.0,-1.0,96.3,27.0,36.53,37.42,36.998888888888885,37.21,0.8900000000000006,0.0072326555145996,0.0005546039358988,-0.0063414634146344,0.000574088074088,1.0,37.42,70.0,36.53,99.0,37.21,18.0,13.0,15.0,13.88888888888889,15.0,2.0,0.0407921561087422,0.0047010011038787,-8.29347891120528e-17,0.0087412587412587,1.0,15.0,240.0,13.0,70.0,0.0,-1.0,15.0,28.0,34.8,38.1,36.04444444444445,35.3,3.3000000000000043,0.0256320795388254,-0.0012152183015492,-0.0195121951219512,-0.0042147042147042,-1.0,38.1,98.0,34.8,70.0,0.0,-1.0,35.3,1.0,1.0,1.0,1.0,1.0,1.0,1.0,1.0,1.0,1.0,1.0,1.0,1.0,1.0,1.0,1.0,0.0,0.0,-1.0,-1.0,0.0,0.0,-1.0,0.0,-1.0,0.0,-1.0,0.0,-1.0,0.0,-1.0,0.0,0.0,,,0.0,0.0,6.0,70.0,240.0,0.0,0.0,0.0,0.0,1.0,6.8,6.8,6.8,0.0,0.0,0.0,0.0,0.0,1.0,139.7,139.7,139.7,0.0,0.0,0.0,0.0,0.0,1.0,4.3,4.3,4.3,0.0,0.0,0.0,0.0,0.0,1.0,21.2,21.2,21.2,0.0,0.0,0.0,0.0,0.0,1.0,8.0,8.0,8.0,0.0,0.0,0.0,0.0,0.0,1.0,7.357,7.357,7.357,0.0,0.0,0.0,0.0,0.0,1.0,0.043,0.043,0.043,0.0,0.0,0.0,0.0,0.0,1.0,1.6,1.6,1.6,0.0,0.0,0.0,0.0,0.0,1.0,430.7,430.7,430.7,0.0,0.0,0.0,0.0,0.0,1.0,10.1,10.1,10.1,0.0,0.0,0.0,0.0,0.0,1.0,0.1,0.1,0.1,0.0,0.0,0.0,0.0,0.0,1.0,83.9,83.9,83.9,0.0,0.0,0.0,0.0,0.0,1.0,278.1,278.1,278.1,0.0,0.0,0.0,-8.300000000000011,8.300000000000011,-0.0822596630327057,-1,-5.800000000000001,5.800000000000001,-0.2188679245283019,-1,-10.799999999999985,10.799999999999985,-0.0696324951644099,-1,15.400000000000006,15.400000000000006,0.2483870967741936,1,0.7000000000000028,0.7000000000000028,0.0073221757322176,1,-0.3399999999999963,0.3399999999999963,-0.0090545938748334,-1,2,2,0.1538461538461538,1,0,0,0.0,0,1,0,0,0,0,138.0,1,1,103,14,0,0,0,1,0,0,1,0,0,0,0,1,0,0,0,0,0,0,0,0,0,0,0,0,0,0,0,0,0,0,0,0,0,1,0.0,0.0,0,1,1,0,0,0,0,0,1,0,3788.795,0,4.934473933130692,93.03333333333332,1.084557506270154,0,2,1,1,3,0,0,0,6,0.7311594202898551,0.0434782608695652,0,93.1,15649.59,0.6505480335267569,25.37137330754352,3
E001652,2025-05-22,128.0,24.3,108.6,66.3,94.7,0,37.89,12,14,Male,White,Agitation. Festival attendee from festival medical tent with symptom onset ~195 minutes before arrival.,3,3,Walk-in,0,0,0,0,0,127.2,7.366,134.6,4.66,12.5,12.2,1,1,80.7,20.7,124.3,73.3,96.6,0,37.26,15,37.7,-47.3,-0.63,3,3.03,276.1,7.407,0.066,1,1,1,0,0,0,0,0,0,0,0,4,3,0,0,9.0,80.7,104.5,93.76666666666668,80.7,23.8,0.0795143511304712,-0.0631580272893136,0.0,-0.0583113765442941,-1.0,104.5,0.0,80.7,240.0,0.0,-1.0,91.36666666666666,-1.0,11.8,22.5,17.65555555555555,20.7,10.7,0.2153970915315707,0.0136748788323128,0.0,-0.0012237250424498,-1.0,22.5,223.0,11.8,218.0,0.0,-1.0,18.33333333333333,-1.0,116.0,138.9,126.11111111111111,124.3,22.90000000000001,0.0557971557970795,0.0090579142367833,0.0,-0.0261022308097666,-1.0,138.9,223.0,116.0,218.0,0.0,-1.0,126.4,17.0,67.3,85.2,77.67777777777776,73.3,17.900000000000006,0.0877360694618849,-0.025285989321573,0.0,-0.0513027694829907,-1.0,85.2,178.0,67.3,218.0,74.76666666666667,5.0,93.9,97.8,96.11111111111111,96.6,3.899999999999992,0.0113389131424177,0.0093022084420016,0.0,-0.0052315709350665,-1.0,97.8,169.0,93.9,0.0,0.0,-1.0,96.06666666666668,9.0,36.82,37.38,37.236666666666665,37.26,0.5600000000000023,0.0042499606017256,-0.0006174515049418,0.0,0.0002719714268984,1.0,37.38,0.0,36.82,178.0,37.27666666666666,40.0,12.0,15.0,13.77777777777778,15.0,3.0,0.0747872459314169,-0.0034783241361555,0.0,0.0106270858949587,1.0,15.0,0.0,12.0,149.0,1.0,149.0,14.0,1.0,33.6,41.9,37.52222222222222,37.7,8.299999999999997,0.0614291911797003,0.0080393221325513,0.0,-0.0245037765677147,1.0,41.9,178.0,33.6,223.0,0.0,-1.0,36.23333333333333,40.0,1.0,1.0,1.0,1.0,1.0,1.0,1.0,1.0,1.0,1.0,1.0,1.0,1.0,1.0,1.0,3.0,1.0,113.0,214.0,0.0,1.0,113.0,1.0,214.0,0.0,-1.0,1.0,206.0,0.0,-1.0,5.0,0.0,-127.0,,1.0,1.0,4.0,149.0,218.0,1.0,0.0,240.0,240.0,1.0,10.1,10.1,10.1,240.0,0.0,0.0,240.0,240.0,1.0,140.5,140.5,140.5,240.0,0.0,0.0,240.0,240.0,1.0,4.0,4.0,4.0,240.0,0.0,0.0,240.0,240.0,1.0,22.2,22.2,22.2,240.0,0.0,0.0,240.0,240.0,1.0,27.7,27.7,27.7,240.0,0.0,0.0,240.0,240.0,1.0,7.407,7.407,7.407,240.0,0.0,0.0,240.0,240.0,1.0,0.066,0.066,0.066,240.0,0.0,0.0,240.0,240.0,1.0,3.03,3.03,3.03,240.0,0.0,0.0,240.0,240.0,1.0,276.1,276.1,276.1,240.0,0.0,0.0,240.0,240.0,1.0,10.4,10.4,10.4,240.0,0.0,0.0,240.0,240.0,1.0,4.78,4.78,4.78,240.0,0.0,0.0,240.0,240.0,1.0,102.0,102.0,102.0,240.0,0.0,0.0,240.0,240.0,1.0,275.2,275.2,275.2,240.0,0.0,0.0,-47.3,47.3,-0.36953125,-1,-3.6000000000000014,3.6000000000000014,-0.1481481481481482,-1,15.700000000000005,15.700000000000005,0.1445672191528545,1,7.0,7.0,0.1055806938159879,1,1.899999999999992,1.899999999999992,0.0200633579725447,1,-0.6300000000000026,0.6300000000000026,-0.0166270783847981,-1,3,3,0.25,1,0,0,0.0,0,1,0,0,0,0,195.0,1,1,103,14,0,1,0,0,0,0,0,1,0,0,1,0,0,0,1,0,0,0,0,0,0,0,1,0,0,0,0,0,0,0,0,0,1,0,0.1333333333333333,0.0,0,0,1,1,0,0,1,0,1,1,4849.92,0,5.278114659230517,80.39999999999999,1.592039800995025,1,2,1,2,2,1,1,0,8,0.6564102564102564,0.041025641025641,2,42.3,13900.8,1.1786372007366483,16.500920810313076,2
E000915,2025-05-21,71.5,14.7,128.3,71.7,96.6,0,37.16,15,42,Male,White,Palpitations. Festival attendee from main stage with symptom onset ~113 minutes before arrival.,5,2,Walk-in,0,0,0,0,0,79.3,7.384,142.4,4.51,15.0,9.3,1,1,69.2,14.0,137.3,87.6,98.6,0,36.74,14,36.2,-2.3,-0.42,-1,,,,,1,0,0,0,0,0,0,0,0,0,0,3,2,0,1,7.0,49.9,92.1,72.02857142857142,69.2,42.2,0.158936700904608,0.0293775673605794,0.6274999999999996,-0.1314376953390404,-1.0,92.1,80.0,49.9,0.0,0.0,-1.0,69.2,160.0,7.0,15.2,10.914285714285716,14.0,8.2,0.2849978731940243,0.0190540087219054,0.1624999999999999,0.0366082348145128,-1.0,15.2,165.0,7.0,0.0,2.0,0.0,14.0,33.0,113.4,153.7,128.48571428571427,137.3,40.29999999999998,0.0995023991358296,0.0044369054325194,0.0099999999999994,-0.0707976627259136,1.0,153.7,80.0,113.4,165.0,0.0,-1.0,137.3,57.0,70.4,92.7,81.60000000000001,87.6,22.3,0.1001651503297593,0.0355022057939278,-0.1775000000000005,-0.0233319744530507,1.0,92.7,137.0,70.4,198.0,87.6,61.0,95.0,99.1,97.42857142857144,98.6,4.099999999999994,0.012781012804892,0.0011946731817233,0.0249999999999995,-0.0002106264438099,1.0,99.1,165.0,95.0,198.0,0.0,-1.0,98.6,33.0,36.22,36.87,36.60428571428572,36.74,0.6499999999999986,0.0052261802996247,-0.0002145664681345,0.0019999999999997,-0.0016333740997417,1.0,36.87,80.0,36.22,198.0,36.74,57.0,14.0,15.0,14.571428571428571,14.0,1.0,0.0339617805405662,0.0001898818302077,-0.025,0.0005435521130588,0.0,15.0,0.0,14.0,40.0,0.0,-1.0,14.0,97.0,34.1,41.9,36.4,36.2,7.799999999999997,0.0652931962512348,0.0107330704524885,0.045,0.0167753770892786,-1.0,41.9,198.0,34.1,165.0,0.0,-1.0,36.2,42.0,0.0,0.0,0.0,0.0,0.0,0.0,0.0,0.0,0.0,0.0,0.0,0.0,0.0,0.0,0.0,1.0,1.0,139.0,139.0,0.0,0.0,-1.0,1.0,139.0,0.0,-1.0,0.0,-1.0,0.0,-1.0,2.0,0.0,,,2.0,57.0,3.0,40.0,198.0,1.0,0.0,,,,,,,,,,,,,,,,,,,,,,,,,,,,,,,,,,,,,,,,,,,,,,,,,,,,,,,,,,,,,,,,,,,,,,,,,,,,,,,,,,,,,,,,,,,,,,,,,,,,,,,,,,,,,,,,,,,,,,-2.299999999999997,2.299999999999997,-0.0321678321678321,-1,-0.6999999999999993,0.6999999999999993,-0.0476190476190475,-1,9.0,9.0,0.0701480904130943,1,15.899999999999991,15.899999999999991,0.2217573221757321,1,2.0,2.0,0.020703933747412,1,-0.4199999999999946,0.4199999999999946,-0.0113024757804088,-1,-1,1,-0.0666666666666666,-1,0,0,0.0,0,1,0,0,0,0,113.0,1,1,95,13,1,0,0,0,0,0,1,0,0,0,0,1,0,0,0,0,0,0,0,0,0,0,1,0,0,0,0,0,0,0,0,0,0,1,0.0,0.0,0,1,1,0,0,0,0,0,0,0,2656.94,0,4.736198448394496,90.56666666666668,0.7894736842105262,0,0,0,0,0,0,0,0,0,0.6327433628318584,0.0,0,56.60000000000001,9173.45,0.5572876071706936,23.40607950116913,0
E001666,2025-05-22,104.6,17.6,135.8,80.4,99.9,0,37.57,13,14,Male,Hispanic/Latino,Palpitations. Festival attendee from main stage with symptom onset ~232 minutes before arrival.,5,4,Walk-in,0,0,0,0,1,114.0,7.341,142.4,4.87,14.5,8.0,1,1,107.0,16.1,136.8,77.2,95.8,0,36.49,13,35.9,2.4,-1.08,0,,,,,0,1,0,0,0,0,0,0,0,0,0,4,3,0,0,8.0,69.3,107.0,87.9,107.0,37.7,0.1418835911728212,0.0731969550116074,0.0062851303014817,0.2767318913701576,1.0,107.0,240.0,69.3,37.0,0.0,-1.0,107.0,12.0,14.3,20.3,17.1625,16.1,6.0,0.1049581927817281,0.0017597893908737,-0.0346704138988247,0.0004518931250822,-1.0,20.3,186.0,14.3,129.0,0.0,-1.0,16.1,50.0,114.7,137.3,129.38750000000002,136.8,22.60000000000001,0.0684793079460417,0.0996565261320365,0.0609606540623406,0.0035603036019829,1.0,137.3,186.0,114.7,37.0,0.0,-1.0,136.8,-1.0,63.8,79.0,73.02499999999999,77.2,15.200000000000005,0.072447772115538,-0.007132224584605,-0.0469340827797646,0.0927499670951609,-1.0,79.0,37.0,63.8,123.0,77.2,6.0,95.2,98.0,96.1625,95.8,2.799999999999997,0.0099600222303343,0.0061673612414419,0.0040367910066427,-0.0003685341990962,-1.0,98.0,186.0,95.2,129.0,0.0,-1.0,95.8,54.0,36.49,37.26,36.8775,36.49,0.769999999999996,0.0068984828444933,-0.0014872726992264,0.0080352580480325,-0.0055196770938446,-1.0,37.26,123.0,36.49,240.0,36.49,6.0,13.0,15.0,13.875,13.0,2.0,0.0432056893992136,-0.0013600125460514,-6.993897316215813e-17,-0.0013820032466108,-1.0,15.0,179.0,13.0,123.0,0.0,-1.0,13.0,6.0,34.2,40.6,37.4875,35.9,6.399999999999999,0.0625375102817974,-0.0036962004488813,0.083009708737864,-0.0216097047339096,-1.0,40.6,129.0,34.2,186.0,0.0,-1.0,35.9,57.0,1.0,1.0,1.0,1.0,1.0,1.0,1.0,1.0,1.0,1.0,1.0,1.0,1.0,1.0,1.0,1.0,1.0,166.0,166.0,0.0,1.0,166.0,0.0,-1.0,0.0,-1.0,0.0,-1.0,0.0,-1.0,4.0,0.0,166.0,,0.0,0.0,5.0,123.0,186.0,1.0,0.0,0.0,0.0,1.0,3.39,3.39,3.39,0.0,0.0,0.0,0.0,0.0,1.0,136.3,136.3,136.3,0.0,0.0,0.0,0.0,0.0,1.0,4.17,4.17,4.17,0.0,0.0,0.0,0.0,0.0,1.0,22.9,22.9,22.9,0.0,0.0,0.0,0.0,0.0,1.0,17.0,17.0,17.0,0.0,0.0,0.0,0.0,0.0,1.0,7.396,7.396,7.396,0.0,0.0,0.0,0.0,0.0,1.0,0.013,0.013,0.013,0.0,0.0,0.0,0.0,0.0,1.0,0.86,0.86,0.86,0.0,0.0,0.0,0.0,0.0,1.0,305.4,305.4,305.4,0.0,0.0,0.0,0.0,0.0,1.0,9.5,9.5,9.5,0.0,0.0,0.0,0.0,0.0,1.0,5.54,5.54,5.54,0.0,0.0,0.0,0.0,0.0,1.0,91.7,91.7,91.7,0.0,0.0,0.0,0.0,0.0,1.0,281.3,281.3,281.3,0.0,0.0,0.0,2.4000000000000057,2.4000000000000057,0.0229445506692161,1,-1.5,1.5,-0.0852272727272727,-1,1.0,1.0,0.0073637702503681,1,-3.200000000000003,3.200000000000003,-0.0398009950248756,-1,-4.1000000000000085,4.1000000000000085,-0.0410410410410411,-1,-1.0799999999999983,1.0799999999999983,-0.0287463401650252,-1,0,0,0.0,0,0,0,0.0,0,3,0,0,0,0,232.0,1,1,95,13,1,0,0,0,0,0,0,1,0,0,0,0,0,1,0,0,0,0,0,0,0,0,0,0,0,0,0,0,0,0,0,0,0,1,0.0,0.0,0,1,0,0,0,0,0,1,1,0,3929.822,0,5.4510384535657,98.86666666666667,1.0579905596763317,0,2,0,1,0,0,0,0,3,0.4508620689655172,0.0129310344827586,1,55.400000000000006,14204.68,0.7702503681885124,10.783505154639174,1
E000218,2025-05-19,72.1,20.9,116.8,70.7,96.6,0,37.12,15,55,Female,White,Now just wants help with anxiety.,5,2,EMS,0,1,1,0,1,77.4,7.43,138.3,3.73,14.7,7.5,0,0,84.9,17.4,122.8,71.7,98.0,0,37.04,14,34.2,12.8,-0.08,-1,2.79,257.8,7.392,0.0,0,0,0,0,0,0,0,0,0,0,0,1,0,0,1,7.0,64.8,85.8,74.54285714285716,84.9,21.0,0.1010705263779795,0.0561980958476681,0.0,0.1656423173803528,-1.0,85.8,208.0,64.8,179.0,0.0,-1.0,84.9,-1.0,12.7,17.4,15.014285714285714,17.4,4.699999999999999,0.1141690450783013,0.0156944555564445,0.0,0.0181234256926951,-1.0,17.4,240.0,12.7,0.0,0.0,-1.0,17.4,-1.0,120.5,135.3,127.2142857142857,122.8,14.800000000000011,0.0365151767621976,-0.0033890711256891,0.0,0.0252392947103274,1.0,135.3,177.0,120.5,135.0,0.0,-1.0,122.8,42.0,71.4,87.9,77.78571428571429,71.7,16.5,0.0702949121801464,-0.0721189695175607,0.0,-0.0950755667506297,1.0,87.9,0.0,71.4,208.0,71.7,-1.0,96.0,98.1,97.07142857142856,98.0,2.0999999999999943,0.0073406704419955,0.0017769421553731,0.0,0.0041057934508818,1.0,98.1,135.0,96.0,141.0,0.0,-1.0,98.0,6.0,36.42,37.04,36.73142857142857,37.04,0.6199999999999974,0.0046758241076961,0.0010816465317227,0.0,0.0039256926952142,1.0,37.04,240.0,36.42,141.0,37.04,-1.0,13.0,15.0,14.142857142857142,14.0,2.0,0.0451730904545412,-0.0043763501080085,0.0,-0.0002518891687656,1.0,15.0,0.0,13.0,179.0,0.0,-1.0,14.0,29.0,31.4,41.7,36.35714285714285,34.2,10.300000000000004,0.088954438377754,-0.0291367309384748,0.0,-0.0099244332493701,-1.0,41.7,0.0,31.4,177.0,0.0,-1.0,34.2,31.0,2.0,1.0,1.0,1.0,1.0,1.0,1.0,1.0,1.0,1.0,1.0,1.0,1.0,1.0,1.0,0.0,0.0,-1.0,-1.0,0.0,0.0,-1.0,0.0,-1.0,0.0,-1.0,0.0,-1.0,0.0,-1.0,0.0,0.0,,,0.0,0.0,5.0,179.0,208.0,1.0,0.0,0.0,240.0,2.0,8.91,6.82,8.91,0.0,-2.09,-0.2345679012345679,0.0,240.0,2.0,136.6,133.1,136.6,0.0,-3.5,-0.0256222547584187,0.0,240.0,2.0,4.23,4.05,4.23,0.0,-0.1800000000000006,-0.0425531914893618,0.0,240.0,2.0,26.8,22.3,26.8,0.0,-4.5,-0.167910447761194,0.0,240.0,2.0,8.0,38.0,38.0,240.0,30.0,3.75,0.0,240.0,2.0,7.389,7.392,7.392,240.0,0.0030000000000001,0.0004060089321965,0.0,240.0,2.0,0.0,0.0,0.0,0.0,0.0,0.0,0.0,240.0,2.0,0.53,2.79,2.79,240.0,2.26,4.264150943396226,0.0,240.0,2.0,138.9,257.8,257.8,240.0,118.9,0.8560115190784737,0.0,240.0,2.0,3.9,13.3,13.3,240.0,9.4,2.4102564102564106,0.0,240.0,2.0,3.12,1.78,3.12,0.0,-1.34,-0.4294871794871795,0.0,240.0,2.0,74.5,99.9,99.9,240.0,25.40000000000001,0.3409395973154363,0.0,240.0,2.0,290.9,292.9,292.9,240.0,2.0,0.006875214850464,12.800000000000011,12.800000000000011,0.1775312066574204,1,-3.5,3.5,-0.1674641148325359,-1,6.0,6.0,0.0513698630136986,1,1.0,1.0,0.0141442715700141,1,1.4000000000000057,1.4000000000000057,0.0144927536231884,1,-0.0799999999999983,0.0799999999999983,-0.002155172413793,-1,-1,1,-0.0666666666666666,-1,0,0,0.0,0,2,0,0,0,0,,0,0,33,6,0,0,0,0,1,0,0,0,1,0,0,0,0,0,0,0,0,0,0,0,0,1,0,0,0,0,0,0,0,0,0,0,0,0,0.0,0.1111111111111111,0,1,1,0,0,0,0,0,0,0,2676.3519999999994,0,,86.06666666666666,0.8377226955848179,0,0,0,0,1,0,0,0,1,,,0,46.1,8421.279999999999,0.6172945205479452,33.951198630136986,0
E000617,2025-05-20,92.1,22.8,129.8,87.2,97.8,0,36.8,13,54,Female,Black,Panic Attack BIB her mother due to panic attack.,5,8,Walk-in,0,1,0,0,0,100.1,7.387,137.7,3.74,16.0,8.6,0,0,83.7,12.3,136.9,93.8,97.4,0,36.54,15,35.1,-8.4,-0.26,2,,,,,1,0,0,1,0,0,0,0,0,0,0,2,1,0,1,7.0,75.2,97.2,83.11428571428571,83.7,22.0,0.0805911851909248,0.0041259102444746,0.1749999999999995,0.0008251318579737,1.0,97.2,143.0,75.2,187.0,0.0,-1.0,83.7,28.0,8.3,17.6,13.314285714285717,12.3,9.3,0.2154275589089474,-0.0079680665195822,0.0974999999999999,-0.038605839812952,1.0,17.6,75.0,8.3,187.0,0.0,-1.0,12.3,68.0,119.4,142.8,131.22857142857143,136.9,23.40000000000001,0.0607929749168627,-0.0232496524810937,-0.3600000000000009,0.0338630308302976,1.0,142.8,0.0,119.4,143.0,0.0,-1.0,136.9,28.0,59.2,93.8,77.17142857142856,93.8,34.599999999999994,0.1368696782851498,-0.0020140155331387,0.1524999999999995,0.1077932140721004,1.0,93.8,240.0,59.2,187.0,93.8,53.0,95.7,97.8,97.02857142857142,97.4,2.0999999999999943,0.0081657388833109,0.0011614783262978,-0.0525000000000003,0.0009692240769941,1.0,97.8,0.0,95.7,40.0,0.0,-1.0,97.4,35.0,36.47,36.82,36.635714285714286,36.54,0.3500000000000014,0.0028021437665387,-0.0007940966421384,-1.0867327548101287e-16,-0.0017509923332064,-1.0,36.82,75.0,36.47,171.0,36.54,16.0,14.0,15.0,14.857142857142858,15.0,1.0,0.0235527859882997,0.0010553097062987,-2.029961892742393e-17,0.0059947800554618,0.0,15.0,0.0,14.0,75.0,0.0,-1.0,15.0,68.0,29.1,39.1,33.871428571428574,35.1,10.0,0.1131142807522244,-0.0113383622613597,-0.2474999999999999,-0.0156503180903703,1.0,39.1,0.0,29.1,171.0,2.0,40.0,35.1,16.0,0.0,0.0,0.0,0.0,0.0,0.0,0.0,0.0,0.0,0.0,0.0,0.0,0.0,0.0,0.0,2.0,1.0,41.0,127.0,1.0,0.0,-1.0,1.0,127.0,1.0,41.0,0.0,-1.0,0.0,-1.0,7.0,0.0,,,2.0,35.0,4.0,75.0,187.0,1.0,0.0,,,,,,,,,,,,,,,,,,,,,,,,,,,,,,,,,,,,,,,,,,,,,,,,,,,,,,,,,,,,,,,,,,,,,,,,,,,,,,,,,,,,,,,,,,,,,,,,,,,,,,,,,,,,,,,,,,,,,,-8.399999999999991,8.399999999999991,-0.0912052117263842,-1,-10.5,10.5,-0.4605263157894737,-1,7.099999999999994,7.099999999999994,0.0546995377503851,1,6.599999999999994,6.599999999999994,0.0756880733944953,1,-0.3999999999999915,0.3999999999999915,-0.0040899795501021,-1,-0.259999999999998,0.259999999999998,-0.0070652173913042,-1,2,2,0.1538461538461538,1,0,0,0.0,0,1,0,0,0,0,,0,0,48,9,0,0,0,0,1,0,0,0,1,0,1,0,0,0,0,0,0,0,0,0,0,0,0,0,0,0,0,0,0,0,0,0,0,0,0.0,0.0,0,1,1,0,0,0,0,0,1,0,3389.28,0,,101.4,0.9082840236686388,0,2,1,1,2,0,0,0,5,,,0,42.60000000000001,11954.58,0.709553158705701,38.315870570107855,1
E000701,2025-05-22,59.7,17.5,111.8,75.4,95.1,0,37.04,14,30,Male,White,"Stated that he had a tumor in his hip but ""it left"".",5,3,Walk-in,0,0,0,0,0,95.2,7.428,138.5,3.4,14.5,4.7,0,0,65.6,14.8,134.2,80.7,99.1,0,36.64,14,34.8,5.9,-0.4,0,,,,,0,0,0,0,0,0,0,0,0,0,0,4,3,0,0,7.0,54.0,79.1,68.45714285714284,65.6,25.099999999999994,0.1025064167504289,-0.0271412105889351,-0.048837209302326,-0.0354420002732612,-1.0,79.1,78.0,54.0,116.0,0.0,-1.0,65.6,27.0,9.5,20.3,15.471428571428572,14.8,10.8,0.2342645375276008,-0.0133834027364663,-0.1069767441860465,-0.0417065172837819,1.0,20.3,116.0,9.5,163.0,0.0,-1.0,14.8,77.0,127.5,153.0,137.21428571428572,134.2,25.5,0.0613251444993434,-0.0560522010707912,0.2837209302325577,0.0023568793551033,-1.0,153.0,43.0,127.5,163.0,0.0,-1.0,134.2,77.0,72.7,85.5,80.2,80.7,12.799999999999995,0.0528671582456546,-0.0142623438429507,0.0232558139534883,0.0215876485858724,1.0,85.5,143.0,72.7,116.0,80.7,27.0,94.7,99.1,97.02857142857144,99.1,4.399999999999992,0.0158683081099027,0.0139507733491967,-0.0441860465116277,0.0155827298811314,1.0,99.1,240.0,94.7,43.0,0.0,-1.0,99.1,-1.0,36.21,36.7,36.53142857142858,36.64,0.490000000000002,0.0042769798410623,-0.000774241522903,-0.0030232558139535,-5.123650771955936e-05,1.0,36.7,0.0,36.21,163.0,36.64,77.0,14.0,15.0,14.428571428571429,14.0,1.0,0.0342980357934431,0.0005577037477691,-7.90773570603294e-17,-0.0059434348954774,-1.0,15.0,78.0,14.0,0.0,0.0,-1.0,14.0,65.0,33.3,40.1,35.82857142857143,34.8,6.800000000000004,0.0587681967396896,-0.0028230963712076,0.1581395348837208,-0.0023363847520153,-1.0,40.1,43.0,33.3,0.0,0.0,-1.0,34.8,35.0,1.0,1.0,1.0,1.0,1.0,1.0,1.0,1.0,1.0,1.0,1.0,1.0,1.0,1.0,1.0,0.0,0.0,-1.0,-1.0,0.0,0.0,-1.0,0.0,-1.0,0.0,-1.0,0.0,-1.0,0.0,-1.0,0.0,0.0,,,0.0,0.0,4.0,0.0,240.0,0.0,0.0,0.0,0.0,1.0,10.35,10.35,10.35,0.0,0.0,0.0,0.0,0.0,1.0,133.6,133.6,133.6,0.0,0.0,0.0,0.0,0.0,1.0,4.08,4.08,4.08,0.0,0.0,0.0,0.0,0.0,1.0,20.3,20.3,20.3,0.0,0.0,0.0,0.0,0.0,1.0,18.2,18.2,18.2,0.0,0.0,0.0,0.0,0.0,1.0,7.423,7.423,7.423,0.0,0.0,0.0,0.0,0.0,1.0,0.031,0.031,0.031,0.0,0.0,0.0,0.0,0.0,1.0,1.06,1.06,1.06,0.0,0.0,0.0,0.0,0.0,1.0,194.1,194.1,194.1,0.0,0.0,0.0,0.0,0.0,1.0,19.0,19.0,19.0,0.0,0.0,0.0,0.0,0.0,1.0,0.1,0.1,0.1,0.0,0.0,0.0,0.0,0.0,1.0,78.7,78.7,78.7,0.0,0.0,0.0,0.0,0.0,1.0,287.7,287.7,287.7,0.0,0.0,0.0,5.899999999999992,5.899999999999992,0.098827470686767,1,-2.7,2.7,-0.1542857142857142,-1,22.39999999999999,22.39999999999999,0.2003577817531305,1,5.299999999999997,5.299999999999997,0.0702917771883288,1,4.0,4.0,0.0420609884332281,1,-0.3999999999999986,0.3999999999999986,-0.0107991360691144,-1,0,0,0.0,0,0,0,0.0,0,1,0,0,0,0,,0,0,52,12,0,0,0,0,1,0,0,0,1,0,0,0,0,0,0,0,0,1,0,0,0,0,0,0,0,0,0,0,0,0,0,1,0,0,0.0,0.0666666666666666,0,1,1,0,0,0,0,0,0,0,2211.288,1,,87.53333333333333,0.682025894897182,0,1,0,1,0,0,0,0,2,,,1,36.39999999999999,6674.46,0.5339892665474061,16.019677996422182,0
E000910,2025-05-18,68.7,17.7,130.9,87.4,96.5,0,37.23,15,28,Male,Hispanic/Latino,"Fatigue staff at ECF reports lethargy, tachycardia, tachypneic, hypoxemia, hypotension, and hyperglycemic as of this am.",4,3,EMS,1,0,0,0,0,94.8,7.364,135.1,3.97,13.7,12.2,0,0,85.6,14.1,130.6,75.5,97.6,0,36.64,15,34.1,16.9,-0.59,0,1.25,234.7,7.387,0.012,1,0,0,0,0,0,0,0,0,0,0,0,6,1,0,8.0,75.6,96.5,85.225,85.6,20.90000000000001,0.0786105040860032,-0.0237617184854574,0.0,-0.0194630515683147,1.0,96.5,148.0,75.6,204.0,0.0,-1.0,85.6,36.0,12.9,18.9,15.3875,14.1,5.999999999999998,0.1266611301427096,-0.0175096021439144,0.0,-0.0175172780435938,-1.0,18.9,94.0,12.9,148.0,0.0,-1.0,14.1,56.0,109.4,139.9,125.05,130.6,30.5,0.0816163583495552,0.0936575864192949,0.0,0.0777990430622011,-1.0,139.9,204.0,109.4,100.0,0.0,-1.0,130.6,-1.0,70.3,84.1,76.5625,75.5,13.799999999999995,0.052411723447007,-0.0218483844856443,0.0,0.0154864433811802,1.0,84.1,0.0,70.3,148.0,75.5,56.0,96.1,97.9,96.8875,97.6,1.8000000000000114,0.0062235825546083,-0.0003505467820323,0.0,0.0074056353003721,1.0,97.9,0.0,96.1,165.0,0.0,-1.0,97.6,39.0,36.42,37.27,36.88250000000001,36.64,0.8500000000000014,0.007391436447597,-0.0014922908732066,0.0,-0.0042190324295586,-1.0,37.27,106.0,36.42,165.0,36.64,42.0,13.0,15.0,14.0,15.0,2.0,0.0505076272276105,0.0039214801007458,0.0,0.0080808080808081,1.0,15.0,106.0,13.0,94.0,0.0,-1.0,15.0,12.0,33.2,39.7,36.125,34.1,6.5,0.0545572811723245,-0.0082950913775811,0.0,-0.0068580542264752,1.0,39.7,106.0,33.2,94.0,0.0,-1.0,34.1,6.0,2.0,1.0,1.0,1.0,1.0,1.0,1.0,1.0,1.0,1.0,1.0,1.0,1.0,1.0,1.0,1.0,1.0,87.0,87.0,0.0,0.0,-1.0,1.0,87.0,0.0,-1.0,0.0,-1.0,0.0,-1.0,2.0,0.0,87.0,,0.0,0.0,3.0,94.0,204.0,1.0,0.0,0.0,240.0,2.0,8.46,6.32,8.46,0.0,-2.140000000000001,-0.2529550827423168,0.0,240.0,2.0,135.8,139.9,139.9,240.0,4.099999999999994,0.0301914580265095,0.0,240.0,2.0,3.79,4.09,4.09,240.0,0.2999999999999998,0.0791556728232189,0.0,240.0,2.0,19.8,23.3,23.3,240.0,3.5,0.1767676767676767,0.0,240.0,2.0,44.6,14.3,44.6,0.0,-30.3,-0.679372197309417,0.0,240.0,2.0,7.423,7.387,7.423,0.0,-0.0360000000000004,-0.004849791189546,0.0,240.0,2.0,0.0,0.012,0.012,240.0,0.012,12000000.0,0.0,240.0,2.0,1.42,1.25,1.42,0.0,-0.1699999999999999,-0.1197183098591548,0.0,240.0,2.0,97.9,234.7,234.7,240.0,136.79999999999998,1.3973442288049027,0.0,240.0,2.0,16.4,6.4,16.4,0.0,-9.999999999999998,-0.6097560975609756,0.0,240.0,2.0,5.2,0.1,5.2,0.0,-5.1000000000000005,-0.9807692307692308,0.0,240.0,2.0,113.3,90.7,113.3,0.0,-22.599999999999994,-0.1994704324801411,0.0,240.0,2.0,297.1,287.2,297.1,0.0,-9.900000000000034,-0.0333221137664087,16.89999999999999,16.89999999999999,0.2459970887918484,1,-3.6,3.6,-0.2033898305084745,-1,-0.3000000000000113,0.3000000000000113,-0.0022918258212376,-1,-11.900000000000006,11.900000000000006,-0.1361556064073227,-1,1.0999999999999943,1.0999999999999943,0.0113989637305698,1,-0.5899999999999963,0.5899999999999963,-0.0158474348643566,-1,0,0,0.0,0,0,0,0.0,0,3,0,0,0,0,,0,0,120,16,0,0,0,0,1,0,0,0,1,0,1,0,0,0,0,0,0,1,0,1,0,0,0,0,1,0,0,0,0,0,0,0,1,0,0.0588235294117647,0.0,0,0,1,0,0,0,0,0,0,1,2557.701,0,,101.9,0.6741903827281648,0,0,0,0,0,0,0,0,0,,,1,43.5,8992.83,0.5248281130634072,14.6951871657754,0
E000154,2025-05-18,136.7,30.3,113.5,65.4,92.7,0,38.34,12,45,Female,White,Headache. Festival attendee from main stage with symptom onset ~38 minutes before arrival.,3,7,EMS,0,1,1,0,1,121.4,7.284,137.7,5.22,13.7,12.5,1,1,105.4,23.0,138.4,58.0,93.1,0,37.59,13,36.7,-31.3,-0.75,1,3.69,683.2,7.353,0.138,0,0,1,0,0,0,0,0,0,0,0,0,6,1,0,7.0,100.4,125.2,108.41428571428573,105.4,24.8,0.0677121738371757,-0.0298938993880678,0.0,-0.0572450847538216,-1.0,125.2,86.0,100.4,102.0,0.0,-1.0,104.65,16.0,19.6,27.2,23.17142857142857,23.0,7.599999999999998,0.1003058172627211,-0.0129884890191757,0.0,0.0039417064878871,1.0,27.2,0.0,19.6,86.0,2.0,0.0,22.45,21.0,108.0,138.4,121.78571428571428,138.4,30.40000000000001,0.0818369942319842,0.0665488540995305,0.0,0.029838575470128,-1.0,138.4,240.0,108.0,0.0,0.0,-1.0,129.95,-1.0,58.0,83.7,78.18571428571428,58.0,25.700000000000003,0.1075004998773919,-0.0567444229609764,0.0,-0.07901718850296,-1.0,83.7,216.0,58.0,240.0,70.85,-1.0,92.0,96.5,94.07142857142856,93.1,4.5,0.0167762666419334,-0.0128744880350944,0.0,-0.0075125407127408,1.0,96.5,0.0,92.0,216.0,0.0,-1.0,92.55,-1.0,37.53,38.1,37.7,37.59,0.5700000000000003,0.0050188031640383,0.0002784534675009,0.0,0.001567648527209,-1.0,38.1,216.0,37.53,102.0,37.845,114.0,10.0,13.0,12.142857142857142,13.0,3.0,0.0815082732973589,0.0068019432143426,0.0,0.0122910871787556,0.0,13.0,170.0,10.0,107.0,4.0,0.0,13.0,63.0,36.7,46.9,41.71428571428572,36.7,10.199999999999996,0.0813296681314461,-0.0094101055461999,0.0,-0.0324180396072559,-1.0,46.9,107.0,36.7,240.0,0.0,-1.0,38.3,109.0,3.0,1.0,1.0,1.0,1.0,1.0,1.0,1.0,1.0,1.0,1.0,1.0,1.0,1.0,1.0,1.0,1.0,188.0,188.0,0.0,0.0,-1.0,0.0,-1.0,0.0,-1.0,1.0,188.0,0.0,-1.0,5.0,0.0,188.0,,6.0,170.0,4.0,107.0,216.0,1.0,0.0,0.0,240.0,3.0,8.64,8.23,12.18,120.0,-0.4100000000000001,-0.0474537037037037,0.0,240.0,3.0,137.5,144.3,144.3,240.0,6.800000000000011,0.0494545454545455,0.0,240.0,3.0,4.67,4.5,4.67,0.0,-0.1699999999999999,-0.0364025695931477,0.0,240.0,3.0,18.3,20.6,20.6,240.0,2.3000000000000007,0.1256830601092896,0.0,240.0,3.0,49.8,59.9,59.9,240.0,10.1,0.2028112449799197,0.0,240.0,3.0,7.339,7.353,7.353,240.0,0.0139999999999993,0.0019076168415314,0.0,240.0,3.0,0.119,0.138,0.138,240.0,0.019,0.1596638655462186,0.0,240.0,3.0,3.26,3.69,3.69,240.0,0.4300000000000001,0.1319018404907976,0.0,240.0,3.0,717.2,683.2,717.2,0.0,-34.0,-0.0474065811489124,0.0,240.0,3.0,21.7,27.8,27.8,240.0,6.100000000000001,0.2811059907834102,0.0,240.0,3.0,1.4,3.75,3.85,120.0,2.35,1.6785714285714288,0.0,240.0,3.0,130.6,114.1,130.6,0.0,-16.5,-0.1263399693721286,0.0,240.0,3.0,287.9,280.4,296.6,120.0,-7.5,-0.0260507120527961,-31.299999999999983,31.299999999999983,-0.228968544257498,-1,-7.300000000000001,7.300000000000001,-0.2409240924092409,-1,24.90000000000001,24.90000000000001,0.2193832599118943,1,-7.400000000000006,7.400000000000006,-0.1131498470948013,-1,0.3999999999999915,0.3999999999999915,0.0043149946062566,1,-0.75,0.75,-0.0195618153364632,-1,1,1,0.0833333333333333,1,0,0,0.0,0,1,0,0,0,0,38.0,1,1,90,13,1,0,0,0,0,1,0,0,0,0,1,0,0,1,0,0,0,0,0,0,1,0,1,0,0,0,0,0,0,0,0,0,0,0,0.0,0.0,0,0,0,1,1,0,1,1,2,1,5241.078,1,3.6635616461296463,81.43333333333334,1.6786737617683174,0,2,1,3,3,0,2,2,12,3.5973684210526318,0.3157894736842105,3,48.1,15515.45,1.2044052863436123,54.19823788546256,3
E001219,2025-05-18,136.7,34.5,148.3,77.2,91.3,1,38.57,11,39,Male,White,General weakness. Festival attendee from beach shuttle stop with symptom onset ~37 minutes before arrival.,2,6,Festival Medical Tent Transfer,0,0,0,0,0,166.5,7.306,134.3,4.54,15.2,14.1,1,1,133.1,28.5,118.3,78.3,92.3,0,37.8,13,44.1,-3.6,-0.77,2,3.49,1038.6,7.341,0.103,0,1,1,0,0,0,0,0,0,1,0,0,6,1,0,9.0,92.1,150.6,125.43333333333332,133.1,58.5,0.1260154562693191,-0.0935036403237315,-0.2146428571428567,0.0689052177906526,1.0,150.6,0.0,92.1,130.0,4.0,0.0,133.1,51.0,24.6,30.7,26.83333333333333,28.5,6.099999999999998,0.065850227481732,0.0016767694902601,-0.0207142857142855,0.0062281414491115,1.0,30.7,116.0,24.6,181.0,9.0,0.0,28.5,3.0,99.8,131.0,115.53333333333332,118.3,31.200000000000003,0.0758454128251653,0.0112377573149006,-0.1428571428571431,0.0421397534178829,1.0,131.0,116.0,99.8,119.0,0.0,-1.0,118.3,11.0,71.5,92.0,78.69999999999999,78.3,20.5,0.0854415667184735,0.0095439791738521,-0.0957142857142852,-0.0281149538983287,1.0,92.0,116.0,71.5,181.0,78.3,3.0,92.3,94.7,93.55555555555556,92.3,2.4000000000000057,0.0090292531157948,-0.00447870847645,-0.0010714285714281,-0.0157151941215951,-1.0,94.7,116.0,92.3,240.0,0.0,-1.0,92.3,65.0,37.47,38.3,37.81,37.8,0.8299999999999983,0.0059087000194361,-0.0017686870738979,-0.0064999999999996,-0.0001803440845019,1.0,38.3,0.0,37.47,116.0,37.8,-1.0,11.0,14.0,12.333333333333334,13.0,3.0,0.0764439763444916,0.0085822817105033,0.0142857142857143,0.0078249196311866,-1.0,14.0,119.0,11.0,0.0,5.0,0.0,13.0,11.0,38.9,46.7,43.24444444444444,44.1,7.800000000000004,0.0598470916224515,-0.014687914881152,-0.0967857142857141,-0.0071855018193378,1.0,46.7,0.0,38.9,119.0,0.0,-1.0,44.1,11.0,3.0,1.0,1.0,1.0,1.0,1.0,1.0,1.0,1.0,1.0,1.0,1.0,1.0,1.0,1.0,2.0,1.0,66.0,176.0,0.0,1.0,176.0,0.0,-1.0,0.0,-1.0,1.0,66.0,0.0,-1.0,5.0,0.0,66.0,176.0,18.0,240.0,1.0,0.0,181.0,1.0,0.0,0.0,240.0,3.0,11.04,12.7,12.7,240.0,1.66,0.1503623188405797,0.0,240.0,3.0,142.6,136.5,142.6,0.0,-6.099999999999994,-0.0427769985974754,0.0,240.0,3.0,4.25,4.34,4.79,120.0,0.0899999999999998,0.0211764705882352,0.0,240.0,3.0,19.4,19.7,21.5,120.0,0.3000000000000007,0.0154639175257732,0.0,240.0,3.0,49.6,61.6,61.6,240.0,12.0,0.2419354838709677,0.0,240.0,3.0,7.335,7.341,7.341,240.0,0.0060000000000002,0.0008179959100204,0.0,240.0,3.0,0.124,0.103,0.14,120.0,-0.021,-0.1693548387096774,0.0,240.0,3.0,2.99,3.49,4.35,120.0,0.5,0.1672240802675585,0.0,240.0,3.0,931.4,1038.6,1038.6,240.0,107.19999999999992,0.1150955550783765,0.0,240.0,3.0,24.2,22.8,24.2,0.0,-1.3999999999999986,-0.0578512396694214,0.0,240.0,3.0,5.18,9.09,9.09,240.0,3.91,0.7548262548262549,0.0,240.0,3.0,127.1,128.5,128.5,240.0,1.4000000000000057,0.011014948859166,0.0,240.0,3.0,304.1,295.2,305.6,120.0,-8.900000000000034,-0.0292666885892799,-3.5999999999999943,3.5999999999999943,-0.0263350402340892,-1,-6.0,6.0,-0.1739130434782608,-1,-30.00000000000001,30.00000000000001,-0.2022926500337155,-1,1.0999999999999943,1.0999999999999943,0.0142487046632123,1,1.0,1.0,0.0109529025191675,1,-0.7700000000000031,0.7700000000000031,-0.0199637023593467,-1,2,2,0.1818181818181818,1,-1,1,-1.0,-1,2,0,0,0,1,37.0,1,1,106,15,0,0,0,1,0,1,0,0,0,0,0,1,0,0,0,0,1,0,1,0,1,0,0,1,0,0,1,0,1,0,1,0,0,0,0.0,0.0,0,0,0,1,1,1,1,1,2,1,5272.518999999999,0,3.6375861597263857,100.9,1.3548067393458867,1,3,1,3,3,0,2,2,13,3.6945945945945935,0.3513513513513513,3,71.10000000000001,20272.61,0.9217801753202964,35.949426837491565,4
E001014,2025-05-21,81.3,14.8,118.0,61.8,97.7,0,36.99,13,51,Male,White,Pt is currently 7 weeks pregnant.,5,3,EMS,0,0,0,0,0,106.9,7.376,133.6,4.48,15.1,7.2,0,0,91.2,16.3,130.7,71.8,98.1,0,36.56,14,39.2,9.9,-0.43,1,,,,,1,0,0,0,1,0,0,0,0,0,0,3,2,0,1,6.0,80.5,92.2,86.85000000000001,91.2,11.700000000000005,0.0520931066865414,0.0065285576971722,0.0,0.0792050420775095,1.0,92.2,229.0,80.5,178.0,0.0,-1.0,91.7,51.0,9.7,17.7,13.15,16.3,8.0,0.2248924344085853,-0.0123817473567055,0.0,0.0317242749304727,1.0,17.7,0.0,9.7,168.0,0.0,-1.0,14.7,72.0,93.8,133.7,119.91666666666669,130.7,39.89999999999999,0.1170604534950661,0.1585141903171954,0.0,0.1300556217719509,-1.0,133.7,168.0,93.8,0.0,0.0,-1.0,128.64999999999998,-1.0,68.6,89.4,77.23333333333333,71.8,20.80000000000001,0.0882435326233725,0.0244194870238276,0.0,0.0415610214179941,-1.0,89.4,178.0,68.6,109.0,76.69999999999999,51.0,96.2,99.8,97.73333333333336,98.1,3.5999999999999943,0.0116462285668238,0.0081853594374464,0.0,0.003633474193665,-1.0,99.8,168.0,96.2,0.0,0.0,-1.0,98.1,10.0,36.56,37.3,36.86333333333333,36.56,0.7399999999999949,0.0060833305693296,9.485506146611526e-05,0.0,-0.0015525336800664,-1.0,37.3,168.0,36.56,240.0,36.735,10.0,14.0,15.0,14.333333333333334,14.0,1.0,0.0328886874970487,0.0007588404917286,0.0,-0.0028533246650051,-1.0,15.0,109.0,14.0,0.0,0.0,-1.0,14.5,59.0,29.9,39.2,35.03333333333333,39.2,9.300000000000004,0.0876958366097393,0.0219254312743461,0.0,-0.007389749702026,-1.0,39.2,240.0,29.9,0.0,1.0,0.0,36.05,-1.0,1.0,1.0,1.0,1.0,1.0,1.0,1.0,1.0,1.0,1.0,1.0,1.0,1.0,1.0,1.0,3.0,1.0,31.0,153.0,1.0,0.0,-1.0,1.0,31.0,0.0,-1.0,0.0,-1.0,1.0,122.0,3.0,0.0,-89.0,,1.0,109.0,4.0,0.0,229.0,1.0,0.0,120.0,120.0,1.0,8.41,8.41,8.41,120.0,0.0,0.0,120.0,120.0,1.0,139.4,139.4,139.4,120.0,0.0,0.0,120.0,120.0,1.0,3.76,3.76,3.76,120.0,0.0,0.0,120.0,120.0,1.0,20.7,20.7,20.7,120.0,0.0,0.0,120.0,120.0,1.0,25.9,25.9,25.9,120.0,0.0,0.0,120.0,120.0,1.0,7.384,7.384,7.384,120.0,0.0,0.0,120.0,120.0,1.0,0.0,0.0,0.0,120.0,0.0,0.0,120.0,120.0,1.0,0.4,0.4,0.4,120.0,0.0,0.0,120.0,120.0,1.0,151.0,151.0,151.0,120.0,0.0,0.0,120.0,120.0,1.0,14.6,14.6,14.6,120.0,0.0,0.0,120.0,120.0,1.0,0.68,0.68,0.68,120.0,0.0,0.0,120.0,120.0,1.0,90.3,90.3,90.3,120.0,0.0,0.0,120.0,120.0,1.0,281.4,281.4,281.4,120.0,0.0,0.0,9.900000000000006,9.900000000000006,0.1217712177121772,1,1.5,1.5,0.1013513513513513,1,12.699999999999989,12.699999999999989,0.1076271186440677,1,10.0,10.0,0.1618122977346278,1,0.3999999999999915,0.3999999999999915,0.0040941658137153,1,-0.4299999999999997,0.4299999999999997,-0.0116247634495809,-1,1,1,0.0769230769230769,1,0,0,0.0,0,1,0,0,0,0,,0,0,33,6,0,0,0,0,1,0,0,0,1,1,0,0,0,0,0,0,0,0,1,0,0,0,0,0,0,0,0,0,0,0,0,1,0,0,0.0,0.0,0,1,1,0,0,0,0,0,1,0,3007.2870000000003,0,,80.53333333333333,1.0095198675496688,1,2,0,0,0,0,0,0,2,,,1,56.2,9593.4,0.6889830508474576,35.13813559322034,0
E000697,2025-05-21,75.8,19.2,130.9,81.4,94.9,0,37.37,15,31,Female,White,Drug / Alcohol Assessment pt to ed c/o Detox requesting prescription for his sx.,4,3,EMS,0,0,0,0,0,103.4,7.32,136.3,4.52,14.9,10.9,0,0,85.6,14.3,127.3,68.9,98.0,0,36.55,14,37.3,9.8,-0.82,-1,,,,,1,1,0,0,0,0,0,0,0,0,0,3,2,0,1,8.0,70.0,90.6,80.425,85.6,20.599999999999994,0.0853804450036522,0.0578616395027764,0.0,0.0313527769159169,1.0,90.6,145.0,70.0,0.0,0.0,-1.0,85.6,7.0,11.2,19.5,14.7125,14.3,8.3,0.168196405263607,-0.0006683440524869,0.0,-0.0084626124728513,1.0,19.5,145.0,11.2,207.0,0.0,-1.0,14.3,7.0,93.3,127.3,117.0375,127.3,34.0,0.0902866359177413,0.0116492061924817,0.0,-0.0684145206329502,1.0,127.3,240.0,93.3,207.0,0.0,-1.0,127.3,-1.0,60.0,86.1,74.4375,68.9,26.099999999999994,0.116851358543001,-0.0405081866188191,0.0,-0.0275286999689727,-1.0,86.1,207.0,60.0,178.0,68.9,29.0,96.1,99.7,97.725,98.0,3.6000000000000085,0.0123404933181809,0.0090735450834323,0.0,0.0050418864412039,-1.0,99.7,145.0,96.1,0.0,0.0,-1.0,98.0,33.0,36.55,36.94,36.72375,36.55,0.3900000000000005,0.0029920472453927,-0.0012992703712152,0.0,-0.000932361154204,1.0,36.94,0.0,36.55,240.0,36.55,-1.0,14.0,15.0,14.25,14.0,1.0,0.0303868562731381,0.0011235534249653,0.0,3.4577634821873895e-17,0.0,15.0,152.0,14.0,0.0,0.0,-1.0,14.0,55.0,28.3,41.7,35.462500000000006,37.3,13.400000000000002,0.1049997200178832,-0.0207356891638379,0.0,0.020780328886131,1.0,41.7,0.0,28.3,122.0,1.0,122.0,37.3,30.0,2.0,1.0,1.0,1.0,1.0,1.0,1.0,1.0,1.0,1.0,1.0,1.0,1.0,1.0,1.0,3.0,1.0,199.0,225.0,0.0,1.0,225.0,1.0,199.0,0.0,-1.0,0.0,-1.0,1.0,201.0,4.0,0.0,199.0,,1.0,23.0,6.0,0.0,207.0,1.0,0.0,0.0,120.0,2.0,4.9,4.55,4.9,0.0,-0.3500000000000005,-0.0714285714285715,0.0,120.0,2.0,138.8,138.6,138.8,0.0,-0.200000000000017,-0.0014409221902018,0.0,120.0,2.0,4.18,3.96,4.18,0.0,-0.2199999999999997,-0.0526315789473683,0.0,120.0,2.0,20.5,25.4,25.4,120.0,4.899999999999999,0.2390243902439023,0.0,120.0,2.0,47.4,32.1,47.4,0.0,-15.299999999999995,-0.3227848101265822,0.0,120.0,2.0,7.419,7.366,7.419,0.0,-0.0529999999999999,-0.0071438199218223,0.0,120.0,2.0,0.0,0.011,0.011,120.0,0.011,10999999.999999998,0.0,120.0,2.0,1.39,1.2,1.39,0.0,-0.1899999999999999,-0.1366906474820143,0.0,120.0,2.0,301.1,169.8,301.1,0.0,-131.3,-0.436067751577549,0.0,120.0,2.0,12.5,17.9,17.9,120.0,5.399999999999999,0.4319999999999999,0.0,120.0,2.0,4.6,0.1,4.6,0.0,-4.5,-0.9782608695652176,0.0,120.0,2.0,99.2,102.3,102.3,120.0,3.0999999999999943,0.0312499999999999,0.0,120.0,2.0,293.3,295.0,295.0,120.0,1.6999999999999886,0.0057961131946811,9.799999999999995,9.799999999999995,0.129287598944591,1,-4.899999999999999,4.899999999999999,-0.2552083333333332,-1,-3.6000000000000085,3.6000000000000085,-0.027501909854851,-1,-12.5,12.5,-0.1535626535626535,-1,3.0999999999999943,3.0999999999999943,0.0326659641728134,1,-0.8200000000000003,0.8200000000000003,-0.0219427348140219,-1,-1,1,-0.0666666666666666,-1,0,0,0.0,0,4,0,0,0,0,,0,0,80,14,0,0,0,0,1,0,0,0,1,0,0,0,0,0,1,0,0,0,0,1,0,0,0,0,0,0,0,0,0,0,0,0,0,0,0.0,0.0588235294117647,0,1,0,0,0,0,0,1,0,0,2832.646,0,,97.9,0.7742594484167516,0,0,0,0,0,0,1,0,1,,,1,49.5,9922.22,0.5790679908326967,17.951107715813595,0
E001706,2025-05-18,82.5,12.3,118.3,73.7,98.0,0,37.0,15,52,Female,Other/Multiracial,Anxiety/panic. Community patient from home with symptom onset ~262 minutes before arrival.,5,2,Walk-in,0,0,1,0,0,93.5,7.438,137.8,3.95,15.2,7.1,0,0,84.8,15.9,126.3,89.8,98.2,0,36.56,15,37.3,2.3,-0.44,0,,,,,0,0,0,0,0,0,0,0,0,0,0,0,6,1,0,6.0,65.9,84.8,73.2,84.8,18.89999999999999,0.0980026626312126,0.0265939870165351,0.0,0.0219484313476436,1.0,84.8,240.0,65.9,207.0,0.0,-1.0,84.8,-1.0,11.5,15.9,13.516666666666667,15.9,4.4,0.1187890836411969,0.0091209491719463,0.0,0.0147529531309538,1.0,15.9,240.0,11.5,89.0,0.0,-1.0,15.9,-1.0,116.8,142.8,129.11666666666665,126.3,26.00000000000001,0.061244449016692,-0.0571649732655106,0.0,0.0038549472881998,1.0,142.8,0.0,116.8,174.0,0.0,-1.0,126.3,33.0,72.4,89.9,81.28333333333333,89.8,17.5,0.0880747287495024,0.0271911223281771,0.0,-0.0089038485964691,1.0,89.9,89.0,72.4,207.0,89.8,26.0,96.0,100.0,98.06666666666666,98.2,4.0,0.0137272743074838,-0.0022454369235172,0.0,0.0147783564079763,1.0,100.0,0.0,96.0,89.0,0.0,-1.0,98.2,118.0,36.36,36.59,36.50833333333333,36.56,0.2300000000000039,0.0021358936435133,-8.807420609626463e-05,0.0,0.0003264321097421,1.0,36.59,89.0,36.36,115.0,36.56,59.0,14.0,15.0,14.333333333333334,15.0,1.0,0.0328886874970487,0.0044752624663379,0.0,0.0074304585291502,0.0,15.0,207.0,14.0,0.0,0.0,-1.0,15.0,-1.0,30.5,39.0,34.86666666666667,37.3,8.5,0.081098700039956,-0.0093121885854788,0.0,-0.0139972056395275,1.0,39.0,89.0,30.5,207.0,0.0,-1.0,37.3,33.0,1.0,1.0,1.0,1.0,1.0,1.0,1.0,1.0,1.0,1.0,1.0,1.0,1.0,1.0,1.0,0.0,0.0,-1.0,-1.0,0.0,0.0,-1.0,0.0,-1.0,0.0,-1.0,0.0,-1.0,0.0,-1.0,0.0,0.0,,,0.0,0.0,4.0,0.0,207.0,0.0,0.0,120.0,120.0,1.0,4.36,4.36,4.36,120.0,0.0,0.0,120.0,120.0,1.0,146.1,146.1,146.1,120.0,0.0,0.0,120.0,120.0,1.0,3.58,3.58,3.58,120.0,0.0,0.0,120.0,120.0,1.0,27.4,27.4,27.4,120.0,0.0,0.0,120.0,120.0,1.0,31.9,31.9,31.9,120.0,0.0,0.0,120.0,120.0,1.0,7.375,7.375,7.375,120.0,0.0,0.0,120.0,120.0,1.0,0.016,0.016,0.016,120.0,0.0,0.0,120.0,120.0,1.0,0.73,0.73,0.73,120.0,0.0,0.0,120.0,120.0,1.0,20.0,20.0,20.0,120.0,0.0,0.0,120.0,120.0,1.0,17.0,17.0,17.0,120.0,0.0,0.0,120.0,120.0,1.0,0.1,0.1,0.1,120.0,0.0,0.0,120.0,120.0,1.0,85.2,85.2,85.2,120.0,0.0,0.0,120.0,120.0,1.0,285.8,285.8,285.8,120.0,0.0,0.0,2.299999999999997,2.299999999999997,0.0278787878787878,1,3.6,3.6,0.2926829268292682,1,8.0,8.0,0.0676246830092984,1,16.099999999999994,16.099999999999994,0.2184531886024422,1,0.2000000000000028,0.2000000000000028,0.0020408163265306,1,-0.4399999999999977,0.4399999999999977,-0.0118918918918918,-1,0,0,0.0,0,0,0,0.0,0,1,0,0,0,0,262.0,1,0,90,12,0,0,0,0,1,0,0,1,0,0,0,0,0,1,0,0,0,0,0,0,0,0,0,0,0,0,0,0,0,0,0,1,0,0,0.0,0.0,0,1,1,0,0,0,0,0,0,0,3052.5,0,5.572154032177765,88.56666666666666,0.931501693639443,0,0,0,0,0,0,0,0,0,0.3148854961832061,0.0,0,44.6,9759.75,0.6973795435333897,36.26373626373626,0
E001504,2025-05-18,111.4,25.5,116.4,54.0,94.5,0,37.57,12,61,Female,White,Poison Ivy Came in due to worsening rashes from poison ivy.,3,6,Walk-in,0,1,1,1,1,102.6,7.4,137.7,4.7,14.3,12.1,0,0,85.9,16.2,134.5,78.6,98.2,0,36.77,14,37.4,-25.5,-0.8,2,1.53,259.3,7.423,0.011,1,1,0,0,0,0,0,0,0,0,0,0,6,1,0,8.0,75.1,105.2,93.5875,85.9,30.10000000000001,0.1048216875271537,-0.0878432826496185,-0.0844804318488528,-0.1291852530987179,-1.0,105.2,33.0,75.1,205.0,0.0,-1.0,86.1,-1.0,14.0,23.4,18.725,16.2,9.4,0.1410868185357682,0.0052155816063794,0.0956140350877193,-0.019871467108627,-1.0,23.4,75.0,14.0,0.0,0.0,-1.0,18.55,27.0,95.4,135.7,120.9625,134.5,40.29999999999998,0.0995910081059965,0.0472370445174125,0.4461538461538459,-0.0033561366080714,-1.0,135.7,33.0,95.4,0.0,0.0,-1.0,126.7,21.0,67.7,80.2,74.25,78.6,12.5,0.0604524803051214,-0.0055134158556793,-0.1366396761133605,-0.0105391681506424,1.0,80.2,0.0,67.7,33.0,75.8,21.0,95.8,98.3,97.0125,98.2,2.5,0.0090809105251115,0.0013263251473297,0.0421052631578945,-0.0012685790856354,1.0,98.3,54.0,95.8,224.0,0.0,-1.0,97.0,48.0,36.77,37.43,37.057500000000005,36.77,0.6599999999999966,0.005441946836571,-0.0016421031932173,0.0069635627530364,-0.0024154133681258,-1.0,37.43,54.0,36.77,240.0,36.855,21.0,12.0,14.0,13.25,14.0,2.0,0.0499198360578224,0.002994729521847,0.0168690958164642,0.0084983338328896,0.0,14.0,54.0,12.0,102.0,1.0,102.0,14.0,21.0,34.9,39.0,37.3125,37.4,4.100000000000001,0.0300668850284454,-0.0067705058061291,-0.0139001349527665,-0.0057936773806794,-1.0,39.0,33.0,34.9,205.0,0.0,-1.0,37.25,19.0,3.0,1.0,1.0,1.0,1.0,1.0,1.0,1.0,1.0,1.0,1.0,1.0,1.0,1.0,1.0,3.0,1.0,59.0,169.0,1.0,1.0,169.0,1.0,85.0,0.0,-1.0,0.0,-1.0,1.0,59.0,4.0,0.0,59.0,,1.0,103.0,5.0,102.0,205.0,1.0,0.0,0.0,240.0,3.0,11.96,9.15,11.96,0.0,-2.8100000000000005,-0.2349498327759197,0.0,240.0,3.0,136.3,139.6,140.9,120.0,3.299999999999983,0.024211298606016,0.0,240.0,3.0,4.57,4.09,4.57,0.0,-0.4800000000000004,-0.1050328227571116,0.0,240.0,3.0,20.8,24.0,24.0,240.0,3.2,0.1538461538461538,0.0,240.0,3.0,31.2,36.7,36.7,240.0,5.500000000000004,0.1762820512820514,0.0,240.0,3.0,7.401,7.423,7.423,240.0,0.0220000000000002,0.0029725712741521,0.0,240.0,3.0,0.064,0.011,0.064,0.0,-0.053,-0.8281250000000001,0.0,240.0,3.0,2.16,1.53,2.78,120.0,-0.6300000000000001,-0.2916666666666667,0.0,240.0,3.0,491.2,259.3,491.2,0.0,-231.9,-0.4721091205211726,0.0,240.0,3.0,12.1,12.6,12.6,240.0,0.5,0.0413223140495867,0.0,240.0,3.0,6.53,2.7,8.46,120.0,-3.83,-0.5865237366003063,0.0,240.0,3.0,129.5,77.0,129.5,0.0,-52.5,-0.4054054054054054,0.0,240.0,3.0,289.1,282.4,294.6,120.0,-6.7000000000000455,-0.0231753718436528,-25.5,25.5,-0.2289048473967684,-1,-9.3,9.3,-0.3647058823529412,-1,18.099999999999994,18.099999999999994,0.1554982817869415,1,24.599999999999994,24.599999999999994,0.4555555555555554,1,3.700000000000003,3.700000000000003,0.0391534391534391,1,-0.7999999999999972,0.7999999999999972,-0.021293585307426,-1,2,2,0.1666666666666666,1,0,0,0.0,0,1,0,0,0,0,,0,0,59,11,0,0,0,0,1,0,0,0,1,0,0,0,0,1,0,0,0,0,0,1,0,1,0,0,0,0,0,0,0,0,0,0,0,0,0.0,0.0,0,0,1,0,0,0,1,0,1,1,4185.298000000001,0,,74.8,1.4893048128342248,0,2,1,2,3,0,1,0,8,,,1,62.400000000000006,12966.96,0.9570446735395188,58.37972508591066,2
E000608,2025-05-22,75.0,11.0,132.0,78.8,96.8,0,36.58,14,35,Male,Asian,Altered mental status. Community patient from street with symptom onset ~268 minutes before arrival.,5,1,Walk-in,0,0,0,0,0,76.6,7.411,136.2,3.61,10.6,5.4,0,0,67.0,7.2,129.0,80.8,97.9,0,36.37,14,33.4,-8.0,-0.21,0,,,,,0,0,0,0,1,0,0,0,0,0,0,4,3,0,0,8.0,49.9,73.7,67.05,67.0,23.800000000000004,0.1032292975178227,-0.028008595736599,0.0,-0.0327694937231093,-1.0,73.7,107.0,49.9,136.0,0.0,-1.0,67.0,10.0,7.0,14.0,10.2875,7.2,7.0,0.2599873924816303,0.0033197691390546,0.0,-0.0113433429598632,-1.0,14.0,136.0,7.0,107.0,3.0,0.0,7.2,104.0,123.1,141.1,132.225,129.0,18.0,0.0512544635210982,-0.0534082236298348,0.0,-0.0357097601225907,1.0,141.1,0.0,123.1,136.0,0.0,-1.0,129.0,10.0,67.3,82.1,76.08749999999999,80.8,14.799999999999995,0.0660528056237847,0.0579160614363038,0.0,0.059998821241233,-1.0,82.1,165.0,67.3,88.0,80.8,-1.0,95.4,99.5,97.325,97.9,4.099999999999994,0.0117909246519686,-0.0004494824620948,0.0,-0.002400247539341,1.0,99.5,107.0,95.4,136.0,0.0,-1.0,97.9,29.0,36.2,36.63,36.45625,36.37,0.4299999999999997,0.0037332648250971,-0.0011472354014919,0.0,-0.0008853951788766,-1.0,36.63,0.0,36.2,136.0,36.37,29.0,14.0,15.0,14.375,14.0,1.0,0.0336781160539775,-0.0001582684725685,0.0,-0.0029174279483703,-1.0,15.0,69.0,14.0,0.0,0.0,-1.0,14.0,19.0,30.3,34.6,32.55,33.4,4.300000000000001,0.0402035401791164,0.0018837465312826,0.0,0.0017010962456533,1.0,34.6,107.0,30.3,165.0,0.0,-1.0,33.4,29.0,1.0,1.0,1.0,1.0,1.0,1.0,1.0,1.0,1.0,1.0,1.0,1.0,1.0,1.0,1.0,1.0,1.0,39.0,39.0,1.0,0.0,-1.0,0.0,-1.0,0.0,-1.0,0.0,-1.0,0.0,-1.0,0.0,0.0,39.0,,3.0,69.0,6.0,0.0,240.0,0.0,0.0,0.0,0.0,1.0,1.84,1.84,1.84,0.0,0.0,0.0,0.0,0.0,1.0,135.7,135.7,135.7,0.0,0.0,0.0,0.0,0.0,1.0,3.42,3.42,3.42,0.0,0.0,0.0,0.0,0.0,1.0,24.0,24.0,24.0,0.0,0.0,0.0,0.0,0.0,1.0,46.1,46.1,46.1,0.0,0.0,0.0,0.0,0.0,1.0,7.467,7.467,7.467,0.0,0.0,0.0,0.0,0.0,1.0,0.001,0.001,0.001,0.0,0.0,0.0,0.0,0.0,1.0,1.51,1.51,1.51,0.0,0.0,0.0,0.0,0.0,1.0,164.5,164.5,164.5,0.0,0.0,0.0,0.0,0.0,1.0,13.2,13.2,13.2,0.0,0.0,0.0,0.0,0.0,1.0,0.19,0.19,0.19,0.0,0.0,0.0,0.0,0.0,1.0,89.6,89.6,89.6,0.0,0.0,0.0,0.0,0.0,1.0,286.0,286.0,286.0,0.0,0.0,0.0,-8.0,8.0,-0.1066666666666666,-1,-3.8,3.8,-0.3454545454545454,-1,-3.0,3.0,-0.0227272727272727,-1,2.0,2.0,0.0253807106598984,1,1.1000000000000083,1.1000000000000083,0.0113636363636364,1,-0.2100000000000008,0.2100000000000008,-0.0057408419901585,-1,0,0,0.0,0,0,0,0.0,0,1,1,1,0,0,268.0,1,0,100,14,0,0,0,0,1,0,0,1,0,0,0,0,0,1,0,0,0,0,0,0,0,0,0,0,0,0,0,0,0,0,0,0,0,0,0.0,0.1176470588235294,0,1,1,0,0,0,0,0,1,0,2743.5,0,5.594711379601839,96.53333333333332,0.7769337016574585,0,1,0,0,1,0,0,0,2,0.2798507462686567,0.0074626865671641,0,53.2,9900.0,0.5681818181818182,19.88636363636364,0
E000133,2025-05-20,88.0,18.5,137.0,79.8,97.6,0,37.23,14,42,Female,White,Nausea/vomiting. Community patient from workplace with symptom onset ~83 minutes before arrival.,5,3,Walk-in,0,1,0,0,0,72.7,7.437,139.8,3.44,13.4,7.4,0,0,72.5,12.3,118.9,85.5,97.3,0,36.22,14,33.9,-15.5,-1.01,0,2.13,324.3,7.435,0.03,1,0,1,0,0,0,0,0,0,0,0,2,1,0,1,8.0,67.1,88.2,75.58749999999999,72.5,21.10000000000001,0.098322218460947,-0.0245345797354036,0.2952971355280018,-0.0126985512305812,-1.0,88.2,20.0,67.1,223.0,0.0,-1.0,69.8,8.0,8.3,17.7,12.575,12.3,9.4,0.2572460136582638,-0.0189251907570965,0.2405301410859339,0.0040670274044335,-1.0,17.7,31.0,8.3,160.0,0.0,-1.0,10.95,74.0,118.9,145.5,133.175,118.9,26.599999999999994,0.0686683670833396,0.0128248280819178,0.3132962804617323,-0.0214609879560133,-1.0,145.5,223.0,118.9,240.0,0.0,-1.0,132.2,17.0,74.0,89.1,79.6625,85.5,15.099999999999994,0.06424409999783,0.0055147108549435,-0.4542539546814894,0.0210420666783035,1.0,89.1,0.0,74.0,160.0,82.35,80.0,95.3,98.7,97.0125,97.3,3.4000000000000057,0.0106556174018994,0.0014068396249199,0.0900812312954232,0.0012218537266538,-1.0,98.7,31.0,95.3,0.0,0.0,-1.0,96.8,74.0,36.18,36.77,36.495000000000005,36.22,0.5900000000000034,0.0055702291684494,-0.0021460632256643,-0.0012654980761012,-0.002139989526968,1.0,36.77,31.0,36.18,223.0,36.2,-1.0,13.0,15.0,14.125,14.0,2.0,0.0424409869319709,-0.0040943457838286,0.0333475844377935,-0.003578285913772,1.0,15.0,28.0,13.0,223.0,0.0,-1.0,13.5,77.0,30.6,38.8,34.95,33.9,8.199999999999996,0.0634167675516494,-0.004212983269023,0.2295425395468141,-0.0085966137196718,-1.0,38.8,31.0,30.6,0.0,0.0,-1.0,34.0,192.0,2.0,1.0,1.0,1.0,1.0,1.0,1.0,1.0,1.0,1.0,1.0,1.0,1.0,1.0,1.0,2.0,1.0,126.0,170.0,0.0,0.0,-1.0,1.0,170.0,0.0,-1.0,1.0,126.0,0.0,-1.0,5.0,0.0,126.0,,0.0,0.0,6.0,223.0,223.0,1.0,0.0,0.0,240.0,2.0,5.74,7.32,7.32,240.0,1.58,0.2752613240418118,0.0,240.0,2.0,138.3,144.4,144.4,240.0,6.099999999999994,0.0441070137382501,0.0,240.0,2.0,4.16,3.73,4.16,0.0,-0.4300000000000001,-0.1033653846153846,0.0,240.0,2.0,22.1,23.5,23.5,240.0,1.3999999999999986,0.0633484162895926,0.0,240.0,2.0,26.6,28.0,28.0,240.0,1.3999999999999986,0.0526315789473683,0.0,240.0,2.0,7.407,7.435,7.435,240.0,0.0279999999999995,0.003780207911435,0.0,240.0,2.0,0.013,0.03,0.03,240.0,0.017,1.307692307692308,0.0,240.0,2.0,3.23,2.13,3.23,0.0,-1.1,-0.3405572755417957,0.0,240.0,2.0,204.1,324.3,324.3,240.0,120.20000000000002,0.5889269965703088,0.0,240.0,2.0,1.0,11.5,11.5,240.0,10.5,10.5,0.0,240.0,2.0,4.72,0.99,4.72,0.0,-3.73,-0.7902542372881355,0.0,240.0,2.0,73.7,58.7,73.7,0.0,-15.0,-0.2035278154681139,0.0,240.0,2.0,290.1,282.7,290.1,0.0,-7.400000000000034,-0.0255084453636678,-15.5,15.5,-0.1761363636363636,-1,-6.199999999999999,6.199999999999999,-0.3351351351351351,-1,-18.099999999999994,18.099999999999994,-0.1321167883211678,-1,5.700000000000003,5.700000000000003,0.0714285714285714,1,-0.2999999999999971,0.2999999999999971,-0.0030737704918032,-1,-1.009999999999998,1.009999999999998,-0.0271286596830512,-1,0,0,0.0,0,0,0,0.0,0,3,0,0,0,0,83.0,1,0,96,12,0,0,0,0,1,0,1,0,0,0,0,0,0,0,0,0,1,0,0,0,0,0,0,0,0,0,0,0,0,0,0,0,0,0,0.0,0.0,0,1,1,0,0,0,0,0,0,0,3276.24,1,4.430816798843313,98.86666666666666,0.8900876601483478,0,1,0,0,0,0,0,0,1,1.0602409638554218,0.0120481927710843,1,57.2,12056.0,0.6423357664233577,26.978102189781023,0
E001885,2025-05-20,127.5,34.2,82.3,66.8,90.7,1,38.64,13,26,Male,Black,Chest pain. Festival attendee from beach shuttle stop with symptom onset ~97 minutes before arrival.,2,5,EMS,0,0,1,0,1,121.1,7.304,133.2,5.82,14.2,18.6,1,1,121.4,30.3,119.2,68.7,90.8,1,37.95,13,40.1,-6.1,-0.69,0,2.3,857.4,7.304,0.145,0,0,0,0,0,0,1,1,0,1,0,2,1,0,1,7.0,92.6,144.7,125.2,121.4,52.1,0.1213809758766041,-0.1042285511775508,0.0517418490397493,-0.158156028368795,-1.0,144.7,38.0,92.6,220.0,2.0,38.0,112.53333333333336,8.0,23.5,30.3,26.285714285714285,30.3,6.800000000000001,0.0988383616776929,0.0030816070105351,-0.1127735596248327,-0.0047281323877069,1.0,30.3,240.0,23.5,53.0,4.0,0.0,26.6,43.0,104.6,121.1,114.47142857142856,119.2,16.5,0.055728903982409,-0.0122233319372402,-0.0653416703885671,-0.0575945626477545,1.0,121.1,96.0,104.6,38.0,0.0,-1.0,112.5,15.0,68.7,76.0,72.28571428571428,68.7,7.299999999999997,0.0397690138938684,-0.0099906569154934,0.0612103617686463,-0.0398049645390075,-1.0,76.0,96.0,68.7,240.0,70.69999999999999,124.0,90.8,95.0,92.79999999999998,90.8,4.200000000000003,0.0150752071087993,-0.0014594542349948,-0.0548235819562311,-0.0067671394799059,1.0,95.0,220.0,90.8,240.0,1.0,240.0,92.8,-1.0,37.61,38.68,38.13285714285714,37.95,1.0700000000000005,0.0087456661682803,6.862334482421645e-05,0.0112661902635104,-0.0023788416075651,-1.0,38.68,38.0,37.61,0.0,38.083333333333336,15.0,10.0,13.0,11.428571428571429,13.0,3.0,0.0790569415042094,0.0043815844582621,-0.0355069227333631,0.0082742316784869,1.0,13.0,240.0,10.0,53.0,6.0,0.0,12.0,43.0,40.1,49.4,44.92857142857143,40.1,9.299999999999995,0.0568544224780226,-0.0178807306936435,-0.0879410451094241,-0.0195035460992909,-1.0,49.4,0.0,40.1,240.0,0.0,-1.0,43.3,-1.0,3.0,1.0,1.0,1.0,1.0,1.0,1.0,1.0,1.0,1.0,1.0,1.0,1.0,1.0,1.0,0.0,0.0,-1.0,-1.0,0.0,0.0,-1.0,0.0,-1.0,0.0,-1.0,0.0,-1.0,0.0,-1.0,0.0,0.0,,,13.0,240.0,5.0,53.0,240.0,1.0,1.0,0.0,240.0,3.0,9.3,11.61,11.78,120.0,2.3099999999999987,0.2483870967741934,0.0,240.0,3.0,134.5,138.5,141.6,120.0,4.0,0.0297397769516728,0.0,240.0,3.0,4.65,4.82,4.82,240.0,0.1699999999999999,0.0365591397849462,0.0,240.0,3.0,19.9,18.7,19.9,0.0,-1.1999999999999993,-0.0603015075376884,0.0,240.0,3.0,50.5,63.1,63.1,120.0,12.6,0.2495049504950495,0.0,240.0,3.0,7.294,7.304,7.304,240.0,0.0100000000000006,0.0013709898546751,0.0,240.0,3.0,0.146,0.145,0.146,0.0,-0.001,-0.0068493150684931,0.0,240.0,3.0,4.5,2.3,4.5,0.0,-2.2,-0.4888888888888889,0.0,240.0,3.0,1044.9,857.4,1044.9,0.0,-187.5000000000001,-0.1794430089003733,0.0,240.0,3.0,36.2,20.6,36.2,0.0,-15.6,-0.430939226519337,0.0,240.0,3.0,5.51,11.17,11.17,240.0,5.66,1.0272232304900182,0.0,240.0,3.0,145.2,143.5,145.2,0.0,-1.6999999999999886,-0.0117079889807161,0.0,240.0,3.0,295.1,307.9,307.9,240.0,12.799999999999956,0.0433751270755674,-6.099999999999994,6.099999999999994,-0.0478431372549019,-1,-3.900000000000002,3.900000000000002,-0.1140350877192983,-1,36.900000000000006,36.900000000000006,0.448359659781288,1,1.9000000000000057,1.9000000000000057,0.0284431137724551,1,0.0999999999999943,0.0999999999999943,0.0011025358324144,1,-0.6899999999999977,0.6899999999999977,-0.0178571428571427,-1,0,0,0.0,0,0,0,0.0,0,1,0,0,0,0,97.0,1,1,100,15,0,0,0,1,0,0,1,0,0,1,0,0,0,1,0,0,1,0,0,0,1,0,0,0,0,0,1,0,0,1,1,0,0,0,0.0,0.0,0,0,0,1,1,0,1,1,2,1,4926.6,1,4.584967478670572,71.96666666666667,1.771653543307087,1,2,1,2,3,3,3,2,15,1.3144329896907216,0.1546391752577319,4,15.5,10493.25,1.5492102065613609,40.27946537059538,3
E000818,2025-05-21,98.7,17.6,116.8,79.9,96.9,0,37.08,13,31,Female,Hispanic/Latino,Agitation. Festival attendee from campground with symptom onset ~127 minutes before arrival.,3,4,Walk-in,0,0,0,0,0,105.0,7.403,135.2,4.12,9.9,9.8,1,1,80.6,15.8,125.8,81.6,97.1,0,36.78,15,39.4,-18.1,-0.3,2,,,,,1,0,0,0,0,0,0,0,0,0,0,3,2,0,1,9.0,68.5,94.7,83.45555555555556,80.6,26.200000000000003,0.0945863258066201,0.0004213107546428,0.0879999999999996,-0.0093018896220758,1.0,94.7,207.0,68.5,140.0,0.0,-1.0,77.5,12.0,11.4,21.6,16.400000000000002,15.8,10.2,0.1657719390577535,0.0219532592092321,0.0559999999999999,-0.008247100579884,-1.0,21.6,146.0,11.4,0.0,0.0,-1.0,17.05,94.0,104.7,132.9,121.77777777777776,125.8,28.200000000000003,0.0687428402153856,0.0347478254563256,-0.2820000000000003,-0.0883185862827437,1.0,132.9,164.0,104.7,50.0,0.0,-1.0,120.05,43.0,67.7,91.6,79.44444444444444,81.6,23.89999999999999,0.1006907533280026,0.0373294020061554,-0.1040000000000002,-0.0730866326734653,1.0,91.6,140.0,67.7,50.0,76.44999999999999,24.0,94.8,99.0,97.28888888888888,97.1,4.200000000000003,0.0124899251845521,0.0054906377906003,-0.0360000000000002,-0.0150082483503301,1.0,99.0,129.0,94.8,50.0,0.0,-1.0,97.3,17.0,36.56,37.35,36.86555555555555,36.78,0.7899999999999991,0.0061072567765036,-0.0019292361107962,0.0051999999999998,0.0006363727254548,-1.0,37.35,50.0,36.56,129.0,36.785,17.0,13.0,15.0,14.22222222222222,15.0,2.0,0.055242717280199,0.0048794085785125,0.0199999999999999,-0.0005748850229954,0.0,15.0,129.0,13.0,0.0,0.0,-1.0,14.5,17.0,31.8,40.4,36.71111111111111,39.4,8.599999999999998,0.0841295479568604,0.0037226737255294,-0.1059999999999999,0.0392958908218355,1.0,40.4,219.0,31.8,146.0,0.0,-1.0,39.9,73.0,0.0,0.0,0.0,0.0,0.0,0.0,0.0,0.0,0.0,0.0,0.0,0.0,0.0,0.0,0.0,1.0,1.0,115.0,115.0,0.0,0.0,-1.0,1.0,115.0,0.0,-1.0,0.0,-1.0,0.0,-1.0,2.0,0.0,,,0.0,0.0,4.0,0.0,207.0,1.0,0.0,,,,,,,,,,,,,,,,,,,,,,,,,,,,,,,,,,,,,,,,,,,,,,,,,,,,,,,,,,,,,,,,,,,,,,,,,,,,,,,,,,,,,,,,,,,,,,,,,,,,,,,,,,,,,,,,,,,,,,-18.10000000000001,18.10000000000001,-0.1833839918946302,-1,-1.8000000000000007,1.8000000000000007,-0.1022727272727273,-1,9.0,9.0,0.0770547945205479,1,1.6999999999999886,1.6999999999999886,0.0212765957446807,1,0.1999999999999886,0.1999999999999886,0.0020639834881319,1,-0.2999999999999971,0.2999999999999971,-0.0080906148867313,-1,2,2,0.1538461538461538,1,0,0,0.0,0,0,0,0,0,0,127.0,1,1,92,12,0,0,1,0,0,0,1,0,0,0,1,0,0,1,0,0,0,0,0,0,0,0,0,0,0,0,0,0,0,0,0,0,1,0,0.1538461538461538,0.0,0,1,1,0,0,0,0,0,1,0,3659.796,0,4.852030263919617,92.2,1.0704989154013016,0,2,0,1,0,0,0,0,3,0.7771653543307087,0.0236220472440944,0,36.89999999999999,11528.16,0.8450342465753425,26.19606164383562,0
E001640,2025-05-21,82.0,12.2,114.4,80.4,96.2,0,36.41,15,18,Male,Black,Anxiety/panic. Festival attendee from campground with symptom onset ~203 minutes before arrival.,5,2,Walk-in,0,0,0,0,0,107.7,7.438,136.9,3.96,14.8,4.0,1,1,51.6,7.2,124.7,83.5,97.3,0,36.16,13,34.2,-30.4,-0.25,-2,,,,,1,1,0,0,0,0,0,0,0,0,0,3,2,0,1,9.0,51.6,82.3,69.22222222222223,51.6,30.7,0.1571842507666396,-0.1275633013301604,0.0,-0.1800329371330372,-1.0,82.3,141.0,51.6,240.0,0.0,-1.0,51.6,-1.0,7.2,16.8,13.066666666666668,7.2,9.6,0.2357452051458759,-0.0313965864495035,0.0,-0.0414105685235572,-1.0,16.8,75.0,7.2,240.0,1.0,240.0,7.2,-1.0,119.5,133.7,125.96666666666668,124.7,14.199999999999989,0.0334783861513963,0.0312410281042079,0.0,0.0129428612344266,-1.0,133.7,179.0,119.5,0.0,0.0,-1.0,124.7,11.0,69.6,86.3,77.58888888888889,83.5,16.700000000000003,0.0689513503032182,0.0225054718330231,0.0,0.0479564657024201,1.0,86.3,153.0,69.6,190.0,83.5,37.0,96.1,99.7,97.61111111111111,97.3,3.6000000000000085,0.0099495837829992,-0.0014903581116853,0.0,-0.0082113704711438,-1.0,99.7,153.0,96.1,191.0,0.0,-1.0,97.3,26.0,36.06,36.69,36.34111111111112,36.16,0.6299999999999955,0.00602930276941,-0.0020587191817085,0.0,-0.0015686667621365,1.0,36.69,0.0,36.06,190.0,36.16,1.0,13.0,15.0,14.22222222222222,13.0,2.0,0.0441941738241592,-0.0029610667481755,0.0,-0.0089646283832163,-1.0,15.0,75.0,13.0,240.0,0.0,-1.0,13.0,50.0,30.4,35.2,33.22222222222222,34.2,4.800000000000004,0.0459303395320479,-0.0080109818733591,0.0,-0.0096233710439638,1.0,35.2,125.0,30.4,190.0,0.0,-1.0,34.2,50.0,0.0,0.0,0.0,0.0,0.0,0.0,0.0,0.0,0.0,0.0,0.0,0.0,0.0,0.0,0.0,3.0,1.0,122.0,224.0,0.0,1.0,122.0,1.0,224.0,0.0,-1.0,0.0,-1.0,1.0,129.0,4.0,0.0,,,1.0,0.0,4.0,240.0,190.0,0.0,0.0,,,,,,,,,,,,,,,,,,,,,,,,,,,,,,,,,,,,,,,,,,,,,,,,,,,,,,,,,,,,,,,,,,,,,,,,,,,,,,,,,,,,,,,,,,,,,,,,,,,,,,,,,,,,,,,,,,,,,,-30.4,30.4,-0.3707317073170731,-1,-4.999999999999999,4.999999999999999,-0.4098360655737704,-1,10.299999999999995,10.299999999999995,0.090034965034965,1,3.0999999999999943,3.0999999999999943,0.0385572139303481,1,1.0999999999999943,1.0999999999999943,0.0114345114345113,1,-0.25,0.25,-0.0068662455369404,-1,-2,2,-0.1333333333333333,-1,0,0,0.0,0,1,1,1,0,0,203.0,1,1,96,12,0,0,1,0,0,0,0,1,0,0,0,0,0,0,1,0,0,0,0,0,0,0,0,0,0,0,0,0,0,0,0,0,0,0,0.0,0.0,0,1,1,0,0,0,0,0,0,0,2985.62,0,5.318119993844216,91.73333333333332,0.8938953488372091,0,0,0,0,0,0,0,0,0,0.4039408866995074,0.0,0,34.0,9380.8,0.7167832167832168,12.902097902097902,0
E002190,2025-05-21,108.3,26.0,123.2,72.0,93.3,0,38.12,14,14,Male,White,Agitation. Festival attendee from main stage with symptom onset ~155 minutes before arrival.,2,6,Walk-in,0,0,0,0,0,112.5,7.349,138.4,4.25,10.1,14.6,1,1,120.3,14.4,127.9,78.9,96.5,0,37.36,12,42.7,12.0,-0.76,-2,,,,,0,1,0,0,0,0,1,0,0,0,0,3,2,0,1,9.0,76.5,120.3,99.43333333333332,120.3,43.8,0.15123429760506,0.0789875436086782,0.0,-0.0065525418332028,-1.0,120.3,240.0,76.5,149.0,0.0,-1.0,120.3,-1.0,13.8,21.1,18.51111111111111,14.4,7.300000000000001,0.1363906116372031,-0.015104293299106,0.0,-0.0277033424666716,-1.0,21.1,125.0,13.8,149.0,0.0,-1.0,14.4,30.0,124.7,137.1,128.85555555555555,127.9,12.399999999999991,0.0277583022966049,0.0162509824321348,0.0,-0.0011027039709069,-1.0,137.1,125.0,124.7,108.0,0.0,-1.0,127.9,1.0,71.6,84.7,78.9,78.9,13.100000000000009,0.0562226125691445,0.013577070740768,0.0,-0.0452787344041959,-1.0,84.7,108.0,71.6,0.0,78.9,71.0,94.1,96.9,95.52222222222224,96.5,2.800000000000012,0.0114974189072016,0.0049986712428688,0.0,0.0029302095640301,1.0,96.9,190.0,94.1,208.0,0.0,-1.0,96.5,18.0,37.11,37.74,37.35888888888889,37.36,0.6300000000000026,0.0057830292848284,9.420039919266776e-05,0.0,0.000704607727307,1.0,37.74,125.0,37.11,190.0,37.36,1.0,12.0,14.0,12.77777777777778,12.0,2.0,0.0717061847933506,0.0036243971117908,0.0,0.0009133338360859,-1.0,14.0,126.0,12.0,0.0,5.0,0.0,12.0,23.0,36.1,44.3,40.11111111111112,42.7,8.199999999999996,0.0758598270603252,0.0063019840888402,0.0,0.0420150323018527,1.0,44.3,179.0,36.1,190.0,0.0,-1.0,42.7,18.0,1.0,1.0,1.0,1.0,1.0,1.0,1.0,1.0,1.0,1.0,1.0,1.0,1.0,1.0,1.0,1.0,1.0,168.0,168.0,0.0,1.0,168.0,0.0,-1.0,0.0,-1.0,0.0,-1.0,0.0,-1.0,4.0,0.0,48.0,,5.0,125.0,4.0,0.0,190.0,1.0,0.0,120.0,120.0,1.0,10.3,10.3,10.3,120.0,0.0,0.0,120.0,120.0,1.0,142.3,142.3,142.3,120.0,0.0,0.0,120.0,120.0,1.0,3.74,3.74,3.74,120.0,0.0,0.0,120.0,120.0,1.0,23.0,23.0,23.0,120.0,0.0,0.0,120.0,120.0,1.0,44.6,44.6,44.6,120.0,0.0,0.0,120.0,120.0,1.0,7.395,7.395,7.395,120.0,0.0,0.0,120.0,120.0,1.0,0.039,0.039,0.039,120.0,0.0,0.0,120.0,120.0,1.0,1.36,1.36,1.36,120.0,0.0,0.0,120.0,120.0,1.0,649.4,649.4,649.4,120.0,0.0,0.0,120.0,120.0,1.0,4.1,4.1,4.1,120.0,0.0,0.0,120.0,120.0,1.0,1.74,1.74,1.74,120.0,0.0,0.0,120.0,120.0,1.0,123.0,123.0,123.0,120.0,0.0,0.0,120.0,120.0,1.0,295.0,295.0,295.0,120.0,0.0,0.0,12.0,12.0,0.1108033240997229,1,-11.6,11.6,-0.4461538461538461,-1,4.700000000000003,4.700000000000003,0.0381493506493506,1,6.900000000000006,6.900000000000006,0.0958333333333334,1,3.200000000000003,3.200000000000003,0.0342979635584137,1,-0.759999999999998,0.759999999999998,-0.0199370409233997,-1,-2,2,-0.1428571428571428,-1,0,0,0.0,0,3,1,1,0,0,155.0,1,1,92,13,1,0,0,0,0,0,1,0,0,0,0,1,0,0,0,0,0,1,0,0,1,0,0,1,0,0,0,0,0,0,0,0,1,0,0.1428571428571428,0.0,0,0,0,0,1,0,0,1,0,1,4128.396,0,5.049856007249537,89.06666666666666,1.215943113772455,0,1,1,1,3,0,1,2,8,0.6987096774193549,0.0516129032258064,2,51.2,13342.56,0.8790584415584415,12.30681818181818,3
E000457,2025-05-20,78.5,15.0,123.2,68.9,96.6,0,37.13,14,22,Male,White,Chest Pain on and off upper chest pain into the throat x 2 days- has nausea- - breathing is heavier with these chest pain events per patient.,5,4,Walk-in,0,0,0,0,0,87.2,7.367,131.0,4.06,15.1,8.3,0,0,73.8,7.8,118.5,85.9,97.4,0,36.4,13,31.6,-4.7,-0.73,-1,,,,,1,1,0,0,0,0,0,0,0,0,0,2,1,0,1,6.0,51.4,82.9,69.86666666666666,73.8,31.500000000000007,0.1544689367610885,-0.0535226030576644,0.0,0.0108158905295041,1.0,82.9,0.0,51.4,152.0,0.0,-1.0,73.8,15.0,7.8,15.5,10.966666666666669,7.8,7.7,0.2238947946590017,0.0017878801491397,0.0,-0.0148182703228946,-1.0,15.5,152.0,7.8,240.0,1.0,240.0,7.8,15.0,109.5,144.6,124.61666666666667,118.5,35.099999999999994,0.096989845892552,-0.056959106359403,0.0,0.0732570717724052,1.0,144.6,0.0,109.5,86.0,0.0,-1.0,118.5,81.0,70.3,87.8,77.33333333333333,85.9,17.5,0.089032360948568,-0.0052767919979636,0.0,0.0938071285629295,1.0,87.8,0.0,70.3,102.0,85.9,138.0,97.3,99.5,98.05,97.4,2.200000000000003,0.0088275792436503,-0.0079825704146266,0.0,-0.0084252798961543,-1.0,99.5,86.0,97.3,102.0,0.0,-1.0,97.4,-1.0,36.23,36.84,36.5,36.4,0.6100000000000065,0.0052246702247992,-0.0015731548447959,0.0,-0.00233936394613,-1.0,36.84,86.0,36.23,167.0,36.4,-1.0,13.0,15.0,14.333333333333334,13.0,2.0,0.0520015808720881,-0.0070676669212224,0.0,-0.0092216993888257,-1.0,15.0,0.0,13.0,240.0,0.0,-1.0,13.0,-1.0,30.3,36.5,33.31666666666667,31.6,6.199999999999999,0.0747652221355716,-0.005997035173622,0.0,-0.036938179458056,-1.0,36.5,102.0,30.3,167.0,0.0,-1.0,31.6,65.0,0.0,0.0,0.0,0.0,0.0,0.0,0.0,0.0,0.0,0.0,0.0,0.0,0.0,0.0,0.0,2.0,1.0,57.0,88.0,1.0,1.0,57.0,1.0,88.0,0.0,-1.0,0.0,-1.0,0.0,-1.0,4.0,0.0,,,1.0,0.0,1.0,240.0,240.0,0.0,0.0,,,,,,,,,,,,,,,,,,,,,,,,,,,,,,,,,,,,,,,,,,,,,,,,,,,,,,,,,,,,,,,,,,,,,,,,,,,,,,,,,,,,,,,,,,,,,,,,,,,,,,,,,,,,,,,,,,,,,,-4.700000000000003,4.700000000000003,-0.0598726114649681,-1,-7.2,7.2,-0.48,-1,-4.700000000000003,4.700000000000003,-0.0381493506493506,-1,17.0,17.0,0.2467343976777938,1,0.8000000000000114,0.8000000000000114,0.0082815734989649,1,-0.730000000000004,0.730000000000004,-0.0196606517640722,-1,-1,1,-0.0714285714285714,-1,0,0,0.0,0,3,1,1,0,0,,0,0,141,27,0,0,0,0,1,0,0,0,1,0,0,0,0,0,1,0,0,0,0,0,0,0,0,0,0,0,0,0,0,0,0,0,0,1,0.0,0.0,0,1,1,0,0,0,0,0,0,0,2914.7050000000004,0,,87.0,0.9022988505747126,1,1,0,0,0,0,0,0,1,,,1,54.3,9671.2,0.6371753246753247,14.017857142857142,0
E002070,2025-05-19,98.1,18.3,116.4,82.1,94.3,0,37.11,14,43,Male,Black,Syncope. Festival attendee from VIP tent with symptom onset ~171 minutes before arrival.,5,1,Walk-in,1,0,0,0,0,107.8,7.356,137.9,4.33,15.7,10.9,1,1,95.1,10.0,112.2,80.2,98.0,0,36.9,14,38.9,-3.0,-0.21,0,,,,,1,0,0,0,0,0,0,0,0,0,0,1,0,0,1,9.0,71.5,102.0,87.04444444444445,95.1,30.5,0.1078496395457328,-0.0463498765946059,-0.3437869822485213,-0.0354262888528276,1.0,102.0,0.0,71.5,222.0,0.0,-1.0,86.66666666666667,18.0,8.9,19.2,14.72222222222222,10.0,10.3,0.2454443591290423,-0.0216033780368135,0.0615384615384614,-0.0258394707277492,-1.0,19.2,222.0,8.9,192.0,0.0,-1.0,14.366666666666667,26.0,112.2,148.8,129.66666666666666,112.2,36.60000000000001,0.0911491419818095,-0.0315219007404326,-0.3923076923076928,-0.2317220072400445,1.0,148.8,109.0,112.2,240.0,0.0,-1.0,124.0,-1.0,66.8,89.4,78.28888888888889,80.2,22.60000000000001,0.097893546487617,0.0120506110797227,0.2535502958579883,-0.0174260391961056,-1.0,89.4,39.0,66.8,0.0,79.26666666666667,13.0,96.0,99.1,97.35555555555555,98.0,3.0999999999999943,0.0094403541314358,0.0015388503969786,0.0272189349112419,0.0049213581325679,-1.0,99.1,222.0,96.0,218.0,0.0,-1.0,97.7,-1.0,36.48,37.18,36.82444444444444,36.9,0.7000000000000028,0.0054704258926604,-0.0013214784858307,0.0034911242603547,0.0006285107976532,1.0,37.18,39.0,36.48,192.0,36.75333333333333,5.0,13.0,15.0,13.77777777777778,14.0,2.0,0.0456197923346159,0.0044604359332718,-0.0207100591715977,0.0102047185120459,1.0,15.0,218.0,13.0,39.0,0.0,-1.0,14.333333333333334,153.0,31.0,42.7,37.31111111111111,38.9,11.700000000000005,0.0881467008940863,-0.0062386630586696,0.0331360946745559,-0.0598864061914866,1.0,42.7,109.0,31.0,222.0,0.0,-1.0,34.56666666666666,83.0,1.0,1.0,1.0,1.0,1.0,1.0,1.0,1.0,1.0,1.0,1.0,1.0,1.0,1.0,1.0,1.0,1.0,160.0,160.0,0.0,0.0,-1.0,1.0,160.0,0.0,-1.0,0.0,-1.0,0.0,-1.0,2.0,0.0,160.0,,0.0,0.0,5.0,39.0,192.0,1.0,0.0,0.0,0.0,1.0,5.35,5.35,5.35,0.0,0.0,0.0,0.0,0.0,1.0,140.8,140.8,140.8,0.0,0.0,0.0,0.0,0.0,1.0,3.77,3.77,3.77,0.0,0.0,0.0,0.0,0.0,1.0,22.1,22.1,22.1,0.0,0.0,0.0,0.0,0.0,1.0,47.8,47.8,47.8,0.0,0.0,0.0,0.0,0.0,1.0,7.322,7.322,7.322,0.0,0.0,0.0,0.0,0.0,1.0,0.002,0.002,0.002,0.0,0.0,0.0,0.0,0.0,1.0,0.5,0.5,0.5,0.0,0.0,0.0,0.0,0.0,1.0,355.0,355.0,355.0,0.0,0.0,0.0,0.0,0.0,1.0,9.8,9.8,9.8,0.0,0.0,0.0,0.0,0.0,1.0,2.2,2.2,2.2,0.0,0.0,0.0,0.0,0.0,1.0,101.6,101.6,101.6,0.0,0.0,0.0,0.0,0.0,1.0,292.2,292.2,292.2,0.0,0.0,0.0,-3.0,3.0,-0.0305810397553516,-1,-8.3,8.3,-0.453551912568306,-1,-4.200000000000003,4.200000000000003,-0.0360824742268041,-1,-1.899999999999992,1.899999999999992,-0.0231425091352008,-1,3.700000000000003,3.700000000000003,0.0392364793213149,1,-0.2100000000000008,0.2100000000000008,-0.0056588520614389,-1,0,0,0.0,0,0,0,0.0,0,1,0,0,0,0,171.0,1,1,88,13,0,0,0,1,0,0,1,0,0,0,1,1,0,0,0,0,0,0,0,0,0,0,0,0,0,0,0,0,0,0,0,0,0,0,0.0,0.0,0,1,1,0,0,0,0,0,0,0,3640.491,0,5.147494476813453,93.53333333333332,1.0488239486813968,0,1,0,1,0,0,1,0,3,0.5736842105263158,0.0175438596491228,0,34.30000000000001,11418.84,0.8427835051546391,36.23969072164948,0
E000749,2025-05-22,97.8,21.9,112.5,87.8,98.4,0,36.83,13,14,Male,Hispanic/Latino,Chest pain. Festival attendee from beach shuttle stop with symptom onset ~146 minutes before arrival.,5,8,Festival Medical Tent Transfer,0,0,0,0,0,106.3,7.378,135.0,3.9,14.1,7.8,1,1,66.0,12.1,131.6,82.8,95.7,0,36.76,15,33.3,-31.8,-0.07,2,,,,,0,1,0,0,0,0,0,0,0,0,0,4,3,0,0,8.0,66.0,101.5,80.1625,66.0,35.5,0.1454033131582791,-0.125819933029406,0.0,-0.1000421990046858,-1.0,101.5,0.0,66.0,240.0,0.0,-1.0,74.15,-1.0,7.7,17.8,14.1375,12.1,10.1,0.2071891799553456,-0.0169867229227269,0.0,-0.045815022845668,-1.0,17.8,78.0,7.7,220.0,1.0,220.0,9.9,20.0,120.1,139.5,128.9375,131.6,19.40000000000001,0.0425185055977036,-0.0211088686080337,0.0,-0.0253921597159573,1.0,139.5,123.0,120.1,171.0,0.0,-1.0,129.4,23.0,75.9,88.2,81.1875,82.8,12.299999999999995,0.0494969212335531,-0.0139436430747096,0.0,-0.0030667035301653,1.0,88.2,171.0,75.9,123.0,80.44999999999999,14.0,95.7,98.8,97.05,95.7,3.0999999999999943,0.0115546942256598,-0.002595467352549,0.0,-0.0138267221559327,-1.0,98.8,137.0,95.7,240.0,0.0,-1.0,95.95,34.0,36.41,36.83,36.64625,36.76,0.4200000000000017,0.00398473155286,0.0007413296489039,0.0,0.000669581793312,1.0,36.83,137.0,36.41,78.0,36.61,83.0,13.0,15.0,14.25,15.0,2.0,0.0464166896677998,-0.0024607268564642,0.0,0.0008585314746369,1.0,15.0,0.0,13.0,194.0,0.0,-1.0,14.5,26.0,31.4,39.0,35.5,33.3,7.600000000000001,0.0693438514089643,-0.0135791015206835,0.0,-0.0006671808154594,-1.0,39.0,0.0,31.4,123.0,0.0,-1.0,35.05,71.0,0.0,0.0,0.0,0.0,0.0,0.0,0.0,0.0,0.0,0.0,0.0,0.0,0.0,0.0,0.0,1.0,1.0,227.0,227.0,0.0,1.0,227.0,0.0,-1.0,0.0,-1.0,0.0,-1.0,0.0,-1.0,4.0,0.0,,,1.0,20.0,4.0,194.0,194.0,1.0,0.0,,,,,,,,,,,,,,,,,,,,,,,,,,,,,,,,,,,,,,,,,,,,,,,,,,,,,,,,,,,,,,,,,,,,,,,,,,,,,,,,,,,,,,,,,,,,,,,,,,,,,,,,,,,,,,,,,,,,,,-31.8,31.8,-0.3251533742331288,-1,-9.8,9.8,-0.4474885844748858,-1,19.099999999999994,19.099999999999994,0.1697777777777777,1,-5.0,5.0,-0.0569476082004555,-1,-2.700000000000003,2.700000000000003,-0.0274390243902439,-1,-0.0700000000000002,0.0700000000000002,-0.0019006244909041,-1,2,2,0.1538461538461538,1,0,0,0.0,0,1,0,0,0,0,146.0,1,1,101,15,0,0,0,1,0,0,1,0,0,0,0,0,0,0,0,0,0,0,0,0,1,0,0,0,0,0,0,0,0,0,0,0,0,0,0.0,0.0,0,1,1,0,0,0,0,0,1,0,3601.974,0,4.990432586778736,96.03333333333332,1.0183963901423116,0,2,1,1,2,0,0,0,5,0.6698630136986301,0.0342465753424657,0,24.700000000000003,11002.5,0.8693333333333333,12.170666666666666,0
E001401,2025-05-18,98.7,15.7,90.6,80.9,95.6,0,37.13,14,28,Male,White,Chest pain. Festival attendee from VIP tent with symptom onset ~91 minutes before arrival.,5,2,Walk-in,1,0,0,0,1,90.2,7.399,139.7,3.93,15.3,9.9,1,1,77.3,19.7,111.9,83.1,100.0,0,37.1,15,36.8,-21.4,-0.03,1,1.22,135.6,7.406,0.012,1,0,0,0,0,0,0,0,0,0,0,0,6,1,0,6.0,72.7,101.1,81.95,77.3,28.39999999999999,0.1152862349339359,-0.0358976895844175,0.2347156398104269,0.0054687017240313,1.0,101.1,58.0,72.7,32.0,0.0,-1.0,77.3,36.0,12.6,20.6,16.933333333333334,19.7,8.000000000000002,0.1583758983111077,0.0078685760251904,0.0541469194312797,0.0479978990298461,1.0,20.6,58.0,12.6,94.0,0.0,-1.0,19.7,59.0,110.3,129.6,120.68333333333332,111.9,19.3,0.0591331821479216,-0.039163501370075,-0.0809241706161136,-0.0795340789717603,1.0,129.6,0.0,110.3,32.0,0.0,-1.0,111.9,26.0,72.6,90.2,79.80000000000001,83.1,17.60000000000001,0.0764102818016348,-0.0056059087448216,-0.0790284360189566,0.0192176975838843,-1.0,90.2,32.0,72.6,153.0,83.1,26.0,94.8,100.0,97.59999999999998,100.0,5.200000000000003,0.0163720830795176,0.0171506738532881,0.053672985781991,0.0114904529444477,1.0,100.0,240.0,94.8,0.0,0.0,-1.0,100.0,-1.0,36.73,37.1,36.828333333333326,37.1,0.3700000000000045,0.0033491766506002,0.0012696316498114,-5.9241706160942354e-05,0.0021769758388432,1.0,37.1,240.0,36.73,32.0,37.1,-1.0,14.0,15.0,14.666666666666666,15.0,1.0,0.0321412173266612,-0.0004817846680632,-0.0165876777251183,0.0008651053574738,1.0,15.0,0.0,14.0,58.0,0.0,-1.0,15.0,36.0,32.6,40.2,35.18333333333333,36.8,7.600000000000001,0.0746674409614086,0.0039699916978178,0.1231042654028439,0.0213681023296051,1.0,40.2,58.0,32.6,153.0,0.0,-1.0,36.8,36.0,1.0,1.0,1.0,1.0,1.0,1.0,1.0,1.0,1.0,1.0,1.0,1.0,1.0,1.0,1.0,1.0,1.0,113.0,113.0,0.0,0.0,-1.0,1.0,113.0,0.0,-1.0,0.0,-1.0,0.0,-1.0,2.0,0.0,-127.0,,0.0,0.0,4.0,58.0,240.0,0.0,0.0,240.0,240.0,1.0,4.5,4.5,4.5,240.0,0.0,0.0,240.0,240.0,1.0,138.8,138.8,138.8,240.0,0.0,0.0,240.0,240.0,1.0,4.11,4.11,4.11,240.0,0.0,0.0,240.0,240.0,1.0,25.3,25.3,25.3,240.0,0.0,0.0,240.0,240.0,1.0,14.5,14.5,14.5,240.0,0.0,0.0,240.0,240.0,1.0,7.406,7.406,7.406,240.0,0.0,0.0,240.0,240.0,1.0,0.012,0.012,0.012,240.0,0.0,0.0,240.0,240.0,1.0,1.22,1.22,1.22,240.0,0.0,0.0,240.0,240.0,1.0,135.6,135.6,135.6,240.0,0.0,0.0,240.0,240.0,1.0,6.0,6.0,6.0,240.0,0.0,0.0,240.0,240.0,1.0,0.17,0.17,0.17,240.0,0.0,0.0,240.0,240.0,1.0,102.0,102.0,102.0,240.0,0.0,0.0,240.0,240.0,1.0,291.3,291.3,291.3,240.0,0.0,0.0,-21.40000000000001,21.40000000000001,-0.2168186423505572,-1,4.0,4.0,0.2547770700636942,1,21.30000000000001,21.30000000000001,0.2350993377483445,1,2.1999999999999886,2.1999999999999886,0.0271940667490727,1,4.400000000000006,4.400000000000006,0.0460251046025105,1,-0.0300000000000011,0.0300000000000011,-0.0008079719903043,-1,1,1,0.0714285714285714,1,0,0,0.0,0,0,0,0,0,0,91.0,1,1,90,14,0,0,0,1,0,0,1,0,0,0,0,0,0,1,1,0,0,0,0,0,0,0,0,0,0,0,0,0,0,0,0,1,0,0,0.0,0.0,0,1,1,0,0,0,0,0,0,0,3664.731,0,4.5217885770490405,84.13333333333334,1.1731378763866878,0,1,0,1,0,2,0,0,4,1.0846153846153843,0.0439560439560439,0,9.699999999999989,8942.22,1.089403973509934,30.50331125827815,0
E000841,2025-05-22,85.5,21.4,134.6,92.5,98.8,0,37.39,13,27,Male,Hispanic/Latino,Shortness of breath. Community patient from home with symptom onset ~27 minutes before arrival.,5,4,Walk-in,1,0,1,0,0,120.2,7.393,136.1,3.67,16.3,12.9,0,0,81.1,9.1,129.3,79.9,96.6,0,36.33,14,34.9,-4.4,-1.06,1,,,,,1,0,0,0,1,0,0,0,0,0,0,4,3,0,0,7.0,67.7,96.6,82.25714285714285,81.1,28.89999999999999,0.0963899814777699,-0.0526992855422653,-0.1344827586206903,-0.0856316195023191,1.0,96.6,62.0,67.7,217.0,0.0,-1.0,74.4,23.0,8.7,16.2,11.185714285714283,9.1,7.5,0.2551275373882988,-0.0102030986593883,0.2448275862068963,-0.0090765558191185,-1.0,16.2,29.0,8.7,62.0,0.0,-1.0,9.7,33.0,119.7,130.8,125.74285714285716,129.3,11.100000000000009,0.0273544368009933,0.0192361724331697,0.1344827586206891,-0.0051059875806423,1.0,130.8,85.0,119.7,0.0,0.0,-1.0,126.7,132.0,70.4,89.1,79.10000000000001,79.9,18.69999999999999,0.0719988708595431,0.0220498514891224,0.0999999999999993,-0.029480864822397,-1.0,89.1,85.0,70.4,0.0,79.55000000000001,17.0,96.0,98.9,97.65714285714286,96.6,2.9000000000000057,0.0105263781846144,-0.0098418559845871,-0.0068965517241386,-0.0122607158505444,1.0,98.9,62.0,96.0,217.0,0.0,-1.0,96.3,-1.0,36.27,37.06,36.597142857142856,36.33,0.7899999999999991,0.007159288469274,-0.0008758127960183,0.01551724137931,-0.0028724674029643,-1.0,37.06,102.0,36.27,0.0,36.355,115.0,13.0,14.0,13.857142857142858,14.0,1.0,0.0252524715750843,0.0008629686120253,-1.172526328825574e-16,0.00299152401529,0.0,14.0,0.0,13.0,62.0,0.0,-1.0,14.0,23.0,27.5,42.2,34.41428571428572,34.9,14.700000000000005,0.1192775095177916,-0.0200650236814643,-0.0758620689655174,-0.0299960717361415,1.0,42.2,85.0,27.5,217.0,1.0,217.0,31.2,23.0,0.0,0.0,0.0,0.0,0.0,0.0,0.0,0.0,0.0,0.0,0.0,0.0,0.0,0.0,0.0,3.0,1.0,10.0,191.0,1.0,0.0,-1.0,1.0,171.0,0.0,-1.0,0.0,-1.0,1.0,10.0,3.0,0.0,,,1.0,23.0,5.0,62.0,217.0,1.0,0.0,,,,,,,,,,,,,,,,,,,,,,,,,,,,,,,,,,,,,,,,,,,,,,,,,,,,,,,,,,,,,,,,,,,,,,,,,,,,,,,,,,,,,,,,,,,,,,,,,,,,,,,,,,,,,,,,,,,,,,-4.400000000000006,4.400000000000006,-0.0514619883040936,-1,-12.3,12.3,-0.5747663551401869,-1,-5.299999999999983,5.299999999999983,-0.039375928677563,-1,-12.599999999999994,12.599999999999994,-0.1362162162162161,-1,-2.200000000000003,2.200000000000003,-0.0222672064777328,-1,-1.0600000000000025,1.0600000000000025,-0.0283498261567264,-1,1,1,0.0769230769230769,1,0,0,0.0,0,3,0,0,0,0,27.0,1,0,95,14,0,0,0,0,1,1,0,0,0,0,1,0,0,0,1,0,0,0,0,0,0,0,0,0,0,0,0,0,0,0,0,0,0,0,0.0,0.0,0,0,1,0,0,0,0,0,1,1,3196.8450000000003,0,3.332204510175204,106.53333333333332,0.8025657071339173,0,2,0,0,2,0,0,0,4,3.1666666666666665,0.1481481481481481,1,42.1,11508.3,0.6352154531946509,17.150817236255573,0
E001261,2025-05-21,84.6,14.1,147.5,68.6,98.3,0,36.92,15,38,Female,White,Agitation. Festival attendee from festival medical tent with symptom onset ~62 minutes before arrival.,4,5,Walk-in,0,0,0,0,0,94.5,7.365,138.9,4.13,13.9,8.0,1,1,66.2,12.3,135.4,77.9,97.9,0,36.44,15,30.7,-18.4,-0.48,0,,,,,0,0,1,1,0,0,0,0,0,0,0,3,2,0,1,6.0,65.5,100.8,78.73333333333333,66.2,35.3,0.15084514185911,-0.1344887504569419,0.0,-0.0795247724974721,1.0,100.8,0.0,65.5,165.0,0.0,-1.0,66.2,-1.0,8.1,18.8,14.266666666666666,12.3,10.7,0.255902459254076,-0.0345052754923708,0.0,-0.0410285871863222,-1.0,18.8,82.0,8.1,157.0,0.0,-1.0,12.3,-1.0,125.9,135.4,129.04999999999998,135.4,9.5,0.0241536083108718,0.0258466576863952,0.0,0.0354628182737382,1.0,135.4,240.0,125.9,165.0,0.0,-1.0,135.4,-1.0,66.9,86.7,77.39999999999999,77.9,19.8,0.094692060494593,0.0658868185300732,0.0,0.0617611912859638,-1.0,86.7,165.0,66.9,82.0,77.9,-1.0,96.1,99.4,97.7,97.9,3.300000000000012,0.0118630765272697,-0.0028483151975239,0.0,0.0070594723779758,1.0,99.4,135.0,96.1,82.0,0.0,-1.0,97.9,53.0,36.44,37.08,36.66333333333333,36.44,0.6400000000000006,0.006030775143841,-0.0006296539256973,0.0,-0.0037932408003187,-1.0,37.08,82.0,36.44,240.0,36.44,53.0,13.0,15.0,14.333333333333334,15.0,2.0,0.0657773749940974,0.0056886182566588,0.0,-0.0014094432699083,0.0,15.0,82.0,13.0,0.0,0.0,-1.0,15.0,83.0,30.7,39.3,35.21666666666666,30.7,8.599999999999998,0.0825823087086373,-0.0319468995528223,0.0,-0.0327159359009713,1.0,39.3,0.0,30.7,240.0,0.0,-1.0,30.7,-1.0,0.0,0.0,0.0,0.0,0.0,0.0,0.0,0.0,0.0,0.0,0.0,0.0,0.0,0.0,0.0,2.0,1.0,146.0,150.0,0.0,0.0,-1.0,0.0,-1.0,1.0,150.0,1.0,146.0,0.0,-1.0,7.0,0.0,,,0.0,0.0,3.0,0.0,240.0,0.0,1.0,,,,,,,,,,,,,,,,,,,,,,,,,,,,,,,,,,,,,,,,,,,,,,,,,,,,,,,,,,,,,,,,,,,,,,,,,,,,,,,,,,,,,,,,,,,,,,,,,,,,,,,,,,,,,,,,,,,,,,-18.39999999999999,18.39999999999999,-0.2174940898345153,-1,-1.799999999999999,1.799999999999999,-0.127659574468085,-1,-12.099999999999994,12.099999999999994,-0.0820338983050847,-1,9.300000000000011,9.300000000000011,0.1355685131195337,1,-0.3999999999999915,0.3999999999999915,-0.0040691759918615,-1,-0.480000000000004,0.480000000000004,-0.0130010834236187,-1,0,0,0.0,0,0,0,0.0,0,2,0,0,0,0,62.0,1,1,102,14,0,1,0,0,0,0,1,0,0,0,0,0,0,1,0,0,0,0,0,0,0,0,1,0,0,0,0,0,0,0,0,0,1,0,0.1333333333333333,0.0,0,1,1,0,0,0,0,0,0,0,3123.432,0,4.143134726391533,94.9,0.8914646996838778,0,0,0,0,0,0,0,0,0,1.364516129032258,0.0,0,78.9,12478.5,0.5735593220338983,21.79525423728813,1
E000444,2025-05-18,79.3,8.0,133.7,91.3,96.7,0,36.36,14,42,Male,White,Fever-9 Weeks To 74 Years Came in with her mother c/o re-current fever noted yesterday.,5,3,Walk-in,0,0,0,0,0,78.1,7.454,138.2,3.71,15.3,5.1,0,0,76.1,8.4,136.7,79.5,97.4,0,36.68,14,31.3,-3.2,0.32,0,,,,,0,1,0,0,0,0,0,0,0,0,0,0,6,1,0,9.0,47.6,84.9,67.9,76.1,37.3,0.1788235840882782,-0.0730245006500044,0.3767441860465119,-0.0400072934345063,-1.0,84.9,22.0,47.6,199.0,0.0,-1.0,69.55,10.0,7.9,14.4,10.044444444444444,8.4,6.5,0.2181252125462429,-0.0128169356573463,0.1576411960132892,-0.0059076819501521,-1.0,14.4,40.0,7.9,188.0,1.0,188.0,8.7,59.0,118.8,145.4,136.65555555555557,136.7,26.60000000000001,0.0671766635908471,0.02196516474575,0.6000000000000013,-0.0278440888115904,-1.0,145.4,216.0,118.8,0.0,0.0,-1.0,141.05,-1.0,65.1,87.3,76.13333333333334,79.5,22.200000000000003,0.0888974901942661,0.0148771538219328,0.3609634551495022,0.0432542743733961,-1.0,87.3,199.0,65.1,209.0,80.3,10.0,94.4,98.1,96.78888888888888,97.4,3.6999999999999886,0.0120038765672549,-0.001718848884081,-0.0200996677740858,-0.0099134605944143,1.0,98.1,99.0,94.4,216.0,0.0,-1.0,95.9,24.0,36.07,36.68,36.34666666666666,36.68,0.6099999999999994,0.0059420373084831,-0.0002458794077944,0.0017109634551497,-0.0013024390928088,1.0,36.68,240.0,36.07,216.0,36.375,-1.0,13.0,15.0,14.11111111111111,14.0,2.0,0.0401497599495494,-0.0042195737092656,-0.0240863787375413,0.0003225942185506,0.0,15.0,0.0,13.0,188.0,0.0,-1.0,14.0,11.0,26.5,32.5,29.399999999999995,31.3,6.0,0.0683853009070305,-0.0031859574083368,-0.1024086378737538,0.0310195379889757,1.0,32.5,0.0,26.5,99.0,5.0,40.0,29.6,100.0,0.0,0.0,0.0,0.0,0.0,0.0,0.0,0.0,0.0,0.0,0.0,0.0,0.0,0.0,0.0,1.0,1.0,154.0,154.0,0.0,1.0,154.0,0.0,-1.0,0.0,-1.0,0.0,-1.0,0.0,-1.0,4.0,0.0,,,6.0,169.0,4.0,188.0,188.0,1.0,0.0,,,,,,,,,,,,,,,,,,,,,,,,,,,,,,,,,,,,,,,,,,,,,,,,,,,,,,,,,,,,,,,,,,,,,,,,,,,,,,,,,,,,,,,,,,,,,,,,,,,,,,,,,,,,,,,,,,,,,,-3.200000000000003,3.200000000000003,-0.0403530895334174,-1,0.4000000000000003,0.4000000000000003,0.05,1,3.0,3.0,0.0224382946896035,1,-11.799999999999995,11.799999999999995,-0.1292442497261774,-1,0.7000000000000028,0.7000000000000028,0.0072388831437435,1,0.3200000000000003,0.3200000000000003,0.0088008800880088,1,0,0,0.0,0,0,0,0.0,0,0,0,0,0,0,,0,0,87,15,0,0,0,0,1,0,0,0,1,0,0,0,0,0,0,0,0,0,0,0,0,0,1,0,0,0,0,0,0,0,0,0,0,0,0.0,0.0,0,1,1,0,0,0,0,0,1,0,2883.348,0,,105.43333333333332,0.7521340499525767,0,1,0,0,3,0,0,0,4,,,1,42.39999999999999,10602.409999999998,0.593118922961855,24.91099476439791,0
E000859,2025-05-22,90.8,21.4,125.0,77.3,97.1,0,37.25,14,29,Male,Black,Headache. Festival attendee from main stage with symptom onset ~108 minutes before arrival.,4,6,EMS,0,0,0,1,0,116.0,7.39,141.5,3.96,13.4,11.3,1,1,77.1,20.5,119.2,73.0,95.9,0,37.21,13,37.5,-13.7,-0.04,-1,,,,,0,0,0,0,0,0,0,0,0,0,0,4,3,0,0,7.0,77.1,93.9,88.77142857142857,77.1,16.80000000000001,0.0604708536467844,-0.0497519491721301,-0.1131215469613244,-0.1207366296670031,-1.0,93.9,0.0,77.1,240.0,0.0,-1.0,77.1,-1.0,13.5,20.5,17.12857142857143,20.5,7.0,0.1724765802572083,0.0085628273284362,0.1964088397790057,0.0709384460141271,-1.0,20.5,240.0,13.5,0.0,0.0,-1.0,20.5,-1.0,112.2,137.2,123.38571428571429,119.2,24.999999999999982,0.0578471529488566,-0.0206327551118199,0.046270718232046,-0.132526067944837,1.0,137.2,141.0,112.2,180.0,0.0,-1.0,119.2,10.0,68.6,95.3,80.24285714285713,73.0,26.700000000000003,0.1041826571001411,-0.0100302734760377,-0.0970994475138111,-0.1486377396569122,1.0,95.3,151.0,68.6,22.0,73.0,8.0,94.1,98.8,96.72857142857144,95.9,4.700000000000003,0.0138780209255158,-0.0090138288336535,0.0283149171270718,0.0023208879919271,-1.0,98.8,30.0,94.1,151.0,0.0,-1.0,95.9,29.0,36.83,37.27,37.03714285714285,37.21,0.4400000000000048,0.0042463500561669,0.000413032815997,-0.0011325966850826,0.0027632021527076,-1.0,37.27,22.0,36.83,30.0,37.21,8.0,12.0,15.0,13.714285714285714,13.0,3.0,0.0751156515721664,-0.0018096435396852,-0.0883977900552484,-0.012108980827447,0.0,15.0,0.0,12.0,30.0,1.0,30.0,13.0,111.0,35.3,43.0,37.91428571428571,37.5,7.700000000000003,0.0628505183481327,-0.0081887779550463,0.1531767955801108,-0.005028590649176,-1.0,43.0,22.0,35.3,0.0,0.0,-1.0,37.5,8.0,1.0,1.0,1.0,1.0,1.0,1.0,1.0,1.0,1.0,1.0,1.0,1.0,1.0,1.0,1.0,1.0,1.0,124.0,124.0,0.0,0.0,-1.0,0.0,-1.0,0.0,-1.0,0.0,-1.0,1.0,124.0,3.0,0.0,4.0,,1.0,111.0,4.0,30.0,180.0,1.0,0.0,120.0,120.0,1.0,9.34,9.34,9.34,120.0,0.0,0.0,120.0,120.0,1.0,140.3,140.3,140.3,120.0,0.0,0.0,120.0,120.0,1.0,4.23,4.23,4.23,120.0,0.0,0.0,120.0,120.0,1.0,22.0,22.0,22.0,120.0,0.0,0.0,120.0,120.0,1.0,35.1,35.1,35.1,120.0,0.0,0.0,120.0,120.0,1.0,7.351,7.351,7.351,120.0,0.0,0.0,120.0,120.0,1.0,0.0,0.0,0.0,120.0,0.0,0.0,120.0,120.0,1.0,1.89,1.89,1.89,120.0,0.0,0.0,120.0,120.0,1.0,65.8,65.8,65.8,120.0,0.0,0.0,120.0,120.0,1.0,11.5,11.5,11.5,120.0,0.0,0.0,120.0,120.0,1.0,0.1,0.1,0.1,120.0,0.0,0.0,120.0,120.0,1.0,90.6,90.6,90.6,120.0,0.0,0.0,120.0,120.0,1.0,292.6,292.6,292.6,120.0,0.0,0.0,-13.700000000000005,13.700000000000005,-0.1508810572687225,-1,-0.8999999999999986,0.8999999999999986,-0.042056074766355,-1,-5.799999999999997,5.799999999999997,-0.0463999999999999,-1,-4.299999999999997,4.299999999999997,-0.0556274256144889,-1,-1.1999999999999886,1.1999999999999886,-0.0123583934088567,-1,-0.0399999999999991,0.0399999999999991,-0.0010738255033556,-1,-1,1,-0.0714285714285714,-1,0,0,0.0,0,3,0,0,0,0,108.0,1,1,91,13,1,0,0,0,0,0,1,0,0,0,0,0,0,1,0,0,0,1,0,0,0,0,0,0,0,0,0,0,0,0,0,0,0,0,0.0,0.0,0,1,1,0,0,0,0,0,0,0,3382.3,0,4.691347882229144,93.2,0.9742489270386264,0,1,0,0,2,0,0,0,3,0.8407407407407407,0.0277777777777777,0,47.7,11350.0,0.7263999999999999,21.0656,0
E001012,2025-05-18,110.9,25.3,145.0,72.9,97.2,1,37.54,11,51,Male,Native American,Altered mental status. Festival attendee from campground with symptom onset ~149 minutes before arrival.,3,6,Festival Medical Tent Transfer,0,0,0,0,0,123.5,7.338,137.8,4.53,15.8,13.6,1,1,114.4,18.9,144.4,79.7,94.1,0,37.35,13,40.7,3.5,-0.19,2,2.14,490.4,7.334,0.037,1,1,0,0,0,0,0,0,0,0,0,0,6,1,0,9.0,78.8,128.0,101.51111111111112,114.4,49.2,0.1542334722924618,0.0326207953001066,-0.6102657444484908,0.1594975157403494,1.0,128.0,28.0,78.8,35.0,0.0,-1.0,108.9,138.0,16.0,25.2,19.53333333333333,18.9,9.2,0.1453219717136093,-0.0125400823411742,-0.0764470331270479,0.0030535272463942,-1.0,25.2,22.0,16.0,95.0,1.0,22.0,19.05,133.0,108.2,144.4,120.4888888888889,144.4,36.2,0.1027074326366103,0.0506868410296966,0.007426283218055,0.0543851708808559,1.0,144.4,240.0,108.2,35.0,0.0,-1.0,128.55,-1.0,69.2,87.4,77.57777777777778,79.7,18.200000000000003,0.0796044864862784,0.0105686126608694,0.3256643611212229,-0.0287761752459117,1.0,87.4,173.0,69.2,228.0,74.45,55.0,92.8,96.4,94.66666666666669,94.1,3.6000000000000085,0.0103499566596472,0.0028176432081823,0.0012377138696758,-0.0084726329129203,1.0,96.4,95.0,92.8,22.0,0.0,-1.0,94.8,78.0,36.96,37.66,37.34888888888889,37.35,0.6999999999999957,0.0046072376230394,-0.0012989004562325,0.0050127411721871,-0.0010973990706656,1.0,37.66,35.0,36.96,228.0,37.155,12.0,12.0,14.0,13.11111111111111,13.0,2.0,0.04321202977621,0.0021166799028387,-0.0010921004732437,-0.0033291090861545,1.0,14.0,92.0,12.0,22.0,1.0,22.0,13.0,6.0,37.3,47.0,40.97777777777778,40.7,9.700000000000005,0.0709034364638572,-0.0067753694221164,0.0661084819803416,0.0046124756100013,1.0,47.0,28.0,37.3,173.0,0.0,-1.0,41.35,7.0,1.0,1.0,1.0,1.0,1.0,1.0,1.0,1.0,1.0,1.0,1.0,1.0,1.0,1.0,1.0,2.0,1.0,57.0,113.0,1.0,1.0,57.0,1.0,113.0,0.0,-1.0,0.0,-1.0,0.0,-1.0,4.0,0.0,-183.0,,2.0,6.0,5.0,22.0,228.0,1.0,0.0,240.0,240.0,1.0,7.05,7.05,7.05,240.0,0.0,0.0,240.0,240.0,1.0,138.8,138.8,138.8,240.0,0.0,0.0,240.0,240.0,1.0,4.07,4.07,4.07,240.0,0.0,0.0,240.0,240.0,1.0,21.8,21.8,21.8,240.0,0.0,0.0,240.0,240.0,1.0,32.4,32.4,32.4,240.0,0.0,0.0,240.0,240.0,1.0,7.334,7.334,7.334,240.0,0.0,0.0,240.0,240.0,1.0,0.037,0.037,0.037,240.0,0.0,0.0,240.0,240.0,1.0,2.14,2.14,2.14,240.0,0.0,0.0,240.0,240.0,1.0,490.4,490.4,490.4,240.0,0.0,0.0,240.0,240.0,1.0,17.1,17.1,17.1,240.0,0.0,0.0,240.0,240.0,1.0,0.1,0.1,0.1,240.0,0.0,0.0,240.0,240.0,1.0,77.1,77.1,77.1,240.0,0.0,0.0,240.0,240.0,1.0,285.7,285.7,285.7,240.0,0.0,0.0,3.5,3.5,0.0315599639314697,1,-6.400000000000002,6.400000000000002,-0.2529644268774704,-1,-0.5999999999999943,0.5999999999999943,-0.0041379310344827,-1,6.799999999999997,6.799999999999997,0.0932784636488339,1,-3.1000000000000085,3.1000000000000085,-0.0318930041152264,-1,-0.1899999999999977,0.1899999999999977,-0.0050612679808203,-1,2,2,0.1818181818181818,1,-1,1,-1.0,-1,3,0,0,0,1,149.0,1,1,104,14,0,0,1,0,0,0,1,0,0,0,0,0,1,0,0,0,0,0,0,0,0,0,1,0,0,0,0,0,0,0,0,0,0,0,0.0,0.1176470588235294,0,0,0,0,0,0,1,1,1,1,4163.186,0,5.010635294096256,96.93333333333334,1.1440852819807428,0,3,1,1,3,0,0,0,7,0.7442953020134229,0.046979865771812,2,72.1,16080.5,0.7648275862068966,39.00620689655173,3
E000803,2025-05-19,105.9,21.2,120.2,67.2,93.7,0,37.63,13,35,Male,Hispanic/Latino,Abdominal Pain rlq abd pain onset 3 days ago no n/v/d no fever at home,5,5,Walk-in,0,0,0,0,0,123.1,7.382,138.6,3.98,13.3,8.8,0,0,80.5,18.4,126.1,84.1,97.1,0,36.95,14,37.6,-25.4,-0.68,1,,,,,1,1,1,0,0,0,0,0,0,0,0,1,0,0,1,9.0,75.4,93.1,85.01111111111112,80.5,17.69999999999999,0.0678386769826861,-0.0308784361973038,-0.0905821917808217,-0.0001255851124557,-1.0,93.1,0.0,75.4,173.0,0.0,-1.0,86.75,40.0,12.6,22.6,17.466666666666665,18.4,10.000000000000002,0.1459642990532286,-0.0132012866731047,0.0106164383561643,-0.0401472770864254,1.0,22.6,68.0,12.6,213.0,0.0,-1.0,15.5,27.0,103.5,140.1,127.04444444444442,126.1,36.6,0.0845891940965763,0.0634915098132877,0.0532534246575339,0.0418141340335651,1.0,140.1,213.0,103.5,28.0,0.0,-1.0,133.1,28.0,63.1,91.8,79.75555555555556,84.1,28.7,0.0914239076984472,0.0524992868999216,-0.119691780821918,0.0312364425162689,-1.0,91.8,213.0,63.1,56.0,87.94999999999999,4.0,94.2,97.5,96.21111111111112,97.1,3.299999999999997,0.0104450112526573,0.0060067082956733,0.0143835616438349,0.0166514442287933,1.0,97.5,173.0,94.2,68.0,0.0,-1.0,97.15,105.0,36.52,37.14,36.95,36.95,0.6199999999999974,0.0047479286845072,-0.0007992219476739,-0.0005136986301369,-0.0006930014841876,1.0,37.14,56.0,36.52,213.0,36.735,27.0,12.0,15.0,13.555555555555555,14.0,3.0,0.0613386456848187,-0.0015069608877494,-0.035958904109589,0.0055371617764585,1.0,15.0,0.0,12.0,60.0,1.0,60.0,14.0,153.0,34.8,41.9,38.2,37.6,7.100000000000001,0.0545218127462942,-0.0076241567376789,-0.0582191780821918,-0.0017353579175705,1.0,41.9,0.0,34.8,213.0,0.0,-1.0,36.2,-1.0,1.0,1.0,1.0,1.0,1.0,1.0,1.0,1.0,1.0,1.0,1.0,1.0,1.0,1.0,1.0,4.0,1.0,58.0,156.0,1.0,1.0,58.0,1.0,156.0,0.0,-1.0,1.0,83.0,1.0,139.0,5.0,0.0,-62.0,,1.0,8.0,4.0,60.0,196.0,1.0,0.0,120.0,120.0,1.0,8.82,8.82,8.82,120.0,0.0,0.0,120.0,120.0,1.0,141.0,141.0,141.0,120.0,0.0,0.0,120.0,120.0,1.0,4.05,4.05,4.05,120.0,0.0,0.0,120.0,120.0,1.0,18.9,18.9,18.9,120.0,0.0,0.0,120.0,120.0,1.0,31.0,31.0,31.0,120.0,0.0,0.0,120.0,120.0,1.0,7.382,7.382,7.382,120.0,0.0,0.0,120.0,120.0,1.0,0.039,0.039,0.039,120.0,0.0,0.0,120.0,120.0,1.0,1.64,1.64,1.64,120.0,0.0,0.0,120.0,120.0,1.0,270.9,270.9,270.9,120.0,0.0,0.0,120.0,120.0,1.0,16.2,16.2,16.2,120.0,0.0,0.0,120.0,120.0,1.0,10.03,10.03,10.03,120.0,0.0,0.0,120.0,120.0,1.0,115.1,115.1,115.1,120.0,0.0,0.0,120.0,120.0,1.0,295.3,295.3,295.3,120.0,0.0,0.0,-25.40000000000001,25.40000000000001,-0.2398489140698773,-1,-2.8000000000000007,2.8000000000000007,-0.1320754716981132,-1,5.899999999999992,5.899999999999992,0.0490848585690515,1,16.89999999999999,16.89999999999999,0.2514880952380951,1,3.3999999999999915,3.3999999999999915,0.0362860192102453,1,-0.6799999999999997,0.6799999999999997,-0.0180706882806271,-1,1,1,0.0769230769230769,1,0,0,0.0,0,1,0,0,0,0,,0,0,70,15,0,0,0,0,1,0,0,0,1,0,1,0,0,0,0,0,0,0,0,0,0,1,1,0,0,0,0,0,0,0,0,0,0,0,0.0,0.0,0,1,1,0,0,0,0,0,1,0,3985.017,0,,84.86666666666667,1.2478397486252946,0,2,1,1,2,0,1,0,6,,,0,53.0,12729.18,0.8810316139767055,30.836106489184694,1
E002114,2025-05-22,84.5,20.2,119.9,70.4,96.4,0,37.09,15,45,Male,Hispanic/Latino,General weakness. Festival attendee from festival medical tent with symptom onset ~52 minutes before arrival.,4,0,Walk-in,1,1,1,0,0,65.1,7.386,138.6,4.54,12.1,11.2,1,1,100.1,16.5,126.3,70.9,96.4,0,37.11,14,36.0,15.6,0.02,-1,2.21,317.7,7.378,0.026,0,1,0,0,0,0,0,0,0,0,0,4,3,0,0,8.0,69.6,100.1,84.29999999999998,100.1,30.5,0.1064365026261922,0.0266461762867263,0.148470514033428,0.0201562251837307,1.0,100.1,240.0,69.6,205.0,0.0,-1.0,100.1,-1.0,10.6,17.9,15.1375,16.5,7.299999999999999,0.1449938769467696,-0.0077177536986872,0.0259224219489119,-0.019958416956641,1.0,17.9,66.0,10.6,205.0,0.0,-1.0,16.5,35.0,109.1,128.8,122.8375,126.3,19.700000000000017,0.0542740133187111,-0.0190378203792456,-0.1100599180069372,-0.0546282793571954,1.0,128.8,66.0,109.1,205.0,0.0,-1.0,126.3,35.0,66.9,85.5,76.5,70.9,18.599999999999994,0.0887542232510742,-0.0180436896575673,0.3616524755597605,0.0305404351780995,-1.0,85.5,33.0,66.9,148.0,70.9,33.0,95.5,97.9,96.7625,96.4,2.4000000000000057,0.0075579912033639,-0.0033210043759115,0.0283506780195528,-0.0038233298199511,1.0,97.9,33.0,95.5,205.0,0.0,-1.0,96.4,33.0,36.56,37.4,36.93125,37.11,0.8399999999999963,0.0065748853296994,-0.0002471869139403,-0.0011321349731941,-0.0018657502996,1.0,37.4,66.0,36.56,148.0,37.11,82.0,13.0,15.0,14.375,14.0,2.0,0.0484153422854784,0.0012763075640758,-0.0255439924314095,0.0013572243318558,1.0,15.0,0.0,13.0,30.0,0.0,-1.0,14.0,3.0,32.6,41.1,36.775000000000006,36.0,8.5,0.0724659234031187,-0.0091980968257275,0.2243140964995267,0.0013326787854286,-1.0,41.1,33.0,32.6,0.0,0.0,-1.0,36.0,33.0,1.0,1.0,1.0,1.0,1.0,1.0,1.0,1.0,1.0,1.0,1.0,1.0,1.0,1.0,1.0,1.0,1.0,131.0,131.0,0.0,1.0,131.0,0.0,-1.0,0.0,-1.0,0.0,-1.0,0.0,-1.0,4.0,0.0,-109.0,,0.0,0.0,4.0,30.0,205.0,0.0,0.0,240.0,240.0,1.0,3.57,3.57,3.57,240.0,0.0,0.0,240.0,240.0,1.0,142.7,142.7,142.7,240.0,0.0,0.0,240.0,240.0,1.0,3.74,3.74,3.74,240.0,0.0,0.0,240.0,240.0,1.0,26.2,26.2,26.2,240.0,0.0,0.0,240.0,240.0,1.0,26.8,26.8,26.8,240.0,0.0,0.0,240.0,240.0,1.0,7.378,7.378,7.378,240.0,0.0,0.0,240.0,240.0,1.0,0.026,0.026,0.026,240.0,0.0,0.0,240.0,240.0,1.0,2.21,2.21,2.21,240.0,0.0,0.0,240.0,240.0,1.0,317.7,317.7,317.7,240.0,0.0,0.0,240.0,240.0,1.0,13.6,13.6,13.6,240.0,0.0,0.0,240.0,240.0,1.0,0.1,0.1,0.1,240.0,0.0,0.0,240.0,240.0,1.0,112.7,112.7,112.7,240.0,0.0,0.0,240.0,240.0,1.0,288.8,288.8,288.8,240.0,0.0,0.0,15.599999999999994,15.599999999999994,0.1846153846153845,1,-3.6999999999999993,3.6999999999999993,-0.1831683168316831,-1,6.399999999999992,6.399999999999992,0.0533778148457046,1,0.5,0.5,0.0071022727272727,1,0.0,0.0,0.0,0,0.019999999999996,0.019999999999996,0.000539228902669,1,-1,1,-0.0666666666666666,-1,0,0,0.0,0,2,0,0,0,0,52.0,1,1,109,15,0,1,0,0,0,1,0,0,0,0,1,0,0,0,1,0,0,0,0,0,0,0,0,0,0,0,0,0,0,0,0,0,0,0,0.0,0.0,0,1,1,0,0,0,0,0,0,0,3134.1050000000005,0,3.970291913552122,86.9,0.9723820483314152,0,0,0,0,1,0,0,0,1,1.625,0.0192307692307692,1,49.5,10131.55,0.7047539616346955,31.713928273561297,0
E002058,2025-05-21,93.1,29.3,134.3,84.8,95.5,0,37.52,13,31,Male,White,Anxiety/panic. Festival attendee from campground with symptom onset ~207 minutes before arrival.,4,1,EMS,0,0,0,0,0,112.9,7.33,139.8,4.43,15.0,10.5,1,1,98.3,14.8,130.6,83.7,95.2,0,36.81,13,35.3,5.2,-0.71,0,1.87,473.2,7.385,0.028,0,0,0,0,1,0,1,0,0,0,0,3,2,0,1,7.0,70.7,105.3,93.15714285714286,98.3,34.599999999999994,0.110649739191752,0.0540573280473223,0.6724999999999992,-0.0360874673316231,-1.0,105.3,67.0,70.7,0.0,0.0,-1.0,98.3,-1.0,14.8,23.1,19.185714285714287,14.8,8.3,0.1488756448230074,-0.0149971682084199,0.1499999999999999,-0.0393890713789052,-1.0,23.1,67.0,14.8,240.0,0.0,-1.0,14.8,65.0,114.2,132.6,123.47142857142858,130.6,18.39999999999999,0.046959894110584,0.0509675287898809,-0.0375000000000004,0.0999256719495528,-1.0,132.6,185.0,114.2,67.0,0.0,-1.0,130.6,-1.0,63.6,86.6,77.25714285714287,83.7,23.0,0.1030100021216194,-0.0013797117865458,0.1149999999999997,0.1087671134341957,1.0,86.6,40.0,63.6,132.0,83.7,43.0,94.9,96.2,95.51428571428572,95.2,1.2999999999999972,0.0054092555548983,-0.0020876596815809,-0.0250000000000001,-0.0030462512288102,0.0,96.2,185.0,94.9,175.0,0.0,-1.0,95.2,10.0,36.81,37.36,37.09857142857143,36.81,0.5499999999999972,0.0051977927610294,-0.0014039078723806,0.0079999999999999,-0.0025044956482124,-1.0,37.36,40.0,36.81,240.0,36.81,27.0,13.0,15.0,13.857142857142858,13.0,2.0,0.0461044943814389,-0.0016990749480838,-8.500815883985413e-17,-0.002229841513415,-1.0,15.0,175.0,13.0,132.0,0.0,-1.0,13.0,43.0,32.4,42.0,37.37142857142857,35.3,9.6,0.0751105448979519,-0.0090088729469511,0.0074999999999997,-0.0285887261131224,1.0,42.0,132.0,32.4,185.0,0.0,-1.0,35.3,43.0,2.0,1.0,1.0,1.0,1.0,1.0,1.0,1.0,1.0,1.0,1.0,1.0,1.0,1.0,1.0,1.0,1.0,78.0,78.0,0.0,0.0,-1.0,0.0,-1.0,0.0,-1.0,0.0,-1.0,0.0,-1.0,0.0,0.0,-42.0,,0.0,0.0,4.0,132.0,185.0,1.0,0.0,120.0,240.0,2.0,7.12,5.58,7.12,120.0,-1.54,-0.2162921348314606,120.0,240.0,2.0,139.0,137.9,139.0,120.0,-1.0999999999999943,-0.0079136690647481,120.0,240.0,2.0,3.51,4.22,4.22,240.0,0.71,0.2022792022792023,120.0,240.0,2.0,24.2,27.5,27.5,240.0,3.3000000000000007,0.1363636363636364,120.0,240.0,2.0,18.2,27.1,27.1,240.0,8.900000000000002,0.4890109890109891,120.0,240.0,2.0,7.372,7.385,7.385,240.0,0.0129999999999999,0.0017634291915355,120.0,240.0,2.0,0.029,0.028,0.029,120.0,-0.001,-0.0344827586206896,120.0,240.0,2.0,3.64,1.87,3.64,120.0,-1.77,-0.4862637362637362,120.0,240.0,2.0,352.3,473.2,473.2,240.0,120.89999999999998,0.3431734317343172,120.0,240.0,2.0,12.8,17.1,17.1,240.0,4.300000000000001,0.3359375,120.0,240.0,2.0,0.1,2.59,2.59,240.0,2.49,24.899999999999995,120.0,240.0,2.0,111.3,123.9,123.9,240.0,12.600000000000009,0.1132075471698114,120.0,240.0,2.0,290.7,290.7,290.7,120.0,0.0,0.0,5.200000000000003,5.200000000000003,0.0558539205155746,1,-14.5,14.5,-0.4948805460750853,-1,-3.700000000000017,3.700000000000017,-0.0275502606105734,-1,-1.0999999999999943,1.0999999999999943,-0.0129716981132074,-1,-0.2999999999999971,0.2999999999999971,-0.0031413612565444,-1,-0.7100000000000009,0.7100000000000009,-0.0189232409381663,-1,0,0,0.0,0,0,0,0.0,0,4,0,0,0,0,207.0,1,1,96,12,0,0,1,0,0,0,0,1,0,0,1,0,0,1,1,0,0,0,0,0,0,0,0,0,0,0,0,0,0,0,0,0,0,0,0.0,0.0,0,1,0,0,0,0,0,1,1,0,3493.112,0,5.337538079701318,101.3,0.9190523198420532,0,2,1,1,3,0,0,0,6,0.4497584541062802,0.0289855072463768,1,49.500000000000014,12503.33,0.6932241250930751,21.489947877885328,1
E001427,2025-05-22,70.7,10.5,136.3,65.0,98.5,0,36.57,15,32,Male,Black,"Abdominal Pain abd pain since 2 pm with nausea, vomiting and sob.",5,2,EMS,0,0,0,0,0,91.4,7.442,140.1,3.87,14.5,6.5,0,0,49.5,8.4,132.7,71.8,97.3,0,36.42,14,29.2,-21.2,-0.15,-1,,,,,1,0,0,0,0,0,0,0,0,0,0,4,3,0,0,8.0,49.5,77.0,65.9625,49.5,27.5,0.1267116942278757,-0.059953799229526,-0.1124811349230301,-0.0659600997506232,-1.0,77.0,59.0,49.5,240.0,0.0,-1.0,58.75,-1.0,7.0,16.3,11.0,8.4,9.3,0.2845904698636096,-0.0196514654450973,0.0859341986115303,-0.0378880385243786,-1.0,16.3,56.0,7.0,174.0,1.0,174.0,9.4,3.0,116.3,144.0,129.53750000000002,132.7,27.700000000000003,0.0663327215645025,0.0640002858730308,0.1777543012375493,0.0386820305557945,-1.0,144.0,174.0,116.3,0.0,0.0,-1.0,132.5,-1.0,71.8,92.6,78.1125,71.8,20.8,0.0799242588977927,0.0213217477908237,0.0522034409900392,0.0068177258004413,-1.0,92.6,225.0,71.8,240.0,82.19999999999999,15.0,95.4,99.3,97.125,97.3,3.899999999999992,0.0133625197965687,0.0024147049398398,-0.0067008753395714,0.0004887207269186,1.0,99.3,174.0,95.4,225.0,0.0,-1.0,96.35,51.0,36.06,36.7,36.41375,36.42,0.6400000000000006,0.0053620470482763,-0.0019607431776631,-0.0021234530636885,-0.0009652592656289,1.0,36.7,0.0,36.06,225.0,36.24,15.0,14.0,15.0,14.375,14.0,1.0,0.0336781160539775,0.0013993945946942,0.0093570781768789,0.0026800814056812,-1.0,15.0,59.0,14.0,0.0,0.0,-1.0,14.5,30.0,29.0,35.1,30.625,29.2,6.100000000000001,0.0627404164001361,-0.0172736473479513,-0.0819498943555687,-0.0150944477885745,1.0,35.1,0.0,29.0,174.0,4.0,56.0,29.25,-1.0,0.0,0.0,0.0,0.0,0.0,0.0,0.0,0.0,0.0,0.0,0.0,0.0,0.0,0.0,0.0,1.0,1.0,223.0,223.0,0.0,0.0,-1.0,1.0,223.0,0.0,-1.0,0.0,-1.0,0.0,-1.0,2.0,0.0,,,5.0,15.0,6.0,0.0,225.0,1.0,0.0,,,,,,,,,,,,,,,,,,,,,,,,,,,,,,,,,,,,,,,,,,,,,,,,,,,,,,,,,,,,,,,,,,,,,,,,,,,,,,,,,,,,,,,,,,,,,,,,,,,,,,,,,,,,,,,,,,,,,,-21.200000000000003,21.200000000000003,-0.2998585572842999,-1,-2.1,2.1,-0.1999999999999999,-1,-3.6000000000000227,3.6000000000000227,-0.0264123257520177,-1,6.799999999999997,6.799999999999997,0.1046153846153845,1,-1.2000000000000028,1.2000000000000028,-0.0121827411167512,-1,-0.1499999999999985,0.1499999999999985,-0.0041017227235438,-1,-1,1,-0.0666666666666666,-1,0,0,0.0,0,3,0,0,0,0,,0,0,65,12,0,0,0,0,1,0,0,0,1,0,0,0,0,0,0,0,0,0,0,0,0,0,1,0,0,0,0,0,0,0,0,0,0,0,0.0,0.0,0,1,1,0,0,0,0,0,1,0,2585.4990000000003,0,,88.76666666666667,0.7964701464513707,0,0,0,0,1,0,0,0,1,,,0,71.30000000000001,9636.410000000002,0.5187087307410124,16.598679383712398,0
E000557,2025-05-18,101.3,23.9,135.7,59.8,95.7,1,37.46,11,34,Female,White,Headache. Festival attendee from VIP tent with symptom onset ~192 minutes before arrival.,3,10,Walk-in,0,0,0,0,0,144.7,7.348,140.2,4.35,12.6,15.9,1,1,84.9,17.0,125.7,81.0,94.1,0,37.04,13,42.0,-16.4,-0.42,2,3.03,664.8,7.365,0.055,1,1,0,0,0,0,1,1,0,0,0,0,6,1,0,8.0,84.9,114.9,98.2125,84.9,30.0,0.1113876230640538,-0.0483213351841687,-0.4076923076923079,-0.1451689189189193,1.0,114.9,174.0,84.9,240.0,0.0,-1.0,84.9,-1.0,15.8,24.7,20.7125,17.0,8.899999999999999,0.1666087164352677,-0.0112960153231967,-0.0076923076923077,-0.0055878378378377,-1.0,24.7,158.0,15.8,161.0,2.0,158.0,17.0,41.0,112.2,135.3,122.7875,125.7,23.10000000000001,0.0525651787677963,-0.018993123930658,-0.4442307692307696,0.0067162162162162,1.0,135.3,0.0,112.2,52.0,0.0,-1.0,125.7,109.0,60.0,84.1,73.5375,81.0,24.099999999999994,0.1125803756949776,0.0143305247979683,0.3673076923076919,0.1014932432432434,-1.0,84.1,52.0,60.0,174.0,81.0,109.0,94.1,97.7,95.9,94.1,3.6000000000000085,0.0117858754488606,0.0028515780525336,-0.0211538461538461,-0.0303783783783784,-1.0,97.7,161.0,94.1,240.0,0.0,-1.0,94.1,42.0,36.99,37.47,37.20375,37.04,0.4799999999999969,0.0047949803012866,-0.00062395755991,0.004230769230769,-0.0013135135135136,-1.0,37.47,161.0,36.99,158.0,37.04,13.0,12.0,15.0,13.25,13.0,3.0,0.0730751574756116,0.0008285717360192,-0.0384615384615385,0.0017567567567567,1.0,15.0,202.0,12.0,52.0,2.0,52.0,13.0,106.0,33.9,42.1,38.9875,42.0,8.200000000000003,0.0811347488272774,-0.0075545297048347,-0.0230769230769232,0.0620675675675674,1.0,42.1,203.0,33.9,202.0,0.0,-1.0,42.0,1.0,3.0,1.0,1.0,1.0,1.0,1.0,1.0,1.0,1.0,1.0,1.0,1.0,1.0,1.0,1.0,2.0,1.0,66.0,217.0,0.0,1.0,217.0,1.0,66.0,0.0,-1.0,0.0,-1.0,0.0,-1.0,4.0,0.0,66.0,,4.0,106.0,2.0,52.0,202.0,1.0,0.0,0.0,240.0,3.0,11.58,6.34,11.58,0.0,-5.24,-0.4525043177892919,0.0,240.0,3.0,141.7,141.3,141.7,0.0,-0.3999999999999772,-0.0028228652081861,0.0,240.0,3.0,4.08,4.65,4.65,240.0,0.5700000000000003,0.1397058823529412,0.0,240.0,3.0,21.4,20.2,21.4,0.0,-1.1999999999999993,-0.0560747663551401,0.0,240.0,3.0,41.9,66.9,73.3,120.0,25.000000000000007,0.596658711217184,0.0,240.0,3.0,7.317,7.365,7.365,240.0,0.048,0.006560065600656,0.0,240.0,3.0,0.088,0.055,0.101,120.0,-0.0329999999999999,-0.3749999999999999,0.0,240.0,3.0,3.19,3.03,3.19,0.0,-0.1600000000000001,-0.0501567398119122,0.0,240.0,3.0,543.1,664.8,664.8,240.0,121.69999999999992,0.2240839624378566,0.0,240.0,3.0,17.8,25.3,25.3,240.0,7.5,0.4213483146067415,0.0,240.0,3.0,5.35,6.17,6.17,240.0,0.8200000000000003,0.1532710280373832,0.0,240.0,3.0,127.4,128.9,128.9,240.0,1.5,0.0117739403453689,0.0,240.0,3.0,293.0,295.1,297.7,120.0,2.1000000000000227,0.0071672354948806,-16.39999999999999,16.39999999999999,-0.1618953603158933,-1,-6.899999999999999,6.899999999999999,-0.2887029288702928,-1,-9.999999999999986,9.999999999999986,-0.0736919675755341,-1,21.200000000000003,21.200000000000003,0.3545150501672241,1,-1.6000000000000083,1.6000000000000083,-0.0167189132706374,-1,-0.4200000000000017,0.4200000000000017,-0.0112119594233849,-1,2,2,0.1818181818181818,1,-1,1,-1.0,-1,2,0,0,0,1,192.0,1,1,89,13,0,0,0,1,0,0,0,1,0,0,0,0,1,0,0,1,1,0,1,0,0,0,0,0,0,0,0,0,0,0,0,0,0,0,0.0,0.0,0,0,0,0,0,1,0,1,1,1,3794.698,0,5.262690188904886,85.1,1.1903642773207992,0,3,1,1,2,0,0,0,6,0.5276041666666667,0.03125,2,75.89999999999999,13746.409999999998,0.7464996315401622,25.380987472365515,2
E000311,2025-05-20,100.6,18.5,87.8,72.4,98.2,0,37.19,15,29,Female,White,Palpitations. Festival attendee from festival medical tent with symptom onset ~23 minutes before arrival.,5,6,EMS,0,0,0,0,0,97.6,7.415,137.2,4.37,14.4,7.1,1,1,80.4,7.0,137.6,68.0,98.4,0,36.8,15,42.2,-20.2,-0.39,0,2.05,165.5,7.405,0.023,1,1,0,1,0,0,0,0,0,0,0,2,1,0,1,8.0,64.3,99.9,84.5,80.4,35.60000000000001,0.1654848803203766,-0.1383623088760108,0.0319999999999997,-0.1753485946628174,1.0,99.9,80.0,64.3,226.0,0.0,-1.0,72.35,-1.0,7.0,18.4,14.95,7.0,11.4,0.217391304347826,-0.0254460923943293,-0.1159999999999999,-0.0396993583590922,-1.0,18.4,0.0,7.0,240.0,1.0,240.0,10.75,-1.0,114.7,141.7,125.61249999999998,137.6,26.999999999999982,0.0792292996286635,0.0676636217791307,-0.0280000000000014,0.0834586636637768,1.0,141.7,180.0,114.7,209.0,0.0,-1.0,135.14999999999998,29.0,64.4,82.6,74.07499999999999,68.0,18.19999999999999,0.0869790209407752,0.02755623219723,0.2199999999999998,-0.0276918309816578,-1.0,82.6,80.0,64.4,0.0,73.85,100.0,96.5,98.4,97.5125,98.4,1.9000000000000057,0.0059008584983894,-0.0013210883017386,0.0319999999999995,7.633183944607278e-05,1.0,98.4,240.0,96.5,180.0,0.0,-1.0,97.85,-1.0,36.72,37.26,36.95875,36.8,0.5399999999999991,0.0050735617298572,-0.0014569623154242,-0.0112000000000001,-0.0021103108444116,1.0,37.26,104.0,36.72,180.0,36.87,-1.0,14.0,15.0,14.875,15.0,1.0,0.0222332042946604,0.0008676292440166,-3.2479390283878295e-17,0.0042247027970706,0.0,15.0,0.0,14.0,80.0,0.0,-1.0,15.0,24.0,33.9,42.2,37.075,42.2,8.300000000000004,0.0650384764876438,0.0022083619814687,0.0679999999999998,0.0149890036805549,1.0,42.2,240.0,33.9,226.0,0.0,-1.0,38.05,-1.0,2.0,1.0,1.0,1.0,1.0,1.0,1.0,1.0,1.0,1.0,1.0,1.0,1.0,1.0,1.0,4.0,1.0,13.0,217.0,1.0,1.0,13.0,1.0,112.0,1.0,83.0,0.0,-1.0,1.0,217.0,7.0,1.0,13.0,,1.0,0.0,4.0,80.0,180.0,1.0,1.0,0.0,240.0,2.0,8.89,5.64,8.89,0.0,-3.250000000000001,-0.3655793025871767,0.0,240.0,2.0,138.9,139.1,139.1,240.0,0.1999999999999886,0.0014398848092151,0.0,240.0,2.0,4.59,4.07,4.59,0.0,-0.5199999999999996,-0.1132897603485837,0.0,240.0,2.0,23.5,28.1,28.1,240.0,4.600000000000001,0.1957446808510639,0.0,240.0,2.0,45.4,47.8,47.8,240.0,2.3999999999999986,0.0528634361233479,0.0,240.0,2.0,7.332,7.405,7.405,240.0,0.0730000000000004,0.0099563557010366,0.0,240.0,2.0,0.054,0.023,0.054,0.0,-0.031,-0.5740740740740741,0.0,240.0,2.0,1.67,2.05,2.05,240.0,0.3799999999999999,0.2275449101796406,0.0,240.0,2.0,231.7,165.5,231.7,0.0,-66.19999999999999,-0.2857142857142857,0.0,240.0,2.0,17.3,13.4,17.3,0.0,-3.9,-0.2254335260115607,0.0,240.0,2.0,2.65,0.1,2.65,0.0,-2.55,-0.9622641509433962,0.0,240.0,2.0,95.0,101.7,101.7,240.0,6.700000000000003,0.0705263157894737,0.0,240.0,2.0,280.1,289.8,289.8,240.0,9.699999999999989,0.0346304891110317,-20.19999999999999,20.19999999999999,-0.2007952286282305,-1,-11.5,11.5,-0.6216216216216216,-1,49.8,49.8,0.5671981776765376,1,-4.400000000000006,4.400000000000006,-0.0607734806629835,-1,0.2000000000000028,0.2000000000000028,0.0020366598778004,1,-0.3900000000000005,0.3900000000000005,-0.0104866899704221,-1,0,0,0.0,0,0,0,0.0,0,0,1,1,0,0,23.0,1,1,105,14,0,1,0,0,0,1,0,0,0,0,1,0,0,1,1,0,0,0,0,0,0,0,1,0,0,0,0,0,0,0,0,0,0,1,0.0,0.0,0,1,1,0,0,0,0,0,0,0,3741.314,0,3.1780538303479458,77.53333333333333,1.2975064488392087,0,0,0,1,0,3,0,0,4,4.373913043478261,0.1739130434782608,0,15.399999999999991,8832.679999999998,1.1457858769931664,33.227790432801825,1
E001363,2025-05-19,94.7,23.3,114.8,62.3,97.8,0,38.17,12,30,Male,Black,Agitation. Festival attendee from main stage with symptom onset ~116 minutes before arrival.,3,4,Walk-in,1,0,0,0,1,135.4,7.341,135.9,3.65,11.5,11.2,1,1,87.0,21.6,118.5,66.5,96.5,0,37.24,12,38.0,-7.7,-0.93,0,1.66,453.3,7.395,0.047,0,1,0,0,0,0,0,0,0,0,0,1,0,0,1,9.0,83.9,108.8,90.34444444444443,87.0,24.89999999999999,0.088348545778183,-0.0614264281522797,0.0,0.0262313942105,1.0,108.8,0.0,83.9,122.0,0.0,-1.0,87.0,30.0,13.4,21.8,18.322222222222223,21.6,8.4,0.1541091285768945,-0.0008889843376627,0.0,0.008038987301973,1.0,21.8,122.0,13.4,152.0,0.0,-1.0,21.6,3.0,97.8,140.2,122.94444444444444,118.5,42.39999999999999,0.0913068995260441,0.013965130277494,0.0,0.0087664263307201,1.0,140.2,95.0,97.8,79.0,0.0,-1.0,118.5,16.0,57.8,81.6,72.25555555555555,66.5,23.8,0.1143456774965958,-0.0076384897853007,0.0,0.0381612513666278,1.0,81.6,166.0,57.8,79.0,66.5,16.0,95.1,97.9,96.85555555555555,96.5,2.800000000000012,0.0089362588478377,0.0054040810400421,0.0,0.0016292347598666,-1.0,97.9,152.0,95.1,95.0,0.0,-1.0,96.5,88.0,37.01,37.8,37.27444444444445,37.24,0.7899999999999991,0.0060442327135335,0.0004948850884144,0.0,0.001085942133583,1.0,37.8,166.0,37.01,79.0,37.24,2.0,12.0,15.0,13.666666666666666,12.0,3.0,0.0597436522630043,-0.0078583916612724,0.0,-0.0052878672030755,0.0,15.0,0.0,12.0,240.0,1.0,240.0,12.0,-1.0,34.8,44.2,38.766666666666666,38.0,9.400000000000006,0.0623017057015883,0.0039564188964374,0.0,-0.0023452405622288,-1.0,44.2,122.0,34.8,95.0,0.0,-1.0,38.0,30.0,2.0,1.0,1.0,1.0,1.0,1.0,1.0,1.0,1.0,1.0,1.0,1.0,1.0,1.0,1.0,1.0,1.0,112.0,112.0,0.0,1.0,112.0,0.0,-1.0,0.0,-1.0,0.0,-1.0,0.0,-1.0,4.0,0.0,-8.0,,1.0,0.0,6.0,240.0,-1.0,0.0,0.0,120.0,240.0,2.0,7.71,8.97,8.97,240.0,1.260000000000001,0.1634241245136187,120.0,240.0,2.0,134.9,138.6,138.6,240.0,3.6999999999999886,0.0274277242401778,120.0,240.0,2.0,4.53,4.5,4.53,120.0,-0.0300000000000002,-0.0066225165562914,120.0,240.0,2.0,21.2,21.9,21.9,240.0,0.6999999999999993,0.0330188679245282,120.0,240.0,2.0,8.0,32.2,32.2,240.0,24.200000000000003,3.0250000000000004,120.0,240.0,2.0,7.392,7.395,7.395,240.0,0.0029999999999992,0.000405844155844,120.0,240.0,2.0,0.025,0.047,0.047,240.0,0.022,0.8799999999999999,120.0,240.0,2.0,2.34,1.66,2.34,120.0,-0.6799999999999999,-0.2905982905982905,120.0,240.0,2.0,318.2,453.3,453.3,240.0,135.10000000000002,0.424575738529227,120.0,240.0,2.0,14.7,13.9,14.7,120.0,-0.7999999999999989,-0.0544217687074829,120.0,240.0,2.0,0.1,6.92,6.92,240.0,6.82,68.2,120.0,240.0,2.0,110.1,97.5,110.1,120.0,-12.599999999999994,-0.1144414168937329,120.0,240.0,2.0,289.1,288.8,289.1,120.0,-0.3000000000000113,-0.00103770321688,-7.700000000000003,7.700000000000003,-0.0813093980992608,-1,-1.6999999999999993,1.6999999999999993,-0.0729613733905579,-1,3.700000000000003,3.700000000000003,0.0322299651567944,1,4.200000000000003,4.200000000000003,0.0674157303370787,1,-1.2999999999999972,1.2999999999999972,-0.0132924335378322,-1,-0.9299999999999996,0.9299999999999996,-0.0243646843070474,-1,0,0,0.0,0,0,0,0.0,0,2,0,0,0,0,116.0,1,1,92,13,1,0,0,0,0,0,1,0,0,0,0,0,0,1,1,0,0,0,0,0,0,0,1,0,0,0,0,0,0,0,0,0,1,0,0.1428571428571428,0.0,0,1,0,0,1,0,0,1,1,0,3614.699,0,4.762173934797756,79.8,1.18671679197995,0,2,1,1,2,0,0,2,7,0.8163793103448276,0.0603448275862069,1,52.5,10871.56,0.8249128919860628,24.74738675958188,2
E001841,2025-05-20,89.8,20.5,128.5,76.6,93.4,0,37.1,13,14,Male,Hispanic/Latino,Shortness of breath. Festival attendee from main stage with symptom onset ~147 minutes before arrival.,4,8,Festival Medical Tent Transfer,1,0,0,0,1,99.9,7.419,138.5,4.55,13.2,9.2,1,1,90.0,16.0,125.6,85.6,97.6,0,36.99,15,37.1,0.2,-0.11,2,,,,,0,0,0,0,0,0,0,0,0,0,0,2,1,0,1,8.0,76.1,95.6,86.13749999999999,90.0,19.5,0.0712225009788269,0.0216507264045813,0.1286644951140072,0.0051155999678517,-1.0,95.6,34.0,76.1,36.0,0.0,-1.0,90.0,2.0,10.7,17.8,15.2,16.0,7.100000000000001,0.1365824966580703,-0.0040246858260178,-0.0367263843648209,0.0065703110349076,1.0,17.8,107.0,10.7,113.0,0.0,-1.0,16.0,55.0,102.3,128.2,120.925,125.6,25.89999999999999,0.0622993587762018,0.0675484972896224,0.5429967426710091,0.0227810967932058,-1.0,128.2,113.0,102.3,0.0,0.0,-1.0,125.6,-1.0,62.4,85.6,77.17500000000001,85.6,23.2,0.0969108632046281,0.0412739794983111,-0.2776872964169376,0.0603584536662467,1.0,85.6,240.0,62.4,34.0,85.6,2.0,95.4,99.2,97.0625,97.6,3.799999999999997,0.0117461110406424,0.0037357534210703,0.0416938110749184,0.0037225064966377,1.0,99.2,36.0,95.4,34.0,0.0,-1.0,97.6,71.0,36.61,37.25,36.92375,36.99,0.6400000000000006,0.0054804076708928,7.125835445286874e-05,0.0036726384364823,0.001687920272189,-1.0,37.25,36.0,36.61,113.0,36.99,55.0,14.0,15.0,14.5,15.0,1.0,0.0344827586206896,0.0049231986824915,-1.4975704644815385e-17,0.0020628499477589,0.0,15.0,91.0,14.0,0.0,0.0,-1.0,15.0,22.0,31.9,39.9,36.0375,37.1,8.0,0.0637611115871382,0.0163597426668491,-0.0776058631921824,-0.0068663433975406,1.0,39.9,91.0,31.9,36.0,0.0,-1.0,37.1,16.0,0.0,0.0,0.0,0.0,0.0,0.0,0.0,0.0,0.0,0.0,0.0,0.0,0.0,0.0,0.0,0.0,0.0,-1.0,-1.0,0.0,0.0,-1.0,0.0,-1.0,0.0,-1.0,0.0,-1.0,0.0,-1.0,0.0,0.0,,,0.0,0.0,4.0,0.0,240.0,0.0,0.0,,,,,,,,,,,,,,,,,,,,,,,,,,,,,,,,,,,,,,,,,,,,,,,,,,,,,,,,,,,,,,,,,,,,,,,,,,,,,,,,,,,,,,,,,,,,,,,,,,,,,,,,,,,,,,,,,,,,,,0.2000000000000028,0.2000000000000028,0.0022271714922049,1,-4.5,4.5,-0.2195121951219512,-1,-2.9000000000000057,2.9000000000000057,-0.022568093385214,-1,9.0,9.0,0.1174934725848564,1,4.199999999999989,4.199999999999989,0.0449678800856529,1,-0.1099999999999994,0.1099999999999994,-0.0029649595687331,-1,2,2,0.1538461538461538,1,0,0,0.0,0,2,0,0,0,0,147.0,1,1,102,15,1,0,0,0,0,0,1,0,0,0,0,0,0,0,0,0,0,0,0,0,1,0,1,0,0,0,0,0,0,0,0,0,0,0,0.0,0.0,0,1,1,0,0,0,0,0,1,0,3331.58,0,4.997212273764115,93.9,0.9563365282215124,0,2,0,0,1,0,1,0,4,0.6108843537414966,0.0272108843537414,0,51.900000000000006,11539.3,0.6988326848249027,9.783657587548635,0
E000901,2025-05-20,88.4,21.8,112.8,63.5,93.4,0,37.75,14,65,Male,White,States the swelling is getting worse.,3,6,Walk-in,0,1,1,0,1,100.9,7.349,140.6,4.27,17.3,7.9,0,0,83.5,12.5,141.7,78.4,97.3,0,36.91,14,36.5,-4.9,-0.84,0,1.52,276.4,7.336,0.023,1,1,0,0,0,0,0,0,0,0,0,2,1,0,1,6.0,83.5,107.1,92.18333333333334,83.5,23.599999999999994,0.0884433060926784,-0.0697606556456116,0.4159999999999988,-0.0263849765258216,-1.0,107.1,25.0,83.5,240.0,0.0,-1.0,88.55,-1.0,12.5,25.4,19.58333333333333,12.5,12.9,0.222999836583667,-0.0217594572073266,-0.1960000000000001,-0.1741314553990611,-1.0,25.4,177.0,12.5,240.0,1.0,177.0,16.45,-1.0,113.9,141.7,131.01666666666665,141.7,27.799999999999983,0.0692501958175862,0.0183476532144051,0.1519999999999985,0.0124413145539906,1.0,141.7,240.0,113.9,216.0,0.0,-1.0,127.8,-1.0,63.1,80.2,75.06666666666666,78.4,17.1,0.086810303305024,0.0206125143172804,-0.6640000000000008,-0.0588732394366197,1.0,80.2,199.0,63.1,25.0,73.9,152.0,94.4,97.8,96.36666666666666,97.3,3.3999999999999915,0.0120966506053584,0.011212264018451,0.0439999999999994,0.014600938967136,-1.0,97.8,199.0,94.4,0.0,0.0,-1.0,97.2,-1.0,36.91,37.21,37.01166666666667,36.91,0.3000000000000042,0.0036960971772811,-0.0004521919873164,0.0119999999999999,-0.004225352112676,-1.0,37.21,25.0,36.91,0.0,36.915,174.0,13.0,14.0,13.666666666666666,14.0,1.0,0.0344930137164169,0.0011547452226317,-0.0400000000000001,0.004225352112676,1.0,14.0,0.0,13.0,25.0,0.0,-1.0,14.0,152.0,36.0,43.8,38.583333333333336,36.5,7.799999999999997,0.0677414922855013,-0.0244316000711571,-0.1720000000000001,-0.0243661971830984,1.0,43.8,0.0,36.0,199.0,0.0,-1.0,36.85,-1.0,1.0,1.0,1.0,1.0,1.0,1.0,1.0,1.0,1.0,1.0,1.0,1.0,1.0,1.0,1.0,2.0,1.0,169.0,213.0,0.0,1.0,213.0,1.0,169.0,0.0,-1.0,0.0,-1.0,0.0,-1.0,4.0,0.0,-71.0,,1.0,22.0,3.0,25.0,199.0,1.0,0.0,240.0,240.0,1.0,8.71,8.71,8.71,240.0,0.0,0.0,240.0,240.0,1.0,139.3,139.3,139.3,240.0,0.0,0.0,240.0,240.0,1.0,3.48,3.48,3.48,240.0,0.0,0.0,240.0,240.0,1.0,26.1,26.1,26.1,240.0,0.0,0.0,240.0,240.0,1.0,12.0,12.0,12.0,240.0,0.0,0.0,240.0,240.0,1.0,7.336,7.336,7.336,240.0,0.0,0.0,240.0,240.0,1.0,0.023,0.023,0.023,240.0,0.0,0.0,240.0,240.0,1.0,1.52,1.52,1.52,240.0,0.0,0.0,240.0,240.0,1.0,276.4,276.4,276.4,240.0,0.0,0.0,240.0,240.0,1.0,17.0,17.0,17.0,240.0,0.0,0.0,240.0,240.0,1.0,7.81,7.81,7.81,240.0,0.0,0.0,240.0,240.0,1.0,92.4,92.4,92.4,240.0,0.0,0.0,240.0,240.0,1.0,284.9,284.9,284.9,240.0,0.0,0.0,-4.900000000000006,4.900000000000006,-0.0554298642533937,-1,-9.3,9.3,-0.4266055045871559,-1,28.89999999999999,28.89999999999999,0.2562056737588651,1,14.900000000000006,14.900000000000006,0.2346456692913386,1,3.899999999999992,3.899999999999992,0.0417558886509635,1,-0.8400000000000034,0.8400000000000034,-0.0222516556291391,-1,0,0,0.0,0,0,0,0.0,0,1,0,0,0,0,,0,0,37,6,0,0,0,0,1,0,0,0,1,0,0,0,0,1,1,0,0,0,0,0,0,1,0,0,0,0,0,0,0,0,0,0,0,0,0.0,0.0,0,1,0,0,0,0,0,1,0,0,3337.1000000000004,0,,79.93333333333334,1.1059216013344453,0,1,0,0,2,0,1,0,4,,,1,49.3,9971.52,0.7836879432624114,50.939716312056746,0
E001167,2025-05-21,99.7,27.7,110.0,72.5,94.3,1,37.89,11,44,Male,White,Agitation. Festival attendee from festival medical tent with symptom onset ~36 minutes before arrival.,2,6,Walk-in,1,0,0,0,1,130.8,7.325,132.2,4.66,11.7,13.9,1,1,104.7,20.3,93.5,74.2,94.9,0,37.22,13,42.8,5.0,-0.67,2,3.08,657.9,7.312,0.053,0,1,0,0,0,0,0,0,0,0,0,3,2,0,1,7.0,83.7,112.8,102.24285714285712,104.7,29.099999999999994,0.0867982309135744,-0.0199434791082593,0.0,-0.0023640593195696,1.0,112.8,189.0,83.7,181.0,0.0,-1.0,104.7,8.0,17.1,22.6,20.24285714285714,20.3,5.5,0.0826562216347287,-0.0045557787739314,0.0,0.0211107880197731,1.0,22.6,0.0,17.1,95.0,0.0,-1.0,20.3,64.0,93.5,128.5,115.48571428571428,93.5,35.0,0.097519657042012,-0.0615950285602915,0.0,-0.0907502180866535,-1.0,128.5,189.0,93.5,240.0,0.0,-1.0,93.5,-1.0,62.8,86.4,74.65714285714286,74.2,23.60000000000001,0.1006334938379497,0.0342738489677817,0.0,-0.0684326839197443,-1.0,86.4,159.0,62.8,0.0,74.2,22.0,94.9,96.8,95.61428571428571,94.9,1.899999999999992,0.0069471554983192,0.0008050853810288,0.0,0.0009188717650477,-1.0,96.8,189.0,94.9,181.0,0.0,-1.0,94.9,51.0,37.22,37.62,37.392857142857146,37.22,0.3999999999999986,0.0032650789867005,-0.0015907932414806,0.0,-0.001795289328293,1.0,37.62,0.0,37.22,240.0,37.22,-1.0,13.0,14.0,13.285714285714286,13.0,1.0,0.0340029855932083,0.0009894904124375,0.0,-0.0011049723756906,0.0,14.0,159.0,13.0,0.0,0.0,-1.0,13.0,30.0,38.2,43.9,40.84285714285714,42.8,5.699999999999996,0.0500724925465289,0.0086988950690394,0.0,0.0005757487641756,-1.0,43.9,181.0,38.2,159.0,0.0,-1.0,42.8,8.0,3.0,1.0,1.0,1.0,1.0,1.0,1.0,1.0,1.0,1.0,1.0,1.0,1.0,1.0,1.0,1.0,1.0,102.0,102.0,0.0,1.0,102.0,0.0,-1.0,0.0,-1.0,0.0,-1.0,0.0,-1.0,4.0,0.0,102.0,,0.0,0.0,5.0,0.0,181.0,1.0,0.0,0.0,240.0,3.0,9.5,7.85,10.18,120.0,-1.6500000000000004,-0.1736842105263158,0.0,240.0,3.0,138.6,139.3,139.3,240.0,0.700000000000017,0.0050505050505051,0.0,240.0,3.0,4.21,4.29,4.29,240.0,0.08,0.0190023752969121,0.0,240.0,3.0,20.9,17.3,20.9,0.0,-3.599999999999998,-0.1722488038277511,0.0,240.0,3.0,48.5,25.0,48.5,0.0,-23.5,-0.4845360824742268,0.0,240.0,3.0,7.353,7.312,7.38,120.0,-0.0409999999999994,-0.0055759553923567,0.0,240.0,3.0,0.073,0.053,0.11,120.0,-0.0199999999999999,-0.273972602739726,0.0,240.0,3.0,3.04,3.08,3.08,240.0,0.04,0.0131578947368421,0.0,240.0,3.0,529.0,657.9,688.5,120.0,128.89999999999998,0.2436672967863893,0.0,240.0,3.0,26.7,15.8,26.7,0.0,-10.9,-0.4082397003745318,0.0,240.0,3.0,0.1,7.39,12.06,120.0,7.29,72.89999999999999,0.0,240.0,3.0,108.5,108.1,112.4,120.0,-0.4000000000000057,-0.0036866359447005,0.0,240.0,3.0,299.3,295.8,299.3,0.0,-3.5,-0.0116939525559639,5.0,5.0,0.0501504513540621,1,-7.399999999999999,7.399999999999999,-0.2671480144404332,-1,-16.5,16.5,-0.15,-1,1.7000000000000028,1.7000000000000028,0.023448275862069,1,0.6000000000000085,0.6000000000000085,0.0063626723223754,1,-0.6700000000000017,0.6700000000000017,-0.0176827659012932,-1,2,2,0.1818181818181818,1,-1,1,-1.0,-1,3,0,0,0,1,36.0,1,1,102,14,0,1,0,0,0,1,0,0,0,0,1,1,0,1,0,0,0,0,0,0,1,0,0,1,0,0,0,0,0,0,0,0,1,0,0.1333333333333333,0.0,0,0,0,0,0,0,0,1,1,1,3777.633,0,3.610917912644224,85.0,1.1729411764705884,1,3,1,1,3,1,1,0,9,2.7694444444444444,0.25,3,37.5,10967.0,0.9063636363636364,39.88,1
E001648,2025-05-21,144.8,30.8,130.3,55.6,89.3,1,38.65,9,48,Male,White,Anxiety/panic. Festival attendee from VIP tent with symptom onset ~38 minutes before arrival.,1,10,Police,0,0,0,0,0,146.4,7.222,133.5,4.95,12.3,16.6,1,1,141.3,31.7,134.6,83.2,91.9,1,38.08,11,43.4,-3.5,-0.57,2,3.74,1204.0,7.284,0.18,1,0,0,1,0,0,1,0,1,1,0,3,2,0,1,7.0,121.8,158.8,135.04285714285714,141.3,37.000000000000014,0.0866177826470147,0.0815597477910022,0.0,0.2405086327578163,1.0,158.8,211.0,121.8,134.0,4.0,183.0,145.66666666666669,10.0,23.0,34.4,28.300000000000004,31.7,11.4,0.1225229395761983,-0.0194109820821703,0.0,0.05857676154923,1.0,34.4,0.0,23.0,134.0,6.0,0.0,28.433333333333334,106.0,97.3,134.6,116.91428571428573,134.6,37.3,0.1170048573035358,0.1377557882254262,0.0,0.2283994400373311,-1.0,134.6,240.0,97.3,0.0,0.0,-1.0,126.8,-1.0,67.9,85.1,76.62857142857145,83.2,17.19999999999999,0.0909486087040426,0.0323175317068939,0.0,-0.0396500233317776,1.0,85.1,183.0,67.9,221.0,76.43333333333334,38.0,89.5,92.3,91.31428571428572,91.9,2.799999999999997,0.0092077215078611,0.0085069921473918,0.0,-0.0023005132991134,-1.0,92.3,183.0,89.5,0.0,1.0,0.0,91.43333333333334,-1.0,38.08,38.64,38.33285714285714,38.08,0.5600000000000023,0.0051191010572631,-0.0013542495191542,0.0,-0.0002235184321044,1.0,38.64,211.0,38.08,240.0,38.333333333333336,-1.0,9.0,12.0,10.714285714285714,11.0,3.0,0.096148034012373,-0.0045517650291399,0.0,-0.0174055062995799,1.0,12.0,134.0,9.0,221.0,7.0,0.0,10.0,19.0,39.9,47.1,44.05714285714286,43.4,7.200000000000003,0.0504170991584353,0.0099477215867185,0.0,0.0371488567428838,1.0,47.1,183.0,39.9,134.0,0.0,-1.0,44.76666666666667,28.0,3.0,1.0,1.0,1.0,1.0,1.0,1.0,1.0,1.0,1.0,1.0,1.0,1.0,1.0,1.0,2.0,1.0,160.0,192.0,0.0,0.0,-1.0,1.0,160.0,1.0,192.0,0.0,-1.0,0.0,-1.0,7.0,0.0,160.0,,18.0,240.0,3.0,221.0,-1.0,1.0,0.0,0.0,240.0,3.0,11.32,13.71,13.71,240.0,2.390000000000001,0.21113074204947,0.0,240.0,3.0,134.7,137.2,141.2,120.0,2.5,0.0185597624350408,0.0,240.0,3.0,5.2,4.6,5.2,0.0,-0.6000000000000005,-0.1153846153846154,0.0,240.0,3.0,17.5,13.7,18.4,120.0,-3.8000000000000007,-0.2171428571428572,0.0,240.0,3.0,104.6,48.1,104.6,0.0,-56.49999999999999,-0.5401529636711281,0.0,240.0,3.0,7.296,7.284,7.296,0.0,-0.0120000000000004,-0.0016447368421053,0.0,240.0,3.0,0.196,0.18,0.196,0.0,-0.016,-0.0816326530612245,0.0,240.0,3.0,4.58,3.74,4.58,0.0,-0.8399999999999999,-0.1834061135371178,0.0,240.0,3.0,1181.8,1204.0,1204.0,240.0,22.200000000000045,0.0187849043831443,0.0,240.0,3.0,29.0,40.4,40.4,240.0,11.4,0.393103448275862,0.0,240.0,3.0,9.73,7.3,9.73,0.0,-2.4300000000000006,-0.249743062692703,0.0,240.0,3.0,178.7,111.5,178.7,0.0,-67.19999999999999,-0.3760492445439283,0.0,240.0,3.0,302.1,298.7,302.3,120.0,-3.400000000000034,-0.0112545514730222,-3.5,3.5,-0.024171270718232,-1,0.8999999999999986,0.8999999999999986,0.0292207792207791,1,4.299999999999983,4.299999999999983,0.0330007674597082,1,27.6,27.6,0.4964028776978417,1,2.6000000000000085,2.6000000000000085,0.0291153415453528,1,-0.5700000000000003,0.5700000000000003,-0.0147477360931436,-1,2,2,0.2222222222222222,1,0,0,0.0,0,1,0,0,0,0,38.0,1,1,93,13,0,0,0,1,0,1,0,0,0,1,0,0,0,0,1,0,1,0,1,0,1,0,0,0,0,0,1,1,1,1,1,0,0,0,0.0,0.0,0,0,0,1,1,1,1,1,2,1,5596.52,0,3.6635616461296463,80.5,1.7987577639751555,1,3,1,3,3,0,3,2,14,3.810526315789474,0.3684210526315789,3,74.70000000000002,18867.44,1.11128165771297,53.34151957022256,3
E000353,2025-05-18,105.3,27.6,119.7,69.3,96.1,1,37.88,11,14,Female,White,Nausea/vomiting. Festival attendee from campground with symptom onset ~112 minutes before arrival.,3,4,EMS,0,0,0,0,1,122.0,7.373,137.3,4.5,11.7,14.6,1,1,100.2,20.3,141.5,74.5,96.7,0,37.27,14,42.6,-5.1,-0.61,3,1.4,157.2,7.378,0.002,1,1,0,0,1,0,0,0,0,0,0,0,6,1,0,6.0,82.6,105.3,98.13333333333334,100.2,22.700000000000003,0.0781788861893399,0.0013629219170419,0.0,-0.0116703061735136,1.0,105.3,73.0,82.6,124.0,0.0,-1.0,100.2,116.0,18.8,28.7,21.7,20.3,9.9,0.1539014129679533,-0.0251048299011641,0.0,0.006374823711387,1.0,28.7,0.0,18.8,73.0,1.0,0.0,20.3,-1.0,102.4,141.5,130.51666666666668,141.5,39.1,0.1033341985297206,0.1362117377520846,0.0,0.0373197306764932,-1.0,141.5,240.0,102.4,0.0,0.0,-1.0,141.5,-1.0,62.5,95.6,75.98333333333333,74.5,33.099999999999994,0.1354077789000403,-0.0034627167861043,0.0,-0.0629031891178747,1.0,95.6,84.0,62.5,124.0,74.5,36.0,94.6,97.8,96.0,96.7,3.200000000000003,0.0106739070478745,0.0036667821083198,0.0,0.0021484463855147,1.0,97.8,84.0,94.6,120.0,0.0,-1.0,96.7,36.0,37.0,37.37,37.19166666666667,37.27,0.3699999999999974,0.0035379498477392,-0.0004551775581426,0.0,0.0004904235476092,1.0,37.37,0.0,37.0,124.0,37.27,116.0,12.0,14.0,13.166666666666666,14.0,2.0,0.0521912104508564,0.0002930441963928,0.0,0.0065966061598653,1.0,14.0,0.0,12.0,124.0,1.0,124.0,14.0,116.0,34.7,43.3,39.98333333333333,42.6,8.599999999999994,0.0725074588288167,-0.0003074300023976,0.0,0.0105102133660888,1.0,43.3,73.0,34.7,124.0,0.0,-1.0,42.6,116.0,2.0,1.0,1.0,1.0,1.0,1.0,1.0,1.0,1.0,1.0,1.0,1.0,1.0,1.0,1.0,3.0,1.0,40.0,180.0,1.0,1.0,180.0,1.0,152.0,0.0,-1.0,0.0,-1.0,0.0,-1.0,4.0,0.0,40.0,,2.0,116.0,4.0,124.0,240.0,0.0,0.0,0.0,240.0,2.0,9.72,7.23,9.72,0.0,-2.49,-0.2561728395061728,0.0,240.0,2.0,141.9,139.3,141.9,0.0,-2.5999999999999943,-0.0183227625088089,0.0,240.0,2.0,4.23,4.57,4.57,240.0,0.3399999999999998,0.0803782505910165,0.0,240.0,2.0,19.7,26.2,26.2,240.0,6.5,0.3299492385786802,0.0,240.0,2.0,29.8,29.2,29.8,0.0,-0.6000000000000014,-0.0201342281879195,0.0,240.0,2.0,7.386,7.378,7.386,0.0,-0.008,-0.0010831302464121,0.0,240.0,2.0,0.065,0.002,0.065,0.0,-0.063,-0.9692307692307692,0.0,240.0,2.0,2.99,1.4,2.99,0.0,-1.5900000000000003,-0.5317725752508362,0.0,240.0,2.0,680.6,157.2,680.6,0.0,-523.4000000000001,-0.7690273288275052,0.0,240.0,2.0,16.1,15.2,16.1,0.0,-0.9000000000000021,-0.0559006211180125,0.0,240.0,2.0,4.52,0.1,4.52,0.0,-4.42,-0.9778761061946905,0.0,240.0,2.0,105.2,131.5,131.5,240.0,26.3,0.2499999999999999,0.0,240.0,2.0,294.1,274.4,294.1,0.0,-19.700000000000045,-0.0669840190411426,-5.099999999999994,5.099999999999994,-0.0484330484330483,-1,-7.300000000000001,7.300000000000001,-0.2644927536231884,-1,21.8,21.8,0.1821219715956557,1,5.200000000000003,5.200000000000003,0.075036075036075,1,0.6000000000000085,0.6000000000000085,0.0062434963579605,1,-0.6099999999999994,0.6099999999999994,-0.0161034846884899,-1,3,3,0.2727272727272727,1,-1,1,-1.0,-1,1,0,0,0,1,112.0,1,1,98,12,0,0,1,0,0,0,1,0,0,0,1,0,0,1,0,0,0,0,0,0,0,1,1,0,0,0,0,0,0,0,0,0,0,0,0.0,0.0,0,0,1,0,0,0,0,0,1,1,3988.764,0,4.727387818712341,86.1,1.2229965156794425,0,3,1,1,3,0,0,0,7,0.9401785714285714,0.0625,1,50.400000000000006,12604.41,0.8796992481203008,12.31578947368421,2
E000166,2025-05-22,103.3,24.9,125.8,69.2,97.6,0,37.67,12,56,Female,Asian,Agitation. Festival attendee from festival medical tent with symptom onset ~78 minutes before arrival.,4,10,Walk-in,0,1,1,0,0,120.5,7.329,136.7,4.43,13.8,14.3,1,1,92.0,15.7,129.3,83.7,95.9,0,36.99,14,42.2,-11.3,-0.68,2,,,,,0,0,0,0,0,0,0,0,0,0,0,4,3,0,0,9.0,67.2,103.4,88.46666666666667,92.0,36.2,0.1188579075016457,-0.0573912063779331,-0.0850877192982481,-0.0525355703310709,1.0,103.4,98.0,67.2,147.0,0.0,-1.0,88.45,67.0,15.5,22.2,18.166666666666668,15.7,6.699999999999999,0.1471097413051555,-0.0125632625031742,0.2175438596491227,-0.02762083577359,-1.0,22.2,147.0,15.5,180.0,0.0,-1.0,15.8,33.0,103.1,136.2,120.25555555555556,129.3,33.099999999999994,0.0831895998055099,0.0705549932221942,0.4070175438596473,0.0855978916181489,1.0,136.2,180.0,103.1,98.0,0.0,-1.0,126.15,-1.0,69.6,90.9,77.8777777777778,83.7,21.30000000000001,0.0921206009414125,0.0385335259970887,-0.5061403508771937,0.048105212388466,1.0,90.9,147.0,69.6,85.0,83.1,13.0,93.3,96.4,95.54444444444444,95.9,3.1000000000000085,0.0107090261037063,0.0017005318521116,-0.0552631578947378,0.008443862610673,1.0,96.4,0.0,93.3,85.0,0.0,-1.0,96.15,13.0,36.96,37.56,37.30444444444444,36.99,0.6000000000000014,0.0052455352267233,-0.0016515850051324,-0.0028947368421056,-0.0020398249905259,-1.0,37.56,24.0,36.96,180.0,37.175,34.0,12.0,15.0,13.22222222222222,14.0,3.0,0.0692958928675237,0.0054365515095372,-0.0614035087719299,0.0135218934095841,1.0,15.0,214.0,12.0,21.0,2.0,21.0,14.5,3.0,36.2,44.6,39.400000000000006,42.2,8.399999999999999,0.0692086678044587,0.0008771804327066,-0.0526315789473689,-0.0165776690667308,1.0,44.6,85.0,36.2,214.0,0.0,-1.0,39.2,13.0,2.0,1.0,1.0,1.0,1.0,1.0,1.0,1.0,1.0,1.0,1.0,1.0,1.0,1.0,1.0,0.0,0.0,-1.0,-1.0,0.0,0.0,-1.0,0.0,-1.0,0.0,-1.0,0.0,-1.0,0.0,-1.0,0.0,0.0,,,2.0,13.0,3.0,21.0,180.0,1.0,0.0,0.0,120.0,2.0,13.57,12.49,13.57,0.0,-1.08,-0.079587324981577,0.0,120.0,2.0,138.7,137.3,138.7,0.0,-1.3999999999999773,-0.0100937274693581,0.0,120.0,2.0,3.76,4.27,4.27,120.0,0.5099999999999998,0.1356382978723403,0.0,120.0,2.0,23.4,23.8,23.8,120.0,0.4000000000000021,0.0170940170940171,0.0,120.0,2.0,50.6,37.0,50.6,0.0,-13.6,-0.2687747035573122,0.0,120.0,2.0,7.377,7.331,7.377,0.0,-0.0459999999999993,-0.0062355971262029,0.0,120.0,2.0,0.046,0.054,0.054,120.0,0.008,0.1739130434782608,0.0,120.0,2.0,2.34,3.24,3.24,120.0,0.9000000000000004,0.3846153846153848,0.0,120.0,2.0,322.9,310.3,322.9,0.0,-12.599999999999966,-0.0390213688448435,0.0,120.0,2.0,16.2,7.4,16.2,0.0,-8.799999999999999,-0.5432098765432098,0.0,120.0,2.0,0.1,1.61,1.61,120.0,1.51,15.1,0.0,120.0,2.0,87.1,96.4,96.4,120.0,9.300000000000011,0.1067738231917337,0.0,120.0,2.0,285.1,291.6,291.6,120.0,6.5,0.0227990178884601,-11.299999999999995,11.299999999999995,-0.1093901258470474,-1,-9.2,9.2,-0.3694779116465863,-1,3.500000000000014,3.500000000000014,0.0278219395866455,1,14.5,14.5,0.2095375722543352,1,-1.6999999999999886,1.6999999999999886,-0.0174180327868851,-1,-0.6799999999999997,0.6799999999999997,-0.0180514998672683,-1,2,2,0.1666666666666666,1,0,0,0.0,0,2,0,0,0,0,78.0,1,1,102,14,0,1,0,0,0,0,1,0,0,0,1,0,0,0,0,0,0,0,0,0,0,0,1,0,0,0,0,0,0,0,0,0,1,0,0.1333333333333333,0.0,0,0,0,0,0,0,0,1,1,1,3891.311,0,4.3694478524670215,88.06666666666666,1.1729750189250567,0,2,1,1,2,0,0,0,5,1.3243589743589743,0.0641025641025641,2,56.6,12995.14,0.8211446740858506,45.98410174880763,2
E001006,2025-05-22,114.2,20.9,95.6,72.8,96.9,0,37.53,12,24,Male,Black,Headache. Festival attendee from festival medical tent with symptom onset ~75 minutes before arrival.,4,3,Walk-in,0,0,0,0,0,123.6,7.362,146.6,3.98,12.7,10.3,1,1,104.9,19.8,132.9,67.9,97.1,0,37.2,14,39.8,-9.3,-0.33,2,,,,,1,0,0,0,0,0,1,0,0,0,0,4,3,0,0,9.0,75.1,116.0,96.62222222222222,104.9,40.900000000000006,0.1078883633181123,-0.0108112832908877,0.0675675675675671,-0.0733742342088584,1.0,116.0,93.0,75.1,168.0,0.0,-1.0,100.1,25.0,15.5,22.5,19.91111111111111,19.8,7.0,0.1016238041040913,0.0084816765226399,0.1324324324324322,0.023870678121259,-1.0,22.5,37.0,15.5,93.0,0.0,-1.0,20.6,56.0,122.6,143.9,132.7555555555556,132.9,21.30000000000001,0.0491736709621041,0.0161313506280486,0.2594594594594592,0.0759471164002533,-1.0,143.9,212.0,122.6,149.0,0.0,-1.0,138.4,28.0,67.9,80.8,73.95555555555556,67.9,12.899999999999991,0.0515011240696842,-0.0005054603530883,-0.0162162162162165,-0.0423544116611507,-1.0,80.8,93.0,67.9,240.0,70.85,25.0,94.7,99.1,96.3,97.1,4.399999999999992,0.0138542721330491,-0.0008391246169119,0.0189189189189183,-0.0135633054010283,1.0,99.1,118.0,94.7,212.0,0.0,-1.0,95.9,50.0,36.79,37.52,37.08555555555555,37.2,0.730000000000004,0.0054185077118391,0.0013242974921224,0.0054054054054053,0.0003804309555665,-1.0,37.52,168.0,36.79,0.0,37.145,25.0,12.0,15.0,13.555555555555555,14.0,3.0,0.0705108628446117,0.001025165105538,-0.0540540540540541,-0.0046739666220688,1.0,15.0,93.0,12.0,37.0,1.0,37.0,13.5,56.0,32.5,41.1,37.82222222222222,39.8,8.600000000000001,0.0783110505602497,0.0037704493460525,0.1540540540540538,0.0096472079431025,1.0,41.1,168.0,32.5,212.0,0.0,-1.0,36.15,44.0,1.0,1.0,1.0,1.0,1.0,1.0,1.0,1.0,1.0,1.0,1.0,1.0,1.0,1.0,1.0,1.0,1.0,105.0,105.0,0.0,0.0,-1.0,1.0,105.0,0.0,-1.0,0.0,-1.0,0.0,-1.0,2.0,0.0,105.0,,1.0,56.0,4.0,37.0,193.0,1.0,0.0,0.0,0.0,1.0,12.11,12.11,12.11,0.0,0.0,0.0,0.0,0.0,1.0,135.0,135.0,135.0,0.0,0.0,0.0,0.0,0.0,1.0,3.76,3.76,3.76,0.0,0.0,0.0,0.0,0.0,1.0,23.5,23.5,23.5,0.0,0.0,0.0,0.0,0.0,1.0,53.6,53.6,53.6,0.0,0.0,0.0,0.0,0.0,1.0,7.33,7.33,7.33,0.0,0.0,0.0,0.0,0.0,1.0,0.056,0.056,0.056,0.0,0.0,0.0,0.0,0.0,1.0,2.24,2.24,2.24,0.0,0.0,0.0,0.0,0.0,1.0,464.5,464.5,464.5,0.0,0.0,0.0,0.0,0.0,1.0,15.3,15.3,15.3,0.0,0.0,0.0,0.0,0.0,1.0,0.1,0.1,0.1,0.0,0.0,0.0,0.0,0.0,1.0,104.7,104.7,104.7,0.0,0.0,0.0,0.0,0.0,1.0,283.2,283.2,283.2,0.0,0.0,0.0,-9.299999999999995,9.299999999999995,-0.0814360770577933,-1,-1.099999999999998,1.099999999999998,-0.0526315789473683,-1,37.30000000000001,37.30000000000001,0.3901673640167365,1,-4.899999999999992,4.899999999999992,-0.0673076923076922,-1,0.1999999999999886,0.1999999999999886,0.0020639834881319,1,-0.3299999999999983,0.3299999999999983,-0.0087929656274979,-1,2,2,0.1666666666666666,1,0,0,0.0,0,0,0,0,0,0,75.0,1,1,101,14,0,1,0,0,0,0,1,0,0,0,0,0,0,0,0,1,0,1,0,0,1,0,0,0,0,0,0,0,0,0,0,0,0,0,0.0,0.0,0,1,1,0,0,0,0,0,1,0,4285.926,0,4.330733340286331,80.39999999999999,1.420398009950249,1,2,1,2,1,2,0,0,7,1.5226666666666666,0.0933333333333333,1,22.8,10917.52,1.194560669456067,28.66945606694561,1
E001238,2025-05-22,87.5,16.2,97.1,69.4,99.2,0,37.38,14,26,Female,Black,Anxiety/panic. Festival attendee from main stage with symptom onset ~185 minutes before arrival.,4,3,Walk-in,0,0,0,0,0,115.8,7.402,136.8,4.17,13.7,9.0,1,1,87.8,19.9,122.5,74.1,98.0,0,36.58,14,34.2,0.3,-0.8,0,1.03,413.0,7.366,0.021,1,0,0,0,1,0,0,0,0,0,0,4,3,0,0,9.0,72.1,101.4,86.75555555555555,87.8,29.30000000000001,0.1193341059031963,-0.0547222797212448,0.0,-0.0750182854161663,1.0,101.4,99.0,72.1,143.0,0.0,-1.0,80.35,7.0,10.8,19.9,15.61111111111111,19.9,9.099999999999998,0.1988047005865729,-0.0093100117298006,0.0,-0.0178076936847543,1.0,19.9,240.0,10.8,150.0,0.0,-1.0,15.8,37.0,110.8,129.3,120.07777777777778,122.5,18.50000000000001,0.0479959828985246,0.0097315945628923,0.0,-0.0315757169673322,1.0,129.3,187.0,110.8,214.0,0.0,-1.0,116.65,21.0,68.7,83.4,74.14444444444445,74.1,14.700000000000005,0.0670123399467982,-0.0205954598771819,0.0,0.0213507168394614,1.0,83.4,0.0,68.7,143.0,76.44999999999999,7.0,95.4,98.0,97.06666666666666,98.0,2.5999999999999943,0.0082987953115347,0.001515214241358,0.0,0.0025481942192508,-1.0,98.0,70.0,95.4,143.0,0.0,-1.0,97.9,7.0,36.43,37.06,36.75111111111111,36.58,0.6300000000000026,0.0057940956003833,-0.0004470434002621,0.0,-0.0007570418032746,1.0,37.06,208.0,36.43,143.0,36.565,7.0,14.0,15.0,14.555555555555555,14.0,1.0,0.0341384424045769,0.0011729800593389,0.0,-0.0014065704742956,-1.0,15.0,70.0,14.0,0.0,0.0,-1.0,14.5,29.0,30.0,40.4,35.12222222222222,34.2,10.4,0.0819586898844177,0.0127834126819843,0.0,0.0157331301052113,-1.0,40.4,208.0,30.0,143.0,0.0,-1.0,35.55,6.0,1.0,1.0,1.0,1.0,1.0,1.0,1.0,1.0,1.0,1.0,1.0,1.0,1.0,1.0,1.0,3.0,1.0,19.0,144.0,1.0,0.0,-1.0,1.0,115.0,0.0,-1.0,0.0,-1.0,1.0,19.0,3.0,0.0,-221.0,,0.0,0.0,6.0,0.0,187.0,1.0,0.0,240.0,240.0,1.0,7.82,7.82,7.82,240.0,0.0,0.0,240.0,240.0,1.0,140.9,140.9,140.9,240.0,0.0,0.0,240.0,240.0,1.0,3.83,3.83,3.83,240.0,0.0,0.0,240.0,240.0,1.0,26.7,26.7,26.7,240.0,0.0,0.0,240.0,240.0,1.0,52.5,52.5,52.5,240.0,0.0,0.0,240.0,240.0,1.0,7.366,7.366,7.366,240.0,0.0,0.0,240.0,240.0,1.0,0.021,0.021,0.021,240.0,0.0,0.0,240.0,240.0,1.0,1.03,1.03,1.03,240.0,0.0,0.0,240.0,240.0,1.0,413.0,413.0,413.0,240.0,0.0,0.0,240.0,240.0,1.0,8.3,8.3,8.3,240.0,0.0,0.0,240.0,240.0,1.0,1.76,1.76,1.76,240.0,0.0,0.0,240.0,240.0,1.0,94.4,94.4,94.4,240.0,0.0,0.0,240.0,240.0,1.0,290.1,290.1,290.1,240.0,0.0,0.0,0.2999999999999971,0.2999999999999971,0.0034285714285713,1,3.6999999999999993,3.6999999999999993,0.228395061728395,1,25.40000000000001,25.40000000000001,0.2615859938208034,1,4.699999999999989,4.699999999999989,0.0677233429394811,1,-1.2000000000000028,1.2000000000000028,-0.0120967741935484,-1,-0.8000000000000043,0.8000000000000043,-0.0214018191546282,-1,0,0,0.0,0,0,0,0.0,0,3,0,0,0,0,185.0,1,1,96,13,1,0,0,0,0,0,0,1,0,0,0,1,0,0,0,0,0,0,0,0,0,0,0,0,0,0,0,0,0,0,0,0,0,0,0.0,0.0,0,1,1,0,0,0,0,0,0,0,3270.75,0,5.225746673713202,78.63333333333334,1.1127596439169138,0,1,0,0,0,2,0,0,3,0.4729729729729729,0.0162162162162162,0,27.69999999999999,8496.25,0.9011328527291452,23.429454170957776,0
E001864,2025-05-21,78.1,10.8,130.5,80.6,95.8,0,36.76,15,14,Female,Black,Altered mental status. Festival attendee from campground with symptom onset ~234 minutes before arrival.,5,3,Walk-in,0,0,0,0,1,87.2,7.416,140.3,3.75,12.5,9.4,1,1,80.8,14.2,128.4,72.5,97.5,0,36.47,15,37.2,2.7,-0.29,0,,,,,0,1,0,0,0,0,0,0,0,0,0,3,2,0,1,7.0,56.0,82.5,73.71428571428571,80.8,26.5,0.1161391276760124,-0.0042435648372995,0.0966666666666659,-0.0451695951599408,1.0,82.5,124.0,56.0,198.0,0.0,-1.0,80.8,74.0,9.7,17.5,13.457142857142856,14.2,7.800000000000001,0.1745372731597843,0.0058930305973773,-0.1366666666666667,-0.0033178863358434,1.0,17.5,66.0,9.7,30.0,0.0,-1.0,14.2,36.0,121.3,145.2,128.3285714285714,128.4,23.89999999999999,0.0602737196789258,0.0150133559980576,0.0366666666666656,-0.027624380511038,-1.0,145.2,66.0,121.3,124.0,0.0,-1.0,128.4,58.0,66.9,88.7,76.81428571428572,72.5,21.8,0.0879198762295356,-0.022652986886838,0.2333333333333327,-0.0273958936731672,-1.0,88.7,64.0,66.9,124.0,72.5,2.0,96.2,99.0,97.82857142857142,97.5,2.799999999999997,0.0091054072827803,0.0047419864011658,0.0399999999999996,-0.001958228744288,-1.0,99.0,66.0,96.2,0.0,0.0,-1.0,97.5,174.0,36.14,36.71,36.502857142857145,36.47,0.5700000000000003,0.0045221843536801,-0.0013837421078193,-0.0070000000000003,-0.0014788891034305,1.0,36.71,0.0,36.14,198.0,36.47,42.0,14.0,15.0,14.571428571428571,15.0,1.0,0.0339617805405662,-0.0016694997571636,-2.7066158569898578e-17,0.0010941623221985,1.0,15.0,0.0,14.0,66.0,0.0,-1.0,15.0,174.0,30.1,37.2,33.728571428571435,37.2,7.100000000000001,0.0632068462497427,0.0099690383681399,-0.0266666666666667,0.0309857115273218,1.0,37.2,240.0,30.1,64.0,0.0,-1.0,37.2,60.0,0.0,0.0,0.0,0.0,0.0,0.0,0.0,0.0,0.0,0.0,0.0,0.0,0.0,0.0,0.0,1.0,1.0,143.0,143.0,0.0,1.0,143.0,0.0,-1.0,0.0,-1.0,0.0,-1.0,0.0,-1.0,4.0,0.0,,,0.0,0.0,4.0,66.0,198.0,1.0,0.0,,,,,,,,,,,,,,,,,,,,,,,,,,,,,,,,,,,,,,,,,,,,,,,,,,,,,,,,,,,,,,,,,,,,,,,,,,,,,,,,,,,,,,,,,,,,,,,,,,,,,,,,,,,,,,,,,,,,,,2.700000000000003,2.700000000000003,0.0345710627400768,1,3.3999999999999986,3.3999999999999986,0.3148148148148146,1,-2.0999999999999943,2.0999999999999943,-0.0160919540229884,-1,-8.099999999999994,8.099999999999994,-0.1004962779156326,-1,1.7000000000000028,1.7000000000000028,0.0177453027139875,1,-0.2899999999999991,0.2899999999999991,-0.0078890097932535,-1,0,0,0.0,0,0,0,0.0,0,2,0,0,0,0,234.0,1,1,104,14,0,0,1,0,0,0,0,1,0,0,0,0,0,1,0,0,0,0,0,0,0,1,0,0,0,0,0,0,0,0,0,0,0,0,0.0,0.1176470588235294,0,1,1,0,0,0,0,0,1,0,2870.956,0,5.459585514144159,97.23333333333332,0.8032224888584161,0,0,0,0,1,0,0,0,1,0.3337606837606837,0.0042735042735042,0,49.900000000000006,10192.05,0.5984674329501916,8.378544061302682,0
E000435,2025-05-18,95.7,21.7,104.2,83.3,96.7,0,37.28,14,25,Female,Hispanic/Latino,Anxiety/panic. Festival attendee from campground with symptom onset ~100 minutes before arrival.,5,2,Walk-in,0,0,0,0,0,98.2,7.374,138.4,3.65,12.8,9.5,1,1,84.4,9.8,109.0,76.4,96.5,0,36.32,15,36.7,-11.3,-0.96,1,1.37,236.8,7.411,0.0,1,1,0,1,0,0,0,0,0,0,0,0,6,1,0,6.0,63.1,84.4,72.2,84.4,21.300000000000004,0.1073027365553826,0.0103849458259746,0.3413043478260866,0.294740740740741,1.0,84.4,240.0,63.1,228.0,0.0,-1.0,72.93333333333334,-1.0,9.8,17.4,14.033333333333331,9.8,7.599999999999998,0.1627381770352554,-0.0178750417641162,-0.0499999999999999,-0.0777037037037035,-1.0,17.4,0.0,9.8,240.0,0.0,-1.0,12.766666666666666,-1.0,109.0,138.4,125.66666666666669,109.0,29.40000000000001,0.0828448676616898,-0.0434072359314591,0.2130434782608694,-0.3842962962962965,-1.0,138.4,228.0,109.0,240.0,0.0,-1.0,121.2,-1.0,73.6,95.7,81.94999999999999,76.4,22.10000000000001,0.0903120163819273,-0.006636914705742,0.1695652173913042,-0.0688148148148136,-1.0,95.7,226.0,73.6,228.0,81.9,2.0,96.5,97.8,97.0,96.5,1.2999999999999972,0.0047243048401606,-0.0019116032647607,-4.489349336565806e-16,-0.0388148148148148,0.0,97.8,204.0,96.5,228.0,0.0,-1.0,96.6,-1.0,36.32,37.08,36.665,36.32,0.759999999999998,0.0069548615846174,-0.00135995895184,-0.0123913043478262,-0.0155259259259256,1.0,37.08,0.0,36.32,240.0,36.50333333333333,-1.0,14.0,15.0,14.666666666666666,15.0,1.0,0.0321412173266612,0.0048088396735239,-7.392013812161229e-17,5.125726015734996e-17,0.0,15.0,204.0,14.0,0.0,0.0,-1.0,15.0,-1.0,32.4,38.5,34.45,36.7,6.100000000000001,0.0669052573098177,-0.0087454059472101,-0.1326086956521741,0.0810370370370374,1.0,38.5,0.0,32.4,46.0,0.0,-1.0,34.233333333333334,194.0,1.0,1.0,1.0,1.0,1.0,1.0,1.0,1.0,1.0,1.0,1.0,1.0,1.0,1.0,1.0,4.0,1.0,22.0,188.0,2.0,1.0,36.0,1.0,188.0,1.0,63.0,0.0,-1.0,1.0,22.0,7.0,1.0,-218.0,,0.0,0.0,4.0,0.0,204.0,1.0,0.0,240.0,240.0,1.0,5.28,5.28,5.28,240.0,0.0,0.0,240.0,240.0,1.0,134.8,134.8,134.8,240.0,0.0,0.0,240.0,240.0,1.0,3.83,3.83,3.83,240.0,0.0,0.0,240.0,240.0,1.0,23.9,23.9,23.9,240.0,0.0,0.0,240.0,240.0,1.0,19.8,19.8,19.8,240.0,0.0,0.0,240.0,240.0,1.0,7.411,7.411,7.411,240.0,0.0,0.0,240.0,240.0,1.0,0.0,0.0,0.0,240.0,0.0,0.0,240.0,240.0,1.0,1.37,1.37,1.37,240.0,0.0,0.0,240.0,240.0,1.0,236.8,236.8,236.8,240.0,0.0,0.0,240.0,240.0,1.0,7.3,7.3,7.3,240.0,0.0,0.0,240.0,240.0,1.0,1.81,1.81,1.81,240.0,0.0,0.0,240.0,240.0,1.0,86.0,86.0,86.0,240.0,0.0,0.0,240.0,240.0,1.0,288.5,288.5,288.5,240.0,0.0,0.0,-11.299999999999995,11.299999999999995,-0.1180773249738766,-1,-11.9,11.9,-0.5483870967741935,-1,4.799999999999997,4.799999999999997,0.0460652591170825,1,-6.899999999999992,6.899999999999992,-0.0828331332533012,-1,-0.2000000000000028,0.2000000000000028,-0.0020682523267838,-1,-0.9600000000000009,0.9600000000000009,-0.0257510729613734,-1,1,1,0.0714285714285714,1,0,0,0.0,0,2,0,0,0,0,100.0,1,1,96,12,0,0,1,0,0,0,1,0,0,0,1,0,0,0,0,0,0,0,0,0,0,1,1,0,0,0,0,0,0,0,0,0,0,0,0.0,0.0,0,1,1,0,0,0,0,0,0,0,3567.6960000000004,0,4.61512051684126,90.26666666666668,1.060192023633678,0,1,1,1,2,1,0,0,5,0.957,0.05,0,20.90000000000001,9971.94,0.918426103646833,22.960652591170824,0
E001418,2025-05-20,109.8,34.5,127.1,80.1,95.5,0,37.68,12,35,Male,White,Anxiety/panic. Festival attendee from main stage with symptom onset ~280 minutes before arrival.,3,5,Festival Medical Tent Transfer,0,0,0,0,0,145.0,7.351,134.5,3.94,13.2,8.4,1,1,82.3,15.5,135.5,80.4,95.9,0,36.82,15,40.0,-27.5,-0.86,3,,,,,1,0,0,0,1,0,0,0,0,0,0,2,1,0,1,6.0,65.4,100.0,86.53333333333332,82.3,34.599999999999994,0.147973535304798,-0.0221210270441939,0.0,-0.1571138940225637,-1.0,100.0,86.0,65.4,179.0,0.0,-1.0,82.3,93.0,15.5,20.2,17.616666666666664,15.5,4.699999999999999,0.0985053197114497,-0.0171201719883712,0.0,-0.0288114087110032,-1.0,20.2,111.0,15.5,240.0,0.0,-1.0,15.5,-1.0,115.7,144.4,128.21666666666667,135.5,28.700000000000003,0.0792098194290966,0.075105660469548,0.0,0.0992704052078449,-1.0,144.4,179.0,115.7,151.0,0.0,-1.0,135.5,-1.0,71.3,94.5,81.81666666666666,80.4,23.200000000000003,0.1012139203436226,0.0371822246109498,0.0,-0.0237869969381844,-1.0,94.5,151.0,71.3,0.0,80.4,28.0,94.4,96.8,95.48333333333332,95.9,2.3999999999999915,0.0084526444495047,0.006199887621235,0.0,0.0031238794030837,1.0,96.8,111.0,94.4,0.0,0.0,-1.0,95.9,40.0,36.78,37.26,37.02333333333333,36.82,0.4799999999999969,0.0045748972777212,-0.0017949331834948,0.0,-0.0017186163903677,-1.0,37.26,0.0,36.78,151.0,36.82,28.0,13.0,15.0,14.333333333333334,15.0,2.0,0.0520015808720881,0.0059609605941417,0.0,0.01049568311588,0.0,15.0,151.0,13.0,111.0,0.0,-1.0,15.0,40.0,34.5,40.0,37.86666666666667,40.0,5.5,0.0491619788924056,0.0028192411990326,0.0,0.0016950321352715,1.0,40.0,240.0,34.5,151.0,0.0,-1.0,40.0,28.0,1.0,1.0,1.0,1.0,1.0,1.0,1.0,1.0,1.0,1.0,1.0,1.0,1.0,1.0,1.0,2.0,1.0,126.0,205.0,0.0,0.0,-1.0,1.0,205.0,0.0,-1.0,0.0,-1.0,0.0,-1.0,2.0,0.0,6.0,,0.0,0.0,4.0,111.0,240.0,0.0,0.0,120.0,120.0,1.0,7.04,7.04,7.04,120.0,0.0,0.0,120.0,120.0,1.0,140.9,140.9,140.9,120.0,0.0,0.0,120.0,120.0,1.0,3.88,3.88,3.88,120.0,0.0,0.0,120.0,120.0,1.0,25.6,25.6,25.6,120.0,0.0,0.0,120.0,120.0,1.0,8.0,8.0,8.0,120.0,0.0,0.0,120.0,120.0,1.0,7.338,7.338,7.338,120.0,0.0,0.0,120.0,120.0,1.0,0.0,0.0,0.0,120.0,0.0,0.0,120.0,120.0,1.0,2.75,2.75,2.75,120.0,0.0,0.0,120.0,120.0,1.0,266.7,266.7,266.7,120.0,0.0,0.0,120.0,120.0,1.0,13.5,13.5,13.5,120.0,0.0,0.0,120.0,120.0,1.0,4.77,4.77,4.77,120.0,0.0,0.0,120.0,120.0,1.0,92.4,92.4,92.4,120.0,0.0,0.0,120.0,120.0,1.0,284.1,284.1,284.1,120.0,0.0,0.0,-27.5,27.5,-0.250455373406193,-1,-19.0,19.0,-0.5507246376811594,-1,8.400000000000006,8.400000000000006,0.0660896931549961,1,0.3000000000000113,0.3000000000000113,0.00374531835206,1,0.4000000000000057,0.4000000000000057,0.0041884816753927,1,-0.8599999999999994,0.8599999999999994,-0.0228237791932059,-1,3,3,0.25,1,0,0,0.0,0,1,0,0,0,0,280.0,1,1,96,13,1,0,0,0,0,0,0,1,0,0,0,0,0,0,0,0,0,1,0,0,0,0,1,0,0,0,0,0,0,0,0,0,0,0,0.0,0.0,0,1,1,0,0,1,0,0,1,0,4137.264,0,5.638354669333745,95.76666666666668,1.1465367211973547,1,2,1,1,3,0,0,0,6,0.3921428571428571,0.0214285714285714,1,47.0,13955.579999999998,0.8638867033831629,30.2360346184107,2
E001688,2025-05-18,88.4,17.7,117.2,73.4,95.0,0,36.94,14,50,Male,White,Agitation. Community patient from workplace with symptom onset ~204 minutes before arrival.,5,1,EMS,0,1,1,0,0,93.7,7.38,142.9,4.72,15.0,9.1,0,0,91.2,19.2,145.9,88.7,95.4,0,36.91,14,39.8,2.8,-0.03,0,2.52,312.3,7.404,0.004,0,0,0,0,0,0,0,0,0,0,0,0,6,1,0,6.0,91.0,102.3,96.58333333333331,91.2,11.299999999999995,0.0437863666863889,-0.0221824188606029,0.0470588235294115,-0.0361064891846919,-1.0,102.3,85.0,91.0,89.0,0.0,-1.0,91.2,4.0,13.7,19.2,16.500000000000004,19.2,5.5,0.1011715880852437,0.0140486860818016,-0.0686274509803921,0.021118648406502,1.0,19.2,240.0,13.7,51.0,0.0,-1.0,19.2,34.0,109.5,145.9,128.66666666666666,145.9,36.400000000000006,0.0933825530607298,0.1122145276296689,0.1411764705882351,0.1450211186484069,1.0,145.9,240.0,109.5,89.0,0.0,-1.0,145.9,-1.0,68.4,88.7,80.08333333333333,88.7,20.3,0.0967356955190669,0.08363283598137,0.0450980392156859,0.0257519518750801,1.0,88.7,240.0,68.4,0.0,88.7,-1.0,95.2,99.0,97.05,95.4,3.799999999999997,0.0141749783536296,-0.0093643245673625,-0.0215686274509805,-0.011378471777806,-1.0,99.0,85.0,95.2,89.0,0.0,-1.0,95.4,53.0,36.86,37.09,36.973333333333336,36.91,0.2300000000000039,0.0026850473515751,0.0001201268711787,0.0035294117647057,-0.0003705362856776,-1.0,37.09,89.0,36.86,0.0,36.91,151.0,14.0,15.0,14.666666666666666,14.0,1.0,0.0321412173266612,-0.0037142563912089,-1.5921269746999166e-17,-0.0032637911173684,-1.0,15.0,0.0,14.0,89.0,0.0,-1.0,14.0,53.0,33.0,39.8,35.583333333333336,39.8,6.799999999999997,0.0664131622161553,0.0239457132105347,-0.0137254901960785,0.0209586586458467,1.0,39.8,240.0,33.0,51.0,0.0,-1.0,39.8,-1.0,3.0,1.0,1.0,1.0,1.0,1.0,1.0,1.0,1.0,1.0,1.0,1.0,1.0,1.0,1.0,1.0,1.0,203.0,203.0,0.0,0.0,-1.0,0.0,-1.0,0.0,-1.0,0.0,-1.0,1.0,203.0,3.0,0.0,203.0,,0.0,0.0,3.0,89.0,240.0,0.0,0.0,0.0,240.0,3.0,8.8,7.54,8.8,0.0,-1.260000000000001,-0.1431818181818182,0.0,240.0,3.0,138.2,139.3,139.3,240.0,1.1000000000000227,0.0079594790159191,0.0,240.0,3.0,4.47,3.91,4.47,0.0,-0.5599999999999996,-0.1252796420581654,0.0,240.0,3.0,20.8,19.3,22.4,120.0,-1.5,-0.0721153846153846,0.0,240.0,3.0,40.6,28.7,40.6,0.0,-11.900000000000002,-0.2931034482758621,0.0,240.0,3.0,7.399,7.404,7.404,240.0,0.0049999999999998,0.0006757669955399,0.0,240.0,3.0,0.007,0.004,0.024,120.0,-0.003,-0.4285714285714285,0.0,240.0,3.0,1.85,2.52,2.52,240.0,0.6699999999999999,0.3621621621621621,0.0,240.0,3.0,269.1,312.3,338.9,120.0,43.19999999999999,0.1605351170568561,0.0,240.0,3.0,3.6,1.0,3.6,0.0,-2.6,-0.7222222222222222,0.0,240.0,3.0,3.33,2.35,3.33,0.0,-0.98,-0.2942942942942942,0.0,240.0,3.0,104.5,81.6,104.5,0.0,-22.90000000000001,-0.2191387559808613,0.0,240.0,3.0,291.2,278.4,291.2,0.0,-12.800000000000011,-0.0439560439560439,2.799999999999997,2.799999999999997,0.0316742081447963,1,1.5,1.5,0.0847457627118644,1,28.700000000000003,28.700000000000003,0.2448805460750853,1,15.299999999999995,15.299999999999995,0.2084468664850135,1,0.4000000000000057,0.4000000000000057,0.0042105263157895,1,-0.0300000000000011,0.0300000000000011,-0.0008121277747699,-1,0,0,0.0,0,0,0,0.0,0,1,0,0,0,0,204.0,1,0,91,12,0,0,0,0,1,0,0,1,0,0,0,0,0,0,0,0,1,0,0,0,0,0,0,0,0,0,0,0,0,0,0,0,1,0,0.1538461538461538,0.0,0,1,1,0,0,0,0,0,0,0,3265.496,0,5.3230099791384085,88.0,1.0045454545454546,0,1,0,0,0,0,1,0,2,0.4333333333333333,0.0098039215686274,0,43.8,10360.48,0.7542662116040956,37.71331058020478,0
E000995,2025-05-18,138.7,36.1,146.5,83.4,92.9,1,38.11,11,30,Female,Asian,Altered mental status. Festival attendee from campground with symptom onset ~71 minutes before arrival.,2,8,EMS,1,0,0,0,0,126.0,7.28,139.1,5.01,11.6,20.1,1,1,130.2,24.8,109.0,75.2,95.4,0,38.04,12,44.0,-8.5,-0.07,1,4.15,778.9,7.296,0.146,1,0,0,0,0,0,0,0,0,0,0,0,6,1,0,7.0,121.5,138.8,130.79999999999998,130.2,17.30000000000001,0.0415806563941503,0.0045989152946229,0.2142857142857134,0.048259074450234,-1.0,138.8,42.0,121.5,103.0,4.0,42.0,130.2,32.0,23.1,30.4,25.81428571428572,24.8,7.299999999999997,0.0887587337546908,-0.0056247445816679,0.0809523809523807,-0.0141890400070652,-1.0,30.4,124.0,23.1,188.0,6.0,0.0,24.8,64.0,109.0,124.1,115.38571428571429,109.0,15.099999999999994,0.0503033776762819,0.006456282771471,-0.0928571428571434,-0.0363805970149253,-1.0,124.1,188.0,109.0,240.0,0.0,-1.0,109.0,52.0,69.1,83.4,74.74285714285715,75.2,14.300000000000011,0.0627330731633362,-0.0053757333536511,-0.2333333333333338,-0.0111145456151194,1.0,83.4,103.0,69.1,42.0,75.2,61.0,91.8,95.4,93.34285714285714,95.4,3.6000000000000085,0.011042640959625,0.0042318055565177,-0.0119047619047621,0.0130685330742736,1.0,95.4,240.0,91.8,124.0,0.0,-1.0,95.4,64.0,37.62,38.23,37.92142857142857,38.04,0.6099999999999994,0.0050418429155989,-0.0001590693421807,0.0035714285714283,6.42497571315126e-05,1.0,38.23,124.0,37.62,188.0,38.04,64.0,10.0,12.0,11.142857142857142,12.0,2.0,0.0747557935236577,0.0064209571174266,-1.9332970407070414e-17,0.0126512408372339,0.0,12.0,124.0,10.0,74.0,7.0,0.0,12.0,50.0,38.8,44.0,41.68571428571429,44.0,5.200000000000003,0.0351731585286366,0.0032513454918232,0.0333333333333333,0.0032213194383114,1.0,44.0,240.0,38.8,188.0,0.0,-1.0,44.0,-1.0,2.0,1.0,1.0,1.0,1.0,1.0,1.0,1.0,1.0,1.0,1.0,1.0,1.0,1.0,1.0,1.0,1.0,13.0,13.0,1.0,0.0,-1.0,1.0,13.0,0.0,-1.0,0.0,-1.0,0.0,-1.0,2.0,0.0,-107.0,,17.0,240.0,3.0,74.0,-1.0,1.0,0.0,120.0,240.0,2.0,10.02,9.79,10.02,120.0,-0.2300000000000004,-0.0229540918163673,120.0,240.0,2.0,139.0,136.9,139.0,120.0,-2.0999999999999943,-0.0151079136690647,120.0,240.0,2.0,4.55,3.97,4.55,120.0,-0.5799999999999996,-0.1274725274725274,120.0,240.0,2.0,16.7,22.4,22.4,240.0,5.699999999999999,0.341317365269461,120.0,240.0,2.0,53.0,47.6,53.0,120.0,-5.399999999999999,-0.1018867924528301,120.0,240.0,2.0,7.329,7.296,7.329,120.0,-0.0329999999999994,-0.004502660663119,120.0,240.0,2.0,0.13,0.146,0.146,240.0,0.0159999999999999,0.1230769230769229,120.0,240.0,2.0,3.47,4.15,4.15,240.0,0.6800000000000002,0.1959654178674351,120.0,240.0,2.0,944.2,778.9,944.2,120.0,-165.30000000000007,-0.1750688413471722,120.0,240.0,2.0,29.5,21.6,29.5,120.0,-7.899999999999999,-0.2677966101694914,120.0,240.0,2.0,6.75,4.7,6.75,120.0,-2.05,-0.3037037037037037,120.0,240.0,2.0,151.7,118.7,151.7,120.0,-32.999999999999986,-0.2175346077785101,120.0,240.0,2.0,297.7,294.6,297.7,120.0,-3.099999999999966,-0.0104131676184076,-8.5,8.5,-0.0612833453496755,-1,-11.3,11.3,-0.3130193905817174,-1,-37.5,37.5,-0.2559726962457337,-1,-8.200000000000003,8.200000000000003,-0.0983213429256595,-1,2.5,2.5,0.0269106566200215,1,-0.0700000000000002,0.0700000000000002,-0.0018367882445552,-1,1,1,0.0909090909090909,1,-1,1,-1.0,-1,1,0,0,0,1,71.0,1,1,103,14,0,0,1,0,0,0,1,0,0,1,0,0,0,0,1,0,1,0,0,0,1,0,0,0,0,0,0,0,0,0,0,0,0,0,0.0,0.1176470588235294,1,0,0,1,1,0,1,1,2,1,5285.856999999999,1,4.276666119016055,104.43333333333334,1.3281200127673156,0,3,1,3,3,0,2,2,13,1.9535211267605632,0.1830985915492957,3,63.1,20319.55,0.9467576791808872,28.402730375426614,4
E001239,2025-05-21,114.9,26.9,140.5,88.0,96.9,0,37.4,12,29,Male,Hispanic/Latino,Nausea/vomiting. Festival attendee from VIP tent with symptom onset ~261 minutes before arrival.,3,6,Walk-in,1,0,0,0,1,108.2,7.385,138.2,4.7,17.0,10.5,1,1,94.5,12.3,129.0,70.4,96.3,0,36.9,14,40.2,-20.4,-0.5,2,1.73,434.8,7.381,0.004,0,1,0,0,0,0,1,0,0,0,0,3,2,0,1,9.0,86.1,107.1,97.08888888888887,94.5,21.0,0.0715860591123885,0.0141956560880154,0.0,-0.0181040537965206,-1.0,107.1,219.0,86.1,189.0,0.0,-1.0,100.8,21.0,12.3,20.8,16.6,12.3,8.5,0.1678599561767579,-0.0292425161333118,0.0,-0.0297154991696386,1.0,20.8,0.0,12.3,240.0,0.0,-1.0,13.55,-1.0,106.5,132.9,121.55555555555556,129.0,26.40000000000001,0.069013947228209,0.0167620608943681,0.0,0.0331327761291553,1.0,132.9,195.0,106.5,165.0,0.0,-1.0,121.9,24.0,63.7,83.2,74.04444444444444,70.4,19.5,0.0829776302870629,-0.002534185563884,0.0,-0.0040652310037841,-1.0,83.2,86.0,63.7,93.0,75.45,33.0,95.2,97.8,96.57777777777775,96.3,2.5999999999999943,0.0079724418495491,0.0050975105897068,0.0,0.0048536658408433,-1.0,97.8,219.0,95.2,86.0,0.0,-1.0,97.05,21.0,36.73,37.35,37.07999999999999,36.9,0.6200000000000045,0.0059900507907075,-0.001321510134847,0.0,-0.001698946394054,-1.0,37.35,93.0,36.73,195.0,37.105,24.0,12.0,14.0,13.11111111111111,14.0,2.0,0.04321202977621,0.0055246524586124,0.0,0.003343225068743,0.0,14.0,165.0,12.0,0.0,1.0,0.0,13.5,24.0,34.5,42.8,38.2,40.2,8.299999999999997,0.0600003959430055,-0.0075179811801719,0.0,-0.0117845961177207,1.0,42.8,86.0,34.5,219.0,0.0,-1.0,37.35,21.0,2.0,1.0,1.0,1.0,1.0,1.0,1.0,1.0,1.0,1.0,1.0,1.0,1.0,1.0,1.0,2.0,1.0,187.0,226.0,0.0,1.0,226.0,0.0,-1.0,0.0,-1.0,0.0,-1.0,1.0,187.0,4.0,0.0,187.0,,1.0,86.0,3.0,0.0,189.0,1.0,0.0,0.0,240.0,2.0,9.23,8.56,9.23,0.0,-0.6699999999999999,-0.0725893824485373,0.0,240.0,2.0,141.9,137.8,141.9,0.0,-4.099999999999994,-0.0288935870331218,0.0,240.0,2.0,3.95,4.55,4.55,240.0,0.5999999999999996,0.151898734177215,0.0,240.0,2.0,22.0,23.3,23.3,240.0,1.3000000000000007,0.0590909090909091,0.0,240.0,2.0,46.0,31.0,46.0,0.0,-15.0,-0.3260869565217391,0.0,240.0,2.0,7.382,7.381,7.382,0.0,-0.0009999999999994,-0.0001354646437279,0.0,240.0,2.0,0.061,0.004,0.061,0.0,-0.0569999999999999,-0.9344262295081966,0.0,240.0,2.0,2.73,1.73,2.73,0.0,-1.0,-0.3663003663003663,0.0,240.0,2.0,491.1,434.8,491.1,0.0,-56.30000000000001,-0.1146406027285685,0.0,240.0,2.0,19.4,19.2,19.4,0.0,-0.1999999999999993,-0.0103092783505154,0.0,240.0,2.0,4.91,0.1,4.91,0.0,-4.8100000000000005,-0.979633401221996,0.0,240.0,2.0,101.5,82.6,101.5,0.0,-18.90000000000001,-0.1862068965517242,0.0,240.0,2.0,289.6,283.2,289.6,0.0,-6.400000000000034,-0.0220994475138122,-20.40000000000001,20.40000000000001,-0.1775456919060052,-1,-14.599999999999998,14.599999999999998,-0.5427509293680297,-1,-11.5,11.5,-0.0818505338078291,-1,-17.599999999999994,17.599999999999994,-0.1999999999999999,-1,-0.6000000000000085,0.6000000000000085,-0.0061919504643963,-1,-0.5,0.5,-0.0133689839572192,-1,2,2,0.1666666666666666,1,0,0,0.0,0,2,0,0,0,0,261.0,1,1,96,13,0,0,0,1,0,0,0,1,0,0,0,1,0,0,0,1,0,0,0,0,0,0,0,0,0,0,0,0,0,0,0,0,0,0,0.0,0.0,0,1,1,0,0,0,0,0,1,0,4297.26,0,5.568344503761097,105.5,1.0890995260663507,0,2,1,2,3,0,0,0,7,0.4402298850574713,0.0268199233716475,0,52.5,16143.45,0.8177935943060498,23.716014234875445,3
E001927,2025-05-22,96.3,14.8,132.8,69.4,97.1,0,36.87,13,14,Female,Other/Multiracial,Altered mental status. Festival attendee from main stage with symptom onset ~198 minutes before arrival.,5,7,Festival Medical Tent Transfer,0,0,0,0,1,109.1,7.376,137.7,4.69,11.7,9.2,1,1,73.9,12.7,143.6,76.2,96.1,0,36.72,14,33.6,-22.4,-0.15,1,1.66,261.8,7.419,0.055,0,1,0,0,0,0,0,0,0,0,0,4,3,0,0,6.0,67.2,88.7,79.78333333333332,73.9,21.5,0.0939082206806374,-0.0122903883275279,0.3058823529411762,0.0277687253613667,-1.0,88.7,34.0,67.2,101.0,0.0,-1.0,79.2,22.0,10.1,22.4,14.966666666666669,12.7,12.3,0.2826753572781211,-0.0215483495271268,0.2735294117647056,-0.0211178274200613,-1.0,22.4,34.0,10.1,123.0,0.0,-1.0,12.7,89.0,112.3,145.8,132.93333333333337,143.6,33.500000000000014,0.0966834500203704,0.0255081903570544,-0.9852941176470594,0.0391116951379758,1.0,145.8,0.0,112.3,34.0,0.0,-1.0,137.85,67.0,68.7,80.0,73.48333333333333,76.2,11.299999999999995,0.050305046574799,0.0029213531612943,0.0382352941176465,-0.0121699518177837,1.0,80.0,123.0,68.7,219.0,72.45,96.0,95.8,97.9,96.8,96.1,2.1000000000000085,0.0071820432557211,-0.0045572677960982,-0.005882352941177,-0.0124152431011827,1.0,97.9,123.0,95.8,219.0,0.0,-1.0,95.95,-1.0,36.65,36.94,36.75333333333333,36.72,0.2899999999999991,0.0027283890724635,-0.0002670088751334,0.004705882352941,-0.0013455978975033,-1.0,36.94,101.0,36.65,219.0,36.685,22.0,14.0,15.0,14.5,14.0,1.0,0.0344827586206896,-9.705492230214996e-05,0.0294117647058822,-0.0015067893123084,-1.0,15.0,34.0,14.0,0.0,0.0,-1.0,14.5,89.0,33.4,41.0,36.25,33.6,7.600000000000001,0.0753419999995475,-0.0117576646428917,0.0823529411764703,-0.0512395970214629,-1.0,41.0,101.0,33.4,219.0,0.0,-1.0,33.5,118.0,1.0,1.0,1.0,1.0,1.0,1.0,1.0,1.0,1.0,1.0,1.0,1.0,1.0,1.0,1.0,2.0,1.0,31.0,102.0,1.0,1.0,102.0,0.0,-1.0,0.0,-1.0,0.0,-1.0,1.0,31.0,4.0,0.0,-209.0,,0.0,0.0,3.0,0.0,219.0,1.0,0.0,240.0,240.0,1.0,2.53,2.53,2.53,240.0,0.0,0.0,240.0,240.0,1.0,141.2,141.2,141.2,240.0,0.0,0.0,240.0,240.0,1.0,4.18,4.18,4.18,240.0,0.0,0.0,240.0,240.0,1.0,26.3,26.3,26.3,240.0,0.0,0.0,240.0,240.0,1.0,46.7,46.7,46.7,240.0,0.0,0.0,240.0,240.0,1.0,7.419,7.419,7.419,240.0,0.0,0.0,240.0,240.0,1.0,0.055,0.055,0.055,240.0,0.0,0.0,240.0,240.0,1.0,1.66,1.66,1.66,240.0,0.0,0.0,240.0,240.0,1.0,261.8,261.8,261.8,240.0,0.0,0.0,240.0,240.0,1.0,1.0,1.0,1.0,240.0,0.0,0.0,240.0,240.0,1.0,3.41,3.41,3.41,240.0,0.0,0.0,240.0,240.0,1.0,91.0,91.0,91.0,240.0,0.0,0.0,240.0,240.0,1.0,288.3,288.3,288.3,240.0,0.0,0.0,-22.39999999999999,22.39999999999999,-0.2326064382139147,-1,-2.1000000000000014,2.1000000000000014,-0.1418918918918919,-1,10.799999999999985,10.799999999999985,0.0813253012048191,1,6.799999999999997,6.799999999999997,0.0979827089337175,1,-1.0,1.0,-0.0102986611740473,-1,-0.1499999999999985,0.1499999999999985,-0.0040683482506102,-1,1,1,0.0769230769230769,1,0,0,0.0,0,1,0,0,0,0,198.0,1,1,104,15,1,0,0,0,0,0,0,1,0,0,0,1,0,0,0,0,0,0,0,0,0,1,0,0,0,0,0,0,0,0,0,0,0,0,0.0,0.1111111111111111,0,1,1,0,0,0,0,0,1,0,3550.581,0,5.293304824724492,90.53333333333336,1.0636966126656846,0,2,0,1,0,0,0,0,3,0.4863636363636363,0.0151515151515151,0,63.400000000000006,12788.64,0.7251506024096385,10.152108433734938,0
E000120,2025-05-18,91.0,13.2,133.5,68.1,96.0,0,36.72,13,36,Female,White,Nausea/vomiting. Community patient from street with symptom onset ~83 minutes before arrival.,4,3,Walk-in,0,0,0,0,0,87.5,7.417,138.7,4.59,12.7,8.2,0,0,86.3,15.8,137.5,81.7,98.4,0,36.72,14,34.8,-4.7,0.0,1,,,,,0,0,1,0,0,0,0,0,0,0,0,0,6,1,0,7.0,68.2,90.2,79.34285714285714,86.3,22.0,0.0950372877352783,-0.0008575812373279,0.2579999999999995,0.0349436229829178,1.0,90.2,50.0,68.2,162.0,0.0,-1.0,86.3,29.0,9.7,17.8,15.3,15.8,8.100000000000001,0.160097368809358,-0.0167570825798674,-0.016,-0.0071500911484707,1.0,17.8,0.0,9.7,162.0,0.0,-1.0,15.8,78.0,116.9,145.8,130.34285714285713,137.5,28.90000000000001,0.0649999848828666,0.0542139295303849,-0.18,0.0126898926473565,1.0,145.8,88.0,116.9,50.0,0.0,-1.0,137.5,21.0,75.8,84.1,80.08571428571429,81.7,8.299999999999997,0.0359390945685709,-0.0031481177050797,-0.1220000000000006,-0.0008180856570567,1.0,84.1,109.0,75.8,162.0,81.7,78.0,96.2,98.4,96.9,98.4,2.200000000000003,0.0072344650723192,0.0071510767713299,0.0119999999999998,0.0088627821664077,1.0,98.4,240.0,96.2,0.0,0.0,-1.0,98.4,-1.0,36.37,36.89,36.63571428571429,36.72,0.5200000000000031,0.0048781423291857,0.0004441339251465,-0.0028,0.0016601399860464,-1.0,36.89,162.0,36.37,109.0,36.72,53.0,13.0,15.0,14.428571428571429,14.0,2.0,0.0504853417187404,-0.0033152501506931,-1.623969514193915e-17,0.0003038282357706,-1.0,15.0,0.0,13.0,109.0,0.0,-1.0,14.0,53.0,31.9,40.7,36.22857142857144,34.8,8.800000000000004,0.0860272378214322,0.011869143514713,0.1319999999999999,0.0022888393761393,-1.0,40.7,162.0,31.9,0.0,0.0,-1.0,34.8,78.0,0.0,0.0,0.0,0.0,0.0,0.0,0.0,0.0,0.0,0.0,0.0,0.0,0.0,0.0,0.0,1.0,1.0,114.0,114.0,0.0,0.0,-1.0,0.0,-1.0,0.0,-1.0,1.0,114.0,0.0,-1.0,5.0,0.0,,,0.0,0.0,4.0,109.0,240.0,0.0,0.0,,,,,,,,,,,,,,,,,,,,,,,,,,,,,,,,,,,,,,,,,,,,,,,,,,,,,,,,,,,,,,,,,,,,,,,,,,,,,,,,,,,,,,,,,,,,,,,,,,,,,,,,,,,,,,,,,,,,,,-4.700000000000003,4.700000000000003,-0.0516483516483516,-1,2.6000000000000014,2.6000000000000014,0.1969696969696971,1,4.0,4.0,0.0299625468164794,1,13.600000000000009,13.600000000000009,0.1997063142437593,1,2.4000000000000057,2.4000000000000057,0.025,1,0.0,0.0,0.0,0,1,1,0.0769230769230769,1,0,0,0.0,0,0,0,0,0,0,83.0,1,0,93,12,0,0,0,0,1,0,1,0,0,0,0,0,1,1,0,1,0,0,0,0,0,0,0,0,0,0,0,0,0,0,0,0,0,0,0.0,0.0,0,1,1,0,0,0,0,0,1,0,3341.52,0,4.430816798843313,89.89999999999999,1.0122358175750836,0,2,0,1,0,0,0,0,3,1.0963855421686748,0.036144578313253,0,65.4,12148.5,0.6816479400749064,24.53932584269663,0
E000335,2025-05-18,97.5,28.3,134.6,79.7,91.0,1,38.54,11,46,Female,White,Nausea/vomiting. Festival attendee from campground with symptom onset ~52 minutes before arrival.,1,8,EMS,0,1,0,0,0,139.7,7.303,137.4,5.24,12.1,18.2,1,1,153.9,22.3,115.2,66.3,93.1,0,38.09,13,37.3,56.4,-0.45,2,3.9,828.4,7.302,0.113,1,1,0,0,0,1,0,0,0,0,0,0,6,1,0,6.0,112.3,153.9,124.66666666666669,153.9,41.60000000000001,0.1121252149516865,0.1150244678661503,-0.0406268136970411,0.4064078401809283,1.0,153.9,240.0,112.3,41.0,1.0,240.0,138.55,-1.0,22.3,32.2,25.8,22.3,9.900000000000002,0.143864078854676,-0.020291279732374,0.1879280325014507,-0.0018469656992085,-1.0,32.2,42.0,22.3,240.0,3.0,41.0,23.75,139.0,103.4,115.2,110.86666666666667,115.2,11.799999999999995,0.0401481561978938,-0.0195073250002303,-0.0224318049912949,0.1901997738409344,1.0,115.2,240.0,103.4,181.0,0.0,-1.0,110.9,59.0,66.3,82.6,74.86666666666667,66.3,16.299999999999997,0.0773391677775533,-0.0067453283732017,0.0648868253047003,-0.1967583867320023,-1.0,82.6,42.0,66.3,240.0,72.55,198.0,90.0,95.5,92.53333333333332,93.1,5.5,0.0202435465680506,0.005891948182804,-0.0707196749854904,0.0488503580851862,-1.0,95.5,217.0,90.0,42.0,2.0,42.0,94.3,175.0,37.95,38.22,38.05,38.09,0.269999999999996,0.0023457604623733,0.0001129853254241,0.002887405687754,0.0005446664153788,1.0,38.22,42.0,37.95,41.0,38.05500000000001,139.0,11.0,13.0,11.5,13.0,2.0,0.0664141405066063,0.0062022123988953,-7.058948901020773e-17,0.0333584621183566,1.0,13.0,240.0,11.0,0.0,5.0,0.0,12.5,-1.0,37.3,45.6,42.43333333333334,37.3,8.300000000000004,0.0639870458198843,-0.0199232633651686,-0.030818340104469,-0.0681492649830383,-1.0,45.6,42.0,37.3,240.0,0.0,-1.0,40.2,-1.0,3.0,1.0,1.0,1.0,1.0,1.0,1.0,1.0,1.0,1.0,1.0,1.0,1.0,1.0,1.0,3.0,1.0,68.0,147.0,0.0,1.0,72.0,1.0,147.0,0.0,-1.0,0.0,-1.0,0.0,-1.0,4.0,0.0,68.0,-168.0,11.0,240.0,3.0,0.0,240.0,1.0,0.0,0.0,240.0,3.0,9.0,13.0,13.0,240.0,4.0,0.4444444444444444,0.0,240.0,3.0,140.2,136.8,140.2,0.0,-3.3999999999999773,-0.0242510699001424,0.0,240.0,3.0,4.81,4.18,4.81,0.0,-0.6299999999999999,-0.1309771309771309,0.0,240.0,3.0,20.4,21.6,21.6,240.0,1.2000000000000028,0.0588235294117648,0.0,240.0,3.0,70.8,49.2,70.8,0.0,-21.599999999999994,-0.3050847457627118,0.0,240.0,3.0,7.294,7.302,7.307,120.0,0.008,0.00109679188374,0.0,240.0,3.0,0.157,0.113,0.157,0.0,-0.044,-0.2802547770700637,0.0,240.0,3.0,4.01,3.9,4.43,120.0,-0.1099999999999998,-0.027431421446384,0.0,240.0,3.0,969.0,828.4,969.0,0.0,-140.60000000000002,-0.1450980392156863,0.0,240.0,3.0,21.8,24.6,24.6,240.0,2.8000000000000007,0.1284403669724771,0.0,240.0,3.0,7.2,10.76,10.76,240.0,3.56,0.4944444444444443,0.0,240.0,3.0,125.9,113.7,125.9,0.0,-12.200000000000005,-0.096902303415409,0.0,240.0,3.0,303.8,296.7,303.8,0.0,-7.100000000000023,-0.0233706385780119,56.400000000000006,56.400000000000006,0.5784615384615385,1,-6.0,6.0,-0.2120141342756183,-1,-19.39999999999999,19.39999999999999,-0.1441307578008914,-1,-13.400000000000006,13.400000000000006,-0.1681304893350063,-1,2.0999999999999943,2.0999999999999943,0.023076923076923,1,-0.4499999999999957,0.4499999999999957,-0.011676180591593,-1,2,2,0.1818181818181818,1,-1,1,-1.0,-1,2,1,1,0,1,52.0,1,1,97,12,0,0,1,0,0,1,0,0,0,1,0,1,0,0,0,0,1,0,0,0,1,0,0,1,0,0,0,1,1,0,1,0,0,0,0.0,0.0,0,0,0,0,1,0,0,1,2,1,3757.65,1,3.970291913552122,98.0,0.9948979591836736,0,3,1,1,3,0,3,2,12,1.875,0.2307692307692307,3,54.89999999999999,13123.5,0.7243684992570579,33.320950965824665,2
E001188,2025-05-22,97.4,17.2,127.0,63.3,97.1,0,37.01,13,20,Male,White,Palpitations. Festival attendee from VIP tent with symptom onset ~198 minutes before arrival.,5,7,Festival Medical Tent Transfer,0,1,0,0,0,131.7,7.365,145.0,4.15,10.8,8.1,1,1,87.5,20.1,129.8,69.9,97.3,0,37.02,14,35.2,-9.9,0.01,1,1.7,333.2,7.396,0.03,1,0,0,0,0,0,0,0,0,0,0,4,3,0,0,7.0,76.8,109.4,90.15714285714286,87.5,32.60000000000001,0.1246919262613383,-0.0447345883078398,0.0733379986004204,-0.1487467881902364,1.0,109.4,142.0,76.8,185.0,0.0,-1.0,87.5,55.0,12.4,20.1,16.25714285714286,20.1,7.700000000000001,0.1524142340651938,-0.0021234077296837,-0.0331000699790063,0.0795268337615746,1.0,20.1,240.0,12.4,142.0,0.0,-1.0,20.1,43.0,109.1,141.1,123.68571428571428,129.8,32.0,0.0876739458701037,0.0058395139971339,0.2933170048985299,0.1559218500024242,1.0,141.1,43.0,109.1,142.0,0.0,-1.0,129.8,99.0,68.5,88.4,77.58571428571429,69.9,19.90000000000001,0.0946049662709721,-0.0246615622662625,-0.2507697690692793,-0.1916565666359624,1.0,88.4,142.0,68.5,185.0,69.9,-1.0,95.2,97.8,96.75714285714284,97.3,2.5999999999999943,0.0082470043075558,0.0008081967306715,-0.0137508747375794,-0.0042517089251951,1.0,97.8,142.0,95.2,185.0,0.0,-1.0,97.3,55.0,36.99,37.17,37.08428571428571,37.02,0.1799999999999997,0.0015447388309074,1.0905374465407689e-05,0.0028691392582225,-0.0014442235904395,-1.0,37.17,142.0,36.99,0.0,37.02,43.0,13.0,15.0,13.571428571428571,14.0,2.0,0.0536738896167661,0.006343387974398,-2.568652527484463e-17,0.0083385853492994,-1.0,15.0,185.0,13.0,0.0,0.0,-1.0,14.0,55.0,33.2,39.4,35.614285714285714,35.2,6.199999999999996,0.0487129337609635,-0.0098342497273656,0.0682995101469559,0.0085858341009356,1.0,39.4,43.0,33.2,168.0,0.0,-1.0,35.2,99.0,2.0,1.0,1.0,1.0,1.0,1.0,1.0,1.0,1.0,1.0,1.0,1.0,1.0,1.0,1.0,2.0,1.0,145.0,171.0,0.0,0.0,-1.0,1.0,171.0,0.0,-1.0,0.0,-1.0,1.0,145.0,3.0,0.0,145.0,,0.0,0.0,3.0,0.0,185.0,1.0,0.0,0.0,240.0,2.0,6.96,8.87,8.87,240.0,1.91,0.2744252873563217,0.0,240.0,2.0,134.9,133.8,134.9,0.0,-1.0999999999999943,-0.0081541882876204,0.0,240.0,2.0,4.02,4.04,4.04,240.0,0.0200000000000004,0.0049751243781095,0.0,240.0,2.0,23.3,20.5,23.3,0.0,-2.8000000000000007,-0.1201716738197425,0.0,240.0,2.0,38.9,22.5,38.9,0.0,-16.4,-0.4215938303341902,0.0,240.0,2.0,7.358,7.396,7.396,240.0,0.0380000000000002,0.0051644468605599,0.0,240.0,2.0,0.0,0.03,0.03,240.0,0.03,30000000.0,0.0,240.0,2.0,3.06,1.7,3.06,0.0,-1.36,-0.4444444444444445,0.0,240.0,2.0,279.3,333.2,333.2,240.0,53.89999999999998,0.1929824561403507,0.0,240.0,2.0,11.0,12.9,12.9,240.0,1.9000000000000004,0.1727272727272727,0.0,240.0,2.0,1.23,3.88,3.88,240.0,2.65,2.154471544715447,0.0,240.0,2.0,114.7,108.1,114.7,0.0,-6.6000000000000085,-0.0575414123801221,0.0,240.0,2.0,296.4,289.5,296.4,0.0,-6.899999999999977,-0.0232793522267205,-9.900000000000006,9.900000000000006,-0.1016427104722793,-1,2.900000000000002,2.900000000000002,0.1686046511627908,1,2.800000000000012,2.800000000000012,0.0220472440944882,1,6.6000000000000085,6.6000000000000085,0.104265402843602,1,0.2000000000000028,0.2000000000000028,0.0020597322348095,1,0.0100000000000051,0.0100000000000051,0.0002701972439882,1,1,1,0.0769230769230769,1,0,0,0.0,0,0,0,0,0,0,198.0,1,1,93,13,0,0,0,1,0,0,0,1,0,0,0,0,0,0,0,0,0,1,0,1,0,0,0,0,1,0,0,0,0,0,0,0,0,1,0.0,0.0,0,1,1,0,0,0,0,0,1,0,3604.774,0,5.293304824724492,84.53333333333333,1.1522082018927446,0,2,0,1,0,0,0,0,3,0.4919191919191919,0.0151515151515151,0,63.7,12369.8,0.7669291338582678,15.338582677165356,0
E001813,2025-05-21,106.6,24.8,123.5,70.1,93.9,0,38.03,13,70,Male,White,AMS and laceration laceration to left index finger. Old appearing.,3,7,EMS,0,0,1,1,0,140.2,7.314,138.9,5.06,13.0,12.5,0,0,98.4,21.9,121.0,76.8,95.7,0,37.47,14,39.4,-8.2,-0.56,1,3.08,349.0,7.413,0.032,1,1,1,0,0,0,0,0,0,1,0,3,2,0,1,8.0,96.7,115.0,104.57500000000002,98.4,18.3,0.0634102724377934,-0.0544692949523755,-0.2424242424242428,-0.0858979245529303,1.0,115.0,87.0,96.7,223.0,0.0,-1.0,97.55,-1.0,18.5,25.9,22.6,21.9,7.399999999999999,0.0924715245310016,-0.0148956812985632,-0.0909090909090909,-0.0110304137841012,1.0,25.9,0.0,18.5,223.0,2.0,0.0,20.2,-1.0,105.4,146.2,120.575,121.0,40.79999999999998,0.1011561287245098,-0.0015531801807125,-0.2181818181818184,0.0043973371622501,1.0,146.2,65.0,105.4,83.0,0.0,-1.0,123.9,18.0,59.1,82.8,71.97500000000001,76.8,23.7,0.0984537714498076,0.0340594443647651,-0.6030303030303035,0.0490259757211852,1.0,82.8,223.0,59.1,33.0,79.8,32.0,92.0,97.0,94.5,95.7,5.0,0.0202860206483394,0.0053488117032674,-0.0969696969696973,0.004885001957969,1.0,97.0,83.0,92.0,87.0,0.0,-1.0,94.3,116.0,37.07,37.81,37.4775,37.47,0.740000000000002,0.0064698612616736,-0.0013981996271018,-0.0060606060606061,-0.0005454118261323,1.0,37.81,0.0,37.07,87.0,37.475,136.0,12.0,14.0,12.625,14.0,2.0,0.0551263798300002,0.0069053665285874,-3.806284748324303e-17,0.0075864769612322,1.0,14.0,240.0,12.0,0.0,4.0,0.0,13.5,-1.0,34.4,43.9,38.825,39.4,9.5,0.0771919547772723,0.018358910327256,0.0303030303030301,0.0124223991645999,-1.0,43.9,87.0,34.4,65.0,0.0,-1.0,40.9,116.0,2.0,1.0,1.0,1.0,1.0,1.0,1.0,1.0,1.0,1.0,1.0,1.0,1.0,1.0,1.0,4.0,1.0,11.0,159.0,1.0,1.0,115.0,1.0,11.0,0.0,-1.0,1.0,159.0,1.0,132.0,5.0,0.0,11.0,,6.0,87.0,3.0,0.0,203.0,1.0,0.0,0.0,240.0,2.0,6.17,3.42,6.17,0.0,-2.75,-0.4457050243111831,0.0,240.0,2.0,136.6,143.0,143.0,240.0,6.400000000000006,0.0468521229868228,0.0,240.0,2.0,4.67,3.88,4.67,0.0,-0.79,-0.1691648822269807,0.0,240.0,2.0,19.6,21.9,21.9,240.0,2.299999999999997,0.11734693877551,0.0,240.0,2.0,34.9,44.6,44.6,240.0,9.700000000000005,0.2779369627507164,0.0,240.0,2.0,7.331,7.413,7.413,240.0,0.0819999999999998,0.0111853771654617,0.0,240.0,2.0,0.073,0.032,0.073,0.0,-0.0409999999999999,-0.5616438356164383,0.0,240.0,2.0,2.69,3.08,3.08,240.0,0.3900000000000001,0.1449814126394052,0.0,240.0,2.0,364.4,349.0,364.4,0.0,-15.399999999999975,-0.0422612513721184,0.0,240.0,2.0,22.8,16.4,22.8,0.0,-6.400000000000002,-0.280701754385965,0.0,240.0,2.0,0.92,3.2,3.2,240.0,2.28,2.4782608695652177,0.0,240.0,2.0,126.4,92.9,126.4,0.0,-33.5,-0.2650316455696202,0.0,240.0,2.0,298.8,290.1,298.8,0.0,-8.699999999999989,-0.0291164658634537,-8.199999999999989,8.199999999999989,-0.0769230769230768,-1,-2.900000000000002,2.900000000000002,-0.1169354838709678,-1,-2.5,2.5,-0.020242914979757,-1,6.700000000000003,6.700000000000003,0.0955777460770328,1,1.7999999999999972,1.7999999999999972,0.0191693290734823,1,-0.5600000000000023,0.5600000000000023,-0.0147252169339995,-1,1,1,0.0769230769230769,1,0,0,0.0,0,2,0,0,0,0,,0,0,66,10,0,0,0,0,1,0,0,0,1,0,1,0,0,1,0,0,0,0,0,0,0,1,1,0,0,0,0,0,0,0,0,0,0,0,0.0,0.0769230769230769,0,0,0,0,1,1,0,1,1,1,4053.998,1,,87.89999999999999,1.2127417519908987,0,2,1,1,2,0,1,0,6,,,3,53.400000000000006,13165.1,0.863157894736842,60.42105263157894,3
E000812,2025-05-22,123.9,30.0,99.8,89.9,92.5,1,39.03,10,35,Female,Hispanic/Latino,Nausea/vomiting. Festival attendee from main stage with symptom onset ~184 minutes before arrival.,1,10,EMS,1,1,0,0,1,135.3,7.301,133.4,4.88,12.4,17.1,1,1,121.4,25.1,102.8,79.3,91.6,1,38.06,12,45.6,-2.5,-0.97,2,4.92,809.5,7.304,0.138,1,0,1,0,0,1,0,1,1,1,0,4,3,0,0,8.0,106.5,140.6,119.65,121.4,34.099999999999994,0.0875816628296476,0.0411773360827641,-0.3843750000000005,0.0990057611900036,1.0,140.6,191.0,106.5,69.0,1.0,191.0,117.5,94.0,23.1,31.6,27.25,25.1,8.5,0.0874981212298448,-0.0182578008507423,0.1468749999999999,-0.0209811364380816,-1.0,31.6,32.0,23.1,214.0,7.0,0.0,24.1,37.0,102.2,133.4,112.6375,102.8,31.200000000000003,0.0944624255191311,-0.0960273801131831,-0.2062500000000005,-0.014780631611399,-1.0,133.4,0.0,102.2,191.0,0.0,-1.0,107.5,-1.0,68.6,84.4,77.4125,79.3,15.800000000000011,0.066603300762152,0.0168674936919013,-0.4125000000000003,0.0208385518025394,1.0,84.4,214.0,68.6,32.0,81.85,42.0,91.6,93.7,92.425,91.6,2.1000000000000085,0.0076074444741278,0.0036054435213795,0.0156249999999994,0.0012851885392781,-1.0,93.7,163.0,91.6,0.0,0.0,-1.0,92.4,77.0,37.75,38.33,38.07,38.06,0.5799999999999983,0.0049578634326705,-0.0004190026945298,-0.0043750000000002,0.0012539740650108,1.0,38.33,0.0,37.75,163.0,38.085,28.0,10.0,12.0,11.375,12.0,2.0,0.0753368637406708,0.0024134379522451,-3.9252311467094367e-17,0.0121582304090637,0.0,12.0,0.0,10.0,69.0,8.0,0.0,12.0,94.0,37.7,45.6,42.25,45.6,7.899999999999999,0.0641350244016058,0.0165712491243327,0.0312499999999998,0.0143162681361874,1.0,45.6,240.0,37.7,69.0,0.0,-1.0,43.55,-1.0,3.0,1.0,1.0,1.0,1.0,1.0,1.0,1.0,1.0,1.0,1.0,1.0,1.0,1.0,1.0,3.0,1.0,80.0,215.0,0.0,0.0,-1.0,1.0,215.0,0.0,-1.0,1.0,103.0,0.0,-1.0,5.0,0.0,80.0,,16.0,240.0,3.0,69.0,-1.0,1.0,0.0,0.0,240.0,3.0,10.85,7.96,11.64,120.0,-2.89,-0.2663594470046083,0.0,240.0,3.0,140.6,141.2,141.2,240.0,0.5999999999999943,0.0042674253200568,0.0,240.0,3.0,4.59,4.1,5.24,120.0,-0.4900000000000002,-0.1067538126361656,0.0,240.0,3.0,19.1,18.6,21.5,120.0,-0.5,-0.0261780104712041,0.0,240.0,3.0,64.0,58.0,72.8,120.0,-6.0,-0.09375,0.0,240.0,3.0,7.272,7.304,7.318,120.0,0.032,0.0044004400440044,0.0,240.0,3.0,0.179,0.138,0.179,0.0,-0.0409999999999999,-0.2290502793296088,0.0,240.0,3.0,3.7,4.92,5.0,120.0,1.2199999999999998,0.3297297297297296,0.0,240.0,3.0,1076.1,809.5,1076.1,0.0,-266.5999999999999,-0.2477464919617135,0.0,240.0,3.0,25.6,23.0,25.6,0.0,-2.6000000000000014,-0.1015625,0.0,240.0,3.0,6.31,10.25,10.25,240.0,3.94,0.6244057052297941,0.0,240.0,3.0,174.7,104.7,174.7,0.0,-69.99999999999999,-0.4006868918145391,0.0,240.0,3.0,301.4,293.5,308.9,120.0,-7.899999999999977,-0.02621101526211,-2.5,2.5,-0.0201775625504439,-1,-4.899999999999999,4.899999999999999,-0.1633333333333332,-1,3.0,3.0,0.0300601202404809,1,-10.600000000000009,10.600000000000009,-0.1179087875417131,-1,-0.9000000000000057,0.9000000000000057,-0.0097297297297297,-1,-0.9699999999999988,0.9699999999999988,-0.0248526774276197,-1,2,2,0.2,1,0,0,0.0,0,2,0,0,0,0,184.0,1,1,98,13,1,0,0,0,0,0,0,1,0,0,0,0,0,0,1,0,1,0,1,0,1,0,0,0,0,0,1,1,0,0,1,0,0,0,0.0,0.0,0,0,0,1,1,0,1,1,2,1,4835.817,0,5.220355825078324,93.2,1.3293991416309012,1,3,1,2,3,2,2,2,14,0.6733695652173913,0.0760869565217391,3,9.899999999999991,12365.22,1.2414829659318638,43.45190380761523,3
E001811,2025-05-21,91.0,25.8,114.0,69.4,96.5,0,37.04,13,42,Male,White,General weakness. Festival attendee from main stage with symptom onset ~75 minutes before arrival.,4,8,Police,0,0,0,0,0,100.4,7.39,139.3,4.18,13.3,8.9,1,1,77.3,12.7,134.1,91.9,98.5,0,36.64,14,37.0,-13.7,-0.4,1,,,,,0,1,0,0,1,0,0,0,0,0,0,3,2,0,1,7.0,57.3,84.8,75.68571428571428,77.3,27.5,0.1125259965010099,-0.0450365772311563,-0.1096774193548385,0.0581170947972358,1.0,84.8,0.0,57.3,168.0,0.0,-1.0,74.25,24.0,12.7,21.6,16.342857142857145,12.7,8.900000000000002,0.1922441090054723,-0.0194195604116937,-0.2258064516129032,-0.0444614682487938,1.0,21.6,0.0,12.7,240.0,0.0,-1.0,13.2,-1.0,105.7,156.1,125.22857142857144,134.1,50.39999999999999,0.1348122217451493,0.1241051395557806,-0.0709677419354841,0.1359988264441258,1.0,156.1,168.0,105.7,144.0,0.0,-1.0,133.8,24.0,73.2,91.9,80.61428571428571,91.9,18.700000000000003,0.081660107397113,0.062150972728325,-0.0774193548387097,0.1707034815490938,1.0,91.9,240.0,73.2,31.0,89.45,-1.0,95.1,99.3,97.3142857142857,98.5,4.200000000000003,0.015086845479361,0.0097562252958978,0.0387096774193543,-0.0142326248533054,1.0,99.3,168.0,95.1,0.0,0.0,-1.0,97.65,24.0,36.12,37.33,36.80428571428571,36.64,1.2100000000000009,0.0099077287525236,-0.00192787091297,-0.0116129032258064,-0.004606206806624,1.0,37.33,168.0,36.12,192.0,36.655,31.0,13.0,15.0,14.0,14.0,2.0,0.0381801774160606,-0.0015242809969294,-1.0968794689013436e-16,-0.0128765158430042,1.0,15.0,144.0,13.0,223.0,0.0,-1.0,13.5,24.0,32.3,39.6,35.08571428571429,37.0,7.300000000000004,0.0656409378257923,-0.009640457118916,0.1677419354838709,0.0164395618724735,-1.0,39.6,31.0,32.3,192.0,0.0,-1.0,35.15,113.0,1.0,1.0,1.0,1.0,1.0,1.0,1.0,1.0,1.0,1.0,1.0,1.0,1.0,1.0,1.0,2.0,1.0,55.0,216.0,1.0,1.0,216.0,0.0,-1.0,0.0,-1.0,0.0,-1.0,0.0,-1.0,4.0,0.0,55.0,,0.0,0.0,3.0,223.0,192.0,1.0,0.0,0.0,0.0,1.0,6.66,6.66,6.66,0.0,0.0,0.0,0.0,0.0,1.0,137.9,137.9,137.9,0.0,0.0,0.0,0.0,0.0,1.0,3.98,3.98,3.98,0.0,0.0,0.0,0.0,0.0,1.0,23.0,23.0,23.0,0.0,0.0,0.0,0.0,0.0,1.0,38.7,38.7,38.7,0.0,0.0,0.0,0.0,0.0,1.0,7.352,7.352,7.352,0.0,0.0,0.0,0.0,0.0,1.0,0.003,0.003,0.003,0.0,0.0,0.0,0.0,0.0,1.0,1.66,1.66,1.66,0.0,0.0,0.0,0.0,0.0,1.0,417.7,417.7,417.7,0.0,0.0,0.0,0.0,0.0,1.0,6.7,6.7,6.7,0.0,0.0,0.0,0.0,0.0,1.0,1.06,1.06,1.06,0.0,0.0,0.0,0.0,0.0,1.0,120.9,120.9,120.9,0.0,0.0,0.0,0.0,0.0,1.0,286.5,286.5,286.5,0.0,0.0,0.0,-13.700000000000005,13.700000000000005,-0.1505494505494505,-1,-13.1,13.1,-0.5077519379844961,-1,20.099999999999994,20.099999999999994,0.1763157894736841,1,22.5,22.5,0.324207492795389,1,2.0,2.0,0.0207253886010362,1,-0.3999999999999986,0.3999999999999986,-0.0107991360691144,-1,1,1,0.0769230769230769,1,0,0,0.0,0,0,0,0,0,0,75.0,1,1,98,14,1,0,0,0,0,0,1,0,0,0,0,0,0,0,1,0,0,0,0,0,0,0,0,0,0,0,0,0,0,0,0,0,0,0,0.0,0.0,0,1,1,0,0,0,0,0,1,0,3370.64,0,4.330733340286331,84.26666666666667,1.0799050632911391,0,2,1,1,3,0,0,0,6,1.2133333333333334,0.08,0,44.6,10374.0,0.7982456140350878,33.526315789473685,1
E001159,2025-05-18,86.2,19.2,111.8,64.4,99.4,0,37.36,13,45,Female,Hispanic/Latino,Nausea/vomiting. Festival attendee from beach shuttle stop with symptom onset ~101 minutes before arrival.,4,1,Walk-in,0,0,0,0,0,103.7,7.32,137.5,3.85,15.3,9.4,1,1,74.8,12.1,123.9,83.2,97.4,0,36.66,15,36.3,-11.4,-0.7,2,,,,,1,1,0,0,0,0,0,0,0,0,0,0,6,1,0,9.0,68.8,97.3,83.66666666666667,74.8,28.5,0.1145915360720977,-0.0343533163815025,0.0,-0.0129294898300744,-1.0,97.3,191.0,68.8,106.0,0.0,-1.0,81.35,21.0,11.5,18.7,14.833333333333334,12.1,7.199999999999999,0.1671100444276692,-0.0216825410507262,0.0,-0.0216620394982967,1.0,18.7,180.0,11.5,214.0,0.0,-1.0,11.8,-1.0,103.0,144.4,124.6222222222222,123.9,41.400000000000006,0.0855592208646672,0.0425627433234206,0.0,-0.0531336759406936,-1.0,144.4,127.0,103.0,0.0,0.0,-1.0,120.7,64.0,68.6,89.8,80.47777777777779,83.2,21.200000000000003,0.0711948943379771,-0.0159347210849173,0.0,-0.021720125228897,-1.0,89.8,80.0,68.6,127.0,82.1,64.0,95.5,99.1,97.1,97.4,3.5999999999999943,0.0116516050452984,0.0014330043528853,0.0,0.001407840589127,1.0,99.1,106.0,95.5,127.0,0.0,-1.0,96.7,21.0,36.49,37.3,36.77777777777778,36.66,0.8099999999999952,0.006476118160189,-0.0010060480684969,0.0,0.0013233701537795,1.0,37.3,0.0,36.49,106.0,36.825,108.0,14.0,15.0,14.88888888888889,15.0,1.0,0.0211076651100461,0.0002083063971612,0.0,0.0010534191820741,0.0,15.0,0.0,14.0,127.0,0.0,-1.0,15.0,53.0,26.3,42.8,34.577777777777776,36.3,16.499999999999996,0.1444586554819346,-0.0384727549598472,0.0,-0.0205249374840018,1.0,42.8,0.0,26.3,191.0,2.0,106.0,33.75,49.0,1.0,1.0,1.0,1.0,1.0,1.0,1.0,1.0,1.0,1.0,1.0,1.0,1.0,1.0,1.0,3.0,1.0,110.0,160.0,0.0,1.0,134.0,1.0,110.0,0.0,-1.0,0.0,-1.0,1.0,160.0,4.0,0.0,110.0,,2.0,23.0,6.0,127.0,180.0,1.0,0.0,0.0,0.0,1.0,6.64,6.64,6.64,0.0,0.0,0.0,0.0,0.0,1.0,141.0,141.0,141.0,0.0,0.0,0.0,0.0,0.0,1.0,4.32,4.32,4.32,0.0,0.0,0.0,0.0,0.0,1.0,19.0,19.0,19.0,0.0,0.0,0.0,0.0,0.0,1.0,8.5,8.5,8.5,0.0,0.0,0.0,0.0,0.0,1.0,7.382,7.382,7.382,0.0,0.0,0.0,0.0,0.0,1.0,0.018,0.018,0.018,0.0,0.0,0.0,0.0,0.0,1.0,1.06,1.06,1.06,0.0,0.0,0.0,0.0,0.0,1.0,435.9,435.9,435.9,0.0,0.0,0.0,0.0,0.0,1.0,9.3,9.3,9.3,0.0,0.0,0.0,0.0,0.0,1.0,3.4,3.4,3.4,0.0,0.0,0.0,0.0,0.0,1.0,103.9,103.9,103.9,0.0,0.0,0.0,0.0,0.0,1.0,285.4,285.4,285.4,0.0,0.0,0.0,-11.400000000000006,11.400000000000006,-0.1322505800464037,-1,-7.1,7.1,-0.3697916666666667,-1,12.100000000000009,12.100000000000009,0.1082289803220036,1,18.8,18.8,0.2919254658385092,1,-2.0,2.0,-0.0201207243460764,-1,-0.7000000000000028,0.7000000000000028,-0.0187366167023555,-1,2,2,0.1538461538461538,1,0,0,0.0,0,2,0,0,0,0,101.0,1,1,106,14,0,0,0,1,0,0,1,0,0,0,1,0,0,0,0,0,0,0,0,0,0,1,0,0,0,0,0,0,0,0,0,0,0,0,0.0,0.0,0,1,0,0,0,0,0,1,1,0,3220.432,0,4.624972813284271,80.2,1.0748129675810474,0,2,0,0,0,0,0,0,2,0.8534653465346534,0.0198019801980198,1,47.39999999999999,9637.16,0.7710196779964222,34.695885509839,0
E000087,2025-05-22,103.6,28.5,149.7,68.6,91.1,1,37.49,11,41,Male,White,Altered mental status. Festival attendee from campground with symptom onset ~125 minutes before arrival.,2,3,EMS,0,0,0,1,0,124.3,7.297,134.5,3.98,11.4,10.9,1,1,123.5,20.8,107.2,67.1,94.8,0,37.62,12,36.1,19.9,0.13,1,2.83,544.3,7.301,0.157,0,0,0,0,0,0,1,0,0,0,0,4,3,0,0,8.0,105.2,127.1,116.275,123.5,21.89999999999999,0.0590527474095533,0.0297448086064548,0.072413793103448,0.0103959086500308,1.0,127.1,97.0,105.2,139.0,0.0,-1.0,123.5,42.0,20.8,27.4,24.7,20.8,6.599999999999998,0.0825503988020392,-0.0167950963222416,-0.0258620689655173,-0.0209328983334803,-1.0,27.4,67.0,20.8,240.0,6.0,0.0,20.8,-1.0,106.1,126.7,113.4875,107.2,20.60000000000001,0.0626850686483188,-0.0612722041531148,-0.0862068965517247,-0.0466052376333656,1.0,126.7,67.0,106.1,70.0,0.0,-1.0,107.2,-1.0,56.1,94.1,73.9375,67.1,37.99999999999999,0.1386832673186641,0.0301113335001248,0.1051724137931034,0.0309849219645533,-1.0,94.1,173.0,56.1,70.0,67.1,67.0,91.5,96.2,93.8625,94.8,4.700000000000003,0.0171700910482974,0.005868151113335,-0.081034482758621,0.0162375451900183,1.0,96.2,0.0,91.5,58.0,0.0,-1.0,94.8,81.0,37.3,38.02,37.57625,37.62,0.720000000000006,0.0057493858703971,0.0003744058043533,0.0067241379310344,-0.0005696146724275,-1.0,38.02,70.0,37.3,0.0,37.62,27.0,10.0,13.0,11.375,12.0,3.0,0.0753368637406708,0.0050662997247936,-0.0172413793103448,0.0113305704964288,0.0,13.0,173.0,10.0,67.0,7.0,0.0,12.0,3.0,36.1,43.5,41.2625,36.1,7.399999999999999,0.0558188340907819,-0.0195559169377031,-0.0448275862068967,-0.0361961026364519,-1.0,43.5,67.0,36.1,240.0,0.0,-1.0,36.1,-1.0,2.0,1.0,1.0,1.0,1.0,1.0,1.0,1.0,1.0,1.0,1.0,1.0,1.0,1.0,1.0,0.0,0.0,-1.0,-1.0,0.0,0.0,-1.0,0.0,-1.0,0.0,-1.0,0.0,-1.0,0.0,-1.0,0.0,0.0,,,13.0,173.0,4.0,67.0,-1.0,0.0,0.0,120.0,240.0,2.0,14.72,12.76,14.72,120.0,-1.9600000000000009,-0.1331521739130435,120.0,240.0,2.0,139.8,138.1,139.8,120.0,-1.700000000000017,-0.0121602288984264,120.0,240.0,2.0,4.28,4.6,4.6,240.0,0.3199999999999994,0.0747663551401867,120.0,240.0,2.0,20.7,22.1,22.1,240.0,1.400000000000002,0.067632850241546,120.0,240.0,2.0,44.6,64.7,64.7,240.0,20.1,0.4506726457399103,120.0,240.0,2.0,7.332,7.301,7.332,120.0,-0.0309999999999996,-0.0042280414620839,120.0,240.0,2.0,0.108,0.157,0.157,240.0,0.049,0.4537037037037037,120.0,240.0,2.0,2.95,2.83,2.95,120.0,-0.1200000000000001,-0.0406779661016949,120.0,240.0,2.0,744.9,544.3,744.9,120.0,-200.6,-0.2692978923345416,120.0,240.0,2.0,17.2,27.4,27.4,240.0,10.2,0.5930232558139534,120.0,240.0,2.0,4.81,9.44,9.44,240.0,4.63,0.9625779625779628,120.0,240.0,2.0,133.1,83.2,133.1,120.0,-49.89999999999999,-0.3749060856498872,120.0,240.0,2.0,302.1,293.8,302.1,120.0,-8.300000000000011,-0.0274743462429659,19.90000000000001,19.90000000000001,0.1920849420849421,1,-7.699999999999999,7.699999999999999,-0.2701754385964912,-1,-42.49999999999999,42.49999999999999,-0.2839011356045423,-1,-1.5,1.5,-0.0218658892128279,-1,3.700000000000003,3.700000000000003,0.0406147091108672,1,0.1299999999999954,0.1299999999999954,0.0034675913576952,1,1,1,0.0909090909090909,1,-1,1,-1.0,-1,2,0,0,0,1,125.0,1,1,104,14,0,0,1,0,0,0,1,0,0,0,0,0,1,1,0,1,0,0,0,1,0,0,0,0,0,0,0,1,0,0,1,0,0,0,0.0,0.1176470588235294,0,1,0,0,0,0,0,1,2,0,3883.964,0,4.836281906951478,95.63333333333333,1.0833042872080865,1,3,1,1,3,0,2,0,9,0.8288,0.072,2,81.1,15508.919999999998,0.6920507682030729,28.37408149632599,3
E001160,2025-05-21,91.5,16.0,116.5,75.5,96.1,0,36.84,14,46,Male,White,Palpitations. Festival attendee from main stage with symptom onset ~108 minutes before arrival.,4,2,Walk-in,0,1,0,0,0,105.2,7.407,138.8,4.37,15.2,6.4,1,1,83.9,14.2,118.9,80.7,96.9,0,37.03,15,35.0,-7.6,0.19,1,,,,,0,0,0,0,0,0,0,0,0,0,0,3,2,0,1,7.0,77.1,95.0,81.71428571428571,83.9,17.900000000000006,0.0706207153874194,-0.0351663877750767,-0.3196428571428572,0.0423558787454005,1.0,95.0,0.0,77.1,56.0,0.0,-1.0,83.9,-1.0,11.4,18.0,14.12857142857143,14.2,6.6,0.1634581772752195,-0.0206942821961923,-0.0214285714285714,0.0173734010863851,1.0,18.0,0.0,11.4,154.0,0.0,-1.0,14.2,-1.0,114.3,133.3,122.44285714285716,118.9,19.00000000000001,0.0510740449887022,0.0294485839674168,0.1607142857142856,-0.0174566322060626,-1.0,133.3,164.0,114.3,0.0,0.0,-1.0,118.9,76.0,71.6,86.9,76.75714285714287,80.7,15.300000000000011,0.0640059661991112,-0.0268130584409434,-0.2214285714285717,0.0471088137375153,1.0,86.9,0.0,71.6,164.0,80.7,76.0,94.8,99.0,96.54285714285712,96.9,4.200000000000003,0.0133438299113293,0.0090550310990432,0.0410714285714281,0.0114946556859999,-1.0,99.0,164.0,94.8,0.0,0.0,-1.0,96.9,76.0,36.63,37.17,36.92714285714286,37.03,0.5399999999999991,0.0046381530319164,0.0003958418842547,-0.0008928571428573,-0.0003885579113369,1.0,37.17,114.0,36.63,164.0,37.03,22.0,12.0,15.0,13.857142857142858,15.0,3.0,0.0601129061324257,0.0025258106273481,-6.072011345703866e-17,0.014193096197652,1.0,15.0,240.0,12.0,136.0,1.0,136.0,15.0,18.0,30.6,35.0,32.971428571428575,35.0,4.399999999999999,0.0427605885319768,0.0035329776150032,-0.0196428571428572,0.0313825127036972,1.0,35.0,240.0,30.6,136.0,0.0,-1.0,35.0,18.0,2.0,1.0,1.0,1.0,1.0,1.0,1.0,1.0,1.0,1.0,1.0,1.0,1.0,1.0,1.0,0.0,0.0,-1.0,-1.0,0.0,0.0,-1.0,0.0,-1.0,0.0,-1.0,0.0,-1.0,0.0,-1.0,0.0,0.0,,,1.0,18.0,3.0,136.0,240.0,0.0,0.0,0.0,120.0,2.0,10.86,7.27,10.86,0.0,-3.59,-0.3305709023941068,0.0,120.0,2.0,138.1,137.4,138.1,0.0,-0.6999999999999886,-0.005068790731354,0.0,120.0,2.0,3.53,3.74,3.74,120.0,0.2100000000000004,0.0594900849858358,0.0,120.0,2.0,21.9,22.7,22.7,120.0,0.8000000000000007,0.0365296803652968,0.0,120.0,2.0,32.7,31.5,32.7,0.0,-1.2000000000000028,-0.0366972477064221,0.0,120.0,2.0,7.392,7.44,7.44,120.0,0.048,0.0064935064935064,0.0,120.0,2.0,0.008,0.007,0.008,0.0,-0.001,-0.125,0.0,120.0,2.0,0.94,3.01,3.01,120.0,2.07,2.202127659574468,0.0,120.0,2.0,513.2,203.0,513.2,0.0,-310.20000000000005,-0.6044427123928293,0.0,120.0,2.0,1.0,8.6,8.6,120.0,7.6,7.6,0.0,120.0,2.0,3.18,0.72,3.18,0.0,-2.46,-0.7735849056603773,0.0,120.0,2.0,96.8,104.0,104.0,120.0,7.200000000000003,0.0743801652892562,0.0,120.0,2.0,290.5,293.4,293.4,120.0,2.8999999999999773,0.0099827882960412,-7.599999999999994,7.599999999999994,-0.0830601092896174,-1,-1.8000000000000007,1.8000000000000007,-0.1125,-1,2.4000000000000057,2.4000000000000057,0.0206008583690987,1,5.200000000000003,5.200000000000003,0.0688741721854305,1,0.8000000000000114,0.8000000000000114,0.008324661810614,1,0.1899999999999977,0.1899999999999977,0.0051574375678609,1,1,1,0.0714285714285714,1,0,0,0.0,0,0,0,0,0,0,108.0,1,1,95,13,1,0,0,0,0,0,1,0,0,0,0,0,0,0,1,0,0,1,0,0,0,0,0,0,0,0,0,0,0,0,0,0,0,1,0.0,0.0,0,1,1,0,0,0,0,0,0,0,3370.86,0,4.691347882229144,89.16666666666667,1.0261682242990653,0,1,0,1,0,0,0,0,2,0.8472222222222222,0.0185185185185185,0,41.0,10659.75,0.7854077253218884,36.128755364806864,0
E001729,2025-05-18,70.7,10.8,112.8,81.3,94.9,0,37.04,13,21,Male,White,General weakness. Community patient from workplace with symptom onset ~191 minutes before arrival.,5,3,EMS,0,0,0,0,1,112.9,7.376,136.8,3.86,12.9,8.4,0,0,72.8,16.1,118.6,74.1,98.6,0,36.66,14,38.5,2.1,-0.38,1,,,,,0,0,0,0,0,0,0,0,0,0,0,0,6,1,0,7.0,72.8,89.9,78.75714285714285,72.8,17.10000000000001,0.0691667226199206,0.0018166089965397,-0.1674777725783812,0.0095369349503857,-1.0,89.9,209.0,72.8,240.0,0.0,-1.0,72.8,-1.0,9.2,16.8,13.185714285714289,16.1,7.600000000000001,0.2107753244516953,0.0147022779700115,0.0700046794571829,0.0298235942668136,1.0,16.8,209.0,9.2,186.0,0.0,-1.0,16.1,-1.0,110.8,152.5,128.3857142857143,118.6,41.7,0.1036726340492401,-0.0631055363321799,-0.7660037435657464,-0.220845802488581,1.0,152.5,0.0,110.8,53.0,0.0,-1.0,118.6,78.0,70.5,92.7,77.58571428571429,74.1,22.200000000000003,0.084903645762013,0.0172523788927334,-0.0116518483855875,0.0283902976846746,-1.0,92.7,186.0,70.5,131.0,74.1,23.0,96.9,98.8,97.92857142857144,98.6,1.899999999999992,0.0068980833946239,0.0026275951557092,0.0130088909686474,0.0125374074657422,-1.0,98.8,21.0,96.9,0.0,0.0,-1.0,98.6,32.0,36.34,36.91,36.705714285714286,36.66,0.5699999999999932,0.0050944541915846,0.0006372549019607,-0.0034861956013103,-0.0025074814931486,1.0,36.91,131.0,36.34,21.0,36.66,32.0,14.0,15.0,14.428571428571429,14.0,1.0,0.0342980357934431,0.000594723183391,0.0198876930276087,-0.0067727201134037,-1.0,15.0,53.0,14.0,0.0,0.0,-1.0,14.0,133.0,31.8,38.5,35.1,38.5,6.699999999999999,0.0672992125983915,0.0030348904267589,-0.0129153018249882,0.0373050874153408,1.0,38.5,240.0,31.8,21.0,0.0,-1.0,38.5,32.0,0.0,0.0,0.0,0.0,0.0,0.0,0.0,0.0,0.0,0.0,0.0,0.0,0.0,0.0,0.0,0.0,0.0,-1.0,-1.0,0.0,0.0,-1.0,0.0,-1.0,0.0,-1.0,0.0,-1.0,0.0,-1.0,0.0,0.0,,,0.0,0.0,2.0,0.0,186.0,1.0,0.0,,,,,,,,,,,,,,,,,,,,,,,,,,,,,,,,,,,,,,,,,,,,,,,,,,,,,,,,,,,,,,,,,,,,,,,,,,,,,,,,,,,,,,,,,,,,,,,,,,,,,,,,,,,,,,,,,,,,,,2.0999999999999943,2.0999999999999943,0.0297029702970296,1,5.300000000000001,5.300000000000001,0.4907407407407407,1,5.799999999999997,5.799999999999997,0.051418439716312,1,-7.200000000000003,7.200000000000003,-0.0885608856088561,-1,3.6999999999999886,3.6999999999999886,0.0389884088514224,1,-0.3800000000000025,0.3800000000000025,-0.0102591792656588,-1,1,1,0.0769230769230769,1,0,0,0.0,0,1,0,0,0,0,191.0,1,0,98,13,0,0,0,0,1,0,0,1,0,1,0,0,0,0,0,0,0,0,1,0,0,0,0,0,0,0,0,0,0,0,0,0,0,0,0.0,0.0,0,1,1,0,0,0,0,0,2,0,2618.728,0,5.2574953720277815,91.8,0.7701525054466232,0,2,0,0,1,0,1,0,4,0.3701570680628272,0.0209424083769633,0,31.5,7974.96,0.6267730496453902,13.162234042553193,0
E001380,2025-05-21,102.7,15.5,111.6,70.0,97.8,0,36.66,14,29,Female,Hispanic/Latino,Altered mental status. Festival attendee from VIP tent with symptom onset ~123 minutes before arrival.,4,2,EMS,0,0,0,0,0,93.5,7.378,139.6,3.79,12.4,9.9,1,1,95.9,17.2,114.8,65.7,96.5,0,36.6,14,33.1,-6.8,-0.06,0,,,,,1,0,0,0,0,0,0,0,0,0,0,3,2,0,1,8.0,72.8,100.9,85.9375,95.9,28.10000000000001,0.1342461929835573,0.000995093699277,0.4153846153846144,0.1272774060730827,-1.0,100.9,214.0,72.8,88.0,0.0,-1.0,98.4,126.0,14.5,19.0,16.5625,17.2,4.5,0.1012530957118963,0.0022345801977276,0.1653846153846152,0.0072729027277405,-1.0,19.0,26.0,14.5,83.0,0.0,-1.0,17.7,57.0,114.8,140.4,125.1625,114.8,25.60000000000001,0.0683811709302193,0.0050603142983618,0.5807692307692304,-0.0351486103962942,-1.0,140.4,172.0,114.8,240.0,0.0,-1.0,117.55,42.0,65.7,82.8,76.1125,65.7,17.099999999999994,0.07820256000266,-0.0105088903644681,0.2230769230769222,-0.029873262995368,-1.0,82.8,173.0,65.7,240.0,71.05000000000001,41.0,95.8,98.5,96.7875,96.5,2.700000000000003,0.0082887041145396,-0.0023157370517928,-0.1038461538461543,0.0008363355635616,1.0,98.5,0.0,95.8,26.0,0.0,-1.0,96.45,146.0,36.56,36.88,36.67625,36.6,0.3200000000000003,0.0028168727679266,-0.0005060314298362,-0.0073076923076923,-0.0015094248584663,1.0,36.88,88.0,36.56,26.0,36.615,57.0,14.0,15.0,14.5,14.0,1.0,0.0344827586206896,0.0016046923417441,0.0384615384615383,0.0035705095213587,-1.0,15.0,26.0,14.0,0.0,0.0,-1.0,14.5,57.0,31.3,39.3,35.575,33.1,7.9999999999999964,0.0740083041161958,0.006520215434558,0.0846153846153844,-0.0298732629953679,-1.0,39.3,83.0,31.3,0.0,0.0,-1.0,35.150000000000006,89.0,1.0,1.0,1.0,1.0,1.0,1.0,1.0,1.0,1.0,1.0,1.0,1.0,1.0,1.0,1.0,2.0,1.0,15.0,168.0,1.0,0.0,-1.0,1.0,15.0,0.0,-1.0,0.0,-1.0,1.0,168.0,3.0,0.0,-105.0,,0.0,0.0,5.0,0.0,214.0,1.0,0.0,120.0,120.0,1.0,10.04,10.04,10.04,120.0,0.0,0.0,120.0,120.0,1.0,137.4,137.4,137.4,120.0,0.0,0.0,120.0,120.0,1.0,3.43,3.43,3.43,120.0,0.0,0.0,120.0,120.0,1.0,19.7,19.7,19.7,120.0,0.0,0.0,120.0,120.0,1.0,16.4,16.4,16.4,120.0,0.0,0.0,120.0,120.0,1.0,7.383,7.383,7.383,120.0,0.0,0.0,120.0,120.0,1.0,0.022,0.022,0.022,120.0,0.0,0.0,120.0,120.0,1.0,0.87,0.87,0.87,120.0,0.0,0.0,120.0,120.0,1.0,20.0,20.0,20.0,120.0,0.0,0.0,120.0,120.0,1.0,18.2,18.2,18.2,120.0,0.0,0.0,120.0,120.0,1.0,0.75,0.75,0.75,120.0,0.0,0.0,120.0,120.0,1.0,81.1,81.1,81.1,120.0,0.0,0.0,120.0,120.0,1.0,283.1,283.1,283.1,120.0,0.0,0.0,-6.799999999999997,6.799999999999997,-0.0662122687439142,-1,1.6999999999999993,1.6999999999999993,0.1096774193548386,1,3.200000000000003,3.200000000000003,0.028673835125448,1,-4.299999999999997,4.299999999999997,-0.0614285714285713,-1,-1.2999999999999972,1.2999999999999972,-0.0132924335378322,-1,-0.0599999999999951,0.0599999999999951,-0.0016366612111291,-1,0,0,0.0,0,0,0,0.0,0,1,0,0,0,0,123.0,1,1,102,15,0,0,0,1,0,0,1,0,0,0,0,0,0,0,0,0,0,0,0,0,0,1,1,0,0,0,0,0,0,0,0,1,0,0,0.0,0.1111111111111111,0,1,1,0,0,0,0,0,0,0,3764.982,0,4.820281565605037,83.86666666666666,1.22456279809221,0,1,0,1,0,0,0,0,2,0.8349593495934959,0.016260162601626,0,41.6,11461.32,0.9202508960573478,26.687275985663085,1
E000507,2025-05-20,71.0,19.8,123.3,72.4,97.4,0,36.62,15,17,Male,Asian,Altered mental status. Community patient from workplace with symptom onset ~227 minutes before arrival.,5,5,Walk-in,0,0,1,0,0,105.9,7.364,142.5,3.37,15.3,4.3,0,0,70.2,9.8,122.8,79.0,95.5,0,36.53,14,33.8,-0.8,-0.09,-1,,,,,0,0,0,0,0,0,0,0,0,0,0,2,1,0,1,6.0,60.8,80.9,70.5,70.2,20.10000000000001,0.0899228133934494,0.0087147170918925,0.0,-0.0201271278679962,-1.0,80.9,65.0,60.8,110.0,0.0,-1.0,70.2,45.0,9.2,16.2,12.9,9.8,7.0,0.2162221035811062,0.0005496729090416,0.0,-0.0293645783447255,-1.0,16.2,110.0,9.2,0.0,0.0,-1.0,9.8,78.0,119.0,146.5,131.41666666666666,122.8,27.5,0.0852719961924125,-0.0206772183704597,0.0,0.018662109800165,-1.0,146.5,188.0,119.0,154.0,0.0,-1.0,122.8,34.0,69.8,87.6,78.61666666666666,79.0,17.799999999999997,0.0767264149062358,-0.0024926510155161,0.0,-0.0274674561365321,-1.0,87.6,65.0,69.8,110.0,79.0,45.0,95.5,99.7,97.7,95.5,4.200000000000003,0.0132797683084466,-0.0084238707468166,0.0,-0.0130610823283559,-1.0,99.7,154.0,95.5,240.0,0.0,-1.0,95.5,-1.0,36.38,36.72,36.55166666666667,36.53,0.3399999999999963,0.0035015241739542,0.0001605880966464,0.0,0.0005609734860028,-1.0,36.72,188.0,36.38,154.0,36.53,34.0,14.0,15.0,14.5,14.0,1.0,0.0344827586206896,-0.0054300212131049,0.0,-0.0069550263398494,0.0,15.0,0.0,14.0,154.0,0.0,-1.0,14.0,-1.0,31.0,39.2,35.11666666666667,33.8,8.200000000000003,0.0781318526754726,0.0131356704808749,0.0,-0.0071280856807002,-1.0,39.2,154.0,31.0,0.0,0.0,-1.0,33.8,86.0,1.0,1.0,1.0,1.0,1.0,1.0,1.0,1.0,1.0,1.0,1.0,1.0,1.0,1.0,1.0,1.0,1.0,74.0,74.0,0.0,0.0,-1.0,0.0,-1.0,0.0,-1.0,0.0,-1.0,1.0,74.0,3.0,0.0,74.0,,0.0,0.0,3.0,154.0,188.0,1.0,0.0,0.0,0.0,1.0,6.81,6.81,6.81,0.0,0.0,0.0,0.0,0.0,1.0,142.1,142.1,142.1,0.0,0.0,0.0,0.0,0.0,1.0,4.43,4.43,4.43,0.0,0.0,0.0,0.0,0.0,1.0,24.2,24.2,24.2,0.0,0.0,0.0,0.0,0.0,1.0,8.0,8.0,8.0,0.0,0.0,0.0,0.0,0.0,1.0,7.448,7.448,7.448,0.0,0.0,0.0,0.0,0.0,1.0,0.012,0.012,0.012,0.0,0.0,0.0,0.0,0.0,1.0,1.79,1.79,1.79,0.0,0.0,0.0,0.0,0.0,1.0,376.6,376.6,376.6,0.0,0.0,0.0,0.0,0.0,1.0,10.1,10.1,10.1,0.0,0.0,0.0,0.0,0.0,1.0,4.29,4.29,4.29,0.0,0.0,0.0,0.0,0.0,1.0,85.7,85.7,85.7,0.0,0.0,0.0,0.0,0.0,1.0,285.9,285.9,285.9,0.0,0.0,0.0,-0.7999999999999972,0.7999999999999972,-0.0112676056338027,-1,-10.0,10.0,-0.5050505050505051,-1,-0.5,0.5,-0.0040551500405515,-1,6.599999999999994,6.599999999999994,0.091160220994475,1,-1.9000000000000057,1.9000000000000057,-0.0195071868583162,-1,-0.0899999999999963,0.0899999999999963,-0.0024576734025121,-1,-1,1,-0.0666666666666666,-1,0,0,0.0,0,3,0,0,0,0,227.0,1,0,103,14,0,0,0,0,1,0,0,1,0,0,1,0,0,1,0,0,0,0,0,0,0,0,0,0,0,0,0,0,0,0,0,0,0,0,0.0,0.1176470588235294,0,1,1,0,0,0,0,0,0,0,2600.02,1,5.429345628954441,89.36666666666667,0.794479671764267,0,0,0,0,0,0,0,0,0,0.3127753303964757,0.0,1,50.89999999999999,8754.3,0.5758313057583131,9.789132197891323,0
E000660,2025-05-18,104.8,21.0,140.9,80.9,99.0,1,37.26,11,20,Female,Black,Syncope. Festival attendee from beach shuttle stop with symptom onset ~37 minutes before arrival.,4,5,Walk-in,0,0,0,0,0,121.7,7.394,141.0,4.71,15.2,9.4,1,1,73.0,13.5,121.2,80.7,97.0,0,36.62,14,37.0,-31.8,-0.64,3,2.27,224.3,7.448,0.021,1,0,0,0,0,0,0,0,0,0,0,0,6,1,0,6.0,71.9,98.2,82.95,73.0,26.3,0.1096024756829379,-0.0369029775498304,0.0,-0.0946918968742374,-1.0,98.2,112.0,71.9,109.0,0.0,-1.0,73.0,31.0,12.7,17.8,15.083333333333334,13.5,5.100000000000001,0.1407137960329585,-0.0207665433060995,0.0,-0.0176661154336215,1.0,17.8,0.0,12.7,143.0,0.0,-1.0,13.5,-1.0,118.6,142.4,134.03333333333333,121.2,23.80000000000001,0.0753465917041469,-0.061204645915203,0.0,-0.0543091061891718,1.0,142.4,112.0,118.6,85.0,0.0,-1.0,121.2,24.0,63.7,82.6,76.0,80.7,18.89999999999999,0.0877872543789488,-0.0082017517563894,0.0,0.0175576761460679,1.0,82.6,112.0,63.7,143.0,80.7,97.0,95.5,98.4,97.15,97.0,2.9000000000000057,0.0088297198369928,-0.0011789200590824,0.0,-0.0010423726516113,-1.0,98.4,109.0,95.5,112.0,0.0,-1.0,97.0,31.0,36.52,37.23,36.781666666666666,36.62,0.7099999999999937,0.0072941752395781,-0.0008963171692838,0.0,-0.0029004798438473,-1.0,37.23,85.0,36.52,112.0,36.62,27.0,14.0,15.0,14.5,14.0,1.0,0.0344827586206896,-0.004921705101023,0.0,-0.0055304036652479,0.0,15.0,0.0,14.0,112.0,0.0,-1.0,14.0,-1.0,31.7,38.6,34.68333333333334,37.0,6.900000000000002,0.0683192842480181,-0.0042682029508429,0.0,0.0277333477919051,1.0,38.6,0.0,31.7,109.0,0.0,-1.0,37.0,131.0,3.0,1.0,1.0,1.0,1.0,1.0,1.0,1.0,1.0,1.0,1.0,1.0,1.0,1.0,1.0,1.0,1.0,39.0,39.0,1.0,0.0,-1.0,1.0,39.0,0.0,-1.0,0.0,-1.0,0.0,-1.0,2.0,0.0,39.0,,0.0,0.0,3.0,112.0,240.0,0.0,0.0,0.0,240.0,3.0,5.43,3.96,8.42,120.0,-1.4699999999999998,-0.2707182320441988,0.0,240.0,3.0,141.1,139.7,141.1,0.0,-1.4000000000000057,-0.0099220411055989,0.0,240.0,3.0,4.13,3.49,4.13,0.0,-0.6399999999999997,-0.1549636803874091,0.0,240.0,3.0,23.2,22.5,24.0,120.0,-0.6999999999999993,-0.0301724137931034,0.0,240.0,3.0,60.2,8.2,60.2,0.0,-52.0,-0.8637873754152824,0.0,240.0,3.0,7.344,7.448,7.448,240.0,0.104,0.0141612200435729,0.0,240.0,3.0,0.016,0.021,0.021,240.0,0.005,0.3125,0.0,240.0,3.0,1.55,2.27,2.27,240.0,0.72,0.464516129032258,0.0,240.0,3.0,186.7,224.3,481.5,120.0,37.60000000000002,0.2013926084627746,0.0,240.0,3.0,8.7,14.5,14.5,240.0,5.800000000000001,0.6666666666666669,0.0,240.0,3.0,4.82,0.41,4.82,0.0,-4.41,-0.9149377593360996,0.0,240.0,3.0,126.0,78.6,132.0,120.0,-47.400000000000006,-0.3761904761904762,0.0,240.0,3.0,292.7,277.5,292.7,0.0,-15.199999999999989,-0.0519303040655961,-31.8,31.8,-0.3034351145038167,-1,-7.5,7.5,-0.3571428571428571,-1,-19.700000000000003,19.700000000000003,-0.1398154719659333,-1,-0.2000000000000028,0.2000000000000028,-0.0024721878862793,-1,-2.0,2.0,-0.0202020202020202,-1,-0.6400000000000006,0.6400000000000006,-0.0171765968867418,-1,3,3,0.2727272727272727,1,-1,1,-1.0,-1,3,0,0,0,1,37.0,1,1,97,14,0,0,0,1,0,1,0,0,0,0,0,1,0,1,0,0,1,0,0,0,0,0,0,0,0,0,0,0,0,0,0,0,0,0,0.0,0.0,0,1,1,0,0,0,0,0,1,0,3904.848,0,3.6375861597263857,100.9,1.0386521308225964,0,3,1,1,2,0,0,0,6,2.8324324324324324,0.1621621621621621,0,60.0,14766.32,0.7437899219304471,14.875798438608944,2
E000798,2025-05-22,106.0,19.2,140.3,63.5,97.0,0,37.37,14,31,Male,White,Nausea/vomiting. Festival attendee from VIP tent with symptom onset ~84 minutes before arrival.,3,4,Walk-in,0,0,0,0,0,136.8,7.368,135.9,4.46,12.1,8.9,1,1,90.0,15.0,132.4,75.3,97.8,0,36.7,14,39.3,-16.0,-0.67,0,,,,,0,1,0,0,0,0,0,0,0,0,0,4,3,0,0,6.0,88.4,113.4,100.93333333333332,90.0,25.0,0.097568909153052,-0.0962754489046888,0.0,-0.0967880204854154,1.0,113.4,116.0,88.4,143.0,0.0,-1.0,90.0,-1.0,13.2,21.4,16.683333333333334,15.0,8.2,0.1664498758548489,-0.0244391777349857,0.0,-0.0061734580271654,1.0,21.4,0.0,13.2,90.0,0.0,-1.0,15.0,14.0,113.1,133.3,122.7,132.4,20.200000000000017,0.0630029277590471,0.0920094142431577,0.0,0.1019149409930969,-1.0,133.3,143.0,113.1,0.0,0.0,-1.0,132.4,-1.0,72.4,92.5,80.43333333333335,75.3,20.099999999999994,0.0904304251050853,-0.0118138876545037,0.0,-0.051334613671788,1.0,92.5,104.0,72.4,90.0,75.3,39.0,95.3,97.9,96.58333333333331,97.8,2.6000000000000085,0.0104125451882972,0.0080202109975478,0.0,0.0065060676909372,1.0,97.9,116.0,95.3,143.0,0.0,-1.0,97.8,27.0,36.7,37.37,37.08166666666667,36.7,0.6699999999999946,0.0060289446111499,-0.0020643855231323,0.0,-0.0042835671342686,-1.0,37.37,90.0,36.7,240.0,36.7,-1.0,12.0,15.0,13.833333333333334,14.0,3.0,0.0771460751497933,0.0011685511611448,0.0,-0.0055666889334224,0.0,15.0,90.0,12.0,143.0,1.0,143.0,14.0,14.0,37.4,41.6,39.8,39.3,4.200000000000003,0.0321765037056927,0.0055728369459668,0.0,-0.0113657871298153,-1.0,41.6,90.0,37.4,0.0,0.0,-1.0,39.3,150.0,1.0,1.0,1.0,1.0,1.0,1.0,1.0,1.0,1.0,1.0,1.0,1.0,1.0,1.0,1.0,2.0,1.0,27.0,38.0,2.0,1.0,38.0,0.0,-1.0,0.0,-1.0,0.0,-1.0,1.0,27.0,4.0,0.0,-93.0,,1.0,97.0,3.0,143.0,240.0,0.0,0.0,120.0,120.0,1.0,7.17,7.17,7.17,120.0,0.0,0.0,120.0,120.0,1.0,142.6,142.6,142.6,120.0,0.0,0.0,120.0,120.0,1.0,4.19,4.19,4.19,120.0,0.0,0.0,120.0,120.0,1.0,21.7,21.7,21.7,120.0,0.0,0.0,120.0,120.0,1.0,32.6,32.6,32.6,120.0,0.0,0.0,120.0,120.0,1.0,7.379,7.379,7.379,120.0,0.0,0.0,120.0,120.0,1.0,0.032,0.032,0.032,120.0,0.0,0.0,120.0,120.0,1.0,2.52,2.52,2.52,120.0,0.0,0.0,120.0,120.0,1.0,411.8,411.8,411.8,120.0,0.0,0.0,120.0,120.0,1.0,17.7,17.7,17.7,120.0,0.0,0.0,120.0,120.0,1.0,6.87,6.87,6.87,120.0,0.0,0.0,120.0,120.0,1.0,96.6,96.6,96.6,120.0,0.0,0.0,120.0,120.0,1.0,287.1,287.1,287.1,120.0,0.0,0.0,-16.0,16.0,-0.1509433962264151,-1,-4.199999999999999,4.199999999999999,-0.2187499999999999,-1,-7.900000000000006,7.900000000000006,-0.0563079116179615,-1,11.799999999999995,11.799999999999995,0.1858267716535432,1,0.7999999999999972,0.7999999999999972,0.0082474226804123,1,-0.6699999999999946,0.6699999999999946,-0.0179288199090177,-1,0,0,0.0,0,0,0,0.0,0,2,0,0,0,0,84.0,1,1,95,13,0,0,0,1,0,0,1,0,0,0,0,1,0,1,1,0,0,0,0,0,0,0,0,0,0,0,0,0,0,0,0,0,0,0,0.0,0.0,0,1,1,0,0,0,0,0,0,0,3961.22,0,4.442651256490317,89.10000000000001,1.1896745230078565,0,1,0,1,0,0,0,0,2,1.261904761904762,0.0238095238095238,0,76.80000000000001,14871.8,0.7555238774055595,23.421240199572345,2
E001357,2025-05-21,92.3,20.9,106.5,77.5,96.3,0,37.02,12,63,Female,White,Facial Swelling C/O swelling to lips and throat since last night.,3,5,EMS,0,1,1,0,0,111.7,7.302,138.8,4.6,16.2,7.9,0,0,72.9,17.4,126.8,82.2,96.7,0,36.92,15,35.6,-19.4,-0.1,3,,,,,1,0,1,0,0,0,0,0,0,0,0,3,2,0,1,9.0,72.9,104.6,89.6,72.9,31.69999999999999,0.1094243389687984,-0.0632752334183406,-0.2896551724137929,-0.043862468484767,1.0,104.6,0.0,72.9,240.0,0.0,-1.0,78.65,-1.0,12.3,22.3,16.46666666666667,17.4,10.0,0.1697027685436007,-0.0073041498935654,-0.0810344827586207,-0.0187681633595719,1.0,22.3,105.0,12.3,216.0,0.0,-1.0,14.85,24.0,102.8,131.5,121.32222222222224,126.8,28.700000000000003,0.0621200681327831,0.050772651590195,0.2948275862068961,-0.0052397082314906,-1.0,131.5,105.0,102.8,0.0,0.0,-1.0,122.95,-1.0,59.2,82.2,71.76666666666668,82.2,23.0,0.0914023350429325,0.0493681370792672,0.0965517241379309,0.0611458072711174,1.0,82.2,240.0,59.2,108.0,77.4,-1.0,94.0,98.0,96.26666666666668,96.7,4.0,0.0110152172580241,0.0015920922292237,-0.0379310344827587,0.0099732481379546,1.0,98.0,0.0,94.0,68.0,0.0,-1.0,96.6,17.0,36.88,37.44,37.128888888888895,36.92,0.5599999999999952,0.0047969080931473,-0.0013917002128692,0.0018965517241378,-0.0024514039916088,-1.0,37.44,68.0,36.88,201.0,36.985,17.0,13.0,15.0,14.333333333333334,15.0,2.0,0.0465116279069767,-0.0009547495099795,0.0172413793103447,-0.001356839046171,0.0,15.0,58.0,13.0,201.0,0.0,-1.0,14.5,10.0,30.8,43.2,37.3,35.6,12.400000000000002,0.100296606588727,0.009664467721879,0.0948275862068964,0.0106045150984428,-1.0,43.2,216.0,30.8,108.0,0.0,-1.0,39.400000000000006,24.0,2.0,1.0,1.0,1.0,1.0,1.0,1.0,1.0,1.0,1.0,1.0,1.0,1.0,1.0,1.0,2.0,1.0,66.0,178.0,0.0,0.0,-1.0,1.0,66.0,0.0,-1.0,1.0,178.0,0.0,-1.0,5.0,0.0,66.0,,0.0,0.0,2.0,201.0,201.0,1.0,0.0,0.0,120.0,2.0,5.39,7.3,7.3,120.0,1.91,0.3543599257884973,0.0,120.0,2.0,139.6,135.4,139.6,0.0,-4.199999999999989,-0.0300859598853867,0.0,120.0,2.0,4.27,3.83,4.27,0.0,-0.4399999999999995,-0.1030444964871193,0.0,120.0,2.0,22.5,21.2,22.5,0.0,-1.3000000000000007,-0.0577777777777778,0.0,120.0,2.0,30.4,24.6,30.4,0.0,-5.799999999999997,-0.1907894736842104,0.0,120.0,2.0,7.344,7.37,7.37,120.0,0.0259999999999998,0.0035403050108932,0.0,120.0,2.0,0.012,0.003,0.012,0.0,-0.009,-0.7500000000000001,0.0,120.0,2.0,3.19,3.4,3.4,120.0,0.2099999999999999,0.0658307210031347,0.0,120.0,2.0,254.3,228.4,254.3,0.0,-25.90000000000001,-0.1018482107746756,0.0,120.0,2.0,17.3,13.4,17.3,0.0,-3.9,-0.2254335260115607,0.0,120.0,2.0,5.06,5.5,5.5,120.0,0.4400000000000004,0.0869565217391305,0.0,120.0,2.0,71.9,109.9,109.9,120.0,38.0,0.5285118219749652,0.0,120.0,2.0,292.6,276.4,292.6,0.0,-16.200000000000045,-0.0553656869446344,-19.39999999999999,19.39999999999999,-0.2101841820151678,-1,-3.5,3.5,-0.1674641148325359,-1,20.3,20.3,0.1906103286384976,1,4.700000000000003,4.700000000000003,0.0606451612903226,1,0.4000000000000057,0.4000000000000057,0.0041536863966771,1,-0.1000000000000014,0.1000000000000014,-0.0027012425715829,-1,3,3,0.25,1,0,0,0.0,0,0,0,0,0,0,,0,0,65,11,0,0,0,0,1,0,0,0,1,0,0,0,0,1,1,0,0,0,0,0,0,0,1,0,0,0,0,0,0,0,0,0,0,1,0.0,0.0,0,1,0,0,0,0,0,1,1,0,3416.9460000000004,0,,87.16666666666667,1.0588910133843212,0,2,1,1,1,1,0,0,5,,,1,29.0,9829.95,0.8666666666666666,54.6,0
E002149,2025-05-21,78.2,22.7,131.8,78.5,98.6,0,37.15,15,46,Male,White,Syncope. Festival attendee from main stage with symptom onset ~173 minutes before arrival.,5,4,Walk-in,0,0,0,0,1,75.3,7.441,132.1,3.53,14.8,9.1,1,1,91.8,13.1,134.2,63.1,98.6,0,36.21,13,34.0,13.6,-0.94,-2,,,,,0,0,0,0,0,0,0,0,0,0,0,3,2,0,1,6.0,62.7,91.8,77.41666666666667,91.8,29.099999999999994,0.1309403419998446,0.0894286136128748,0.4681638044914131,0.143018018018018,1.0,91.8,240.0,62.7,0.0,0.0,-1.0,91.8,-1.0,7.0,15.7,12.45,13.1,8.7,0.2465549474404952,0.0109646591412426,-0.0556803170409511,-0.0106722106722106,-1.0,15.7,26.0,7.0,55.0,1.0,55.0,13.1,29.0,119.7,140.0,131.25,134.2,20.3,0.0594379317007895,0.0302390507764789,0.2832232496697489,0.0587837837837841,-1.0,140.0,126.0,119.7,96.0,0.0,-1.0,134.2,-1.0,63.1,85.6,75.64999999999999,63.1,22.5,0.092073110547446,-0.0629169295196162,-0.0596433289299874,-0.0989431739431735,-1.0,85.6,26.0,63.1,240.0,63.1,-1.0,94.7,98.6,97.55,98.6,3.899999999999992,0.0134279673487978,0.0010804934029506,0.0054821664464986,0.0220200970200973,1.0,98.6,240.0,94.7,96.0,0.0,-1.0,98.6,30.0,36.21,36.78,36.571666666666665,36.21,0.5700000000000003,0.0050823177511848,-0.0019928056588324,0.0014002642007926,-0.0030388080388079,-1.0,36.78,55.0,36.21,240.0,36.21,-1.0,13.0,15.0,14.0,13.0,2.0,0.0583211843519804,-0.0023891655369581,0.0363276089828269,-0.0124740124740124,-1.0,15.0,55.0,13.0,0.0,0.0,-1.0,13.0,71.0,25.4,35.9,32.61666666666667,34.0,10.5,0.1060354856757654,-0.0006724561427055,-0.0511889035667106,0.0402979902979903,1.0,35.9,0.0,25.4,96.0,1.0,96.0,34.0,30.0,1.0,1.0,1.0,1.0,1.0,1.0,1.0,1.0,1.0,1.0,1.0,1.0,1.0,1.0,1.0,1.0,1.0,97.0,97.0,0.0,0.0,-1.0,0.0,-1.0,0.0,-1.0,0.0,-1.0,1.0,97.0,3.0,0.0,97.0,,2.0,41.0,2.0,0.0,240.0,0.0,0.0,0.0,0.0,1.0,4.61,4.61,4.61,0.0,0.0,0.0,0.0,0.0,1.0,138.1,138.1,138.1,0.0,0.0,0.0,0.0,0.0,1.0,3.97,3.97,3.97,0.0,0.0,0.0,0.0,0.0,1.0,25.2,25.2,25.2,0.0,0.0,0.0,0.0,0.0,1.0,41.9,41.9,41.9,0.0,0.0,0.0,0.0,0.0,1.0,7.391,7.391,7.391,0.0,0.0,0.0,0.0,0.0,1.0,0.0,0.0,0.0,0.0,0.0,0.0,0.0,0.0,1.0,0.76,0.76,0.76,0.0,0.0,0.0,0.0,0.0,1.0,157.2,157.2,157.2,0.0,0.0,0.0,0.0,0.0,1.0,13.3,13.3,13.3,0.0,0.0,0.0,0.0,0.0,1.0,0.1,0.1,0.1,0.0,0.0,0.0,0.0,0.0,1.0,71.8,71.8,71.8,0.0,0.0,0.0,0.0,0.0,1.0,290.2,290.2,290.2,0.0,0.0,0.0,13.599999999999994,13.599999999999994,0.1739130434782607,1,-9.6,9.6,-0.4229074889867841,-1,2.3999999999999773,2.3999999999999773,0.0182094081942335,1,-15.4,15.4,-0.1961783439490445,-1,0.0,0.0,0.0,0,-0.9399999999999976,0.9399999999999976,-0.0253028263795423,-1,-2,2,-0.1333333333333333,-1,0,0,0.0,0,3,0,0,0,0,173.0,1,1,90,13,1,0,0,0,0,0,1,0,0,0,0,0,0,0,0,0,0,0,0,0,0,0,1,0,0,0,0,0,0,0,0,1,0,0,0.0,0.0,0,1,1,0,0,0,0,0,0,0,2905.13,0,5.159055299214529,96.26666666666668,0.8123268698060943,1,0,0,0,2,0,0,0,2,0.4520231213872832,0.0115606936416184,1,53.30000000000001,10306.760000000002,0.5933232169954477,27.292867981790597,1
E001732,2025-05-20,86.9,17.2,119.7,77.1,97.0,0,37.21,12,44,Female,Hispanic/Latino,Head Injury With Unknown Loc standing on toilet and hit head on floor or wall; cried immediately; now with bump on forehead; acting well,5,7,Walk-in,0,0,0,1,0,105.2,7.4,134.1,4.16,11.1,5.9,0,0,69.9,16.9,122.5,79.9,96.1,0,36.57,14,34.0,-17.0,-0.64,2,,,,,0,1,0,0,0,0,0,0,0,0,0,2,1,0,1,7.0,64.3,85.9,72.9,69.9,21.60000000000001,0.0899212566706642,-0.0514542630217473,-0.0301886792452833,-0.0771453337185786,1.0,85.9,77.0,64.3,209.0,0.0,-1.0,69.9,-1.0,10.1,16.9,13.242857142857142,16.9,6.799999999999999,0.1570978072353616,0.0146836693574594,0.0981132075471697,0.0179909467398632,-1.0,16.9,240.0,10.1,0.0,0.0,-1.0,16.9,-1.0,117.0,137.6,129.44285714285712,122.5,20.599999999999994,0.0576579310372562,0.0202774636352999,0.3773584905660376,-0.0116536646441299,-1.0,137.6,134.0,117.0,0.0,0.0,-1.0,122.5,106.0,61.4,86.8,74.94285714285715,79.9,25.4,0.1000771562872981,0.0054410560386849,0.2603773584905657,0.0528700760859097,-1.0,86.8,53.0,61.4,77.0,79.9,24.0,94.6,98.3,97.0,96.1,3.700000000000003,0.0127578249353211,-0.0043722133395731,-1.0266756331934828e-16,0.0062072618703651,-1.0,98.3,0.0,94.6,90.0,0.0,-1.0,96.1,44.0,36.33,36.69,36.53,36.57,0.3599999999999994,0.0033844896990213,-0.0001148786543436,0.0028301886792451,0.0004574785707406,-1.0,36.69,90.0,36.33,77.0,36.57,13.0,14.0,15.0,14.285714285714286,14.0,1.0,0.0316227766016837,-0.0001234904912321,-6.415710101121067e-17,-0.003659828565925,0.0,15.0,90.0,14.0,0.0,0.0,-1.0,14.0,119.0,26.0,37.5,32.8,34.0,11.5,0.0990066023054851,-0.0102708341457707,-0.0339622641509435,-0.0230135798902051,1.0,37.5,134.0,26.0,209.0,1.0,209.0,34.0,31.0,1.0,1.0,1.0,1.0,1.0,1.0,1.0,1.0,1.0,1.0,1.0,1.0,1.0,1.0,1.0,1.0,1.0,121.0,121.0,0.0,1.0,121.0,0.0,-1.0,0.0,-1.0,0.0,-1.0,0.0,-1.0,4.0,0.0,121.0,,1.0,31.0,3.0,0.0,209.0,1.0,0.0,0.0,0.0,1.0,5.66,5.66,5.66,0.0,0.0,0.0,0.0,0.0,1.0,140.1,140.1,140.1,0.0,0.0,0.0,0.0,0.0,1.0,3.41,3.41,3.41,0.0,0.0,0.0,0.0,0.0,1.0,19.8,19.8,19.8,0.0,0.0,0.0,0.0,0.0,1.0,26.8,26.8,26.8,0.0,0.0,0.0,0.0,0.0,1.0,7.413,7.413,7.413,0.0,0.0,0.0,0.0,0.0,1.0,0.017,0.017,0.017,0.0,0.0,0.0,0.0,0.0,1.0,1.98,1.98,1.98,0.0,0.0,0.0,0.0,0.0,1.0,413.1,413.1,413.1,0.0,0.0,0.0,0.0,0.0,1.0,16.1,16.1,16.1,0.0,0.0,0.0,0.0,0.0,1.0,0.1,0.1,0.1,0.0,0.0,0.0,0.0,0.0,1.0,66.1,66.1,66.1,0.0,0.0,0.0,0.0,0.0,1.0,282.1,282.1,282.1,0.0,0.0,0.0,-17.0,17.0,-0.1956271576524741,-1,-0.3000000000000007,0.3000000000000007,-0.0174418604651163,-1,2.799999999999997,2.799999999999997,0.023391812865497,1,2.800000000000012,2.800000000000012,0.0363164721141376,1,-0.9000000000000057,0.9000000000000057,-0.0092783505154639,-1,-0.6400000000000006,0.6400000000000006,-0.0171996775060467,-1,2,2,0.1666666666666666,1,0,0,0.0,0,2,0,0,0,0,,0,0,136,24,0,0,0,0,1,0,0,0,1,0,0,0,0,1,0,0,0,0,0,0,0,0,0,0,0,0,0,0,0,0,0,0,0,0,0.0,0.037037037037037,0,1,1,0,0,0,0,0,1,0,3233.5490000000004,0,,91.3,0.9518072289156628,1,2,0,0,0,0,0,0,2,,,1,42.60000000000001,10401.93,0.7259816207184628,31.943191311612367,0
E000099,2025-05-19,88.7,19.9,131.2,68.7,96.3,0,37.13,15,35,Female,White,denies respiratry distress To A-6 for assessment.,5,2,Walk-in,0,0,0,0,1,97.8,7.392,135.5,3.35,15.7,8.5,0,0,77.6,10.4,132.7,79.7,96.1,0,36.63,15,33.1,-11.1,-0.5,0,,,,,1,1,0,0,0,0,0,0,0,0,0,1,0,0,1,6.0,57.2,77.6,65.44999999999999,77.6,20.39999999999999,0.1102893360164728,0.002666629144371,-0.1522727272727273,0.0886849542809643,1.0,77.6,240.0,57.2,161.0,0.0,-1.0,77.6,79.0,9.1,18.1,13.683333333333335,10.4,9.000000000000002,0.2432793189643216,-0.0271780687542464,-0.0454545454545454,-0.0010872817955112,1.0,18.1,0.0,9.1,122.0,0.0,-1.0,10.4,39.0,114.8,144.0,131.8166666666667,132.7,29.200000000000003,0.0828266950853663,0.0256053485352234,-0.5090909090909084,-0.0365785536159602,1.0,144.0,122.0,114.8,44.0,0.0,-1.0,132.7,78.0,75.6,90.2,79.8,79.7,14.600000000000009,0.0603892153212028,-0.0333358794891069,-0.281818181818182,0.0281562759767248,1.0,90.2,0.0,75.6,161.0,79.7,-1.0,95.8,98.2,96.83333333333331,96.1,2.4000000000000057,0.0084460200663582,-0.0001005061489661,0.018181818181818,-0.0042892768079803,-1.0,98.2,194.0,95.8,161.0,0.0,-1.0,96.1,46.0,36.33,36.69,36.553333333333335,36.63,0.3599999999999994,0.0035093710386456,-0.0007732541076863,0.0004545454545452,0.0009762261014131,1.0,36.69,44.0,36.33,194.0,36.63,46.0,13.0,15.0,14.5,15.0,2.0,0.0526732838500671,-0.0012422560012221,-0.0227272727272727,-0.0039235245220282,1.0,15.0,0.0,13.0,194.0,0.0,-1.0,15.0,46.0,31.2,42.2,35.81666666666667,33.1,11.000000000000004,0.1213626611269215,0.0026127578485251,0.2499999999999998,0.019168744804655,-1.0,42.2,44.0,31.2,0.0,0.0,-1.0,33.1,78.0,1.0,1.0,1.0,1.0,1.0,1.0,1.0,1.0,1.0,1.0,1.0,1.0,1.0,1.0,1.0,2.0,1.0,15.0,148.0,1.0,1.0,15.0,1.0,148.0,0.0,-1.0,0.0,-1.0,0.0,-1.0,4.0,0.0,15.0,,0.0,0.0,4.0,194.0,194.0,0.0,0.0,0.0,0.0,1.0,7.68,7.68,7.68,0.0,0.0,0.0,0.0,0.0,1.0,140.5,140.5,140.5,0.0,0.0,0.0,0.0,0.0,1.0,3.94,3.94,3.94,0.0,0.0,0.0,0.0,0.0,1.0,22.3,22.3,22.3,0.0,0.0,0.0,0.0,0.0,1.0,22.0,22.0,22.0,0.0,0.0,0.0,0.0,0.0,1.0,7.397,7.397,7.397,0.0,0.0,0.0,0.0,0.0,1.0,0.007,0.007,0.007,0.0,0.0,0.0,0.0,0.0,1.0,1.9,1.9,1.9,0.0,0.0,0.0,0.0,0.0,1.0,133.1,133.1,133.1,0.0,0.0,0.0,0.0,0.0,1.0,12.7,12.7,12.7,0.0,0.0,0.0,0.0,0.0,1.0,4.39,4.39,4.39,0.0,0.0,0.0,0.0,0.0,1.0,99.0,99.0,99.0,0.0,0.0,0.0,0.0,0.0,1.0,284.3,284.3,284.3,0.0,0.0,0.0,-11.100000000000009,11.100000000000009,-0.1251409244644871,-1,-9.499999999999998,9.499999999999998,-0.4773869346733668,-1,1.5,1.5,0.0114329268292682,1,11.0,11.0,0.1601164483260553,1,-0.2000000000000028,0.2000000000000028,-0.0020768431983385,-1,-0.5,0.5,-0.0134661998384056,-1,0,0,0.0,0,0,0,0.0,0,1,0,0,0,0,,0,0,49,7,0,0,0,0,1,0,0,0,1,0,0,0,1,0,0,1,0,0,0,0,0,0,0,0,0,0,0,0,0,0,0,0,0,0,0.0,0.0,0,1,1,0,0,0,0,0,0,0,3293.4310000000005,1,,89.53333333333333,0.9906924795234548,0,0,0,0,0,0,0,0,0,,,1,62.49999999999999,11637.44,0.6760670731707318,23.66234756097561,0
E001106,2025-05-22,150.9,29.6,92.8,63.0,91.6,1,38.49,10,42,Female,White,Nausea/vomiting. Festival attendee from festival medical tent with symptom onset ~107 minutes before arrival.,2,8,Festival Medical Tent Transfer,0,0,0,0,0,139.7,7.233,138.1,5.43,12.8,20.6,1,1,139.7,36.8,132.5,73.7,90.7,1,38.27,11,41.6,-11.2,-0.22,1,4.19,862.4,7.317,0.149,1,0,0,0,0,0,0,0,1,1,0,4,3,0,0,7.0,118.3,157.2,136.97142857142856,139.7,38.89999999999999,0.0890865224468721,0.0177162531008288,-0.6314285714285713,0.0977340984661585,1.0,157.2,134.0,118.3,72.0,5.0,0.0,139.7,62.0,22.8,36.8,28.200000000000006,36.8,13.999999999999996,0.164207208343114,0.0153003505125971,-0.1228571428571429,0.0407929314598304,1.0,36.8,240.0,22.8,134.0,5.0,0.0,36.8,106.0,97.2,132.5,119.52857142857144,132.5,35.3,0.0924604020443613,0.1182043364042818,0.7514285714285709,0.1206559047516893,-1.0,132.5,240.0,97.2,0.0,0.0,-1.0,132.5,-1.0,63.4,75.2,70.14285714285714,73.7,11.800000000000004,0.0579450316229507,0.0122822102051118,0.1857142857142855,0.043568325646251,-1.0,75.2,156.0,63.4,134.0,73.7,-1.0,90.7,94.2,92.58571428571427,90.7,3.5,0.0124818691042472,-0.008651221671777,0.0542857142857137,-0.0203274160677896,-1.0,94.2,72.0,90.7,240.0,1.0,240.0,90.7,55.0,37.89,38.31,38.16,38.27,0.4200000000000017,0.0036284310261945,-0.0004569103668309,-0.0011428571428571,0.0010872305052021,1.0,38.31,0.0,37.89,127.0,38.27,29.0,10.0,13.0,11.285714285714286,11.0,3.0,0.0912797791256706,0.0052942769122693,-6.126435390420415e-17,-0.0082591440523437,0.0,13.0,127.0,10.0,0.0,6.0,0.0,11.0,29.0,41.6,49.1,45.057142857142864,41.6,7.5,0.0503712799194305,-0.0199503135587639,-0.1228571428571431,-0.0146143945082056,1.0,49.1,0.0,41.6,240.0,0.0,-1.0,41.6,-1.0,3.0,1.0,1.0,1.0,1.0,1.0,1.0,1.0,1.0,1.0,1.0,1.0,1.0,1.0,1.0,2.0,1.0,133.0,157.0,0.0,0.0,-1.0,1.0,133.0,0.0,-1.0,0.0,-1.0,1.0,157.0,3.0,0.0,133.0,,17.0,134.0,3.0,0.0,-1.0,0.0,0.0,0.0,240.0,3.0,7.71,16.09,16.09,240.0,8.379999999999999,1.086900129701686,0.0,240.0,3.0,136.4,137.9,139.4,120.0,1.5,0.0109970674486803,0.0,240.0,3.0,4.8,4.57,4.8,0.0,-0.2299999999999995,-0.0479166666666665,0.0,240.0,3.0,19.5,22.4,22.4,240.0,2.8999999999999986,0.1487179487179486,0.0,240.0,3.0,81.3,63.0,81.3,0.0,-18.3,-0.2250922509225092,0.0,240.0,3.0,7.306,7.317,7.317,240.0,0.0110000000000001,0.0015056118258965,0.0,240.0,3.0,0.165,0.149,0.182,120.0,-0.016,-0.096969696969697,0.0,240.0,3.0,5.25,4.19,5.25,0.0,-1.0599999999999996,-0.2019047619047618,0.0,240.0,3.0,959.1,862.4,1097.8,120.0,-96.70000000000005,-0.100823688874987,0.0,240.0,3.0,18.0,25.6,25.6,240.0,7.600000000000001,0.4222222222222223,0.0,240.0,3.0,6.61,4.06,7.54,120.0,-2.5500000000000007,-0.3857791225416037,0.0,240.0,3.0,112.2,110.9,135.2,120.0,-1.2999999999999972,-0.0115864527629233,0.0,240.0,3.0,295.2,300.6,303.6,120.0,5.400000000000034,0.0182926829268293,-11.200000000000015,11.200000000000015,-0.0742213386348576,-1,7.199999999999996,7.199999999999996,0.2432432432432431,1,39.7,39.7,0.4278017241379311,1,10.700000000000005,10.700000000000005,0.1698412698412698,1,-0.8999999999999915,0.8999999999999915,-0.0098253275109169,-1,-0.2199999999999988,0.2199999999999988,-0.0057157703299558,-1,1,1,0.1,1,0,0,0.0,0,1,1,1,0,0,107.0,1,1,109,14,0,1,0,0,0,0,1,0,0,0,0,1,0,0,1,0,1,0,1,0,1,0,0,1,0,1,1,1,1,0,1,0,0,0,0.0,0.0,1,0,0,1,1,0,1,1,2,1,5808.1410000000005,1,4.68213122712422,72.93333333333334,2.0690127970749543,0,3,1,3,3,2,2,2,15,1.4102803738317755,0.1401869158878504,3,29.8,14003.52,1.6260775862068966,68.29525862068965,3
E000885,2025-05-21,79.4,19.4,119.7,83.6,96.6,0,36.86,14,52,Male,White,S/P puncture wound to the left hand along the palm.,5,6,EMS,0,0,0,0,0,98.5,7.432,133.3,3.92,11.1,9.4,0,0,75.5,13.1,129.7,75.7,97.6,0,36.59,15,31.9,-3.9,-0.27,1,,,,,0,0,0,0,0,0,0,0,0,0,0,3,2,0,1,9.0,56.9,91.6,74.58888888888889,75.5,34.7,0.1492444862378294,-0.0135562014207547,0.603563714902808,-0.0850321159845846,-1.0,91.6,42.0,56.9,205.0,0.0,-1.0,77.2,161.0,9.4,17.4,13.466666666666663,13.1,7.999999999999998,0.205191898772898,-0.0075863891155734,-0.0585853131749459,-0.0375445035786383,1.0,17.4,203.0,9.4,205.0,0.0,-1.0,12.4,35.0,104.3,135.6,121.75555555555556,129.7,31.3,0.0779710007819923,0.019518990220605,-0.5416846652267813,0.1963699761424107,1.0,135.6,0.0,104.3,42.0,0.0,-1.0,130.25,163.0,66.0,86.5,75.78888888888889,75.7,20.5,0.068559306003478,0.0091578148202651,0.3269438444924404,0.0310405579005321,-1.0,86.5,42.0,66.0,0.0,76.80000000000001,2.0,96.4,98.1,97.14444444444445,97.6,1.6999999999999886,0.0050688596148141,0.000365556729856,0.0067494600431969,0.0022352725270687,-1.0,98.1,42.0,96.4,44.0,0.0,-1.0,97.5,2.0,36.43,36.93,36.65222222222222,36.59,0.5,0.0049609227669874,3.94988561719836e-05,0.0089902807775377,0.0024804551293816,-1.0,36.93,223.0,36.43,0.0,36.760000000000005,17.0,13.0,15.0,14.333333333333334,15.0,2.0,0.0569648777391436,0.0028244525010368,0.0016198704103672,0.002532574784364,1.0,15.0,44.0,13.0,42.0,0.0,-1.0,14.0,2.0,28.8,42.8,35.07777777777777,31.9,13.999999999999996,0.1241822505379531,-0.0052186316873803,0.2232181425485963,-0.0999779776105709,-1.0,42.8,42.0,28.8,0.0,1.0,0.0,33.099999999999994,2.0,1.0,1.0,1.0,1.0,1.0,1.0,1.0,1.0,1.0,1.0,1.0,1.0,1.0,1.0,1.0,1.0,1.0,18.0,18.0,1.0,0.0,-1.0,0.0,-1.0,0.0,-1.0,0.0,-1.0,1.0,18.0,3.0,0.0,18.0,,1.0,42.0,5.0,42.0,195.0,1.0,0.0,0.0,0.0,1.0,7.69,7.69,7.69,0.0,0.0,0.0,0.0,0.0,1.0,140.7,140.7,140.7,0.0,0.0,0.0,0.0,0.0,1.0,3.39,3.39,3.39,0.0,0.0,0.0,0.0,0.0,1.0,22.3,22.3,22.3,0.0,0.0,0.0,0.0,0.0,1.0,8.1,8.1,8.1,0.0,0.0,0.0,0.0,0.0,1.0,7.425,7.425,7.425,0.0,0.0,0.0,0.0,0.0,1.0,0.0,0.0,0.0,0.0,0.0,0.0,0.0,0.0,1.0,1.87,1.87,1.87,0.0,0.0,0.0,0.0,0.0,1.0,20.0,20.0,20.0,0.0,0.0,0.0,0.0,0.0,1.0,12.8,12.8,12.8,0.0,0.0,0.0,0.0,0.0,1.0,0.66,0.66,0.66,0.0,0.0,0.0,0.0,0.0,1.0,81.7,81.7,81.7,0.0,0.0,0.0,0.0,0.0,1.0,287.5,287.5,287.5,0.0,0.0,0.0,-3.9000000000000057,3.9000000000000057,-0.0491183879093199,-1,-6.299999999999999,6.299999999999999,-0.324742268041237,-1,9.999999999999986,9.999999999999986,0.0835421888053465,1,-7.899999999999991,7.899999999999991,-0.0944976076555023,-1,1.0,1.0,0.010351966873706,1,-0.269999999999996,0.269999999999996,-0.0073250135648398,-1,1,1,0.0714285714285714,1,0,0,0.0,0,0,0,0,0,0,,0,0,51,10,0,0,0,0,1,0,0,0,1,0,0,0,0,1,0,0,0,0,0,0,0,0,0,0,0,0,0,0,0,0,0,0,0,0,0.0,0.0,0,1,1,0,0,0,0,0,0,0,2926.684,0,,95.63333333333333,0.8302544440571629,1,1,0,0,0,0,0,0,1,,,1,36.10000000000001,9504.18,0.6633249791144529,34.49289891395155,0
E000400,2025-05-19,85.9,25.3,102.5,75.1,95.5,0,37.27,13,27,Female,Black,"Allergic Reaction Pt reports that, approx 20 mins PTA, he ate butter that had ""been contaminated"" by shellfish.",4,7,Walk-in,0,0,1,0,0,109.3,7.347,134.6,4.5,12.6,11.0,0,0,105.9,17.1,126.7,89.2,98.3,0,36.69,15,41.7,20.0,-0.58,2,,,,,1,0,0,0,0,0,0,0,0,0,0,1,0,0,1,9.0,71.0,105.9,88.44444444444443,105.9,34.900000000000006,0.1026539509252549,0.0687594708282771,0.4620803159973664,0.2028291351284279,1.0,105.9,240.0,71.0,0.0,0.0,-1.0,96.56666666666668,-1.0,14.3,23.8,17.188888888888886,17.1,9.5,0.1730913324643244,0.0078971774573852,0.0417050691244239,0.04412458121355,-1.0,23.8,221.0,14.3,43.0,0.0,-1.0,19.366666666666667,5.0,101.3,140.7,123.95555555555556,126.7,39.39999999999999,0.0932475938704542,0.0528676567677518,-0.5977946017116517,-0.1482814244943539,1.0,140.7,206.0,101.3,43.0,0.0,-1.0,122.76666666666668,124.0,68.8,89.2,75.15555555555557,89.2,20.40000000000001,0.0790049336416003,0.0191631403223068,0.211224489795919,0.1406998386896636,1.0,89.2,240.0,68.8,0.0,77.5,-1.0,94.6,100.0,96.57777777777775,98.3,5.400000000000006,0.0170193760931683,0.0075931677994983,-0.0597432521395651,0.0298175952351406,1.0,100.0,221.0,94.6,43.0,0.0,-1.0,98.0,5.0,36.59,37.41,37.007777777777775,36.69,0.8199999999999932,0.0072031900859893,-0.0017279192157996,-0.0069749835418032,0.0018649956570294,1.0,37.41,0.0,36.59,179.0,36.986666666666665,42.0,13.0,15.0,14.555555555555555,15.0,2.0,0.0470565954425112,0.0041372979294647,-0.009874917709019,0.0001240848740538,-1.0,15.0,33.0,13.0,43.0,0.0,-1.0,15.0,10.0,33.3,43.6,37.52222222222222,41.7,10.300000000000004,0.0865392506758678,0.005096956130809,-0.0213298222514812,0.0243330438019605,1.0,43.6,179.0,33.3,167.0,0.0,-1.0,38.0,27.0,1.0,1.0,1.0,1.0,1.0,1.0,1.0,1.0,1.0,1.0,1.0,1.0,1.0,1.0,1.0,1.0,1.0,127.0,127.0,0.0,0.0,-1.0,1.0,127.0,0.0,-1.0,0.0,-1.0,0.0,-1.0,2.0,0.0,127.0,,0.0,0.0,2.0,43.0,206.0,1.0,0.0,0.0,0.0,1.0,7.83,7.83,7.83,0.0,0.0,0.0,0.0,0.0,1.0,141.3,141.3,141.3,0.0,0.0,0.0,0.0,0.0,1.0,3.57,3.57,3.57,0.0,0.0,0.0,0.0,0.0,1.0,22.5,22.5,22.5,0.0,0.0,0.0,0.0,0.0,1.0,23.3,23.3,23.3,0.0,0.0,0.0,0.0,0.0,1.0,7.355,7.355,7.355,0.0,0.0,0.0,0.0,0.0,1.0,0.0,0.0,0.0,0.0,0.0,0.0,0.0,0.0,1.0,2.3,2.3,2.3,0.0,0.0,0.0,0.0,0.0,1.0,210.6,210.6,210.6,0.0,0.0,0.0,0.0,0.0,1.0,15.2,15.2,15.2,0.0,0.0,0.0,0.0,0.0,1.0,0.61,0.61,0.61,0.0,0.0,0.0,0.0,0.0,1.0,82.9,82.9,82.9,0.0,0.0,0.0,0.0,0.0,1.0,293.3,293.3,293.3,0.0,0.0,0.0,20.0,20.0,0.2328288707799767,1,-8.2,8.2,-0.3241106719367588,-1,24.200000000000003,24.200000000000003,0.2360975609756097,1,14.100000000000009,14.100000000000009,0.1877496671105194,1,2.799999999999997,2.799999999999997,0.0293193717277486,1,-0.5800000000000054,0.5800000000000054,-0.0155621143010465,-1,2,2,0.1538461538461538,1,0,0,0.0,0,2,0,0,0,0,,0,0,111,18,0,0,0,0,1,0,0,0,1,0,0,0,0,1,0,0,0,0,0,0,1,0,0,0,0,0,0,0,0,0,0,0,0,1,0.0,0.0,0,1,0,0,0,0,0,1,1,0,3201.4930000000004,0,,84.23333333333333,1.0197863078749505,1,2,1,0,3,1,0,0,6,,,2,27.40000000000001,8804.75,0.838048780487805,22.627317073170733,1
E000882,2025-05-21,68.8,18.1,102.6,87.8,98.9,0,37.03,15,25,Male,Hispanic/Latino,Headache. Festival attendee from main stage with symptom onset ~277 minutes before arrival.,5,0,EMS,0,0,0,0,0,85.0,7.435,139.0,3.69,12.7,7.7,1,1,60.5,10.0,130.9,81.0,96.9,0,36.36,14,33.7,-8.3,-0.67,-1,,,,,1,0,0,0,0,0,0,0,0,0,0,3,2,0,1,6.0,48.8,75.7,62.15,60.5,26.90000000000001,0.135605475763796,-0.0637513282346614,-0.3809523809523809,-0.0732900204472,1.0,75.7,0.0,48.8,199.0,0.0,-1.0,59.85,-1.0,8.0,17.2,11.733333333333334,10.0,9.2,0.2501129651802154,-0.0044792664209159,0.2190476190476189,-0.0092935822175318,-1.0,17.2,42.0,8.0,0.0,0.0,-1.0,10.05,37.0,121.1,145.3,132.9,130.9,24.200000000000017,0.0648603320403427,-0.0196401631924858,-0.5761904761904767,-0.0259217729701205,1.0,145.3,0.0,121.1,42.0,0.0,-1.0,135.55,37.0,69.8,81.9,77.33333333333334,81.0,12.100000000000009,0.0538241096537953,0.0063197733146177,-0.0119047619047623,-0.013986544423191,1.0,81.9,199.0,69.8,212.0,75.4,28.0,95.1,97.9,96.8,96.9,2.800000000000012,0.0096172452092072,-0.0041854149995407,-0.0404761904761911,-0.006348525822835,1.0,97.9,0.0,95.1,199.0,0.0,-1.0,97.0,13.0,35.95,36.81,36.46333333333334,36.36,0.8599999999999994,0.0074933272260071,-0.0020221306851723,0.0028571428571429,-0.0008370160279664,-1.0,36.81,42.0,35.95,199.0,36.435,13.0,14.0,15.0,14.333333333333334,14.0,1.0,0.0328886874970487,0.0004066693777958,-8.096015127605155e-17,-0.0057384077567442,0.0,15.0,79.0,14.0,0.0,0.0,-1.0,14.0,133.0,28.7,33.7,31.56666666666668,33.7,5.000000000000004,0.0589736093154939,0.0091743299794042,-0.1047619047619048,0.0226436250906932,1.0,33.7,240.0,28.7,42.0,2.0,42.0,32.55,157.0,1.0,1.0,1.0,1.0,1.0,1.0,1.0,1.0,1.0,1.0,1.0,1.0,1.0,1.0,1.0,1.0,1.0,209.0,209.0,0.0,0.0,-1.0,1.0,209.0,0.0,-1.0,0.0,-1.0,0.0,-1.0,2.0,0.0,89.0,,2.0,157.0,3.0,0.0,199.0,1.0,0.0,120.0,120.0,1.0,7.72,7.72,7.72,120.0,0.0,0.0,120.0,120.0,1.0,140.7,140.7,140.7,120.0,0.0,0.0,120.0,120.0,1.0,3.87,3.87,3.87,120.0,0.0,0.0,120.0,120.0,1.0,27.6,27.6,27.6,120.0,0.0,0.0,120.0,120.0,1.0,27.9,27.9,27.9,120.0,0.0,0.0,120.0,120.0,1.0,7.414,7.414,7.414,120.0,0.0,0.0,120.0,120.0,1.0,0.011,0.011,0.011,120.0,0.0,0.0,120.0,120.0,1.0,1.57,1.57,1.57,120.0,0.0,0.0,120.0,120.0,1.0,116.1,116.1,116.1,120.0,0.0,0.0,120.0,120.0,1.0,14.1,14.1,14.1,120.0,0.0,0.0,120.0,120.0,1.0,0.1,0.1,0.1,120.0,0.0,0.0,120.0,120.0,1.0,87.1,87.1,87.1,120.0,0.0,0.0,120.0,120.0,1.0,283.9,283.9,283.9,120.0,0.0,0.0,-8.299999999999997,8.299999999999997,-0.1206395348837209,-1,-8.100000000000001,8.100000000000001,-0.4475138121546961,-1,28.30000000000001,28.30000000000001,0.2758284600389865,1,-6.799999999999997,6.799999999999997,-0.0774487471526195,-1,-2.0,2.0,-0.0202224469160768,-1,-0.6700000000000017,0.6700000000000017,-0.0180934377531731,-1,-1,1,-0.0666666666666666,-1,0,0,0.0,0,3,0,0,0,0,277.0,1,1,91,13,1,0,0,0,0,0,0,1,0,0,0,0,0,1,0,0,0,0,0,0,0,0,0,0,0,0,0,0,0,0,0,0,0,0,0.0,0.0,0,1,1,0,0,0,0,0,0,0,2547.664,0,5.627621113690637,92.73333333333332,0.7419122933141624,0,0,0,0,0,1,0,0,1,0.2483754512635378,0.003610108303249,0,14.799999999999995,7058.879999999999,0.6705653021442495,16.764132553606238,0
E000934,2025-05-22,120.1,28.7,159.7,75.5,95.1,0,37.76,12,14,Male,Black,Altered mental status. Festival attendee from VIP tent with symptom onset ~94 minutes before arrival.,3,9,EMS,0,0,0,0,0,104.5,7.348,136.1,4.08,16.9,15.2,1,1,92.2,17.5,108.9,65.7,95.9,0,36.61,14,38.9,-27.9,-1.15,2,1.7,576.6,7.396,0.009,1,1,1,0,0,0,1,0,0,0,0,4,3,0,0,9.0,82.2,99.6,92.3,92.2,17.39999999999999,0.0573771437903557,0.0135038570848556,0.0,0.0146252363761389,-1.0,99.6,209.0,82.2,104.0,0.0,-1.0,94.05,31.0,16.1,22.4,18.944444444444443,17.5,6.299999999999997,0.1077520081751546,-0.0085383678440925,0.0,-0.0081141481863503,-1.0,22.4,104.0,16.1,119.0,0.0,-1.0,19.5,64.0,108.9,139.4,128.6888888888889,108.9,30.5,0.0757156790241258,-0.0658587088915955,0.0,-0.1378760529482553,-1.0,139.4,92.0,108.9,240.0,0.0,-1.0,116.15,-1.0,65.7,89.0,78.51111111111112,65.7,23.3,0.0780130794534219,-0.0274888347543646,0.0,-0.0531330582774626,-1.0,89.0,119.0,65.7,240.0,73.75,-1.0,94.3,98.3,96.47777777777776,95.9,4.0,0.0127768543115132,0.0060028420625252,0.0,-0.0032963727007048,-1.0,98.3,183.0,94.3,0.0,0.0,-1.0,95.55,41.0,36.61,37.53,37.156666666666666,36.61,0.9200000000000016,0.0068049811674936,-0.001378197320341,0.0,-0.0001740587931923,-1.0,37.53,0.0,36.61,240.0,37.01,-1.0,12.0,15.0,13.666666666666666,14.0,3.0,0.0689860274328339,0.001969143321153,0.0,0.00661853188929,1.0,15.0,183.0,12.0,119.0,1.0,119.0,13.5,64.0,33.4,41.8,38.400000000000006,38.9,8.399999999999999,0.0662685232083066,-0.0186906211936662,0.0,-0.0336900464156782,1.0,41.8,92.0,33.4,224.0,0.0,-1.0,36.15,16.0,3.0,1.0,1.0,1.0,1.0,1.0,1.0,1.0,1.0,1.0,1.0,1.0,1.0,1.0,1.0,3.0,1.0,45.0,160.0,1.0,1.0,45.0,1.0,147.0,0.0,-1.0,1.0,160.0,0.0,-1.0,5.0,0.0,45.0,,1.0,64.0,5.0,119.0,183.0,1.0,0.0,0.0,240.0,3.0,6.91,11.52,11.52,240.0,4.609999999999999,0.667149059334298,0.0,240.0,3.0,140.0,145.0,145.0,240.0,5.0,0.0357142857142857,0.0,240.0,3.0,4.31,3.11,4.31,0.0,-1.1999999999999995,-0.2784222737819025,0.0,240.0,3.0,23.3,18.9,23.3,0.0,-4.400000000000002,-0.1888412017167383,0.0,240.0,3.0,62.1,33.9,62.1,0.0,-28.200000000000003,-0.4541062801932367,0.0,240.0,3.0,7.32,7.396,7.396,240.0,0.0759999999999996,0.0103825136612021,0.0,240.0,3.0,0.074,0.009,0.074,0.0,-0.065,-0.8783783783783784,0.0,240.0,3.0,3.04,1.7,3.72,120.0,-1.34,-0.4407894736842105,0.0,240.0,3.0,668.1,576.6,668.1,0.0,-91.5,-0.1369555455770094,0.0,240.0,3.0,10.2,16.3,18.2,120.0,6.100000000000001,0.5980392156862747,0.0,240.0,3.0,5.03,0.1,7.23,120.0,-4.930000000000001,-0.9801192842942348,0.0,240.0,3.0,94.4,113.2,116.1,120.0,18.8,0.1991525423728813,0.0,240.0,3.0,281.9,286.0,291.9,120.0,4.100000000000023,0.014544164597375,-27.89999999999999,27.89999999999999,-0.2323064113238967,-1,-11.2,11.2,-0.3902439024390243,-1,-50.79999999999998,50.79999999999998,-0.3180964308077644,-1,-9.799999999999995,9.799999999999995,-0.1298013245033112,-1,0.8000000000000114,0.8000000000000114,0.0084121976866457,1,-1.1499999999999986,1.1499999999999986,-0.0304555084745762,-1,2,2,0.1666666666666666,1,0,0,0.0,0,2,0,0,0,0,94.0,1,1,101,15,0,0,0,1,0,0,1,0,0,0,1,0,0,1,0,0,0,0,0,0,0,0,1,0,0,0,0,0,0,0,0,0,0,0,0.0,0.1111111111111111,0,0,0,1,0,0,1,1,1,1,4534.976,0,4.553876891600541,103.56666666666666,1.15963952365626,0,2,1,2,3,0,0,0,7,1.277659574468085,0.0744680851063829,2,84.19999999999999,19179.97,0.752035065748278,10.528490920475893,3
E000629,2025-05-22,126.8,29.0,141.7,81.0,91.5,1,38.57,11,41,Female,White,Palpitations. Festival attendee from festival medical tent with symptom onset ~47 minutes before arrival.,2,9,Police,0,0,0,0,1,136.8,7.269,136.9,5.34,14.2,17.2,1,1,139.3,31.2,131.8,68.2,92.6,0,38.02,12,43.7,12.5,-0.55,1,3.71,852.6,7.281,0.127,0,1,0,0,0,0,0,1,0,0,0,4,3,0,0,8.0,102.4,143.0,127.3375,139.3,40.6,0.1118018426120944,-0.0345607262016689,0.0035357275083307,0.1303855833890441,1.0,143.0,60.0,102.4,192.0,4.0,0.0,135.35000000000002,36.0,20.4,31.6,27.425,31.2,11.200000000000005,0.1481333707164284,-0.0125329694559311,-0.0781377267678639,0.0113295843328483,1.0,31.6,0.0,20.4,135.0,6.0,0.0,29.95,93.0,105.2,142.1,123.2375,131.8,36.89999999999999,0.0911797386827319,0.0329224458552089,0.4000185116623471,0.1114102009516693,1.0,142.1,60.0,105.2,68.0,0.0,-1.0,123.55,8.0,57.7,88.3,71.95,68.2,30.599999999999994,0.1116564156686306,0.034947207268673,0.2797852647167713,0.0144795312438553,-1.0,88.3,192.0,57.7,0.0,69.30000000000001,36.0,92.0,94.1,92.9125,92.6,2.0999999999999943,0.0075423738950139,0.0005304234234983,-0.0187152906330988,-0.0012348106492585,1.0,94.1,192.0,92.0,31.0,0.0,-1.0,92.45,104.0,37.35,38.53,38.03375,38.02,1.1799999999999995,0.0098350389783172,-0.0031204289981445,0.0056238430211033,-0.0036400369656691,1.0,38.53,60.0,37.35,228.0,37.685,12.0,10.0,12.0,11.125,12.0,2.0,0.070168516835937,0.0025418722490785,0.0168456127360236,-0.0035982539620118,1.0,12.0,68.0,10.0,0.0,8.0,0.0,11.0,67.0,40.4,48.3,44.0,43.7,7.899999999999999,0.0586852333348879,-0.0168071422033997,0.0582191780821917,-0.0282266310118369,1.0,48.3,68.0,40.4,228.0,0.0,-1.0,42.05,67.0,3.0,1.0,1.0,1.0,1.0,1.0,1.0,1.0,1.0,1.0,1.0,1.0,1.0,1.0,1.0,1.0,1.0,206.0,206.0,0.0,1.0,206.0,0.0,-1.0,0.0,-1.0,0.0,-1.0,0.0,-1.0,4.0,0.0,206.0,206.0,18.0,240.0,5.0,0.0,-1.0,0.0,0.0,0.0,240.0,3.0,13.89,8.08,13.89,0.0,-5.8100000000000005,-0.4182865370770338,0.0,240.0,3.0,140.5,137.6,140.5,0.0,-2.9000000000000057,-0.0206405693950178,0.0,240.0,3.0,4.6,4.67,4.67,240.0,0.0700000000000002,0.0152173913043478,0.0,240.0,3.0,21.1,21.0,21.1,0.0,-0.1000000000000014,-0.004739336492891,0.0,240.0,3.0,55.2,32.8,58.1,120.0,-22.40000000000001,-0.4057971014492754,0.0,240.0,3.0,7.359,7.281,7.359,0.0,-0.0780000000000002,-0.0105992662046474,0.0,240.0,3.0,0.153,0.127,0.171,120.0,-0.0259999999999999,-0.1699346405228758,0.0,240.0,3.0,4.52,3.71,4.9,120.0,-0.8099999999999996,-0.1792035398230087,0.0,240.0,3.0,1031.3,852.6,1300.6,120.0,-178.69999999999993,-0.1732764472025598,0.0,240.0,3.0,15.7,22.2,26.3,120.0,6.5,0.4140127388535032,0.0,240.0,3.0,5.51,13.78,13.78,240.0,8.27,1.500907441016334,0.0,240.0,3.0,155.5,104.9,164.4,120.0,-50.6,-0.3254019292604501,0.0,240.0,3.0,292.4,287.3,292.4,0.0,-5.099999999999966,-0.0174418604651161,12.500000000000014,12.500000000000014,0.0985804416403786,1,2.2,2.2,0.0758620689655172,1,-9.899999999999975,9.899999999999975,-0.069865913902611,-1,-12.799999999999995,12.799999999999995,-0.1580246913580246,-1,1.0999999999999943,1.0999999999999943,0.0120218579234972,1,-0.5499999999999972,0.5499999999999972,-0.0142597873995332,-1,1,1,0.0909090909090909,1,-1,1,-1.0,-1,3,1,1,0,1,47.0,1,1,105,14,0,1,0,0,0,1,0,0,0,1,0,0,0,0,1,0,1,0,1,0,1,0,0,0,0,0,1,1,0,1,1,0,0,1,0.0,0.0,0,0,0,1,1,0,1,1,2,1,4890.676,1,3.871201010907891,101.23333333333332,1.2525518603885413,0,3,1,2,3,0,2,2,12,2.697872340425532,0.2553191489361702,3,60.69999999999999,17967.559999999998,0.89484827099506,36.68877911079746,4
E000185,2025-05-22,93.2,26.0,140.8,73.3,95.6,0,37.13,13,14,Female,Black,Agitation. Festival attendee from main stage with symptom onset ~149 minutes before arrival.,5,4,Walk-in,1,0,0,0,1,96.4,7.411,135.8,3.79,14.0,9.1,1,1,91.4,13.1,131.8,73.3,97.5,0,36.92,15,35.4,-1.8,-0.21,2,1.7,177.2,7.388,0.021,1,0,0,0,0,0,0,0,0,0,0,4,3,0,0,8.0,71.7,91.8,82.275,91.4,20.099999999999994,0.081147424450349,0.0662466766847762,0.0437499999999996,0.090201458023046,1.0,91.8,153.0,71.7,125.0,0.0,-1.0,91.4,-1.0,13.1,21.2,16.8625,13.1,8.1,0.1691424609664432,-0.0269339446948972,0.0708333333333332,-0.0299502234067571,-1.0,21.2,48.0,13.1,240.0,0.0,-1.0,13.1,-1.0,109.5,135.4,124.125,131.8,25.90000000000001,0.0671039531118675,-0.011909991137826,0.2958333333333335,-0.0116681037861569,-1.0,135.4,66.0,109.5,153.0,0.0,-1.0,131.8,44.0,61.6,87.4,75.0375,73.3,25.800000000000004,0.1307252885676604,0.0076221117661412,-0.5000000000000003,0.0424884377204669,1.0,87.4,153.0,61.6,66.0,73.3,44.0,95.3,97.7,96.65,97.5,2.4000000000000057,0.0085633447269771,0.0006319115323854,-1.8853792413543567e-16,0.0076722583679545,1.0,97.7,153.0,95.3,156.0,0.0,-1.0,97.5,84.0,36.53,37.35,36.92375,36.92,0.8200000000000003,0.0064686860723963,-0.0017888105421339,0.00625,-0.0006953045386847,-1.0,37.35,48.0,36.53,153.0,36.92,87.0,13.0,15.0,14.125,15.0,2.0,0.0552654690123752,0.003564135167418,-0.0416666666666667,0.0092498236262443,1.0,15.0,0.0,13.0,48.0,0.0,-1.0,15.0,62.0,32.7,42.0,37.0375,35.4,9.299999999999995,0.088626546394997,-0.0200021834341567,-0.19375,-0.0283334639805598,1.0,42.0,0.0,32.7,48.0,0.0,-1.0,35.4,18.0,3.0,1.0,1.0,1.0,1.0,1.0,1.0,1.0,1.0,1.0,1.0,1.0,1.0,1.0,1.0,1.0,1.0,221.0,221.0,0.0,0.0,-1.0,1.0,221.0,0.0,-1.0,0.0,-1.0,0.0,-1.0,2.0,0.0,221.0,,0.0,0.0,6.0,48.0,240.0,0.0,0.0,0.0,240.0,3.0,3.57,7.8,8.04,120.0,4.23,1.1848739495798322,0.0,240.0,3.0,139.8,134.8,139.8,0.0,-5.0,-0.0357653791130185,0.0,240.0,3.0,3.62,4.01,4.01,240.0,0.3899999999999997,0.1077348066298341,0.0,240.0,3.0,24.6,25.1,25.1,240.0,0.5,0.0203252032520325,0.0,240.0,3.0,37.6,15.8,37.6,0.0,-21.8,-0.5797872340425532,0.0,240.0,3.0,7.368,7.388,7.395,120.0,0.0199999999999995,0.0027144408251899,0.0,240.0,3.0,0.0,0.021,0.021,240.0,0.021,21000000.0,0.0,240.0,3.0,2.29,1.7,2.34,120.0,-0.5900000000000001,-0.2576419213973799,0.0,240.0,3.0,391.7,177.2,391.7,0.0,-214.5,-0.547612969109012,0.0,240.0,3.0,9.4,3.9,15.1,120.0,-5.5,-0.5851063829787234,0.0,240.0,3.0,6.26,1.63,6.26,0.0,-4.63,-0.7396166134185304,0.0,240.0,3.0,106.0,93.9,110.2,120.0,-12.099999999999994,-0.1141509433962263,0.0,240.0,3.0,298.4,293.7,298.4,0.0,-4.699999999999989,-0.0157506702412868,-1.7999999999999972,1.7999999999999972,-0.01931330472103,-1,-12.9,12.9,-0.4961538461538461,-1,-9.0,9.0,-0.0639204545454545,-1,0.0,0.0,0.0,0,1.9000000000000057,1.9000000000000057,0.0198744769874477,1,-0.2100000000000008,0.2100000000000008,-0.0056558039321303,-1,2,2,0.1538461538461538,1,0,0,0.0,0,1,0,0,0,0,149.0,1,1,92,13,1,0,0,0,0,0,1,0,0,0,0,0,0,1,0,0,0,0,0,1,0,0,0,0,0,0,0,0,0,0,0,0,1,0,0.1428571428571428,0.0,0,1,1,0,0,0,0,0,1,0,3460.5160000000005,0,5.010635294096256,95.8,0.9728601252609604,0,2,1,1,3,0,0,0,6,0.6255033557046981,0.0402684563758389,0,67.50000000000001,13122.56,0.6619318181818181,9.267045454545451,2
E000275,2025-05-21,141.1,36.9,90.0,69.9,93.2,1,38.86,11,23,Male,Black,Anxiety/panic. Festival attendee from main stage with symptom onset ~98 minutes before arrival.,1,8,Police,0,0,0,0,1,152.4,7.292,138.9,5.7,12.5,18.4,1,1,125.7,29.5,125.6,61.4,92.7,1,38.13,8,43.0,-15.4,-0.73,-3,3.77,1109.9,7.284,0.129,1,1,0,0,0,0,0,0,0,0,0,3,2,0,1,8.0,102.2,146.7,128.425,125.7,44.49999999999999,0.1044570276441793,-0.0711951931995956,0.0,0.0284561569166059,1.0,146.7,0.0,102.2,119.0,4.0,0.0,125.7,30.0,24.7,30.8,27.425,29.5,6.100000000000001,0.0821583292615162,-0.0060154227409284,0.0,0.0246040602600969,1.0,30.8,0.0,24.7,119.0,8.0,0.0,29.5,38.0,106.9,133.2,119.6875,125.6,26.299999999999983,0.0689541059031245,-0.0311299857401948,0.0,0.0793939654062403,1.0,133.2,0.0,106.9,149.0,0.0,-1.0,125.6,8.0,61.4,82.2,73.7375,61.4,20.800000000000004,0.0826867965307945,-0.0526719829436116,0.0,-0.1215105798532123,-1.0,82.2,99.0,61.4,240.0,61.4,-1.0,91.2,94.0,92.4125,92.7,2.799999999999997,0.0089468122246198,0.0023805568246318,0.0,0.0014560710760117,-1.0,94.0,149.0,91.2,119.0,0.0,-1.0,92.7,8.0,37.86,38.5,38.10875,38.13,0.6400000000000006,0.0045948147988729,-0.0013121097589678,0.0,0.0011846001974334,1.0,38.5,0.0,37.86,149.0,38.13,47.0,8.0,13.0,11.25,8.0,5.0,0.1314684396244359,-0.0058008334371668,0.0,-0.0308918837718356,-1.0,13.0,99.0,8.0,240.0,7.0,0.0,8.0,97.0,38.4,48.7,44.2875,43.0,10.300000000000004,0.0669769655541453,-0.0133287646578339,0.0,-0.0056923043907464,1.0,48.7,170.0,38.4,149.0,0.0,-1.0,43.0,21.0,3.0,1.0,1.0,1.0,1.0,1.0,1.0,1.0,1.0,1.0,1.0,1.0,1.0,1.0,1.0,2.0,1.0,79.0,224.0,0.0,1.0,224.0,1.0,79.0,0.0,-1.0,0.0,-1.0,0.0,-1.0,4.0,0.0,79.0,224.0,19.0,240.0,4.0,240.0,-1.0,1.0,0.0,0.0,240.0,3.0,9.21,8.12,13.04,120.0,-1.0900000000000016,-0.1183496199782846,0.0,240.0,3.0,142.3,138.0,142.3,0.0,-4.300000000000011,-0.0302178496134927,0.0,240.0,3.0,4.42,4.61,4.61,240.0,0.1900000000000004,0.0429864253393666,0.0,240.0,3.0,17.7,17.3,18.0,120.0,-0.3999999999999986,-0.022598870056497,0.0,240.0,3.0,49.3,40.4,75.7,120.0,-8.899999999999999,-0.1805273833671399,0.0,240.0,3.0,7.279,7.284,7.318,120.0,0.0049999999999998,0.0006869075422447,0.0,240.0,3.0,0.132,0.129,0.147,120.0,-0.003,-0.0227272727272727,0.0,240.0,3.0,5.0,3.77,5.0,0.0,-1.23,-0.246,0.0,240.0,3.0,1021.1,1109.9,1109.9,240.0,88.80000000000007,0.0869650377044364,0.0,240.0,3.0,39.6,23.3,39.6,0.0,-16.3,-0.4116161616161616,0.0,240.0,3.0,4.88,9.31,11.8,120.0,4.430000000000001,0.9077868852459018,0.0,240.0,3.0,150.2,138.5,150.2,0.0,-11.699999999999989,-0.0778961384820239,0.0,240.0,3.0,304.0,287.8,305.9,120.0,-16.19999999999999,-0.0532894736842104,-15.399999999999991,15.399999999999991,-0.1091424521615874,-1,-7.399999999999999,7.399999999999999,-0.2005420054200541,-1,35.599999999999994,35.599999999999994,0.3955555555555555,1,-8.500000000000007,8.500000000000007,-0.1216022889842633,-1,-0.5,0.5,-0.0053648068669527,-1,-0.7299999999999969,0.7299999999999969,-0.018785383427689,-1,-3,3,-0.2727272727272727,-1,0,0,0.0,0,3,0,0,0,0,98.0,1,1,95,13,1,0,0,0,0,0,1,0,0,1,0,0,0,0,1,0,1,0,1,0,1,0,0,0,0,0,1,0,0,0,1,0,0,0,0.0,0.0,0,0,0,1,1,1,1,1,1,1,5483.146,1,4.59511985013459,76.60000000000001,1.842036553524804,0,3,1,3,3,3,1,2,15,1.4397959183673468,0.1530612244897959,3,20.099999999999994,12699.0,1.5677777777777775,36.05888888888889,3
E000363,2025-05-20,90.9,15.8,117.6,78.5,95.8,0,37.08,13,29,Male,Black,Respiratory Distress From ECF for SOB.,5,2,Walk-in,0,0,0,0,0,74.4,7.436,142.3,3.66,12.0,8.1,0,0,73.9,12.2,140.0,71.1,98.1,0,36.19,14,29.7,-17.0,-0.89,1,,,,,0,0,1,0,0,0,0,0,0,0,0,2,1,0,1,8.0,64.8,84.9,76.11250000000001,73.9,20.10000000000001,0.0809120249230762,0.0010613480373254,0.3234905117883845,-0.0740885162799764,-1.0,84.9,42.0,64.8,0.0,0.0,-1.0,73.9,139.0,8.2,17.1,12.1375,12.2,8.900000000000002,0.2206486654400694,-0.0062842214853088,-0.052127659574468,-0.0356404757262624,1.0,17.1,140.0,8.2,177.0,0.0,-1.0,12.2,63.0,108.0,150.4,131.7,140.0,42.400000000000006,0.0908079766179958,0.0334888563276006,-0.0093732029902231,0.1371222460518618,1.0,150.4,56.0,108.0,40.0,0.0,-1.0,140.0,2.0,69.7,92.1,79.17500000000001,71.1,22.39999999999999,0.0980996239167822,0.012321662682193,0.1809373202990229,-0.0654221095730168,-1.0,92.1,181.0,69.7,0.0,71.1,59.0,95.6,98.1,96.9,98.1,2.5,0.0090262413232899,0.001513457237603,-0.0226566992524435,0.0229869370247612,1.0,98.1,240.0,95.6,42.0,0.0,-1.0,98.1,139.0,36.19,36.62,36.425,36.19,0.4299999999999997,0.0037966552329277,-0.0005041644173672,0.0040943070730309,-0.0023922791967245,-1.0,36.62,42.0,36.19,240.0,36.19,98.0,14.0,15.0,14.625,14.0,1.0,0.0331024217624565,-0.0001445978252487,-0.0155261644623345,-0.0108208227724703,0.0,15.0,0.0,14.0,40.0,0.0,-1.0,14.0,2.0,29.7,38.2,34.4375,29.7,8.500000000000004,0.0709495860597012,-0.0122493637695689,0.0879815986198965,-0.041109378046403,-1.0,38.2,56.0,29.7,240.0,1.0,240.0,29.7,84.0,0.0,0.0,0.0,0.0,0.0,0.0,0.0,0.0,0.0,0.0,0.0,0.0,0.0,0.0,0.0,1.0,1.0,110.0,110.0,0.0,0.0,-1.0,0.0,-1.0,0.0,-1.0,1.0,110.0,0.0,-1.0,5.0,0.0,,,1.0,0.0,4.0,40.0,181.0,1.0,0.0,,,,,,,,,,,,,,,,,,,,,,,,,,,,,,,,,,,,,,,,,,,,,,,,,,,,,,,,,,,,,,,,,,,,,,,,,,,,,,,,,,,,,,,,,,,,,,,,,,,,,,,,,,,,,,,,,,,,,,-17.0,17.0,-0.187018701870187,-1,-3.6000000000000014,3.6000000000000014,-0.2278481012658228,-1,22.40000000000001,22.40000000000001,0.1904761904761905,1,-7.400000000000006,7.400000000000006,-0.0942675159235669,-1,2.299999999999997,2.299999999999997,0.0240083507306889,1,-0.8900000000000006,0.8900000000000006,-0.0240021574973031,-1,1,1,0.0769230769230769,1,0,0,0.0,0,1,0,0,0,0,,0,0,38,6,0,0,0,0,1,0,0,0,1,0,0,0,0,1,0,0,0,0,0,0,0,0,0,0,0,0,0,0,0,0,0,0,0,0,0.0,0.1111111111111111,0,1,1,0,0,0,0,0,1,0,3370.572,0,,91.53333333333332,0.9930808448652584,0,2,0,0,0,0,0,0,2,,,0,39.1,10689.84,0.7729591836734695,22.415816326530617,0
E001953,2025-05-22,83.1,24.1,116.0,84.8,96.7,0,36.83,15,18,Female,Hispanic/Latino,Nausea/vomiting. Festival attendee from festival medical tent with symptom onset ~43 minutes before arrival.,5,0,Walk-in,0,0,0,0,1,99.9,7.442,137.8,4.18,14.4,9.0,1,1,68.4,13.1,131.9,82.4,96.9,0,36.7,14,32.1,-14.7,-0.13,-1,2.08,335.4,7.452,0.0,0,0,0,0,0,1,0,0,0,0,0,4,3,0,0,8.0,65.7,91.4,78.2,68.4,25.700000000000003,0.1049898601271649,-0.0418046999404865,0.1411764705882352,0.0080032111649734,-1.0,91.4,51.0,65.7,74.0,0.0,-1.0,68.4,16.0,9.4,20.1,15.4,13.1,10.7,0.2644858682391727,-0.0262553280468385,-0.1470588235294118,-0.0293142310186186,1.0,20.1,0.0,9.4,83.0,0.0,-1.0,13.1,7.0,109.2,149.6,125.325,131.9,40.39999999999999,0.0911948353303014,0.0507329783982889,0.3058823529411759,-0.0066786056133634,-1.0,149.6,74.0,109.2,0.0,0.0,-1.0,131.9,9.0,68.3,86.2,78.86250000000001,82.4,17.900000000000006,0.0788882130851679,0.0175634942336461,0.0058823529411761,0.0626702071818941,-1.0,86.2,90.0,68.3,83.0,82.4,7.0,94.9,97.6,96.525,96.9,2.6999999999999886,0.0099200818452243,-0.0015203229801675,-0.0490196078431377,-0.0033670917343377,1.0,97.6,109.0,94.9,51.0,0.0,-1.0,96.9,23.0,36.7,37.08,36.84125,36.7,0.3799999999999954,0.0033832522211313,-0.0013863376815555,-0.0062745098039216,-0.0013644363479173,1.0,37.08,0.0,36.7,240.0,36.7,-1.0,14.0,15.0,14.75,14.0,1.0,0.029356793348625,-0.0030174840359652,-1.5921269746999166e-17,-0.0030413437490351,-1.0,15.0,0.0,14.0,83.0,0.0,-1.0,14.0,7.0,29.8,36.7,33.2375,32.1,6.900000000000002,0.0756951657913638,-8.138842868855805e-05,0.1352941176470588,-0.0081761200481675,-1.0,36.7,51.0,29.8,0.0,1.0,0.0,32.1,32.0,2.0,1.0,1.0,1.0,1.0,1.0,1.0,1.0,1.0,1.0,1.0,1.0,1.0,1.0,1.0,1.0,1.0,175.0,175.0,0.0,0.0,-1.0,0.0,-1.0,0.0,-1.0,0.0,-1.0,0.0,-1.0,0.0,0.0,55.0,,1.0,51.0,3.0,83.0,240.0,0.0,0.0,120.0,240.0,2.0,1.4,4.66,4.66,240.0,3.26,2.3285714285714287,120.0,240.0,2.0,140.3,137.9,140.3,120.0,-2.4000000000000057,-0.0171062009978617,120.0,240.0,2.0,3.77,4.14,4.14,240.0,0.3699999999999996,0.0981432360742704,120.0,240.0,2.0,24.7,25.6,25.6,240.0,0.9000000000000021,0.0364372469635628,120.0,240.0,2.0,15.7,21.4,21.4,240.0,5.699999999999999,0.3630573248407643,120.0,240.0,2.0,7.377,7.452,7.452,240.0,0.0750000000000001,0.0101667344448963,120.0,240.0,2.0,0.006,0.0,0.006,120.0,-0.006,-1.0,120.0,240.0,2.0,1.6,2.08,2.08,240.0,0.48,0.3,120.0,240.0,2.0,330.4,335.4,335.4,240.0,5.0,0.0151331719128329,120.0,240.0,2.0,3.3,12.3,12.3,240.0,9.0,2.7272727272727275,120.0,240.0,2.0,3.96,0.1,3.96,120.0,-3.86,-0.9747474747474748,120.0,240.0,2.0,85.3,98.2,98.2,240.0,12.900000000000006,0.1512309495896835,120.0,240.0,2.0,284.0,286.3,286.3,240.0,2.300000000000012,0.0080985915492958,-14.699999999999989,14.699999999999989,-0.1768953068592056,-1,-11.000000000000002,11.000000000000002,-0.4564315352697096,-1,15.900000000000006,15.900000000000006,0.1370689655172414,1,-2.3999999999999915,2.3999999999999915,-0.0283018867924527,-1,0.2000000000000028,0.2000000000000028,0.0020682523267838,1,-0.1299999999999954,0.1299999999999954,-0.0035297311973933,-1,-1,1,-0.0666666666666666,-1,0,0,0.0,0,1,0,0,0,0,43.0,1,1,108,14,0,1,0,0,0,1,0,0,0,0,0,1,0,0,0,0,0,0,0,0,1,0,0,1,0,0,0,0,0,0,0,0,0,0,0.0,0.0,0,1,1,0,0,0,0,0,0,0,3060.573,0,3.784189633918261,95.2,0.8728991596638654,0,0,0,0,2,0,0,0,2,1.932558139534884,0.0465116279069767,0,31.200000000000003,9639.6,0.7163793103448275,12.894827586206894,1
E001918,2025-05-20,77.3,18.1,124.9,71.9,96.3,0,36.92,13,20,Male,Black,Nausea/vomiting. Festival attendee from main stage with symptom onset ~96 minutes before arrival.,4,3,Police,0,0,0,0,0,94.1,7.39,139.0,4.61,13.8,8.6,1,1,87.1,16.7,129.1,82.2,96.1,0,37.07,14,35.0,9.8,0.15,1,2.06,332.7,7.391,0.0,0,1,0,0,0,0,0,0,0,0,0,2,1,0,1,6.0,86.1,102.9,92.73333333333332,87.1,16.80000000000001,0.0680270150520984,-0.0503553140107773,-0.2422780913288879,-0.011320754716981,1.0,102.9,0.0,86.1,46.0,0.0,-1.0,87.1,-1.0,13.7,19.9,16.083333333333332,16.7,6.199999999999999,0.132403443929333,-0.004424917693668,-0.0989481785531043,0.0163522012578616,1.0,19.9,0.0,13.7,46.0,0.0,-1.0,16.7,-1.0,124.1,155.2,134.61666666666665,129.1,31.099999999999994,0.076607757643999,0.0014826683412674,0.1103129810159051,-0.1641509433962261,-1.0,155.2,81.0,124.1,0.0,0.0,-1.0,129.1,159.0,69.5,89.9,81.35,82.2,20.40000000000001,0.0932690201388748,-0.0171118673494358,-0.2034633145202675,0.0578616352201258,1.0,89.9,29.0,69.5,59.0,82.2,181.0,94.1,98.1,96.95,96.1,4.0,0.0148371307322147,-0.0045255784530564,-0.0193432529502319,-0.0119496855345911,-1.0,98.1,59.0,94.1,46.0,0.0,-1.0,96.1,13.0,36.75,37.24,36.965,37.07,0.490000000000002,0.0044252602758699,0.0011371433584677,0.0032324268855818,-0.0010691823899371,-1.0,37.24,81.0,36.75,29.0,37.07,-1.0,14.0,15.0,14.5,14.0,1.0,0.0344827586206896,-0.0019808929255802,0.0041046690610569,-0.0062893081761006,-1.0,15.0,29.0,14.0,0.0,0.0,-1.0,14.0,30.0,31.8,39.4,36.25,35.0,7.599999999999998,0.0725636107565257,-0.0140781921697011,-0.0929451000513088,0.0012578616352201,-1.0,39.4,29.0,31.8,59.0,0.0,-1.0,35.0,-1.0,1.0,1.0,1.0,1.0,1.0,1.0,1.0,1.0,1.0,1.0,1.0,1.0,1.0,1.0,1.0,1.0,1.0,174.0,174.0,0.0,1.0,174.0,0.0,-1.0,0.0,-1.0,0.0,-1.0,0.0,-1.0,4.0,0.0,-66.0,,0.0,0.0,2.0,0.0,240.0,0.0,0.0,240.0,240.0,1.0,9.27,9.27,9.27,240.0,0.0,0.0,240.0,240.0,1.0,140.2,140.2,140.2,240.0,0.0,0.0,240.0,240.0,1.0,3.76,3.76,3.76,240.0,0.0,0.0,240.0,240.0,1.0,22.8,22.8,22.8,240.0,0.0,0.0,240.0,240.0,1.0,38.9,38.9,38.9,240.0,0.0,0.0,240.0,240.0,1.0,7.391,7.391,7.391,240.0,0.0,0.0,240.0,240.0,1.0,0.0,0.0,0.0,240.0,0.0,0.0,240.0,240.0,1.0,2.06,2.06,2.06,240.0,0.0,0.0,240.0,240.0,1.0,332.7,332.7,332.7,240.0,0.0,0.0,240.0,240.0,1.0,1.0,1.0,1.0,240.0,0.0,0.0,240.0,240.0,1.0,3.75,3.75,3.75,240.0,0.0,0.0,240.0,240.0,1.0,91.4,91.4,91.4,240.0,0.0,0.0,240.0,240.0,1.0,286.4,286.4,286.4,240.0,0.0,0.0,9.799999999999995,9.799999999999995,0.1267787839586028,1,-1.400000000000002,1.400000000000002,-0.0773480662983426,-1,4.199999999999989,4.199999999999989,0.0336269015212168,1,10.299999999999995,10.299999999999995,0.1432545201668984,1,-0.2000000000000028,0.2000000000000028,-0.0020768431983385,-1,0.1499999999999985,0.1499999999999985,0.0040628385698807,1,1,1,0.0769230769230769,1,0,0,0.0,0,2,0,0,0,0,96.0,1,1,97,13,1,0,0,0,0,0,1,0,0,0,0,0,0,0,0,0,1,0,0,0,1,0,0,0,0,0,0,0,0,0,0,0,0,0,0.0,0.0,0,1,1,0,0,0,0,0,1,0,2853.916,0,4.574710978503383,89.56666666666668,0.8630442873092667,0,2,0,0,0,0,0,0,2,0.8052083333333333,0.0208333333333333,0,53.0,9654.77,0.6188951160928743,12.377902321857484,0
E001007,2025-05-22,110.5,31.0,116.8,59.2,95.0,0,37.7,12,40,Male,Asian,Headache. Festival attendee from main stage with symptom onset ~67 minutes before arrival.,4,7,Walk-in,1,0,0,0,0,112.4,7.366,139.9,5.18,13.6,17.1,1,1,99.6,20.0,102.9,71.7,95.3,0,37.57,12,37.8,-10.9,-0.13,0,2.73,476.8,7.272,0.081,1,0,0,0,0,0,0,0,0,0,0,4,3,0,0,7.0,88.0,114.6,98.67142857142858,99.6,26.599999999999994,0.0844104756955762,0.0418606148398518,0.0,-0.031551120901905,-1.0,114.6,149.0,88.0,177.0,0.0,-1.0,99.6,28.0,16.5,25.3,19.442857142857143,20.0,8.8,0.1337211648872627,0.0119664413326894,0.0,0.0161513541531683,0.0,25.3,177.0,16.5,149.0,1.0,177.0,20.0,11.0,102.9,137.6,120.05714285714286,102.9,34.69999999999999,0.0837101168868353,-0.0682295187510061,0.0,-0.186437734871064,-1.0,137.6,177.0,102.9,240.0,0.0,-1.0,102.9,-1.0,71.7,85.7,75.55714285714285,71.7,14.0,0.0589764177236438,-0.0110622887493965,0.0,-0.1028016068420371,-1.0,85.7,149.0,71.7,240.0,71.7,28.0,94.1,96.2,95.5,95.3,2.1000000000000085,0.0072977178265672,0.0016562047320134,0.0,-0.0023117791888038,-1.0,96.2,145.0,94.1,177.0,0.0,-1.0,95.3,4.0,36.91,37.58,37.372857142857136,37.57,0.6700000000000017,0.0063153171294869,0.0001119024625783,0.0,0.0054044317740054,1.0,37.58,188.0,36.91,145.0,37.57,4.0,12.0,15.0,13.571428571428571,12.0,3.0,0.0665742665298606,-0.0006880733944954,0.0,-0.020163275884411,-1.0,15.0,188.0,12.0,240.0,1.0,240.0,12.0,18.0,36.4,43.1,39.05714285714286,37.8,6.700000000000003,0.0584468240284536,0.0054913085465957,0.0,-0.0285966048982765,-1.0,43.1,188.0,36.4,206.0,0.0,-1.0,37.8,18.0,3.0,1.0,1.0,1.0,1.0,1.0,1.0,1.0,1.0,1.0,1.0,1.0,1.0,1.0,1.0,2.0,1.0,23.0,87.0,1.0,0.0,-1.0,1.0,87.0,0.0,-1.0,0.0,-1.0,1.0,23.0,3.0,0.0,23.0,,2.0,11.0,3.0,240.0,188.0,1.0,0.0,0.0,240.0,3.0,5.27,7.98,11.9,120.0,2.710000000000001,0.5142314990512336,0.0,240.0,3.0,140.5,143.2,143.2,240.0,2.6999999999999886,0.0192170818505337,0.0,240.0,3.0,4.57,4.01,4.57,0.0,-0.5600000000000005,-0.1225382932166303,0.0,240.0,3.0,24.3,25.3,25.3,240.0,1.0,0.0411522633744856,0.0,240.0,3.0,49.5,49.1,49.5,0.0,-0.3999999999999986,-0.008080808080808,0.0,240.0,3.0,7.352,7.272,7.36,120.0,-0.08,-0.0108813928182807,0.0,240.0,3.0,0.047,0.081,0.081,240.0,0.034,0.723404255319149,0.0,240.0,3.0,2.97,2.73,2.97,0.0,-0.2400000000000002,-0.0808080808080808,0.0,240.0,3.0,265.3,476.8,587.0,120.0,211.5,0.7972107048624198,0.0,240.0,3.0,30.3,10.2,30.3,0.0,-20.1,-0.6633663366336634,0.0,240.0,3.0,4.5,2.54,6.72,120.0,-1.96,-0.4355555555555555,0.0,240.0,3.0,99.7,102.5,106.2,120.0,2.799999999999997,0.0280842527582747,0.0,240.0,3.0,295.2,289.6,295.6,120.0,-5.599999999999966,-0.0189701897018969,-10.900000000000006,10.900000000000006,-0.0986425339366516,-1,-11.0,11.0,-0.3548387096774194,-1,-13.899999999999991,13.899999999999991,-0.1190068493150684,-1,12.5,12.5,0.2111486486486486,1,0.2999999999999971,0.2999999999999971,0.003157894736842,1,-0.1300000000000025,0.1300000000000025,-0.003448275862069,-1,0,0,0.0,0,0,0,0.0,0,1,0,0,0,0,67.0,1,1,90,13,1,0,0,0,0,0,1,0,0,0,0,0,0,1,0,0,0,1,0,1,0,0,1,0,1,0,0,0,0,0,0,0,0,0,0.0,0.0,0,0,1,0,0,0,1,0,1,1,4165.85,1,4.219507705176107,78.4,1.4094387755102042,0,2,1,1,3,0,1,0,7,1.6492537313432836,0.1044776119402985,2,57.6,12906.4,0.9460616438356164,37.842465753424655,2
E000996,2025-05-22,66.6,13.2,108.4,88.4,97.6,0,37.31,15,32,Male,Asian,Headache. Festival attendee from campground with symptom onset ~286 minutes before arrival.,4,2,Walk-in,0,0,1,0,1,111.2,7.412,136.2,4.02,14.7,8.0,1,1,89.3,13.4,126.0,92.0,97.8,0,36.48,14,35.4,22.7,-0.83,-1,,,,,1,0,0,0,0,0,0,0,0,0,0,4,3,0,0,7.0,69.8,90.6,83.98571428571428,89.3,20.8,0.0796787591558688,-0.0163187883368702,0.0852398523985243,-0.0314716668178462,1.0,90.6,28.0,69.8,194.0,0.0,-1.0,89.3,46.0,8.5,16.4,12.971428571428572,13.4,7.899999999999999,0.215217512968112,-0.0049827029855519,-0.0649446494464944,0.0310544116313122,-1.0,16.4,28.0,8.5,91.0,0.0,-1.0,13.4,103.0,109.8,139.5,125.08571428571427,126.0,29.700000000000003,0.0787651937056792,0.0500366289717723,0.7546125461254606,0.0855321299451864,-1.0,139.5,194.0,109.8,0.0,0.0,-1.0,126.0,-1.0,71.2,92.0,78.94285714285715,92.0,20.8,0.0911042619602632,0.0689150847408355,0.1512915129151291,0.0890891656192092,1.0,92.0,240.0,71.2,28.0,92.0,-1.0,92.1,99.0,96.42857142857144,97.8,6.900000000000006,0.0210547656127267,0.0063318701125032,-0.1153136531365315,-0.0029000531287661,1.0,99.0,74.0,92.1,28.0,0.0,-1.0,97.8,1.0,36.32,36.96,36.65571428571429,36.48,0.6400000000000006,0.0053177361632848,-0.0003180325009448,-0.0105904059040595,-0.0021874797527569,1.0,36.96,91.0,36.32,28.0,36.48,1.0,14.0,15.0,14.571428571428571,14.0,1.0,0.0339617805405662,-0.0036803395447542,-0.0166051660516605,-0.0069715307563722,1.0,15.0,0.0,14.0,28.0,0.0,-1.0,14.0,1.0,33.9,39.3,36.17142857142857,35.4,5.399999999999999,0.0555231019614217,-0.003869589232245,0.1145756457564574,-0.0165606251052857,0.0,39.3,29.0,33.9,0.0,0.0,-1.0,35.4,45.0,0.0,0.0,0.0,0.0,0.0,0.0,0.0,0.0,0.0,0.0,0.0,0.0,0.0,0.0,0.0,1.0,1.0,202.0,202.0,0.0,0.0,-1.0,1.0,202.0,0.0,-1.0,0.0,-1.0,0.0,-1.0,2.0,0.0,,,0.0,0.0,4.0,28.0,194.0,1.0,0.0,,,,,,,,,,,,,,,,,,,,,,,,,,,,,,,,,,,,,,,,,,,,,,,,,,,,,,,,,,,,,,,,,,,,,,,,,,,,,,,,,,,,,,,,,,,,,,,,,,,,,,,,,,,,,,,,,,,,,,22.700000000000003,22.700000000000003,0.3408408408408409,1,0.200000000000001,0.200000000000001,0.0151515151515152,1,17.599999999999994,17.599999999999994,0.1623616236162361,1,3.5999999999999943,3.5999999999999943,0.0407239819004524,1,0.2000000000000028,0.2000000000000028,0.0020491803278688,1,-0.8300000000000054,0.8300000000000054,-0.0222460466362906,-1,-1,1,-0.0666666666666666,-1,0,0,0.0,0,3,0,0,0,0,286.0,1,1,91,12,0,0,1,0,0,0,0,1,0,0,0,0,0,1,0,0,0,0,0,0,0,0,0,0,0,0,0,0,0,0,0,0,0,0,0.0,0.0,0,1,1,0,0,0,0,0,0,0,2484.846,0,5.659482215759621,95.06666666666668,0.7005610098176717,0,0,0,0,0,1,0,0,1,0.2328671328671328,0.0034965034965034,0,20.0,7219.44,0.614391143911439,19.66051660516605,0
E001370,2025-05-19,90.9,16.1,111.7,78.5,98.0,0,36.91,14,41,Female,Hispanic/Latino,Nausea/vomiting. Community patient from home with symptom onset ~74 minutes before arrival.,4,3,Walk-in,0,0,0,1,0,113.1,7.417,139.6,4.43,12.3,9.6,0,0,77.0,15.8,118.9,77.6,96.1,0,36.92,15,43.4,-13.9,0.01,1,2.53,269.7,7.437,0.037,0,1,0,0,0,0,0,0,0,0,0,1,0,0,1,7.0,68.2,95.2,84.75714285714287,77.0,27.0,0.1156654975651178,0.0295164352878308,-0.5373287671232877,-0.0884028624680733,-1.0,95.2,189.0,68.2,36.0,0.0,-1.0,77.0,59.0,13.9,18.9,16.67142857142857,15.8,4.999999999999998,0.1030845123689636,-0.0067693943218383,-0.0714041095890409,-0.0084355369428656,1.0,18.9,0.0,13.9,167.0,0.0,-1.0,15.8,22.0,103.9,131.2,120.0,118.9,27.299999999999983,0.0796457932407755,0.0682243521961089,-0.3061643835616444,-0.0395844359051058,1.0,131.2,189.0,103.9,32.0,0.0,-1.0,118.9,63.0,68.8,82.5,76.24285714285715,77.6,13.700000000000005,0.0587270427889433,-0.0249022182806336,-0.0464041095890414,-0.040428910007133,1.0,82.5,95.0,68.8,167.0,77.6,73.0,94.9,97.7,96.31428571428572,96.1,2.799999999999997,0.0093761380179644,-0.0020980432286159,0.0023972602739726,0.0047262937481301,-1.0,97.7,32.0,94.9,167.0,0.0,-1.0,96.1,22.0,36.76,37.07,36.85857142857143,36.92,0.3100000000000023,0.0026639029925103,0.0006346147286556,-0.0013356164383564,0.0014328447502243,-1.0,37.07,189.0,36.76,95.0,36.92,51.0,14.0,15.0,14.571428571428571,15.0,1.0,0.0339617805405662,-0.0013274436902366,-0.0171232876712328,-0.0009664281276605,1.0,15.0,0.0,14.0,36.0,0.0,-1.0,15.0,59.0,32.8,43.4,38.12857142857143,43.4,10.6,0.0843203841540715,0.0134211094814157,0.0679794520547946,0.0076785015761982,1.0,43.4,240.0,32.8,189.0,0.0,-1.0,43.4,-1.0,1.0,1.0,1.0,1.0,1.0,1.0,1.0,1.0,1.0,1.0,1.0,1.0,1.0,1.0,1.0,1.0,1.0,11.0,11.0,1.0,1.0,11.0,0.0,-1.0,0.0,-1.0,0.0,-1.0,0.0,-1.0,4.0,0.0,-229.0,,0.0,0.0,2.0,36.0,189.0,1.0,0.0,240.0,240.0,1.0,9.25,9.25,9.25,240.0,0.0,0.0,240.0,240.0,1.0,138.9,138.9,138.9,240.0,0.0,0.0,240.0,240.0,1.0,4.38,4.38,4.38,240.0,0.0,0.0,240.0,240.0,1.0,22.8,22.8,22.8,240.0,0.0,0.0,240.0,240.0,1.0,19.3,19.3,19.3,240.0,0.0,0.0,240.0,240.0,1.0,7.437,7.437,7.437,240.0,0.0,0.0,240.0,240.0,1.0,0.037,0.037,0.037,240.0,0.0,0.0,240.0,240.0,1.0,2.53,2.53,2.53,240.0,0.0,0.0,240.0,240.0,1.0,269.7,269.7,269.7,240.0,0.0,0.0,240.0,240.0,1.0,14.0,14.0,14.0,240.0,0.0,0.0,240.0,240.0,1.0,5.29,5.29,5.29,240.0,0.0,0.0,240.0,240.0,1.0,88.6,88.6,88.6,240.0,0.0,0.0,240.0,240.0,1.0,283.7,283.7,283.7,240.0,0.0,0.0,-13.900000000000006,13.900000000000006,-0.1529152915291529,-1,-0.3000000000000007,0.3000000000000007,-0.0186335403726708,-1,7.200000000000003,7.200000000000003,0.0644583706356311,1,-0.9000000000000057,0.9000000000000057,-0.0114649681528663,-1,-1.9000000000000057,1.9000000000000057,-0.0193877551020408,-1,0.0100000000000051,0.0100000000000051,0.0002709292874561,1,1,1,0.0714285714285714,1,0,0,0.0,0,1,0,0,0,0,74.0,1,0,91,12,0,0,0,0,1,0,1,0,0,0,0,0,0,1,0,0,0,0,0,0,0,0,1,0,0,0,0,0,0,0,0,0,0,0,0.0,0.0,0,1,1,0,0,0,0,0,0,0,3355.119,0,4.31748811353631,89.56666666666666,1.0148864905098625,0,1,0,0,0,0,0,0,1,1.2283783783783784,0.0135135135135135,0,33.2,10153.53,0.8137869292748433,33.365264100268575,0
E000286,2025-05-18,147.7,43.1,116.2,67.2,92.2,0,39.35,13,52,Male,White,Shortness of breath. Festival attendee from festival medical tent with symptom onset ~128 minutes before arrival.,1,8,EMS,0,1,1,0,0,144.2,7.252,139.8,5.45,15.1,20.4,1,1,140.9,28.8,89.2,82.1,89.2,1,38.26,10,43.8,-6.8,-1.09,-3,4.35,846.5,7.338,0.141,1,1,1,0,0,0,0,0,0,1,1,0,6,1,0,7.0,109.7,140.9,128.9,140.9,31.200000000000003,0.0893642555500643,-0.0127291731322135,0.2499999999999992,0.0396688911704313,1.0,140.9,240.0,109.7,206.0,4.0,20.0,140.9,34.0,23.2,32.7,28.142857142857142,28.8,9.500000000000004,0.1180920583142821,-0.013842320687212,-0.0600000000000002,0.021445071868583,1.0,32.7,150.0,23.2,130.0,5.0,0.0,28.8,20.0,89.2,127.8,113.04285714285716,89.2,38.6,0.1068648634920186,-0.105463264959567,-0.595,-0.26310318275154,-1.0,127.8,0.0,89.2,240.0,1.0,240.0,89.2,-1.0,65.1,86.2,79.84285714285716,82.1,21.10000000000001,0.0846549193031913,-0.0214109628345738,-0.4800000000000013,-0.0542094455852156,1.0,86.2,0.0,65.1,206.0,82.1,34.0,89.2,94.7,92.07142857142856,89.2,5.5,0.023212746253875,-0.0007102830006384,0.219999999999999,-0.034881930184805,-1.0,94.7,169.0,89.2,240.0,2.0,0.0,89.2,37.0,37.56,38.8,38.121428571428574,38.26,1.2399999999999949,0.0092875644442403,-0.0012990917980758,0.0394999999999998,0.0031519507186858,-1.0,38.8,20.0,37.56,169.0,38.26,110.0,9.0,12.0,10.285714285714286,10.0,3.0,0.1001542020962219,0.0080455799083014,-8.500815883985413e-17,-0.0053901437371663,-1.0,12.0,169.0,9.0,0.0,7.0,0.0,10.0,71.0,43.2,50.8,46.52857142857143,43.8,7.599999999999994,0.0661407795472954,-0.0310009544610809,0.0399999999999994,-0.02722022587269,-1.0,50.8,20.0,43.2,169.0,0.0,-1.0,43.8,-1.0,3.0,1.0,1.0,1.0,1.0,1.0,1.0,1.0,1.0,1.0,1.0,1.0,1.0,1.0,1.0,4.0,1.0,46.0,214.0,1.0,1.0,171.0,1.0,214.0,0.0,-1.0,1.0,78.0,1.0,46.0,5.0,0.0,46.0,151.0,19.0,240.0,4.0,0.0,-1.0,1.0,0.0,0.0,240.0,3.0,12.31,13.24,13.24,240.0,0.9299999999999996,0.0755483346872461,0.0,240.0,3.0,144.1,136.8,144.1,0.0,-7.299999999999983,-0.0506592643997223,0.0,240.0,3.0,4.76,4.95,4.95,120.0,0.1900000000000004,0.0399159663865547,0.0,240.0,3.0,23.1,20.5,23.1,0.0,-2.6000000000000014,-0.1125541125541126,0.0,240.0,3.0,78.3,47.2,78.3,0.0,-31.099999999999994,-0.3971902937420178,0.0,240.0,3.0,7.251,7.338,7.338,240.0,0.0869999999999997,0.0119983450558543,0.0,240.0,3.0,0.197,0.141,0.197,0.0,-0.056,-0.284263959390863,0.0,240.0,3.0,4.83,4.35,5.12,120.0,-0.4800000000000004,-0.0993788819875777,0.0,240.0,3.0,1115.2,846.5,1115.2,0.0,-268.70000000000005,-0.2409433285509326,0.0,240.0,3.0,21.6,24.0,25.2,120.0,2.3999999999999986,0.111111111111111,0.0,240.0,3.0,16.84,6.92,16.84,0.0,-9.92,-0.5890736342042755,0.0,240.0,3.0,133.6,124.9,164.1,120.0,-8.699999999999989,-0.0651197604790418,0.0,240.0,3.0,294.2,283.5,309.0,120.0,-10.699999999999989,-0.0363698164513935,-6.799999999999983,6.799999999999983,-0.0460392687880838,-1,-14.3,14.3,-0.3317865429234339,-1,-27.0,27.0,-0.2323580034423407,-1,14.899999999999991,14.899999999999991,0.2217261904761903,1,-3.0,3.0,-0.0325379609544468,-1,-1.0900000000000034,1.0900000000000034,-0.0277001270648031,-1,-3,3,-0.2307692307692307,-1,1,1,1000000.0,1,4,1,3,1,0,128.0,1,1,113,16,0,1,0,0,0,0,1,0,0,0,0,1,0,0,1,0,1,0,1,0,1,0,0,1,0,1,1,1,0,1,1,0,0,0,0.0,0.0,1,0,0,1,1,1,1,1,2,1,5811.995,1,4.859812404361672,83.53333333333333,1.768156424581005,0,2,1,3,3,0,2,3,13,1.15390625,0.1015625,3,49.0,17162.739999999998,1.2710843373493974,66.09638554216866,3
E000711,2025-05-19,74.7,12.6,129.6,66.2,97.0,0,36.86,13,37,Female,White,"Emesis C/o nausea, vomiting, and generalized abdominal pain since yesterday.",5,4,Walk-in,1,0,0,0,0,109.3,7.398,135.6,4.03,13.4,4.6,0,0,82.0,10.9,149.5,70.9,96.7,0,36.28,15,29.2,7.3,-0.58,2,2.2,149.7,7.42,0.018,1,0,0,0,0,0,0,0,0,0,0,1,0,0,1,9.0,56.0,88.5,74.32222222222224,82.0,32.5,0.1274250521460586,0.0498752182144525,0.5147058823529407,-0.0153032708379799,-1.0,88.5,168.0,56.0,0.0,0.0,-1.0,75.6,21.0,7.0,14.6,12.222222222222223,10.9,7.6,0.1954439743441532,-0.0168080450443804,0.0235294117647058,-0.0191080964064078,-1.0,14.6,128.0,7.0,189.0,1.0,189.0,10.6,27.0,113.9,153.1,137.55555555555554,149.5,39.19999999999999,0.0762840148092084,0.079365518428364,-0.7647058823529413,0.0778486991432586,1.0,153.1,189.0,113.9,34.0,0.0,-1.0,143.3,40.0,68.8,87.7,77.52222222222221,70.9,18.90000000000001,0.0915851838576837,0.0076700843352756,0.155882352941176,-0.0043919495139007,-1.0,87.7,189.0,68.8,128.0,78.25,51.0,96.0,98.8,97.16666666666669,96.7,2.799999999999997,0.0098115606491081,-0.000717341594748,-0.0323529411764717,-0.005090594208793,1.0,98.8,189.0,96.0,216.0,0.0,-1.0,96.35,24.0,36.27,36.99,36.61777777777778,36.28,0.7199999999999989,0.0067408999988162,-0.0003917410439871,0.0070588235294114,-0.0012651045015021,-1.0,36.99,216.0,36.27,128.0,36.635000000000005,24.0,14.0,15.0,14.444444444444445,15.0,1.0,0.034401045807689,-0.0024587543950235,-2.3881904620498745e-17,0.0011808079350293,1.0,15.0,0.0,14.0,74.0,0.0,-1.0,14.5,32.0,27.0,37.9,31.688888888888886,29.2,10.9,0.0905782774472347,-0.0136878857170957,0.026470588235294,-0.0168940815282278,-1.0,37.9,128.0,27.0,189.0,2.0,189.0,30.45,27.0,1.0,1.0,1.0,1.0,1.0,1.0,1.0,1.0,1.0,1.0,1.0,1.0,1.0,1.0,1.0,2.0,1.0,13.0,124.0,1.0,0.0,-1.0,1.0,124.0,0.0,-1.0,0.0,-1.0,1.0,13.0,3.0,0.0,-227.0,,3.0,27.0,5.0,74.0,189.0,1.0,0.0,240.0,240.0,1.0,4.46,4.46,4.46,240.0,0.0,0.0,240.0,240.0,1.0,135.5,135.5,135.5,240.0,0.0,0.0,240.0,240.0,1.0,3.87,3.87,3.87,240.0,0.0,0.0,240.0,240.0,1.0,25.7,25.7,25.7,240.0,0.0,0.0,240.0,240.0,1.0,18.0,18.0,18.0,240.0,0.0,0.0,240.0,240.0,1.0,7.42,7.42,7.42,240.0,0.0,0.0,240.0,240.0,1.0,0.018,0.018,0.018,240.0,0.0,0.0,240.0,240.0,1.0,2.2,2.2,2.2,240.0,0.0,0.0,240.0,240.0,1.0,149.7,149.7,149.7,240.0,0.0,0.0,240.0,240.0,1.0,1.0,1.0,1.0,240.0,0.0,0.0,240.0,240.0,1.0,1.22,1.22,1.22,240.0,0.0,0.0,240.0,240.0,1.0,86.7,86.7,86.7,240.0,0.0,0.0,240.0,240.0,1.0,283.4,283.4,283.4,240.0,0.0,0.0,7.299999999999997,7.299999999999997,0.0977242302543506,1,-1.6999999999999993,1.6999999999999993,-0.1349206349206348,-1,19.90000000000001,19.90000000000001,0.1535493827160494,1,4.700000000000003,4.700000000000003,0.0709969788519637,1,-0.2999999999999971,0.2999999999999971,-0.0030927835051546,-1,-0.5799999999999983,0.5799999999999983,-0.0157352143244709,-1,2,2,0.1538461538461538,1,0,0,0.0,0,3,0,0,0,0,,0,0,76,10,0,0,0,0,1,0,0,0,1,0,0,0,0,0,0,0,0,0,0,0,0,1,0,0,0,0,0,0,0,0,0,0,0,0,0.0,0.0,0,1,1,0,0,0,0,0,1,0,2753.442,0,,87.33333333333333,0.8553435114503818,0,2,0,0,0,0,0,0,2,,,0,63.39999999999999,9681.12,0.576388888888889,21.326388888888893,0
E002083,2025-05-22,114.5,24.0,150.9,66.0,94.6,0,37.77,12,56,Male,White,Anxiety/panic. Festival attendee from beach shuttle stop with symptom onset ~191 minutes before arrival.,3,2,Walk-in,0,1,0,0,0,136.3,7.374,143.5,4.4,15.0,12.6,1,1,94.0,23.4,118.7,79.5,95.8,0,37.2,13,37.7,-20.5,-0.57,1,3.06,772.3,7.36,0.087,1,0,0,0,0,0,1,1,0,0,0,4,3,0,0,9.0,94.0,118.4,106.55555555555556,94.0,24.40000000000001,0.0749583390238404,-0.0552613672750561,0.2164661654135332,-0.0610579664983155,-1.0,118.4,63.0,94.0,240.0,0.0,-1.0,94.0,9.0,17.5,23.4,20.222222222222225,23.4,5.899999999999999,0.0920653543144241,0.0073006724303553,-0.0641353383458648,0.0068808391295911,1.0,23.4,240.0,17.5,60.0,0.0,-1.0,23.4,3.0,109.0,135.5,119.66666666666669,118.7,26.5,0.0799457455245816,0.0055675632404737,0.1167669172932333,0.0215320935319056,-1.0,135.5,55.0,109.0,81.0,0.0,-1.0,118.7,5.0,66.2,85.4,77.82222222222224,79.5,19.200000000000003,0.074054145570556,-0.0228166026256804,-0.0115037593984968,-0.0259999647226909,-1.0,85.4,55.0,66.2,163.0,79.5,39.0,92.3,95.8,94.24444444444444,95.8,3.5,0.011385429998121,0.0066142331091898,-0.0163909774436094,0.0107401767393183,1.0,95.8,240.0,92.3,81.0,0.0,-1.0,95.8,82.0,37.19,37.74,37.37444444444444,37.2,0.5500000000000043,0.005345466314414,-0.0003033941722702,0.0017443609022556,4.691882103232442e-05,1.0,37.74,60.0,37.19,55.0,37.2,3.0,11.0,15.0,13.11111111111111,13.0,4.0,0.0838940248865395,0.0067443163624719,-4.7164221518630536e-17,0.010730181501755,-1.0,15.0,202.0,11.0,72.0,2.0,63.0,13.0,9.0,37.7,44.3,41.56666666666666,37.7,6.599999999999994,0.0514483237605306,-0.0109069804674992,-0.0363157894736846,-0.0045719392524736,-1.0,44.3,163.0,37.7,240.0,0.0,-1.0,37.7,-1.0,2.0,1.0,1.0,1.0,1.0,1.0,1.0,1.0,1.0,1.0,1.0,1.0,1.0,1.0,1.0,1.0,1.0,13.0,13.0,1.0,0.0,-1.0,1.0,13.0,0.0,-1.0,0.0,-1.0,0.0,-1.0,2.0,0.0,13.0,,2.0,18.0,7.0,72.0,202.0,1.0,0.0,0.0,240.0,2.0,8.68,10.3,10.3,240.0,1.620000000000001,0.1866359447004609,0.0,240.0,2.0,138.1,136.3,138.1,0.0,-1.799999999999983,-0.0130340333091961,0.0,240.0,2.0,4.98,4.32,4.98,0.0,-0.6600000000000001,-0.1325301204819277,0.0,240.0,2.0,23.7,21.8,23.7,0.0,-1.8999999999999984,-0.0801687763713079,0.0,240.0,2.0,35.5,21.8,35.5,0.0,-13.7,-0.3859154929577464,0.0,240.0,2.0,7.356,7.36,7.36,240.0,0.0040000000000004,0.0005437737901033,0.0,240.0,2.0,0.087,0.087,0.087,0.0,0.0,0.0,0.0,240.0,2.0,3.06,3.06,3.06,0.0,0.0,0.0,0.0,240.0,2.0,593.4,772.3,772.3,240.0,178.89999999999998,0.3014829794405123,0.0,240.0,2.0,11.0,22.6,22.6,240.0,11.6,1.054545454545455,0.0,240.0,2.0,5.62,0.1,5.62,0.0,-5.5200000000000005,-0.9822064056939502,0.0,240.0,2.0,91.4,116.3,116.3,240.0,24.89999999999999,0.2724288840262581,0.0,240.0,2.0,287.0,295.8,295.8,240.0,8.800000000000011,0.0306620209059233,-20.5,20.5,-0.1790393013100436,-1,-0.6000000000000014,0.6000000000000014,-0.025,-1,-32.2,32.2,-0.2133863485752153,-1,13.5,13.5,0.2045454545454545,1,1.2000000000000028,1.2000000000000028,0.0126849894291755,1,-0.5700000000000003,0.5700000000000003,-0.0150913423351866,-1,1,1,0.0833333333333333,1,0,0,0.0,0,2,0,0,0,0,191.0,1,1,104,14,0,0,0,1,0,0,0,1,0,0,0,1,0,0,0,0,0,0,0,0,1,1,0,1,0,0,0,0,0,0,0,0,0,0,0.0,0.0,0,0,1,0,0,0,1,0,1,1,4324.665,0,5.2574953720277815,94.3,1.2142099681866385,0,2,1,2,2,0,1,0,7,0.599476439790576,0.0366492146596858,1,84.9,17278.05,0.758780649436713,42.491716368455926,3
E002152,2025-05-19,85.1,16.9,126.4,75.5,98.8,0,36.86,14,14,Male,Hispanic/Latino,General weakness. Festival attendee from beach shuttle stop with symptom onset ~104 minutes before arrival.,5,5,Festival Medical Tent Transfer,0,0,0,0,1,106.7,7.412,141.9,4.39,13.7,9.7,1,1,82.5,16.6,124.8,72.0,98.8,0,36.88,15,32.9,-2.6,0.02,1,,,,,0,0,0,0,0,0,0,0,0,0,0,1,0,0,1,6.0,65.8,96.3,82.30000000000001,82.5,30.5,0.1129532990472607,0.014658925979681,0.6489361702127656,-0.0434628121147663,-1.0,96.3,47.0,65.8,0.0,0.0,-1.0,82.5,145.0,9.7,16.6,13.683333333333332,16.6,6.900000000000002,0.1889512528565557,0.0122685490610019,0.0574468085106382,0.0035290420826182,-1.0,16.6,240.0,9.7,192.0,0.0,-1.0,16.6,-1.0,114.0,128.3,123.59999999999998,124.8,14.300000000000011,0.0382547224225931,-0.005572415006377,0.1085106382978719,-0.009830557636992,-1.0,128.3,200.0,114.0,192.0,0.0,-1.0,124.8,8.0,71.4,92.6,80.35000000000001,72.0,21.19999999999999,0.0988403197352308,-0.0633153010511499,0.1574468085106381,-0.1608155471223801,-1.0,92.6,101.0,71.4,200.0,72.0,91.0,94.5,98.8,96.31666666666666,98.8,4.299999999999997,0.0148945402685622,0.0031490522056563,0.0446808510638299,0.0101036958255782,1.0,98.8,240.0,94.5,192.0,0.0,-1.0,98.8,-1.0,36.4,37.1,36.73,36.88,0.7000000000000028,0.0061804939990857,0.000386594537538,0.0117021276595744,0.0033847381015687,-1.0,37.1,47.0,36.4,101.0,36.88,54.0,14.0,15.0,14.833333333333334,15.0,1.0,0.0251243592977504,-0.0015393411619826,-1.7276271427594838e-17,-0.0016194919146261,1.0,15.0,0.0,14.0,200.0,0.0,-1.0,15.0,40.0,32.5,39.4,35.55,32.9,6.899999999999999,0.0689170182841068,-0.0189866737036547,0.05531914893617,-0.0106137149210799,-1.0,39.4,47.0,32.5,200.0,0.0,-1.0,32.9,-1.0,1.0,1.0,1.0,1.0,1.0,1.0,1.0,1.0,1.0,1.0,1.0,1.0,1.0,1.0,1.0,0.0,0.0,-1.0,-1.0,0.0,0.0,-1.0,0.0,-1.0,0.0,-1.0,0.0,-1.0,0.0,-1.0,0.0,0.0,,,0.0,0.0,3.0,200.0,192.0,1.0,0.0,120.0,120.0,1.0,8.25,8.25,8.25,120.0,0.0,0.0,120.0,120.0,1.0,137.8,137.8,137.8,120.0,0.0,0.0,120.0,120.0,1.0,4.66,4.66,4.66,120.0,0.0,0.0,120.0,120.0,1.0,23.5,23.5,23.5,120.0,0.0,0.0,120.0,120.0,1.0,28.5,28.5,28.5,120.0,0.0,0.0,120.0,120.0,1.0,7.378,7.378,7.378,120.0,0.0,0.0,120.0,120.0,1.0,0.018,0.018,0.018,120.0,0.0,0.0,120.0,120.0,1.0,1.76,1.76,1.76,120.0,0.0,0.0,120.0,120.0,1.0,221.5,221.5,221.5,120.0,0.0,0.0,120.0,120.0,1.0,15.7,15.7,15.7,120.0,0.0,0.0,120.0,120.0,1.0,1.16,1.16,1.16,120.0,0.0,0.0,120.0,120.0,1.0,93.2,93.2,93.2,120.0,0.0,0.0,120.0,120.0,1.0,285.0,285.0,285.0,120.0,0.0,0.0,-2.5999999999999943,2.5999999999999943,-0.0305522914218565,-1,-0.2999999999999971,0.2999999999999971,-0.0177514792899406,-1,-1.6000000000000083,1.6000000000000083,-0.0126582278481013,-1,-3.5,3.5,-0.0463576158940397,-1,0.0,0.0,0.0,0,0.0200000000000031,0.0200000000000031,0.0005425935973956,1,1,1,0.0714285714285714,1,0,0,0.0,0,1,0,0,0,0,104.0,1,1,107,15,0,0,0,1,0,0,1,0,0,0,0,1,0,0,0,0,0,0,0,0,1,0,0,1,0,0,0,0,0,0,0,0,0,0,0.0,0.0,0,1,1,0,0,0,0,0,0,0,3136.786,0,4.653960350157523,92.46666666666668,0.9203316510454218,0,1,0,0,0,0,0,0,1,0.8182692307692307,0.0096153846153846,0,50.900000000000006,10756.64,0.673259493670886,9.425632911392404,0
E001029,2025-05-21,121.8,35.6,123.5,66.7,92.7,0,38.51,12,14,Female,White,Nausea/vomiting. Festival attendee from main stage with symptom onset ~190 minutes before arrival.,2,9,Festival Medical Tent Transfer,0,0,0,0,0,140.6,7.236,139.9,4.57,14.0,17.0,1,1,95.4,19.5,118.4,70.2,94.9,0,37.66,13,41.1,-26.4,-0.85,1,,,,,1,1,0,0,1,0,0,0,0,0,1,3,2,0,1,6.0,95.4,121.3,111.55,95.4,25.89999999999999,0.0782178660554003,-0.0902740570855898,-0.3620689655172423,-0.111451008135833,-1.0,121.3,0.0,95.4,240.0,0.0,-1.0,95.4,-1.0,19.5,29.2,23.98333333333333,19.5,9.7,0.1363350494131238,-0.0182511997224738,-0.1827586206896551,-0.0406169083834453,-1.0,29.2,88.0,19.5,240.0,3.0,0.0,19.5,-1.0,93.4,138.4,117.21666666666664,118.4,45.0,0.1117820942707646,0.050074199703201,-0.8413793103448274,-0.0282292182525643,1.0,138.4,99.0,93.4,29.0,0.0,-1.0,118.4,47.0,56.3,82.7,72.0,70.2,26.40000000000001,0.1161861798798021,-0.0359512016497388,-0.2448275862068972,-0.0160749911567033,1.0,82.7,76.0,56.3,99.0,70.2,141.0,91.9,95.4,93.66666666666669,94.9,3.5,0.0141590507217635,0.0104746853739857,0.0724137931034476,0.0097587548638133,-1.0,95.4,99.0,91.9,0.0,0.0,-1.0,94.9,-1.0,37.55,38.21,37.806666666666665,37.66,0.6600000000000037,0.0059394003855049,-0.00170582226762,0.0103448275862069,-0.0003956137247965,-1.0,38.21,29.0,37.55,99.0,37.66,-1.0,11.0,13.0,12.166666666666666,13.0,2.0,0.0564808989810638,0.0065719737121051,0.0344827586206896,0.0036505129112133,0.0,13.0,76.0,11.0,0.0,4.0,0.0,13.0,12.0,38.0,44.6,40.58333333333333,41.1,6.600000000000001,0.0524527125791296,-0.0001686356890935,0.1896551724137928,0.0111071807569861,-1.0,44.6,29.0,38.0,88.0,0.0,-1.0,41.1,47.0,2.0,1.0,1.0,1.0,1.0,1.0,1.0,1.0,1.0,1.0,1.0,1.0,1.0,1.0,1.0,3.0,1.0,37.0,135.0,1.0,1.0,37.0,1.0,135.0,0.0,-1.0,0.0,-1.0,0.0,-1.0,4.0,0.0,37.0,,7.0,152.0,2.0,0.0,240.0,0.0,0.0,0.0,120.0,2.0,8.29,8.06,8.29,0.0,-0.2299999999999986,-0.0277442702050661,0.0,120.0,2.0,142.2,139.1,142.2,0.0,-3.0999999999999943,-0.0218002812939521,0.0,120.0,2.0,4.38,4.02,4.38,0.0,-0.3600000000000003,-0.0821917808219178,0.0,120.0,2.0,18.4,20.8,20.8,120.0,2.400000000000002,0.1304347826086958,0.0,120.0,2.0,50.6,52.5,52.5,120.0,1.8999999999999984,0.0375494071146244,0.0,120.0,2.0,7.354,7.288,7.354,0.0,-0.0659999999999998,-0.0089747076420995,0.0,120.0,2.0,0.103,0.059,0.103,0.0,-0.044,-0.4271844660194174,0.0,120.0,2.0,3.57,3.55,3.57,0.0,-0.02,-0.0056022408963585,0.0,120.0,2.0,858.0,523.0,858.0,0.0,-335.0,-0.3904428904428904,0.0,120.0,2.0,25.4,15.3,25.4,0.0,-10.099999999999998,-0.3976377952755905,0.0,120.0,2.0,0.56,1.33,1.33,120.0,0.77,1.375,0.0,120.0,2.0,132.5,127.9,132.5,0.0,-4.599999999999994,-0.0347169811320754,0.0,120.0,2.0,291.8,298.6,298.6,120.0,6.800000000000011,0.0233036326250857,-26.39999999999999,26.39999999999999,-0.2167487684729063,-1,-16.1,16.1,-0.4522471910112359,-1,-5.099999999999994,5.099999999999994,-0.0412955465587044,-1,3.5,3.5,0.0524737631184407,1,2.200000000000003,2.200000000000003,0.0237324703344121,1,-0.8500000000000014,0.8500000000000014,-0.0220721890418073,-1,1,1,0.0833333333333333,1,0,0,0.0,0,2,0,0,0,0,190.0,1,1,98,13,1,0,0,0,0,0,0,1,0,0,1,0,0,1,1,0,0,0,0,0,0,0,1,0,0,0,0,0,0,0,0,0,0,0,0.0,0.0,0,0,0,1,1,1,1,1,2,1,4690.518,0,5.25227342804663,85.63333333333334,1.422343324250681,0,2,1,2,3,0,2,2,11,0.6410526315789473,0.0578947368421052,2,56.8,15042.3,0.9862348178137652,13.807287449392714,3
E001957,2025-05-20,91.0,26.5,93.7,72.8,94.9,0,38.02,14,35,Male,White,Agitation. Festival attendee from beach shuttle stop with symptom onset ~108 minutes before arrival.,3,5,Walk-in,0,1,0,0,1,142.6,7.354,138.0,4.45,13.7,12.2,1,1,115.0,16.3,114.7,81.6,94.0,0,37.08,13,48.0,24.0,-0.94,-1,3.4,406.3,7.376,0.029,1,1,1,0,0,0,0,0,0,0,0,2,1,0,1,8.0,86.9,115.0,100.3,115.0,28.099999999999994,0.0861778592207418,-0.0142301678585933,-0.1470588235294122,0.0481713040055708,1.0,115.0,240.0,86.9,184.0,0.0,-1.0,115.0,56.0,16.3,23.5,21.2375,16.3,7.199999999999999,0.1096958689504833,-0.020718608886803,-0.019607843137255,-0.0265478821641587,-1.0,23.5,179.0,16.3,240.0,0.0,-1.0,16.3,-1.0,109.9,125.6,117.4125,114.7,15.699999999999989,0.0447859532055008,-0.0049180646777179,0.1352941176470583,0.0394077931514731,-1.0,125.6,51.0,109.9,69.0,0.0,-1.0,114.7,110.0,69.9,83.4,75.3375,81.6,13.5,0.0590150735659929,-0.0050138727114891,-0.2647058823529413,0.020241303097278,1.0,83.4,0.0,69.9,51.0,81.6,189.0,93.0,96.1,94.8,94.0,3.0999999999999943,0.0114464843956807,-0.0036047164787386,0.0098039215686274,0.0003269853764874,-1.0,96.1,179.0,93.0,69.0,0.0,-1.0,94.0,26.0,37.08,37.59,37.3575,37.08,0.5100000000000051,0.0048751361323995,-0.0016807258066478,-0.0013725490196079,-0.0013880226467648,-1.0,37.59,0.0,37.08,240.0,37.08,-1.0,12.0,14.0,13.375,13.0,2.0,0.0520351809610282,0.0044669887826786,-0.0196078431372549,0.0007114959580974,0.0,14.0,95.0,12.0,51.0,1.0,51.0,13.0,18.0,34.5,48.0,39.4625,48.0,13.5,0.113954413263589,0.0197965173536555,0.0862745098039213,0.0241863211117504,1.0,48.0,240.0,34.5,179.0,0.0,-1.0,48.0,-1.0,1.0,1.0,1.0,1.0,1.0,1.0,1.0,1.0,1.0,1.0,1.0,1.0,1.0,1.0,1.0,3.0,1.0,28.0,72.0,2.0,1.0,72.0,1.0,35.0,0.0,-1.0,1.0,28.0,0.0,-1.0,5.0,0.0,-212.0,,1.0,18.0,3.0,51.0,184.0,1.0,0.0,240.0,240.0,1.0,5.42,5.42,5.42,240.0,0.0,0.0,240.0,240.0,1.0,141.3,141.3,141.3,240.0,0.0,0.0,240.0,240.0,1.0,3.84,3.84,3.84,240.0,0.0,0.0,240.0,240.0,1.0,23.6,23.6,23.6,240.0,0.0,0.0,240.0,240.0,1.0,57.8,57.8,57.8,240.0,0.0,0.0,240.0,240.0,1.0,7.376,7.376,7.376,240.0,0.0,0.0,240.0,240.0,1.0,0.029,0.029,0.029,240.0,0.0,0.0,240.0,240.0,1.0,3.4,3.4,3.4,240.0,0.0,0.0,240.0,240.0,1.0,406.3,406.3,406.3,240.0,0.0,0.0,240.0,240.0,1.0,4.8,4.8,4.8,240.0,0.0,0.0,240.0,240.0,1.0,7.95,7.95,7.95,240.0,0.0,0.0,240.0,240.0,1.0,117.8,117.8,117.8,240.0,0.0,0.0,240.0,240.0,1.0,290.3,290.3,290.3,240.0,0.0,0.0,24.0,24.0,0.2637362637362637,1,-10.2,10.2,-0.3849056603773584,-1,21.0,21.0,0.2241195304162219,1,8.799999999999997,8.799999999999997,0.1208791208791208,1,-0.9000000000000057,0.9000000000000057,-0.0094836670179136,-1,-0.9400000000000048,0.9400000000000048,-0.0247238295633878,-1,-1,1,-0.0714285714285714,-1,0,0,0.0,0,4,0,0,0,0,108.0,1,1,100,14,0,0,0,1,0,0,1,0,0,0,1,0,0,1,0,0,0,0,0,0,0,1,1,0,0,0,0,0,0,0,0,0,1,0,0.1333333333333333,0.0,0,0,1,0,1,1,0,0,0,1,3459.82,0,4.691347882229144,79.76666666666667,1.1408274132887588,0,1,1,1,3,2,1,0,8,0.8425925925925926,0.074074074074074,1,20.90000000000001,8526.7,0.9711846318036286,33.991462113127,2
E001627,2025-05-18,82.4,20.9,145.1,74.7,96.1,0,37.1,13,58,Male,White,"Presents to ED NAD, shouting/scraming per baseline.",4,4,Walk-in,1,1,1,1,0,117.7,7.404,138.2,4.76,14.7,11.5,0,0,79.6,13.9,120.7,79.3,96.0,0,36.73,13,43.0,-2.8,-0.37,0,,,,,1,1,0,0,0,0,0,0,0,0,0,0,6,1,0,6.0,75.3,85.8,78.66666666666667,79.6,10.5,0.0475502274547329,-0.0268471022318212,0.19,0.0583471074380166,-1.0,85.8,30.0,75.3,163.0,0.0,-1.0,79.6,133.0,12.4,20.2,14.6,13.9,7.799999999999999,0.1772018987391073,0.0013926385889128,-0.0333333333333334,-0.0363360881542699,1.0,20.2,163.0,12.4,172.0,0.0,-1.0,13.9,9.0,119.4,135.0,125.51666666666668,120.7,15.599999999999994,0.0426304395654633,-0.0269775917926562,0.0033333333333332,-0.1070523415977958,1.0,135.0,163.0,119.4,181.0,0.0,-1.0,120.7,-1.0,73.7,84.5,78.38333333333334,79.3,10.799999999999995,0.0490494219107054,-0.0195059395248378,-0.2333333333333337,0.0409366391184574,1.0,84.5,0.0,73.7,181.0,79.3,59.0,95.9,97.9,96.93333333333334,96.0,2.0,0.0078265520472771,-0.0028010259179266,-0.0133333333333337,-0.0166666666666664,-1.0,97.9,163.0,95.9,172.0,0.0,-1.0,96.0,9.0,36.52,37.28,36.88666666666666,36.73,0.759999999999998,0.0065377181448349,-0.0021910997120229,-0.0096666666666667,-0.0018236914600551,1.0,37.28,0.0,36.52,181.0,36.73,-1.0,13.0,15.0,13.833333333333334,13.0,2.0,0.0648815037004157,-0.0019798416126709,0.0666666666666665,-0.0165289256198346,-1.0,15.0,30.0,13.0,0.0,0.0,-1.0,13.0,142.0,33.7,43.0,37.516666666666666,43.0,9.299999999999995,0.0887705114013295,0.0143943484521238,0.2099999999999995,0.0863085399449036,1.0,43.0,240.0,33.7,0.0,0.0,-1.0,43.0,-1.0,1.0,1.0,1.0,1.0,1.0,1.0,1.0,1.0,1.0,1.0,1.0,1.0,1.0,1.0,1.0,3.0,1.0,38.0,118.0,1.0,1.0,38.0,1.0,86.0,0.0,-1.0,0.0,-1.0,1.0,118.0,4.0,0.0,-82.0,,0.0,0.0,4.0,0.0,181.0,1.0,0.0,120.0,120.0,1.0,7.47,7.47,7.47,120.0,0.0,0.0,120.0,120.0,1.0,144.6,144.6,144.6,120.0,0.0,0.0,120.0,120.0,1.0,3.74,3.74,3.74,120.0,0.0,0.0,120.0,120.0,1.0,21.7,21.7,21.7,120.0,0.0,0.0,120.0,120.0,1.0,23.9,23.9,23.9,120.0,0.0,0.0,120.0,120.0,1.0,7.332,7.332,7.332,120.0,0.0,0.0,120.0,120.0,1.0,0.0,0.0,0.0,120.0,0.0,0.0,120.0,120.0,1.0,1.29,1.29,1.29,120.0,0.0,0.0,120.0,120.0,1.0,305.2,305.2,305.2,120.0,0.0,0.0,120.0,120.0,1.0,14.1,14.1,14.1,120.0,0.0,0.0,120.0,120.0,1.0,0.1,0.1,0.1,120.0,0.0,0.0,120.0,120.0,1.0,75.5,75.5,75.5,120.0,0.0,0.0,120.0,120.0,1.0,284.9,284.9,284.9,120.0,0.0,0.0,-2.800000000000012,2.800000000000012,-0.0339805825242719,-1,-6.999999999999998,6.999999999999998,-0.3349282296650717,-1,-24.39999999999999,24.39999999999999,-0.1681598897312197,-1,4.599999999999994,4.599999999999994,0.0615796519410976,1,-0.0999999999999943,0.0999999999999943,-0.0010405827263266,-1,-0.3700000000000045,0.3700000000000045,-0.0099730458221025,-1,0,0,0.0,0,0,0,0.0,0,2,0,0,0,0,,0,0,51,7,0,0,0,0,1,0,0,0,1,0,0,0,0,0,1,0,0,1,0,1,0,0,0,0,1,0,0,0,0,0,0,0,0,0,0.0,0.0,0,1,1,0,0,0,0,0,1,0,3057.0400000000004,0,,98.16666666666669,0.8393887945670628,0,2,0,0,1,0,0,0,3,,,0,70.39999999999999,11956.24,0.5678842177808409,32.93728463128877,1
E000047,2025-05-22,95.8,18.5,118.1,61.8,95.4,0,37.25,14,23,Male,Other/Multiracial,Chest pain. Festival attendee from beach shuttle stop with symptom onset ~192 minutes before arrival.,4,1,Walk-in,0,0,0,0,1,92.0,7.342,138.7,4.14,13.2,8.9,1,1,84.6,15.0,143.2,71.4,96.3,0,36.82,13,36.0,-11.2,-0.43,-1,,,,,1,0,1,0,0,1,0,0,0,0,0,4,3,0,0,7.0,61.0,86.8,80.08571428571427,84.6,25.8,0.1040099454883297,0.0188829609869957,0.0,0.0675625726053438,1.0,86.8,140.0,61.0,119.0,0.0,-1.0,84.6,5.0,15.0,21.1,16.74285714285714,15.0,6.100000000000001,0.1211844421677883,-0.0004668222740913,0.0,-0.0173751188087442,-1.0,21.1,124.0,15.0,240.0,0.0,-1.0,15.0,11.0,96.1,143.2,124.84285714285716,143.2,47.1,0.1278179817921861,-0.002760920306769,0.0,0.163190410814236,1.0,143.2,240.0,96.1,140.0,0.0,-1.0,143.2,100.0,66.8,87.9,78.12857142857142,71.4,21.10000000000001,0.0939508297818743,0.0255085028342779,0.0,-0.0671216601541872,-1.0,87.9,119.0,66.8,0.0,71.4,5.0,96.3,99.8,97.68571428571428,96.3,3.5,0.0117540399516876,-0.0124541513837947,0.0,-0.0057477030309429,1.0,99.8,0.0,96.3,240.0,0.0,-1.0,96.3,-1.0,36.42,36.95,36.705714285714286,36.82,0.5300000000000011,0.0045954793552117,0.0019046348782926,0.0,0.0013031999155138,-1.0,36.95,135.0,36.42,0.0,36.82,-1.0,12.0,15.0,13.571428571428571,13.0,3.0,0.0665742665298606,-0.0080026675558519,0.0,-0.0029042137501319,1.0,15.0,0.0,12.0,135.0,1.0,135.0,13.0,5.0,33.6,36.9,35.18571428571429,36.0,3.299999999999997,0.030926049764583,0.0022574191397132,0.0,0.0077780124617172,1.0,36.9,135.0,33.6,124.0,0.0,-1.0,36.0,11.0,1.0,1.0,1.0,1.0,1.0,1.0,1.0,1.0,1.0,1.0,1.0,1.0,1.0,1.0,1.0,3.0,1.0,49.0,163.0,1.0,0.0,-1.0,1.0,49.0,0.0,-1.0,1.0,163.0,0.0,-1.0,5.0,0.0,49.0,,1.0,5.0,4.0,135.0,240.0,0.0,0.0,0.0,0.0,1.0,6.3,6.3,6.3,0.0,0.0,0.0,0.0,0.0,1.0,140.7,140.7,140.7,0.0,0.0,0.0,0.0,0.0,1.0,4.58,4.58,4.58,0.0,0.0,0.0,0.0,0.0,1.0,21.2,21.2,21.2,0.0,0.0,0.0,0.0,0.0,1.0,13.2,13.2,13.2,0.0,0.0,0.0,0.0,0.0,1.0,7.393,7.393,7.393,0.0,0.0,0.0,0.0,0.0,1.0,0.006,0.006,0.006,0.0,0.0,0.0,0.0,0.0,1.0,2.56,2.56,2.56,0.0,0.0,0.0,0.0,0.0,1.0,119.6,119.6,119.6,0.0,0.0,0.0,0.0,0.0,1.0,4.0,4.0,4.0,0.0,0.0,0.0,0.0,0.0,1.0,0.1,0.1,0.1,0.0,0.0,0.0,0.0,0.0,1.0,89.3,89.3,89.3,0.0,0.0,0.0,0.0,0.0,1.0,283.6,283.6,283.6,0.0,0.0,0.0,-11.200000000000005,11.200000000000005,-0.1169102296450939,-1,-3.5,3.5,-0.1891891891891892,-1,25.099999999999994,25.099999999999994,0.2125317527519051,1,9.600000000000009,9.600000000000009,0.1553398058252428,1,0.8999999999999915,0.8999999999999915,0.0094339622641508,1,-0.4299999999999997,0.4299999999999997,-0.0115436241610738,-1,-1,1,-0.0714285714285714,-1,0,0,0.0,0,1,0,0,0,0,192.0,1,1,101,15,0,0,0,1,0,0,0,1,0,0,0,0,0,0,0,0,0,0,0,1,0,0,0,0,0,0,0,0,0,0,0,0,0,0,0.0,0.0,0,1,0,0,0,0,0,1,0,0,3568.55,0,5.262690188904886,80.56666666666666,1.1890773686388083,0,1,0,1,0,0,0,0,2,0.4989583333333333,0.0104166666666666,1,56.3,11313.98,0.8111769686706182,18.657070279424214,0
E001191,2025-05-22,100.8,27.4,89.4,63.5,95.5,0,37.82,13,24,Female,Hispanic/Latino,Chest pain. Festival attendee from VIP tent with symptom onset ~56 minutes before arrival.,3,10,Walk-in,1,0,0,0,0,149.0,7.32,136.7,4.83,12.8,15.5,1,1,108.9,21.8,117.8,84.1,95.8,0,37.38,13,39.6,8.1,-0.44,0,2.8,485.2,7.379,0.077,1,1,0,0,0,0,0,0,0,0,0,4,3,0,0,9.0,77.5,139.1,109.47777777777776,108.9,61.6,0.1612795249514384,-0.1440885066801843,-0.7151515151515156,-0.1268497527398305,1.0,139.1,0.0,77.5,206.0,1.0,0.0,105.7,34.0,16.9,23.4,20.9,21.8,6.5,0.0906989933531925,-0.002439002775582,0.0666666666666665,-0.0180353094569673,-1.0,23.4,120.0,16.9,206.0,0.0,-1.0,20.8,86.0,103.1,134.5,120.21111111111112,117.8,31.40000000000001,0.085424609562408,-0.0697927707255862,-0.0363636363636367,-0.1433063559371803,1.0,134.5,65.0,103.1,226.0,0.0,-1.0,110.45,14.0,65.4,86.1,76.06666666666666,84.1,20.69999999999999,0.0955041011455114,-0.0012149817619806,-0.3151515151515151,0.0658921922168843,1.0,86.1,0.0,65.4,148.0,84.4,58.0,92.8,97.4,95.09999999999998,95.8,4.6000000000000085,0.0151976750008263,0.0054586445376333,0.0666666666666664,0.0061656466939964,1.0,97.4,206.0,92.8,226.0,0.0,-1.0,94.3,20.0,37.25,37.78,37.46777777777778,37.38,0.5300000000000011,0.0048202100230192,-0.0015153153280894,0.0090909090909088,-0.0021572715633184,-1.0,37.78,65.0,37.25,226.0,37.315,55.0,12.0,14.0,13.0,13.0,2.0,0.0512820512820512,0.0034934048911213,-5.1520096266578255e-17,0.0090035591368799,-1.0,14.0,206.0,12.0,65.0,2.0,65.0,13.5,55.0,36.3,46.7,40.71111111111112,39.6,10.400000000000006,0.0725664391663652,-0.0163803646185968,0.133333333333333,-0.0299590053210858,-1.0,46.7,120.0,36.3,226.0,0.0,-1.0,37.95,28.0,3.0,1.0,1.0,1.0,1.0,1.0,1.0,1.0,1.0,1.0,1.0,1.0,1.0,1.0,1.0,2.0,1.0,160.0,163.0,0.0,1.0,160.0,1.0,163.0,0.0,-1.0,0.0,-1.0,0.0,-1.0,4.0,0.0,160.0,160.0,3.0,55.0,5.0,65.0,202.0,1.0,1.0,0.0,240.0,3.0,13.05,7.19,13.05,0.0,-5.86,-0.4490421455938697,0.0,240.0,3.0,141.2,135.7,141.2,0.0,-5.5,-0.0389518413597733,0.0,240.0,3.0,4.38,3.87,4.77,120.0,-0.5099999999999998,-0.1164383561643835,0.0,240.0,3.0,21.7,24.1,24.1,240.0,2.400000000000002,0.1105990783410139,0.0,240.0,3.0,18.8,36.8,36.8,240.0,17.999999999999996,0.957446808510638,0.0,240.0,3.0,7.316,7.379,7.379,240.0,0.0629999999999997,0.0086112629852377,0.0,240.0,3.0,0.11,0.077,0.11,0.0,-0.033,-0.3,0.0,240.0,3.0,4.02,2.8,4.02,0.0,-1.2199999999999998,-0.3034825870646765,0.0,240.0,3.0,665.2,485.2,770.6,120.0,-180.00000000000006,-0.2705953096812989,0.0,240.0,3.0,14.5,23.8,23.8,240.0,9.3,0.6413793103448276,0.0,240.0,3.0,4.35,5.27,13.5,120.0,0.92,0.2114942528735632,0.0,240.0,3.0,113.2,128.4,128.4,240.0,15.200000000000005,0.1342756183745583,0.0,240.0,3.0,296.0,288.8,296.0,0.0,-7.199999999999989,-0.0243243243243242,8.100000000000009,8.100000000000009,0.0803571428571429,1,-5.599999999999998,5.599999999999998,-0.2043795620437955,-1,28.39999999999999,28.39999999999999,0.3176733780760625,1,20.599999999999994,20.599999999999994,0.3244094488188975,1,0.2999999999999971,0.2999999999999971,0.0031413612565444,1,-0.4399999999999977,0.4399999999999977,-0.0116340560549972,-1,0,0,0.0,0,0,0,0.0,0,1,0,0,0,0,56.0,1,1,90,14,0,0,0,1,0,1,0,0,0,0,0,0,1,0,1,0,0,0,0,0,0,0,0,0,0,0,0,0,0,0,0,0,0,0,0.0,0.0,0,0,0,0,0,1,0,1,1,1,3812.256,0,4.04305126783455,72.13333333333334,1.3974121996303142,0,2,1,1,3,3,0,0,9,1.8,0.1607142857142857,2,25.90000000000001,9011.52,1.12751677852349,27.060402684563755,2
E001412,2025-05-20,121.7,25.1,96.8,76.4,93.9,1,38.77,11,41,Female,Hispanic/Latino,Anxiety/panic. Festival attendee from main stage with symptom onset ~85 minutes before arrival.,3,9,Festival Medical Tent Transfer,0,0,0,0,0,153.9,7.296,130.0,4.95,11.3,20.1,1,1,124.5,27.7,122.3,80.4,93.5,1,37.75,11,46.0,2.8,-1.02,0,4.56,801.1,7.335,0.103,1,0,0,0,0,0,0,0,0,0,0,2,1,0,1,9.0,94.8,136.2,117.32222222222224,124.5,41.39999999999999,0.1152347514366552,0.0114653127950085,1.57142857142857,-0.0636740603820083,-1.0,136.2,67.0,94.8,0.0,2.0,67.0,117.15,27.0,23.6,28.5,26.022222222222226,27.7,4.899999999999999,0.0628524950799562,-0.001468996799521,0.0714285714285712,0.0088552064078866,1.0,28.5,193.0,23.6,165.0,7.0,0.0,25.75,28.0,104.7,127.4,118.07777777777778,122.3,22.700000000000003,0.0550459681634945,0.0203523980566877,0.8571428571428558,-0.013559457794208,-1.0,127.4,94.0,104.7,0.0,0.0,-1.0,122.7,71.0,60.8,80.4,75.34444444444445,80.4,19.60000000000001,0.0779980133087787,0.0409281388869703,-0.7000000000000002,0.0164540973505853,1.0,80.4,240.0,60.8,21.0,80.15,46.0,90.7,95.6,93.56666666666666,93.5,4.899999999999992,0.0135843790273869,0.0084029840436557,0.0142857142857133,0.0142138016019714,-1.0,95.6,210.0,90.7,67.0,1.0,67.0,94.55,30.0,37.5,38.14,37.785555555555554,37.75,0.6400000000000006,0.00572135690041,-0.0013305012548639,0.0004761904761901,0.0011616142945163,-1.0,38.14,21.0,37.5,94.0,37.835,116.0,11.0,13.0,11.88888888888889,11.0,2.0,0.0735888586356244,-0.0020146899679952,0.0476190476190475,-0.0104805914972273,-1.0,13.0,67.0,11.0,0.0,6.0,0.0,11.0,80.0,38.7,46.0,43.266666666666666,46.0,7.299999999999997,0.0487132048059699,0.005805760862057,-0.1190476190476192,0.0089950708564388,1.0,46.0,240.0,38.7,193.0,0.0,-1.0,45.6,17.0,3.0,1.0,1.0,1.0,1.0,1.0,1.0,1.0,1.0,1.0,1.0,1.0,1.0,1.0,1.0,1.0,1.0,158.0,158.0,0.0,0.0,-1.0,1.0,158.0,0.0,-1.0,0.0,-1.0,0.0,-1.0,2.0,0.0,158.0,,16.0,165.0,6.0,0.0,193.0,1.0,0.0,0.0,240.0,3.0,10.36,4.43,10.36,0.0,-5.93,-0.5723938223938224,0.0,240.0,3.0,136.4,140.0,140.0,240.0,3.5999999999999943,0.0263929618768328,0.0,240.0,3.0,4.45,4.26,4.7,120.0,-0.1900000000000004,-0.0426966292134832,0.0,240.0,3.0,17.0,18.2,21.0,120.0,1.1999999999999993,0.0705882352941176,0.0,240.0,3.0,43.0,49.1,49.1,240.0,6.100000000000001,0.1418604651162791,0.0,240.0,3.0,7.302,7.335,7.335,240.0,0.0330000000000003,0.004519309778143,0.0,240.0,3.0,0.167,0.103,0.167,0.0,-0.064,-0.3832335329341318,0.0,240.0,3.0,3.66,4.56,4.56,240.0,0.8999999999999995,0.2459016393442621,0.0,240.0,3.0,851.9,801.1,875.2,120.0,-50.79999999999996,-0.0596314121375747,0.0,240.0,3.0,30.4,14.2,30.4,0.0,-16.2,-0.5328947368421053,0.0,240.0,3.0,7.38,3.83,7.38,0.0,-3.55,-0.481029810298103,0.0,240.0,3.0,150.6,84.6,150.6,0.0,-66.0,-0.4382470119521912,0.0,240.0,3.0,300.3,300.5,303.5,120.0,0.1999999999999886,0.0006660006660006,2.799999999999997,2.799999999999997,0.0230073952341823,1,2.599999999999998,2.599999999999998,0.1035856573705178,1,25.5,25.5,0.2634297520661157,1,4.0,4.0,0.0523560209424083,1,-0.4000000000000057,0.4000000000000057,-0.0042598509052183,-1,-1.0200000000000031,1.0200000000000031,-0.0263090018055198,-1,0,0,0.0,0,0,0,0.0,0,3,0,0,0,0,85.0,1,1,95,13,1,0,0,0,0,0,1,0,0,0,0,1,0,1,0,0,1,0,0,0,1,0,0,1,0,0,0,1,0,0,1,0,0,0,0.0,0.0,1,0,0,1,1,1,1,1,1,1,4718.309,0,4.454347296253507,83.2,1.4627403846153846,1,3,1,2,3,2,1,2,13,1.431764705882353,0.1529411764705882,3,20.39999999999999,11780.56,1.2572314049586777,51.546487603305785,3
E001589,2025-05-21,92.7,21.3,116.1,67.4,96.5,0,37.27,14,14,Female,Asian,Nausea/vomiting. Festival attendee from VIP tent with symptom onset ~215 minutes before arrival.,4,5,Walk-in,0,0,0,0,1,95.7,7.4,140.8,4.4,14.9,7.4,1,1,78.0,18.5,128.2,65.8,98.4,0,36.94,15,35.8,-14.7,-0.33,1,1.0,445.1,7.383,0.008,0,0,0,0,0,0,0,0,0,0,0,3,2,0,1,8.0,78.0,102.0,90.25,78.0,24.0,0.0809016037064678,-0.0360301645841356,0.0,-0.123837736284382,-1.0,102.0,82.0,78.0,240.0,0.0,-1.0,85.03333333333335,87.0,11.6,22.2,15.9,18.5,10.6,0.2043783246449298,0.0154852204546705,0.0,-0.0038654229634634,-1.0,22.2,151.0,11.6,0.0,0.0,-1.0,16.033333333333335,18.0,111.9,140.9,126.025,128.2,29.0,0.0784111869181605,0.0237606649419278,0.0,-0.0465095008157688,-1.0,140.9,174.0,111.9,151.0,0.0,-1.0,123.63333333333333,38.0,65.8,90.9,75.775,65.8,25.10000000000001,0.0906391083326701,-0.0259140199262397,0.0,-0.0324964155638691,-1.0,90.9,169.0,65.8,240.0,72.33333333333333,-1.0,95.0,98.8,96.4625,98.4,3.799999999999997,0.0138788071011647,-0.003905432927836,0.0,0.0139224443382387,1.0,98.8,0.0,95.0,82.0,0.0,-1.0,96.8,158.0,36.79,37.21,36.978750000000005,36.94,0.4200000000000017,0.0032407025400911,-0.0009809544778993,0.0,-0.0001802930173536,1.0,37.21,0.0,36.79,169.0,36.96333333333333,5.0,13.0,15.0,14.5,15.0,2.0,0.048765984909417,-0.0006385203941211,0.0,0.0034937952174557,1.0,15.0,0.0,13.0,174.0,0.0,-1.0,14.666666666666666,38.0,35.5,42.2,38.3,35.8,6.700000000000003,0.0598959255715637,-0.017151978862773,0.0,-0.004634222712965,-1.0,42.2,0.0,35.5,174.0,0.0,-1.0,37.56666666666667,52.0,2.0,1.0,1.0,1.0,1.0,1.0,1.0,1.0,1.0,1.0,1.0,1.0,1.0,1.0,1.0,0.0,0.0,-1.0,-1.0,0.0,0.0,-1.0,0.0,-1.0,0.0,-1.0,0.0,-1.0,0.0,-1.0,0.0,0.0,,,0.0,0.0,3.0,174.0,212.0,1.0,0.0,120.0,240.0,2.0,6.1,7.25,7.25,240.0,1.1500000000000004,0.1885245901639345,120.0,240.0,2.0,135.8,135.0,135.8,120.0,-0.8000000000000114,-0.0058910162002946,120.0,240.0,2.0,4.06,3.58,4.06,120.0,-0.4799999999999995,-0.1182266009852215,120.0,240.0,2.0,23.1,22.8,23.1,120.0,-0.3000000000000007,-0.012987012987013,120.0,240.0,2.0,28.7,39.6,39.6,240.0,10.900000000000002,0.3797909407665506,120.0,240.0,2.0,7.345,7.383,7.383,240.0,0.0380000000000002,0.0051735874744724,120.0,240.0,2.0,0.027,0.008,0.027,120.0,-0.019,-0.7037037037037037,120.0,240.0,2.0,1.72,1.0,1.72,120.0,-0.72,-0.4186046511627906,120.0,240.0,2.0,281.6,445.1,445.1,240.0,163.5,0.5806107954545454,120.0,240.0,2.0,10.5,5.6,10.5,120.0,-4.9,-0.4666666666666667,120.0,240.0,2.0,5.03,0.1,5.03,120.0,-4.930000000000001,-0.9801192842942348,120.0,240.0,2.0,103.9,98.9,103.9,120.0,-5.0,-0.0481231953801732,120.0,240.0,2.0,283.4,284.1,284.1,240.0,0.7000000000000455,0.0024700070571631,-14.700000000000005,14.700000000000005,-0.1585760517799353,-1,-2.8000000000000007,2.8000000000000007,-0.1314553990610329,-1,12.099999999999994,12.099999999999994,0.1042204995693367,1,-1.6000000000000083,1.6000000000000083,-0.0237388724035609,-1,1.9000000000000057,1.9000000000000057,0.0196891191709845,1,-0.3300000000000054,0.3300000000000054,-0.0088543064126644,-1,1,1,0.0714285714285714,1,0,0,0.0,0,0,0,0,0,0,215.0,1,1,96,13,0,0,0,1,0,0,0,1,0,0,0,0,0,0,1,0,1,0,0,0,0,0,0,0,0,0,0,0,0,0,0,0,0,0,0.0,0.0,0,1,1,0,0,0,0,0,0,0,3454.9290000000005,0,5.375278407684165,83.63333333333334,1.1084097249900358,0,1,0,1,2,0,0,0,4,0.4311627906976744,0.0186046511627906,0,48.69999999999999,10762.47,0.7984496124031009,11.178294573643411,0
E000826,2025-05-20,126.3,26.8,102.1,64.8,96.1,1,38.09,10,53,Male,White,General weakness. Festival attendee from main stage with symptom onset ~195 minutes before arrival.,2,6,Festival Medical Tent Transfer,0,1,0,1,0,123.4,7.302,137.5,4.47,14.3,14.7,1,1,90.6,19.1,141.7,81.0,94.3,0,37.47,12,35.3,-35.7,-0.62,2,2.41,597.0,7.338,0.078,0,1,0,1,0,1,0,0,0,0,0,2,1,0,1,8.0,88.0,141.0,110.725,90.6,53.0,0.1762646170980744,-0.0849010842685941,0.5965517241379306,-0.1817328199052131,-1.0,141.0,113.0,88.0,140.0,2.0,58.0,90.6,21.0,18.1,25.8,20.8125,19.1,7.699999999999999,0.117679407874242,-0.0206379589119269,0.0810344827586206,-0.0239277251184833,-1.0,25.8,58.0,18.1,140.0,1.0,58.0,19.1,55.0,113.3,150.1,131.04999999999998,141.7,36.8,0.1013142782005104,0.1057280768499145,-0.2034482758620695,0.1320941943127963,1.0,150.1,140.0,113.3,58.0,0.0,-1.0,141.7,52.0,67.7,91.9,78.7625,81.0,24.200000000000003,0.0836950173469636,0.0063784002282671,-0.1344827586206899,0.0448667061611374,1.0,91.9,140.0,67.7,113.0,81.0,21.0,92.5,97.5,94.8875,94.3,5.0,0.0152670519406376,0.0056436655887389,0.0344827586206893,-0.0184212085308056,-1.0,97.5,140.0,92.5,0.0,0.0,-1.0,94.3,51.0,37.27,37.87,37.64625,37.47,0.5999999999999943,0.0054323549689553,-0.0013578324139242,-0.0008620689655171,-0.0010145142180094,-1.0,37.87,192.0,37.27,191.0,37.47,1.0,11.0,13.0,12.25,12.0,2.0,0.0676862202113346,0.0028771162259844,0.0172413793103448,-0.0103969194312796,-1.0,13.0,113.0,11.0,0.0,4.0,0.0,12.0,78.0,35.3,44.0,38.9875,35.3,8.700000000000003,0.0675023348714419,-0.0306888434468327,-0.0689655172413793,-0.0297837677725118,1.0,44.0,0.0,35.3,240.0,0.0,-1.0,35.3,-1.0,2.0,1.0,1.0,1.0,1.0,1.0,1.0,1.0,1.0,1.0,1.0,1.0,1.0,1.0,1.0,3.0,1.0,97.0,184.0,0.0,1.0,97.0,0.0,-1.0,1.0,143.0,0.0,-1.0,0.0,-1.0,7.0,1.0,-23.0,39.0,7.0,113.0,3.0,0.0,192.0,1.0,0.0,120.0,240.0,2.0,11.77,4.34,11.77,120.0,-7.43,-0.6312659303313509,120.0,240.0,2.0,139.2,137.6,139.2,120.0,-1.5999999999999943,-0.0114942528735631,120.0,240.0,2.0,4.67,4.16,4.67,120.0,-0.5099999999999998,-0.1092077087794432,120.0,240.0,2.0,23.0,20.5,23.0,120.0,-2.5,-0.108695652173913,120.0,240.0,2.0,47.9,22.6,47.9,120.0,-25.3,-0.5281837160751566,120.0,240.0,2.0,7.351,7.338,7.351,120.0,-0.0129999999999999,-0.001768466875255,120.0,240.0,2.0,0.088,0.078,0.088,120.0,-0.0099999999999999,-0.1136363636363635,120.0,240.0,2.0,2.69,2.41,2.69,120.0,-0.2799999999999998,-0.1040892193308549,120.0,240.0,2.0,521.6,597.0,597.0,240.0,75.39999999999998,0.1445552147239263,120.0,240.0,2.0,17.5,20.8,20.8,240.0,3.3000000000000007,0.1885714285714286,120.0,240.0,2.0,2.98,0.1,2.98,120.0,-2.88,-0.9664429530201342,120.0,240.0,2.0,115.0,113.6,115.0,120.0,-1.4000000000000057,-0.0121739130434783,120.0,240.0,2.0,286.7,289.4,289.4,240.0,2.6999999999999886,0.0094175095919078,-35.7,35.7,-0.2826603325415677,-1,-7.699999999999999,7.699999999999999,-0.2873134328358208,-1,39.6,39.6,0.3878550440744367,1,16.200000000000003,16.200000000000003,0.25,1,-1.7999999999999972,1.7999999999999972,-0.0187304890738813,-1,-0.6200000000000045,0.6200000000000045,-0.0162772381202416,-1,2,2,0.2,1,-1,1,-1.0,-1,2,0,0,0,1,195.0,1,1,99,14,1,0,0,0,0,0,0,1,0,0,0,0,1,1,0,1,0,0,0,0,0,0,0,0,0,0,0,0,0,0,0,0,0,0,0.0,0.0,0,0,0,1,1,0,1,1,1,1,4810.767000000001,0,5.278114659230517,77.23333333333333,1.6353042727665084,0,3,1,2,3,1,0,0,9,0.6476923076923077,0.0461538461538461,2,37.3,12895.23,1.2370225269343782,65.56219392752205,3
E001352,2025-05-18,123.3,33.4,105.4,70.9,96.2,0,38.35,12,17,Female,White,Palpitations. Festival attendee from VIP tent with symptom onset ~97 minutes before arrival.,3,9,Festival Medical Tent Transfer,0,0,0,0,0,112.4,7.381,135.6,4.51,14.4,12.7,1,1,101.6,22.5,113.8,75.5,97.0,0,37.3,13,37.3,-21.7,-1.05,1,2.04,377.7,7.369,0.036,0,1,1,0,0,0,0,0,0,0,0,0,6,1,0,7.0,81.7,110.5,96.84285714285714,101.6,28.8,0.101748573415854,0.0674826799033788,0.3272578890097926,0.0981503759398498,-1.0,110.5,181.0,81.7,0.0,0.0,-1.0,101.6,-1.0,18.6,25.8,21.24285714285714,22.5,7.199999999999999,0.1069584148060311,0.0119628115626575,-0.0039717083786723,-0.0096090225563908,1.0,25.8,158.0,18.6,181.0,1.0,158.0,22.5,23.0,113.3,131.9,120.5142857142857,113.8,18.60000000000001,0.0528298394400443,0.0116801157327525,-0.1643090315560392,-0.0934135338345859,-1.0,131.9,181.0,113.3,53.0,0.0,-1.0,113.8,76.0,63.7,84.0,74.81428571428572,75.5,20.3,0.088974455925905,-0.0092722241393042,0.2814472252448311,0.0897443609022559,-1.0,84.0,52.0,63.7,129.0,75.5,77.0,93.5,97.3,95.4,97.0,3.799999999999997,0.0142187211386274,0.0133782815278841,0.0004896626768232,0.0181503759398498,-1.0,97.3,158.0,93.5,53.0,0.0,-1.0,97.0,-1.0,37.28,37.64,37.46714285714285,37.3,0.3599999999999994,0.003246089397002,-0.0009222453746716,0.00019042437432,-0.0022105263157893,1.0,37.64,158.0,37.28,181.0,37.3,-1.0,11.0,13.0,12.428571428571429,13.0,2.0,0.0586094196964687,-7.963262814220845e-05,-0.0092491838955385,0.0172932330827067,1.0,13.0,0.0,11.0,129.0,3.0,52.0,13.0,29.0,33.9,42.0,38.614285714285714,37.3,8.100000000000001,0.0662051452704921,-0.0197565232394555,0.0302502720348206,0.0208270676691731,-1.0,42.0,52.0,33.9,129.0,0.0,-1.0,37.3,29.0,3.0,1.0,1.0,1.0,1.0,1.0,1.0,1.0,1.0,1.0,1.0,1.0,1.0,1.0,1.0,2.0,1.0,46.0,188.0,1.0,1.0,46.0,0.0,-1.0,0.0,-1.0,1.0,188.0,0.0,-1.0,5.0,0.0,46.0,,4.0,52.0,3.0,129.0,181.0,1.0,0.0,0.0,240.0,3.0,9.56,11.4,11.4,240.0,1.84,0.1924686192468619,0.0,240.0,3.0,136.4,137.3,139.2,120.0,0.9000000000000057,0.0065982404692082,0.0,240.0,3.0,4.58,4.14,4.58,0.0,-0.4400000000000004,-0.0960698689956332,0.0,240.0,3.0,21.7,22.2,22.2,240.0,0.5,0.0230414746543778,0.0,240.0,3.0,38.8,38.4,38.8,0.0,-0.3999999999999986,-0.0103092783505154,0.0,240.0,3.0,7.322,7.369,7.369,240.0,0.0469999999999997,0.0064190111991258,0.0,240.0,3.0,0.119,0.036,0.119,0.0,-0.0829999999999999,-0.6974789915966386,0.0,240.0,3.0,2.24,2.04,2.51,120.0,-0.2000000000000001,-0.0892857142857143,0.0,240.0,3.0,652.9,377.7,652.9,0.0,-275.2,-0.4215040588145198,0.0,240.0,3.0,12.2,9.4,17.4,120.0,-2.799999999999999,-0.2295081967213114,0.0,240.0,3.0,1.6,0.1,1.68,120.0,-1.5,-0.9375,0.0,240.0,3.0,113.4,117.7,117.7,240.0,4.299999999999997,0.0379188712522045,0.0,240.0,3.0,297.2,294.7,297.2,0.0,-2.5,-0.0084118438761776,-21.700000000000003,21.700000000000003,-0.1759935117599351,-1,-10.9,10.9,-0.3263473053892215,-1,8.399999999999991,8.399999999999991,0.0796963946869069,1,4.599999999999994,4.599999999999994,0.0648801128349787,1,0.7999999999999972,0.7999999999999972,0.0083160083160082,1,-1.0500000000000045,1.0500000000000045,-0.0273794002607563,-1,1,1,0.0833333333333333,1,0,0,0.0,0,1,0,0,0,0,97.0,1,1,92,13,0,0,0,1,0,0,1,0,0,0,1,0,0,0,1,0,0,0,0,0,0,0,1,0,0,0,0,0,0,0,0,0,0,1,0.0,0.0,0,0,1,1,1,0,1,0,1,1,4728.555,0,4.584967478670572,82.4,1.4963592233009708,0,2,1,2,3,1,0,2,10,1.2711340206185566,0.1030927835051546,1,34.5,12995.82,1.169829222011385,19.887096774193544,3
E001371,2025-05-21,151.4,36.3,99.3,74.2,89.1,1,38.86,10,36,Female,White,Palpitations. Festival attendee from main stage with symptom onset ~153 minutes before arrival.,1,9,EMS,0,0,0,0,0,151.0,7.244,140.4,5.59,14.1,20.0,1,1,125.9,27.3,122.6,79.8,91.8,1,38.18,11,45.2,-25.5,-0.68,1,4.61,1042.3,7.316,0.145,1,0,0,0,0,0,1,0,0,0,0,3,2,0,1,9.0,100.7,153.3,130.05555555555554,125.9,52.60000000000001,0.1074044461285855,-0.0035475318140128,-0.0558185760751715,0.147206197078254,-1.0,153.3,154.0,100.7,77.0,5.0,0.0,125.9,56.0,21.9,37.8,28.03333333333333,27.3,15.9,0.1508186444300397,-0.0098862764949704,0.0833032164799422,-0.000735088862008,1.0,37.8,59.0,21.9,42.0,7.0,0.0,27.3,18.0,84.8,135.2,118.9,122.6,50.39999999999999,0.1226923719341538,-0.0223399776462393,0.0996566678713399,0.0306736763748023,1.0,135.2,154.0,84.8,133.0,1.0,133.0,122.6,5.0,58.5,81.1,71.54444444444442,79.8,22.599999999999994,0.10132487020447,0.0269949227893082,0.1156487170220454,0.0286126360844886,1.0,81.1,138.0,58.5,133.0,79.8,34.0,90.7,93.9,92.08888888888887,91.8,3.200000000000003,0.0098392292653837,0.0033961677835192,-0.0028189374774123,-0.0037591886107752,-1.0,93.9,172.0,90.7,59.0,1.0,59.0,91.8,68.0,37.7,38.48,38.11666666666667,38.18,0.779999999999994,0.0072652624698079,-0.0023933810815009,-0.0002258764004337,0.0012361589280729,1.0,38.48,0.0,37.7,154.0,38.18,86.0,10.0,13.0,11.0,11.0,3.0,0.0742269619025205,0.0039469925170033,-0.0182508131550415,-0.0020005582953382,1.0,13.0,138.0,10.0,42.0,8.0,0.0,11.0,16.0,41.4,48.4,45.94444444444444,45.2,7.0,0.04488945273739,-0.0134651336464197,-0.001373328514637,-0.011121708383735,-1.0,48.4,77.0,41.4,138.0,0.0,-1.0,45.2,16.0,2.0,1.0,1.0,1.0,1.0,1.0,1.0,1.0,1.0,1.0,1.0,1.0,1.0,1.0,1.0,2.0,1.0,36.0,212.0,1.0,0.0,-1.0,1.0,36.0,0.0,-1.0,0.0,-1.0,1.0,212.0,3.0,0.0,-84.0,,22.0,138.0,3.0,42.0,-1.0,0.0,0.0,120.0,240.0,2.0,13.43,12.56,13.43,120.0,-0.8699999999999992,-0.0647803425167534,120.0,240.0,2.0,140.6,139.2,140.6,120.0,-1.4000000000000057,-0.0099573257467994,120.0,240.0,2.0,4.56,4.62,4.62,240.0,0.0600000000000005,0.0131578947368422,120.0,240.0,2.0,19.0,14.8,19.0,120.0,-4.199999999999999,-0.2210526315789473,120.0,240.0,2.0,71.7,63.3,71.7,120.0,-8.400000000000006,-0.1171548117154812,120.0,240.0,2.0,7.293,7.316,7.316,240.0,0.0229999999999996,0.0031537090360619,120.0,240.0,2.0,0.167,0.145,0.167,120.0,-0.022,-0.1317365269461079,120.0,240.0,2.0,3.49,4.61,4.61,240.0,1.12,0.3209169054441261,120.0,240.0,2.0,927.2,1042.3,1042.3,240.0,115.09999999999992,0.1241371872303709,120.0,240.0,2.0,26.6,29.2,29.2,240.0,2.599999999999998,0.0977443609022555,120.0,240.0,2.0,8.58,9.76,9.76,240.0,1.1799999999999995,0.1375291375291375,120.0,240.0,2.0,160.7,139.2,160.7,120.0,-21.5,-0.133789670192906,120.0,240.0,2.0,307.0,302.2,307.0,120.0,-4.800000000000011,-0.0156351791530944,-25.5,25.5,-0.1684280052840158,-1,-8.999999999999996,8.999999999999996,-0.2479338842975205,-1,23.3,23.3,0.2346424974823766,1,5.599999999999994,5.599999999999994,0.0754716981132074,1,2.700000000000003,2.700000000000003,0.0303030303030303,1,-0.6799999999999997,0.6799999999999997,-0.0174987133299022,-1,1,1,0.1,1,0,0,0.0,0,1,0,0,0,0,153.0,1,1,95,13,1,0,0,0,0,0,1,0,0,1,0,1,0,0,0,0,1,0,1,0,1,0,0,1,0,0,1,1,1,0,1,0,0,1,0.0,0.0,0,0,0,1,1,1,1,1,2,1,5883.404,1,5.0369526024136295,82.56666666666666,1.83366976180864,0,3,1,3,3,2,3,2,16,0.9895424836601308,0.1045751633986928,3,25.099999999999994,15034.02,1.5246727089627392,54.88821752265861,3
E001113,2025-05-21,79.2,15.1,124.1,81.0,98.5,0,37.05,14,45,Male,Native American,Nausea/vomiting. Festival attendee from main stage with symptom onset ~172 minutes before arrival.,4,2,Walk-in,0,0,1,0,1,74.9,7.431,136.2,4.22,13.6,10.7,1,1,88.1,15.5,140.5,83.7,95.5,0,36.77,15,32.7,8.9,-0.28,1,1.84,197.6,7.385,0.0,1,0,0,0,0,0,0,0,0,0,0,3,2,0,1,6.0,75.7,110.1,91.75,88.1,34.39999999999999,0.1196227698647486,0.0495810222715248,0.0,0.1437419354838709,-1.0,110.1,227.0,75.7,149.0,0.0,-1.0,99.1,13.0,12.7,18.0,15.316666666666668,15.5,5.300000000000001,0.1124159003994699,-0.0036922945643826,0.0,0.0118617511520737,1.0,18.0,188.0,12.7,149.0,0.0,-1.0,14.95,39.0,119.4,140.5,131.78333333333333,140.5,21.099999999999994,0.0685007570863863,-0.0222911511221093,0.0,0.0675668202764974,1.0,140.5,0.0,119.4,188.0,0.0,-1.0,134.7,52.0,67.7,83.7,74.56666666666666,83.7,16.0,0.076757328711683,-0.0099283215291406,0.0,0.0106082949308754,1.0,83.7,240.0,67.7,227.0,75.7,13.0,94.7,98.2,96.59999999999998,95.5,3.5,0.012350262365889,0.0014386893079615,0.0,0.0051797235023039,1.0,98.2,188.0,94.7,116.0,0.0,-1.0,96.25,33.0,36.64,37.07,36.81666666666667,36.77,0.4299999999999997,0.0039412944969993,-0.0008520351565832,0.0,-0.0018239631336405,-1.0,37.07,116.0,36.64,149.0,36.72,39.0,14.0,15.0,14.666666666666666,15.0,1.0,0.0321412173266612,0.0020394231589725,0.0,-0.003963133640553,0.0,15.0,116.0,14.0,0.0,0.0,-1.0,14.5,111.0,32.7,40.0,37.2,32.7,7.299999999999997,0.0652401134382343,-0.0192226299172283,0.0,-0.0488571428571429,-1.0,40.0,116.0,32.7,240.0,0.0,-1.0,34.1,-1.0,1.0,1.0,1.0,1.0,1.0,1.0,1.0,1.0,1.0,1.0,1.0,1.0,1.0,1.0,1.0,2.0,1.0,71.0,219.0,0.0,0.0,-1.0,1.0,71.0,0.0,-1.0,0.0,-1.0,1.0,219.0,3.0,0.0,-169.0,,0.0,0.0,2.0,0.0,188.0,1.0,0.0,240.0,240.0,1.0,8.02,8.02,8.02,240.0,0.0,0.0,240.0,240.0,1.0,140.0,140.0,140.0,240.0,0.0,0.0,240.0,240.0,1.0,3.53,3.53,3.53,240.0,0.0,0.0,240.0,240.0,1.0,22.6,22.6,22.6,240.0,0.0,0.0,240.0,240.0,1.0,29.6,29.6,29.6,240.0,0.0,0.0,240.0,240.0,1.0,7.385,7.385,7.385,240.0,0.0,0.0,240.0,240.0,1.0,0.0,0.0,0.0,240.0,0.0,0.0,240.0,240.0,1.0,1.84,1.84,1.84,240.0,0.0,0.0,240.0,240.0,1.0,197.6,197.6,197.6,240.0,0.0,0.0,240.0,240.0,1.0,1.3,1.3,1.3,240.0,0.0,0.0,240.0,240.0,1.0,2.6,2.6,2.6,240.0,0.0,0.0,240.0,240.0,1.0,109.3,109.3,109.3,240.0,0.0,0.0,240.0,240.0,1.0,290.4,290.4,290.4,240.0,0.0,0.0,8.899999999999991,8.899999999999991,0.1123737373737372,1,0.4000000000000003,0.4000000000000003,0.0264900662251655,1,16.400000000000006,16.400000000000006,0.1321514907332796,1,2.700000000000003,2.700000000000003,0.0333333333333333,1,-3.0,3.0,-0.0304568527918781,-1,-0.279999999999994,0.279999999999994,-0.0075573549257758,-1,1,1,0.0714285714285714,1,0,0,0.0,0,2,0,0,0,0,172.0,1,1,98,13,1,0,0,0,0,0,1,0,0,0,0,0,0,1,0,0,0,0,0,0,0,0,1,0,0,0,0,0,0,0,0,0,0,0,0.0,0.0,0,1,1,0,0,0,0,0,0,0,2934.36,0,5.153291594497779,95.36666666666666,0.8304788535477106,0,1,0,0,0,0,0,0,1,0.4604651162790698,0.005813953488372,0,43.1,9828.72,0.6381950040290089,28.7187751813054,0
E002173,2025-05-18,96.9,19.4,121.3,49.9,96.1,0,37.85,12,79,Male,Black,"Palpitations and headache, approximately 115 minutes prior to arrival",3,4,EMS,0,1,1,1,0,125.3,7.349,136.8,4.78,14.3,14.3,0,0,92.0,19.7,123.7,85.0,96.0,0,37.03,15,37.1,-4.9,-0.82,3,4.0,349.2,7.315,0.064,0,1,0,0,0,0,1,0,0,0,0,0,6,1,0,6.0,91.1,119.4,102.23333333333332,92.0,28.30000000000001,0.1149108423992284,-0.0475744712946629,0.0,-0.1206362097560141,-1.0,119.4,79.0,91.1,97.0,0.0,-1.0,92.0,18.0,17.7,23.0,20.28333333333333,19.7,5.300000000000001,0.0824686411629577,-0.0054536159799538,0.0,0.0070083950279549,1.0,23.0,0.0,17.7,80.0,0.0,-1.0,19.7,17.0,107.3,125.7,119.15000000000002,123.7,18.40000000000001,0.0524302641878963,0.0245343579901863,0.0,0.0498025202181682,-1.0,125.7,79.0,107.3,80.0,0.0,-1.0,123.7,17.0,67.3,85.0,75.31666666666666,85.0,17.700000000000003,0.0874064778242777,0.0314625244606095,0.0,0.0054490741532307,1.0,85.0,240.0,67.3,0.0,85.0,-1.0,95.1,96.0,95.55,96.0,0.9000000000000057,0.0028820358698514,0.0026260323739047,0.0,0.0017679142373518,1.0,96.0,240.0,95.1,0.0,0.0,-1.0,96.0,-1.0,37.03,37.65,37.37166666666667,37.03,0.6199999999999974,0.0066849498751073,-0.0027175056254164,0.0,-0.0036114008241147,-1.0,37.65,79.0,37.03,205.0,37.03,-1.0,11.0,15.0,12.666666666666666,15.0,4.0,0.0984646680729984,0.0119338442650084,0.0,0.0162942192282045,1.0,15.0,240.0,11.0,80.0,3.0,0.0,15.0,-1.0,34.2,40.4,38.3,37.1,6.199999999999996,0.0591178683994488,-0.0040502998126956,0.0,0.0050994238035802,-1.0,40.4,205.0,34.2,97.0,0.0,-1.0,37.1,108.0,2.0,1.0,1.0,1.0,1.0,1.0,1.0,1.0,1.0,1.0,1.0,1.0,1.0,1.0,1.0,1.0,1.0,10.0,10.0,1.0,1.0,10.0,0.0,-1.0,0.0,-1.0,0.0,-1.0,0.0,-1.0,4.0,0.0,-110.0,,3.0,97.0,3.0,80.0,205.0,1.0,0.0,120.0,240.0,2.0,8.21,10.99,10.99,240.0,2.78,0.3386114494518878,120.0,240.0,2.0,136.2,136.7,136.7,240.0,0.5,0.0036710719530102,120.0,240.0,2.0,4.14,4.16,4.16,240.0,0.0200000000000004,0.0048309178743962,120.0,240.0,2.0,20.4,20.4,20.4,120.0,0.0,0.0,120.0,240.0,2.0,40.6,28.6,40.6,120.0,-12.0,-0.2955665024630541,120.0,240.0,2.0,7.315,7.315,7.315,120.0,0.0,0.0,120.0,240.0,2.0,0.046,0.064,0.064,240.0,0.018,0.391304347826087,120.0,240.0,2.0,2.43,4.0,4.0,240.0,1.5699999999999998,0.6460905349794238,120.0,240.0,2.0,543.8,349.2,543.8,120.0,-194.6,-0.3578521515262964,120.0,240.0,2.0,14.6,21.3,21.3,240.0,6.700000000000001,0.4589041095890411,120.0,240.0,2.0,6.18,5.94,6.18,120.0,-0.2399999999999993,-0.0388349514563105,120.0,240.0,2.0,96.7,106.9,106.9,240.0,10.200000000000005,0.1054808686659772,120.0,240.0,2.0,292.4,290.4,292.4,120.0,-2.0,-0.0068399452804377,-4.900000000000006,4.900000000000006,-0.0505675954592363,-1,0.3000000000000007,0.3000000000000007,0.0154639175257732,1,2.4000000000000057,2.4000000000000057,0.0197856553998351,1,35.1,35.1,0.7034068136272545,1,-0.0999999999999943,0.0999999999999943,-0.0010405827263266,-1,-0.8200000000000003,0.8200000000000003,-0.0216644649933949,-1,3,3,0.25,1,0,0,0.0,0,2,0,0,0,0,,0,0,69,9,0,0,0,0,1,0,0,0,1,0,0,0,0,0,1,0,0,0,0,0,0,0,1,0,0,0,0,0,0,0,0,0,0,1,0.0,0.0,0,0,0,0,0,0,0,1,1,1,3667.665,0,,73.7,1.3147896879240164,0,2,0,1,0,0,0,0,3,,,2,71.4,11753.97,0.798845836768343,63.108821104699096,0
E001910,2025-05-22,149.4,39.5,148.5,66.6,91.2,1,38.94,10,14,Female,White,Anxiety/panic. Festival attendee from VIP tent with symptom onset ~51 minutes before arrival.,2,10,EMS,1,0,0,0,0,117.8,7.249,132.7,5.04,14.2,19.2,1,1,95.8,27.8,117.1,67.3,91.6,1,37.5,12,47.4,-53.6,-1.44,2,4.5,904.5,7.377,0.109,0,1,1,0,0,0,0,0,1,0,0,4,3,0,0,9.0,95.8,132.9,117.63333333333334,95.8,37.10000000000001,0.1094814213123137,-0.1112712358241068,0.0,-0.1249711975942667,-1.0,132.9,65.0,95.8,240.0,2.0,65.0,95.8,-1.0,23.5,30.4,26.76666666666667,27.8,6.899999999999999,0.0863149362448989,-0.0217580348738177,0.0,-0.0171613520532698,1.0,30.4,0.0,23.5,186.0,8.0,0.0,27.8,54.0,106.2,132.4,121.15555555555554,117.1,26.200000000000003,0.077783143144812,0.0010332152942759,0.0,0.0186180703364508,1.0,132.4,158.0,106.2,186.0,0.0,-1.0,117.1,17.0,51.1,75.3,67.85555555555555,67.3,24.2,0.1136179040599479,0.0677058586220807,0.0,0.0222764640409286,-1.0,75.3,186.0,51.1,0.0,67.3,-1.0,91.4,93.5,92.57777777777778,91.6,2.0999999999999943,0.0085171363414355,-0.0036196154018556,0.0,-0.0021821483665619,-1.0,93.5,158.0,91.4,90.0,0.0,-1.0,91.6,28.0,37.44,38.75,37.88555555555556,37.5,1.3100000000000025,0.0095284262799852,-0.0031541082074499,0.0,-0.0048995333033918,-1.0,38.75,65.0,37.44,158.0,37.5,25.0,10.0,14.0,11.333333333333334,12.0,4.0,0.1176470588235294,0.0116096642610605,0.0,0.0183261408681728,-1.0,14.0,203.0,10.0,65.0,7.0,0.0,12.0,37.0,39.5,47.4,42.77777777777778,47.4,7.899999999999999,0.064612184273189,0.0196445380788022,0.0,0.0206498603815585,1.0,47.4,240.0,39.5,110.0,0.0,-1.0,47.4,-1.0,3.0,1.0,1.0,1.0,1.0,1.0,1.0,1.0,1.0,1.0,1.0,1.0,1.0,1.0,1.0,3.0,1.0,117.0,154.0,0.0,1.0,117.0,0.0,-1.0,0.0,-1.0,1.0,154.0,1.0,129.0,5.0,0.0,117.0,52.0,17.0,186.0,5.0,65.0,186.0,1.0,1.0,0.0,240.0,3.0,11.88,12.06,13.35,120.0,0.1799999999999997,0.0151515151515151,0.0,240.0,3.0,141.8,136.6,141.8,0.0,-5.200000000000017,-0.0366713681241185,0.0,240.0,3.0,4.62,4.56,4.62,0.0,-0.0600000000000005,-0.012987012987013,0.0,240.0,3.0,17.3,22.4,22.4,240.0,5.099999999999998,0.2947976878612715,0.0,240.0,3.0,62.8,66.8,66.8,240.0,4.0,0.0636942675159235,0.0,240.0,3.0,7.378,7.377,7.378,0.0,-0.0010000000000003,-0.0001355380862022,0.0,240.0,3.0,0.132,0.109,0.132,0.0,-0.023,-0.1742424242424242,0.0,240.0,3.0,3.53,4.5,4.5,240.0,0.9700000000000002,0.2747875354107649,0.0,240.0,3.0,891.0,904.5,904.5,240.0,13.5,0.0151515151515151,0.0,240.0,3.0,23.8,26.7,26.7,240.0,2.8999999999999986,0.1218487394957982,0.0,240.0,3.0,6.56,9.56,9.56,240.0,3.000000000000001,0.4573170731707319,0.0,240.0,3.0,147.3,127.7,153.6,120.0,-19.60000000000001,-0.1330617786829599,0.0,240.0,3.0,300.9,303.3,303.3,240.0,2.400000000000034,0.0079760717846461,-53.60000000000001,53.60000000000001,-0.358768406961178,-1,-11.7,11.7,-0.2962025316455696,-1,-31.40000000000001,31.40000000000001,-0.2114478114478115,-1,0.7000000000000028,0.7000000000000028,0.0105105105105105,1,0.3999999999999915,0.3999999999999915,0.0043859649122806,1,-1.4399999999999975,1.4399999999999975,-0.0369799691833589,-1,2,2,0.2,1,0,0,0.0,0,2,0,0,0,0,51.0,1,1,93,13,0,0,0,1,0,1,0,0,0,1,0,1,0,0,1,0,1,0,0,0,1,0,0,1,0,0,0,0,0,1,1,0,0,0,0.0,0.0,0,0,0,1,1,0,1,1,2,1,5817.636,1,3.951243718581428,93.9,1.5910543130990418,1,3,1,3,3,0,2,2,13,2.9294117647058826,0.2549019607843137,4,81.9,22185.9,1.006060606060606,14.084848484848486,4
E000663,2025-05-18,164.6,38.4,150.1,63.8,91.6,1,39.0,11,50,Female,White,Altered mental status. Festival attendee from campground with symptom onset ~133 minutes before arrival.,1,9,EMS,0,0,1,0,0,146.6,7.254,135.1,5.03,14.9,18.0,1,1,79.7,25.1,108.6,68.7,92.9,0,37.71,13,41.3,-84.9,-1.29,2,,,,,1,1,0,0,0,0,0,0,0,1,0,0,6,1,0,8.0,79.7,131.3,113.4125,79.7,51.60000000000001,0.1336554806027722,-0.0932409236146293,0.6641335914811235,-0.2043868731430631,-1.0,131.3,37.0,79.7,240.0,1.0,37.0,79.7,-1.0,24.3,32.8,27.775,25.1,8.499999999999996,0.0999667373168718,-0.012020846474402,0.1093417231364958,-0.017227874313496,-1.0,32.8,96.0,24.3,82.0,8.0,0.0,25.1,26.0,104.9,130.9,118.4125,108.6,26.0,0.0737220324856641,-0.0278599274095982,0.0572604065827699,-0.0534212658683716,-1.0,130.9,21.0,104.9,122.0,0.0,-1.0,108.6,16.0,68.7,92.8,77.35,68.7,24.099999999999994,0.0957279819806557,-0.0738602169439646,-0.3282187802516933,-0.0585779238318179,1.0,92.8,0.0,68.7,240.0,68.7,-1.0,91.2,93.8,92.6875,92.9,2.5999999999999943,0.0072462320334509,-0.0009549463844393,-0.0336882865440457,0.0053682362474113,1.0,93.8,0.0,91.2,82.0,0.0,-1.0,92.9,14.0,37.53,38.41,37.98625,37.71,0.8799999999999955,0.0072965984371182,-0.0018737526756076,-0.0078557599225552,-0.004287611416224,1.0,38.41,96.0,37.53,188.0,37.71,-1.0,10.0,13.0,11.375,13.0,3.0,0.0753368637406708,0.0092702699907969,-0.0024201355275895,0.010218780948951,1.0,13.0,240.0,10.0,21.0,7.0,0.0,13.0,-1.0,39.4,46.9,42.025,41.3,7.5,0.0503898701549596,-0.0073469345548925,0.1300096805421106,-0.0049563338435222,1.0,46.9,37.0,39.4,122.0,0.0,-1.0,41.3,45.0,2.0,1.0,1.0,1.0,1.0,1.0,1.0,1.0,1.0,1.0,1.0,1.0,1.0,1.0,1.0,3.0,1.0,69.0,120.0,0.0,1.0,120.0,1.0,119.0,0.0,-1.0,0.0,-1.0,1.0,69.0,4.0,0.0,69.0,83.0,16.0,240.0,3.0,21.0,240.0,1.0,0.0,0.0,120.0,2.0,11.33,7.33,11.33,0.0,-4.0,-0.353045013239188,0.0,120.0,2.0,138.4,143.3,143.3,120.0,4.900000000000006,0.0354046242774566,0.0,120.0,2.0,4.11,4.56,4.56,120.0,0.4499999999999993,0.1094890510948903,0.0,120.0,2.0,15.7,17.0,17.0,120.0,1.3000000000000007,0.0828025477707006,0.0,120.0,2.0,86.4,61.9,86.4,0.0,-24.500000000000007,-0.2835648148148149,0.0,120.0,2.0,7.256,7.297,7.297,120.0,0.0409999999999994,0.0056504961411245,0.0,120.0,2.0,0.169,0.133,0.169,0.0,-0.036,-0.2130177514792899,0.0,120.0,2.0,4.06,3.93,4.06,0.0,-0.1299999999999994,-0.0320197044334974,0.0,120.0,2.0,1027.2,1011.5,1027.2,0.0,-15.700000000000044,-0.0152842679127726,0.0,120.0,2.0,17.0,24.1,24.1,120.0,7.100000000000001,0.4176470588235295,0.0,120.0,2.0,12.38,4.01,12.38,0.0,-8.370000000000001,-0.6760904684975768,0.0,120.0,2.0,144.2,150.1,150.1,120.0,5.900000000000006,0.0409153952843273,0.0,120.0,2.0,301.3,302.2,302.2,120.0,0.8999999999999773,0.0029870560902753,-84.89999999999999,84.89999999999999,-0.5157958687727825,-1,-13.299999999999995,13.299999999999995,-0.3463541666666666,-1,-41.5,41.5,-0.2764823451032645,-1,4.900000000000006,4.900000000000006,0.0768025078369906,1,1.3000000000000114,1.3000000000000114,0.0141921397379913,1,-1.2899999999999991,1.2899999999999991,-0.033076923076923,-1,2,2,0.1818181818181818,1,-1,1,-1.0,-1,2,0,0,0,1,133.0,1,1,104,14,0,0,1,0,0,0,1,0,0,0,0,1,0,1,1,0,1,0,0,0,1,0,0,1,0,0,1,1,0,0,1,0,0,0,0.0,0.1176470588235294,0,0,0,1,1,1,1,1,2,1,6419.4,1,4.897839799950911,92.56666666666666,1.7781778898091465,0,3,1,3,3,0,2,2,13,1.237593984962406,0.0977443609022556,3,86.3,24706.46,1.0966022651565623,54.83011325782812,4
E000600,2025-05-18,74.9,22.8,118.6,68.5,97.1,0,37.17,14,41,Male,Black,Headache. Festival attendee from main stage with symptom onset ~296 minutes before arrival.,5,2,Walk-in,0,0,0,0,1,77.7,7.406,139.7,4.36,15.5,10.2,1,1,70.9,16.1,143.9,75.8,96.8,0,36.47,13,34.0,-4.0,-0.7,-1,,,,,1,1,1,0,0,0,0,0,0,0,0,0,6,1,0,9.0,61.0,78.9,72.14444444444445,70.9,17.900000000000006,0.0674797619523587,-0.0493283320804457,0.0,-0.0608499515499927,1.0,78.9,0.0,61.0,204.0,0.0,-1.0,69.9,36.0,10.9,18.9,14.633333333333333,16.1,7.999999999999998,0.1482564017792526,0.0040601283094254,0.0,0.0064222723460389,-1.0,18.9,177.0,10.9,141.0,0.0,-1.0,15.3,15.0,102.8,147.2,126.6,143.9,44.39999999999999,0.1000921459732536,0.0042354467660049,0.0,0.0545400506485788,1.0,147.2,177.0,102.8,223.0,0.0,-1.0,123.35,17.0,62.8,89.2,78.73333333333332,75.8,26.40000000000001,0.0989889458943095,0.0310251881905897,0.0,0.0015805287972184,-1.0,89.2,204.0,62.8,177.0,81.55,36.0,95.9,97.7,96.67777777777776,96.8,1.7999999999999972,0.0056397398673188,0.0027234859796721,0.0,0.0044565863509409,-1.0,97.7,223.0,95.9,192.0,0.0,-1.0,97.25,17.0,36.17,37.07,36.65222222222222,36.47,0.8999999999999986,0.0068066396313592,-0.0016113336559948,0.0,0.0002833714690531,1.0,37.07,0.0,36.17,192.0,36.7,12.0,13.0,15.0,14.444444444444445,13.0,2.0,0.0474185692536075,-0.0021753905405266,0.0,-0.0112371444624491,-1.0,15.0,107.0,13.0,240.0,0.0,-1.0,13.5,70.0,31.2,39.4,34.95555555555556,34.0,8.2,0.075220340535278,-0.0127181826607215,0.0,-0.0018313288330468,-1.0,39.4,223.0,31.2,177.0,0.0,-1.0,36.7,46.0,0.0,0.0,0.0,0.0,0.0,0.0,0.0,0.0,0.0,0.0,0.0,0.0,0.0,0.0,0.0,3.0,1.0,48.0,137.0,1.0,1.0,137.0,1.0,48.0,0.0,-1.0,1.0,68.0,0.0,-1.0,5.0,0.0,,,0.0,0.0,5.0,240.0,192.0,1.0,0.0,,,,,,,,,,,,,,,,,,,,,,,,,,,,,,,,,,,,,,,,,,,,,,,,,,,,,,,,,,,,,,,,,,,,,,,,,,,,,,,,,,,,,,,,,,,,,,,,,,,,,,,,,,,,,,,,,,,,,,-4.0,4.0,-0.0534045393858477,-1,-6.699999999999999,6.699999999999999,-0.293859649122807,-1,25.30000000000001,25.30000000000001,0.2133220910623947,1,7.299999999999997,7.299999999999997,0.1065693430656933,1,-0.2999999999999971,0.2999999999999971,-0.0030895983522141,-1,-0.7000000000000028,0.7000000000000028,-0.0188323917137477,-1,-1,1,-0.0714285714285714,-1,0,0,0.0,0,3,0,0,0,0,296.0,1,1,91,13,1,0,0,0,0,0,0,1,0,0,0,0,0,0,0,0,0,0,0,0,1,0,0,0,0,0,0,0,0,0,0,0,0,0,0.0,0.0,0,1,1,0,0,0,0,0,0,0,2784.0330000000004,0,5.6937321388027,85.2,0.8791079812206574,0,1,0,0,2,0,0,0,3,0.2530405405405405,0.0101351351351351,0,50.1,8883.14,0.6315345699831366,25.8929173693086,1
E000048,2025-05-19,88.5,19.4,138.5,81.4,98.5,0,37.13,13,43,Male,Asian,Nausea/vomiting. Community patient from shopping area with symptom onset ~151 minutes before arrival.,4,3,EMS,0,0,0,0,1,92.9,7.393,142.6,4.56,14.1,10.6,0,0,85.9,12.8,134.9,91.9,98.2,0,36.44,15,36.2,-2.6,-0.69,2,,,,,1,1,0,0,0,0,0,0,0,0,0,1,0,0,1,6.0,73.8,85.9,81.18333333333334,85.9,12.100000000000009,0.0483407144025088,0.014173494954967,-2.907460863250366e-16,0.0297540699688255,1.0,85.9,240.0,73.8,175.0,0.0,-1.0,85.9,65.0,11.3,16.0,13.533333333333331,12.8,4.699999999999999,0.1122785351728224,0.0027466648608383,-0.0508474576271186,-0.0048320055420852,-1.0,16.0,175.0,11.3,59.0,0.0,-1.0,12.8,99.0,117.3,134.9,122.95,134.9,17.60000000000001,0.0536593014103871,0.0639032978939526,0.0033898305084744,0.1220817457568405,1.0,134.9,240.0,117.3,0.0,0.0,-1.0,134.9,-1.0,73.2,91.9,81.75,91.9,18.700000000000003,0.0737766131629084,0.0090675154059728,-0.1372881355932206,0.1199341877381365,1.0,91.9,240.0,73.2,175.0,91.9,65.0,95.8,98.2,97.36666666666667,98.2,2.4000000000000057,0.0087483275174123,0.0018338186496917,0.0237288135593217,0.0114305507447172,-1.0,98.2,59.0,95.8,158.0,0.0,-1.0,98.2,99.0,36.44,37.03,36.675,36.44,0.5900000000000034,0.0049149134228565,-0.0011402451411932,0.0074576271186439,-0.0025943886387254,-1.0,37.03,59.0,36.44,240.0,36.44,80.0,13.0,15.0,14.166666666666666,15.0,2.0,0.0485071250072665,0.0025055867813367,-5.763265006091805e-17,0.0074471770003463,1.0,15.0,139.0,13.0,158.0,0.0,-1.0,15.0,19.0,28.7,36.5,34.46666666666667,36.2,7.800000000000001,0.0778274643664631,-0.0067068463465835,-0.0220338983050848,0.0143401454797367,1.0,36.5,158.0,28.7,175.0,1.0,175.0,36.2,65.0,0.0,0.0,0.0,0.0,0.0,0.0,0.0,0.0,0.0,0.0,0.0,0.0,0.0,0.0,0.0,2.0,1.0,49.0,199.0,1.0,1.0,199.0,1.0,49.0,0.0,-1.0,0.0,-1.0,0.0,-1.0,4.0,0.0,,,1.0,65.0,3.0,158.0,240.0,0.0,0.0,,,,,,,,,,,,,,,,,,,,,,,,,,,,,,,,,,,,,,,,,,,,,,,,,,,,,,,,,,,,,,,,,,,,,,,,,,,,,,,,,,,,,,,,,,,,,,,,,,,,,,,,,,,,,,,,,,,,,,-2.5999999999999943,2.5999999999999943,-0.0293785310734462,-1,-6.599999999999998,6.599999999999998,-0.3402061855670102,-1,-3.5999999999999943,3.5999999999999943,-0.0259927797833934,-1,10.5,10.5,0.1289926289926289,1,-0.2999999999999971,0.2999999999999971,-0.0030456852791877,-1,-0.6900000000000048,0.6900000000000048,-0.0185833557769998,-1,2,2,0.1538461538461538,1,0,0,0.0,0,3,0,0,0,0,151.0,1,0,101,13,0,0,0,0,1,0,1,0,0,0,0,1,0,0,0,0,0,0,0,0,1,0,0,1,0,0,0,0,0,0,0,0,0,0,0.0,0.0,0,1,1,0,0,0,0,0,1,0,3286.005,0,5.0238805208462765,100.43333333333334,0.8811815466312645,0,2,0,0,0,0,0,0,2,0.5860927152317881,0.0132450331125827,0,57.1,12257.25,0.6389891696750902,27.47653429602888,0
E001002,2025-05-20,103.1,25.8,106.7,71.8,96.0,0,37.19,14,19,Male,Asian,Palpitations. Festival attendee from festival medical tent with symptom onset ~113 minutes before arrival.,4,2,Walk-in,0,0,0,0,1,112.0,7.38,140.1,4.04,13.4,15.7,1,1,66.3,18.3,146.6,79.5,94.2,0,36.74,13,36.8,-36.8,-0.45,-1,,,,,0,1,0,0,0,0,0,0,0,0,0,2,1,0,1,8.0,61.3,117.0,88.15,66.3,55.7,0.2004717795239157,-0.1554620306214295,-0.3779158699808789,-0.0155335375790366,-1.0,117.0,0.0,61.3,108.0,0.0,-1.0,74.19999999999999,-1.0,11.9,21.1,16.35,18.3,9.2,0.186519274397271,-0.0132809338142765,0.0141491395793501,-0.0152304282641288,1.0,21.1,43.0,11.9,223.0,0.0,-1.0,15.1,17.0,107.5,146.6,125.85,146.6,39.1,0.0877130074417297,0.0257294318249672,-0.0029636711281062,-0.0044662451383007,1.0,146.6,240.0,107.5,223.0,0.0,-1.0,127.05,-1.0,65.7,81.9,77.125,79.5,16.200000000000003,0.061910782601668,0.0250814411489559,0.37772466539197,0.0190752449862024,-1.0,81.9,43.0,65.7,0.0,78.45,-1.0,94.2,97.9,96.0875,94.2,3.700000000000003,0.0114884801738833,-0.0030451138627983,-0.0191204588910123,-0.0087401951198315,-1.0,97.9,108.0,94.2,240.0,0.0,-1.0,95.1,-1.0,36.74,37.27,36.985,36.74,0.5300000000000011,0.0050002006242819,-0.001419564010642,-0.0060420650095598,-0.0017620537557309,1.0,37.27,0.0,36.74,240.0,36.805,-1.0,13.0,15.0,13.625,13.0,2.0,0.0510804069984405,0.000117213330473,0.0172084130019121,0.0003367881276752,-1.0,15.0,35.0,13.0,0.0,0.0,-1.0,13.5,8.0,29.5,42.9,38.425,36.8,13.4,0.104890855390482,-0.0321805881455302,0.0213193116634803,-0.0112280816113683,-1.0,42.9,43.0,29.5,175.0,1.0,175.0,37.2,48.0,1.0,1.0,1.0,1.0,1.0,1.0,1.0,1.0,1.0,1.0,1.0,1.0,1.0,1.0,1.0,2.0,1.0,147.0,217.0,0.0,1.0,147.0,0.0,-1.0,0.0,-1.0,0.0,-1.0,1.0,217.0,4.0,0.0,27.0,,1.0,48.0,2.0,0.0,223.0,0.0,1.0,120.0,120.0,1.0,3.2,3.2,3.2,120.0,0.0,0.0,120.0,120.0,1.0,142.1,142.1,142.1,120.0,0.0,0.0,120.0,120.0,1.0,4.07,4.07,4.07,120.0,0.0,0.0,120.0,120.0,1.0,20.5,20.5,20.5,120.0,0.0,0.0,120.0,120.0,1.0,22.0,22.0,22.0,120.0,0.0,0.0,120.0,120.0,1.0,7.382,7.382,7.382,120.0,0.0,0.0,120.0,120.0,1.0,0.024,0.024,0.024,120.0,0.0,0.0,120.0,120.0,1.0,3.28,3.28,3.28,120.0,0.0,0.0,120.0,120.0,1.0,26.2,26.2,26.2,120.0,0.0,0.0,120.0,120.0,1.0,20.0,20.0,20.0,120.0,0.0,0.0,120.0,120.0,1.0,6.43,6.43,6.43,120.0,0.0,0.0,120.0,120.0,1.0,122.0,122.0,122.0,120.0,0.0,0.0,120.0,120.0,1.0,275.2,275.2,275.2,120.0,0.0,0.0,-36.8,36.8,-0.3569350145489816,-1,-7.5,7.5,-0.2906976744186046,-1,39.89999999999999,39.89999999999999,0.373945641986879,1,7.700000000000003,7.700000000000003,0.1072423398328691,1,-1.7999999999999972,1.7999999999999972,-0.0187499999999999,-1,-0.4499999999999957,0.4499999999999957,-0.0121000268889485,-1,-1,1,-0.0714285714285714,-1,0,0,0.0,0,2,0,0,0,0,113.0,1,1,106,14,0,1,0,0,0,0,1,0,0,0,0,0,0,1,1,0,0,0,0,0,0,0,1,0,0,0,0,0,0,0,0,0,0,1,0.0,0.0,0,0,1,0,0,0,0,0,0,1,3834.289,0,4.736198448394496,83.43333333333334,1.2357171394326807,0,1,1,1,3,1,0,0,6,0.9123893805309734,0.0530973451327433,1,34.900000000000006,11000.77,0.9662605435801312,18.35895032802249,2
E001232,2025-05-18,109.0,27.4,133.3,85.4,93.1,1,37.23,11,30,Male,Hispanic/Latino,Nausea/vomiting. Community patient from restaurant with symptom onset ~204 minutes before arrival.,4,6,Walk-in,0,0,0,0,0,133.7,7.377,138.3,4.38,14.2,10.2,0,0,115.0,15.5,124.0,67.8,97.1,0,37.59,14,33.3,6.0,0.36,3,2.04,236.7,7.402,0.038,1,1,0,0,0,0,0,0,0,0,0,0,6,1,0,6.0,66.6,115.0,94.43333333333334,115.0,48.400000000000006,0.1567942654362357,-0.0151152073732718,0.0,0.0069031992548791,1.0,115.0,240.0,66.6,197.0,0.0,-1.0,115.0,43.0,14.7,20.0,17.383333333333336,15.5,5.300000000000001,0.1144479149094578,-0.0187685611879161,0.0,-0.0199774730868368,1.0,20.0,113.0,14.7,168.0,0.0,-1.0,15.5,-1.0,124.0,144.2,129.31666666666666,124.0,20.19999999999999,0.0536301804621721,-0.0246441372247824,0.0,-0.0965332380271621,-1.0,144.2,68.0,124.0,240.0,0.0,-1.0,124.0,45.0,67.3,89.8,75.55,67.8,22.5,0.100196445769221,0.0037813620071681,0.0,0.0365152598176188,-1.0,89.8,197.0,67.3,68.0,67.8,45.0,95.0,98.5,96.58333333333331,97.1,3.5,0.0118265164387785,0.010975422427035,0.0,0.0097363917950053,-1.0,98.5,197.0,95.0,0.0,0.0,-1.0,97.1,-1.0,36.88,37.59,37.12333333333333,37.59,0.7100000000000009,0.006430550155264,0.0018302611367126,0.0,0.0017998787012368,1.0,37.59,240.0,36.88,0.0,37.59,-1.0,13.0,15.0,14.333333333333334,14.0,2.0,0.0520015808720881,0.0037890424987198,0.0,0.0051768579288236,0.0,15.0,113.0,13.0,68.0,0.0,-1.0,14.0,45.0,33.3,42.2,38.7,33.3,8.900000000000006,0.0745632148417886,-0.0190271377368151,0.0,-0.0206662767777848,-1.0,42.2,197.0,33.3,240.0,0.0,-1.0,33.3,-1.0,2.0,1.0,1.0,1.0,1.0,1.0,1.0,1.0,1.0,1.0,1.0,1.0,1.0,1.0,1.0,2.0,1.0,85.0,218.0,0.0,1.0,218.0,1.0,85.0,0.0,-1.0,0.0,-1.0,0.0,-1.0,4.0,0.0,-35.0,,0.0,0.0,4.0,68.0,197.0,1.0,0.0,120.0,240.0,2.0,5.59,7.17,7.17,240.0,1.58,0.2826475849731664,120.0,240.0,2.0,135.4,140.1,140.1,240.0,4.699999999999989,0.0347119645494829,120.0,240.0,2.0,3.91,3.53,3.91,120.0,-0.3800000000000003,-0.0971867007672635,120.0,240.0,2.0,22.4,21.1,22.4,120.0,-1.2999999999999972,-0.0580357142857141,120.0,240.0,2.0,47.2,24.0,47.2,120.0,-23.200000000000003,-0.4915254237288136,120.0,240.0,2.0,7.371,7.402,7.402,240.0,0.0309999999999996,0.0042056708723374,120.0,240.0,2.0,0.04,0.038,0.04,120.0,-0.002,-0.05,120.0,240.0,2.0,2.62,2.04,2.62,120.0,-0.5800000000000001,-0.2213740458015267,120.0,240.0,2.0,398.9,236.7,398.9,120.0,-162.2,-0.4066182000501379,120.0,240.0,2.0,20.8,8.4,20.8,120.0,-12.4,-0.5961538461538461,120.0,240.0,2.0,1.56,0.1,1.56,120.0,-1.46,-0.9358974358974358,120.0,240.0,2.0,107.8,105.9,107.8,120.0,-1.899999999999992,-0.0176252319109461,120.0,240.0,2.0,296.4,283.2,296.4,120.0,-13.199999999999989,-0.0445344129554655,6.0,6.0,0.055045871559633,1,-11.9,11.9,-0.4343065693430656,-1,-9.300000000000011,9.300000000000011,-0.0697674418604652,-1,-17.60000000000001,17.60000000000001,-0.2060889929742389,-1,4.0,4.0,0.0429645542427497,1,0.3600000000000065,0.3600000000000065,0.0096696212731669,1,3,3,0.2727272727272727,1,-1,1,-1.0,-1,2,0,0,0,1,204.0,1,0,98,12,0,0,0,0,1,0,0,1,0,0,0,0,0,1,1,0,0,0,0,0,0,0,1,0,0,0,0,0,0,0,0,0,0,0,0.0,0.0,0,1,1,0,0,0,0,0,1,0,4058.07,0,5.3230099791384085,101.36666666666667,1.07530417625781,0,3,1,1,3,0,1,0,8,0.5343137254901961,0.0392156862745098,0,47.900000000000006,14529.7,0.8177044261065266,24.5311327831958,2
E000673,2025-05-19,131.2,36.4,96.9,57.9,93.0,0,38.75,12,54,Male,Hispanic/Latino,Anxiety/panic. Festival attendee from main stage with symptom onset ~191 minutes before arrival.,1,7,Festival Medical Tent Transfer,0,0,1,0,0,121.8,7.322,136.1,5.15,13.2,18.2,1,1,128.3,18.4,121.3,84.1,93.0,0,37.7,13,39.8,-2.9,-1.05,1,2.83,835.9,7.302,0.127,1,1,1,0,0,0,1,0,0,1,0,1,0,0,1,8.0,113.8,169.2,139.0,128.3,55.39999999999999,0.1192965423962072,-0.0282013685239493,0.2652173913043477,-0.1626707923373776,1.0,169.2,173.0,113.8,222.0,5.0,0.0,121.05,49.0,18.4,27.0,24.012500000000003,18.4,8.600000000000001,0.0994791517692143,-0.0203919843597263,0.1086956521739128,-0.0368320411639954,-1.0,27.0,23.0,18.4,240.0,6.0,0.0,20.65,-1.0,100.6,131.5,120.225,121.3,30.90000000000001,0.0844012168478014,0.0215425219941348,1.07391304347826,0.0335465702464973,-1.0,131.5,23.0,100.6,136.0,0.0,-1.0,124.4,113.0,61.9,84.1,72.4625,84.1,22.2,0.0904256480716056,0.0405992179863146,-0.4869565217391302,0.0456941209192365,1.0,84.1,240.0,61.9,23.0,78.4,90.0,91.9,93.7,92.8875,93.0,1.7999999999999972,0.006310522991626,-0.0007028347996088,0.0130434782608687,0.0072940931057262,-1.0,93.7,173.0,91.9,121.0,0.0,-1.0,92.95,15.0,37.62,38.35,37.78125,37.7,0.730000000000004,0.0057965222777406,-0.0012419354838709,0.0278260869565216,0.0004676146438132,-1.0,38.35,23.0,37.62,121.0,37.715,90.0,11.0,13.0,12.125,13.0,2.0,0.064381422663901,0.0029032258064516,-0.0869565217391303,0.0092132253242012,1.0,13.0,0.0,11.0,23.0,5.0,23.0,12.5,98.0,38.5,47.6,42.45,39.8,9.1,0.0758140638009615,0.0047585532746823,0.2434782608695647,-0.0103327191183116,-1.0,47.6,113.0,38.5,121.0,0.0,-1.0,41.85,8.0,3.0,1.0,1.0,1.0,1.0,1.0,1.0,1.0,1.0,1.0,1.0,1.0,1.0,1.0,1.0,3.0,1.0,120.0,224.0,0.0,1.0,224.0,1.0,185.0,0.0,-1.0,1.0,120.0,0.0,-1.0,5.0,0.0,120.0,224.0,16.0,222.0,4.0,23.0,240.0,1.0,0.0,0.0,240.0,3.0,11.4,10.49,13.2,120.0,-0.91,-0.0798245614035087,0.0,240.0,3.0,140.1,140.0,140.1,0.0,-0.0999999999999943,-0.0007137758743754,0.0,240.0,3.0,4.54,4.47,4.54,0.0,-0.0700000000000002,-0.0154185022026432,0.0,240.0,3.0,16.3,21.4,21.4,240.0,5.099999999999998,0.3128834355828219,0.0,240.0,3.0,36.4,57.5,57.5,240.0,21.1,0.5796703296703297,0.0,240.0,3.0,7.292,7.302,7.302,240.0,0.0099999999999997,0.0013713658804168,0.0,240.0,3.0,0.168,0.127,0.168,0.0,-0.041,-0.2440476190476191,0.0,240.0,3.0,3.73,2.83,4.54,120.0,-0.8999999999999999,-0.2412868632707774,0.0,240.0,3.0,845.3,835.9,954.6,120.0,-9.399999999999975,-0.0111203123151543,0.0,240.0,3.0,21.6,24.5,28.1,120.0,2.8999999999999986,0.1342592592592592,0.0,240.0,3.0,4.71,8.54,8.54,240.0,3.829999999999999,0.8131634819532907,0.0,240.0,3.0,136.5,132.4,146.6,120.0,-4.099999999999994,-0.0300366300366299,0.0,240.0,3.0,309.0,300.0,309.0,0.0,-9.0,-0.029126213592233,-2.8999999999999773,2.8999999999999773,-0.0221036585365851,-1,-18.0,18.0,-0.4945054945054945,-1,24.39999999999999,24.39999999999999,0.2518059855521155,1,26.2,26.2,0.4525043177892918,1,0.0,0.0,0.0,0,-1.0499999999999972,1.0499999999999972,-0.0270967741935483,-1,1,1,0.0833333333333333,1,0,0,0.0,0,1,0,0,0,0,191.0,1,1,96,13,1,0,0,0,0,0,0,1,0,0,0,0,0,0,1,0,1,0,1,0,1,0,0,0,0,0,0,1,1,0,1,0,0,0,0.0,0.0,0,0,0,1,1,0,1,1,1,1,5084.0,1,5.2574953720277815,70.9,1.85049365303244,0,2,1,3,3,2,2,2,14,0.6869109947643979,0.0732984293193717,3,39.00000000000001,12713.28,1.353973168214654,73.11455108359132,3
E000782,2025-05-19,115.9,32.9,132.5,83.5,93.5,0,37.46,12,21,Male,Hispanic/Latino,Anxiety/panic. Festival attendee from campground with symptom onset ~103 minutes before arrival.,2,6,Festival Medical Tent Transfer,0,0,0,0,0,117.3,7.356,134.9,4.36,15.8,9.6,1,1,96.1,14.9,133.3,77.4,95.8,0,36.72,14,34.8,-19.8,-0.74,2,,,,,1,1,0,1,1,0,0,0,0,0,0,1,0,0,1,7.0,78.7,105.8,94.61428571428571,96.1,27.099999999999994,0.1009860066856599,-0.0322387466651531,0.0,-0.0117389077826068,1.0,105.8,138.0,78.7,202.0,0.0,-1.0,96.1,38.0,14.9,28.8,19.2,14.9,13.9,0.2455582601481451,-0.0521059204177783,0.0,-0.0219887863229906,1.0,28.8,0.0,14.9,240.0,1.0,0.0,14.9,-1.0,124.5,139.9,129.8,133.3,15.400000000000006,0.0397684798977547,-0.0050292331270933,0.0,0.0090365954541277,1.0,139.9,138.0,124.5,156.0,0.0,-1.0,133.3,18.0,68.8,88.5,78.87142857142858,77.4,19.700000000000003,0.0783183575714642,-0.0164017710166318,0.0,0.0046627361897132,1.0,88.5,156.0,68.8,101.0,77.4,35.0,95.2,97.2,96.14285714285712,95.8,2.0,0.0071384321839312,-0.0034937844127833,0.0,-0.005135443885657,1.0,97.2,156.0,95.2,136.0,0.0,-1.0,95.8,2.0,36.66,37.56,36.90714285714286,36.72,0.9000000000000057,0.0077786987847148,-0.0035173412045184,0.0,-0.0014227188570978,1.0,37.56,0.0,36.66,202.0,36.72,-1.0,13.0,15.0,14.571428571428571,14.0,2.0,0.0499903873881645,-0.0038315263665777,0.0,-0.0051603923473876,-1.0,15.0,0.0,13.0,156.0,0.0,-1.0,14.0,46.0,33.3,45.4,37.57142857142857,34.8,12.1,0.1249186871384399,-0.0425299426690129,0.0,-0.0320929133237916,1.0,45.4,138.0,33.3,202.0,0.0,-1.0,34.8,-1.0,2.0,1.0,1.0,1.0,1.0,1.0,1.0,1.0,1.0,1.0,1.0,1.0,1.0,1.0,1.0,5.0,1.0,30.0,175.0,3.0,1.0,38.0,1.0,131.0,1.0,30.0,0.0,-1.0,1.0,50.0,7.0,0.0,30.0,,1.0,101.0,3.0,156.0,202.0,1.0,0.0,0.0,120.0,2.0,9.36,9.07,9.36,0.0,-0.2899999999999991,-0.0309829059829058,0.0,120.0,2.0,139.6,139.0,139.6,0.0,-0.5999999999999943,-0.0042979942693409,0.0,120.0,2.0,4.22,4.68,4.68,120.0,0.4599999999999999,0.1090047393364928,0.0,120.0,2.0,21.0,27.8,27.8,120.0,6.800000000000001,0.3238095238095238,0.0,120.0,2.0,40.2,21.1,40.2,0.0,-19.1,-0.4751243781094527,0.0,120.0,2.0,7.328,7.378,7.378,120.0,0.0499999999999998,0.0068231441048034,0.0,120.0,2.0,0.069,0.0,0.069,0.0,-0.069,-1.0,0.0,120.0,2.0,2.39,1.88,2.39,0.0,-0.5100000000000002,-0.2133891213389122,0.0,120.0,2.0,485.4,443.4,485.4,0.0,-42.0,-0.0865265760197775,0.0,120.0,2.0,24.3,15.1,24.3,0.0,-9.2,-0.3786008230452675,0.0,120.0,2.0,0.1,6.01,6.01,120.0,5.91,59.1,0.0,120.0,2.0,127.8,99.9,127.8,0.0,-27.89999999999999,-0.2183098591549295,0.0,120.0,2.0,297.9,282.9,297.9,0.0,-15.0,-0.0503524672708962,-19.80000000000001,19.80000000000001,-0.1708369283865402,-1,-18.0,18.0,-0.5471124620060791,-1,0.8000000000000114,0.8000000000000114,0.0060377358490566,1,-6.099999999999994,6.099999999999994,-0.0730538922155688,-1,2.299999999999997,2.299999999999997,0.0245989304812833,1,-0.740000000000002,0.740000000000002,-0.0197544046983449,-1,2,2,0.1666666666666666,1,0,0,0.0,0,1,0,0,0,0,103.0,1,1,96,12,0,0,1,0,0,0,1,0,0,0,1,0,0,1,0,0,0,0,0,0,1,0,0,0,0,0,0,0,0,0,0,0,0,0,0.0,0.0,0,1,1,0,0,0,0,0,1,0,4341.6140000000005,0,4.6443908991413725,99.83333333333331,1.1609348914858098,1,2,1,2,3,0,1,0,8,1.125242718446602,0.0776699029126213,1,49.0,15356.75,0.8747169811320755,18.369056603773583,2
E000946,2025-05-21,79.3,21.0,114.3,73.9,99.5,0,36.83,15,63,Female,White,Back Pain Around 1:40pm patient report moving a cart and twisting is back.,4,3,Walk-in,0,1,1,0,0,108.5,7.438,142.6,4.09,13.5,11.6,0,0,71.3,14.3,126.1,68.8,97.5,0,36.86,15,38.2,-8.0,0.03,0,,,,,1,1,0,0,0,0,0,0,0,0,0,3,2,0,1,8.0,66.6,91.5,80.025,71.3,24.90000000000001,0.116966636317536,-0.0278109963204074,0.0074363992172215,-0.0078436827386269,1.0,91.5,52.0,66.6,136.0,0.0,-1.0,79.94999999999999,93.0,11.5,18.4,14.1875,14.3,6.899999999999999,0.1374195164569792,-0.0107672303990942,0.0293052837573385,-0.0052842731013075,-1.0,18.4,30.0,11.5,229.0,0.0,-1.0,12.9,22.0,110.9,143.1,128.58749999999998,126.1,32.19999999999999,0.087015503295219,0.0084568709312199,0.638649706457926,0.0344341625547243,-1.0,143.1,30.0,110.9,0.0,0.0,-1.0,131.7,49.0,64.3,77.2,70.9875,68.8,12.900000000000006,0.0556722896070974,0.0119312553071044,0.2393835616438359,-0.0058208998931138,-1.0,77.2,52.0,64.3,0.0,71.3,27.0,95.2,98.0,96.7625,97.5,2.799999999999997,0.0094709199706854,-0.00097385366544,-0.0290606653620351,-0.0027402374921299,1.0,98.0,136.0,95.2,229.0,0.0,-1.0,96.35,11.0,36.39,36.94,36.69125,36.86,0.5499999999999972,0.0045205386582002,-0.0005562729974525,0.0002592954990218,-0.000957655533918,1.0,36.94,79.0,36.39,229.0,36.625,11.0,14.0,15.0,14.625,15.0,1.0,0.0331024217624565,0.0005926266628927,3.854932027820949e-17,0.0062447838118804,0.0,15.0,0.0,14.0,62.0,0.0,-1.0,15.0,167.0,29.3,39.5,35.25,38.2,10.2,0.0945047103836307,0.0195708321539767,0.0236301369863017,0.0373098379138176,-1.0,39.5,136.0,29.3,62.0,1.0,62.0,37.5,-1.0,1.0,1.0,1.0,1.0,1.0,1.0,1.0,1.0,1.0,1.0,1.0,1.0,1.0,1.0,1.0,2.0,1.0,188.0,202.0,0.0,1.0,202.0,1.0,188.0,0.0,-1.0,0.0,-1.0,0.0,-1.0,4.0,0.0,68.0,,1.0,17.0,4.0,62.0,229.0,1.0,0.0,120.0,120.0,1.0,7.15,7.15,7.15,120.0,0.0,0.0,120.0,120.0,1.0,135.5,135.5,135.5,120.0,0.0,0.0,120.0,120.0,1.0,4.32,4.32,4.32,120.0,0.0,0.0,120.0,120.0,1.0,26.4,26.4,26.4,120.0,0.0,0.0,120.0,120.0,1.0,33.0,33.0,33.0,120.0,0.0,0.0,120.0,120.0,1.0,7.403,7.403,7.403,120.0,0.0,0.0,120.0,120.0,1.0,0.0,0.0,0.0,120.0,0.0,0.0,120.0,120.0,1.0,2.1,2.1,2.1,120.0,0.0,0.0,120.0,120.0,1.0,264.1,264.1,264.1,120.0,0.0,0.0,120.0,120.0,1.0,12.1,12.1,12.1,120.0,0.0,0.0,120.0,120.0,1.0,1.24,1.24,1.24,120.0,0.0,0.0,120.0,120.0,1.0,77.4,77.4,77.4,120.0,0.0,0.0,120.0,120.0,1.0,296.5,296.5,296.5,120.0,0.0,0.0,-8.0,8.0,-0.1008827238335435,-1,-6.699999999999999,6.699999999999999,-0.319047619047619,-1,11.799999999999995,11.799999999999995,0.1032370953630796,1,-5.1000000000000085,5.1000000000000085,-0.0690121786197565,-1,-2.0,2.0,-0.0201005025125628,-1,0.0300000000000011,0.0300000000000011,0.0008145533532446,1,0,0,0.0,0,0,0,0.0,0,1,0,0,0,0,,0,0,74,13,0,0,0,0,1,0,0,0,1,1,0,0,0,0,0,0,0,0,0,0,0,0,0,0,0,0,0,0,0,0,0,0,0,0,0.0,0.0,0,1,1,0,0,0,0,0,0,0,2920.619,0,,87.36666666666667,0.907668828691339,0,0,0,0,2,0,0,0,2,,,0,40.39999999999999,9063.99,0.6937882764654418,43.70866141732284,0
E001413,2025-05-22,110.1,22.7,111.1,63.5,92.4,0,38.1,12,31,Female,Black,General weakness. Festival attendee from main stage with symptom onset ~66 minutes before arrival.,3,3,Police,1,0,0,0,0,126.4,7.348,137.3,4.6,12.9,11.8,1,1,105.5,22.3,119.0,87.4,94.6,0,37.11,12,35.7,-4.6,-0.99,0,4.25,490.7,7.345,0.081,0,0,1,0,0,0,1,1,0,0,0,4,3,0,0,8.0,89.3,114.2,104.8875,105.5,24.90000000000001,0.0749807806789985,0.0029393257438991,-0.0029818956336529,0.0454602921116546,1.0,114.2,57.0,89.3,142.0,0.0,-1.0,105.5,59.0,12.7,24.1,20.1125,22.3,11.400000000000002,0.1657529252140306,0.0083112822076954,-0.1423322683706071,-0.0017849419436403,1.0,24.1,142.0,12.7,57.0,1.0,142.0,22.3,46.0,111.2,133.9,120.675,119.0,22.700000000000003,0.0542807869148698,-0.0373871683057315,-0.3000532481363159,0.0152576770802144,1.0,133.9,0.0,111.2,138.0,0.0,-1.0,119.0,63.0,72.1,87.4,80.35000000000001,87.4,15.300000000000011,0.0553861965153867,0.0309303788946684,0.1671991480298189,0.020199953421832,1.0,87.4,240.0,72.1,0.0,87.4,-1.0,94.1,96.8,95.4875,94.6,2.700000000000003,0.0101594435501315,-0.0007053612400288,-0.0074014909478174,0.0042901819875569,-1.0,96.8,138.0,94.1,103.0,0.0,-1.0,94.6,35.0,37.11,37.65,37.43125,37.11,0.5399999999999991,0.0049196654178711,-0.0005550838492335,0.0003088391906278,-0.0033765844894699,-1.0,37.65,103.0,37.11,240.0,37.11,-1.0,11.0,13.0,12.0,12.0,2.0,0.0589255650988789,0.0028357335399681,-0.0069222577209798,0.0010147386632066,1.0,13.0,138.0,11.0,48.0,6.0,0.0,12.0,9.0,34.5,42.3,38.0875,35.7,7.799999999999997,0.0771683222480585,-0.0124263932052307,-0.0920660276890315,-0.0462670925242039,1.0,42.3,142.0,34.5,48.0,0.0,-1.0,35.7,55.0,3.0,1.0,1.0,1.0,1.0,1.0,1.0,1.0,1.0,1.0,1.0,1.0,1.0,1.0,1.0,1.0,1.0,19.0,19.0,1.0,0.0,-1.0,0.0,-1.0,0.0,-1.0,1.0,19.0,0.0,-1.0,5.0,0.0,19.0,,7.0,138.0,4.0,48.0,-1.0,1.0,0.0,0.0,240.0,3.0,4.54,5.92,9.57,120.0,1.38,0.3039647577092511,0.0,240.0,3.0,136.9,136.8,138.2,120.0,-0.0999999999999943,-0.0007304601899196,0.0,240.0,3.0,4.76,4.63,4.76,0.0,-0.1299999999999999,-0.0273109243697478,0.0,240.0,3.0,19.2,24.4,24.4,240.0,5.199999999999999,0.2708333333333333,0.0,240.0,3.0,46.2,26.0,46.2,0.0,-20.200000000000003,-0.4372294372294372,0.0,240.0,3.0,7.344,7.345,7.345,240.0,0.0009999999999994,0.0001361655773419,0.0,240.0,3.0,0.074,0.081,0.098,120.0,0.007,0.0945945945945946,0.0,240.0,3.0,1.63,4.25,4.25,240.0,2.62,1.6073619631901843,0.0,240.0,3.0,490.4,490.7,619.4,120.0,0.3000000000000113,0.0006117455138662,0.0,240.0,3.0,14.2,17.4,20.7,120.0,3.2,0.2253521126760563,0.0,240.0,3.0,5.44,2.83,5.44,0.0,-2.6100000000000003,-0.4797794117647059,0.0,240.0,3.0,132.3,94.2,132.3,0.0,-38.10000000000001,-0.2879818594104308,0.0,240.0,3.0,291.6,295.0,295.0,240.0,3.3999999999999773,0.0116598079561041,-4.599999999999994,4.599999999999994,-0.0417801998183469,-1,-0.3999999999999986,0.3999999999999986,-0.0176211453744492,-1,7.900000000000006,7.900000000000006,0.0711071107110711,1,23.90000000000001,23.90000000000001,0.3763779527559056,1,2.1999999999999886,2.1999999999999886,0.0238095238095236,1,-0.990000000000002,0.990000000000002,-0.0259842519685039,-1,0,0,0.0,0,0,0,0.0,0,1,0,0,0,0,66.0,1,1,98,14,1,0,0,0,0,0,1,0,0,0,0,0,0,1,1,0,0,1,0,1,0,0,0,0,1,0,0,0,0,0,0,0,0,0,0.0,0.0,0,1,0,0,1,0,1,1,2,0,4194.81,0,4.204692619390966,79.36666666666666,1.387232255354893,0,2,1,1,2,0,2,2,9,1.668181818181818,0.1363636363636363,1,47.6,12232.11,0.990999099909991,30.72097209720972,3
E000065,2025-05-22,82.1,20.5,117.5,79.8,96.5,0,37.24,15,21,Non-binary,Black,Fever-9 Weeks To 74 Years fever this am to 100.8 axillary; had appendectomy 3/12; continues with intermittent abd pain RLQ; no emesis; no URI symptoms,4,5,Walk-in,0,0,0,0,0,117.1,7.4,145.1,3.99,12.7,10.3,0,0,93.8,15.1,124.6,66.9,97.3,0,36.97,15,41.3,11.7,-0.27,0,1.42,360.8,7.342,0.063,0,0,0,0,0,0,0,0,0,0,0,4,3,0,0,9.0,71.0,96.6,83.1888888888889,93.8,25.599999999999994,0.1032508956398292,0.0356243117571724,0.2020241973010703,0.0203077558607868,1.0,96.6,126.0,71.0,221.0,0.0,-1.0,85.06666666666666,95.0,12.9,21.0,17.166666666666664,15.1,8.1,0.1461350502697225,-0.0065921149378467,-0.1557235923685435,-0.0008406485593307,1.0,21.0,0.0,12.9,53.0,0.0,-1.0,17.2,25.0,105.0,140.5,121.22222222222224,124.6,35.5,0.0978514971941967,-0.0008764632171962,-0.5677757096323858,0.0504347826086956,1.0,140.5,126.0,105.0,102.0,0.0,-1.0,121.9,24.0,63.2,87.2,73.5,66.9,24.0,0.1023316590815787,-0.0561927183477337,0.150837598883202,-0.0203862439326655,-1.0,87.2,53.0,63.2,78.0,67.3,24.0,95.4,98.6,97.07777777777775,97.3,3.1999999999999886,0.0079610544865647,-0.0028423781529719,0.0012098650535138,-0.0078219560053703,1.0,98.6,102.0,95.4,221.0,0.0,-1.0,96.56666666666666,19.0,36.95,37.36,37.14777777777778,36.97,0.4099999999999966,0.0044537628320364,0.000356539989713,0.0063355048859935,0.0001516059072601,-1.0,37.36,53.0,36.95,20.0,37.18666666666667,25.0,14.0,15.0,14.555555555555555,15.0,1.0,0.0341384424045769,0.0010476824986968,0.0169846440204745,0.0036972012805948,0.0,15.0,20.0,14.0,0.0,0.0,-1.0,14.666666666666666,58.0,31.4,41.3,36.96666666666667,41.3,9.9,0.0703798604187118,-0.0046612378187491,0.0119590507212656,-0.0044800165238046,1.0,41.3,240.0,31.4,214.0,0.0,-1.0,36.3,7.0,2.0,1.0,1.0,1.0,1.0,1.0,1.0,1.0,1.0,1.0,1.0,1.0,1.0,1.0,1.0,0.0,0.0,-1.0,-1.0,0.0,0.0,-1.0,0.0,-1.0,0.0,-1.0,0.0,-1.0,0.0,-1.0,0.0,0.0,,,0.0,0.0,5.0,0.0,214.0,1.0,0.0,120.0,240.0,2.0,5.93,5.07,5.93,120.0,-0.8599999999999994,-0.145025295109612,120.0,240.0,2.0,143.8,140.7,143.8,120.0,-3.1000000000000227,-0.0215577190542421,120.0,240.0,2.0,4.06,4.52,4.52,240.0,0.4599999999999999,0.1133004926108374,120.0,240.0,2.0,22.3,23.0,23.0,240.0,0.6999999999999993,0.0313901345291479,120.0,240.0,2.0,42.0,12.8,42.0,120.0,-29.2,-0.6952380952380952,120.0,240.0,2.0,7.351,7.342,7.351,120.0,-0.0090000000000003,-0.0012243232213304,120.0,240.0,2.0,0.016,0.063,0.063,240.0,0.047,2.9375,120.0,240.0,2.0,1.47,1.42,1.47,120.0,-0.05,-0.0340136054421769,120.0,240.0,2.0,141.9,360.8,360.8,240.0,218.9,1.5426356589147288,120.0,240.0,2.0,12.7,7.0,12.7,120.0,-5.699999999999999,-0.4488188976377952,120.0,240.0,2.0,3.08,2.63,3.08,120.0,-0.4500000000000002,-0.1461038961038961,120.0,240.0,2.0,114.7,97.0,114.7,120.0,-17.700000000000003,-0.1543156059285091,120.0,240.0,2.0,292.0,284.0,292.0,120.0,-8.0,-0.0273972602739726,11.700000000000005,11.700000000000005,0.1425091352009744,1,-5.4,5.4,-0.2634146341463415,-1,7.099999999999994,7.099999999999994,0.0604255319148935,1,-12.899999999999991,12.899999999999991,-0.1616541353383457,-1,0.7999999999999972,0.7999999999999972,0.0082901554404144,1,-0.2700000000000031,0.2700000000000031,-0.0072502685284641,-1,0,0,0.0,0,0,0,0.0,0,1,0,0,0,0,,0,0,150,25,0,0,0,0,1,0,0,0,1,0,0,0,0,1,0,0,0,0,0,0,0,1,0,0,0,0,0,0,0,0,0,0,0,0,0.0,0.0,0,1,1,0,0,0,0,0,0,0,3057.404,0,,92.36666666666666,0.8888487910501622,1,0,0,0,1,0,0,0,1,,,1,37.7,9646.75,0.6987234042553191,14.6731914893617,0
E001179,2025-05-21,103.1,23.1,107.7,61.3,93.6,1,38.15,10,51,Female,White,Palpitations. Festival attendee from main stage with symptom onset ~71 minutes before arrival.,2,8,Police,1,0,1,1,0,128.4,7.395,135.5,4.32,13.4,12.7,1,1,116.6,16.8,119.2,79.5,95.8,0,37.49,12,38.1,13.5,-0.66,2,3.04,429.4,7.331,0.033,1,1,0,0,0,0,0,0,0,0,0,3,2,0,1,6.0,79.7,122.0,106.25,116.6,42.3,0.1258736298975108,0.0271389948731594,0.0,0.0792215273206055,-1.0,122.0,140.0,79.7,162.0,0.0,-1.0,112.9,53.0,14.0,22.4,18.683333333333334,16.8,8.399999999999999,0.1467893880268242,-0.015898907636094,0.0,-0.0309907834101382,-1.0,22.4,140.0,14.0,162.0,0.0,-1.0,17.5,53.0,100.5,133.3,120.85000000000002,119.2,32.80000000000001,0.097146948170381,0.0643915024636394,0.0,0.0856347377660738,-1.0,133.3,156.0,100.5,140.0,0.0,-1.0,125.35,84.0,66.4,86.7,76.73333333333333,79.5,20.3,0.0885951656399546,-0.0251115408555502,0.0,0.1287963572525782,1.0,86.7,0.0,66.4,140.0,80.5,75.0,93.4,95.9,94.86666666666666,95.8,2.5,0.0105352525302634,-0.0013988339882446,0.0,0.0016183892912002,1.0,95.9,162.0,93.4,156.0,0.0,-1.0,94.7,6.0,37.15,37.79,37.44833333333333,37.49,0.6400000000000006,0.0062176001131013,-0.0019482469436142,0.0,-0.0008160522273425,1.0,37.79,0.0,37.15,162.0,37.36,78.0,11.0,14.0,12.333333333333334,12.0,3.0,0.0764439763444916,0.0008457623977839,0.0,-0.0042791310072416,1.0,14.0,156.0,11.0,140.0,4.0,0.0,12.0,6.0,32.7,40.4,37.83333333333333,38.1,7.699999999999996,0.0679500246155377,0.0223442823135878,0.0,-0.0210637480798771,-1.0,40.4,140.0,32.7,0.0,0.0,-1.0,37.85,-1.0,2.0,1.0,1.0,1.0,1.0,1.0,1.0,1.0,1.0,1.0,1.0,1.0,1.0,1.0,1.0,2.0,1.0,22.0,68.0,1.0,1.0,22.0,1.0,68.0,0.0,-1.0,0.0,-1.0,0.0,-1.0,4.0,0.0,-98.0,,4.0,156.0,2.0,140.0,-1.0,1.0,0.0,120.0,240.0,2.0,12.69,7.12,12.69,120.0,-5.569999999999999,-0.4389282899921197,120.0,240.0,2.0,135.7,140.6,140.6,240.0,4.900000000000006,0.0361090641120118,120.0,240.0,2.0,4.61,4.22,4.61,120.0,-0.3900000000000005,-0.0845986984815619,120.0,240.0,2.0,18.2,21.3,21.3,240.0,3.1000000000000014,0.1703296703296704,120.0,240.0,2.0,70.0,56.9,70.0,120.0,-13.1,-0.1871428571428571,120.0,240.0,2.0,7.286,7.331,7.331,240.0,0.0450000000000008,0.0061762283832007,120.0,240.0,2.0,0.033,0.033,0.033,120.0,0.0,0.0,120.0,240.0,2.0,4.39,3.04,4.39,120.0,-1.3499999999999996,-0.30751708428246,120.0,240.0,2.0,694.2,429.4,694.2,120.0,-264.80000000000007,-0.3814462690867186,120.0,240.0,2.0,39.9,16.8,39.9,120.0,-23.1,-0.5789473684210525,120.0,240.0,2.0,5.83,3.92,5.83,120.0,-1.91,-0.3276157804459691,120.0,240.0,2.0,97.8,101.4,101.4,240.0,3.6000000000000085,0.0368098159509203,120.0,240.0,2.0,289.7,287.2,289.7,120.0,-2.5,-0.008629616845012,13.5,13.5,0.1309408341416101,1,-6.300000000000001,6.300000000000001,-0.2727272727272727,-1,11.5,11.5,0.10677808727948,1,18.200000000000003,18.200000000000003,0.2969004893964111,1,2.200000000000003,2.200000000000003,0.0235042735042735,1,-0.6599999999999966,0.6599999999999966,-0.0173001310615988,-1,2,2,0.2,1,-1,1,-1.0,-1,2,0,0,0,1,71.0,1,1,94,13,1,0,0,0,0,0,1,0,0,0,0,0,1,1,0,1,0,0,0,1,0,0,0,0,0,0,0,0,0,0,0,0,0,1,0.0,0.0,0,0,1,0,1,0,0,0,1,1,3933.265,0,4.276666119016055,76.76666666666667,1.3430308293530178,0,3,1,1,2,1,1,2,10,1.452112676056338,0.1408450704225352,1,46.400000000000006,11103.87,0.957288765088208,48.8217270194986,3
E002141,2025-05-18,131.4,34.7,106.7,74.3,92.8,1,38.63,11,72,Female,White,Chest pain. Festival attendee from main stage with symptom onset ~142 minutes before arrival.,2,8,EMS,0,1,1,1,1,146.9,7.297,137.1,5.19,11.7,15.4,1,1,111.6,24.0,115.4,82.4,91.8,1,37.38,14,41.6,-19.8,-1.25,3,2.04,759.0,7.322,0.049,1,1,1,0,0,1,1,0,0,0,0,0,6,1,0,8.0,97.8,126.4,115.8375,111.6,28.60000000000001,0.0833398263570804,-0.0650526630243254,-0.2804897314375995,-0.0601886751345343,1.0,126.4,0.0,97.8,157.0,0.0,-1.0,111.6,52.0,18.1,25.8,23.725,24.0,7.699999999999999,0.1053898829032336,-0.0222008546509864,-0.0045023696682465,-0.0114664807512145,1.0,25.8,0.0,18.1,209.0,4.0,0.0,24.0,31.0,115.4,142.1,126.4,115.4,26.69999999999999,0.0664203680961582,-0.0119324400962475,0.1678515007898892,-0.1069456850911782,-1.0,142.1,157.0,115.4,240.0,0.0,-1.0,115.4,52.0,60.7,82.4,73.1125,82.4,21.700000000000003,0.091801332460228,0.0170419087049771,-0.260268562401264,0.1034706638488856,1.0,82.4,240.0,60.7,60.0,82.4,149.0,91.8,95.6,93.3875,91.8,3.799999999999997,0.013904395416823,-0.0018383631403172,-0.0438388625592428,0.0054685287261159,-1.0,95.6,209.0,91.8,60.0,0.0,-1.0,91.8,97.0,37.38,38.07,37.73125,37.38,0.6899999999999977,0.0069345810396918,-0.0019266988580537,0.0096682464454974,-0.0037371184557396,-1.0,38.07,36.0,37.38,240.0,37.38,121.0,10.0,14.0,12.375,14.0,4.0,0.1064207449783104,0.0100798405522791,-0.0071090047393366,0.0173424257609098,0.0,14.0,157.0,10.0,42.0,4.0,0.0,14.0,18.0,38.9,48.4,43.6,41.6,9.5,0.0672217930722607,0.0087080113611168,-0.0921011058451819,-0.0009368395825615,-1.0,48.4,209.0,38.9,60.0,0.0,-1.0,41.6,39.0,3.0,1.0,1.0,1.0,1.0,1.0,1.0,1.0,1.0,1.0,1.0,1.0,1.0,1.0,1.0,5.0,1.0,14.0,227.0,1.0,1.0,119.0,1.0,14.0,0.0,-1.0,1.0,227.0,1.0,105.0,5.0,0.0,14.0,,8.0,115.0,6.0,42.0,209.0,1.0,0.0,0.0,240.0,3.0,9.42,7.0,11.37,120.0,-2.42,-0.256900212314225,0.0,240.0,3.0,141.4,137.8,141.4,0.0,-3.5999999999999943,-0.0254596888260254,0.0,240.0,3.0,4.37,4.34,4.37,0.0,-0.0300000000000002,-0.0068649885583524,0.0,240.0,3.0,20.2,21.6,21.6,240.0,1.400000000000002,0.0693069306930694,0.0,240.0,3.0,73.5,46.0,73.5,0.0,-27.5,-0.3741496598639456,0.0,240.0,3.0,7.338,7.322,7.338,0.0,-0.016,-0.0021804306350504,0.0,240.0,3.0,0.106,0.049,0.119,120.0,-0.0569999999999999,-0.5377358490566038,0.0,240.0,3.0,2.44,2.04,2.8,120.0,-0.3999999999999999,-0.1639344262295081,0.0,240.0,3.0,1057.2,759.0,1057.2,0.0,-298.20000000000005,-0.2820658342792281,0.0,240.0,3.0,27.6,20.8,27.6,0.0,-6.800000000000001,-0.2463768115942029,0.0,240.0,3.0,6.02,4.12,6.14,120.0,-1.9,-0.3156146179401993,0.0,240.0,3.0,121.9,108.8,121.9,0.0,-13.100000000000009,-0.1074651353568499,0.0,240.0,3.0,295.7,292.8,295.7,0.0,-2.8999999999999773,-0.0098072370645924,-19.80000000000001,19.80000000000001,-0.1506849315068494,-1,-10.700000000000005,10.700000000000005,-0.3083573487031701,-1,8.700000000000003,8.700000000000003,0.0815370196813496,1,8.100000000000009,8.100000000000009,0.1090174966352625,1,-1.0,1.0,-0.0107758620689655,-1,-1.25,1.25,-0.0323582707740098,-1,3,3,0.2727272727272727,1,0,0,0.0,0,2,0,0,0,0,142.0,1,1,93,14,1,0,0,0,0,0,1,0,0,0,0,1,0,1,1,0,0,0,0,0,0,0,0,0,0,0,1,0,0,0,1,0,0,0,0.0,0.0,0,0,0,1,1,1,1,1,2,1,5075.982000000001,1,4.962844630259907,85.1,1.5440658049353702,0,3,1,3,3,1,2,2,14,0.9253521126760564,0.0985915492957746,3,32.400000000000006,14020.38,1.231490159325211,88.6672914714152,3
E001030,2025-05-19,101.1,20.8,96.2,75.1,96.9,0,38.27,12,31,Female,Black,Agitation. Festival attendee from main stage with symptom onset ~158 minutes before arrival.,3,7,EMS,1,0,0,0,1,109.0,7.366,135.8,4.76,13.1,13.5,1,1,119.7,20.7,118.4,79.0,97.2,0,37.4,13,34.9,18.6,-0.87,1,,,,,0,1,0,0,0,0,0,1,0,0,0,1,0,0,1,6.0,86.4,122.2,109.40000000000002,119.7,35.8,0.1162435916263104,-0.0228630041369447,0.0,0.1043216279708331,1.0,122.2,0.0,86.4,110.0,0.0,-1.0,109.8,13.0,16.4,26.1,22.066666666666663,20.7,9.700000000000005,0.1433931830690245,-0.0298813394848397,0.0,-0.0348598102327852,1.0,26.1,0.0,16.4,213.0,2.0,0.0,18.55,-1.0,101.7,134.1,119.06666666666666,118.4,32.39999999999999,0.0846539367310327,0.1010912681523348,0.0,0.0677487262409619,-1.0,134.1,198.0,101.7,0.0,0.0,-1.0,122.85,-1.0,73.8,83.4,77.53333333333335,79.0,9.600000000000009,0.0392809072416179,0.0083130458468818,0.0,-0.0255148427250815,-1.0,83.4,110.0,73.8,0.0,77.8,13.0,94.4,97.2,95.55,97.2,2.799999999999997,0.0095681759301604,0.0063458690137726,0.0,0.0155825731458037,1.0,97.2,240.0,94.4,110.0,0.0,-1.0,96.7,-1.0,36.9,37.4,37.190000000000005,37.4,0.5,0.0047138814349035,5.362706208791362e-06,0.0,0.0002857186441712,1.0,37.4,240.0,36.9,213.0,37.15,27.0,12.0,15.0,12.666666666666666,13.0,3.0,0.0872795997461947,0.0062479783448815,0.0,0.0096714159319034,1.0,15.0,198.0,12.0,0.0,4.0,0.0,12.5,15.0,33.2,46.6,38.766666666666666,34.9,13.4,0.1107666225647134,-0.0462580227787331,0.0,-0.032530432925527,1.0,46.6,0.0,33.2,213.0,0.0,-1.0,34.05,-1.0,2.0,1.0,1.0,1.0,1.0,1.0,1.0,1.0,1.0,1.0,1.0,1.0,1.0,1.0,1.0,2.0,1.0,73.0,127.0,0.0,1.0,73.0,0.0,-1.0,0.0,-1.0,0.0,-1.0,1.0,127.0,4.0,0.0,73.0,,6.0,198.0,3.0,0.0,198.0,1.0,0.0,0.0,120.0,2.0,12.21,10.8,12.21,0.0,-1.41,-0.1154791154791154,0.0,120.0,2.0,139.9,136.5,139.9,0.0,-3.4000000000000057,-0.0243030736240171,0.0,120.0,2.0,4.08,3.77,4.08,0.0,-0.31,-0.0759803921568627,0.0,120.0,2.0,22.3,22.5,22.5,120.0,0.1999999999999993,0.0089686098654708,0.0,120.0,2.0,57.2,50.6,57.2,0.0,-6.600000000000001,-0.1153846153846154,0.0,120.0,2.0,7.351,7.362,7.362,120.0,0.0110000000000001,0.0014963950482927,0.0,120.0,2.0,0.059,0.083,0.083,120.0,0.024,0.4067796610169493,0.0,120.0,2.0,3.47,2.65,3.47,0.0,-0.8200000000000003,-0.2363112391930836,0.0,120.0,2.0,661.4,538.8,661.4,0.0,-122.60000000000002,-0.1853643785908679,0.0,120.0,2.0,18.6,24.4,24.4,120.0,5.799999999999997,0.3118279569892471,0.0,120.0,2.0,8.65,0.66,8.65,0.0,-7.99,-0.923699421965318,0.0,120.0,2.0,124.5,111.5,124.5,0.0,-13.0,-0.1044176706827309,0.0,120.0,2.0,287.9,281.7,287.9,0.0,-6.199999999999989,-0.021535255296978,18.60000000000001,18.60000000000001,0.1839762611275965,1,-0.1000000000000014,0.1000000000000014,-0.0048076923076923,-1,22.200000000000003,22.200000000000003,0.2307692307692307,1,3.9000000000000057,3.9000000000000057,0.051930758988016,1,0.2999999999999971,0.2999999999999971,0.0030959752321981,1,-0.8700000000000045,0.8700000000000045,-0.0227332113927359,-1,1,1,0.0833333333333333,1,0,0,0.0,0,2,0,0,0,0,158.0,1,1,92,13,1,0,0,0,0,0,1,0,0,0,0,0,0,1,0,1,0,1,0,0,0,0,0,0,0,0,0,0,0,0,0,0,1,0,0.1428571428571428,0.0,0,0,1,0,1,0,0,0,1,1,3869.097,0,5.068904202220232,82.13333333333333,1.230925324675325,0,2,1,1,1,2,0,2,8,0.639873417721519,0.050632911392405,1,21.10000000000001,9725.82,1.050935550935551,32.57900207900208,2
E002165,2025-05-22,106.3,14.2,103.1,81.5,97.5,0,37.41,13,23,Male,White,Anxiety/panic. Festival attendee from campground with symptom onset ~208 minutes before arrival.,5,1,Walk-in,0,0,0,0,0,159.3,7.385,138.2,4.24,14.8,9.2,1,1,64.1,18.6,142.4,80.1,97.2,0,36.74,15,38.2,-42.2,-0.67,2,,,,,0,1,0,0,0,0,0,0,0,0,0,4,3,0,0,6.0,64.1,107.6,85.89999999999999,64.1,43.5,0.1585004376969609,-0.0887052225431698,0.0,-0.2389170000264923,-1.0,107.6,106.0,64.1,240.0,0.0,-1.0,64.1,13.0,13.2,18.6,15.35,18.6,5.400000000000002,0.1164618491144542,0.0167271078875793,0.0,0.019642620605611,1.0,18.6,240.0,13.2,156.0,0.0,-1.0,18.6,-1.0,123.6,142.4,132.26666666666668,142.4,18.80000000000001,0.0464537578347328,0.0687353728731367,0.0,0.0631242217924603,1.0,142.4,240.0,123.6,0.0,0.0,-1.0,142.4,-1.0,70.0,85.4,77.88333333333333,80.1,15.400000000000006,0.059822689149568,0.0264121107339391,0.0,0.0321535486263808,1.0,85.4,119.0,70.0,83.0,80.1,37.0,94.9,98.5,96.51666666666668,97.2,3.5999999999999943,0.0134614255380396,0.0091800375297814,0.0,0.0116088695790394,1.0,98.5,119.0,94.9,83.0,0.0,-1.0,97.2,-1.0,36.74,37.64,37.09166666666667,36.74,0.8999999999999986,0.0078484950343839,-0.0037414872757174,0.0,-0.0027219381672716,1.0,37.64,0.0,36.74,240.0,36.74,-1.0,13.0,15.0,13.666666666666666,15.0,2.0,0.0545382433536534,0.0074532459044044,0.0,0.0093914748191909,1.0,15.0,240.0,13.0,0.0,0.0,-1.0,15.0,-1.0,32.1,39.2,36.38333333333333,38.2,7.100000000000001,0.0743185892151017,-0.0092274768601488,0.0,0.0069422735581635,1.0,39.2,0.0,32.1,156.0,0.0,-1.0,38.2,84.0,2.0,1.0,1.0,1.0,1.0,1.0,1.0,1.0,1.0,1.0,1.0,1.0,1.0,1.0,1.0,1.0,1.0,129.0,129.0,0.0,1.0,129.0,0.0,-1.0,0.0,-1.0,0.0,-1.0,0.0,-1.0,4.0,0.0,129.0,,0.0,0.0,1.0,0.0,240.0,0.0,0.0,0.0,120.0,2.0,9.26,5.51,9.26,0.0,-3.75,-0.4049676025917926,0.0,120.0,2.0,136.9,138.5,138.5,120.0,1.5999999999999943,0.0116873630387143,0.0,120.0,2.0,3.71,3.92,3.92,120.0,0.2099999999999999,0.0566037735849056,0.0,120.0,2.0,21.9,22.6,22.6,120.0,0.7000000000000028,0.0319634703196348,0.0,120.0,2.0,44.2,39.3,44.2,0.0,-4.900000000000006,-0.1108597285067874,0.0,120.0,2.0,7.39,7.39,7.39,0.0,0.0,0.0,0.0,120.0,2.0,0.031,0.02,0.031,0.0,-0.011,-0.3548387096774193,0.0,120.0,2.0,3.04,2.12,3.04,0.0,-0.92,-0.3026315789473684,0.0,120.0,2.0,371.9,399.6,399.6,120.0,27.700000000000045,0.0744823877386395,0.0,120.0,2.0,1.8,2.0,2.0,120.0,0.1999999999999999,0.111111111111111,0.0,120.0,2.0,0.1,0.44,0.44,120.0,0.3399999999999999,3.3999999999999995,0.0,120.0,2.0,109.2,114.3,114.3,120.0,5.099999999999994,0.0467032967032966,0.0,120.0,2.0,287.5,281.7,287.5,0.0,-5.800000000000011,-0.0201739130434783,-42.2,42.2,-0.3969896519285043,-1,4.400000000000002,4.400000000000002,0.3098591549295776,1,39.30000000000001,39.30000000000001,0.3811833171677984,1,-1.4000000000000057,1.4000000000000057,-0.0171779141104295,-1,-0.2999999999999971,0.2999999999999971,-0.003076923076923,-1,-0.6699999999999946,0.6699999999999946,-0.0179096498262495,-1,2,2,0.1538461538461538,1,0,0,0.0,0,2,0,0,0,0,208.0,1,1,96,12,0,0,1,0,0,0,0,1,0,0,1,0,0,0,0,0,0,0,0,0,0,0,0,0,0,0,0,0,0,0,0,0,0,0,0.0,0.0,0,1,1,0,0,1,0,0,1,0,3976.683,0,5.342334251964811,88.7,1.198421645997745,0,2,0,1,0,1,0,0,4,0.5110576923076923,0.0192307692307692,0,21.599999999999994,10959.53,1.0310378273520855,23.713870029097965,1
E000814,2025-05-21,167.2,42.3,138.4,81.5,90.4,1,38.76,10,31,Male,White,Chest pain. Festival attendee from campground with symptom onset ~27 minutes before arrival.,1,10,Police,1,0,0,0,0,173.6,7.322,136.5,5.38,10.9,19.4,1,1,118.8,29.9,97.0,73.5,94.6,1,38.11,11,39.9,-48.4,-0.65,1,4.01,985.5,7.312,0.153,1,0,0,1,0,0,0,0,0,0,0,3,2,0,1,9.0,94.3,147.3,122.13333333333334,118.8,53.000000000000014,0.1248664453093928,-0.0552081979288527,-0.1850000000000004,-0.0439263188774264,-1.0,147.3,72.0,94.3,103.0,3.0,0.0,118.8,100.0,21.7,35.4,28.344444444444445,29.9,13.7,0.1406903569515616,-0.0265421667605471,-0.0183333333333334,-0.0251081748398768,1.0,35.4,72.0,21.7,203.0,7.0,0.0,29.9,37.0,97.0,117.5,109.56666666666666,97.0,20.5,0.0629452213210055,-0.0311690281208023,-0.276666666666667,-0.06376265095585,1.0,117.5,86.0,97.0,240.0,0.0,-1.0,97.0,-1.0,62.3,86.5,70.3777777777778,73.5,24.200000000000003,0.1176650690512505,0.0262395828819851,-0.0133333333333333,-0.0234556055346403,1.0,86.5,159.0,62.3,60.0,73.5,1.0,90.8,95.2,92.91111111111113,94.6,4.400000000000006,0.0144796085794454,0.015550211592068,0.0316666666666663,0.0207047865838751,-1.0,95.2,203.0,90.8,72.0,1.0,72.0,94.6,-1.0,37.85,38.33,38.06111111111111,38.11,0.4799999999999969,0.0048183187012749,-0.0002483498707338,0.0076666666666666,-0.0006943357942599,-1.0,38.33,60.0,37.85,160.0,38.11,43.0,9.0,13.0,10.88888888888889,11.0,4.0,0.101015254455221,0.0035169057007091,-0.05,0.0069305236395638,1.0,13.0,160.0,9.0,60.0,8.0,0.0,11.0,43.0,39.7,50.1,43.87777777777777,39.9,10.4,0.0749727930761062,-0.0227205107095915,0.0283333333333332,-0.0284426490001466,-1.0,50.1,72.0,39.7,159.0,0.0,-1.0,39.9,14.0,3.0,1.0,1.0,1.0,1.0,1.0,1.0,1.0,1.0,1.0,1.0,1.0,1.0,1.0,1.0,2.0,1.0,74.0,77.0,0.0,0.0,-1.0,1.0,77.0,1.0,74.0,0.0,-1.0,0.0,-1.0,7.0,0.0,74.0,,19.0,160.0,4.0,60.0,-1.0,1.0,0.0,0.0,240.0,3.0,10.88,8.63,10.88,0.0,-2.25,-0.2068014705882352,0.0,240.0,3.0,138.1,142.5,142.5,240.0,4.400000000000006,0.0318609703113686,0.0,240.0,3.0,4.72,4.7,4.72,0.0,-0.0199999999999995,-0.0042372881355931,0.0,240.0,3.0,18.6,20.4,20.4,240.0,1.7999999999999972,0.0967741935483869,0.0,240.0,3.0,66.4,72.1,74.8,120.0,5.699999999999989,0.0858433734939757,0.0,240.0,3.0,7.258,7.312,7.318,120.0,0.0540000000000002,0.0074400661339212,0.0,240.0,3.0,0.136,0.153,0.159,120.0,0.0169999999999999,0.1249999999999999,0.0,240.0,3.0,2.93,4.01,4.38,120.0,1.0799999999999996,0.3686006825938565,0.0,240.0,3.0,1050.4,985.5,1050.4,0.0,-64.90000000000009,-0.0617859862909368,0.0,240.0,3.0,22.9,23.4,27.1,120.0,0.5,0.0218340611353711,0.0,240.0,3.0,9.01,8.41,10.95,120.0,-0.5999999999999996,-0.0665926748057713,0.0,240.0,3.0,142.0,144.1,161.4,120.0,2.0999999999999943,0.0147887323943661,0.0,240.0,3.0,308.5,299.7,308.5,0.0,-8.800000000000011,-0.0285251215559157,-48.39999999999999,48.39999999999999,-0.2894736842105262,-1,-12.4,12.4,-0.293144208037825,-1,-41.400000000000006,41.400000000000006,-0.2991329479768786,-1,-8.0,8.0,-0.0981595092024539,-1,4.199999999999989,4.199999999999989,0.0464601769911503,1,-0.6499999999999986,0.6499999999999986,-0.0167698658410732,-1,1,1,0.1,1,0,0,0.0,0,2,0,0,0,0,27.0,1,1,92,13,0,0,1,0,0,1,0,0,0,1,0,0,0,0,1,0,1,0,1,0,1,0,0,0,0,0,1,1,0,0,1,0,0,0,0.0,0.0,0,0,0,1,1,1,1,1,2,1,6480.672,1,3.332204510175204,100.46666666666668,1.664233576642336,0,3,1,3,3,0,3,2,14,6.192592592592592,0.5185185185185185,3,56.900000000000006,23140.48,1.2080924855491328,37.45086705202312,3
E002161,2025-05-18,84.6,27.0,116.5,76.1,97.2,0,37.0,13,37,Female,Hispanic/Latino,"Denies pain, ambulating with unsteady gait with no difficulty.",3,7,EMS,0,0,0,1,0,110.6,7.417,137.6,4.17,13.3,8.8,0,0,101.5,17.2,135.8,73.1,96.7,0,37.12,14,40.6,16.9,0.12,1,,,,,1,1,0,0,0,0,1,0,0,0,0,0,6,1,0,7.0,85.5,101.5,93.21428571428574,101.5,16.0,0.0613398354845544,0.0150806028226429,0.0,0.0889405204460967,1.0,101.5,240.0,85.5,106.0,0.0,-1.0,101.5,101.0,15.2,18.6,17.142857142857146,17.2,3.400000000000002,0.0576507685214266,0.0031388005311756,0.0,0.0093799787573022,1.0,18.6,207.0,15.2,103.0,0.0,-1.0,17.2,3.0,106.9,135.8,121.15714285714289,135.8,28.90000000000001,0.0864364494263982,0.1358597634415244,0.0,0.1823287307488051,-1.0,135.8,240.0,106.9,0.0,0.0,-1.0,135.8,-1.0,73.1,88.0,80.24285714285715,73.1,14.900000000000006,0.0674894748435983,-0.0503296686328403,0.0,-0.0646176314391927,1.0,88.0,143.0,73.1,240.0,73.1,-1.0,94.8,97.4,96.1,96.7,2.6000000000000085,0.0095694823484055,0.0064285383403848,0.0,0.0168547530536378,1.0,97.4,207.0,94.8,103.0,0.0,-1.0,96.7,40.0,36.77,37.26,37.04714285714285,37.12,0.4899999999999949,0.0046612465156399,0.0002035530094808,0.0,0.0014863250132766,-1.0,37.26,207.0,36.77,143.0,37.12,18.0,13.0,15.0,14.285714285714286,14.0,2.0,0.0489897948556635,-0.0058714987183842,0.0,-0.0068374933616569,1.0,15.0,0.0,13.0,207.0,0.0,-1.0,14.0,33.0,35.2,42.4,38.68571428571429,40.6,7.199999999999996,0.0602656073501572,0.0032160062999906,0.0,0.0027416356877324,1.0,42.4,143.0,35.2,161.0,0.0,-1.0,40.6,18.0,2.0,1.0,1.0,1.0,1.0,1.0,1.0,1.0,1.0,1.0,1.0,1.0,1.0,1.0,1.0,3.0,1.0,31.0,146.0,2.0,1.0,52.0,1.0,146.0,0.0,-1.0,0.0,-1.0,1.0,31.0,4.0,0.0,31.0,,0.0,0.0,1.0,207.0,207.0,1.0,0.0,0.0,120.0,2.0,5.81,7.64,7.64,120.0,1.83,0.314974182444062,0.0,120.0,2.0,137.8,141.2,141.2,120.0,3.3999999999999773,0.0246734397677792,0.0,120.0,2.0,4.53,3.64,4.53,0.0,-0.8900000000000001,-0.1964679911699779,0.0,120.0,2.0,21.2,23.6,23.6,120.0,2.400000000000002,0.1132075471698114,0.0,120.0,2.0,12.6,82.2,82.2,120.0,69.60000000000001,5.523809523809525,0.0,120.0,2.0,7.346,7.39,7.39,120.0,0.0439999999999995,0.0059896542335964,0.0,120.0,2.0,0.049,0.081,0.081,120.0,0.032,0.6530612244897959,0.0,120.0,2.0,1.41,2.1,2.1,120.0,0.6900000000000002,0.4893617021276597,0.0,120.0,2.0,327.0,369.2,369.2,120.0,42.19999999999999,0.129051987767584,0.0,120.0,2.0,24.4,19.9,24.4,0.0,-4.5,-0.1844262295081967,0.0,120.0,2.0,10.03,1.23,10.03,0.0,-8.799999999999999,-0.8773678963110667,0.0,120.0,2.0,132.3,108.0,132.3,0.0,-24.30000000000001,-0.1836734693877551,0.0,120.0,2.0,303.2,289.7,303.2,0.0,-13.5,-0.0445250659630606,16.900000000000006,16.900000000000006,0.1997635933806147,1,-9.8,9.8,-0.362962962962963,-1,19.30000000000001,19.30000000000001,0.1656652360515022,1,-3.0,3.0,-0.0394218134034165,-1,-0.5,0.5,-0.0051440329218107,-1,0.1199999999999974,0.1199999999999974,0.0032432432432431,1,1,1,0.0769230769230769,1,0,0,0.0,0,2,0,0,0,0,,0,0,62,9,0,0,0,0,1,0,0,0,1,0,1,0,0,1,0,0,0,0,0,0,0,0,1,0,0,0,0,0,0,0,0,0,1,0,0.1,0.0,0,1,1,0,0,0,0,0,1,0,3130.2,0,,89.56666666666666,0.9445478228507628,0,2,1,0,3,0,0,0,5,,,0,40.400000000000006,9855.9,0.7261802575107296,26.868669527896994,1
E000490,2025-05-21,114.4,28.1,101.8,68.4,95.6,1,38.08,10,33,Male,White,Shortness of breath. Festival attendee from main stage with symptom onset ~195 minutes before arrival.,2,9,Walk-in,0,0,1,0,0,150.6,7.366,140.9,3.94,16.2,14.9,1,1,82.6,19.5,127.6,74.3,95.1,0,37.44,14,38.1,-31.8,-0.64,4,1.48,465.3,7.3,0.052,1,0,0,0,0,0,0,0,0,0,0,3,2,0,1,8.0,82.6,121.8,106.4875,82.6,39.2,0.1156509484563356,-0.0971992953381396,0.2788934426229503,-0.0938392186326075,-1.0,121.8,40.0,82.6,240.0,0.0,-1.0,82.6,-1.0,16.5,24.4,20.5875,19.5,7.899999999999999,0.110828735983271,-0.0016306179928011,0.1592213114754097,-0.0090408214375157,-1.0,24.4,36.0,16.5,0.0,1.0,36.0,19.5,60.0,109.5,127.8,121.0,127.6,18.3,0.0594179817124584,0.0101262519166147,-0.1596311475409839,0.1344728274480338,-1.0,127.8,28.0,109.5,96.0,0.0,-1.0,127.6,66.0,67.2,85.1,75.0875,74.3,17.89999999999999,0.0767174332252671,-0.0116742243826053,0.05061475409836,-0.0580515902829955,1.0,85.1,96.0,67.2,162.0,74.3,24.0,94.5,96.7,95.2375,95.1,2.200000000000003,0.0080641854097942,-0.0018198327515521,-0.0444672131147547,-0.0081893313298275,1.0,96.7,96.0,94.5,162.0,0.0,-1.0,95.1,-1.0,37.17,37.48,37.34,37.44,0.3099999999999951,0.0030827167737603,0.0010261094618253,-0.0011885245901641,-0.0002554470323066,-1.0,37.48,96.0,37.17,36.0,37.44,-1.0,12.0,14.0,12.5,14.0,2.0,0.0565685424949238,0.0087212779608303,4.064506299254467e-17,0.0120210368144252,1.0,14.0,240.0,12.0,0.0,5.0,0.0,14.0,-1.0,36.2,44.0,40.875,38.1,7.799999999999997,0.0647942883780167,-0.0049228460509574,-0.0084016393442624,-0.041810668670173,-1.0,44.0,36.0,36.2,40.0,0.0,-1.0,38.1,4.0,3.0,1.0,1.0,1.0,1.0,1.0,1.0,1.0,1.0,1.0,1.0,1.0,1.0,1.0,1.0,2.0,1.0,69.0,94.0,0.0,0.0,-1.0,1.0,94.0,0.0,-1.0,0.0,-1.0,1.0,69.0,3.0,0.0,69.0,,6.0,120.0,5.0,0.0,240.0,0.0,0.0,0.0,240.0,3.0,10.88,9.59,10.88,0.0,-1.290000000000001,-0.1185661764705883,0.0,240.0,3.0,138.8,137.3,138.8,0.0,-1.5,-0.0108069164265129,0.0,240.0,3.0,4.64,4.23,4.67,120.0,-0.4099999999999992,-0.088362068965517,0.0,240.0,3.0,17.0,19.4,23.9,120.0,2.3999999999999986,0.1411764705882352,0.0,240.0,3.0,50.5,51.4,51.4,240.0,0.8999999999999986,0.0178217821782177,0.0,240.0,3.0,7.38,7.3,7.38,0.0,-0.08,-0.010840108401084,0.0,240.0,3.0,0.086,0.052,0.098,120.0,-0.0339999999999999,-0.3953488372093023,0.0,240.0,3.0,2.88,1.48,2.88,0.0,-1.4,-0.4861111111111111,0.0,240.0,3.0,588.8,465.3,588.8,0.0,-123.49999999999994,-0.2097486413043477,0.0,240.0,3.0,32.6,25.8,32.6,0.0,-6.800000000000001,-0.2085889570552147,0.0,240.0,3.0,0.1,6.96,6.96,240.0,6.86,68.6,0.0,240.0,3.0,105.9,101.2,105.9,0.0,-4.700000000000003,-0.0443814919735599,0.0,240.0,3.0,296.3,290.6,299.9,120.0,-5.699999999999989,-0.0192372595342557,-31.80000000000001,31.80000000000001,-0.2779720279720281,-1,-8.600000000000001,8.600000000000001,-0.3060498220640569,-1,25.8,25.8,0.2534381139489194,1,5.899999999999992,5.899999999999992,0.0862573099415203,1,-0.5,0.5,-0.0052301255230125,-1,-0.6400000000000006,0.6400000000000006,-0.0168067226890756,-1,4,4,0.4,1,-1,1,-1.0,-1,2,0,0,0,1,195.0,1,1,102,15,1,0,0,0,0,0,0,1,0,0,0,0,1,0,0,0,0,1,0,0,1,0,0,0,0,0,0,0,0,0,0,0,0,0,0.0,0.0,0,0,1,0,1,1,1,0,1,1,4356.352,0,5.278114659230517,79.53333333333333,1.438390611902766,0,3,1,2,3,1,0,0,9,0.5866666666666667,0.0461538461538461,1,33.39999999999999,11645.92,1.1237721021611002,37.08447937131631,3
E001676,2025-05-19,72.5,17.0,113.0,85.7,96.9,0,36.5,13,25,Female,White,Shortness of breath. Community patient from restaurant with symptom onset ~146 minutes before arrival.,5,0,EMS,0,0,0,0,0,79.8,7.405,142.8,3.92,14.9,4.3,0,0,65.8,9.7,137.8,81.6,94.8,0,36.3,15,30.8,-6.7,-0.2,2,,,,,0,0,0,0,0,0,0,0,0,0,0,1,0,0,1,9.0,52.0,77.7,65.8111111111111,65.8,25.700000000000003,0.112872141909605,0.0417285754665157,0.0,0.0390065741417092,-1.0,77.7,196.0,52.0,202.0,0.0,-1.0,69.3,6.0,9.5,16.0,12.922222222222222,9.7,6.5,0.2057744549321265,-0.0001917261755561,0.0,-0.0345629413196981,-1.0,16.0,158.0,9.5,217.0,0.0,-1.0,11.033333333333331,4.0,110.9,153.5,131.6111111111111,137.8,42.6,0.0954214626458562,0.0003685195752691,0.0,0.0134161188215243,1.0,153.5,162.0,110.9,158.0,0.0,-1.0,135.23333333333332,34.0,77.3,88.8,82.33333333333334,81.6,11.5,0.0461005445467878,0.0231271365869007,0.0,0.0291453615777938,-1.0,88.8,228.0,77.3,202.0,84.3,12.0,94.8,98.0,96.68888888888888,94.8,3.200000000000003,0.0094343257879907,-0.0016476718202519,0.0,-0.0080959337716098,-1.0,98.0,158.0,94.8,240.0,0.0,-1.0,96.36666666666667,-1.0,36.26,36.78,36.41444444444445,36.3,0.5200000000000031,0.0040049881327995,-0.0004679291973099,0.0,-0.0027148770392015,-1.0,36.78,149.0,36.26,217.0,36.32,9.0,14.0,15.0,14.555555555555555,15.0,1.0,0.0341384424045769,0.0005946444666065,0.0,0.0135135135135134,1.0,15.0,0.0,14.0,149.0,0.0,-1.0,15.0,53.0,30.1,37.8,32.87777777777778,30.8,7.699999999999996,0.0717159329757406,0.007482653980918,0.0,-0.0276479181884588,-1.0,37.8,202.0,30.1,0.0,0.0,-1.0,31.933333333333334,15.0,0.0,0.0,0.0,0.0,0.0,0.0,0.0,0.0,0.0,0.0,0.0,0.0,0.0,0.0,0.0,0.0,0.0,-1.0,-1.0,0.0,0.0,-1.0,0.0,-1.0,0.0,-1.0,0.0,-1.0,0.0,-1.0,0.0,0.0,,,0.0,0.0,3.0,149.0,196.0,1.0,0.0,,,,,,,,,,,,,,,,,,,,,,,,,,,,,,,,,,,,,,,,,,,,,,,,,,,,,,,,,,,,,,,,,,,,,,,,,,,,,,,,,,,,,,,,,,,,,,,,,,,,,,,,,,,,,,,,,,,,,,-6.700000000000003,6.700000000000003,-0.0924137931034483,-1,-7.300000000000001,7.300000000000001,-0.4294117647058824,-1,24.80000000000001,24.80000000000001,0.2194690265486726,1,-4.1000000000000085,4.1000000000000085,-0.0478413068844808,-1,-2.1000000000000085,2.1000000000000085,-0.021671826625387,-1,-0.2000000000000028,0.2000000000000028,-0.0054794520547945,-1,2,2,0.1538461538461538,1,0,0,0.0,0,1,0,0,0,0,146.0,1,0,102,14,0,0,0,0,1,0,1,0,0,0,0,0,0,0,1,0,0,0,0,0,0,0,0,0,0,0,0,0,0,0,0,0,0,0,0.0,0.0,0,1,1,0,0,0,0,0,1,0,2646.25,0,4.990432586778736,94.8,0.7647679324894515,0,2,0,0,0,0,0,0,2,0.4965753424657534,0.0136986301369863,0,27.3,8192.5,0.6415929203539823,16.039823008849556,0
E001143,2025-05-21,71.0,9.7,115.5,80.2,96.2,0,36.37,14,17,Female,Black,"no c/o chest/stomach pain ""in the middle"".",5,0,EMS,1,0,0,0,0,91.0,7.429,136.9,3.6,16.4,7.2,0,0,59.5,13.6,120.3,90.6,96.8,0,36.76,15,35.5,-11.5,0.39,1,,,,,0,1,0,0,0,0,0,0,0,0,0,3,2,0,1,7.0,59.5,84.4,73.68571428571428,59.5,24.90000000000001,0.100535002588332,-0.033456811084186,0.1602883355176922,-0.1159589673534953,-1.0,84.4,107.0,59.5,240.0,0.0,-1.0,66.25,115.0,9.6,14.6,12.757142857142854,13.6,5.0,0.1229357238218451,0.0042350296089356,0.1545871559633026,-0.0005793141830784,-1.0,14.6,29.0,9.6,0.0,0.0,-1.0,12.85,193.0,110.4,142.9,123.17142857142856,120.3,32.5,0.077228583988894,0.003220711334743,-0.4866317169069478,-0.0815681959043243,1.0,142.9,107.0,110.4,26.0,0.0,-1.0,119.9,52.0,68.4,90.6,78.87142857142858,90.6,22.19999999999999,0.0798084200734815,0.036470954431565,0.2031454783748359,0.0993182306884732,1.0,90.6,240.0,68.4,78.0,85.1,-1.0,95.2,98.3,96.68571428571428,96.8,3.0999999999999943,0.0122306158904106,-0.0077335658830974,-0.0419397116644828,-2.1502928192893766e-05,1.0,98.3,0.0,95.2,107.0,0.0,-1.0,96.0,133.0,36.5,36.87,36.68142857142857,36.76,0.3699999999999974,0.0032792825384617,0.0007027684740722,0.0009698558322407,-0.0005485776445439,-1.0,36.87,107.0,36.5,29.0,36.72,115.0,13.0,15.0,14.285714285714286,15.0,2.0,0.0489897948556635,-0.0001723543605653,-0.0150720838794236,0.0081964102758699,1.0,15.0,0.0,13.0,78.0,0.0,-1.0,14.5,29.0,27.6,42.6,34.2,35.5,15.0,0.1231843667526282,-0.00592435958779,0.1159239842726076,0.0246335015621245,1.0,42.6,29.0,27.6,107.0,1.0,107.0,34.7,49.0,0.0,0.0,0.0,0.0,0.0,0.0,0.0,0.0,0.0,0.0,0.0,0.0,0.0,0.0,0.0,1.0,1.0,89.0,89.0,0.0,1.0,89.0,0.0,-1.0,0.0,-1.0,0.0,-1.0,0.0,-1.0,4.0,0.0,,,1.0,115.0,3.0,78.0,222.0,1.0,0.0,,,,,,,,,,,,,,,,,,,,,,,,,,,,,,,,,,,,,,,,,,,,,,,,,,,,,,,,,,,,,,,,,,,,,,,,,,,,,,,,,,,,,,,,,,,,,,,,,,,,,,,,,,,,,,,,,,,,,,-11.5,11.5,-0.1619718309859155,-1,3.9,3.9,0.4020618556701031,1,4.799999999999997,4.799999999999997,0.0415584415584415,1,10.399999999999991,10.399999999999991,0.1296758104738153,1,0.5999999999999943,0.5999999999999943,0.0062370062370061,1,0.3900000000000005,0.3900000000000005,0.0107231234533956,1,1,1,0.0714285714285714,1,0,0,0.0,0,0,0,0,0,0,,0,0,42,7,0,0,0,0,1,0,0,0,1,0,1,0,0,0,0,0,0,0,0,0,0,0,0,0,0,0,0,0,0,0,0,0,0,1,0.0,0.0,0,1,1,0,0,0,0,0,1,0,2582.27,0,,91.96666666666668,0.7720188474084815,0,1,0,0,1,0,0,0,2,,,0,35.3,8200.5,0.6147186147186147,10.45021645021645,0
E001549,2025-05-22,143.5,42.5,118.5,60.2,94.8,1,38.28,10,38,Female,Asian,Syncope. Festival attendee from festival medical tent with symptom onset ~22 minutes before arrival.,1,7,EMS,0,0,0,0,0,145.2,7.277,138.6,4.96,16.2,17.3,1,1,137.8,25.6,112.2,70.4,94.3,1,37.9,11,40.6,-5.7,-0.38,1,3.83,929.6,7.271,0.138,1,1,0,0,0,0,1,1,0,0,0,4,3,0,0,6.0,102.1,137.8,119.48333333333336,137.8,35.70000000000002,0.0967623673829957,0.0554090152964188,0.0,0.1076926753114346,1.0,137.8,240.0,102.1,135.0,2.0,89.0,137.8,-1.0,23.0,29.1,26.35,25.6,6.100000000000001,0.080468236180888,-0.0182695485849593,0.0,-0.0147401790550228,1.0,29.1,89.0,23.0,135.0,5.0,0.0,25.6,-1.0,102.1,142.2,116.6,112.2,40.1,0.1107620011536817,-0.1371020790775547,0.0,-0.0345222544365503,1.0,142.2,0.0,102.1,135.0,0.0,-1.0,112.2,-1.0,69.1,81.5,74.39999999999999,70.4,12.400000000000006,0.0665741061684828,-0.0051887533662417,0.0,-0.0068260744894384,-1.0,81.5,148.0,69.1,127.0,70.4,92.0,91.8,94.3,93.18333333333334,94.3,2.5,0.0090937033224011,0.0108819688653121,0.0,0.0103753146207027,1.0,94.3,240.0,91.8,0.0,0.0,-1.0,94.3,-1.0,37.85,38.4,38.04333333333333,37.9,0.5499999999999972,0.004909813625207,-0.0012127681479032,0.0,-0.0023041386561316,-1.0,38.4,89.0,37.85,135.0,37.9,38.0,10.0,12.0,11.166666666666666,11.0,2.0,0.0803755941363359,0.0064317567311287,0.0,0.0020231305954694,-1.0,12.0,127.0,10.0,0.0,6.0,0.0,11.0,113.0,40.6,47.5,42.85,40.6,6.899999999999999,0.0548424737456242,-0.013165323782328,0.0,-0.0175391085481251,1.0,47.5,127.0,40.6,240.0,0.0,-1.0,40.6,-1.0,3.0,1.0,1.0,1.0,1.0,1.0,1.0,1.0,1.0,1.0,1.0,1.0,1.0,1.0,1.0,2.0,1.0,121.0,153.0,0.0,1.0,153.0,1.0,121.0,0.0,-1.0,0.0,-1.0,0.0,-1.0,4.0,0.0,121.0,64.0,13.0,240.0,2.0,0.0,-1.0,0.0,0.0,0.0,240.0,3.0,13.82,10.57,13.82,0.0,-3.25,-0.2351664254703328,0.0,240.0,3.0,140.4,135.9,140.4,0.0,-4.5,-0.032051282051282,0.0,240.0,3.0,5.09,4.66,5.09,0.0,-0.4299999999999997,-0.0844793713163064,0.0,240.0,3.0,18.4,20.5,21.5,120.0,2.1000000000000014,0.1141304347826087,0.0,240.0,3.0,62.6,66.2,66.2,240.0,3.6000000000000014,0.0575079872204473,0.0,240.0,3.0,7.284,7.271,7.319,120.0,-0.0129999999999999,-0.0017847336628226,0.0,240.0,3.0,0.154,0.138,0.154,0.0,-0.0159999999999999,-0.1038961038961038,0.0,240.0,3.0,3.99,3.83,4.54,120.0,-0.1600000000000001,-0.0401002506265664,0.0,240.0,3.0,1123.0,929.6,1123.0,0.0,-193.4,-0.1722172751558325,0.0,240.0,3.0,34.4,24.6,34.4,0.0,-9.799999999999995,-0.2848837209302325,0.0,240.0,3.0,9.54,7.34,9.54,0.0,-2.2,-0.230607966457023,0.0,240.0,3.0,150.6,151.3,151.3,240.0,0.700000000000017,0.00464807436919,0.0,240.0,3.0,305.0,291.1,305.0,0.0,-13.899999999999975,-0.0455737704918032,-5.699999999999989,5.699999999999989,-0.0397212543554006,-1,-16.9,16.9,-0.3976470588235293,-1,-6.299999999999997,6.299999999999997,-0.0531645569620252,-1,10.200000000000005,10.200000000000005,0.1694352159468438,1,-0.5,0.5,-0.0052742616033755,-1,-0.3800000000000025,0.3800000000000025,-0.009926854754441,-1,1,1,0.1,1,0,0,0.0,0,2,0,0,0,0,22.0,1,1,100,14,0,1,0,0,0,1,0,0,0,1,0,1,0,0,1,0,1,0,1,0,0,0,0,0,0,0,1,1,0,0,1,0,0,0,0.0,0.0,0,0,0,1,1,1,1,1,1,1,5493.18,0,3.1354942159291497,79.63333333333334,1.8020092088740056,0,3,1,3,3,0,1,2,12,6.5227272727272725,0.5454545454545454,2,58.3,17004.75,1.2109704641350212,46.0168776371308,3
E000227,2025-05-22,129.3,27.3,122.1,70.8,95.7,0,38.32,12,43,Male,Black,General weakness. Festival attendee from beach shuttle stop with symptom onset ~128 minutes before arrival.,3,3,Festival Medical Tent Transfer,0,0,0,0,0,114.4,7.384,137.3,4.51,14.0,11.6,1,1,109.1,26.0,125.7,71.0,95.9,0,37.44,13,39.9,-20.2,-0.88,1,3.07,523.6,7.334,0.042,0,0,0,0,0,0,0,0,0,0,0,4,3,0,0,6.0,93.3,111.0,101.7,109.1,17.700000000000003,0.0638478850640997,0.042014734144779,0.0,0.0431130519427844,-1.0,111.0,90.0,93.3,93.0,0.0,-1.0,109.1,3.0,18.0,27.9,22.7,26.0,9.9,0.146615094990374,-0.0106342088404868,0.0,0.0269096611956844,1.0,27.9,0.0,18.0,146.0,2.0,0.0,26.0,94.0,116.3,131.1,124.01666666666668,125.7,14.799999999999995,0.0432188355873155,0.0088693145419601,0.0,0.0071708622880783,-1.0,131.1,90.0,116.3,93.0,0.0,-1.0,125.7,3.0,70.0,93.1,78.01666666666667,71.0,23.099999999999994,0.098336685163287,-0.0879788597053169,0.0,-0.0425195360030284,1.0,93.1,0.0,70.0,133.0,71.0,-1.0,94.1,96.6,95.51666666666668,95.9,2.5,0.0093916919496059,0.0084368994234465,0.0,0.0043601114025363,-1.0,96.6,146.0,94.1,0.0,0.0,-1.0,95.9,-1.0,37.2,37.65,37.4,37.44,0.4499999999999957,0.0040579509582289,-0.0006066623959,0.0,0.0010923938025578,1.0,37.65,0.0,37.2,93.0,37.44,53.0,12.0,15.0,13.166666666666666,13.0,3.0,0.0810522055371246,-0.0039397821909032,0.0,-0.0098964389043614,-1.0,15.0,90.0,12.0,133.0,2.0,133.0,13.0,3.0,36.1,40.5,38.71666666666667,39.9,4.399999999999999,0.0458756893359032,0.0007431133888532,0.0,0.0165954627801963,1.0,40.5,146.0,36.1,133.0,0.0,-1.0,39.9,13.0,3.0,1.0,1.0,1.0,1.0,1.0,1.0,1.0,1.0,1.0,1.0,1.0,1.0,1.0,1.0,0.0,0.0,-1.0,-1.0,0.0,0.0,-1.0,0.0,-1.0,0.0,-1.0,0.0,-1.0,0.0,-1.0,0.0,0.0,,,4.0,107.0,4.0,133.0,240.0,0.0,0.0,0.0,240.0,3.0,8.47,4.07,8.47,0.0,-4.4,-0.5194805194805194,0.0,240.0,3.0,138.1,136.3,142.4,120.0,-1.799999999999983,-0.0130340333091961,0.0,240.0,3.0,4.81,4.15,4.81,0.0,-0.6599999999999993,-0.137214137214137,0.0,240.0,3.0,22.9,21.4,22.9,0.0,-1.5,-0.0655021834061135,0.0,240.0,3.0,35.5,30.6,35.5,0.0,-4.899999999999999,-0.1380281690140844,0.0,240.0,3.0,7.386,7.334,7.386,0.0,-0.0520000000000004,-0.0070403466016789,0.0,240.0,3.0,0.04,0.042,0.052,120.0,0.002,0.05,0.0,240.0,3.0,2.56,3.07,3.07,240.0,0.5099999999999998,0.1992187499999999,0.0,240.0,3.0,497.3,523.6,523.6,240.0,26.30000000000001,0.0528855821435753,0.0,240.0,3.0,19.0,14.5,28.5,120.0,-4.5,-0.2368421052631578,0.0,240.0,3.0,1.65,11.37,11.37,240.0,9.72,5.890909090909091,0.0,240.0,3.0,100.0,122.7,122.7,240.0,22.700000000000003,0.227,0.0,240.0,3.0,295.1,293.3,295.1,0.0,-1.8000000000000114,-0.0060996272450017,-20.200000000000017,20.200000000000017,-0.1562258313998454,-1,-1.3000000000000007,1.3000000000000007,-0.0476190476190476,-1,3.6000000000000085,3.6000000000000085,0.0294840294840295,1,0.2000000000000028,0.2000000000000028,0.0028248587570621,1,0.2000000000000028,0.2000000000000028,0.0020898641588297,1,-0.8800000000000026,0.8800000000000026,-0.022964509394572,-1,1,1,0.0833333333333333,1,0,0,0.0,0,1,0,0,0,0,128.0,1,1,107,15,0,0,0,1,0,0,1,0,0,0,1,0,0,0,1,0,0,0,0,0,0,0,1,0,0,0,0,0,0,0,0,0,0,0,0.0,0.0,0,1,1,1,1,0,1,0,1,0,4954.776000000001,0,4.859812404361672,87.89999999999999,1.4709897610921503,0,2,1,2,3,0,0,2,9,1.01015625,0.0703125,0,51.3,15787.53,1.058968058968059,45.53562653562653,3
E000632,2025-05-22,143.1,34.1,123.7,65.6,91.0,1,39.18,11,35,Male,Hispanic/Latino,Anxiety/panic. Festival attendee from campground with symptom onset ~16 minutes before arrival.,1,10,EMS,0,0,0,0,0,170.5,7.303,139.9,4.65,11.5,20.3,1,1,139.5,31.7,133.3,75.5,91.8,1,38.26,11,43.5,-3.6,-0.92,0,4.41,1123.8,7.303,0.161,0,1,1,0,0,0,1,0,0,1,0,4,3,0,0,8.0,97.6,142.2,123.825,139.5,44.6,0.1267762499397042,0.0421818322640608,0.0,0.2481179303570863,1.0,142.2,180.0,97.6,162.0,3.0,180.0,140.3,18.0,21.4,31.7,26.9625,31.7,10.3,0.1172247161095236,0.0111370002710832,0.0,0.0424733056620512,-1.0,31.7,240.0,21.4,180.0,7.0,0.0,31.1,14.0,103.6,133.3,124.2,133.3,29.700000000000017,0.0691225122084748,0.0087108058915409,0.0,0.155948797566617,1.0,133.3,240.0,103.6,129.0,0.0,-1.0,127.55,31.0,54.3,80.8,70.94999999999999,75.5,26.5,0.119580692236535,0.0555204151445132,0.0,0.1393650391305727,1.0,80.8,180.0,54.3,129.0,73.2,45.0,91.5,92.6,91.8625,91.8,1.0999999999999943,0.003846317601062,0.0019408264164097,0.0,0.0009283609518077,-1.0,92.6,162.0,91.5,0.0,0.0,-1.0,92.0,18.0,37.8,38.35,38.0725,38.26,0.5500000000000043,0.0052098651284146,0.0011407438005861,0.0,0.004031399512056,1.0,38.35,180.0,37.8,162.0,38.22,45.0,11.0,13.0,12.375,11.0,2.0,0.0692490363676873,-0.0049246776046574,0.0,-0.0083805963055669,-1.0,13.0,0.0,11.0,194.0,3.0,129.0,12.0,31.0,41.2,48.0,44.025,43.5,6.799999999999997,0.0446230370400389,0.0010752965778977,0.0,0.0102389024428882,1.0,48.0,194.0,41.2,129.0,0.0,-1.0,42.8,31.0,2.0,1.0,1.0,1.0,1.0,1.0,1.0,1.0,1.0,1.0,1.0,1.0,1.0,1.0,1.0,2.0,1.0,136.0,139.0,0.0,1.0,139.0,0.0,-1.0,0.0,-1.0,1.0,136.0,0.0,-1.0,5.0,0.0,16.0,-41.0,13.0,180.0,4.0,194.0,180.0,1.0,0.0,120.0,240.0,2.0,9.99,15.57,15.57,240.0,5.58,0.5585585585585585,120.0,240.0,2.0,138.5,138.9,138.9,240.0,0.4000000000000057,0.0028880866425993,120.0,240.0,2.0,4.54,4.5,4.54,120.0,-0.04,-0.0088105726872246,120.0,240.0,2.0,19.4,21.8,21.8,240.0,2.400000000000002,0.1237113402061856,120.0,240.0,2.0,81.1,84.1,84.1,240.0,3.0,0.0369913686806411,120.0,240.0,2.0,7.3,7.303,7.303,240.0,0.0030000000000001,0.0004109589041096,120.0,240.0,2.0,0.168,0.161,0.168,120.0,-0.007,-0.0416666666666667,120.0,240.0,2.0,2.96,4.41,4.41,240.0,1.4500000000000002,0.4898648648648649,120.0,240.0,2.0,1060.4,1123.8,1123.8,240.0,63.39999999999986,0.0597887589588833,120.0,240.0,2.0,28.0,26.3,28.0,120.0,-1.6999999999999993,-0.0607142857142856,120.0,240.0,2.0,6.98,8.17,8.17,240.0,1.1899999999999995,0.1704871060171919,120.0,240.0,2.0,118.5,113.0,118.5,120.0,-5.5,-0.0464135021097046,120.0,240.0,2.0,298.3,309.7,309.7,240.0,11.399999999999975,0.038216560509554,-3.5999999999999943,3.5999999999999943,-0.0251572327044024,-1,-2.400000000000002,2.400000000000002,-0.0703812316715543,-1,9.600000000000009,9.600000000000009,0.0776071139854487,1,9.900000000000006,9.900000000000006,0.1509146341463415,1,0.7999999999999972,0.7999999999999972,0.0087912087912087,1,-0.9200000000000016,0.9200000000000016,-0.0234813680449209,-1,0,0,0.0,0,0,0,0.0,0,1,0,0,0,0,16.0,1,1,95,12,0,0,1,0,0,1,0,0,0,1,0,1,0,0,1,0,1,0,0,0,1,0,0,1,0,0,1,1,0,0,1,0,0,0,0.0,0.0,1,0,0,1,1,1,1,1,2,1,5606.657999999999,0,2.833213344056216,84.96666666666667,1.68418987838368,0,3,1,3,3,0,3,3,15,8.94375,0.9375,2,58.10000000000001,17701.47,1.156831042845594,40.48908649959579,3
E000825,2025-05-19,134.7,39.0,105.7,78.0,89.2,1,39.02,12,40,Male,White,Syncope. Festival attendee from festival medical tent with symptom onset ~94 minutes before arrival.,1,10,EMS,1,0,0,0,1,177.3,7.268,134.1,5.07,15.7,19.3,1,1,145.6,38.1,100.7,72.5,91.9,1,38.07,9,51.5,10.9,-0.95,-3,4.23,1251.6,7.237,0.166,0,1,1,0,0,0,0,0,0,0,0,1,0,0,1,6.0,128.2,154.3,141.3666666666667,145.6,26.100000000000023,0.0725121393078504,0.0616724682000073,0.0,0.0218719330222125,-1.0,154.3,72.0,128.2,0.0,5.0,72.0,149.14999999999998,35.0,27.0,38.1,31.1,38.1,11.1,0.1154425920965674,0.0230009108949542,0.0,0.0440232739800108,1.0,38.1,240.0,27.0,160.0,6.0,0.0,35.3,-1.0,95.3,124.6,111.05,100.7,29.3,0.0906504786220419,-0.0935871368619663,0.0,-0.1471388226811143,-1.0,124.6,72.0,95.3,215.0,0.0,-1.0,98.0,-1.0,67.6,77.8,71.98333333333333,72.5,10.200000000000005,0.0565689996506321,-0.0232904453625684,0.0,-0.0094978668856529,1.0,77.8,107.0,67.6,160.0,70.45,80.0,89.5,94.2,91.91666666666669,91.9,4.700000000000003,0.0164445667699157,0.0084168320374771,0.0,-0.0019428365413503,-1.0,94.2,160.0,89.5,0.0,2.0,0.0,91.95,-1.0,38.07,38.46,38.208333333333336,38.07,0.3900000000000005,0.0031962250995371,-0.0013499137902988,0.0,-0.0007692230656758,1.0,38.46,0.0,38.07,240.0,38.105,-1.0,9.0,11.0,10.0,9.0,2.0,0.0816496580927726,0.0015371352353687,0.0,0.0031546057243575,-1.0,11.0,160.0,9.0,72.0,6.0,0.0,10.0,35.0,41.3,51.5,45.28333333333333,51.5,10.200000000000005,0.0751414249414892,0.000530270991249,0.0,0.0195094838464157,1.0,51.5,240.0,41.3,215.0,0.0,-1.0,46.4,25.0,2.0,1.0,1.0,1.0,1.0,1.0,1.0,1.0,1.0,1.0,1.0,1.0,1.0,1.0,1.0,2.0,1.0,82.0,174.0,0.0,1.0,174.0,0.0,-1.0,0.0,-1.0,1.0,82.0,0.0,-1.0,5.0,0.0,-38.0,102.0,19.0,240.0,3.0,72.0,-1.0,1.0,0.0,120.0,240.0,2.0,14.02,15.61,15.61,240.0,1.59,0.1134094151212553,120.0,240.0,2.0,139.3,139.4,139.4,240.0,0.0999999999999943,0.0007178750897343,120.0,240.0,2.0,4.63,4.9,4.9,240.0,0.2700000000000004,0.0583153347732182,120.0,240.0,2.0,20.6,20.2,20.6,120.0,-0.4000000000000021,-0.0194174757281554,120.0,240.0,2.0,78.5,68.0,78.5,120.0,-10.5,-0.1337579617834395,120.0,240.0,2.0,7.33,7.237,7.33,120.0,-0.0929999999999999,-0.01268758526603,120.0,240.0,2.0,0.173,0.166,0.173,120.0,-0.0069999999999999,-0.0404624277456646,120.0,240.0,2.0,3.95,4.23,4.23,240.0,0.2800000000000002,0.0708860759493671,120.0,240.0,2.0,1261.6,1251.6,1261.6,120.0,-10.0,-0.0079264426125554,120.0,240.0,2.0,26.5,17.7,26.5,120.0,-8.8,-0.3320754716981132,120.0,240.0,2.0,8.51,10.57,10.57,240.0,2.0600000000000005,0.2420681551116334,120.0,240.0,2.0,141.5,117.9,141.5,120.0,-23.599999999999994,-0.1667844522968197,120.0,240.0,2.0,308.5,305.9,308.5,120.0,-2.6000000000000227,-0.0084278768233388,10.900000000000006,10.900000000000006,0.080920564216778,1,-0.8999999999999986,0.8999999999999986,-0.023076923076923,-1,-5.0,5.0,-0.0473036896877956,-1,-5.5,5.5,-0.0705128205128205,-1,2.700000000000003,2.700000000000003,0.0302690582959641,1,-0.9500000000000028,0.9500000000000028,-0.0243464889800103,-1,-3,3,-0.25,-1,0,0,0.0,0,4,0,0,0,0,94.0,1,1,100,14,0,1,0,0,0,0,1,0,0,1,0,1,0,0,0,0,0,0,1,0,1,0,0,1,0,0,1,1,1,0,1,0,0,0,0.0,0.0,0,0,0,1,1,1,1,1,2,1,5255.994,1,4.553876891600541,87.23333333333333,1.5441345051585784,1,2,1,3,3,1,3,2,14,1.4329787234042553,0.1489361702127659,4,27.700000000000003,14237.79,1.2743614001892145,50.97445600756858,3
E001392,2025-05-22,104.0,21.0,122.0,74.1,97.7,0,37.32,13,60,Female,Asian,Flank Pain sudden onset of right flank pain 1 hr ago.,4,4,Walk-in,0,1,0,1,0,128.2,7.394,134.3,4.41,12.7,8.8,0,0,93.8,12.6,124.7,73.9,96.4,0,36.56,14,34.8,-10.2,-0.76,1,,,,,1,0,0,0,0,0,0,0,0,0,0,4,3,0,0,6.0,78.3,93.8,85.13333333333334,93.8,15.5,0.0610681070574365,0.0222471719696648,0.1192307692307686,0.0360005725737189,1.0,93.8,240.0,78.3,203.0,0.0,-1.0,93.8,-1.0,11.5,20.1,14.833333333333334,12.6,8.600000000000001,0.184529824566453,-0.0038639156039486,-0.0115384615384615,-0.00143429716576,-1.0,20.1,136.0,11.5,67.0,0.0,-1.0,12.6,67.0,109.3,136.5,127.08333333333331,124.7,27.200000000000003,0.0682649091639754,-0.0528619243316527,0.0499999999999991,-0.0916976810764385,1.0,136.5,136.0,109.3,203.0,0.0,-1.0,124.7,37.0,64.8,85.8,76.96666666666665,73.9,21.0,0.094679001624528,-0.0593992289115788,0.0653846153846151,-0.0260549670770109,-1.0,85.8,26.0,64.8,136.0,73.9,-1.0,95.7,99.1,97.3,96.4,3.3999999999999915,0.0144251478392787,-0.0060649070033467,-0.0230769230769229,0.0095619811050674,-1.0,99.1,0.0,95.7,67.0,0.0,-1.0,96.4,136.0,36.56,37.31,36.98166666666666,36.56,0.75,0.0074372094571008,-0.0023467355844594,0.0103846153846153,-0.0032562267391926,-1.0,37.31,26.0,36.56,240.0,36.56,-1.0,14.0,15.0,14.5,14.0,1.0,0.0344827586206896,-0.0022666610176672,0.0384615384615383,-0.0068708846263956,-1.0,15.0,26.0,14.0,0.0,0.0,-1.0,14.0,177.0,33.1,38.6,36.45,34.8,5.5,0.0525993494970993,-0.0007668516713976,0.2115384615384613,-0.0163698826223876,-1.0,38.6,26.0,33.1,0.0,0.0,-1.0,34.8,214.0,1.0,1.0,1.0,1.0,1.0,1.0,1.0,1.0,1.0,1.0,1.0,1.0,1.0,1.0,1.0,1.0,1.0,44.0,44.0,1.0,0.0,-1.0,1.0,44.0,0.0,-1.0,0.0,-1.0,0.0,-1.0,2.0,0.0,44.0,,0.0,0.0,4.0,0.0,203.0,1.0,0.0,0.0,0.0,1.0,4.48,4.48,4.48,0.0,0.0,0.0,0.0,0.0,1.0,138.2,138.2,138.2,0.0,0.0,0.0,0.0,0.0,1.0,3.91,3.91,3.91,0.0,0.0,0.0,0.0,0.0,1.0,24.7,24.7,24.7,0.0,0.0,0.0,0.0,0.0,1.0,51.3,51.3,51.3,0.0,0.0,0.0,0.0,0.0,1.0,7.334,7.334,7.334,0.0,0.0,0.0,0.0,0.0,1.0,0.025,0.025,0.025,0.0,0.0,0.0,0.0,0.0,1.0,1.83,1.83,1.83,0.0,0.0,0.0,0.0,0.0,1.0,98.0,98.0,98.0,0.0,0.0,0.0,0.0,0.0,1.0,15.2,15.2,15.2,0.0,0.0,0.0,0.0,0.0,1.0,0.1,0.1,0.1,0.0,0.0,0.0,0.0,0.0,1.0,114.5,114.5,114.5,0.0,0.0,0.0,0.0,0.0,1.0,283.9,283.9,283.9,0.0,0.0,0.0,-10.200000000000005,10.200000000000005,-0.0980769230769231,-1,-8.4,8.4,-0.4,-1,2.700000000000003,2.700000000000003,0.0221311475409836,1,-0.1999999999999886,0.1999999999999886,-0.0026990553306341,-1,-1.2999999999999972,1.2999999999999972,-0.0133060388945752,-1,-0.759999999999998,0.759999999999998,-0.020364415862808,-1,1,1,0.0769230769230769,1,0,0,0.0,0,2,0,0,0,0,,0,0,53,11,0,0,0,0,1,0,0,0,1,0,0,1,0,0,0,0,1,0,0,0,0,0,0,0,0,0,0,0,0,0,0,0,0,0,0.0,0.0,0,1,1,0,0,0,0,0,1,0,3881.28,0,,90.06666666666666,1.1547002220577351,1,2,1,1,2,0,0,0,5,,,1,47.900000000000006,12688.0,0.8524590163934426,51.14754098360656,1
E001053,2025-05-18,81.1,12.9,135.8,79.7,96.9,0,37.12,15,38,Male,White,"Breathing Difficulty dx w/ bronchitis Tuesday on antibiotics, steroids and cough med n ot better",4,8,EMS,0,0,0,0,0,96.0,7.393,142.3,4.17,13.1,11.2,0,0,105.8,13.3,124.8,83.4,97.9,0,36.98,15,34.7,24.7,-0.14,0,,,,,0,0,1,0,0,0,0,0,0,0,0,0,6,1,0,8.0,69.4,105.8,81.30000000000001,105.8,36.39999999999999,0.1400918674037278,0.0131932118947532,0.1788871349644827,0.1769905638306167,1.0,105.8,240.0,69.4,205.0,0.0,-1.0,88.44999999999999,-1.0,8.6,17.6,13.8625,13.3,9.000000000000002,0.2006570332198997,-0.0115390004670714,-0.0944751381215469,-0.0116665366918817,1.0,17.6,205.0,8.6,221.0,0.0,-1.0,10.95,19.0,94.6,139.2,123.1875,124.8,44.6,0.101917992087818,0.0988315428927294,0.5461325966850835,-0.1191179911097251,-1.0,139.2,166.0,94.6,0.0,0.0,-1.0,126.55,-1.0,74.0,83.7,78.4375,83.4,9.700000000000005,0.0423937332092705,0.0049128133271057,0.1239147592738759,0.0716135069796459,-1.0,83.7,23.0,74.0,0.0,80.2,18.0,96.0,98.3,97.075,97.9,2.299999999999997,0.0086148486652988,-0.0008562976802117,-0.0378847671665361,0.0187124697808626,1.0,98.3,0.0,96.0,156.0,0.0,-1.0,97.15,49.0,36.37,37.18,36.79875,36.98,0.8100000000000023,0.006061934094249,-0.0008664954071305,0.000244672454617,0.0029840910863292,-1.0,37.18,23.0,36.37,205.0,36.93,16.0,13.0,15.0,14.375,15.0,2.0,0.0484153422854784,0.0029814728320099,-0.048539857932123,0.0066677064649458,1.0,15.0,0.0,13.0,41.0,0.0,-1.0,15.0,115.0,33.6,40.5,36.7375,34.7,6.899999999999999,0.0595732199063408,-0.0029402148528724,0.1249802683504339,-0.0062816813538174,-1.0,40.5,41.0,33.6,166.0,0.0,-1.0,35.7,125.0,1.0,1.0,1.0,1.0,1.0,1.0,1.0,1.0,1.0,1.0,1.0,1.0,1.0,1.0,1.0,1.0,1.0,18.0,18.0,1.0,0.0,-1.0,0.0,-1.0,0.0,-1.0,1.0,18.0,0.0,-1.0,5.0,0.0,-102.0,,0.0,0.0,5.0,41.0,205.0,0.0,0.0,120.0,120.0,1.0,9.63,9.63,9.63,120.0,0.0,0.0,120.0,120.0,1.0,137.5,137.5,137.5,120.0,0.0,0.0,120.0,120.0,1.0,4.14,4.14,4.14,120.0,0.0,0.0,120.0,120.0,1.0,24.1,24.1,24.1,120.0,0.0,0.0,120.0,120.0,1.0,48.9,48.9,48.9,120.0,0.0,0.0,120.0,120.0,1.0,7.369,7.369,7.369,120.0,0.0,0.0,120.0,120.0,1.0,0.028,0.028,0.028,120.0,0.0,0.0,120.0,120.0,1.0,1.08,1.08,1.08,120.0,0.0,0.0,120.0,120.0,1.0,290.5,290.5,290.5,120.0,0.0,0.0,120.0,120.0,1.0,15.7,15.7,15.7,120.0,0.0,0.0,120.0,120.0,1.0,2.05,2.05,2.05,120.0,0.0,0.0,120.0,120.0,1.0,79.7,79.7,79.7,120.0,0.0,0.0,120.0,120.0,1.0,284.0,284.0,284.0,120.0,0.0,0.0,24.700000000000003,24.700000000000003,0.3045622688039458,1,0.4000000000000003,0.4000000000000003,0.0310077519379845,1,-11.000000000000014,11.000000000000014,-0.0810014727540501,-1,3.700000000000003,3.700000000000003,0.0464240903387704,1,1.0,1.0,0.0103199174406604,1,-0.1400000000000005,0.1400000000000005,-0.0037715517241379,-1,0,0,0.0,0,0,0,0.0,0,2,0,0,0,0,,0,0,96,15,0,0,0,0,1,0,0,0,1,0,0,1,0,0,0,0,1,0,0,0,0,0,0,0,0,0,0,0,0,0,0,0,0,0,0.0,0.0,0,1,1,0,0,0,0,0,0,0,3010.432,0,,98.4,0.8241869918699185,0,0,0,0,0,0,0,0,0,,,0,56.10000000000001,11013.38,0.59720176730486,22.69366715758468,0
E000722,2025-05-21,64.4,16.5,115.6,69.3,95.3,0,36.71,13,45,Male,White,Wife states pt was c/o heartburn and mild chest pain yesterday evening.,4,3,Walk-in,0,1,0,0,0,72.1,7.39,135.7,4.46,13.2,7.7,0,0,88.2,12.4,124.0,91.7,96.4,0,36.98,14,29.8,23.8,0.27,1,,,,,0,1,0,0,0,0,0,0,0,0,0,3,2,0,1,6.0,73.3,93.8,82.63333333333334,88.2,20.5,0.0812605008132021,0.0193638409307534,-0.1550000000000001,-0.0664895218862375,1.0,93.8,89.0,73.3,40.0,0.0,-1.0,83.30000000000001,91.0,10.1,16.9,13.766666666666667,12.4,6.799999999999999,0.1791440320880766,-0.0225593758290998,0.0274999999999998,-0.0227648757329365,-1.0,16.9,40.0,10.1,180.0,0.0,-1.0,12.1,-1.0,115.4,130.8,123.03333333333336,124.0,15.400000000000006,0.0422171818573532,0.0122574115381212,0.3849999999999997,0.0239216311491382,-1.0,130.8,40.0,115.4,0.0,0.0,-1.0,122.6,49.0,74.0,91.7,80.66666666666667,91.7,17.700000000000003,0.0691133460345802,0.0146511148014582,0.0949999999999998,0.0319214894333139,1.0,91.7,240.0,74.0,180.0,84.45,-1.0,96.3,98.8,97.43333333333334,96.4,2.5,0.0096400977103012,0.0031719516149633,-0.0175000000000001,-0.0058050344546597,-1.0,98.8,228.0,96.3,40.0,0.0,-1.0,97.6,12.0,36.39,36.98,36.76166666666666,36.98,0.5899999999999963,0.005670035980613,-0.0008960665048591,-0.0005,1.7537333262471986e-05,1.0,36.98,240.0,36.39,180.0,36.78,60.0,13.0,15.0,14.333333333333334,14.0,2.0,0.0520015808720881,0.0003537492507394,-0.05,-0.0036491824768383,1.0,15.0,0.0,13.0,40.0,0.0,-1.0,14.5,49.0,29.8,39.2,35.58333333333334,29.8,9.400000000000002,0.0908387412600534,-0.0288846089596825,0.0399999999999999,-0.0408478149191333,-1.0,39.2,40.0,29.8,240.0,1.0,240.0,31.3,-1.0,1.0,1.0,1.0,1.0,1.0,1.0,1.0,1.0,1.0,1.0,1.0,1.0,1.0,1.0,1.0,1.0,1.0,89.0,89.0,0.0,1.0,89.0,0.0,-1.0,0.0,-1.0,0.0,-1.0,0.0,-1.0,4.0,0.0,89.0,,1.0,0.0,3.0,40.0,180.0,1.0,0.0,0.0,0.0,1.0,4.3,4.3,4.3,0.0,0.0,0.0,0.0,0.0,1.0,140.6,140.6,140.6,0.0,0.0,0.0,0.0,0.0,1.0,3.79,3.79,3.79,0.0,0.0,0.0,0.0,0.0,1.0,22.4,22.4,22.4,0.0,0.0,0.0,0.0,0.0,1.0,13.1,13.1,13.1,0.0,0.0,0.0,0.0,0.0,1.0,7.397,7.397,7.397,0.0,0.0,0.0,0.0,0.0,1.0,0.0,0.0,0.0,0.0,0.0,0.0,0.0,0.0,1.0,1.26,1.26,1.26,0.0,0.0,0.0,0.0,0.0,1.0,20.0,20.0,20.0,0.0,0.0,0.0,0.0,0.0,1.0,11.3,11.3,11.3,0.0,0.0,0.0,0.0,0.0,1.0,0.1,0.1,0.1,0.0,0.0,0.0,0.0,0.0,1.0,91.6,91.6,91.6,0.0,0.0,0.0,0.0,0.0,1.0,284.2,284.2,284.2,0.0,0.0,0.0,23.8,23.8,0.3695652173913042,1,-4.1,4.1,-0.2484848484848484,-1,8.400000000000006,8.400000000000006,0.0726643598615917,1,22.40000000000001,22.40000000000001,0.3232323232323233,1,1.1000000000000083,1.1000000000000083,0.0115424973767052,1,0.269999999999996,0.269999999999996,0.0073549441569053,1,1,1,0.0769230769230769,1,0,0,0.0,0,1,0,0,0,0,,0,0,71,12,0,0,0,0,1,0,0,0,1,0,0,0,0,1,0,0,0,0,0,1,0,0,0,0,0,0,0,0,0,0,0,1,0,0,0.0,0.0,0,1,1,0,0,0,0,0,1,0,2364.1240000000003,0,,84.73333333333333,0.7600314712824549,0,2,0,0,0,0,0,0,2,,,0,46.3,7444.64,0.5570934256055364,25.06920415224914,0
E001331,2025-05-19,85.6,17.0,108.8,61.8,97.1,0,37.35,15,63,Male,Hispanic/Latino,Shortness of breath. Festival attendee from campground with symptom onset ~266 minutes before arrival.,4,0,EMS,0,0,1,1,0,94.4,7.4,139.8,3.87,14.0,5.2,1,1,79.1,7.8,117.4,74.9,98.3,0,36.73,15,32.1,-6.5,-0.62,0,,,,,1,0,0,0,0,0,0,0,0,0,0,1,0,0,1,7.0,71.5,102.6,85.2,79.1,31.099999999999994,0.1328522365899626,-0.0254455076505859,0.6219999999999996,-0.1041672992257477,-1.0,102.6,50.0,71.5,0.0,0.0,-1.0,79.1,50.0,7.0,16.5,11.6,7.8,9.5,0.3045434781492361,-0.0156973568366868,0.1659999999999999,-0.0522164870198876,-1.0,16.5,50.0,7.0,203.0,2.0,203.0,7.8,153.0,102.8,139.6,124.2285714285714,117.4,36.8,0.0891971515617088,-0.0580798668457481,0.235999999999999,-0.0099058752087444,-1.0,139.6,50.0,102.8,124.0,0.0,-1.0,117.4,59.0,74.9,84.3,77.57142857142857,74.9,9.399999999999991,0.0403487269445981,-0.0118103708654384,0.0159999999999999,-0.0649612873842416,-1.0,84.3,100.0,74.9,240.0,74.9,24.0,96.7,99.1,97.92857142857144,98.3,2.3999999999999915,0.0090797177648988,0.0076897865804674,0.0099999999999995,0.0078639744952178,-1.0,99.1,203.0,96.7,100.0,0.0,-1.0,98.3,-1.0,36.52,36.96,36.72571428571429,36.73,0.4399999999999977,0.0039775394526728,-0.0010628241297098,-0.0014000000000001,-0.0012684074692576,1.0,36.96,100.0,36.52,203.0,36.73,37.0,14.0,15.0,14.142857142857142,15.0,1.0,0.0247423206341735,0.0025062817703346,-6.80065270718833e-17,0.0053134962805525,1.0,15.0,240.0,14.0,0.0,0.0,-1.0,15.0,-1.0,31.2,38.8,35.64285714285714,32.1,7.599999999999998,0.0790260430583736,-0.0308744995469414,-0.018,-0.0517003188097768,1.0,38.8,100.0,31.2,203.0,0.0,-1.0,32.1,-1.0,0.0,0.0,0.0,0.0,0.0,0.0,0.0,0.0,0.0,0.0,0.0,0.0,0.0,0.0,0.0,1.0,1.0,167.0,167.0,0.0,0.0,-1.0,1.0,167.0,0.0,-1.0,0.0,-1.0,0.0,-1.0,2.0,0.0,,,2.0,37.0,5.0,0.0,183.0,1.0,0.0,,,,,,,,,,,,,,,,,,,,,,,,,,,,,,,,,,,,,,,,,,,,,,,,,,,,,,,,,,,,,,,,,,,,,,,,,,,,,,,,,,,,,,,,,,,,,,,,,,,,,,,,,,,,,,,,,,,,,,-6.5,6.5,-0.0759345794392523,-1,-9.2,9.2,-0.5411764705882353,-1,8.600000000000009,8.600000000000009,0.0790441176470589,1,13.100000000000009,13.100000000000009,0.2119741100323626,1,1.2000000000000028,1.2000000000000028,0.0123583934088568,1,-0.6200000000000045,0.6200000000000045,-0.0165997322623829,-1,0,0,0.0,0,0,0,0.0,0,1,1,1,0,0,266.0,1,1,102,14,0,0,1,0,0,0,0,1,0,0,0,0,0,0,0,0,0,1,0,0,0,0,0,0,0,0,0,0,0,0,0,0,0,0,0.0,0.0,0,1,1,0,0,0,0,0,0,0,3197.16,0,5.58724865840025,77.46666666666667,1.1049913941480207,0,0,0,0,0,1,0,0,1,0.3218045112781955,0.0037593984962406,0,47.0,9313.28,0.7867647058823529,49.56617647058823,0
E000284,2025-05-22,106.6,33.2,104.9,67.7,92.3,1,38.52,10,53,Male,White,Altered mental status. Festival attendee from main stage with symptom onset ~44 minutes before arrival.,2,10,EMS,0,0,0,0,0,136.8,7.278,139.8,4.28,12.0,15.9,1,1,110.2,22.7,124.4,72.5,95.4,0,37.36,12,42.3,3.6,-1.16,2,4.48,701.6,7.306,0.103,1,1,0,0,0,0,1,0,0,1,0,4,3,0,0,6.0,107.4,141.6,120.48333333333332,110.2,34.19999999999999,0.0999709660251453,-0.0003548006523473,0.2285714285714287,-0.1435264715176237,-1.0,141.6,134.0,107.4,130.0,2.0,133.0,110.2,106.0,18.6,23.1,21.83333333333333,22.7,4.5,0.0716256739281826,0.009953502897394,0.2142857142857141,0.004903622418201,-1.0,23.1,21.0,18.6,0.0,0.0,-1.0,22.7,-1.0,112.0,130.9,121.4,124.4,18.90000000000001,0.0602407744690313,0.0580814740275509,-0.1285714285714305,-0.0154807388469164,1.0,130.9,130.0,112.0,21.0,0.0,-1.0,124.4,4.0,66.5,78.8,72.55,72.5,12.299999999999995,0.0507113395130444,-0.0196458933342586,-0.3333333333333342,0.0157105512625316,1.0,78.8,0.0,66.5,134.0,72.5,-1.0,91.1,95.4,92.96666666666664,95.4,4.300000000000011,0.0143061580087917,0.0107385752454977,0.0142857142857136,0.0259716756197753,1.0,95.4,240.0,91.1,134.0,0.0,-1.0,95.4,-1.0,37.36,37.88,37.69166666666666,37.36,0.5200000000000031,0.0047495214591716,-0.0013040008327839,-0.003809523809524,-0.0036669443566689,-1.0,37.88,133.0,37.36,240.0,37.36,-1.0,10.0,13.0,11.666666666666666,12.0,3.0,0.1069044967649697,0.0114854783302682,-1.0210725650700691e-16,-0.0062623883255293,-1.0,13.0,130.0,10.0,0.0,4.0,0.0,12.0,-1.0,36.5,47.0,42.8,42.3,10.5,0.0961546300059201,-0.0248143585828793,-0.0476190476190478,0.0181264542816925,-1.0,47.0,0.0,36.5,133.0,0.0,-1.0,42.3,1.0,3.0,1.0,1.0,1.0,1.0,1.0,1.0,1.0,1.0,1.0,1.0,1.0,1.0,1.0,1.0,3.0,1.0,10.0,142.0,2.0,1.0,46.0,1.0,142.0,0.0,-1.0,0.0,-1.0,1.0,10.0,4.0,0.0,10.0,-87.0,6.0,130.0,3.0,0.0,-1.0,0.0,0.0,0.0,240.0,3.0,11.31,10.43,11.31,0.0,-0.8800000000000008,-0.0778072502210433,0.0,240.0,3.0,137.6,143.2,143.2,240.0,5.599999999999994,0.0406976744186046,0.0,240.0,3.0,4.54,4.88,5.25,120.0,0.3399999999999998,0.0748898678414096,0.0,240.0,3.0,20.3,24.6,24.6,240.0,4.300000000000001,0.2118226600985222,0.0,240.0,3.0,66.3,17.6,66.3,0.0,-48.7,-0.7345399698340874,0.0,240.0,3.0,7.313,7.306,7.323,120.0,-0.0069999999999996,-0.0009571995077259,0.0,240.0,3.0,0.156,0.103,0.156,0.0,-0.053,-0.3397435897435897,0.0,240.0,3.0,4.39,4.48,4.48,240.0,0.0900000000000007,0.0205011389521641,0.0,240.0,3.0,805.2,701.6,805.2,0.0,-103.60000000000002,-0.1286636860407352,0.0,240.0,3.0,16.7,21.0,21.0,240.0,4.300000000000001,0.2574850299401198,0.0,240.0,3.0,8.59,5.06,8.59,0.0,-3.53,-0.4109429569266589,0.0,240.0,3.0,146.4,106.1,146.4,0.0,-40.30000000000001,-0.2752732240437159,0.0,240.0,3.0,292.4,288.1,294.4,120.0,-4.2999999999999545,-0.014705882352941,3.6000000000000085,3.6000000000000085,0.0337711069418387,1,-10.500000000000004,10.500000000000004,-0.3162650602409639,-1,19.5,19.5,0.1858913250714966,1,4.799999999999997,4.799999999999997,0.070901033973412,1,3.1000000000000085,3.1000000000000085,0.0335861321776815,1,-1.1600000000000037,1.1600000000000037,-0.0301142263759087,-1,2,2,0.2,1,-1,1,-1.0,-1,2,0,0,0,1,44.0,1,1,103,15,1,0,0,0,0,1,0,0,0,0,1,0,0,1,1,0,0,0,0,0,0,0,1,0,0,0,0,1,0,0,1,0,0,0,0.0,0.1111111111111111,0,0,0,0,1,0,0,1,2,1,4106.232,0,3.80666248977032,80.10000000000001,1.3308364544319595,0,3,1,1,3,1,2,2,12,2.4227272727272724,0.2727272727272727,2,37.2,11182.34,1.0162059103908485,53.85891325071496,3
E002180,2025-05-20,81.5,16.4,106.8,64.4,95.9,0,37.37,14,42,Female,Asian,General weakness. Community patient from restaurant with symptom onset ~130 minutes before arrival.,5,5,EMS,0,0,0,0,0,96.9,7.391,145.0,4.2,11.9,10.7,0,0,88.8,15.0,135.1,72.9,99.5,0,36.72,13,29.7,7.3,-0.65,-1,1.18,339.7,7.425,0.022,0,0,0,0,0,0,0,0,0,0,0,2,1,0,1,7.0,51.9,98.0,80.38571428571427,88.8,46.1,0.1748512893249415,0.0362973254602293,0.0,0.0404030681000676,-1.0,98.0,92.0,51.9,128.0,0.0,-1.0,88.35,17.0,10.8,18.8,13.914285714285716,15.0,8.0,0.1706969551865935,0.0135538133280405,0.0,0.0239388811769831,1.0,18.8,170.0,10.8,128.0,0.0,-1.0,14.7,56.0,111.7,141.4,127.54285714285716,135.1,29.700000000000003,0.0752254686148626,-0.0238674142807521,0.0,0.0820625576282005,1.0,141.4,0.0,111.7,92.0,0.0,-1.0,129.5,36.0,68.2,95.8,80.05714285714285,72.9,27.599999999999994,0.1064307206811952,-0.0939810450057063,0.0,-0.0706169637157648,1.0,95.8,0.0,68.2,226.0,70.55000000000001,-1.0,95.0,99.5,97.61428571428571,99.5,4.5,0.0145025483879262,0.0085074182503846,0.0,0.0237443385042506,1.0,99.5,240.0,95.0,128.0,0.0,-1.0,99.05,17.0,36.46,37.0,36.64571428571429,36.72,0.5399999999999991,0.004579834457415,-0.0002902793628739,0.0,-0.0015806592159525,-1.0,37.0,92.0,36.46,145.0,36.605,36.0,13.0,14.0,13.714285714285714,13.0,1.0,0.0329403922934206,-0.0030764650424254,0.0,-0.0046406533391425,-1.0,14.0,0.0,13.0,170.0,0.0,-1.0,13.5,56.0,29.5,39.2,34.099999999999994,29.7,9.700000000000005,0.0975266225707677,0.0044162159479978,0.0,-0.0358343550201129,-1.0,39.2,92.0,29.5,0.0,2.0,0.0,32.85,36.0,1.0,1.0,1.0,1.0,1.0,1.0,1.0,1.0,1.0,1.0,1.0,1.0,1.0,1.0,1.0,1.0,1.0,134.0,134.0,0.0,0.0,-1.0,0.0,-1.0,0.0,-1.0,0.0,-1.0,1.0,134.0,3.0,0.0,-106.0,,2.0,92.0,4.0,170.0,226.0,1.0,0.0,240.0,240.0,1.0,2.16,2.16,2.16,240.0,0.0,0.0,240.0,240.0,1.0,136.3,136.3,136.3,240.0,0.0,0.0,240.0,240.0,1.0,3.45,3.45,3.45,240.0,0.0,0.0,240.0,240.0,1.0,21.0,21.0,21.0,240.0,0.0,0.0,240.0,240.0,1.0,48.2,48.2,48.2,240.0,0.0,0.0,240.0,240.0,1.0,7.425,7.425,7.425,240.0,0.0,0.0,240.0,240.0,1.0,0.022,0.022,0.022,240.0,0.0,0.0,240.0,240.0,1.0,1.18,1.18,1.18,240.0,0.0,0.0,240.0,240.0,1.0,339.7,339.7,339.7,240.0,0.0,0.0,240.0,240.0,1.0,11.2,11.2,11.2,240.0,0.0,0.0,240.0,240.0,1.0,3.62,3.62,3.62,240.0,0.0,0.0,240.0,240.0,1.0,130.8,130.8,130.8,240.0,0.0,0.0,240.0,240.0,1.0,292.1,292.1,292.1,240.0,0.0,0.0,7.299999999999997,7.299999999999997,0.0895705521472392,1,-1.3999999999999986,1.3999999999999986,-0.0853658536585365,-1,28.3,28.3,0.2649812734082397,1,8.5,8.5,0.1319875776397515,1,3.5999999999999943,3.5999999999999943,0.0375391032325338,1,-0.6499999999999986,0.6499999999999986,-0.0173936312550173,-1,-1,1,-0.0714285714285714,-1,0,0,0.0,0,3,0,0,0,0,130.0,1,0,99,13,0,0,0,0,1,0,1,0,0,0,0,0,0,0,0,0,0,1,0,0,0,0,0,0,0,0,0,0,0,0,0,0,0,0,0.0,0.0,0,1,1,0,0,0,0,0,0,0,3045.655,0,4.875197323201151,78.53333333333333,1.0377758913412565,0,1,0,0,0,1,0,0,2,0.6269230769230769,0.0153846153846153,0,42.39999999999999,8704.199999999999,0.7631086142322098,32.05056179775281,0
E002013,2025-05-22,95.0,17.7,111.1,81.5,95.7,0,37.53,13,44,Female,Black,Anxiety/panic. Festival attendee from festival medical tent with symptom onset ~121 minutes before arrival.,5,7,EMS,0,0,1,0,0,104.1,7.412,138.7,3.21,15.8,9.9,1,1,80.4,15.4,141.2,69.4,96.1,0,36.75,15,39.8,-14.6,-0.78,2,1.95,252.1,7.407,0.0,1,0,0,0,0,0,0,0,0,0,0,4,3,0,0,7.0,69.0,98.4,85.98571428571428,80.4,29.40000000000001,0.1109841290775916,-0.0642836166875976,-0.2842105263157897,-0.1028296259911581,1.0,98.4,0.0,69.0,186.0,0.0,-1.0,83.05000000000001,36.0,12.6,19.8,15.471428571428572,15.4,7.200000000000001,0.1388300260042183,-0.0171009141064812,-0.0701754385964913,0.003213809557224,1.0,19.8,0.0,12.6,120.0,0.0,-1.0,14.4,11.0,111.5,141.2,126.61428571428571,141.2,29.69999999999999,0.0665690731031049,0.0600192443469732,0.3526315789473679,0.0560697494912639,-1.0,141.2,240.0,111.5,0.0,0.0,-1.0,131.5,-1.0,69.4,92.3,79.05714285714285,69.4,22.89999999999999,0.0890271710084979,-0.0533512030840939,-0.2929824561403509,-0.0423742193530277,1.0,92.3,0.0,69.4,240.0,74.5,-1.0,95.7,97.9,96.71428571428572,96.1,2.200000000000003,0.0082612298104044,-0.0015757871125355,0.0298245614035086,-0.0016595326643743,-1.0,97.9,57.0,95.7,131.0,0.0,-1.0,96.7,74.0,36.74,37.07,36.87571428571429,36.75,0.3299999999999983,0.0034358839729813,-0.0010313845307939,-0.0031578947368421,-0.0009188828854115,1.0,37.07,0.0,36.74,186.0,36.825,-1.0,13.0,15.0,14.428571428571429,15.0,2.0,0.0504853417187404,0.0042268833530151,0.0350877192982455,0.0005789067433864,-1.0,15.0,57.0,13.0,0.0,0.0,-1.0,14.5,74.0,32.1,39.8,35.74285714285714,39.8,7.699999999999996,0.0721530800519255,-0.001217454872631,-0.0666666666666667,0.0247123008911655,1.0,39.8,240.0,32.1,222.0,0.0,-1.0,35.95,18.0,1.0,1.0,1.0,1.0,1.0,1.0,1.0,1.0,1.0,1.0,1.0,1.0,1.0,1.0,1.0,1.0,1.0,74.0,74.0,0.0,0.0,-1.0,1.0,74.0,0.0,-1.0,0.0,-1.0,0.0,-1.0,2.0,0.0,-166.0,,0.0,0.0,4.0,0.0,186.0,1.0,0.0,240.0,240.0,1.0,9.47,9.47,9.47,240.0,0.0,0.0,240.0,240.0,1.0,138.8,138.8,138.8,240.0,0.0,0.0,240.0,240.0,1.0,3.65,3.65,3.65,240.0,0.0,0.0,240.0,240.0,1.0,25.2,25.2,25.2,240.0,0.0,0.0,240.0,240.0,1.0,35.5,35.5,35.5,240.0,0.0,0.0,240.0,240.0,1.0,7.407,7.407,7.407,240.0,0.0,0.0,240.0,240.0,1.0,0.0,0.0,0.0,240.0,0.0,0.0,240.0,240.0,1.0,1.95,1.95,1.95,240.0,0.0,0.0,240.0,240.0,1.0,252.1,252.1,252.1,240.0,0.0,0.0,240.0,240.0,1.0,16.5,16.5,16.5,240.0,0.0,0.0,240.0,240.0,1.0,0.1,0.1,0.1,240.0,0.0,0.0,240.0,240.0,1.0,78.4,78.4,78.4,240.0,0.0,0.0,240.0,240.0,1.0,282.5,282.5,282.5,240.0,0.0,0.0,-14.599999999999994,14.599999999999994,-0.1536842105263157,-1,-2.299999999999999,2.299999999999999,-0.1299435028248587,-1,30.099999999999994,30.099999999999994,0.2709270927092709,1,-12.099999999999994,12.099999999999994,-0.1484662576687115,-1,0.3999999999999915,0.3999999999999915,0.0041797283176592,1,-0.7800000000000011,0.7800000000000011,-0.0207833733013589,-1,2,2,0.1538461538461538,1,0,0,0.0,0,1,0,0,0,0,121.0,1,1,107,14,0,1,0,0,0,0,1,0,0,0,0,0,0,0,0,0,0,1,0,1,1,0,0,0,1,0,0,0,0,0,0,0,0,0,0.0,0.0,0,1,1,0,0,0,0,0,1,0,3565.35,1,4.804021044733257,91.36666666666666,1.0397665085735133,0,2,0,1,0,0,0,0,3,0.7851239669421488,0.024793388429752,1,29.599999999999994,10554.5,0.8550855085508551,37.62376237623762,0
E001889,2025-05-19,141.3,20.7,116.6,55.9,94.9,0,37.82,14,39,Female,White,Pt has been worked up for same pain radiating through back x3 months.,1,9,Festival Medical Tent Transfer,0,1,1,0,0,136.3,7.258,135.6,4.72,15.4,16.2,1,0,103.8,23.5,115.8,74.6,95.6,0,37.87,13,41.7,-37.5,0.05,-1,1.68,419.6,7.393,0.078,1,1,1,0,0,0,0,0,0,0,0,1,0,0,1,9.0,94.9,130.7,114.83333333333331,103.8,35.79999999999998,0.1034050109176016,-0.041072206253811,0.0,-0.0436395519788392,1.0,130.7,182.0,94.9,172.0,1.0,182.0,107.95,10.0,16.1,30.3,20.23333333333333,23.5,14.2,0.2025756329349508,-0.0326191098336382,0.0,0.0085908116693334,1.0,30.3,0.0,16.1,134.0,1.0,0.0,20.7,106.0,98.6,140.3,120.59999999999998,115.8,41.70000000000002,0.089236899501403,-0.0431343088581136,0.0,-0.053367539131,-1.0,140.3,146.0,98.6,178.0,0.0,-1.0,119.15,4.0,64.5,95.5,80.21111111111111,74.6,31.0,0.134971929019902,0.0415069825508809,0.0,-0.0338023345752125,-1.0,95.5,62.0,64.5,0.0,83.5,72.0,93.6,96.5,94.8111111111111,95.6,2.9000000000000057,0.0099371695421071,0.0042084022878375,0.0,0.0027354797569771,1.0,96.5,134.0,93.6,172.0,0.0,-1.0,95.05,12.0,37.22,37.98,37.59333333333333,37.87,0.759999999999998,0.006702518598675,-0.000441381412769,0.0,-0.000826075917977,1.0,37.98,62.0,37.22,134.0,37.59,12.0,12.0,15.0,13.333333333333334,13.0,3.0,0.0790569415042094,0.0034404668582875,0.0,0.0048356527540783,1.0,15.0,172.0,12.0,62.0,2.0,62.0,12.5,6.0,38.4,44.6,41.3,41.7,6.200000000000003,0.0439556055018244,0.0068134308858112,0.0,0.0076856766666467,1.0,44.6,134.0,38.4,62.0,0.0,-1.0,40.75,12.0,3.0,1.0,1.0,1.0,1.0,1.0,1.0,1.0,1.0,1.0,1.0,1.0,1.0,1.0,1.0,4.0,1.0,118.0,179.0,0.0,1.0,170.0,1.0,118.0,0.0,-1.0,1.0,172.0,1.0,179.0,5.0,0.0,118.0,-12.0,4.0,72.0,4.0,62.0,182.0,1.0,0.0,0.0,240.0,3.0,10.34,9.56,10.34,0.0,-0.7799999999999994,-0.0754352030947775,0.0,240.0,3.0,137.2,138.7,141.0,120.0,1.5,0.0109329446064139,0.0,240.0,3.0,4.65,3.68,4.65,0.0,-0.9700000000000002,-0.2086021505376344,0.0,240.0,3.0,18.4,24.7,24.7,240.0,6.300000000000001,0.3423913043478261,0.0,240.0,3.0,36.9,45.0,47.2,120.0,8.100000000000001,0.2195121951219512,0.0,240.0,3.0,7.343,7.393,7.393,240.0,0.0499999999999998,0.0068092060465749,0.0,240.0,3.0,0.085,0.078,0.088,120.0,-0.007,-0.0823529411764706,0.0,240.0,3.0,3.85,1.68,4.27,120.0,-2.17,-0.5636363636363636,0.0,240.0,3.0,828.8,419.6,828.8,0.0,-409.19999999999993,-0.4937258687258686,0.0,240.0,3.0,17.8,19.5,19.5,240.0,1.6999999999999993,0.095505617977528,0.0,240.0,3.0,5.35,3.35,5.53,120.0,-2.0,-0.3738317757009345,0.0,240.0,3.0,126.7,121.9,126.7,0.0,-4.799999999999997,-0.0378847671665351,0.0,240.0,3.0,300.9,293.2,304.8,120.0,-7.699999999999989,-0.0255898969757394,-37.500000000000014,37.500000000000014,-0.2653927813163482,-1,2.8000000000000007,2.8000000000000007,0.1352657004830918,1,-0.7999999999999972,0.7999999999999972,-0.006861063464837,-1,18.7,18.7,0.3345259391771019,1,0.6999999999999886,0.6999999999999886,0.0073761854583771,1,0.0499999999999971,0.0499999999999971,0.0013220518244314,1,-1,1,-0.0714285714285714,-1,0,0,0.0,0,2,0,0,0,0,,0,0,69,13,0,0,0,0,1,0,0,0,1,1,0,0,0,0,0,0,1,0,1,0,0,0,0,0,0,0,0,0,0,0,0,0,0,0,0.0,0.0,0,0,0,1,0,0,0,1,0,1,5343.966,0,,76.13333333333333,1.8559544658493876,0,1,1,3,1,0,1,0,6,,,2,60.7,16475.58,1.211835334476844,47.26157804459692,1
E001539,2025-05-22,96.3,21.3,120.1,78.5,96.0,0,37.51,13,64,Female,Black,Altered mental status. Festival attendee from main stage with symptom onset ~177 minutes before arrival.,3,4,Walk-in,0,1,1,0,1,110.8,7.334,139.3,4.28,14.1,11.0,1,1,84.7,18.5,133.5,73.0,96.0,0,37.17,14,32.7,-11.6,-0.34,1,,,,,1,0,1,0,0,0,0,0,0,0,0,4,3,0,0,9.0,74.4,107.0,92.52222222222224,84.7,32.599999999999994,0.0924294061542969,-0.0613513392546325,-0.338461538461539,-0.0281895937277266,1.0,107.0,0.0,74.4,131.0,0.0,-1.0,84.7,69.0,12.7,24.5,18.31111111111112,18.5,11.8,0.1967105357525332,-0.0091639231756199,0.1487179487179486,0.0111502138275124,-1.0,24.5,39.0,12.7,73.0,1.0,39.0,18.5,11.0,109.0,139.5,127.72222222222224,133.5,30.5,0.0690839180810552,0.0483031797972965,-0.187179487179487,0.0839406628652882,1.0,139.5,131.0,109.0,84.0,0.0,-1.0,133.5,30.0,65.9,84.3,76.38888888888889,73.0,18.39999999999999,0.0825395272201083,-0.0138349031738295,0.4717948717948713,-0.0570162152530291,-1.0,84.3,39.0,65.9,0.0,73.0,92.0,94.4,97.0,95.84444444444443,96.0,2.5999999999999943,0.0087723553964259,0.0013616335624271,-0.0230769230769233,-0.0016838916607272,1.0,97.0,117.0,94.4,114.0,0.0,-1.0,96.0,3.0,36.83,37.35,37.04333333333334,37.17,0.5200000000000031,0.0046269990577458,0.0011183497279716,0.0005128205128201,0.0007083036350677,-1.0,37.35,114.0,36.83,131.0,37.17,3.0,12.0,15.0,13.88888888888889,14.0,3.0,0.0715541752799932,0.0036900369003689,0.0512820512820512,0.0067712045616535,-1.0,15.0,39.0,12.0,73.0,1.0,73.0,14.0,34.0,32.7,44.1,38.16666666666666,32.7,11.4,0.0923702078401275,-0.0283145681861131,0.0794871794871792,-0.0581833570919459,-1.0,44.1,114.0,32.7,240.0,0.0,-1.0,32.7,3.0,0.0,0.0,0.0,0.0,0.0,0.0,0.0,0.0,0.0,0.0,0.0,0.0,0.0,0.0,0.0,2.0,1.0,40.0,194.0,1.0,0.0,-1.0,1.0,194.0,0.0,-1.0,1.0,40.0,0.0,-1.0,5.0,0.0,,,2.0,34.0,4.0,73.0,200.0,1.0,0.0,,,,,,,,,,,,,,,,,,,,,,,,,,,,,,,,,,,,,,,,,,,,,,,,,,,,,,,,,,,,,,,,,,,,,,,,,,,,,,,,,,,,,,,,,,,,,,,,,,,,,,,,,,,,,,,,,,,,,,-11.599999999999994,11.599999999999994,-0.1204569055036344,-1,-2.8000000000000007,2.8000000000000007,-0.1314553990610329,-1,13.400000000000006,13.400000000000006,0.1115736885928393,1,-5.5,5.5,-0.0700636942675159,-1,0.0,0.0,0.0,0,-0.3399999999999963,0.3399999999999963,-0.0090642495334576,-1,1,1,0.0769230769230769,1,0,0,0.0,0,0,0,0,0,0,177.0,1,1,104,15,1,0,0,0,0,0,1,0,0,0,1,0,0,1,0,0,0,0,0,0,0,0,1,0,0,0,0,0,0,0,0,0,0,0,0.0,0.1111111111111111,0,1,0,0,0,0,0,1,1,0,3612.213,0,5.181783550292085,92.36666666666666,1.0425839047275351,0,2,1,1,2,0,0,0,5,0.5440677966101695,0.0282485875706214,1,41.6,11565.63,0.8018318068276437,51.3172356369692,0
E001761,2025-05-20,107.2,34.8,140.8,69.5,92.0,1,38.29,11,39,Female,White,Altered mental status. Festival attendee from main stage with symptom onset ~50 minutes before arrival.,2,6,EMS,0,0,0,0,0,149.7,7.263,141.1,4.47,12.9,15.8,1,1,85.9,21.2,124.5,80.8,96.3,0,37.75,13,42.9,-21.3,-0.54,2,2.3,423.0,7.338,0.046,1,1,0,1,0,1,0,0,0,0,0,2,1,0,1,8.0,85.9,122.3,101.8375,85.9,36.39999999999999,0.1228505127661046,-0.1473213906457142,-0.2417643429981508,-0.1604202319832664,1.0,122.3,0.0,85.9,240.0,0.0,-1.0,87.75,-1.0,14.5,25.8,21.175,21.2,11.3,0.1632143335134776,-0.0116578694978571,0.1089759407772976,0.0736927172466248,-1.0,25.8,44.0,14.5,138.0,3.0,35.0,22.7,33.0,109.2,132.4,119.8625,124.5,23.200000000000003,0.0619258742069385,0.0478827550899501,0.1503701418877229,-0.0421848260125497,1.0,132.4,171.0,109.2,0.0,0.0,-1.0,118.5,42.0,68.7,80.8,74.775,80.8,12.099999999999994,0.0541985920089908,0.034735738414453,-0.0530228254164097,0.0969766115231034,1.0,80.8,240.0,68.7,138.0,79.35,-1.0,93.5,96.3,94.5625,96.3,2.799999999999997,0.0113273372694694,0.00718908659231,-0.0007711289327581,0.0004183304810802,1.0,96.3,240.0,93.5,35.0,0.0,-1.0,94.9,-1.0,37.12,37.98,37.61375,37.75,0.8599999999999994,0.0072345465556145,-0.0019053974598873,-0.0023812461443556,0.003377067883628,1.0,37.98,35.0,37.12,171.0,37.655,42.0,11.0,13.0,12.25,13.0,2.0,0.0676862202113346,0.0083567514637728,0.0080197409006785,0.0025670279520821,-1.0,13.0,138.0,11.0,0.0,4.0,0.0,13.0,33.0,40.8,43.8,41.9875,42.9,3.0,0.0237998601401287,0.0005810379094261,0.0485811227637258,0.0207263738353299,-1.0,43.8,35.0,40.8,0.0,0.0,-1.0,42.65,9.0,3.0,1.0,1.0,1.0,1.0,1.0,1.0,1.0,1.0,1.0,1.0,1.0,1.0,1.0,1.0,5.0,1.0,99.0,225.0,0.0,1.0,115.0,1.0,99.0,1.0,108.0,0.0,-1.0,1.0,100.0,7.0,0.0,99.0,,7.0,138.0,2.0,0.0,213.0,1.0,1.0,0.0,240.0,3.0,6.8,11.09,12.07,120.0,4.29,0.6308823529411764,0.0,240.0,3.0,139.8,137.6,139.8,0.0,-2.200000000000017,-0.0157367668097283,0.0,240.0,3.0,4.16,3.92,4.16,0.0,-0.2400000000000002,-0.0576923076923077,0.0,240.0,3.0,22.8,22.0,22.8,0.0,-0.8000000000000007,-0.0350877192982456,0.0,240.0,3.0,62.1,37.2,81.0,120.0,-24.9,-0.4009661835748792,0.0,240.0,3.0,7.318,7.338,7.338,240.0,0.0200000000000004,0.0027329871549604,0.0,240.0,3.0,0.098,0.046,0.098,0.0,-0.052,-0.5306122448979592,0.0,240.0,3.0,3.76,2.3,4.0,120.0,-1.46,-0.3882978723404255,0.0,240.0,3.0,643.4,423.0,643.4,0.0,-220.4,-0.3425551756294684,0.0,240.0,3.0,21.7,10.6,21.7,0.0,-11.1,-0.511520737327189,0.0,240.0,3.0,5.18,5.03,5.18,0.0,-0.1499999999999994,-0.0289575289575288,0.0,240.0,3.0,121.0,113.1,129.4,120.0,-7.900000000000006,-0.0652892561983471,0.0,240.0,3.0,285.0,291.2,295.9,120.0,6.199999999999989,0.0217543859649122,-21.3,21.3,-0.1986940298507462,-1,-13.599999999999998,13.599999999999998,-0.3908045977011494,-1,-16.30000000000001,16.30000000000001,-0.1157670454545455,-1,11.299999999999995,11.299999999999995,0.1625899280575539,1,4.299999999999997,4.299999999999997,0.0467391304347825,1,-0.5399999999999991,0.5399999999999991,-0.0141028989292243,-1,2,2,0.1818181818181818,1,-1,1,-1.0,-1,2,0,0,0,1,50.0,1,1,103,15,1,0,0,0,0,1,0,0,0,0,1,0,0,1,0,0,0,1,0,1,0,0,1,0,1,0,0,0,0,0,0,0,0,0,0.0,0.1111111111111111,0,0,0,0,1,1,0,1,2,1,4104.688,0,3.9318256327243257,93.26666666666668,1.1493924231593995,0,3,1,1,3,0,2,2,11,2.144,0.22,2,71.30000000000001,15093.760000000002,0.7613636363636364,29.693181818181817,4
E000173,2025-05-19,107.7,31.8,95.7,69.7,92.9,1,38.15,11,40,Male,White,Headache. Festival attendee from beach shuttle stop with symptom onset ~91 minutes before arrival.,2,7,EMS,0,0,1,0,1,147.9,7.345,135.1,4.8,14.8,13.9,1,1,94.9,20.5,125.6,76.7,94.8,0,37.4,12,43.8,-12.8,-0.75,1,4.07,673.7,7.385,0.072,1,0,0,0,0,0,0,0,0,0,0,1,0,0,1,8.0,94.9,126.8,111.375,94.9,31.89999999999999,0.1129617224225378,-0.0443230277185503,1.079166666666666,-0.1173972045053601,-1.0,126.8,24.0,94.9,240.0,0.0,-1.0,94.9,123.0,18.3,27.4,22.512500000000003,20.5,9.099999999999998,0.1251943664922538,-0.0182743562407742,-0.2291666666666668,-0.0348826163658569,1.0,27.4,78.0,18.3,150.0,2.0,0.0,20.5,10.0,98.0,129.9,119.0125,125.6,31.90000000000001,0.080673026530452,0.0756775873380347,0.2583333333333331,0.1515198805808118,-1.0,129.9,160.0,98.0,78.0,0.0,-1.0,125.6,-1.0,62.3,81.5,73.2875,76.7,19.200000000000003,0.0827105498873312,-0.0270901672953914,0.1583333333333333,-0.0477133939476184,1.0,81.5,78.0,62.3,197.0,76.7,43.0,93.2,94.9,94.35,94.8,1.7000000000000028,0.0067658427847396,0.0068025258323761,0.0083333333333326,0.0009770660876645,-1.0,94.9,160.0,93.2,0.0,0.0,-1.0,94.8,-1.0,37.35,37.75,37.52,37.4,0.3999999999999986,0.0037265808779609,-0.0007655404297196,0.0066666666666662,0.0003894693988329,-1.0,37.75,24.0,37.35,160.0,37.4,37.0,11.0,13.0,12.125,12.0,2.0,0.0494415620960074,0.0030445300967688,-0.0416666666666666,-0.0018319989143709,1.0,13.0,147.0,11.0,24.0,6.0,0.0,12.0,54.0,39.4,44.6,42.5375,43.8,5.200000000000003,0.0367205388180873,-0.0076523290142694,-0.0375000000000001,0.0082304247523409,1.0,44.6,0.0,39.4,160.0,0.0,-1.0,43.8,80.0,2.0,1.0,1.0,1.0,1.0,1.0,1.0,1.0,1.0,1.0,1.0,1.0,1.0,1.0,1.0,2.0,1.0,78.0,160.0,0.0,0.0,-1.0,1.0,78.0,0.0,-1.0,0.0,-1.0,1.0,160.0,3.0,0.0,-42.0,,8.0,147.0,5.0,24.0,-1.0,1.0,0.0,120.0,240.0,2.0,8.09,12.31,12.31,240.0,4.220000000000001,0.5216316440049444,120.0,240.0,2.0,137.6,139.5,139.5,240.0,1.9000000000000057,0.0138081395348837,120.0,240.0,2.0,4.23,4.16,4.23,120.0,-0.0700000000000002,-0.016548463356974,120.0,240.0,2.0,20.6,23.4,23.4,240.0,2.799999999999997,0.1359223300970872,120.0,240.0,2.0,54.1,53.7,54.1,120.0,-0.3999999999999986,-0.0073937153419593,120.0,240.0,2.0,7.327,7.385,7.385,240.0,0.0579999999999998,0.0079159273918383,120.0,240.0,2.0,0.063,0.072,0.072,240.0,0.0089999999999999,0.1428571428571427,120.0,240.0,2.0,3.68,4.07,4.07,240.0,0.3900000000000001,0.1059782608695652,120.0,240.0,2.0,457.6,673.7,673.7,240.0,216.1,0.4722465034965035,120.0,240.0,2.0,5.0,17.1,17.1,240.0,12.1,2.4200000000000004,120.0,240.0,2.0,3.77,0.94,3.77,120.0,-2.83,-0.7506631299734748,120.0,240.0,2.0,121.0,116.6,121.0,120.0,-4.400000000000006,-0.0363636363636364,120.0,240.0,2.0,302.3,290.0,302.3,120.0,-12.300000000000011,-0.0406880582203109,-12.799999999999995,12.799999999999995,-0.1188486536675951,-1,-11.3,11.3,-0.3553459119496855,-1,29.89999999999999,29.89999999999999,0.3124346917450364,1,7.0,7.0,0.1004304160688665,1,1.899999999999992,1.899999999999992,0.0204520990312162,1,-0.75,0.75,-0.019659239842726,-1,1,1,0.0909090909090909,1,-1,1,-1.0,-1,1,0,0,0,1,91.0,1,1,98,14,0,0,0,1,0,0,1,0,0,0,1,0,0,1,0,0,0,1,0,0,0,0,1,0,0,0,0,0,0,0,0,0,0,0,0.0,0.0,0,0,0,0,1,1,0,1,2,1,4108.755,0,4.5217885770490405,78.36666666666667,1.3743088047639302,0,3,1,1,3,2,2,2,13,1.1835164835164835,0.1428571428571428,2,26.0,10306.89,1.1253918495297806,45.01567398119122,3
E001502,2025-05-18,114.3,24.1,108.0,72.5,94.9,0,38.41,12,50,Male,Hispanic/Latino,General weakness. Festival attendee from festival medical tent with symptom onset ~222 minutes before arrival.,3,9,EMS,0,0,0,0,0,140.1,7.324,142.7,4.3,13.3,14.5,1,1,102.4,21.1,129.7,77.1,97.2,0,36.94,13,41.2,-11.9,-1.47,1,2.35,254.4,7.326,0.069,1,1,0,0,0,0,0,1,0,0,0,0,6,1,0,9.0,80.1,113.5,98.63333333333333,102.4,33.400000000000006,0.1182049661591138,-0.0673626518256686,-4.811443490139453e-16,0.0244578982735447,1.0,113.5,0.0,80.1,228.0,0.0,-1.0,97.53333333333336,12.0,16.9,24.7,19.788888888888888,21.1,7.800000000000001,0.1127307716047294,-0.0013151957281991,0.0222222222222222,-0.0181361780212964,1.0,24.7,69.0,16.9,155.0,1.0,69.0,20.066666666666663,78.0,111.9,139.1,124.47777777777776,129.7,27.19999999999999,0.0694011537446322,-0.0151304854661002,0.3799999999999995,0.0256868344877491,1.0,139.1,45.0,111.9,228.0,0.0,-1.0,122.5,24.0,57.7,98.3,78.17777777777778,77.1,40.6,0.1395981819071309,-0.0540792689805589,0.0622222222222216,-0.1264544350253284,-1.0,98.3,69.0,57.7,224.0,73.03333333333333,4.0,93.5,98.1,95.8,97.2,4.599999999999994,0.0176323722467918,0.0139502876696873,0.0066666666666663,0.0074059237051586,1.0,98.1,159.0,93.5,0.0,0.0,-1.0,96.36666666666667,69.0,36.94,37.78,37.28888888888888,36.94,0.8400000000000034,0.0068341960391006,-0.0022157710675741,-0.0108888888888888,-0.0020382120334953,-1.0,37.78,0.0,36.94,240.0,37.12,-1.0,10.0,14.0,12.666666666666666,13.0,4.0,0.1052631578947368,0.0043376076411085,0.0888888888888888,-0.0016476274165202,-1.0,14.0,45.0,10.0,0.0,3.0,0.0,12.333333333333334,24.0,34.9,43.4,39.3111111111111,41.2,8.5,0.0762053532129116,-0.012589403226413,-0.0800000000000002,0.0015003101416312,1.0,43.4,0.0,34.9,224.0,0.0,-1.0,39.266666666666666,4.0,2.0,1.0,1.0,1.0,1.0,1.0,1.0,1.0,1.0,1.0,1.0,1.0,1.0,1.0,1.0,3.0,1.0,26.0,100.0,1.0,1.0,70.0,1.0,26.0,0.0,-1.0,0.0,-1.0,1.0,100.0,4.0,0.0,-94.0,,4.0,78.0,6.0,0.0,228.0,1.0,0.0,120.0,240.0,2.0,11.29,8.1,11.29,120.0,-3.1899999999999995,-0.2825509300265721,120.0,240.0,2.0,140.4,139.5,140.4,120.0,-0.9000000000000057,-0.0064102564102564,120.0,240.0,2.0,4.58,3.99,4.58,120.0,-0.5899999999999999,-0.1288209606986899,120.0,240.0,2.0,20.7,24.3,24.3,240.0,3.6000000000000014,0.1739130434782609,120.0,240.0,2.0,26.9,35.8,35.8,240.0,8.899999999999999,0.3308550185873605,120.0,240.0,2.0,7.343,7.326,7.343,120.0,-0.0170000000000003,-0.0023151300558355,120.0,240.0,2.0,0.076,0.069,0.076,120.0,-0.0069999999999999,-0.0921052631578946,120.0,240.0,2.0,3.58,2.35,3.58,120.0,-1.23,-0.3435754189944134,120.0,240.0,2.0,749.5,254.4,749.5,120.0,-495.1,-0.6605737158105404,120.0,240.0,2.0,16.2,23.6,23.6,240.0,7.400000000000002,0.4567901234567902,120.0,240.0,2.0,0.41,0.1,0.41,120.0,-0.3099999999999999,-0.7560975609756097,120.0,240.0,2.0,87.9,128.6,128.6,240.0,40.69999999999999,0.4630261660978383,120.0,240.0,2.0,290.7,273.7,290.7,120.0,-17.0,-0.0584795321637426,-11.899999999999991,11.899999999999991,-0.1041119860017497,-1,-3.0,3.0,-0.1244813278008298,-1,21.69999999999999,21.69999999999999,0.2009259259259258,1,4.599999999999994,4.599999999999994,0.0634482758620688,1,2.299999999999997,2.299999999999997,0.024236037934668,1,-1.4699999999999989,1.4699999999999989,-0.0382712835199166,-1,1,1,0.0833333333333333,1,0,0,0.0,0,1,0,0,0,0,222.0,1,1,110,15,0,1,0,0,0,0,0,1,0,0,0,0,1,0,0,0,0,1,0,1,0,0,0,0,1,0,0,0,0,0,0,0,0,0,0.0,0.0,0,0,0,0,1,1,1,1,1,1,4390.263,0,5.407171771460119,84.33333333333333,1.3553359683794466,0,2,1,2,2,1,1,2,10,0.5148648648648648,0.045045045045045,2,35.5,12344.4,1.0583333333333331,52.91666666666666,3
E000174,2025-05-21,102.5,22.7,102.5,73.5,93.2,1,38.01,9,50,Female,Asian,Nausea/vomiting. Festival attendee from main stage with symptom onset ~71 minutes before arrival.,2,10,Festival Medical Tent Transfer,0,0,0,0,0,144.7,7.326,141.2,4.18,12.9,16.5,1,1,98.8,21.0,121.3,77.3,95.2,1,37.66,11,44.2,-3.7,-0.35,2,3.12,823.0,7.392,0.087,1,1,0,0,0,0,0,1,0,0,0,3,2,0,1,9.0,97.7,122.7,109.76666666666668,98.8,25.0,0.0824362905012836,-0.0370553059224976,0.3910296250258953,-0.1134717966178646,-1.0,122.7,55.0,97.7,0.0,0.0,-1.0,98.8,125.0,14.7,26.1,22.14444444444445,21.0,11.400000000000002,0.1568242829260648,-0.01887614446434,0.0189247980111869,-0.0072863466121893,1.0,26.1,37.0,14.7,197.0,4.0,28.0,21.0,43.0,108.6,134.3,123.3,121.3,25.700000000000017,0.072851384636086,-0.0543682218993886,-0.306888336440854,0.1350471002156395,-1.0,134.3,0.0,108.6,186.0,0.0,-1.0,121.3,11.0,56.6,80.6,69.76666666666665,77.3,24.0,0.0986364638693312,0.0003157201256798,-0.1428216283405846,0.2455112927023033,-1.0,80.6,28.0,56.6,180.0,77.3,6.0,92.8,95.2,94.02222222222224,95.2,2.4000000000000057,0.0085201083279016,0.0064348457718163,0.0012740832815404,0.0087277267052549,1.0,95.2,240.0,92.8,51.0,0.0,-1.0,95.2,-1.0,37.37,38.06,37.77777777777778,37.66,0.6900000000000048,0.0051747991954087,-0.0017420689888172,-0.0036119743111669,0.0026455566905006,1.0,38.06,0.0,37.37,180.0,37.66,17.0,10.0,13.0,11.666666666666666,11.0,3.0,0.0903507902905251,5.574512652451842e-05,-0.0153304329811478,-0.0101010101010101,0.0,13.0,0.0,10.0,37.0,6.0,28.0,11.0,18.0,39.1,47.6,42.9,44.2,8.5,0.0571188063698185,-0.0057969863846751,-0.0027967681789932,0.0561797752808987,1.0,47.6,51.0,39.1,55.0,0.0,-1.0,44.2,4.0,3.0,1.0,1.0,1.0,1.0,1.0,1.0,1.0,1.0,1.0,1.0,1.0,1.0,1.0,1.0,3.0,1.0,34.0,74.0,1.0,1.0,34.0,1.0,74.0,0.0,-1.0,0.0,-1.0,1.0,62.0,4.0,0.0,34.0,,10.0,125.0,5.0,37.0,197.0,1.0,0.0,0.0,240.0,3.0,7.48,8.52,13.58,120.0,1.0399999999999991,0.1390374331550801,0.0,240.0,3.0,140.8,132.8,140.8,0.0,-8.0,-0.0568181818181818,0.0,240.0,3.0,4.41,3.91,4.71,120.0,-0.5,-0.1133786848072562,0.0,240.0,3.0,21.6,16.4,21.6,0.0,-5.200000000000003,-0.2407407407407408,0.0,240.0,3.0,32.8,56.1,56.1,240.0,23.300000000000004,0.7103658536585368,0.0,240.0,3.0,7.332,7.392,7.392,240.0,0.0600000000000005,0.0081833060556465,0.0,240.0,3.0,0.156,0.087,0.156,0.0,-0.069,-0.4423076923076923,0.0,240.0,3.0,3.99,3.12,3.99,0.0,-0.8700000000000001,-0.2180451127819549,0.0,240.0,3.0,778.5,823.0,823.0,240.0,44.5,0.0571612074502247,0.0,240.0,3.0,26.6,15.4,28.1,120.0,-11.2,-0.4210526315789474,0.0,240.0,3.0,8.35,6.63,8.35,0.0,-1.7199999999999998,-0.2059880239520957,0.0,240.0,3.0,127.6,135.2,154.5,120.0,7.599999999999994,0.0595611285266457,0.0,240.0,3.0,293.2,277.9,293.2,0.0,-15.300000000000011,-0.0521828103683492,-3.700000000000003,3.700000000000003,-0.0360975609756097,-1,-1.6999999999999993,1.6999999999999993,-0.0748898678414096,-1,18.8,18.8,0.1834146341463414,1,3.799999999999997,3.799999999999997,0.0517006802721088,1,2.0,2.0,0.0214592274678111,1,-0.3500000000000014,0.3500000000000014,-0.0092081031307551,-1,2,2,0.2222222222222222,1,0,0,0.0,0,0,0,0,0,0,71.0,1,1,97,13,1,0,0,0,0,0,1,0,0,0,0,0,0,0,0,1,1,1,0,1,1,0,0,0,1,0,0,1,0,0,1,0,0,0,0.0,0.0,0,0,0,0,1,1,0,1,1,1,3896.025,0,4.276666119016055,83.16666666666667,1.2324649298597194,0,3,1,1,2,1,1,0,8,1.443661971830986,0.1126760563380281,2,29.0,10506.25,1.0,50.0,3
E000969,2025-05-21,115.9,33.1,105.1,76.1,94.4,0,38.22,12,34,Female,White,General weakness. Festival attendee from beach shuttle stop with symptom onset ~34 minutes before arrival.,2,9,EMS,0,0,0,0,0,104.7,7.324,138.4,4.12,15.1,15.2,1,1,114.2,20.7,133.6,74.0,96.7,0,37.13,14,42.1,-1.7,-1.09,2,2.69,350.2,7.34,0.077,1,1,0,0,0,0,0,0,0,0,0,3,2,0,1,7.0,96.5,120.6,106.41428571428573,114.2,24.099999999999994,0.0890727380745223,-0.0115703481206603,-0.9875,0.0309380043408091,1.0,120.6,0.0,96.5,108.0,0.0,-1.0,114.2,132.0,20.6,24.6,21.957142857142856,20.7,4.0,0.0582657467202033,0.0019345648996854,0.0041666666666665,-0.0042100283822137,-1.0,24.6,181.0,20.6,136.0,1.0,181.0,20.7,59.0,106.6,133.6,115.3142857142857,133.6,27.0,0.0740096704114013,0.0430264744112118,-0.4166666666666669,0.1563832155378708,1.0,133.6,240.0,106.6,92.0,0.0,-1.0,133.6,148.0,68.7,85.2,76.7,74.0,16.5,0.0687463033590528,-0.0305819521426697,-0.3208333333333336,0.006359563693027,1.0,85.2,0.0,68.7,136.0,74.0,45.0,93.1,96.7,94.64285714285714,96.7,3.6000000000000085,0.0140385473492364,0.0029235670076709,-0.0791666666666668,0.0181103567254718,1.0,96.7,240.0,93.1,92.0,0.0,-1.0,96.7,44.0,37.07,37.84,37.457142857142856,37.13,0.7700000000000031,0.0066654621738988,-0.0020723921256979,-0.0020833333333338,-0.0045642495408758,1.0,37.84,108.0,37.07,181.0,37.13,-1.0,11.0,14.0,12.428571428571429,14.0,3.0,0.0726960381647903,0.0071961099923896,0.0833333333333332,0.0112554955757137,0.0,14.0,240.0,11.0,0.0,4.0,0.0,14.0,-1.0,39.4,43.8,41.50000000000001,42.1,4.399999999999999,0.0322258994518924,-0.004829845840938,0.0083333333333332,-0.0047234125438253,1.0,43.8,92.0,39.4,136.0,0.0,-1.0,42.1,104.0,2.0,1.0,1.0,1.0,1.0,1.0,1.0,1.0,1.0,1.0,1.0,1.0,1.0,1.0,1.0,3.0,1.0,40.0,118.0,1.0,1.0,40.0,1.0,118.0,0.0,-1.0,0.0,-1.0,1.0,106.0,4.0,0.0,-80.0,,5.0,59.0,3.0,0.0,240.0,1.0,0.0,120.0,240.0,2.0,10.22,15.01,15.01,240.0,4.789999999999999,0.468688845401174,120.0,240.0,2.0,139.1,137.8,139.1,120.0,-1.299999999999983,-0.0093457943925232,120.0,240.0,2.0,4.07,4.19,4.19,240.0,0.1200000000000001,0.0294840294840295,120.0,240.0,2.0,21.6,17.6,21.6,120.0,-4.0,-0.1851851851851851,120.0,240.0,2.0,49.9,44.5,49.9,120.0,-5.399999999999999,-0.1082164328657314,120.0,240.0,2.0,7.316,7.34,7.34,240.0,0.024,0.0032804811372334,120.0,240.0,2.0,0.096,0.077,0.096,120.0,-0.019,-0.1979166666666666,120.0,240.0,2.0,2.74,2.69,2.74,120.0,-0.0500000000000002,-0.0182481751824818,120.0,240.0,2.0,594.9,350.2,594.9,120.0,-244.7,-0.4113296352328122,120.0,240.0,2.0,20.6,10.6,20.6,120.0,-10.000000000000002,-0.4854368932038835,120.0,240.0,2.0,7.83,8.28,8.28,240.0,0.4499999999999993,0.057471264367816,120.0,240.0,2.0,115.5,98.3,115.5,120.0,-17.200000000000003,-0.1489177489177489,120.0,240.0,2.0,276.9,293.4,293.4,240.0,16.5,0.0595882990249187,-1.7000000000000028,1.7000000000000028,-0.0146678170836928,-1,-12.400000000000002,12.400000000000002,-0.3746223564954683,-1,28.5,28.5,0.2711703139866793,1,-2.0999999999999943,2.0999999999999943,-0.0275952693823915,-1,2.299999999999997,2.299999999999997,0.0243644067796609,1,-1.0899999999999963,1.0899999999999963,-0.0285190999476712,-1,2,2,0.1666666666666666,1,0,0,0.0,0,1,0,0,0,0,34.0,1,1,106,15,0,0,0,1,0,1,0,0,0,1,0,0,1,0,0,1,1,0,0,0,1,0,0,0,0,0,0,0,0,0,0,0,0,0,0.0,0.0,0,0,0,0,1,0,1,1,1,1,4429.698,0,3.555348061489413,85.76666666666667,1.351340847260008,0,2,1,2,3,1,1,2,11,3.408823529411765,0.3235294117647059,2,29.0,12181.09,1.1027592768791628,37.49381541389153,3
E001506,2025-05-19,100.8,18.2,120.1,84.1,95.4,1,37.08,11,34,Female,Black,Agitation. Festival attendee from main stage with symptom onset ~78 minutes before arrival.,3,4,Festival Medical Tent Transfer,0,0,0,0,0,83.3,7.39,134.3,4.25,14.3,14.7,1,1,70.1,12.9,130.4,70.8,96.9,0,36.9,14,38.7,-30.7,-0.18,3,1.87,184.5,7.352,0.01,1,1,0,0,0,0,0,0,0,0,0,1,0,0,1,8.0,70.1,99.3,89.76249999999999,70.1,29.200000000000003,0.1145401216940592,-0.0927038712518516,-0.0041666666666671,-0.1360002239516266,-1.0,99.3,0.0,70.1,240.0,0.0,-1.0,77.44999999999999,-1.0,12.9,20.6,17.275,12.9,7.700000000000001,0.149157653775484,-0.0150926778493934,0.1874999999999999,-0.0392083310005038,-1.0,20.6,24.0,12.9,240.0,0.0,-1.0,15.45,95.0,115.7,150.2,127.4875,130.4,34.499999999999986,0.0820123796399671,0.0978341807117974,-0.0666666666666675,0.1192626392699175,-1.0,150.2,215.0,115.7,24.0,0.0,-1.0,140.3,25.0,65.9,79.2,73.9875,70.8,13.299999999999995,0.0598615435724258,0.0076384162696663,-0.4749999999999998,-0.0200912602877779,1.0,79.2,138.0,65.9,24.0,73.94999999999999,95.0,94.5,97.9,96.5,96.9,3.4000000000000057,0.0122393904777385,0.0026442211457622,-0.0958333333333339,-0.009240803986339,1.0,97.9,119.0,94.5,24.0,0.0,-1.0,95.95,95.0,36.87,37.39,37.05625,36.9,0.5200000000000031,0.004458691530061,-0.0011889987589575,-0.0183333333333335,-0.0015136330552601,1.0,37.39,0.0,36.87,134.0,36.94,4.0,12.0,15.0,14.0,14.0,3.0,0.0714285714285714,0.0072861203410865,-0.0833333333333334,0.0059347181008901,1.0,15.0,138.0,12.0,24.0,1.0,24.0,14.5,95.0,33.8,45.3,38.5,38.7,11.5,0.0774444234590938,-0.0219764602265903,-0.3125000000000003,-0.0033620737920609,1.0,45.3,0.0,33.8,178.0,0.0,-1.0,38.2,-1.0,2.0,1.0,1.0,1.0,1.0,1.0,1.0,1.0,1.0,1.0,1.0,1.0,1.0,1.0,1.0,2.0,1.0,38.0,99.0,1.0,1.0,38.0,1.0,99.0,0.0,-1.0,0.0,-1.0,0.0,-1.0,4.0,0.0,-82.0,,1.0,95.0,2.0,24.0,215.0,1.0,0.0,120.0,240.0,2.0,5.96,8.75,8.75,240.0,2.79,0.4681208053691275,120.0,240.0,2.0,136.9,136.1,136.9,120.0,-0.8000000000000114,-0.0058436815193572,120.0,240.0,2.0,3.95,3.81,3.95,120.0,-0.1400000000000001,-0.0354430379746835,120.0,240.0,2.0,22.6,24.4,24.4,240.0,1.7999999999999972,0.0796460176991149,120.0,240.0,2.0,39.1,33.6,39.1,120.0,-5.5,-0.1406649616368286,120.0,240.0,2.0,7.38,7.352,7.38,120.0,-0.0279999999999995,-0.0037940379403793,120.0,240.0,2.0,0.056,0.01,0.056,120.0,-0.046,-0.8214285714285714,120.0,240.0,2.0,1.07,1.87,1.87,240.0,0.8,0.7476635514018691,120.0,240.0,2.0,360.3,184.5,360.3,120.0,-175.8,-0.4879267277268942,120.0,240.0,2.0,14.0,10.8,14.0,120.0,-3.2,-0.2285714285714285,120.0,240.0,2.0,6.29,4.37,6.29,120.0,-1.92,-0.3052464228934817,120.0,240.0,2.0,116.8,102.5,116.8,120.0,-14.299999999999995,-0.122431506849315,120.0,240.0,2.0,296.5,286.4,296.5,120.0,-10.100000000000025,-0.0340640809443508,-30.700000000000003,30.700000000000003,-0.3045634920634921,-1,-5.299999999999999,5.299999999999999,-0.2912087912087912,-1,10.300000000000011,10.300000000000011,0.0857618651124064,1,-13.299999999999995,13.299999999999995,-0.1581450653983352,-1,1.5,1.5,0.0157232704402515,1,-0.1799999999999997,0.1799999999999997,-0.0048543689320388,-1,3,3,0.2727272727272727,1,-1,1,-1.0,-1,0,0,0,0,1,78.0,1,1,91,13,1,0,0,0,0,0,1,0,0,0,0,0,1,1,0,0,0,0,0,0,1,0,0,0,0,0,0,0,0,0,0,0,1,0,0.1428571428571428,0.0,0,0,1,0,0,0,0,0,1,1,3737.664,0,4.3694478524670215,96.1,1.0489073881373572,1,3,0,1,0,0,0,0,4,1.2923076923076924,0.0512820512820512,2,36.0,12106.08,0.839300582847627,28.53621981681932,1
E001431,2025-05-20,86.1,22.5,131.8,82.4,95.5,0,37.16,14,41,Non-binary,White,Altered Mental Status Signifigant other reports patient fell hitting his head after drinking a 'Few shots',4,6,Walk-in,0,0,0,0,0,95.9,7.395,140.0,3.85,11.4,10.4,0,0,83.0,17.9,135.7,90.7,96.5,0,37.07,14,35.9,-3.1,-0.09,0,,,,,1,1,0,0,0,1,0,0,0,0,0,2,1,0,1,8.0,75.6,98.7,86.8125,83.0,23.10000000000001,0.0768276713408045,-0.0199298701298702,0.0,-0.0130352941176469,-1.0,98.7,79.0,75.6,96.0,0.0,-1.0,83.0,17.0,10.4,18.1,14.575,17.9,7.700000000000001,0.1944766593433913,-0.0072805194805194,0.0,-0.0009487889273356,1.0,18.1,79.0,10.4,205.0,0.0,-1.0,17.9,35.0,107.9,149.2,130.6875,135.7,41.29999999999998,0.1037039318724673,-0.0287402597402598,0.0,0.0745121107266436,1.0,149.2,0.0,107.9,96.0,0.0,-1.0,135.7,36.0,75.0,90.7,82.6625,90.7,15.700000000000005,0.0585660129478513,0.0473974025974025,0.0,0.0762013840830451,1.0,90.7,240.0,75.0,113.0,90.7,-1.0,96.0,99.2,97.4125,96.5,3.200000000000003,0.0108815301104344,-0.0021194805194806,0.0,0.0049570934256056,0.0,99.2,205.0,96.0,79.0,0.0,-1.0,96.5,17.0,36.69,37.33,36.89874999999999,37.07,0.6400000000000006,0.005417590565981,0.0003438961038961,0.0,0.0007884429065744,1.0,37.33,135.0,36.69,205.0,37.07,70.0,13.0,15.0,14.5,14.0,2.0,0.048765984909417,0.0042597402597402,0.0,-0.0024359861591695,-1.0,15.0,79.0,13.0,0.0,0.0,-1.0,14.0,17.0,29.9,38.7,35.375,35.9,8.800000000000004,0.071706204543302,-0.0203662337662337,0.0,-0.0149737024221452,1.0,38.7,0.0,29.9,205.0,1.0,205.0,35.9,35.0,2.0,1.0,1.0,1.0,1.0,1.0,1.0,1.0,1.0,1.0,1.0,1.0,1.0,1.0,1.0,3.0,1.0,39.0,186.0,1.0,1.0,39.0,1.0,86.0,0.0,-1.0,0.0,-1.0,0.0,-1.0,4.0,0.0,39.0,,1.0,35.0,5.0,0.0,205.0,1.0,0.0,0.0,120.0,2.0,8.13,9.9,9.9,120.0,1.7699999999999996,0.2177121771217711,0.0,120.0,2.0,139.5,142.3,142.3,120.0,2.800000000000012,0.0200716845878137,0.0,120.0,2.0,4.39,3.75,4.39,0.0,-0.6399999999999997,-0.1457858769931662,0.0,120.0,2.0,23.9,23.8,23.9,0.0,-0.0999999999999978,-0.0041841004184099,0.0,120.0,2.0,19.2,15.1,19.2,0.0,-4.1,-0.2135416666666666,0.0,120.0,2.0,7.408,7.421,7.421,120.0,0.0129999999999999,0.001754859611231,0.0,120.0,2.0,0.007,0.0,0.007,0.0,-0.007,-1.0,0.0,120.0,2.0,1.72,0.77,1.72,0.0,-0.95,-0.5523255813953488,0.0,120.0,2.0,87.1,129.8,129.8,120.0,42.70000000000002,0.4902411021814009,0.0,120.0,2.0,4.8,7.9,7.9,120.0,3.1000000000000005,0.6458333333333335,0.0,120.0,2.0,4.48,1.0,4.48,0.0,-3.4800000000000004,-0.7767857142857143,0.0,120.0,2.0,126.4,80.1,126.4,0.0,-46.30000000000001,-0.3662974683544304,0.0,120.0,2.0,283.0,279.6,283.0,0.0,-3.3999999999999773,-0.0120141342756182,-3.0999999999999943,3.0999999999999943,-0.0360046457607432,-1,-4.600000000000001,4.600000000000001,-0.2044444444444445,-1,3.899999999999977,3.899999999999977,0.0295902883156295,1,8.299999999999997,8.299999999999997,0.1007281553398057,1,1.0,1.0,0.0104712041884816,1,-0.0899999999999963,0.0899999999999963,-0.0024219590958018,-1,0,0,0.0,0,0,0,0.0,0,0,0,0,0,0,,0,0,106,16,0,0,0,0,1,0,0,0,1,0,1,1,0,0,0,0,0,0,0,0,1,0,0,1,0,0,0,0,0,0,0,0,0,1,0.0,0.0588235294117647,0,1,1,0,0,0,0,0,0,0,3199.476,0,,98.86666666666667,0.8708698583951449,0,1,0,0,2,0,0,0,3,,,0,49.400000000000006,11347.98,0.6532625189681335,26.783763277693478,1
E000676,2025-05-21,86.6,17.9,130.7,77.7,97.8,0,37.46,13,48,Male,Hispanic/Latino,Shortness of Breath BIBA home w c/o SOB.,5,2,EMS,0,0,1,0,0,101.9,7.403,131.7,4.3,13.2,11.7,0,0,85.4,13.8,128.6,77.0,97.3,0,36.68,15,35.9,-1.2,-0.78,2,,,,,0,0,1,0,0,0,0,0,0,0,0,3,2,0,1,6.0,63.8,93.2,77.78333333333335,85.4,29.40000000000001,0.1312603458114089,-0.0284619538367856,0.3366666666666665,-0.0214352574102961,-1.0,93.2,60.0,63.8,184.0,0.0,-1.0,85.4,31.0,12.6,17.4,15.566666666666665,13.8,4.799999999999999,0.1120468989460481,-0.0133250611794712,0.0083333333333332,-0.0275590223608943,1.0,17.4,91.0,12.6,202.0,0.0,-1.0,13.8,-1.0,107.6,134.1,121.16666666666669,128.6,26.5,0.0756523696320003,0.0085984443755097,0.3566666666666665,0.0331856474258972,-1.0,134.1,60.0,107.6,202.0,0.0,-1.0,128.6,31.0,70.4,87.8,78.10000000000001,77.0,17.39999999999999,0.0874373921207684,0.0020657406449981,-0.2716666666666669,0.0593426937077485,1.0,87.8,202.0,70.4,60.0,77.0,142.0,95.4,98.4,96.91666666666669,97.3,3.0,0.0093513851242115,-0.0027723204540494,0.01,-0.01195007800312,1.0,98.4,91.0,95.4,202.0,0.0,-1.0,97.3,93.0,36.56,36.8,36.67333333333334,36.68,0.2399999999999948,0.0024524154814091,-0.0004122290007926,-0.0036666666666668,-0.0010263130525219,1.0,36.8,91.0,36.56,60.0,36.68,31.0,14.0,15.0,14.666666666666666,15.0,1.0,0.0321412173266612,-6.89346155171757e-05,-0.0166666666666666,-0.0018928757150285,1.0,15.0,0.0,14.0,60.0,0.0,-1.0,15.0,31.0,32.1,40.5,36.03333333333334,35.9,8.399999999999999,0.0684238746539402,-0.0076103815530968,-0.0183333333333333,-0.0343317732709307,1.0,40.5,91.0,32.1,184.0,0.0,-1.0,35.9,93.0,0.0,0.0,0.0,0.0,0.0,0.0,0.0,0.0,0.0,0.0,0.0,0.0,0.0,0.0,0.0,1.0,1.0,15.0,15.0,1.0,0.0,-1.0,0.0,-1.0,0.0,-1.0,1.0,15.0,0.0,-1.0,5.0,0.0,,,0.0,0.0,2.0,60.0,184.0,1.0,0.0,,,,,,,,,,,,,,,,,,,,,,,,,,,,,,,,,,,,,,,,,,,,,,,,,,,,,,,,,,,,,,,,,,,,,,,,,,,,,,,,,,,,,,,,,,,,,,,,,,,,,,,,,,,,,,,,,,,,,,-1.1999999999999886,1.1999999999999886,-0.0138568129330252,-1,-4.099999999999998,4.099999999999998,-0.2290502793296088,-1,-2.0999999999999943,2.0999999999999943,-0.0160673297628155,-1,-0.7000000000000028,0.7000000000000028,-0.009009009009009,-1,-0.5,0.5,-0.0051124744376278,-1,-0.7800000000000011,0.7800000000000011,-0.0208222103577149,-1,2,2,0.1538461538461538,1,0,0,0.0,0,3,0,0,0,0,,0,0,40,8,0,0,0,0,1,0,0,0,1,0,0,0,0,0,0,0,0,0,0,1,0,0,1,0,0,0,0,0,0,0,0,0,0,0,0.0,0.0,0,1,1,0,0,0,0,0,1,0,3244.036,0,,95.36666666666666,0.9080740999650472,1,2,0,0,0,0,0,0,2,,,1,52.99999999999999,11318.62,0.6625860749808722,31.804131599081863,0
E000941,2025-05-18,140.0,30.4,122.0,86.1,93.5,1,38.61,10,33,Female,White,Altered mental status. Festival attendee from main stage with symptom onset ~209 minutes before arrival.,2,9,EMS,1,0,0,0,0,131.1,7.311,142.0,5.29,13.7,19.3,1,1,95.3,29.1,128.1,63.5,92.8,0,37.65,13,41.1,-44.7,-0.96,3,4.18,711.8,7.312,0.095,0,1,0,0,0,0,1,0,0,0,0,0,6,1,0,7.0,95.3,146.8,124.28571428571428,95.3,51.500000000000014,0.137268523856332,-0.0423791077115003,0.7387604623355917,-0.2461319218241041,-1.0,146.8,57.0,95.3,240.0,3.0,57.0,95.3,183.0,23.6,29.1,26.957142857142856,29.1,5.5,0.0714616124262324,0.0066258494468335,-0.0482861697887607,0.0171009771986971,-1.0,29.1,240.0,23.6,57.0,6.0,0.0,29.1,51.0,100.2,130.9,121.65714285714286,128.1,30.700000000000003,0.0791946023197441,0.0729696989593248,0.0907333599043437,0.0104641693811079,1.0,130.9,140.0,100.2,37.0,0.0,-1.0,128.1,20.0,63.5,82.9,76.5,63.5,19.40000000000001,0.0793964896376303,-0.0503978858212141,-0.0774611398963735,-0.0695439739413678,-1.0,82.9,0.0,63.5,240.0,63.5,-1.0,91.6,95.9,93.11428571428569,92.8,4.300000000000011,0.0159336712303985,0.0099632316732869,0.0146472698286167,-0.0006921824104231,-1.0,95.9,140.0,91.6,0.0,0.0,-1.0,92.8,100.0,37.65,38.35,37.92857142857143,37.65,0.7000000000000028,0.0052284906041835,-0.0009630018712453,0.0082502989238738,-0.001437296416938,-1.0,38.35,57.0,37.65,240.0,37.65,51.0,11.0,13.0,11.857142857142858,13.0,2.0,0.0702524324680156,0.0076162962476609,-0.0187325627740136,0.0150651465798045,1.0,13.0,184.0,11.0,37.0,5.0,0.0,13.0,103.0,39.5,47.2,42.81428571428573,41.1,7.700000000000003,0.0568762782853854,-0.006513574734907,0.0413511359107211,-0.0100570032573288,1.0,47.2,57.0,39.5,37.0,0.0,-1.0,41.1,20.0,3.0,1.0,1.0,1.0,1.0,1.0,1.0,1.0,1.0,1.0,1.0,1.0,1.0,1.0,1.0,2.0,1.0,80.0,151.0,0.0,1.0,80.0,0.0,-1.0,0.0,-1.0,0.0,-1.0,1.0,151.0,4.0,0.0,80.0,23.0,14.0,184.0,3.0,37.0,184.0,1.0,0.0,0.0,240.0,3.0,13.67,13.66,13.67,0.0,-0.0099999999999997,-0.0007315288953913,0.0,240.0,3.0,136.1,140.0,140.4,120.0,3.9000000000000057,0.0286554004408523,0.0,240.0,3.0,4.81,4.62,4.81,0.0,-0.1899999999999995,-0.0395010395010394,0.0,240.0,3.0,21.5,18.9,21.5,0.0,-2.6000000000000014,-0.1209302325581396,0.0,240.0,3.0,60.7,67.6,67.6,240.0,6.899999999999992,0.1136738056013178,0.0,240.0,3.0,7.342,7.312,7.342,0.0,-0.0299999999999993,-0.0040860800871696,0.0,240.0,3.0,0.127,0.095,0.139,120.0,-0.032,-0.2519685039370078,0.0,240.0,3.0,4.53,4.18,4.53,0.0,-0.3500000000000005,-0.077262693156733,0.0,240.0,3.0,1026.2,711.8,1169.8,120.0,-314.4000000000001,-0.3063730267004483,0.0,240.0,3.0,24.1,34.2,34.2,240.0,10.1,0.4190871369294606,0.0,240.0,3.0,7.37,4.29,7.37,0.0,-3.08,-0.417910447761194,0.0,240.0,3.0,139.9,115.4,146.9,120.0,-24.5,-0.1751250893495353,0.0,240.0,3.0,299.5,291.9,302.1,120.0,-7.600000000000023,-0.0253756260434057,-44.7,44.7,-0.3192857142857143,-1,-1.2999999999999972,1.2999999999999972,-0.0427631578947367,-1,6.099999999999994,6.099999999999994,0.0499999999999999,1,-22.599999999999994,22.599999999999994,-0.2624854819976771,-1,-0.7000000000000028,0.7000000000000028,-0.0074866310160428,-1,-0.9600000000000009,0.9600000000000009,-0.0248640248640248,-1,3,3,0.3,1,-1,1,-1.0,-1,2,0,0,0,1,209.0,1,1,104,15,1,0,0,0,0,0,0,1,0,1,0,1,0,0,1,0,0,0,1,0,0,0,0,0,0,0,1,0,0,0,1,0,0,0,0.0,0.1111111111111111,0,0,0,1,1,0,1,1,1,1,5405.4,1,5.3471075307174685,98.06666666666666,1.4276002719238614,0,3,1,3,3,0,1,2,12,0.6698564593301436,0.0574162679425837,3,35.900000000000006,17080.0,1.147540983606557,37.8688524590164,3
E002040,2025-05-20,89.2,14.7,130.5,78.6,95.9,0,36.7,14,39,Female,Native American,Got into physical altercation with Grandmothers boyfriend.,5,4,Walk-in,0,0,0,0,0,78.9,7.447,134.9,4.09,12.0,7.9,0,0,82.9,13.7,134.5,79.2,98.9,0,36.7,15,39.3,-6.3,0.0,1,,,,,0,0,0,0,0,0,0,0,0,0,0,2,1,0,1,6.0,55.7,82.9,73.64999999999999,82.9,27.200000000000003,0.1355230703837522,0.0025362888657471,0.0,0.0375374215354901,1.0,82.9,240.0,55.7,181.0,0.0,-1.0,82.9,59.0,11.2,19.8,14.550000000000002,13.7,8.600000000000001,0.1799563319285546,-0.0122351390984634,0.0,-0.03,-1.0,19.8,72.0,11.2,173.0,0.0,-1.0,13.7,7.0,121.4,137.3,129.93333333333334,134.5,15.900000000000006,0.0392601189046716,-0.0006154761651754,0.0,-0.0186721390632545,1.0,137.3,79.0,121.4,173.0,0.0,-1.0,134.5,94.0,67.4,87.8,78.05,79.2,20.39999999999999,0.0813681915792678,0.0612904596943872,0.0,0.0394205697730564,-1.0,87.8,181.0,67.4,0.0,79.2,-1.0,97.1,98.9,97.76666666666668,98.9,1.8000000000000114,0.0069790281249433,0.0006843346864175,0.0,0.0058522452921295,1.0,98.9,240.0,97.1,72.0,0.0,-1.0,98.9,7.0,36.37,36.73,36.61000000000001,36.7,0.3599999999999994,0.0033042424313255,7.854972052796175e-05,0.0,4.828585224507426e-06,1.0,36.73,173.0,36.37,181.0,36.7,59.0,14.0,15.0,14.666666666666666,15.0,1.0,0.0321412173266612,0.0044970565107432,0.0,0.0037180106228874,0.0,15.0,79.0,14.0,0.0,0.0,-1.0,15.0,-1.0,32.2,39.3,36.01666666666667,39.3,7.099999999999994,0.0786849750093787,0.0197976749622766,0.0,0.0193771125060357,1.0,39.3,240.0,32.2,72.0,0.0,-1.0,39.3,-1.0,0.0,0.0,0.0,0.0,0.0,0.0,0.0,0.0,0.0,0.0,0.0,0.0,0.0,0.0,0.0,0.0,0.0,-1.0,-1.0,0.0,0.0,-1.0,0.0,-1.0,0.0,-1.0,0.0,-1.0,0.0,-1.0,0.0,0.0,,,0.0,0.0,3.0,0.0,181.0,1.0,0.0,,,,,,,,,,,,,,,,,,,,,,,,,,,,,,,,,,,,,,,,,,,,,,,,,,,,,,,,,,,,,,,,,,,,,,,,,,,,,,,,,,,,,,,,,,,,,,,,,,,,,,,,,,,,,,,,,,,,,,-6.299999999999997,6.299999999999997,-0.0706278026905829,-1,-1.0,1.0,-0.0680272108843537,-1,4.0,4.0,0.0306513409961685,1,0.6000000000000085,0.6000000000000085,0.0076335877862596,1,3.0,3.0,0.0312825860271115,1,0.0,0.0,0.0,0,1,1,0.0714285714285714,1,0,0,0.0,0,0,0,0,0,0,,0,0,58,7,0,0,0,0,1,0,0,0,1,0,0,0,0,1,0,0,0,0,0,0,0,0,1,0,0,0,0,0,0,0,0,0,0,0,0.0,0.0,0,1,1,0,0,0,0,0,0,0,3273.6400000000003,0,,95.9,0.9301355578727842,1,1,0,0,0,0,0,0,1,,,1,51.900000000000006,11640.6,0.6835249042145594,26.65747126436781,0
E001472,2025-05-19,148.1,29.5,160.6,66.6,91.2,1,38.09,11,34,Female,Other/Multiracial,Palpitations. Festival attendee from campground with symptom onset ~207 minutes before arrival.,1,7,EMS,0,1,0,0,1,167.3,7.292,131.2,4.7,14.4,16.9,1,1,106.0,26.3,122.2,66.9,91.0,1,37.96,11,44.8,-42.1,-0.13,0,5.9,795.1,7.328,0.135,1,1,0,0,0,0,0,1,0,0,0,1,0,0,1,7.0,106.0,152.1,123.6,106.0,46.1,0.1278807176804896,-0.171351185609158,0.0,-0.2211465162372315,-1.0,152.1,87.0,106.0,240.0,2.0,0.0,106.0,-1.0,17.1,26.3,23.21428571428572,26.3,9.2,0.1386023215905702,-0.001125173308685,0.0,0.0050312547644457,1.0,26.3,240.0,17.1,156.0,4.0,87.0,26.3,84.0,108.5,132.2,119.20000000000002,122.2,23.69999999999999,0.0604492736062141,0.0195972128408404,0.0,-0.0235325506937035,-1.0,132.2,121.0,108.5,153.0,0.0,-1.0,122.2,32.0,60.3,80.6,71.77142857142857,66.9,20.3,0.0849339831407298,-0.0169518112979486,0.0,-0.0139579204146974,-1.0,80.6,156.0,60.3,121.0,66.9,16.0,90.8,94.2,92.61428571428571,91.0,3.4000000000000057,0.0136142182098511,-0.0056791922926517,0.0,-0.012944046348529,1.0,94.2,137.0,90.8,156.0,1.0,156.0,91.0,-1.0,37.62,38.18,37.862857142857145,37.96,0.5600000000000023,0.0047992993106422,4.888193679171897e-07,0.0,-0.0010535142552219,-1.0,38.18,87.0,37.62,156.0,37.96,50.0,10.0,13.0,11.428571428571429,11.0,3.0,0.0918558653543691,0.0067768139642362,0.0,0.0003811556639731,-1.0,13.0,121.0,10.0,0.0,6.0,0.0,11.0,119.0,40.2,49.1,43.58571428571429,44.8,8.899999999999999,0.064234543026595,0.0085907782004336,0.0,-0.0105885043451746,-1.0,49.1,87.0,40.2,137.0,0.0,-1.0,44.8,34.0,3.0,1.0,1.0,1.0,1.0,1.0,1.0,1.0,1.0,1.0,1.0,1.0,1.0,1.0,1.0,2.0,1.0,27.0,189.0,1.0,1.0,27.0,1.0,189.0,0.0,-1.0,0.0,-1.0,0.0,-1.0,4.0,0.0,27.0,27.0,13.0,121.0,3.0,0.0,-1.0,0.0,1.0,0.0,240.0,3.0,6.03,12.09,12.97,120.0,6.06,1.004975124378109,0.0,240.0,3.0,140.8,139.9,140.8,0.0,-0.9000000000000057,-0.0063920454545454,0.0,240.0,3.0,4.54,4.55,5.39,120.0,0.0099999999999997,0.0022026431718061,0.0,240.0,3.0,20.0,21.9,21.9,240.0,1.8999999999999984,0.0949999999999999,0.0,240.0,3.0,67.8,61.7,84.2,120.0,-6.099999999999994,-0.0899705014749261,0.0,240.0,3.0,7.313,7.328,7.342,120.0,0.0150000000000005,0.00205114180227,0.0,240.0,3.0,0.106,0.135,0.149,120.0,0.029,0.2735849056603774,0.0,240.0,3.0,4.25,5.9,5.9,240.0,1.6500000000000004,0.3882352941176471,0.0,240.0,3.0,1030.5,795.1,1030.5,0.0,-235.4,-0.2284327996118389,0.0,240.0,3.0,37.2,23.1,37.2,0.0,-14.1,-0.3790322580645161,0.0,240.0,3.0,4.75,6.32,9.44,120.0,1.5700000000000005,0.3305263157894737,0.0,240.0,3.0,129.9,119.7,129.9,0.0,-10.200000000000005,-0.0785219399538106,0.0,240.0,3.0,303.5,300.7,305.2,120.0,-2.800000000000012,-0.0092257001647446,-42.1,42.1,-0.2842673869007427,-1,-3.2,3.2,-0.1084745762711864,-1,-38.39999999999999,38.39999999999999,-0.2391033623910335,-1,0.3000000000000113,0.3000000000000113,0.0045045045045046,1,-0.2000000000000028,0.2000000000000028,-0.0021929824561403,-1,-0.1300000000000025,0.1300000000000025,-0.0034129692832765,-1,0,0,0.0,0,0,0,0.0,0,2,0,0,0,0,207.0,1,1,95,12,0,0,1,0,0,0,0,1,0,1,0,0,0,1,0,0,0,0,1,0,1,0,0,0,0,1,1,0,1,0,1,0,0,1,0.0,0.0,0,0,0,1,1,1,1,1,2,1,5641.129,0,5.337538079701318,97.93333333333332,1.5122532334921717,1,3,1,3,3,0,2,0,11,0.7154589371980676,0.0531400966183574,3,94.0,23784.86,0.9221668742216688,31.353673723536737,4
E001865,2025-05-21,109.1,19.6,156.1,77.6,95.1,0,37.68,12,44,Female,White,Nausea/vomiting. Festival attendee from festival medical tent with symptom onset ~114 minutes before arrival.,3,6,Walk-in,0,0,0,0,0,103.1,7.339,134.8,4.62,14.7,13.0,1,1,102.8,17.0,117.6,81.5,96.5,0,37.5,13,41.5,-6.3,-0.18,1,2.88,415.3,7.318,0.016,1,1,0,0,0,0,1,0,0,0,0,3,2,0,1,9.0,89.4,126.7,106.36666666666666,102.8,37.3,0.116284342498163,-0.1276925919083688,-0.2048710601719196,-0.0249940772328831,1.0,126.7,0.0,89.4,177.0,0.0,-1.0,102.8,-1.0,13.8,24.6,18.31111111111112,17.0,10.8,0.208248678876354,-0.0026240839953199,0.1020534861509073,0.0092395167022032,-1.0,24.6,177.0,13.8,151.0,1.0,177.0,17.0,63.0,86.9,126.9,114.65555555555554,117.6,40.0,0.1070803801531795,0.0012639325081592,-0.1570678127984716,0.1854418384269128,1.0,126.9,177.0,86.9,127.0,1.0,127.0,117.6,6.0,62.2,84.9,75.42222222222223,81.5,22.700000000000003,0.0844328230265833,0.0107295707863784,-0.0301337153772682,0.1312485193082207,1.0,84.9,162.0,62.2,133.0,81.5,18.0,94.9,97.2,96.16666666666669,96.5,2.299999999999997,0.0081731896863442,0.0066090892296324,0.0008118433619863,0.0048922056384743,1.0,97.2,162.0,94.9,51.0,0.0,-1.0,96.5,-1.0,36.61,37.54,37.327777777777776,37.5,0.9299999999999996,0.0072566391455591,-0.0009561087505388,0.0018720152817576,-0.0005674010897891,1.0,37.54,127.0,36.61,177.0,37.5,63.0,12.0,14.0,13.11111111111111,13.0,2.0,0.0562139794975491,-0.0014625284808177,-0.0133715377268385,0.0059227671167969,1.0,14.0,0.0,12.0,51.0,2.0,51.0,13.0,9.0,30.5,46.0,37.77777777777778,41.5,15.5,0.1154081069157124,-0.0167059240100991,-0.1757879656160457,0.018052594171997,1.0,46.0,0.0,30.5,162.0,0.0,-1.0,41.5,78.0,3.0,1.0,1.0,1.0,1.0,1.0,1.0,1.0,1.0,1.0,1.0,1.0,1.0,1.0,1.0,2.0,1.0,76.0,108.0,0.0,1.0,76.0,1.0,108.0,0.0,-1.0,0.0,-1.0,0.0,-1.0,4.0,0.0,76.0,,4.0,63.0,5.0,51.0,240.0,0.0,0.0,0.0,240.0,3.0,4.19,5.2,6.91,120.0,1.0099999999999998,0.2410501193317421,0.0,240.0,3.0,137.1,136.6,142.5,120.0,-0.5,-0.0036469730123997,0.0,240.0,3.0,4.26,4.67,4.67,240.0,0.4100000000000001,0.0962441314553991,0.0,240.0,3.0,21.7,20.7,21.7,0.0,-1.0,-0.0460829493087557,0.0,240.0,3.0,35.1,42.6,67.7,120.0,7.5,0.2136752136752136,0.0,240.0,3.0,7.374,7.318,7.374,0.0,-0.056,-0.0075942500678058,0.0,240.0,3.0,0.073,0.016,0.073,0.0,-0.0569999999999999,-0.7808219178082192,0.0,240.0,3.0,3.31,2.88,3.31,0.0,-0.4300000000000001,-0.1299093655589124,0.0,240.0,3.0,323.7,415.3,499.6,120.0,91.60000000000002,0.2829780661105963,0.0,240.0,3.0,16.8,12.7,24.4,120.0,-4.100000000000001,-0.2440476190476191,0.0,240.0,3.0,7.33,4.5,7.33,0.0,-2.83,-0.3860845839017735,0.0,240.0,3.0,116.1,103.0,116.1,0.0,-13.099999999999994,-0.1128337639965546,0.0,240.0,3.0,301.4,283.7,301.4,0.0,-17.69999999999999,-0.0587259455872594,-6.299999999999997,6.299999999999997,-0.0577451879010082,-1,-2.6000000000000014,2.6000000000000014,-0.1326530612244898,-1,-38.5,38.5,-0.2466367713004484,-1,3.9000000000000057,3.9000000000000057,0.0502577319587629,1,1.4000000000000057,1.4000000000000057,0.0147213459516299,1,-0.1799999999999997,0.1799999999999997,-0.0047770700636942,-1,1,1,0.0833333333333333,1,0,0,0.0,0,1,0,0,0,0,114.0,1,1,109,14,0,1,0,0,0,0,1,0,0,0,0,0,0,1,1,0,0,0,0,0,0,0,1,0,0,0,0,0,0,0,0,0,0,0,0.0,0.0,0,0,0,0,0,0,0,1,1,1,4110.888,0,4.74493212836325,103.76666666666668,1.0513973658849984,1,2,0,1,0,0,0,0,3,0.9570175438596492,0.0263157894736842,3,78.5,17030.51,0.6989109545163357,30.75208199871877,2
E002061,2025-05-22,77.8,20.0,123.0,79.3,97.7,0,37.36,13,45,Female,White,"Eye Problem right eye all red, blood in it, for 2 days",4,2,Walk-in,0,1,0,0,0,107.1,7.431,140.4,3.51,14.4,8.5,0,0,90.1,12.0,138.4,80.5,97.7,0,36.84,14,33.4,12.3,-0.52,1,1.56,325.2,7.392,0.0,0,1,0,0,0,0,0,0,0,0,0,4,3,0,0,9.0,68.1,91.8,80.45555555555556,90.1,23.700000000000003,0.1021015402023756,0.0310952706675786,-3.330812188904602e-16,-0.0246057471682995,1.0,91.8,180.0,68.1,202.0,0.0,-1.0,88.0,22.0,11.3,19.3,14.788888888888888,12.0,8.0,0.1847806783218768,-0.0282325905125343,-0.0516666666666667,-0.0349928979859416,-1.0,19.3,0.0,11.3,202.0,0.0,-1.0,13.9,23.0,120.7,138.6,131.31111111111113,138.4,17.89999999999999,0.0429050825478595,0.0093248610961105,-0.0599999999999999,-0.002195250755727,1.0,138.6,206.0,120.7,202.0,0.0,-1.0,133.75,4.0,59.4,89.1,78.71111111111112,80.5,29.7,0.1019553971728922,-0.0046093290612136,0.1416666666666665,-0.0178397130057908,-1.0,89.1,202.0,59.4,206.0,81.45,19.0,94.9,99.1,97.4777777777778,97.7,4.199999999999989,0.012580884295377,-0.0054967539091094,-0.0033333333333333,-0.0086671886950507,1.0,99.1,167.0,94.9,225.0,0.0,-1.0,96.3,15.0,36.49,37.09,36.870000000000005,36.84,0.6000000000000014,0.0049929305746258,-0.0009389062893761,0.0008333333333333,-0.0009275412463123,-1.0,37.09,180.0,36.49,202.0,36.915000000000006,4.0,14.0,15.0,14.444444444444445,14.0,1.0,0.034401045807689,0.0010860304088514,0.0166666666666666,0.0030411188403685,-1.0,15.0,60.0,14.0,0.0,0.0,-1.0,14.5,25.0,33.4,41.3,37.74444444444444,33.4,7.899999999999999,0.0665123551821901,-0.0081626285535995,0.0749999999999999,-0.037395746075682,-1.0,41.3,180.0,33.4,240.0,0.0,-1.0,35.9,22.0,2.0,1.0,1.0,1.0,1.0,1.0,1.0,1.0,1.0,1.0,1.0,1.0,1.0,1.0,1.0,1.0,1.0,84.0,84.0,0.0,1.0,84.0,0.0,-1.0,0.0,-1.0,0.0,-1.0,0.0,-1.0,4.0,0.0,-36.0,,0.0,0.0,5.0,0.0,180.0,1.0,0.0,120.0,240.0,2.0,9.17,3.28,9.17,120.0,-5.890000000000001,-0.6423118865866958,120.0,240.0,2.0,141.1,139.0,141.1,120.0,-2.0999999999999943,-0.0148830616583982,120.0,240.0,2.0,3.52,4.17,4.17,240.0,0.6499999999999999,0.1846590909090908,120.0,240.0,2.0,24.2,22.6,24.2,120.0,-1.599999999999998,-0.0661157024793387,120.0,240.0,2.0,21.4,30.8,30.8,240.0,9.400000000000002,0.4392523364485982,120.0,240.0,2.0,7.391,7.392,7.392,240.0,0.0010000000000003,0.0001352996888107,120.0,240.0,2.0,0.0,0.0,0.0,120.0,0.0,0.0,120.0,240.0,2.0,2.33,1.56,2.33,120.0,-0.77,-0.3304721030042918,120.0,240.0,2.0,232.7,325.2,325.2,240.0,92.5,0.3975075204125484,120.0,240.0,2.0,4.5,1.0,4.5,120.0,-3.5,-0.7777777777777778,120.0,240.0,2.0,0.1,0.1,0.1,120.0,0.0,0.0,120.0,240.0,2.0,97.0,99.0,99.0,240.0,2.0,0.0206185567010309,120.0,240.0,2.0,294.5,300.0,300.0,240.0,5.5,0.0186757215619694,12.299999999999995,12.299999999999995,0.1580976863753213,1,-8.0,8.0,-0.4,-1,15.400000000000006,15.400000000000006,0.1252032520325203,1,1.2000000000000028,1.2000000000000028,0.0151324085750315,1,0.0,0.0,0.0,0,-0.519999999999996,0.519999999999996,-0.013918629550321,-1,1,1,0.0769230769230769,1,0,0,0.0,0,2,0,0,0,0,,0,0,54,12,0,0,0,0,1,0,0,0,1,0,0,0,0,0,0,0,1,0,0,0,0,0,0,0,0,0,0,0,0,0,0,0,0,0,0.0,0.0,0,1,1,0,0,0,0,0,1,0,2906.608,0,,93.86666666666666,0.8288352272727272,0,2,0,0,0,0,0,0,2,,,0,43.7,9569.4,0.632520325203252,28.46341463414634,0
E000022,2025-05-21,81.1,27.9,98.9,87.8,95.1,0,37.4,12,21,Male,Black,Chest pain. Festival attendee from festival medical tent with symptom onset ~51 minutes before arrival.,4,3,Walk-in,1,0,0,0,0,86.7,7.346,136.3,3.88,14.5,14.0,1,1,86.6,18.5,122.9,74.5,94.8,0,36.88,13,37.2,5.5,-0.52,1,,,,,1,0,0,0,0,0,0,0,0,0,0,3,2,0,1,8.0,80.1,104.8,94.35,86.6,24.700000000000003,0.0928578248131435,-0.0280562801307836,0.0,-0.0418894447684231,1.0,104.8,118.0,80.1,92.0,0.0,-1.0,88.3,22.0,16.3,23.4,19.1125,18.5,7.099999999999998,0.1173291102337937,-0.0209983537505359,0.0,-0.0086315644087044,1.0,23.4,0.0,16.3,118.0,0.0,-1.0,17.8,23.0,108.3,135.4,123.525,122.9,27.10000000000001,0.0736300884690928,0.0556131215573583,0.0,0.0423843651207761,-1.0,135.4,114.0,108.3,92.0,0.0,-1.0,126.7,13.0,62.1,85.5,73.15,74.5,23.4,0.1090841421350472,0.0010093505660413,0.0,-0.0344832878057764,-1.0,85.5,118.0,62.1,114.0,69.95,9.0,94.8,97.3,96.1125,94.8,2.5,0.0090769345487913,0.0006548996376939,0.0,-0.0011670912495012,-1.0,97.3,215.0,94.8,240.0,0.0,-1.0,96.05,25.0,36.82,37.54,37.11,36.88,0.7199999999999989,0.0063668323097335,-0.0019516729232873,0.0,-0.0005491697615174,1.0,37.54,0.0,36.82,141.0,37.05,74.0,13.0,15.0,13.625,13.0,2.0,0.0510804069984405,-0.004277630317173,0.0,-0.0057625610018108,1.0,15.0,118.0,13.0,92.0,0.0,-1.0,13.0,22.0,35.7,41.3,38.6375,37.2,5.599999999999994,0.0472638099292854,0.0033654837453319,0.0,-0.0166953132193609,-1.0,41.3,114.0,35.7,0.0,0.0,-1.0,38.150000000000006,13.0,1.0,1.0,1.0,1.0,1.0,1.0,1.0,1.0,1.0,1.0,1.0,1.0,1.0,1.0,1.0,1.0,1.0,94.0,94.0,0.0,0.0,-1.0,1.0,94.0,0.0,-1.0,0.0,-1.0,0.0,-1.0,2.0,0.0,-26.0,,0.0,0.0,4.0,92.0,215.0,1.0,0.0,120.0,120.0,1.0,7.58,7.58,7.58,120.0,0.0,0.0,120.0,120.0,1.0,136.5,136.5,136.5,120.0,0.0,0.0,120.0,120.0,1.0,3.86,3.86,3.86,120.0,0.0,0.0,120.0,120.0,1.0,23.4,23.4,23.4,120.0,0.0,0.0,120.0,120.0,1.0,50.4,50.4,50.4,120.0,0.0,0.0,120.0,120.0,1.0,7.355,7.355,7.355,120.0,0.0,0.0,120.0,120.0,1.0,0.048,0.048,0.048,120.0,0.0,0.0,120.0,120.0,1.0,1.93,1.93,1.93,120.0,0.0,0.0,120.0,120.0,1.0,261.0,261.0,261.0,120.0,0.0,0.0,120.0,120.0,1.0,18.7,18.7,18.7,120.0,0.0,0.0,120.0,120.0,1.0,2.99,2.99,2.99,120.0,0.0,0.0,120.0,120.0,1.0,86.9,86.9,86.9,120.0,0.0,0.0,120.0,120.0,1.0,291.4,291.4,291.4,120.0,0.0,0.0,5.5,5.5,0.0678175092478421,1,-9.4,9.4,-0.3369175627240143,-1,24.0,24.0,0.2426693629929221,1,-13.299999999999995,13.299999999999995,-0.1514806378132118,-1,-0.2999999999999971,0.2999999999999971,-0.003154574132492,-1,-0.519999999999996,0.519999999999996,-0.0139037433155079,-1,1,1,0.0833333333333333,1,0,0,0.0,0,3,0,0,0,0,51.0,1,1,103,15,0,1,0,0,0,1,0,0,0,0,0,0,0,0,0,0,0,1,0,1,0,0,1,0,1,0,0,0,0,0,0,0,0,0,0.0,0.0,0,0,0,0,0,0,0,1,1,1,3033.14,0,3.951243718581428,91.5,0.8863387978142075,0,2,1,0,3,2,0,0,7,1.5901960784313725,0.1372549019607843,2,11.100000000000009,8020.79,0.820020222446916,17.220424671385235,1
E000880,2025-05-20,79.4,18.0,117.7,85.3,96.6,0,37.23,15,54,Non-binary,Asian,heart rate at triage is 130.,5,5,EMS,1,1,1,0,0,104.6,7.439,136.9,4.01,14.7,7.9,0,0,74.5,13.1,134.8,76.2,97.7,0,36.79,15,36.5,-4.9,-0.44,0,,,,,1,0,0,0,0,0,0,0,0,0,0,2,1,0,1,7.0,74.4,103.5,83.47142857142856,74.5,29.099999999999994,0.1093464957173487,-0.024553626024214,0.0,-0.0315800909696671,1.0,103.5,187.0,74.4,227.0,0.0,-1.0,74.45,40.0,11.1,17.0,13.471428571428572,13.1,5.9,0.1309811041921061,0.005712363947658,0.0,-0.0055421965987774,-1.0,17.0,99.0,11.1,0.0,0.0,-1.0,13.65,88.0,112.6,137.1,125.31428571428572,134.8,24.5,0.0740992318213225,-0.0523214504096856,0.0,-0.055746443781325,1.0,137.1,99.0,112.6,227.0,0.0,-1.0,123.7,13.0,75.4,86.7,79.77142857142857,76.2,11.299999999999995,0.0512753398318621,-0.0097052708817412,0.0,0.0303748877364776,1.0,86.7,0.0,75.4,99.0,80.1,88.0,96.2,98.7,97.37142857142858,97.7,2.5,0.0073180539397534,-0.0016968325791851,0.0,-0.0025161514615988,1.0,98.7,99.0,96.2,173.0,0.0,-1.0,97.35,14.0,36.73,37.19,36.864285714285714,36.79,0.4600000000000008,0.0038194003728993,0.0002320533202887,0.0,0.0003679346409014,1.0,37.19,187.0,36.73,72.0,36.78,40.0,14.0,15.0,14.714285714285714,15.0,1.0,0.0307017248560036,0.0012443438914027,0.0,-0.0026363820726019,0.0,15.0,72.0,14.0,0.0,0.0,-1.0,14.5,155.0,30.0,41.0,35.614285714285714,36.5,11.0,0.0890005395287634,0.0050944723003547,0.0,0.0254208071385113,1.0,41.0,187.0,30.0,72.0,0.0,-1.0,35.3,27.0,1.0,1.0,1.0,1.0,1.0,1.0,1.0,1.0,1.0,1.0,1.0,1.0,1.0,1.0,1.0,1.0,1.0,67.0,67.0,0.0,0.0,-1.0,1.0,67.0,0.0,-1.0,0.0,-1.0,0.0,-1.0,2.0,0.0,-53.0,,0.0,0.0,5.0,0.0,187.0,1.0,0.0,120.0,120.0,1.0,9.11,9.11,9.11,120.0,0.0,0.0,120.0,120.0,1.0,133.0,133.0,133.0,120.0,0.0,0.0,120.0,120.0,1.0,3.9,3.9,3.9,120.0,0.0,0.0,120.0,120.0,1.0,25.7,25.7,25.7,120.0,0.0,0.0,120.0,120.0,1.0,37.9,37.9,37.9,120.0,0.0,0.0,120.0,120.0,1.0,7.398,7.398,7.398,120.0,0.0,0.0,120.0,120.0,1.0,0.014,0.014,0.014,120.0,0.0,0.0,120.0,120.0,1.0,1.16,1.16,1.16,120.0,0.0,0.0,120.0,120.0,1.0,183.6,183.6,183.6,120.0,0.0,0.0,120.0,120.0,1.0,12.2,12.2,12.2,120.0,0.0,0.0,120.0,120.0,1.0,4.3,4.3,4.3,120.0,0.0,0.0,120.0,120.0,1.0,82.1,82.1,82.1,120.0,0.0,0.0,120.0,120.0,1.0,288.6,288.6,288.6,120.0,0.0,0.0,-4.900000000000006,4.900000000000006,-0.0617128463476071,-1,-4.9,4.9,-0.2722222222222222,-1,17.10000000000001,17.10000000000001,0.145284621920136,1,-9.099999999999994,9.099999999999994,-0.1066822977725673,-1,1.1000000000000083,1.1000000000000083,0.0113871635610766,1,-0.4399999999999977,0.4399999999999977,-0.0118184260005371,-1,0,0,0.0,0,0,0,0.0,0,0,0,0,0,0,,0,0,28,6,0,0,0,0,1,0,0,0,1,0,0,1,0,0,0,0,0,0,0,0,0,0,0,0,0,0,0,0,0,0,0,1,0,0,0.0,0.0,0,1,1,0,0,0,0,0,0,0,2956.062,0,,96.1,0.826222684703434,0,0,0,0,0,0,0,0,0,,,0,32.400000000000006,9345.38,0.6745964316057774,36.42820730671198,0
E002101,2025-05-20,133.8,22.8,128.3,79.4,92.7,0,37.81,12,28,Male,White,Chest pain. Festival attendee from main stage with symptom onset ~266 minutes before arrival.,3,7,EMS,0,0,0,0,0,148.1,7.357,134.3,4.66,13.1,13.5,1,1,99.7,19.7,109.5,68.3,94.8,0,37.47,14,43.1,-34.1,-0.34,2,2.79,370.4,7.385,0.056,1,0,0,0,1,0,1,0,0,0,0,2,1,0,1,9.0,85.0,114.2,100.1888888888889,99.7,29.200000000000003,0.0999947794803482,-0.0810689763172478,-0.1264988009592337,0.0247193146368112,1.0,114.2,0.0,85.0,126.0,0.0,-1.0,99.7,18.0,15.1,25.6,20.01111111111112,19.7,10.500000000000002,0.1447268329100825,-0.003282578842123,0.1604316546762586,0.0250946174919634,-1.0,25.6,30.0,15.1,110.0,1.0,30.0,19.7,80.0,109.5,135.7,122.3111111111111,109.5,26.19999999999999,0.0842061415637751,-0.0016780302117716,0.5484412470023956,-0.1088489128885651,-1.0,135.7,39.0,109.5,240.0,0.0,-1.0,109.5,71.0,66.2,87.3,77.89999999999999,68.3,21.099999999999994,0.0955413321166261,0.0266832100609532,-0.0107913669064758,-0.1339926206274049,-1.0,87.3,110.0,66.2,39.0,68.3,130.0,93.0,97.1,94.86666666666666,94.8,4.099999999999994,0.0132406491085149,0.0053484954345047,-0.0519184652278195,-0.0062692995930258,1.0,97.1,144.0,93.0,30.0,0.0,-1.0,94.8,80.0,36.92,37.65,37.337777777777774,37.47,0.7299999999999969,0.0063300729914573,-0.0018201267256126,0.0002877697841721,0.0014795166986017,1.0,37.65,39.0,36.92,142.0,37.47,98.0,12.0,14.0,12.666666666666666,14.0,2.0,0.0526315789473684,0.0029850386681764,-0.0191846522781777,0.0146003895548623,1.0,14.0,240.0,12.0,39.0,4.0,39.0,14.0,87.0,35.3,43.2,39.577777777777776,43.1,7.900000000000006,0.0746095703491404,0.0033907533669019,0.1811750599520376,0.0526928375746251,-1.0,43.2,39.0,35.3,110.0,0.0,-1.0,43.1,71.0,2.0,1.0,1.0,1.0,1.0,1.0,1.0,1.0,1.0,1.0,1.0,1.0,1.0,1.0,1.0,3.0,1.0,15.0,229.0,2.0,0.0,-1.0,1.0,229.0,0.0,-1.0,0.0,-1.0,1.0,28.0,3.0,0.0,-105.0,,5.0,87.0,5.0,39.0,240.0,0.0,0.0,120.0,240.0,2.0,9.66,9.35,9.66,120.0,-0.3100000000000005,-0.0320910973084886,120.0,240.0,2.0,141.4,140.7,141.4,120.0,-0.700000000000017,-0.004950495049505,120.0,240.0,2.0,4.34,3.98,4.34,120.0,-0.3599999999999999,-0.0829493087557603,120.0,240.0,2.0,20.7,20.9,20.9,240.0,0.1999999999999993,0.0096618357487922,120.0,240.0,2.0,25.5,40.4,40.4,240.0,14.9,0.584313725490196,120.0,240.0,2.0,7.315,7.385,7.385,240.0,0.0699999999999994,0.0095693779904305,120.0,240.0,2.0,0.08,0.056,0.08,120.0,-0.024,-0.3,120.0,240.0,2.0,2.83,2.79,2.83,120.0,-0.04,-0.0141342756183745,120.0,240.0,2.0,577.4,370.4,577.4,120.0,-207.0,-0.3585036369934188,120.0,240.0,2.0,9.6,10.1,10.1,240.0,0.5,0.0520833333333333,120.0,240.0,2.0,3.75,1.21,3.75,120.0,-2.54,-0.6773333333333333,120.0,240.0,2.0,116.1,104.4,116.1,120.0,-11.699999999999989,-0.1007751937984495,120.0,240.0,2.0,297.6,287.4,297.6,120.0,-10.200000000000044,-0.0342741935483872,-34.10000000000001,34.10000000000001,-0.2548579970104634,-1,-3.1000000000000014,3.1000000000000014,-0.1359649122807018,-1,-18.80000000000001,18.80000000000001,-0.1465315666406859,-1,-11.100000000000009,11.100000000000009,-0.1397984886649875,-1,2.0999999999999943,2.0999999999999943,0.0226537216828478,1,-0.3400000000000034,0.3400000000000034,-0.0089923300714097,-1,2,2,0.1666666666666666,1,0,0,0.0,0,1,0,0,0,0,266.0,1,1,93,14,1,0,0,0,0,0,0,1,0,0,0,0,0,0,0,0,0,1,0,1,0,0,0,0,1,0,0,0,0,0,0,0,0,0,0.0,0.0,0,0,1,1,0,1,1,0,2,1,5058.978000000001,0,5.58724865840025,95.7,1.3981191222570533,1,2,1,3,2,0,2,0,9,0.5030075187969926,0.0338345864661654,2,48.900000000000006,17166.540000000005,1.0428682774746687,29.200311769290725,2
E001305,2025-05-22,89.7,16.4,112.0,64.8,97.4,0,36.87,14,49,Male,White,States she is getting over a cold and is congested also.,5,5,Walk-in,0,1,0,0,0,105.4,7.323,135.3,4.19,17.6,7.2,0,0,66.0,12.8,123.1,74.3,95.6,0,36.81,14,32.4,-23.7,-0.06,0,,,,,1,1,0,0,0,0,0,0,0,0,0,4,3,0,0,9.0,63.6,78.2,69.60000000000001,66.0,14.6,0.0620501899136465,-0.020656532294371,0.0767441860465111,-0.0251655728595669,-1.0,78.2,111.0,63.6,110.0,0.0,-1.0,68.7,11.0,9.5,18.2,13.51111111111111,12.8,8.7,0.2035158316512181,-0.0249346791600224,-0.0837209302325581,-0.0210101070779581,1.0,18.2,0.0,9.5,204.0,0.0,-1.0,12.65,-1.0,107.1,139.3,123.17777777777776,123.1,32.20000000000002,0.0726205507308985,0.0058014583061598,-0.286046511627907,-0.020844909667052,1.0,139.3,122.0,107.1,153.0,0.0,-1.0,123.7,51.0,65.9,89.0,75.5111111111111,74.3,23.099999999999994,0.0938432276355138,-0.0001070798954869,0.1325581395348836,0.0717872858065388,-1.0,89.0,204.0,65.9,153.0,75.55,51.0,95.6,99.6,96.95555555555556,95.6,4.0,0.0123300276473185,-0.006436995367585,-0.0837209302325582,-0.0008980731974708,1.0,99.6,0.0,95.6,240.0,0.0,-1.0,96.75,-1.0,36.54,36.98,36.76888888888889,36.81,0.4399999999999977,0.0042607413832985,-0.0013159677371852,-0.0004651162790698,-0.0005576163515401,1.0,36.98,0.0,36.54,228.0,36.675,12.0,14.0,15.0,14.444444444444445,14.0,1.0,0.034401045807689,-0.0049648045844501,-1.888336644411529e-17,-0.005293826122216,0.0,15.0,0.0,14.0,110.0,0.0,-1.0,14.0,1.0,31.5,39.3,35.977777777777774,32.4,7.799999999999997,0.0754942569387763,-0.0178162854005294,-0.0093023255813952,-0.0226921170799104,-1.0,39.3,122.0,31.5,111.0,0.0,-1.0,33.45,11.0,1.0,1.0,1.0,1.0,1.0,1.0,1.0,1.0,1.0,1.0,1.0,1.0,1.0,1.0,1.0,3.0,1.0,81.0,162.0,0.0,1.0,81.0,1.0,162.0,0.0,-1.0,0.0,-1.0,1.0,139.0,4.0,0.0,81.0,,0.0,0.0,5.0,110.0,204.0,1.0,0.0,0.0,0.0,1.0,3.49,3.49,3.49,0.0,0.0,0.0,0.0,0.0,1.0,140.1,140.1,140.1,0.0,0.0,0.0,0.0,0.0,1.0,3.59,3.59,3.59,0.0,0.0,0.0,0.0,0.0,1.0,22.5,22.5,22.5,0.0,0.0,0.0,0.0,0.0,1.0,8.0,8.0,8.0,0.0,0.0,0.0,0.0,0.0,1.0,7.387,7.387,7.387,0.0,0.0,0.0,0.0,0.0,1.0,0.008,0.008,0.008,0.0,0.0,0.0,0.0,0.0,1.0,1.26,1.26,1.26,0.0,0.0,0.0,0.0,0.0,1.0,280.6,280.6,280.6,0.0,0.0,0.0,0.0,0.0,1.0,12.1,12.1,12.1,0.0,0.0,0.0,0.0,0.0,1.0,3.16,3.16,3.16,0.0,0.0,0.0,0.0,0.0,1.0,83.7,83.7,83.7,0.0,0.0,0.0,0.0,0.0,1.0,282.5,282.5,282.5,0.0,0.0,0.0,-23.700000000000003,23.700000000000003,-0.2642140468227425,-1,-3.599999999999998,3.599999999999998,-0.2195121951219511,-1,11.099999999999994,11.099999999999994,0.0991071428571428,1,9.5,9.5,0.1466049382716049,1,-1.8000000000000114,1.8000000000000114,-0.0184804928131417,-1,-0.0599999999999951,0.0599999999999951,-0.0016273393002439,-1,0,0,0.0,0,0,0,0.0,0,1,0,0,0,0,,0,0,56,11,0,0,0,0,1,0,0,0,1,0,0,0,0,1,1,0,0,0,0,0,0,0,0,0,0,0,0,0,0,0,0,0,0,0,0.0,0.0,0,1,0,0,0,0,0,1,0,0,3307.239,0,,80.53333333333333,1.1138245033112584,0,1,0,0,0,0,0,0,1,,,1,47.2,10046.4,0.8008928571428572,39.24375,0
E001072,2025-05-21,75.2,24.3,122.5,79.1,97.5,0,36.77,13,45,Female,Black,Palpitations. Community patient from restaurant with symptom onset ~169 minutes before arrival.,5,10,Walk-in,0,0,0,0,0,75.4,7.366,135.7,4.44,16.8,11.0,0,0,78.2,14.9,124.9,80.1,97.9,0,36.59,15,41.5,3.0,-0.18,2,,,,,0,0,0,0,1,0,0,0,0,0,0,3,2,0,1,7.0,65.9,88.4,80.54285714285716,78.2,22.5,0.0866358032837601,-0.0553313515081206,-0.2137931034482763,-0.0539055978247907,1.0,88.4,0.0,65.9,150.0,0.0,-1.0,78.2,90.0,9.7,20.2,13.1,14.9,10.5,0.24664876979242,0.0023372244779582,-0.003448275862069,-0.0174720347270255,1.0,20.2,63.0,9.7,127.0,0.0,-1.0,14.9,53.0,117.0,136.0,124.07142857142856,124.9,19.0,0.0447381870965225,0.0147875580046404,-0.1413793103448281,0.0022813461492595,1.0,136.0,127.0,117.0,116.0,0.0,-1.0,124.9,23.0,66.2,89.1,76.67142857142858,80.1,22.89999999999999,0.090895097476394,0.0591491444315543,-0.2448275862068964,0.0421899968993726,-1.0,89.1,150.0,66.2,29.0,80.1,90.0,95.0,99.6,97.15714285714286,97.9,4.599999999999994,0.0133617906929408,0.0050822940835267,-0.0068965517241381,0.011264817420755,-1.0,99.6,150.0,95.0,127.0,0.0,-1.0,97.9,90.0,36.32,36.8,36.62571428571429,36.59,0.4799999999999969,0.0043289837609718,0.0003706859048723,-0.01448275862069,-0.0001892575190211,1.0,36.8,150.0,36.32,29.0,36.59,34.0,14.0,15.0,14.428571428571429,15.0,1.0,0.0342980357934431,0.0014283642691415,-0.0344827586206896,0.0052829918668161,1.0,15.0,0.0,14.0,29.0,0.0,-1.0,15.0,98.0,31.1,42.6,35.785714285714285,41.5,11.5,0.1237988452250965,0.0274695475638051,-0.1,0.0189329071958403,1.0,42.6,116.0,31.1,29.0,0.0,-1.0,41.5,11.0,0.0,0.0,0.0,0.0,0.0,0.0,0.0,0.0,0.0,0.0,0.0,0.0,0.0,0.0,0.0,1.0,1.0,22.0,22.0,1.0,0.0,-1.0,0.0,-1.0,0.0,-1.0,0.0,-1.0,0.0,-1.0,0.0,0.0,,,0.0,0.0,5.0,29.0,240.0,0.0,0.0,,,,,,,,,,,,,,,,,,,,,,,,,,,,,,,,,,,,,,,,,,,,,,,,,,,,,,,,,,,,,,,,,,,,,,,,,,,,,,,,,,,,,,,,,,,,,,,,,,,,,,,,,,,,,,,,,,,,,,3.0,3.0,0.0398936170212765,1,-9.4,9.4,-0.3868312757201646,-1,2.4000000000000057,2.4000000000000057,0.0195918367346939,1,1.0,1.0,0.0126422250316055,1,0.4000000000000057,0.4000000000000057,0.0041025641025641,1,-0.1799999999999997,0.1799999999999997,-0.0048952950775088,-1,2,2,0.1538461538461538,1,0,0,0.0,0,1,0,0,0,0,169.0,1,0,95,12,0,0,0,0,1,0,1,0,0,0,0,1,0,1,0,0,0,0,0,0,0,0,0,0,0,0,0,0,0,0,0,0,0,1,0.0,0.0,0,1,1,0,0,0,0,0,1,0,2765.1040000000003,0,5.135798437050262,93.56666666666666,0.8037050231563948,0,2,0,0,2,0,0,0,4,0.4449704142011834,0.0236686390532544,0,43.400000000000006,9212.0,0.6138775510204082,27.624489795918368,1
E002047,2025-05-22,97.6,13.7,128.3,77.4,96.1,0,37.25,15,33,Male,White,"Dental Problem right gum inflamed around a wisdom tooth, she had teeth cleaned 2 days ago.",5,1,EMS,0,0,0,0,0,90.0,7.447,135.0,4.28,13.7,7.8,0,0,83.3,17.9,120.9,79.4,97.0,0,37.05,14,38.3,-14.3,-0.2,-1,,,,,0,1,0,0,0,0,0,0,0,0,0,4,3,0,0,8.0,70.9,98.7,82.36250000000001,83.3,27.8,0.0989340601077548,-0.0289116843325605,0.5933333333333325,0.034527027027027,-1.0,98.7,30.0,70.9,193.0,0.0,-1.0,83.3,42.0,12.7,17.9,14.875,17.9,5.199999999999999,0.1018853416216986,0.0036622225902616,-0.06,0.0157410636442894,1.0,17.9,240.0,12.7,152.0,0.0,-1.0,17.9,3.0,105.4,131.4,119.1875,120.9,26.0,0.0591184127909088,0.0540835127525667,-0.4266666666666673,0.041037489102005,1.0,131.4,193.0,105.4,30.0,0.0,-1.0,120.9,47.0,70.7,83.2,74.85,79.4,12.5,0.0551496791998672,-0.0046538588936734,-0.3800000000000002,0.047541412380122,1.0,83.2,0.0,70.7,162.0,79.4,78.0,95.5,99.1,97.225,97.0,3.5999999999999943,0.0106610503685409,0.0006003643590592,0.1199999999999998,-0.0001896251089802,-1.0,99.1,30.0,95.5,0.0,0.0,-1.0,97.0,122.0,36.52,37.05,36.795,37.05,0.529999999999994,0.0054473983565232,0.000404728386883,0.0119999999999997,0.0023703138622492,1.0,37.05,30.0,36.52,72.0,37.05,42.0,13.0,15.0,14.375,14.0,2.0,0.0484153422854784,0.0021426796952633,-0.0666666666666667,0.0015039232781168,1.0,15.0,0.0,13.0,30.0,0.0,-1.0,14.0,42.0,29.9,39.7,34.6625,38.3,9.800000000000004,0.0915485527919788,0.0057003560781714,-0.0200000000000003,-0.0057323452484744,1.0,39.7,72.0,29.9,155.0,1.0,155.0,38.3,80.0,0.0,0.0,0.0,0.0,0.0,0.0,0.0,0.0,0.0,0.0,0.0,0.0,0.0,0.0,0.0,1.0,1.0,179.0,179.0,0.0,1.0,179.0,0.0,-1.0,0.0,-1.0,0.0,-1.0,0.0,-1.0,4.0,0.0,,,1.0,7.0,6.0,30.0,193.0,1.0,0.0,,,,,,,,,,,,,,,,,,,,,,,,,,,,,,,,,,,,,,,,,,,,,,,,,,,,,,,,,,,,,,,,,,,,,,,,,,,,,,,,,,,,,,,,,,,,,,,,,,,,,,,,,,,,,,,,,,,,,,-14.299999999999995,14.299999999999995,-0.1465163934426229,-1,4.199999999999999,4.199999999999999,0.3065693430656934,1,-7.400000000000006,7.400000000000006,-0.0576773187840998,-1,2.0,2.0,0.0258397932816537,1,0.9000000000000057,0.9000000000000057,0.0093652445369407,1,-0.2000000000000028,0.2000000000000028,-0.0053691275167785,-1,-1,1,-0.0666666666666666,-1,0,0,0.0,0,2,0,0,0,0,,0,0,90,16,0,0,0,0,1,0,0,0,1,0,1,0,0,1,0,0,0,0,0,0,0,0,1,0,0,0,0,0,0,0,0,0,1,0,0.0588235294117647,0.0,0,1,1,0,0,0,0,0,0,0,3635.6,0,,94.36666666666667,1.03426351112681,0,0,0,1,0,0,0,0,1,,,0,50.900000000000006,12522.08,0.7607170693686671,25.10366328916601,0
E001245,2025-05-20,95.9,18.0,125.1,82.4,95.6,1,37.6,11,37,Male,White,Chest pain. Festival attendee from VIP tent with symptom onset ~152 minutes before arrival.,3,4,Walk-in,0,0,1,0,0,114.0,7.394,137.5,4.48,16.9,12.1,1,1,117.9,14.2,125.6,80.8,95.5,0,36.73,15,37.6,22.0,-0.87,4,,,,,0,1,0,0,0,0,0,0,0,0,0,2,1,0,1,7.0,92.9,117.9,103.47142857142856,117.9,25.0,0.0781958675731194,0.0370866718380364,-0.0064102564102562,0.3149184975194895,1.0,117.9,240.0,92.9,30.0,0.0,-1.0,112.95,-1.0,14.2,19.8,17.228571428571428,14.2,5.600000000000001,0.0960641422750299,-0.0065862695311559,0.0012820512820514,-0.0741318214032602,-1.0,19.8,179.0,14.2,240.0,0.0,-1.0,15.1,-1.0,125.6,143.7,133.45714285714288,125.6,18.099999999999994,0.0482204350823752,-0.0261048985078513,0.0820512820512825,-0.1912473423104194,1.0,143.7,42.0,125.6,240.0,0.0,-1.0,126.9,-1.0,70.0,80.8,76.1857142857143,80.8,10.799999999999995,0.048050586997922,0.0141563841524814,-0.1025641025641018,0.0408221119773207,1.0,80.8,240.0,70.0,42.0,77.8,136.0,94.9,97.7,96.52857142857144,95.5,2.799999999999997,0.011331019530887,0.0051319422027141,0.0519230769230779,-0.0232813607370663,-1.0,97.7,178.0,94.9,0.0,0.0,-1.0,96.55,62.0,36.73,37.43,37.06285714285714,36.73,0.7000000000000028,0.0067871263740069,-0.0016576007092164,-0.0085897435897433,-0.0051027639971653,1.0,37.43,0.0,36.73,240.0,36.835,-1.0,12.0,15.0,13.571428571428571,15.0,3.0,0.0773523076668372,0.0087278911892384,-0.0064102564102562,0.0124025513819985,1.0,15.0,178.0,12.0,30.0,1.0,30.0,14.5,1.0,34.7,40.2,38.07142857142857,37.6,5.5,0.0455535327371609,-0.0064590731042192,1.1915808581058778e-16,0.0036853295535079,-1.0,40.2,30.0,34.7,178.0,0.0,-1.0,37.6,1.0,2.0,1.0,1.0,1.0,1.0,1.0,1.0,1.0,1.0,1.0,1.0,1.0,1.0,1.0,1.0,1.0,1.0,72.0,72.0,0.0,1.0,72.0,0.0,-1.0,0.0,-1.0,0.0,-1.0,0.0,-1.0,4.0,0.0,72.0,,1.0,12.0,3.0,30.0,219.0,1.0,0.0,0.0,120.0,2.0,4.9,11.73,11.73,120.0,6.83,1.393877551020408,0.0,120.0,2.0,138.5,140.1,140.1,120.0,1.5999999999999943,0.011552346570397,0.0,120.0,2.0,3.75,3.82,3.82,120.0,0.0699999999999998,0.0186666666666666,0.0,120.0,2.0,22.7,23.4,23.4,120.0,0.6999999999999993,0.0308370044052863,0.0,120.0,2.0,35.3,14.3,35.3,0.0,-21.0,-0.5949008498583569,0.0,120.0,2.0,7.382,7.396,7.396,120.0,0.0140000000000002,0.0018965050121918,0.0,120.0,2.0,0.026,0.009,0.026,0.0,-0.017,-0.653846153846154,0.0,120.0,2.0,2.29,1.86,2.29,0.0,-0.4299999999999999,-0.1877729257641921,0.0,120.0,2.0,457.8,372.3,457.8,0.0,-85.5,-0.1867627785058977,0.0,120.0,2.0,14.5,10.6,14.5,0.0,-3.9,-0.2689655172413793,0.0,120.0,2.0,8.96,5.06,8.96,0.0,-3.900000000000001,-0.4352678571428572,0.0,120.0,2.0,125.7,69.2,125.7,0.0,-56.5,-0.4494828957836118,0.0,120.0,2.0,283.3,288.8,288.8,120.0,5.5,0.0194140487116131,22.0,22.0,0.2294056308654848,1,-3.8000000000000007,3.8000000000000007,-0.2111111111111111,-1,0.5,0.5,0.0039968025579536,1,-1.6000000000000083,1.6000000000000083,-0.0194174757281554,-1,-0.0999999999999943,0.0999999999999943,-0.0010460251046024,-1,-0.8700000000000045,0.8700000000000045,-0.0231382978723405,-1,4,4,0.3636363636363636,1,-1,1,-1.0,-1,3,0,0,0,1,152.0,1,1,91,14,0,0,0,1,0,0,1,0,0,0,0,1,0,0,0,1,0,0,0,0,0,0,0,0,0,0,0,0,0,0,0,0,0,0,0.0,0.0,0,0,1,0,0,0,0,0,1,1,3605.84,0,5.030437921392435,96.63333333333334,0.9924111762676786,0,3,0,1,0,0,0,0,4,0.6309210526315789,0.0263157894736842,1,42.69999999999999,11997.09,0.7665867306155076,28.363709032773784,0
E000383,2025-05-20,85.5,19.5,118.8,75.1,97.7,0,36.82,14,43,Female,Native American,Altered mental status. Festival attendee from VIP tent with symptom onset ~202 minutes before arrival.,5,6,Walk-in,1,0,0,0,0,94.9,7.435,137.5,4.35,14.5,11.2,1,1,69.4,13.1,128.7,80.4,97.5,0,36.92,15,29.8,-16.1,0.1,1,,,,,0,0,0,0,0,0,0,0,0,0,0,2,1,0,1,6.0,64.3,95.4,74.55000000000001,69.4,31.10000000000001,0.1367940733678815,-0.0553844246031748,0.8235294117647055,-0.0587426326129664,-1.0,95.4,34.0,64.3,184.0,0.0,-1.0,69.4,69.0,10.8,17.7,14.283333333333331,13.1,6.899999999999999,0.1661415233791229,0.0109151785714285,0.0470588235294117,-0.0259785401239231,-1.0,17.7,105.0,10.8,0.0,0.0,-1.0,13.1,135.0,115.6,135.1,125.15000000000002,128.7,19.5,0.048945754684619,-0.0086259920634921,-0.0500000000000004,-0.0177043977633365,1.0,135.1,105.0,115.6,184.0,0.0,-1.0,128.7,56.0,65.3,84.7,75.43333333333334,80.4,19.40000000000001,0.0870200539919575,0.0409350198412697,0.191176470588235,-0.0303082968112436,1.0,84.7,105.0,65.3,0.0,80.4,79.0,96.4,98.5,97.38333333333333,97.5,2.0999999999999943,0.0080728916070996,0.003489583333333,0.0499999999999996,0.0077376454586673,-1.0,98.5,184.0,96.4,103.0,0.0,-1.0,97.5,56.0,36.56,36.92,36.71333333333333,36.92,0.3599999999999994,0.0034008209188901,0.000375496031746,0.001176470588235,0.0012346985038538,1.0,36.92,240.0,36.56,184.0,36.92,-1.0,13.0,15.0,14.333333333333334,15.0,2.0,0.0520015808720881,0.0038442460317459,0.0588235294117646,0.002040199486172,-1.0,15.0,34.0,13.0,0.0,0.0,-1.0,15.0,71.0,29.8,40.7,34.85,29.8,10.900000000000002,0.1105976061193507,-0.0353794642857143,0.1088235294117646,-0.0273084479371315,-1.0,40.7,34.0,29.8,240.0,1.0,240.0,29.8,-1.0,0.0,0.0,0.0,0.0,0.0,0.0,0.0,0.0,0.0,0.0,0.0,0.0,0.0,0.0,0.0,1.0,1.0,126.0,126.0,0.0,0.0,-1.0,0.0,-1.0,0.0,-1.0,0.0,-1.0,1.0,126.0,3.0,0.0,,,1.0,0.0,4.0,0.0,184.0,1.0,0.0,,,,,,,,,,,,,,,,,,,,,,,,,,,,,,,,,,,,,,,,,,,,,,,,,,,,,,,,,,,,,,,,,,,,,,,,,,,,,,,,,,,,,,,,,,,,,,,,,,,,,,,,,,,,,,,,,,,,,,-16.099999999999994,16.099999999999994,-0.1883040935672514,-1,-6.4,6.4,-0.3282051282051282,-1,9.899999999999991,9.899999999999991,0.0833333333333332,1,5.300000000000011,5.300000000000011,0.0705725699067911,1,-0.2000000000000028,0.2000000000000028,-0.0020470829068577,-1,0.1000000000000014,0.1000000000000014,0.0027159152634438,1,1,1,0.0714285714285714,1,0,0,0.0,0,1,0,0,0,0,202.0,1,1,102,15,0,0,0,1,0,0,0,1,0,0,0,0,0,0,0,0,0,0,0,0,0,1,1,0,0,0,0,0,0,0,0,0,0,0,0.0,0.1111111111111111,0,1,1,0,0,0,0,0,0,0,3148.11,0,5.313205979041787,89.66666666666666,0.9535315985130112,0,1,0,0,0,0,0,0,1,0.4232673267326732,0.0049504950495049,0,43.7,10157.4,0.7196969696969697,30.9469696969697,0
E002159,2025-05-22,89.7,16.3,131.5,75.4,98.6,0,37.01,15,17,Male,White,Altered mental status. Festival attendee from campground with symptom onset ~76 minutes before arrival.,5,8,EMS,0,0,0,0,0,115.0,7.37,139.1,3.98,14.0,10.1,1,1,86.4,11.3,116.1,76.5,97.8,0,36.85,15,38.4,-3.3,-0.16,0,,,,,1,0,0,0,0,0,0,0,0,0,0,4,3,0,0,8.0,72.8,94.7,86.8,86.4,21.90000000000001,0.0822664545412083,-0.0123120373977406,-0.1824918566775247,0.0302071532610455,1.0,94.7,128.0,72.8,103.0,0.0,-1.0,86.4,25.0,11.3,17.9,14.45,11.3,6.599999999999998,0.1563998530102356,-0.012399688352162,0.0371335504885993,-0.052241463019906,-1.0,17.9,103.0,11.3,240.0,0.0,-1.0,11.3,53.0,98.0,142.7,122.1625,116.1,44.69999999999999,0.1138777469907082,0.0336433580054537,0.0976384364820839,-0.1644036251820679,-1.0,142.7,103.0,98.0,36.0,0.0,-1.0,116.1,25.0,65.5,89.4,80.0125,76.5,23.90000000000001,0.0832398031834238,-0.0292686014803274,-0.1006514657980463,-0.0564816313319304,1.0,89.4,128.0,65.5,156.0,76.5,47.0,95.8,98.6,97.4375,97.8,2.799999999999997,0.0089755325976712,-0.0004392286716009,-0.0537459283387619,0.0004369639100178,1.0,98.6,0.0,95.8,36.0,0.0,-1.0,97.8,67.0,36.47,37.29,36.73375,36.85,0.8200000000000003,0.0065447457994313,-0.0002747370471367,-0.0223289902280127,0.0015932998867131,1.0,37.29,0.0,36.47,36.0,36.85,-1.0,13.0,15.0,14.5,15.0,2.0,0.048765984909417,0.0007985975847292,0.0285016286644951,0.0072018125910341,0.0,15.0,34.0,13.0,103.0,0.0,-1.0,15.0,69.0,33.1,38.4,36.0,38.4,5.299999999999997,0.0555902669338597,0.0119770159719516,0.0608306188925083,-0.0027593461725196,1.0,38.4,240.0,33.1,34.0,0.0,-1.0,38.4,-1.0,0.0,0.0,0.0,0.0,0.0,0.0,0.0,0.0,0.0,0.0,0.0,0.0,0.0,0.0,0.0,1.0,1.0,200.0,200.0,0.0,0.0,-1.0,1.0,200.0,0.0,-1.0,0.0,-1.0,0.0,-1.0,2.0,0.0,,,0.0,0.0,4.0,103.0,203.0,1.0,0.0,,,,,,,,,,,,,,,,,,,,,,,,,,,,,,,,,,,,,,,,,,,,,,,,,,,,,,,,,,,,,,,,,,,,,,,,,,,,,,,,,,,,,,,,,,,,,,,,,,,,,,,,,,,,,,,,,,,,,,-3.299999999999997,3.299999999999997,-0.0367892976588628,-1,-5.0,5.0,-0.3067484662576687,-1,-15.400000000000006,15.400000000000006,-0.1171102661596958,-1,1.0999999999999943,1.0999999999999943,0.0145888594164455,1,-0.7999999999999972,0.7999999999999972,-0.0081135902636916,-1,-0.1599999999999966,0.1599999999999966,-0.0043231559038096,-1,0,0,0.0,0,0,0,0.0,0,2,0,0,0,0,76.0,1,1,103,14,0,0,1,0,0,0,1,0,0,0,1,0,0,0,1,0,0,0,0,0,0,0,0,0,0,0,0,0,0,0,0,0,0,0,0.0,0.1176470588235294,0,1,1,0,0,0,0,0,0,0,3319.797,0,4.343805421853684,94.1,0.953241232731137,0,0,0,0,0,0,0,0,0,1.180263157894737,0.0,0,56.1,11795.55,0.68212927756654,11.59619771863118,0
E002188,2025-05-18,163.3,35.9,94.5,85.3,89.6,1,38.93,10,62,Male,White,Chest pain. Festival attendee from beach shuttle stop with symptom onset ~35 minutes before arrival.,1,9,EMS,0,0,1,1,0,153.8,7.292,139.7,4.83,13.8,22.4,1,1,146.8,26.5,121.8,67.2,92.8,1,38.13,11,48.4,-16.5,-0.8,1,5.33,919.2,7.298,0.104,1,1,0,1,0,0,1,0,0,0,0,0,6,1,0,7.0,102.2,146.8,123.71428571428572,146.8,44.60000000000001,0.1318011853680051,-0.0331232561157615,0.6451612903225797,0.0750052532044548,1.0,146.8,240.0,102.2,171.0,3.0,31.0,121.96666666666664,-1.0,25.4,34.4,28.41428571428571,26.5,9.0,0.1069531803237561,-0.0255093764194406,0.1451612903225804,-0.0118232121594172,-1.0,34.4,31.0,25.4,211.0,7.0,0.0,26.2,114.0,111.6,138.5,124.94285714285716,121.8,26.90000000000001,0.0685728648811532,-0.0455672895983389,-0.6129032258064517,-0.1132801008615252,1.0,138.5,0.0,111.6,214.0,0.0,-1.0,118.86666666666667,-1.0,66.6,88.1,74.01428571428572,67.2,21.5,0.0965261512445709,-0.0144983020786018,-0.0129032258064518,-0.1656020172305103,1.0,88.1,145.0,66.6,214.0,71.23333333333333,26.0,90.1,93.1,91.92857142857144,92.8,3.0,0.0104938262726552,0.009886606969048,-0.0354838709677423,0.0135462632205643,1.0,93.1,211.0,90.1,31.0,1.0,31.0,92.83333333333331,-1.0,37.83,38.54,38.12857142857143,38.13,0.7100000000000009,0.0062873516563216,-0.0013746674453312,0.009032258064516,0.0036982559361211,-1.0,38.54,31.0,37.83,145.0,38.13,66.0,10.0,12.0,11.142857142857142,11.0,2.0,0.0573350763461484,0.0039636190599788,-0.032258064516129,-0.0012957904321636,0.0,12.0,171.0,10.0,31.0,7.0,0.0,11.333333333333334,114.0,42.5,48.4,44.442857142857136,48.4,5.899999999999999,0.0441064479306818,0.0134568381891722,-0.0064516129032259,0.0147545002451495,1.0,48.4,240.0,42.5,211.0,0.0,-1.0,45.06666666666666,-1.0,3.0,1.0,1.0,1.0,1.0,1.0,1.0,1.0,1.0,1.0,1.0,1.0,1.0,1.0,1.0,3.0,1.0,54.0,224.0,1.0,1.0,224.0,1.0,54.0,1.0,168.0,0.0,-1.0,0.0,-1.0,7.0,0.0,54.0,193.0,18.0,240.0,2.0,31.0,-1.0,1.0,0.0,0.0,240.0,3.0,7.34,7.37,13.14,120.0,0.0300000000000002,0.0040871934604904,0.0,240.0,3.0,143.5,140.3,143.5,0.0,-3.1999999999999886,-0.0222996515679441,0.0,240.0,3.0,5.33,4.51,5.33,0.0,-0.8200000000000003,-0.1538461538461539,0.0,240.0,3.0,20.2,16.8,20.2,0.0,-3.3999999999999986,-0.1683168316831682,0.0,240.0,3.0,54.8,27.5,54.8,0.0,-27.3,-0.4981751824817518,0.0,240.0,3.0,7.301,7.298,7.335,120.0,-0.0030000000000001,-0.00041090261608,0.0,240.0,3.0,0.2,0.104,0.2,0.0,-0.096,-0.48,0.0,240.0,3.0,4.09,5.33,5.33,240.0,1.2400000000000002,0.3031784841075795,0.0,240.0,3.0,1218.7,919.2,1218.7,0.0,-299.5,-0.2457536719455157,0.0,240.0,3.0,33.5,28.6,33.5,0.0,-4.899999999999999,-0.1462686567164178,0.0,240.0,3.0,4.24,8.01,8.01,240.0,3.77,0.8891509433962262,0.0,240.0,3.0,148.7,128.5,148.7,0.0,-20.19999999999999,-0.1358439811701411,0.0,240.0,3.0,289.7,291.0,307.8,120.0,1.3000000000000114,0.0044874007594063,-16.5,16.5,-0.1010410287813839,-1,-9.4,9.4,-0.2618384401114206,-1,27.3,27.3,0.2888888888888888,1,-18.099999999999994,18.099999999999994,-0.212192262602579,-1,3.200000000000003,3.200000000000003,0.0357142857142857,1,-0.7999999999999972,0.7999999999999972,-0.0205497045979963,-1,1,1,0.1,1,0,0,0.0,0,1,0,0,0,0,35.0,1,1,100,15,0,0,0,1,0,1,0,0,0,1,0,0,0,0,1,0,1,0,1,0,1,0,0,0,0,1,1,1,0,1,1,0,0,0,0.0,0.0,1,0,0,1,1,1,1,1,2,1,6357.269,0,3.58351893845611,88.36666666666666,1.8479818936250472,0,3,1,3,3,2,3,2,16,4.665714285714286,0.4571428571428571,2,9.200000000000005,15431.85,1.7280423280423285,107.13862433862435,3
E001266,2025-05-21,168.7,26.1,122.1,64.5,94.3,0,38.16,13,20,Male,Black,Anxiety/panic. Festival attendee from VIP tent with symptom onset ~27 minutes before arrival.,2,9,Festival Medical Tent Transfer,0,0,0,0,0,136.4,7.332,133.4,4.32,16.1,11.0,1,1,136.3,27.3,113.9,62.3,96.0,0,37.36,13,38.2,-32.4,-0.8,0,,,,,0,1,1,0,0,0,0,0,0,0,0,3,2,0,1,9.0,88.2,148.3,119.93333333333334,136.3,60.10000000000001,0.1524776594873488,0.041415922283825,1.3169696969696971,0.240562206070971,-1.0,148.3,39.0,88.2,0.0,4.0,36.0,136.3,72.0,18.2,29.2,23.544444444444444,27.3,11.0,0.1532703754072742,-0.0201655452829275,0.0236363636363636,0.0173257802479692,1.0,29.2,36.0,18.2,183.0,6.0,0.0,27.3,57.0,107.4,149.3,126.66666666666669,113.9,41.900000000000006,0.0976872447350907,0.024222447285035,-0.5975757575757573,0.0064664386489954,-1.0,149.3,195.0,107.4,36.0,0.0,-1.0,113.9,115.0,62.3,82.9,75.74444444444444,62.3,20.60000000000001,0.0813132149637118,-0.0072251989261525,0.1863636363636367,-0.1466759298845659,-1.0,82.9,111.0,62.3,240.0,62.3,129.0,92.2,96.2,94.8111111111111,96.0,4.0,0.0142329283973879,0.010863024869027,-0.0357575757575746,0.0070756733646859,1.0,96.2,151.0,92.2,33.0,0.0,-1.0,96.0,3.0,37.36,38.07,37.64666666666668,37.36,0.7100000000000009,0.0058505147996039,-0.0015737972275074,1.4645015541046946e-16,-0.00106776400171,-1.0,38.07,33.0,37.36,240.0,37.36,-1.0,11.0,15.0,12.555555555555555,13.0,4.0,0.0848819738639419,0.0054306746547416,-0.0030303030303029,-0.0004275331338178,1.0,15.0,151.0,11.0,39.0,5.0,0.0,13.0,32.0,37.0,45.2,40.644444444444446,38.2,8.200000000000003,0.0700241647048609,-0.028387515964359,-0.0754545454545456,-0.0166737922188969,-1.0,45.2,33.0,37.0,151.0,0.0,-1.0,38.2,-1.0,2.0,1.0,1.0,1.0,1.0,1.0,1.0,1.0,1.0,1.0,1.0,1.0,1.0,1.0,1.0,3.0,1.0,44.0,182.0,1.0,1.0,182.0,0.0,-1.0,0.0,-1.0,1.0,44.0,1.0,89.0,5.0,0.0,44.0,146.0,15.0,151.0,2.0,39.0,183.0,1.0,0.0,0.0,120.0,2.0,14.01,15.14,15.14,120.0,1.1300000000000008,0.0806566738044254,0.0,120.0,2.0,138.8,136.4,138.8,0.0,-2.4000000000000057,-0.0172910662824207,0.0,120.0,2.0,4.43,4.7,4.7,120.0,0.2700000000000004,0.0609480812641084,0.0,120.0,2.0,18.4,22.3,22.3,120.0,3.900000000000002,0.2119565217391305,0.0,120.0,2.0,23.2,60.8,60.8,120.0,37.6,1.6206896551724137,0.0,120.0,2.0,7.357,7.312,7.357,0.0,-0.0449999999999999,-0.0061166236237596,0.0,120.0,2.0,0.073,0.09,0.09,120.0,0.017,0.2328767123287671,0.0,120.0,2.0,4.06,3.16,4.06,0.0,-0.8999999999999995,-0.2216748768472905,0.0,120.0,2.0,671.8,954.6,954.6,120.0,282.80000000000007,0.4209586186364991,0.0,120.0,2.0,21.5,24.5,24.5,120.0,3.0,0.1395348837209302,0.0,120.0,2.0,8.32,4.78,8.32,0.0,-3.54,-0.4254807692307692,0.0,120.0,2.0,123.2,127.8,127.8,120.0,4.599999999999994,0.0373376623376622,0.0,120.0,2.0,300.7,294.6,300.7,0.0,-6.099999999999966,-0.0202859993348851,-32.39999999999998,32.39999999999998,-0.1920569057498516,-1,1.1999999999999993,1.1999999999999993,0.0459770114942528,1,-8.199999999999989,8.199999999999989,-0.067158067158067,-1,-2.200000000000003,2.200000000000003,-0.0341085271317829,-1,1.7000000000000028,1.7000000000000028,0.0180275715800636,1,-0.7999999999999972,0.7999999999999972,-0.020964360587002,-1,0,0,0.0,0,0,0,0.0,0,2,0,0,0,0,27.0,1,1,93,13,0,0,0,1,0,1,0,0,0,1,0,1,0,1,0,0,1,0,0,0,1,0,0,1,0,0,0,0,0,0,0,0,0,0,0.0,0.0,0,1,0,1,1,0,1,1,1,0,6437.591999999999,0,3.332204510175204,83.7,2.0155316606929508,1,2,1,3,3,0,1,2,11,6.248148148148148,0.4074074074074074,2,57.6,20598.27,1.3816543816543816,27.633087633087637,3
E000370,2025-05-21,108.2,18.0,146.3,80.6,96.6,0,37.51,13,27,Female,White,Agitation. Festival attendee from festival medical tent with symptom onset ~181 minutes before arrival.,4,3,Walk-in,0,0,0,0,1,99.1,7.465,135.8,4.33,12.8,11.2,1,1,82.5,15.9,128.6,84.6,95.6,0,36.71,15,36.2,-25.7,-0.8,2,1.72,154.4,7.363,0.01,1,0,0,0,0,0,0,0,0,0,0,3,2,0,1,8.0,59.9,103.6,83.6125,82.5,43.7,0.1396401549342401,0.0191154948066805,0.0,0.1351192786211621,-1.0,103.6,227.0,59.9,164.0,0.0,-1.0,93.05,33.0,13.1,18.4,16.05,15.9,5.299999999999999,0.1114986303312976,-0.0077499164752249,0.0,-0.003338659970323,1.0,18.4,164.0,13.1,207.0,0.0,-1.0,16.9,20.0,115.6,133.4,127.2375,128.6,17.80000000000001,0.0426108748283701,0.0420429716488823,0.0,-0.0294669558269605,-1.0,133.4,137.0,115.6,0.0,0.0,-1.0,129.39999999999998,60.0,58.4,84.6,74.325,84.6,26.2,0.1115313047098985,-0.0263583493730467,0.0,-0.0260426891907315,1.0,84.6,240.0,58.4,207.0,76.15,33.0,95.3,98.1,96.4,95.6,2.799999999999997,0.0087408192667804,2.838364037920146e-05,0.0,-0.0043248487615568,-1.0,98.1,164.0,95.3,197.0,0.0,-1.0,96.3,33.0,36.65,37.32,36.91625,36.71,0.6700000000000017,0.0058175919347319,0.0003441812058906,0.0,-0.0027607579043487,-1.0,37.32,119.0,36.65,0.0,36.925,45.0,13.0,15.0,14.25,15.0,2.0,0.0464166896677998,0.0031754197674315,0.0,0.0070425750485104,0.0,15.0,197.0,13.0,207.0,0.0,-1.0,15.0,10.0,35.4,44.8,39.15,36.2,9.4,0.0732993351329846,-0.0243306930634522,0.0,-0.0372446067800479,-1.0,44.8,119.0,35.4,164.0,0.0,-1.0,37.35,43.0,2.0,1.0,1.0,1.0,1.0,1.0,1.0,1.0,1.0,1.0,1.0,1.0,1.0,1.0,1.0,1.0,1.0,191.0,191.0,0.0,0.0,-1.0,1.0,191.0,0.0,-1.0,0.0,-1.0,0.0,-1.0,2.0,0.0,71.0,,0.0,0.0,6.0,207.0,197.0,1.0,0.0,120.0,240.0,2.0,6.73,9.17,9.17,240.0,2.4399999999999995,0.3625557206537889,120.0,240.0,2.0,140.1,132.0,140.1,120.0,-8.099999999999994,-0.0578158458244111,120.0,240.0,2.0,4.12,3.96,4.12,120.0,-0.1600000000000001,-0.0388349514563107,120.0,240.0,2.0,25.0,21.2,25.0,120.0,-3.8000000000000007,-0.152,120.0,240.0,2.0,25.7,19.9,25.7,120.0,-5.800000000000001,-0.2256809338521401,120.0,240.0,2.0,7.401,7.363,7.401,120.0,-0.0379999999999993,-0.0051344412917172,120.0,240.0,2.0,0.02,0.01,0.02,120.0,-0.01,-0.5,120.0,240.0,2.0,0.7,1.72,1.72,240.0,1.02,1.4571428571428573,120.0,240.0,2.0,20.0,154.4,154.4,240.0,134.4,6.720000000000001,120.0,240.0,2.0,24.8,17.8,24.8,120.0,-7.0,-0.282258064516129,120.0,240.0,2.0,0.1,4.22,4.22,240.0,4.12,41.2,120.0,240.0,2.0,100.4,71.9,100.4,120.0,-28.5,-0.2838645418326693,120.0,240.0,2.0,284.0,285.3,285.3,240.0,1.3000000000000114,0.0045774647887324,-25.700000000000003,25.700000000000003,-0.2375231053604436,-1,-2.1,2.1,-0.1166666666666666,-1,-17.700000000000017,17.700000000000017,-0.1209842788790158,-1,4.0,4.0,0.0496277915632754,1,-1.0,1.0,-0.010351966873706,-1,-0.7999999999999972,0.7999999999999972,-0.0213276459610769,-1,2,2,0.1538461538461538,1,0,0,0.0,0,3,0,0,0,0,181.0,1,1,103,14,0,1,0,0,0,0,0,1,0,0,0,0,0,1,0,0,0,0,0,0,0,1,0,0,0,0,0,0,0,0,0,0,1,0,0.1333333333333333,0.0,0,1,1,0,0,0,0,0,1,0,4058.582,0,5.204006687076795,102.5,1.055609756097561,0,2,0,1,0,0,0,0,3,0.5977900552486188,0.0165745856353591,1,65.70000000000002,15829.660000000002,0.7395762132604238,19.96855775803144,2
E000116,2025-05-22,119.3,23.3,137.6,67.8,93.8,1,37.78,11,40,Female,Black,Palpitations. Festival attendee from main stage with symptom onset ~201 minutes before arrival.,3,8,Walk-in,0,0,0,0,0,147.2,7.312,142.3,4.1,14.6,11.9,1,1,93.4,19.2,121.6,96.6,94.9,0,37.34,13,35.6,-25.9,-0.44,2,,,,,1,1,0,0,0,0,0,0,0,0,0,4,3,0,0,7.0,92.4,119.8,101.84285714285714,93.4,27.39999999999999,0.1046268354032674,-0.0849747123881508,0.0,-0.0565790268152449,-1.0,119.8,76.0,92.4,102.0,0.0,-1.0,95.95,-1.0,14.0,25.5,20.057142857142853,19.2,11.5,0.1690511723634124,-0.0158620713610848,0.0,-0.0210281972668173,-1.0,25.5,76.0,14.0,99.0,1.0,76.0,18.3,3.0,104.3,123.8,112.85714285714286,121.6,19.5,0.0685040556472518,0.0860834769076863,0.0,0.0950327726976928,-1.0,123.8,215.0,104.3,0.0,0.0,-1.0,122.7,-1.0,66.4,96.6,78.5,96.6,30.19999999999999,0.1083990142505451,0.0787465958984049,0.0,0.0998483801498755,1.0,96.6,240.0,66.4,76.0,86.94999999999999,-1.0,93.6,97.6,94.84285714285714,94.9,4.0,0.0131311912744108,0.0014821736230757,0.0,-0.0011129970414001,1.0,97.6,102.0,93.6,76.0,0.0,-1.0,94.65,113.0,37.0,37.65,37.37857142857143,37.34,0.6499999999999986,0.0057689164193734,0.0009135497137775,0.0,-0.0005880300824516,-1.0,37.65,95.0,37.0,0.0,37.415000000000006,4.0,11.0,13.0,12.428571428571429,13.0,2.0,0.0586094196964687,0.0071625076418607,0.0,0.0039313819545543,-1.0,13.0,95.0,11.0,0.0,3.0,0.0,13.0,7.0,33.2,42.8,39.58571428571429,35.6,9.599999999999994,0.0877630035144373,-0.0144500639137442,0.0,-0.0060882749552184,-1.0,42.8,0.0,33.2,99.0,0.0,-1.0,38.95,3.0,2.0,1.0,1.0,1.0,1.0,1.0,1.0,1.0,1.0,1.0,1.0,1.0,1.0,1.0,1.0,2.0,1.0,42.0,84.0,1.0,1.0,42.0,1.0,84.0,0.0,-1.0,0.0,-1.0,0.0,-1.0,4.0,0.0,42.0,,4.0,113.0,5.0,0.0,215.0,1.0,0.0,0.0,120.0,2.0,9.91,9.87,9.91,0.0,-0.0400000000000009,-0.0040363269424824,0.0,120.0,2.0,137.3,140.3,140.3,120.0,3.0,0.021849963583394,0.0,120.0,2.0,4.94,4.12,4.94,0.0,-0.8200000000000003,-0.1659919028340081,0.0,120.0,2.0,17.7,22.3,22.3,120.0,4.600000000000001,0.2598870056497176,0.0,120.0,2.0,30.4,36.6,36.6,120.0,6.200000000000003,0.2039473684210527,0.0,120.0,2.0,7.345,7.338,7.345,0.0,-0.0069999999999996,-0.0009530292716132,0.0,120.0,2.0,0.114,0.059,0.114,0.0,-0.055,-0.4824561403508772,0.0,120.0,2.0,3.84,2.27,3.84,0.0,-1.5699999999999998,-0.4088541666666666,0.0,120.0,2.0,797.1,555.1,797.1,0.0,-242.0,-0.3036005520010036,0.0,120.0,2.0,15.7,13.9,15.7,0.0,-1.799999999999999,-0.1146496815286623,0.0,120.0,2.0,0.93,6.83,6.83,120.0,5.9,6.344086021505376,0.0,120.0,2.0,144.9,85.0,144.9,0.0,-59.900000000000006,-0.4133885438233264,0.0,120.0,2.0,289.2,290.9,290.9,120.0,1.6999999999999886,0.005878284923928,-25.89999999999999,25.89999999999999,-0.2170997485331097,-1,-4.100000000000001,4.100000000000001,-0.1759656652360515,-1,-16.0,16.0,-0.1162790697674418,-1,28.8,28.8,0.4247787610619469,1,1.1000000000000083,1.1000000000000083,0.011727078891258,1,-0.4399999999999977,0.4399999999999977,-0.0116463737427209,-1,2,2,0.1818181818181818,1,-1,1,-1.0,-1,1,0,0,0,1,201.0,1,1,95,13,1,0,0,0,0,0,0,1,0,0,0,1,1,0,0,0,1,0,0,0,0,0,0,0,0,0,0,0,0,0,0,0,0,1,0.0,0.0,0,1,0,0,0,1,1,1,1,0,4507.154,0,5.308267697401205,91.06666666666666,1.310029282576867,0,3,1,2,2,0,1,0,8,0.5935323383084578,0.0398009950248756,1,69.8,16415.68,0.8670058139534884,34.68023255813954,2
E001707,2025-05-20,123.0,40.4,93.4,70.2,92.3,0,38.79,12,16,Female,Hispanic/Latino,Altered mental status. Festival attendee from beach shuttle stop with symptom onset ~71 minutes before arrival.,2,9,EMS,0,0,0,0,0,149.2,7.251,140.1,4.49,13.2,17.6,1,1,108.9,24.6,118.6,65.3,94.0,1,37.66,11,40.7,-14.1,-1.13,-1,4.43,884.4,7.275,0.166,1,0,1,0,0,0,0,0,0,0,0,2,1,0,1,8.0,107.1,151.2,124.6625,108.9,44.1,0.1174220779307174,-0.0627893428921561,0.2354838709677413,-0.16925340472093,-1.0,151.2,125.0,107.1,111.0,2.0,65.0,108.9,63.0,17.8,31.2,25.0375,24.6,13.4,0.1563277962296635,-0.0136420532225601,-0.1290322580645163,-0.0148596681326619,-1.0,31.2,65.0,17.8,111.0,6.0,0.0,24.6,14.0,89.5,124.4,112.6875,118.6,34.900000000000006,0.090205810994014,0.0645685015442992,-0.3508064516129031,-0.0113423417681177,-1.0,124.4,65.0,89.5,44.0,1.0,44.0,118.6,21.0,63.4,86.2,74.375,65.3,22.800000000000004,0.1038949130386072,-0.0270678783139453,-0.0528225806451616,-0.0878609216648608,1.0,86.2,111.0,63.4,28.0,65.3,16.0,90.1,94.9,92.8375,94.0,4.800000000000011,0.0156459417818191,0.0143164540685789,0.0842741935483873,0.0129400641638516,-1.0,94.9,188.0,90.1,0.0,1.0,0.0,94.0,-1.0,37.66,38.42,37.916250000000005,37.66,0.7600000000000051,0.0067226816208913,-0.0022575109098114,0.0106854838709679,-0.0015440754668875,-1.0,38.42,44.0,37.66,125.0,37.66,21.0,10.0,13.0,11.5,11.0,3.0,0.0753065568508207,0.0013330569252044,-0.0201612903225807,0.0076699173518601,-1.0,13.0,188.0,10.0,65.0,7.0,0.0,11.0,46.0,40.7,50.9,44.025,40.7,10.199999999999996,0.0751099750025627,-0.0063068287677883,0.0633064516129032,-0.03724584103512,-1.0,50.9,65.0,40.7,240.0,0.0,-1.0,40.7,46.0,3.0,1.0,1.0,1.0,1.0,1.0,1.0,1.0,1.0,1.0,1.0,1.0,1.0,1.0,1.0,3.0,1.0,21.0,154.0,1.0,0.0,-1.0,1.0,21.0,0.0,-1.0,1.0,154.0,1.0,109.0,5.0,0.0,21.0,,17.0,188.0,5.0,65.0,188.0,1.0,0.0,0.0,240.0,3.0,10.16,10.89,10.89,240.0,0.7300000000000004,0.0718503937007874,0.0,240.0,3.0,141.8,138.6,141.8,0.0,-3.200000000000017,-0.0225669957686884,0.0,240.0,3.0,4.92,4.55,4.92,0.0,-0.3700000000000001,-0.0752032520325203,0.0,240.0,3.0,19.9,22.0,22.0,240.0,2.1000000000000014,0.1055276381909548,0.0,240.0,3.0,64.0,60.2,64.0,0.0,-3.799999999999997,-0.0593749999999999,0.0,240.0,3.0,7.316,7.275,7.316,0.0,-0.0409999999999994,-0.005604155276107,0.0,240.0,3.0,0.129,0.166,0.166,240.0,0.037,0.2868217054263566,0.0,240.0,3.0,2.68,4.43,4.43,240.0,1.7499999999999996,0.6529850746268655,0.0,240.0,3.0,959.8,884.4,959.8,0.0,-75.39999999999998,-0.0785580329235257,0.0,240.0,3.0,19.4,26.9,26.9,240.0,7.5,0.3865979381443299,0.0,240.0,3.0,5.38,8.38,8.38,240.0,3.000000000000001,0.5576208178438663,0.0,240.0,3.0,112.3,114.9,127.5,120.0,2.6000000000000085,0.0231522707034729,0.0,240.0,3.0,313.0,286.8,313.0,0.0,-26.19999999999999,-0.0837060702875399,-14.099999999999994,14.099999999999994,-0.1146341463414633,-1,-15.799999999999995,15.799999999999995,-0.391089108910891,-1,25.19999999999999,25.19999999999999,0.2698072805139185,1,-4.900000000000006,4.900000000000006,-0.0698005698005698,-1,1.7000000000000028,1.7000000000000028,0.018418201516793,1,-1.1300000000000026,1.1300000000000026,-0.0291312193864398,-1,-1,1,-0.0833333333333333,-1,1,1,1000000.0,1,2,0,0,1,0,71.0,1,1,111,16,0,0,0,1,0,0,1,0,0,0,0,1,0,0,1,0,1,0,0,0,1,0,0,1,0,0,0,1,1,0,1,0,0,0,0.0,0.1052631578947368,0,0,0,1,1,1,1,1,2,1,4771.17,0,4.276666119016055,77.93333333333334,1.5782720273738238,0,2,1,2,3,2,2,2,13,1.732394366197183,0.1830985915492957,2,23.200000000000003,11488.2,1.316916488222698,21.07066381156317,3
E001274,2025-05-21,119.7,20.5,121.6,67.7,93.2,0,37.29,12,44,Female,Asian,Anxiety/panic. Festival attendee from campground with symptom onset ~44 minutes before arrival.,2,10,Walk-in,0,0,0,0,0,117.7,7.284,142.6,5.08,16.0,16.8,1,1,97.8,19.4,118.2,71.5,94.9,0,37.47,13,39.7,-21.9,0.18,1,2.06,356.8,7.35,0.025,0,1,1,0,0,0,1,0,0,0,0,3,2,0,1,8.0,81.6,113.4,94.9375,97.8,31.80000000000001,0.1019917059930119,-0.0754301643756611,0.0,0.0122659793402463,1.0,113.4,0.0,81.6,168.0,0.0,-1.0,97.8,72.0,17.4,25.9,20.450000000000003,19.4,8.5,0.1278660818092213,-0.000314232963303,0.0,-0.0357169973426042,-1.0,25.9,100.0,17.4,0.0,1.0,100.0,19.4,16.0,112.6,130.4,119.65,118.2,17.80000000000001,0.0511273985431226,-0.0159622390093045,0.0,-0.0712641611221003,-1.0,130.4,100.0,112.6,166.0,0.0,-1.0,118.2,16.0,63.8,84.6,75.625,71.5,20.8,0.1013830996127948,-0.0138746449134368,0.0,0.0329007572578871,1.0,84.6,207.0,63.8,166.0,71.5,2.0,93.9,96.6,95.375,94.9,2.6999999999999886,0.007946268095006,0.006638005615091,0.0,0.0006333792882973,-1.0,96.6,166.0,93.9,0.0,0.0,-1.0,94.9,74.0,36.95,37.61,37.305,37.47,0.6599999999999966,0.0058360919600796,-0.0017086583114287,0.0,-0.0010172031409219,1.0,37.61,0.0,36.95,168.0,37.47,72.0,12.0,14.0,13.0,13.0,2.0,0.0543928293220421,0.0043488781419152,0.0,2.997062878375424e-05,0.0,14.0,116.0,12.0,0.0,2.0,0.0,13.0,50.0,36.7,44.1,40.075,39.7,7.399999999999999,0.063234981075213,-0.010065398906814,0.0,0.0194968930448161,1.0,44.1,0.0,36.7,148.0,0.0,-1.0,39.7,18.0,3.0,1.0,1.0,1.0,1.0,1.0,1.0,1.0,1.0,1.0,1.0,1.0,1.0,1.0,1.0,2.0,1.0,18.0,21.0,2.0,1.0,21.0,0.0,-1.0,0.0,-1.0,1.0,18.0,0.0,-1.0,5.0,0.0,18.0,,3.0,116.0,5.0,0.0,207.0,1.0,0.0,0.0,240.0,3.0,11.05,11.79,11.79,240.0,0.7399999999999984,0.066968325791855,0.0,240.0,3.0,135.0,136.5,138.0,120.0,1.5,0.0111111111111111,0.0,240.0,3.0,4.54,4.27,4.54,0.0,-0.2700000000000004,-0.0594713656387666,0.0,240.0,3.0,20.4,22.5,23.0,120.0,2.1000000000000014,0.1029411764705883,0.0,240.0,3.0,62.2,52.5,62.2,0.0,-9.700000000000005,-0.1559485530546624,0.0,240.0,3.0,7.347,7.35,7.383,120.0,0.0029999999999992,0.0004083299305838,0.0,240.0,3.0,0.083,0.025,0.083,0.0,-0.058,-0.6987951807228916,0.0,240.0,3.0,2.96,2.06,3.8,120.0,-0.8999999999999999,-0.304054054054054,0.0,240.0,3.0,674.9,356.8,674.9,0.0,-318.1,-0.4713290857904874,0.0,240.0,3.0,4.9,15.1,15.1,240.0,10.2,2.081632653061224,0.0,240.0,3.0,3.63,4.44,4.44,240.0,0.8100000000000005,0.2231404958677687,0.0,240.0,3.0,114.2,102.8,114.2,0.0,-11.400000000000006,-0.0998248686514886,0.0,240.0,3.0,288.6,280.9,289.6,120.0,-7.700000000000045,-0.0266805266805268,-21.90000000000001,21.90000000000001,-0.1829573934837093,-1,-1.1000000000000014,1.1000000000000014,-0.0536585365853659,-1,-3.3999999999999915,3.3999999999999915,-0.0279605263157894,-1,3.799999999999997,3.799999999999997,0.0561299852289512,1,1.7000000000000028,1.7000000000000028,0.0182403433476395,1,0.1799999999999997,0.1799999999999997,0.0048270313757039,1,1,1,0.0833333333333333,1,0,0,0.0,0,1,0,0,0,0,44.0,1,1,95,12,0,0,1,0,0,1,0,0,0,0,0,0,0,1,0,1,0,1,0,1,0,0,0,0,1,0,0,0,0,0,0,0,0,0,0.0,0.0,0,0,0,0,0,0,0,1,1,1,4463.613,1,3.80666248977032,85.66666666666667,1.3972762645914396,0,2,1,2,1,0,1,0,6,2.7204545454545457,0.1363636363636363,3,53.89999999999999,14555.52,0.984375,43.31250000000001,1
E000259,2025-05-20,173.9,35.4,92.5,64.1,89.1,1,38.89,10,38,Female,White,Altered mental status. Festival attendee from main stage with symptom onset ~155 minutes before arrival.,1,9,Festival Medical Tent Transfer,1,1,1,0,0,143.9,7.232,129.5,5.07,13.3,20.0,1,1,134.3,28.5,111.4,72.6,88.8,1,38.66,9,47.6,-39.6,-0.23,-1,3.91,1131.9,7.259,0.2,0,1,0,0,0,0,1,0,0,1,0,2,1,0,1,8.0,131.1,179.2,148.8,134.3,48.1,0.091770173800635,-0.0649733249161379,0.4657092614302466,-0.0899659477866058,-1.0,179.2,35.0,131.1,0.0,8.0,0.0,134.3,23.0,28.1,35.1,30.4375,28.5,7.0,0.0728359651114124,-0.0072728285491478,0.1087338804220399,-0.0062202043132803,-1.0,35.1,58.0,28.1,137.0,8.0,0.0,28.5,8.0,92.9,132.4,109.4375,111.4,39.5,0.1086091098797813,0.0313200143587453,-0.4302461899179371,0.033972758229285,1.0,132.4,137.0,92.9,35.0,0.0,-1.0,111.4,102.0,63.8,76.3,70.11249999999998,72.6,12.5,0.0543599399549903,-0.0012087340785029,0.147420867526377,0.0098013620885357,-1.0,76.3,35.0,63.8,148.0,72.6,31.0,88.8,91.1,90.025,88.8,2.299999999999997,0.0089512699035191,-0.0026600814487481,-0.0082649472450182,-0.0045459704880816,-1.0,91.1,35.0,88.8,240.0,6.0,0.0,88.8,23.0,38.25,38.66,38.48875,38.66,0.4099999999999966,0.0032849990523321,0.0011438102665032,0.0043493552168816,0.0014415437003405,-1.0,38.66,240.0,38.25,0.0,38.66,-1.0,9.0,11.0,9.75,9.0,2.0,0.0678397772067843,-0.0009283671877901,-0.0023446658851114,-0.003405221339387,0.0,11.0,137.0,9.0,35.0,8.0,0.0,9.0,23.0,42.5,52.4,45.7125,47.6,9.9,0.0650823906036536,0.0022002302350624,0.1289566236811254,0.0230136208853575,1.0,52.4,58.0,42.5,66.0,0.0,-1.0,47.6,8.0,3.0,1.0,1.0,1.0,1.0,1.0,1.0,1.0,1.0,1.0,1.0,1.0,1.0,1.0,1.0,1.0,1.0,160.0,160.0,0.0,1.0,160.0,0.0,-1.0,0.0,-1.0,0.0,-1.0,0.0,-1.0,4.0,0.0,160.0,160.0,30.0,240.0,3.0,35.0,-1.0,0.0,0.0,0.0,240.0,3.0,11.44,12.95,16.38,120.0,1.5099999999999998,0.1319930069930069,0.0,240.0,3.0,134.0,135.4,138.4,120.0,1.4000000000000057,0.0104477611940298,0.0,240.0,3.0,4.79,4.81,4.81,240.0,0.0199999999999995,0.0041753653444675,0.0,240.0,3.0,18.7,20.0,20.0,240.0,1.3000000000000007,0.0695187165775401,0.0,240.0,3.0,64.9,68.8,75.1,120.0,3.899999999999992,0.0600924499229582,0.0,240.0,3.0,7.293,7.259,7.293,0.0,-0.0339999999999998,-0.0046620046620046,0.0,240.0,3.0,0.218,0.2,0.218,0.0,-0.0179999999999999,-0.0825688073394494,0.0,240.0,3.0,3.72,3.91,4.77,120.0,0.1899999999999999,0.0510752688172042,0.0,240.0,3.0,1051.5,1131.9,1131.9,240.0,80.40000000000009,0.0764621968616263,0.0,240.0,3.0,27.9,24.7,31.9,120.0,-3.2,-0.1146953405017921,0.0,240.0,3.0,10.06,7.44,11.27,120.0,-2.62,-0.2604373757455268,0.0,240.0,3.0,134.3,150.9,181.4,120.0,16.599999999999994,0.1236038719285181,0.0,240.0,3.0,295.3,312.6,312.6,240.0,17.30000000000001,0.0585844903487978,-39.6,39.6,-0.2277170787809085,-1,-6.899999999999999,6.899999999999999,-0.1949152542372881,-1,18.90000000000001,18.90000000000001,0.2043243243243243,1,8.5,8.5,0.1326053042121685,1,-0.2999999999999971,0.2999999999999971,-0.0033670033670033,-1,-0.2300000000000039,0.2300000000000039,-0.0059141167395218,-1,-1,1,-0.1,-1,0,0,0.0,0,2,0,0,0,0,155.0,1,1,104,15,1,0,0,0,0,0,1,0,0,1,0,1,0,1,0,0,0,0,1,0,1,0,0,1,0,0,1,1,1,1,1,0,0,0,0.0,0.1111111111111111,0,0,0,1,1,1,1,1,2,1,6762.9710000000005,1,5.049856007249537,73.56666666666666,2.3638423198912557,1,3,1,3,3,2,3,2,16,1.121935483870968,0.1032258064516129,4,28.40000000000001,16085.75,1.88,71.44,3
E001703,2025-05-19,97.8,30.0,96.3,67.6,89.9,1,38.63,10,29,Male,Hispanic/Latino,Palpitations. Festival attendee from festival medical tent with symptom onset ~135 minutes before arrival.,1,10,EMS,0,0,0,0,0,155.2,7.247,139.6,5.53,14.5,16.1,1,1,94.1,22.7,104.3,84.2,91.4,1,37.7,12,38.2,-3.7,-0.93,2,,,,,1,1,0,0,1,0,0,0,1,0,0,1,0,0,1,7.0,94.1,161.8,125.75714285714288,94.1,67.70000000000002,0.1590207064230335,-0.0607011797237405,0.923809523809522,-0.1689942643724155,-1.0,161.8,122.0,94.1,240.0,3.0,21.0,94.1,15.0,22.7,32.7,26.385714285714283,22.7,10.000000000000004,0.1144251881873317,-0.0320615446240519,0.2380952380952378,-0.0255635587568361,-1.0,32.7,21.0,22.7,240.0,6.0,0.0,22.7,60.0,104.3,124.7,114.78571428571426,104.3,20.40000000000001,0.0575256456776234,-0.0271139408975206,0.8428571428571414,-0.0721355208750168,-1.0,124.7,21.0,104.3,240.0,0.0,-1.0,104.3,101.0,61.8,84.2,71.75714285714285,84.2,22.40000000000001,0.0912587785429608,0.0468413639828919,0.1904761904761895,0.1380685607576363,1.0,84.2,240.0,61.8,81.0,84.2,-1.0,90.3,95.0,92.88571428571429,91.4,4.700000000000003,0.0164226619451986,0.0023455569769094,-0.1380952380952392,-0.0126383886888088,1.0,95.0,137.0,90.3,21.0,1.0,21.0,91.4,60.0,37.7,38.23,37.99285714285714,37.7,0.529999999999994,0.0058360419548608,-0.000919777493507,0.0209523809523808,-0.0038355342136854,-1.0,38.23,81.0,37.7,240.0,37.7,104.0,10.0,12.0,11.428571428571429,12.0,2.0,0.0637377439199098,0.0042769831117313,-0.0952380952380952,0.0058690142723756,1.0,12.0,0.0,10.0,21.0,7.0,0.0,12.0,60.0,38.2,46.5,42.771428571428565,38.2,8.299999999999997,0.0655681288536388,-0.0292411262291481,-0.1047619047619051,-0.0347405628918233,-1.0,46.5,0.0,38.2,240.0,0.0,-1.0,38.2,-1.0,2.0,1.0,1.0,1.0,1.0,1.0,1.0,1.0,1.0,1.0,1.0,1.0,1.0,1.0,1.0,3.0,1.0,43.0,214.0,1.0,1.0,43.0,1.0,143.0,0.0,-1.0,0.0,-1.0,0.0,-1.0,4.0,0.0,43.0,22.0,17.0,240.0,5.0,21.0,-1.0,1.0,0.0,0.0,120.0,2.0,11.1,9.89,11.1,0.0,-1.209999999999999,-0.1090090090090089,0.0,120.0,2.0,137.7,136.4,137.7,0.0,-1.299999999999983,-0.0094408133623818,0.0,120.0,2.0,5.13,4.47,5.13,0.0,-0.6600000000000001,-0.1286549707602339,0.0,120.0,2.0,23.4,21.0,23.4,0.0,-2.3999999999999986,-0.1025641025641025,0.0,120.0,2.0,75.0,75.5,75.5,120.0,0.5,0.0066666666666666,0.0,120.0,2.0,7.295,7.326,7.326,120.0,0.0309999999999996,0.0042494859492802,0.0,120.0,2.0,0.114,0.119,0.119,120.0,0.0049999999999999,0.0438596491228069,0.0,120.0,2.0,5.81,4.39,5.81,0.0,-1.42,-0.2444061962134251,0.0,120.0,2.0,1078.5,1215.5,1215.5,120.0,137.0,0.1270282800185442,0.0,120.0,2.0,34.8,26.9,34.8,0.0,-7.899999999999999,-0.2270114942528735,0.0,120.0,2.0,5.87,8.4,8.4,120.0,2.53,0.4310051107325384,0.0,120.0,2.0,131.1,123.9,131.1,0.0,-7.199999999999989,-0.0549199084668191,0.0,120.0,2.0,295.7,292.7,295.7,0.0,-3.0,-0.0101454176530267,-3.700000000000003,3.700000000000003,-0.0378323108384458,-1,-7.300000000000001,7.300000000000001,-0.2433333333333333,-1,8.0,8.0,0.083073727933541,1,16.60000000000001,16.60000000000001,0.2455621301775149,1,1.5,1.5,0.0166852057842046,1,-0.9299999999999996,0.9299999999999996,-0.0240745534558633,-1,2,2,0.2,1,0,0,0.0,0,1,0,0,0,0,135.0,1,1,106,14,0,1,0,0,0,0,1,0,0,1,0,1,0,0,1,0,1,0,0,0,1,0,0,1,0,1,1,0,1,0,1,0,0,1,0.0,0.0,0,0,0,0,1,1,0,1,2,1,3778.014,1,4.912654885736052,77.16666666666666,1.2673866090712742,0,3,1,1,3,2,3,2,14,0.7244444444444444,0.1037037037037037,3,28.700000000000003,9418.14,1.0155763239875388,29.451713395638627,2
E001165,2025-05-21,77.0,9.7,108.2,79.7,98.2,0,37.04,13,17,Male,Hispanic/Latino,General weakness. Festival attendee from VIP tent with symptom onset ~115 minutes before arrival.,5,5,Walk-in,0,0,0,0,1,100.2,7.375,138.3,3.71,13.7,8.6,1,1,94.8,14.3,149.1,72.9,98.1,0,37.05,14,37.4,17.8,0.01,1,,,,,0,0,0,0,0,0,0,0,0,0,0,3,2,0,1,7.0,71.7,94.8,83.12857142857142,94.8,23.099999999999994,0.0992935021106811,0.0372527519779841,0.2605089873642989,0.1851583283274692,-1.0,94.8,240.0,71.7,116.0,0.0,-1.0,94.8,-1.0,10.9,20.2,15.299999999999995,14.3,9.3,0.2180920073929605,0.008984778121775,0.0281544758853886,-0.04628421865614,-1.0,20.2,116.0,10.9,0.0,0.0,-1.0,14.3,124.0,115.0,149.1,128.75714285714287,149.1,34.099999999999994,0.1036261920805407,0.0974931200550394,0.0185086314290785,0.2644597957607482,-1.0,149.1,240.0,115.0,0.0,0.0,-1.0,149.1,-1.0,70.8,95.0,78.48571428571428,72.9,24.200000000000003,0.1108459564260176,-0.0148929308565531,0.0529809574657404,-0.164150862438857,-1.0,95.0,116.0,70.8,0.0,72.9,51.0,94.9,98.4,96.91428571428573,98.1,3.5,0.0126905915389332,0.0068261953904368,-0.0651005516995914,0.0097614348236505,1.0,98.4,0.0,94.9,51.0,0.0,-1.0,98.1,65.0,36.49,37.08,36.84000000000001,37.05,0.5899999999999963,0.0050240730781639,0.0009754471964224,-0.0048460580174412,6.736462713458832e-05,1.0,37.08,116.0,36.49,51.0,37.05,65.0,13.0,15.0,14.571428571428571,14.0,2.0,0.0499903873881645,-0.0065359477124183,-1.188546002087916e-16,-0.0065648330901913,1.0,15.0,0.0,13.0,167.0,0.0,-1.0,14.0,73.0,30.3,41.0,35.28571428571429,37.4,10.7,0.09435196396629,0.0021865325077399,0.0468054814023845,0.055105981292371,-1.0,41.0,35.0,30.3,116.0,0.0,-1.0,37.4,16.0,1.0,1.0,1.0,1.0,1.0,1.0,1.0,1.0,1.0,1.0,1.0,1.0,1.0,1.0,1.0,0.0,0.0,-1.0,-1.0,0.0,0.0,-1.0,0.0,-1.0,0.0,-1.0,0.0,-1.0,0.0,-1.0,0.0,0.0,,,0.0,0.0,4.0,167.0,240.0,0.0,0.0,0.0,0.0,1.0,8.28,8.28,8.28,0.0,0.0,0.0,0.0,0.0,1.0,139.4,139.4,139.4,0.0,0.0,0.0,0.0,0.0,1.0,2.95,2.95,2.95,0.0,0.0,0.0,0.0,0.0,1.0,24.9,24.9,24.9,0.0,0.0,0.0,0.0,0.0,1.0,24.5,24.5,24.5,0.0,0.0,0.0,0.0,0.0,1.0,7.422,7.422,7.422,0.0,0.0,0.0,0.0,0.0,1.0,0.016,0.016,0.016,0.0,0.0,0.0,0.0,0.0,1.0,1.69,1.69,1.69,0.0,0.0,0.0,0.0,0.0,1.0,131.7,131.7,131.7,0.0,0.0,0.0,0.0,0.0,1.0,1.9,1.9,1.9,0.0,0.0,0.0,0.0,0.0,1.0,0.1,0.1,0.1,0.0,0.0,0.0,0.0,0.0,1.0,103.2,103.2,103.2,0.0,0.0,0.0,0.0,0.0,1.0,297.1,297.1,297.1,0.0,0.0,0.0,17.799999999999997,17.799999999999997,0.2311688311688311,1,4.600000000000001,4.600000000000001,0.4742268041237115,1,40.89999999999999,40.89999999999999,0.3780036968576709,1,-6.799999999999997,6.799999999999997,-0.0853199498117942,-1,-0.1000000000000085,0.1000000000000085,-0.0010183299389002,-1,0.009999999999998,0.009999999999998,0.0002699784017278,1,1,1,0.0769230769230769,1,0,0,0.0,0,2,0,0,0,0,115.0,1,1,97,14,0,0,0,1,0,0,1,0,0,0,0,0,0,1,0,0,0,0,0,0,1,0,0,0,0,0,0,0,0,0,0,0,0,0,0.0,0.0,0,1,1,0,0,0,0,0,2,0,2852.08,0,4.7535901911063645,89.2,0.8632286995515694,0,2,0,0,1,1,0,0,4,0.6695652173913044,0.0347826086956521,0,28.5,8331.4,0.711645101663586,12.097966728280962,0
E000644,2025-05-18,136.6,30.6,113.6,74.3,93.7,0,38.46,12,38,Male,Hispanic/Latino,Chest pain. Festival attendee from campground with symptom onset ~34 minutes before arrival.,2,10,EMS,0,0,0,0,0,140.4,7.266,145.1,5.05,14.5,20.1,1,1,131.3,27.1,120.3,74.7,93.1,1,37.78,11,42.7,-5.3,-0.68,-1,5.03,884.3,7.322,0.124,1,0,1,0,0,0,0,0,0,0,0,0,6,1,0,8.0,123.1,155.6,134.22500000000002,131.3,32.5,0.0753212059780028,-0.0476436402851837,0.0,-0.0540950816910898,1.0,155.6,95.0,123.1,184.0,4.0,0.0,131.3,21.0,22.5,32.7,26.4875,27.1,10.200000000000005,0.1125419603247222,-0.0069911928584267,0.0,-0.0088610970748413,1.0,32.7,111.0,22.5,91.0,6.0,0.0,27.1,57.0,98.6,135.2,117.6625,120.3,36.6,0.0891380024647064,0.0136966029596787,0.0,0.0590765538150583,1.0,135.2,168.0,98.6,95.0,0.0,-1.0,120.3,16.0,59.5,81.8,71.7375,74.7,22.3,0.0955631416026759,0.0619249895153076,0.0,0.0329852338442536,-1.0,81.8,168.0,59.5,0.0,74.7,37.0,90.6,94.4,92.825,93.1,3.8000000000000114,0.0120655948206852,0.0062608591456472,0.0,0.009571332322722,1.0,94.4,184.0,90.6,91.0,1.0,91.0,93.1,21.0,37.64,38.27,37.89875,37.78,0.6300000000000026,0.0051069832669949,-0.0013905098556108,0.0,-0.0026873140194262,-1.0,38.27,91.0,37.64,184.0,37.78,4.0,10.0,13.0,11.125,11.0,3.0,0.0833280728887153,0.006164999101312,0.0,0.0040003368704733,-1.0,13.0,205.0,10.0,0.0,7.0,0.0,11.0,35.0,37.8,48.1,44.05,42.7,10.300000000000004,0.0689130952856324,0.0167467497453717,0.0,-0.013656588625007,-1.0,48.1,168.0,37.8,0.0,0.0,-1.0,42.7,72.0,2.0,1.0,1.0,1.0,1.0,1.0,1.0,1.0,1.0,1.0,1.0,1.0,1.0,1.0,1.0,3.0,1.0,112.0,160.0,0.0,0.0,-1.0,1.0,112.0,0.0,-1.0,1.0,140.0,1.0,160.0,5.0,0.0,-8.0,,18.0,205.0,4.0,0.0,205.0,1.0,0.0,120.0,240.0,2.0,14.85,12.82,14.85,120.0,-2.03,-0.1367003367003366,120.0,240.0,2.0,132.6,140.4,140.4,240.0,7.800000000000011,0.0588235294117647,120.0,240.0,2.0,4.42,4.41,4.42,120.0,-0.0099999999999997,-0.0022624434389139,120.0,240.0,2.0,24.3,20.5,24.3,120.0,-3.8000000000000007,-0.1563786008230453,120.0,240.0,2.0,59.7,52.3,59.7,120.0,-7.400000000000006,-0.1239530988274707,120.0,240.0,2.0,7.327,7.322,7.327,120.0,-0.0049999999999998,-0.0006824075337791,120.0,240.0,2.0,0.093,0.124,0.124,240.0,0.031,0.3333333333333333,120.0,240.0,2.0,4.45,5.03,5.03,240.0,0.5800000000000001,0.1303370786516854,120.0,240.0,2.0,951.2,884.3,951.2,120.0,-66.90000000000009,-0.0703322119428091,120.0,240.0,2.0,24.0,26.6,26.6,240.0,2.6000000000000014,0.1083333333333333,120.0,240.0,2.0,2.24,3.42,3.42,240.0,1.1799999999999995,0.5267857142857141,120.0,240.0,2.0,118.8,145.7,145.7,240.0,26.89999999999999,0.2264309764309763,120.0,240.0,2.0,304.9,292.4,304.9,120.0,-12.5,-0.0409970482125287,-5.299999999999983,5.299999999999983,-0.0387994143484625,-1,-3.5,3.5,-0.1143790849673202,-1,6.700000000000003,6.700000000000003,0.0589788732394366,1,0.4000000000000057,0.4000000000000057,0.0053835800807537,1,-0.6000000000000085,0.6000000000000085,-0.0064034151547492,-1,-0.6799999999999997,0.6799999999999997,-0.0176807072282891,-1,-1,1,-0.0833333333333333,-1,1,1,1000000.0,1,3,0,0,1,0,34.0,1,1,92,13,0,0,1,0,0,1,0,0,0,0,0,1,0,1,1,0,1,0,0,0,1,0,0,1,0,1,0,0,1,0,1,0,0,0,0.0,0.0,1,0,0,1,1,1,1,1,1,1,5253.636,1,3.555348061489413,87.39999999999999,1.5629290617848972,1,2,1,3,3,0,1,2,11,4.017647058823529,0.3235294117647059,4,39.3,15517.759999999998,1.2024647887323945,45.69366197183099,3
E000849,2025-05-22,137.9,33.6,114.7,63.2,92.9,1,38.46,11,40,Female,Asian,Agitation. Festival attendee from festival medical tent with symptom onset ~66 minutes before arrival.,2,9,EMS,0,1,0,0,1,105.8,7.222,134.6,4.37,13.7,14.1,1,1,101.2,18.2,127.2,83.7,90.8,1,37.66,10,43.5,-36.7,-0.8,-1,4.61,782.7,7.348,0.083,0,1,0,0,0,0,1,1,0,1,0,4,3,0,0,7.0,101.2,132.1,117.6857142857143,101.2,30.89999999999999,0.0904673975139461,-0.0732701742513958,-0.3481481481481491,-0.0337781936373486,-1.0,132.1,0.0,101.2,240.0,1.0,0.0,101.2,-1.0,18.2,28.3,24.228571428571428,18.2,10.1,0.1596647598208755,-0.0258289629504313,-0.0740740740740743,-0.0175268393578253,-1.0,28.3,0.0,18.2,240.0,4.0,0.0,18.2,-1.0,98.0,127.2,112.55714285714286,127.2,29.200000000000003,0.0795094689850125,0.0793266790729149,0.4444444444444436,0.1450654978823993,-1.0,127.2,240.0,98.0,70.0,0.0,-1.0,127.2,-1.0,65.4,83.7,74.7,83.7,18.3,0.0892987667565526,0.0192141769582135,-0.4666666666666667,0.0127893233527036,1.0,83.7,240.0,65.4,27.0,83.7,43.0,90.8,94.1,93.02857142857142,90.8,3.299999999999997,0.0113719340181656,-0.005035104043309,0.0037037037037026,-0.0128484191864474,-1.0,94.1,104.0,90.8,240.0,1.0,240.0,90.8,-1.0,37.66,38.17,37.90285714285714,37.66,0.5100000000000051,0.004091441804647,-0.0012935628489258,-0.0040740740740742,-0.0026415837683443,1.0,38.17,70.0,37.66,240.0,37.66,-1.0,10.0,12.0,11.0,10.0,2.0,0.0687208132744049,-0.004525461004906,-3.007350952210953e-17,-0.0105387570176302,0.0,12.0,104.0,10.0,207.0,7.0,0.0,10.0,103.0,37.2,45.7,41.5,43.5,8.5,0.0682521651298794,0.0005942310945694,-0.2000000000000004,0.0022850389047571,1.0,45.7,104.0,37.2,129.0,0.0,-1.0,43.5,111.0,2.0,1.0,1.0,1.0,1.0,1.0,1.0,1.0,1.0,1.0,1.0,1.0,1.0,1.0,1.0,2.0,1.0,48.0,173.0,1.0,1.0,173.0,0.0,-1.0,0.0,-1.0,0.0,-1.0,1.0,48.0,4.0,0.0,-72.0,173.0,13.0,240.0,4.0,207.0,-1.0,0.0,0.0,120.0,240.0,2.0,7.38,5.32,7.38,120.0,-2.06,-0.2791327913279132,120.0,240.0,2.0,138.4,140.0,140.0,240.0,1.5999999999999943,0.0115606936416184,120.0,240.0,2.0,5.07,4.61,5.07,120.0,-0.4599999999999999,-0.0907297830374753,120.0,240.0,2.0,18.0,19.6,19.6,240.0,1.6000000000000014,0.0888888888888889,120.0,240.0,2.0,70.8,58.5,70.8,120.0,-12.299999999999995,-0.173728813559322,120.0,240.0,2.0,7.269,7.348,7.348,240.0,0.0789999999999997,0.0108680698858164,120.0,240.0,2.0,0.113,0.083,0.113,120.0,-0.03,-0.2654867256637168,120.0,240.0,2.0,3.22,4.61,4.61,240.0,1.39,0.4316770186335404,120.0,240.0,2.0,706.8,782.7,782.7,240.0,75.90000000000009,0.1073853989813244,120.0,240.0,2.0,29.8,12.5,29.8,120.0,-17.3,-0.5805369127516778,120.0,240.0,2.0,3.82,6.55,6.55,240.0,2.73,0.7146596858638744,120.0,240.0,2.0,142.8,112.2,142.8,120.0,-30.60000000000001,-0.2142857142857143,120.0,240.0,2.0,296.8,296.1,296.8,120.0,-0.6999999999999886,-0.0023584905660376,-36.7,36.7,-0.2661348803480783,-1,-15.400000000000002,15.400000000000002,-0.4583333333333333,-1,12.5,12.5,0.1089799476896251,1,20.5,20.5,0.3243670886075949,1,-2.1000000000000085,2.1000000000000085,-0.0226049515608181,-1,-0.8000000000000043,0.8000000000000043,-0.0208008320332814,-1,-1,1,-0.0909090909090909,-1,0,0,0.0,0,3,1,1,0,0,66.0,1,1,102,14,0,1,0,0,0,0,1,0,0,0,1,0,0,1,1,0,0,0,0,0,0,0,1,0,0,0,0,0,0,0,0,0,1,0,0.1333333333333333,0.0,0,0,0,1,1,0,1,1,2,1,5303.634,0,4.204692619390966,80.36666666666667,1.7158855246785565,1,3,1,3,3,0,2,2,13,2.08939393939394,0.1969696969696969,3,51.5,15817.13,1.2022667829119442,48.09067131647777,3
E000336,2025-05-19,97.5,15.7,149.0,83.8,96.0,0,36.83,13,43,Female,White,Nausea/vomiting. Festival attendee from campground with symptom onset ~174 minutes before arrival.,4,5,Walk-in,0,0,0,1,0,83.8,7.34,137.6,4.22,12.7,9.7,1,1,89.8,16.9,144.3,84.0,96.7,0,36.96,15,34.4,-7.7,0.13,2,2.27,87.6,7.358,0.045,0,0,0,0,0,0,0,0,0,0,0,1,0,0,1,8.0,75.5,97.9,89.9,89.8,22.40000000000001,0.0768224434830568,0.0018113958027486,-0.114818763326225,-0.0306495882891127,1.0,97.9,70.0,75.5,24.0,0.0,-1.0,89.8,26.0,11.1,18.3,14.725,16.9,7.200000000000001,0.1724325780324767,-0.0040050928709884,-0.1133262260127931,0.0221508413222482,1.0,18.3,0.0,11.1,87.0,0.0,-1.0,16.9,153.0,118.1,144.3,129.95000000000002,144.3,26.200000000000017,0.0579359609181652,0.0841506226673072,-0.0914179104477603,0.0765802140101033,1.0,144.3,240.0,118.1,24.0,0.0,-1.0,144.3,-1.0,62.3,93.8,78.8125,84.0,31.5,0.1115030969877107,0.0156249685054975,-0.1364605543710014,0.0582511237519388,1.0,93.8,87.0,62.3,70.0,84.0,4.0,96.4,98.6,97.5125,96.7,2.1999999999999886,0.0076817014570329,-0.0023841758182694,0.0267590618336895,-0.0080751024304866,0.0,98.6,70.0,96.4,24.0,0.0,-1.0,96.7,17.0,36.66,37.3,36.89625,36.96,0.6400000000000006,0.0050595212804766,0.0008525855726623,-0.0030863539445625,0.0008608138748557,-1.0,37.3,112.0,36.66,74.0,36.96,13.0,14.0,15.0,14.5,15.0,1.0,0.0344827586206896,0.0006046944445377,-0.0202558635394455,0.0046640677831257,1.0,15.0,0.0,14.0,50.0,0.0,-1.0,15.0,37.0,33.7,38.9,35.2,34.4,5.199999999999996,0.0463120465536963,0.0001209388889074,0.0602345415778255,-0.0058077091371972,-1.0,38.9,87.0,33.7,0.0,0.0,-1.0,34.4,25.0,1.0,1.0,1.0,1.0,1.0,1.0,1.0,1.0,1.0,1.0,1.0,1.0,1.0,1.0,1.0,0.0,0.0,-1.0,-1.0,0.0,0.0,-1.0,0.0,-1.0,0.0,-1.0,0.0,-1.0,0.0,-1.0,0.0,0.0,,,0.0,0.0,3.0,50.0,240.0,0.0,0.0,240.0,240.0,1.0,6.32,6.32,6.32,240.0,0.0,0.0,240.0,240.0,1.0,140.8,140.8,140.8,240.0,0.0,0.0,240.0,240.0,1.0,3.68,3.68,3.68,240.0,0.0,0.0,240.0,240.0,1.0,23.4,23.4,23.4,240.0,0.0,0.0,240.0,240.0,1.0,29.3,29.3,29.3,240.0,0.0,0.0,240.0,240.0,1.0,7.358,7.358,7.358,240.0,0.0,0.0,240.0,240.0,1.0,0.045,0.045,0.045,240.0,0.0,0.0,240.0,240.0,1.0,2.27,2.27,2.27,240.0,0.0,0.0,240.0,240.0,1.0,87.6,87.6,87.6,240.0,0.0,0.0,240.0,240.0,1.0,8.9,8.9,8.9,240.0,0.0,0.0,240.0,240.0,1.0,4.93,4.93,4.93,240.0,0.0,0.0,240.0,240.0,1.0,123.1,123.1,123.1,240.0,0.0,0.0,240.0,240.0,1.0,283.6,283.6,283.6,240.0,0.0,0.0,-7.700000000000003,7.700000000000003,-0.078974358974359,-1,1.1999999999999993,1.1999999999999993,0.0764331210191082,1,-4.699999999999989,4.699999999999989,-0.0315436241610737,-1,0.2000000000000028,0.2000000000000028,0.0023866348448687,1,0.7000000000000028,0.7000000000000028,0.0072916666666666,1,0.1300000000000025,0.1300000000000025,0.0035297311973934,1,2,2,0.1538461538461538,1,0,0,0.0,0,1,0,0,0,0,174.0,1,1,98,12,0,0,1,0,0,0,1,0,0,0,0,0,0,1,0,0,0,0,0,0,0,0,0,0,0,0,0,0,0,0,0,0,0,0,0.0,0.0,0,1,0,0,0,0,0,1,1,0,3590.925,0,5.1647859739235145,105.53333333333332,0.9238787113076437,0,2,0,1,0,0,0,0,3,0.5603448275862069,0.0172413793103448,1,65.2,14527.5,0.6543624161073825,28.13758389261745,1
E001597,2025-05-19,102.8,26.8,125.2,68.4,94.1,0,37.63,12,53,Female,White,Palpitations. Festival attendee from festival medical tent with symptom onset ~87 minutes before arrival.,3,4,EMS,0,1,1,0,1,110.4,7.349,139.7,4.32,15.8,13.5,1,1,122.3,19.2,117.9,76.7,93.8,1,37.71,11,46.7,19.5,0.08,-1,2.4,514.0,7.349,0.098,1,0,0,0,0,0,1,0,0,0,0,1,0,0,1,6.0,105.4,122.3,112.4,122.3,16.89999999999999,0.0501124818124906,0.0304639341365294,0.153555832813473,0.0166632818846463,1.0,122.3,240.0,105.4,0.0,0.0,-1.0,122.3,-1.0,19.2,30.5,24.116666666666664,19.2,11.3,0.165123044239604,-0.0067225231031507,0.2029631940112287,-0.0382818846466287,-1.0,30.5,46.0,19.2,240.0,3.0,46.0,19.2,194.0,105.8,123.0,117.68333333333334,117.9,17.200000000000003,0.0485799919023119,0.010978284597553,-0.1450717404865885,-0.0321283509341999,1.0,123.0,84.0,105.8,27.0,0.0,-1.0,117.9,19.0,61.1,87.7,72.98333333333333,76.7,26.6,0.1280739856482576,-0.0159305190282644,0.2508733624454141,-0.0335499593826158,1.0,87.7,46.0,61.1,200.0,76.7,38.0,93.7,95.9,94.33333333333331,93.8,2.200000000000003,0.0081808034648694,-0.0041892327363069,0.0027136618839671,-0.0064073923639319,-1.0,95.9,27.0,93.7,200.0,0.0,-1.0,93.8,19.0,37.33,37.87,37.555,37.71,0.5399999999999991,0.0050656656937858,-0.0005564506907555,-0.007894572676232,0.0017526401299755,1.0,37.87,0.0,37.33,200.0,37.71,40.0,10.0,13.0,11.666666666666666,11.0,3.0,0.0808122035641768,0.0021829748749986,-0.0049906425452277,-0.0030463038180341,0.0,13.0,200.0,10.0,27.0,5.0,0.0,11.0,19.0,39.2,47.6,44.18333333333334,46.7,8.399999999999999,0.0642608489717488,-0.0006205885716066,0.0355583281347469,0.043491064175467,1.0,47.6,46.0,39.2,84.0,0.0,-1.0,46.7,156.0,3.0,1.0,1.0,1.0,1.0,1.0,1.0,1.0,1.0,1.0,1.0,1.0,1.0,1.0,1.0,2.0,1.0,27.0,53.0,2.0,0.0,-1.0,1.0,27.0,0.0,-1.0,0.0,-1.0,1.0,53.0,3.0,0.0,27.0,,8.0,200.0,4.0,27.0,200.0,0.0,0.0,0.0,240.0,3.0,7.83,10.79,10.79,240.0,2.959999999999999,0.3780332056194124,0.0,240.0,3.0,140.3,140.2,140.3,0.0,-0.1000000000000227,-0.000712758374911,0.0,240.0,3.0,4.96,4.63,4.96,0.0,-0.33,-0.0665322580645161,0.0,240.0,3.0,19.7,18.9,19.7,0.0,-0.8000000000000007,-0.0406091370558376,0.0,240.0,3.0,52.0,52.3,53.8,120.0,0.2999999999999971,0.0057692307692307,0.0,240.0,3.0,7.318,7.349,7.349,240.0,0.0310000000000005,0.0042361300901886,0.0,240.0,3.0,0.081,0.098,0.098,240.0,0.017,0.2098765432098765,0.0,240.0,3.0,2.38,2.4,2.4,240.0,0.02,0.0084033613445378,0.0,240.0,3.0,694.3,514.0,694.3,0.0,-180.29999999999995,-0.2596860146910557,0.0,240.0,3.0,16.8,21.0,27.8,120.0,4.199999999999999,0.2499999999999999,0.0,240.0,3.0,9.09,4.04,9.09,0.0,-5.05,-0.5555555555555556,0.0,240.0,3.0,120.8,88.9,123.8,120.0,-31.89999999999999,-0.2640728476821191,0.0,240.0,3.0,285.0,293.0,298.2,120.0,8.0,0.0280701754385964,19.5,19.5,0.1896887159533073,1,-7.600000000000001,7.600000000000001,-0.2835820895522388,-1,-7.299999999999997,7.299999999999997,-0.0583067092651756,-1,8.299999999999997,8.299999999999997,0.121345029239766,1,-0.2999999999999971,0.2999999999999971,-0.0031880977683315,-1,0.0799999999999983,0.0799999999999983,0.0021259633271325,1,-1,1,-0.0833333333333333,-1,1,1,1000000.0,1,4,0,0,1,0,87.0,1,1,105,14,0,1,0,0,0,0,1,0,0,0,0,1,0,0,0,1,0,0,0,0,1,0,0,1,0,0,0,0,0,0,0,0,0,1,0.0,0.0,0,0,0,0,0,0,0,1,1,1,3868.364,0,4.477336814478207,87.33333333333334,1.1770992366412214,0,2,1,1,3,0,1,0,7,1.181609195402299,0.0804597701149425,2,56.8,12870.56,0.8210862619808307,43.51757188498403,2
E000292,2025-05-20,67.8,21.7,117.4,74.5,98.4,0,36.65,13,41,Female,Hispanic/Latino,Ankle Swelling Twisted L ankle last night while stepping in pothole while walking.,5,7,Walk-in,1,0,0,0,1,99.4,7.413,140.3,3.83,14.2,6.7,0,0,76.1,7.0,114.0,84.1,97.8,0,36.78,15,33.9,8.3,0.13,2,,,,,1,1,0,0,0,0,0,0,0,0,0,2,1,0,1,9.0,68.5,91.9,77.41111111111113,76.1,23.40000000000001,0.0779054090705442,0.0379046317041137,-0.124054054054054,0.0474445097978514,-1.0,91.9,228.0,68.5,20.0,0.0,-1.0,84.0,12.0,7.0,18.3,13.333333333333334,7.0,11.3,0.2368807716974934,-0.0210054113244812,0.0651351351351353,-0.0064699873076804,-1.0,18.3,20.0,7.0,240.0,1.0,240.0,11.2,-1.0,114.0,147.5,129.67777777777778,114.0,33.5,0.0718812015464016,-0.0400899872022682,-0.124864864864864,-0.0984598953657557,-1.0,147.5,20.0,114.0,240.0,0.0,-1.0,121.5,15.0,74.7,84.1,78.35555555555555,84.1,9.399999999999991,0.0369501484316314,0.0253121336607223,-0.0340540540540533,0.0155960746679875,1.0,84.1,240.0,74.7,35.0,80.65,-1.0,96.7,99.8,97.78888888888888,97.8,3.0999999999999943,0.0090884557463111,-0.0004833579099053,-0.0378378378378364,0.0005169798470728,1.0,99.8,172.0,96.7,228.0,0.0,-1.0,97.25,12.0,36.34,36.78,36.57777777777778,36.78,0.4399999999999977,0.0031588816576805,-4.422103463448415e-05,-0.0053783783783778,0.0002018388384979,1.0,36.78,240.0,36.34,228.0,36.56,12.0,14.0,15.0,14.555555555555555,15.0,1.0,0.0341384424045769,0.0017063642684634,0.0270270270270271,-0.0001238275082809,1.0,15.0,35.0,14.0,0.0,0.0,-1.0,14.5,73.0,28.7,39.9,34.477777777777774,33.9,11.2,0.0985078170920344,0.0004465770265594,0.2162162162162163,0.0156146487942295,-1.0,39.9,179.0,28.7,73.0,1.0,73.0,33.05,49.0,0.0,0.0,0.0,0.0,0.0,0.0,0.0,0.0,0.0,0.0,0.0,0.0,0.0,0.0,0.0,2.0,1.0,15.0,39.0,2.0,1.0,39.0,1.0,15.0,0.0,-1.0,0.0,-1.0,0.0,-1.0,4.0,0.0,,,2.0,35.0,6.0,0.0,228.0,1.0,0.0,,,,,,,,,,,,,,,,,,,,,,,,,,,,,,,,,,,,,,,,,,,,,,,,,,,,,,,,,,,,,,,,,,,,,,,,,,,,,,,,,,,,,,,,,,,,,,,,,,,,,,,,,,,,,,,,,,,,,,8.299999999999997,8.299999999999997,0.1224188790560471,1,-14.7,14.7,-0.6774193548387096,-1,-3.4000000000000057,3.4000000000000057,-0.0289608177172061,-1,9.599999999999994,9.599999999999994,0.1288590604026845,1,-0.6000000000000085,0.6000000000000085,-0.0060975609756098,-1,0.1300000000000025,0.1300000000000025,0.0035470668485676,1,2,2,0.1538461538461538,1,0,0,0.0,0,3,1,1,0,0,,0,0,82,13,0,0,0,0,1,0,0,0,1,0,0,1,0,1,0,0,0,0,0,0,0,0,0,0,0,0,0,0,0,0,0,0,0,0,0.0,0.0,0,1,1,0,0,0,0,0,1,0,2484.87,0,,88.8,0.7635135135135135,0,2,0,0,2,0,0,0,4,,,0,42.900000000000006,7959.72,0.5775127768313457,23.67802385008517,0
E001711,2025-05-22,117.7,27.9,148.8,66.5,94.9,0,38.45,12,27,Male,Hispanic/Latino,Headache. Festival attendee from main stage with symptom onset ~41 minutes before arrival.,2,6,EMS,0,0,0,0,1,130.8,7.344,136.5,4.94,13.7,15.2,1,1,129.5,19.7,118.3,74.2,94.9,0,37.52,13,38.0,11.8,-0.93,1,3.53,433.5,7.373,0.043,1,1,1,0,0,1,0,1,0,0,0,4,3,0,0,8.0,101.5,129.5,118.6625,129.5,28.0,0.0816846242057548,-0.01324229431822,0.0173913043478253,-0.0016594658287508,1.0,129.5,120.0,101.5,173.0,0.0,-1.0,121.4,67.0,19.7,26.0,23.5375,19.7,6.300000000000001,0.1002677277274199,-0.0151953006313088,0.0195652173913042,-0.0183523173605655,-1.0,26.0,120.0,19.7,240.0,5.0,0.0,22.45,-1.0,117.2,151.5,127.1875,118.3,34.3,0.0860210280280811,-0.0112150163735184,-0.3195652173913041,-0.1917026708562445,1.0,151.5,154.0,117.2,46.0,0.0,-1.0,119.2,19.0,63.9,84.2,72.23750000000001,74.2,20.300000000000004,0.0853239683995782,0.0050065831673474,0.0130434782608692,-0.0227022780832675,1.0,84.2,173.0,63.9,23.0,69.9,23.0,91.6,95.3,94.0875,94.9,3.700000000000003,0.0134380770320657,0.0124962020188378,0.0195652173913037,0.0036920659858604,-1.0,95.3,173.0,91.6,0.0,0.0,-1.0,95.05,-1.0,37.22,37.96,37.65875,37.52,0.740000000000002,0.0071689569376929,-0.0012324026872826,-0.0002173913043477,0.0039100549882168,-1.0,37.96,228.0,37.22,120.0,37.74,108.0,12.0,14.0,13.125,13.0,2.0,0.059476171413318,0.004692616724621,-3.982829720775982e-18,-0.0100157109190887,-1.0,14.0,120.0,12.0,0.0,2.0,0.0,13.0,108.0,34.6,43.6,39.0,38.0,9.0,0.0774978526138841,-0.0087151007731001,-0.1130434782608696,-0.0153868813825608,1.0,43.6,120.0,34.6,173.0,0.0,-1.0,39.35,55.0,2.0,1.0,1.0,1.0,1.0,1.0,1.0,1.0,1.0,1.0,1.0,1.0,1.0,1.0,1.0,4.0,1.0,13.0,220.0,2.0,1.0,220.0,1.0,202.0,0.0,-1.0,1.0,32.0,0.0,-1.0,5.0,0.0,-107.0,,7.0,154.0,3.0,0.0,228.0,1.0,0.0,120.0,240.0,2.0,11.37,6.13,11.37,120.0,-5.239999999999999,-0.4608619173262972,120.0,240.0,2.0,144.8,137.6,144.8,120.0,-7.200000000000017,-0.0497237569060774,120.0,240.0,2.0,4.29,4.19,4.29,120.0,-0.0999999999999996,-0.0233100233100232,120.0,240.0,2.0,22.2,20.4,22.2,120.0,-1.8000000000000007,-0.0810810810810811,120.0,240.0,2.0,49.7,48.6,49.7,120.0,-1.1000000000000014,-0.0221327967806841,120.0,240.0,2.0,7.374,7.373,7.374,120.0,-0.0009999999999994,-0.0001356116083535,120.0,240.0,2.0,0.079,0.043,0.079,120.0,-0.036,-0.4556962025316456,120.0,240.0,2.0,4.03,3.53,4.03,120.0,-0.5000000000000004,-0.1240694789081886,120.0,240.0,2.0,723.5,433.5,723.5,120.0,-290.0,-0.4008293020041465,120.0,240.0,2.0,28.5,8.4,28.5,120.0,-20.1,-0.7052631578947369,120.0,240.0,2.0,2.35,3.59,3.59,240.0,1.2399999999999998,0.527659574468085,120.0,240.0,2.0,101.0,113.9,113.9,240.0,12.900000000000006,0.1277227722772277,120.0,240.0,2.0,292.9,290.9,292.9,120.0,-2.0,-0.0068282690337999,11.799999999999995,11.799999999999995,0.1002548853016142,1,-8.2,8.2,-0.2939068100358423,-1,-30.50000000000001,30.50000000000001,-0.2049731182795699,-1,7.700000000000003,7.700000000000003,0.1157894736842105,1,0.0,0.0,0.0,0,-0.9299999999999996,0.9299999999999996,-0.024187256176853,-1,1,1,0.0833333333333333,1,0,0,0.0,0,3,0,0,0,0,41.0,1,1,90,13,1,0,0,0,0,1,0,0,0,1,0,0,0,0,0,0,1,0,1,0,0,0,0,0,0,0,0,0,0,0,0,0,0,0,0.0,0.0,0,0,0,0,1,0,1,1,1,1,4525.5650000000005,0,3.737669618283368,93.93333333333334,1.2530163236337828,0,2,1,2,3,0,1,2,10,2.870731707317073,0.2439024390243902,2,82.30000000000001,17513.760000000002,0.7909946236559139,21.35685483870968,4
E000737,2025-05-19,100.8,18.8,118.2,75.1,96.2,0,37.41,13,28,Male,White,complaint on arrival- states 'i am only depressed and that is becuase of my husbands illness'.,5,1,Walk-in,0,0,0,0,0,97.2,7.401,132.1,4.44,13.2,8.8,0,0,95.3,17.9,139.5,67.9,96.3,0,37.14,13,40.3,-5.5,-0.27,0,,,,,0,0,0,0,0,0,0,0,0,0,0,1,0,0,1,6.0,73.3,95.3,84.35,95.3,22.0,0.0951529953869483,0.0013304617366449,0.2652173913043474,0.1682441168864753,1.0,95.3,240.0,73.3,114.0,0.0,-1.0,90.4,96.0,8.4,20.2,15.116666666666664,17.9,11.8,0.2637642721943186,-0.0039994364156032,-0.1260869565217393,0.0225038071430624,1.0,20.2,181.0,8.4,210.0,0.0,-1.0,13.15,30.0,112.0,139.5,125.78333333333336,139.5,27.5,0.065078930662163,0.0520510446439351,-0.7130434782608704,0.0946154067178117,1.0,139.5,240.0,112.0,23.0,0.0,-1.0,133.45,91.0,67.9,83.2,77.58333333333333,67.9,15.299999999999995,0.0614351812210919,-0.0294372207238035,-0.2652173913043489,-0.0569261270580123,-1.0,83.2,0.0,67.9,240.0,74.30000000000001,-1.0,96.0,98.6,97.06666666666666,96.3,2.5999999999999943,0.009982446328124,-0.0035304536854395,0.1130434782608691,-0.0142229118179466,-1.0,98.6,23.0,96.0,0.0,0.0,-1.0,96.25,187.0,36.52,37.19,36.796666666666674,37.14,0.6699999999999946,0.0072662576791939,0.0007709029427156,0.005652173913043,-0.0014605062781944,1.0,37.19,114.0,36.52,181.0,36.88,67.0,13.0,15.0,14.333333333333334,13.0,2.0,0.0520015808720881,-0.003462018437261,-0.0434782608695652,-0.0117518604717984,-1.0,15.0,0.0,13.0,240.0,0.0,-1.0,14.0,-1.0,28.1,40.3,35.416666666666664,40.3,12.199999999999996,0.1151941943942719,0.0058834185419265,0.0739130434782607,0.0808895784846133,1.0,40.3,240.0,28.1,114.0,1.0,114.0,36.35,67.0,0.0,0.0,0.0,0.0,0.0,0.0,0.0,0.0,0.0,0.0,0.0,0.0,0.0,0.0,0.0,0.0,0.0,-1.0,-1.0,0.0,0.0,-1.0,0.0,-1.0,0.0,-1.0,0.0,-1.0,0.0,-1.0,0.0,0.0,,,1.0,67.0,2.0,240.0,181.0,1.0,0.0,,,,,,,,,,,,,,,,,,,,,,,,,,,,,,,,,,,,,,,,,,,,,,,,,,,,,,,,,,,,,,,,,,,,,,,,,,,,,,,,,,,,,,,,,,,,,,,,,,,,,,,,,,,,,,,,,,,,,,-5.5,5.5,-0.054563492063492,-1,-0.9000000000000021,0.9000000000000021,-0.047872340425532,-1,21.3,21.3,0.1802030456852791,1,-7.199999999999989,7.199999999999989,-0.0958721704394139,-1,0.0999999999999943,0.0999999999999943,0.0010395010395009,1,-0.269999999999996,0.269999999999996,-0.0072173215717721,-1,0,0,0.0,0,0,0,0.0,0,0,0,0,0,0,,0,0,94,16,0,0,0,0,1,0,0,0,1,0,0,1,0,0,0,0,0,0,0,0,0,0,0,0,0,0,0,0,0,0,0,0,0,0,0.0,0.0,0,1,1,0,0,0,0,0,1,0,3770.928,0,,89.46666666666667,1.1266766020864385,1,2,0,1,0,0,0,0,3,,,1,43.10000000000001,11914.56,0.8527918781725888,23.878172588832488,1
E000358,2025-05-19,85.4,22.9,125.8,66.5,97.4,0,36.99,13,80,Female,Hispanic/Latino,"Chest Pain chest pain since this evening, trouble breathing, also c/o back pain",5,2,Walk-in,0,1,1,0,0,103.1,7.412,134.5,4.48,14.1,14.2,0,0,68.9,16.5,137.4,84.1,96.2,0,36.14,15,28.9,-16.5,-0.85,2,,,,,0,1,0,0,1,0,0,0,0,0,0,1,0,0,1,8.0,68.3,95.4,77.85000000000001,68.9,27.10000000000001,0.114428807485944,-0.0549675938971861,0.1751366120218581,0.0016440890374172,-1.0,95.4,24.0,68.3,150.0,0.0,-1.0,68.9,30.0,10.4,16.5,13.85,16.5,6.1,0.1390243286207199,-7.849925526345228e-05,0.0025956284153005,0.0532404368323685,1.0,16.5,240.0,10.4,139.0,0.0,-1.0,16.5,17.0,118.8,139.7,130.0875,137.4,20.89999999999999,0.0575232345282193,0.041761603800169,-0.3107923497267746,0.094100972727815,1.0,139.7,189.0,118.8,54.0,0.0,-1.0,137.4,85.0,66.3,87.0,77.65,84.1,20.700000000000003,0.0965636373797527,0.0161265649531018,-0.1916666666666665,0.1358656084024585,1.0,87.0,0.0,66.3,150.0,84.1,6.0,95.0,97.7,96.4625,96.2,2.700000000000003,0.0078084462330868,-0.004943440280182,0.0221311475409836,0.0009816792982035,-1.0,97.7,54.0,95.0,150.0,0.0,-1.0,96.2,6.0,36.14,37.2,36.625,36.14,1.0600000000000025,0.0092953144194125,-0.0032788535083128,0.0040163934426228,-0.0042018261025243,1.0,37.2,54.0,36.14,240.0,36.14,-1.0,13.0,15.0,14.5,15.0,2.0,0.048765984909417,0.0024153617004146,-0.01775956284153,0.0106821030017306,1.0,15.0,0.0,13.0,139.0,0.0,-1.0,15.0,11.0,28.6,38.1,33.974999999999994,28.9,9.5,0.0999192637787883,-0.0342679441246326,-0.0465846994535519,-0.0445813689801277,-1.0,38.1,24.0,28.6,156.0,2.0,156.0,28.9,33.0,1.0,1.0,1.0,1.0,1.0,1.0,1.0,1.0,1.0,1.0,1.0,1.0,1.0,1.0,1.0,3.0,1.0,43.0,127.0,1.0,1.0,127.0,0.0,-1.0,0.0,-1.0,0.0,-1.0,1.0,43.0,4.0,0.0,43.0,,2.0,33.0,3.0,139.0,189.0,1.0,0.0,0.0,0.0,1.0,6.77,6.77,6.77,0.0,0.0,0.0,0.0,0.0,1.0,142.3,142.3,142.3,0.0,0.0,0.0,0.0,0.0,1.0,3.85,3.85,3.85,0.0,0.0,0.0,0.0,0.0,1.0,26.4,26.4,26.4,0.0,0.0,0.0,0.0,0.0,1.0,33.1,33.1,33.1,0.0,0.0,0.0,0.0,0.0,1.0,7.366,7.366,7.366,0.0,0.0,0.0,0.0,0.0,1.0,0.0,0.0,0.0,0.0,0.0,0.0,0.0,0.0,1.0,1.7,1.7,1.7,0.0,0.0,0.0,0.0,0.0,1.0,269.2,269.2,269.2,0.0,0.0,0.0,0.0,0.0,1.0,11.8,11.8,11.8,0.0,0.0,0.0,0.0,0.0,1.0,2.26,2.26,2.26,0.0,0.0,0.0,0.0,0.0,1.0,93.4,93.4,93.4,0.0,0.0,0.0,0.0,0.0,1.0,292.8,292.8,292.8,0.0,0.0,0.0,-16.5,16.5,-0.1932084309133489,-1,-6.399999999999999,6.399999999999999,-0.279475982532751,-1,11.600000000000009,11.600000000000009,0.0922098569157393,1,17.599999999999994,17.599999999999994,0.2646616541353382,1,-1.2000000000000028,1.2000000000000028,-0.0123203285420944,-1,-0.8500000000000014,0.8500000000000014,-0.0229791835631252,-1,2,2,0.1538461538461538,1,0,0,0.0,0,2,0,0,0,0,,0,0,79,13,0,0,0,0,1,0,0,0,1,0,0,0,0,0,0,0,0,0,0,0,1,0,0,0,0,0,0,0,0,0,0,0,0,1,0.0,0.0,0,0,1,0,0,0,0,0,1,1,3158.9460000000004,0,,86.26666666666667,0.9899536321483772,1,2,0,0,2,0,0,0,4,,,2,59.3,10743.32,0.6788553259141495,54.30842607313196,1
E001220,2025-05-20,84.0,15.9,122.0,96.9,98.2,0,36.56,15,45,Female,White,"Shortness of Breath Bronchitis Pt is on avelox and prednisone starting MOnday but symptoms are worse today, RA SAO2 96.",5,6,Walk-in,0,0,0,0,0,103.5,7.452,144.1,3.99,14.9,8.2,0,0,68.9,9.3,136.8,74.8,98.1,0,36.32,15,32.4,-15.1,-0.24,0,,,,,1,0,0,0,0,0,0,0,0,0,0,2,1,0,1,6.0,60.4,87.3,74.91666666666667,68.9,26.9,0.1174876522212598,-0.0759441956179638,-0.1255319148936171,-0.0231535210258613,1.0,87.3,0.0,60.4,108.0,0.0,-1.0,68.9,-1.0,7.0,15.3,11.016666666666666,9.3,8.3,0.2791584133335726,-0.0026479845055078,0.1680851063829786,-0.0164510351744394,-1.0,15.3,91.0,7.0,0.0,1.0,0.0,9.3,17.0,109.9,141.9,124.88333333333333,136.8,32.0,0.0924477965557819,0.0971492555380705,-0.1957446808510636,0.0722960097428184,1.0,141.9,108.0,109.9,47.0,0.0,-1.0,136.8,-1.0,72.6,81.3,76.91666666666667,74.8,8.700000000000003,0.0455249396249026,-0.0208479602953637,-0.1617021276595745,-0.025860018625976,1.0,81.3,72.0,72.6,108.0,74.8,-1.0,97.0,98.6,97.59999999999998,98.1,1.5999999999999943,0.0060903533128849,0.0001452608643021,-0.0319148936170217,0.0052826133677198,1.0,98.6,0.0,97.0,108.0,0.0,-1.0,98.1,132.0,36.32,36.74,36.553333333333335,36.32,0.4200000000000017,0.0044272245463937,-0.0014783319210749,-0.0074468085106384,-0.0021888387420301,1.0,36.74,0.0,36.32,240.0,36.32,-1.0,13.0,15.0,14.5,15.0,2.0,0.0526732838500671,0.0008170923616995,-1.7276271427594838e-17,0.0075220287986245,1.0,15.0,0.0,13.0,72.0,0.0,-1.0,15.0,19.0,30.7,38.7,33.45,32.4,8.000000000000004,0.0811912869228438,-0.0121807287253359,-0.048936170212766,-0.0151901998710508,1.0,38.7,72.0,30.7,91.0,0.0,-1.0,32.4,-1.0,0.0,0.0,0.0,0.0,0.0,0.0,0.0,0.0,0.0,0.0,0.0,0.0,0.0,0.0,0.0,1.0,1.0,175.0,175.0,0.0,0.0,-1.0,1.0,175.0,0.0,-1.0,0.0,-1.0,0.0,-1.0,2.0,0.0,,,1.0,47.0,3.0,72.0,240.0,0.0,0.0,,,,,,,,,,,,,,,,,,,,,,,,,,,,,,,,,,,,,,,,,,,,,,,,,,,,,,,,,,,,,,,,,,,,,,,,,,,,,,,,,,,,,,,,,,,,,,,,,,,,,,,,,,,,,,,,,,,,,,-15.099999999999994,15.099999999999994,-0.1797619047619047,-1,-6.6,6.6,-0.4150943396226415,-1,14.800000000000011,14.800000000000011,0.1213114754098361,1,-22.10000000000001,22.10000000000001,-0.2280701754385965,-1,-0.1000000000000085,0.1000000000000085,-0.0010183299389002,-1,-0.240000000000002,0.240000000000002,-0.0065645514223195,-1,0,0,0.0,0,0,0,0.0,0,1,0,0,0,0,,0,0,119,20,0,0,0,0,1,0,0,0,1,0,0,0,0,1,0,0,0,0,0,0,0,0,0,0,0,0,0,0,0,0,0,0,0,0,0.0,0.0434782608695652,0,1,1,0,0,0,0,0,0,0,3071.04,0,,105.26666666666668,0.7979734008866372,0,0,0,0,0,0,0,0,0,,,1,25.099999999999994,10248.0,0.6885245901639344,30.983606557377048,0
E001170,2025-05-21,172.5,45.6,125.9,55.7,88.9,1,39.25,11,55,Female,White,Nausea/vomiting. Festival attendee from campground with symptom onset ~235 minutes before arrival.,1,10,EMS,1,0,0,1,0,146.2,7.263,135.8,4.61,12.9,20.0,1,1,121.6,29.9,144.7,65.4,92.8,1,37.89,10,47.5,-50.9,-1.36,-1,4.05,1012.3,7.298,0.134,1,1,1,1,0,0,0,0,0,0,0,3,2,0,1,8.0,106.1,172.9,135.4375,121.6,66.80000000000001,0.1335205537066362,-0.0300397749320916,0.6980877390326211,-0.0778144549831351,1.0,172.9,59.0,106.1,22.0,5.0,0.0,121.6,32.0,24.3,31.2,28.6625,29.9,6.899999999999999,0.0759770536136468,-0.0087650368645712,0.0388638920134984,0.0019084959783203,1.0,31.2,59.0,24.3,144.0,8.0,0.0,29.9,96.0,108.2,144.7,118.475,144.7,36.49999999999999,0.0898118534846051,0.1070382227396196,-0.031496062992125,0.2326808314354079,1.0,144.7,240.0,108.2,91.0,0.0,-1.0,144.7,-1.0,65.4,78.3,73.0,65.4,12.899999999999991,0.0595299659935363,-0.0357707605743112,0.07058492688414,-0.0555770173263761,-1.0,78.3,22.0,65.4,240.0,65.4,79.0,89.3,92.8,91.025,92.8,3.5,0.0102580881060055,0.0067617384555685,-0.0322834645669287,0.0143396661573499,1.0,92.8,240.0,89.3,59.0,4.0,59.0,92.8,-1.0,37.89,38.48,38.19125,37.89,0.5899999999999963,0.0045811492636448,-0.0017617384555683,-0.0030258717660291,-0.0017644939026148,-1.0,38.48,22.0,37.89,240.0,37.89,-1.0,9.0,12.0,10.375,10.0,3.0,0.0956295654601659,0.0038319751649204,0.0208098987626546,-0.0007495603540231,-1.0,12.0,144.0,9.0,22.0,8.0,0.0,10.0,96.0,44.5,50.4,47.275000000000006,47.5,5.899999999999999,0.0405747160343062,-0.0053599146294139,-0.0758717660292461,-0.0047323204658807,-1.0,50.4,91.0,44.5,59.0,0.0,-1.0,47.5,32.0,2.0,1.0,1.0,1.0,1.0,1.0,1.0,1.0,1.0,1.0,1.0,1.0,1.0,1.0,1.0,5.0,1.0,24.0,226.0,2.0,1.0,139.0,1.0,226.0,1.0,198.0,1.0,54.0,1.0,24.0,7.0,1.0,-96.0,139.0,25.0,240.0,4.0,22.0,-1.0,0.0,0.0,120.0,240.0,2.0,10.01,11.26,11.26,240.0,1.25,0.1248751248751248,120.0,240.0,2.0,138.6,138.6,138.6,120.0,0.0,0.0,120.0,240.0,2.0,5.01,4.3,5.01,120.0,-0.71,-0.1417165668662674,120.0,240.0,2.0,19.3,20.8,20.8,240.0,1.5,0.077720207253886,120.0,240.0,2.0,78.7,46.1,78.7,120.0,-32.6,-0.4142312579415502,120.0,240.0,2.0,7.272,7.298,7.298,240.0,0.0259999999999998,0.0035753575357535,120.0,240.0,2.0,0.169,0.134,0.169,120.0,-0.035,-0.2071005917159763,120.0,240.0,2.0,3.79,4.05,4.05,240.0,0.2599999999999998,0.0686015831134564,120.0,240.0,2.0,1050.1,1012.3,1050.1,120.0,-37.79999999999996,-0.0359965717550709,120.0,240.0,2.0,28.1,17.0,28.1,120.0,-11.1,-0.395017793594306,120.0,240.0,2.0,9.99,6.06,9.99,120.0,-3.9300000000000006,-0.3933933933933934,120.0,240.0,2.0,138.4,115.1,138.4,120.0,-23.30000000000001,-0.1683526011560694,120.0,240.0,2.0,311.5,299.8,311.5,120.0,-11.699999999999989,-0.0375601926163723,-50.900000000000006,50.900000000000006,-0.2950724637681159,-1,-15.700000000000005,15.700000000000005,-0.3442982456140351,-1,18.799999999999983,18.799999999999983,0.1493248610007941,1,9.700000000000005,9.700000000000005,0.1741472172351885,1,3.899999999999992,3.899999999999992,0.043869516310461,1,-1.3599999999999994,1.3599999999999994,-0.0346496815286624,-1,-1,1,-0.0909090909090909,-1,0,0,0.0,0,2,0,0,0,0,235.0,1,1,98,12,0,0,1,0,0,0,0,1,0,1,0,1,0,0,1,0,0,0,0,0,1,0,0,1,0,0,1,1,1,0,1,0,0,0,0.0,0.0,0,0,0,1,1,1,1,1,2,1,6770.625,0,5.4638318050256105,79.10000000000001,2.1807838179519594,0,3,1,3,3,0,3,3,15,0.7340425531914894,0.0638297872340425,2,70.2,21717.75,1.370135027799841,75.35742652899125,3
E001944,2025-05-18,99.8,22.7,113.9,73.8,97.7,0,37.73,14,44,Male,White,"as per dauaghter "" pt is sleepy in the car, pt with pacemaker.",4,4,EMS,1,0,0,0,0,107.9,7.38,138.5,4.18,13.6,11.0,0,0,95.1,16.1,120.0,90.4,94.9,0,36.78,15,35.2,-4.7,-0.95,1,,,,,0,0,0,0,0,0,0,0,0,0,0,0,6,1,0,8.0,62.7,102.0,82.5375,95.1,39.3,0.1618194456612514,-0.0053271303323284,-0.6024590163934435,-0.0396352473817264,1.0,102.0,0.0,62.7,30.0,0.0,-1.0,80.6,45.0,13.4,21.7,17.875,16.1,8.299999999999999,0.1573348871430258,-0.0300758914648092,-0.0312841530054644,-0.0213262090022653,1.0,21.7,0.0,13.4,223.0,0.0,-1.0,14.75,-1.0,113.3,144.8,123.85000000000002,120.0,31.50000000000001,0.0814762812118124,0.0283951900751983,-0.0887978142076507,-0.035242457073443,-1.0,144.8,175.0,113.3,54.0,0.0,-1.0,119.6,48.0,66.2,90.4,77.98750000000001,90.4,24.200000000000003,0.0843064020580846,0.0268522368922619,-0.1318306010928963,0.0915213894087132,1.0,90.4,240.0,66.2,75.0,84.5,4.0,94.2,98.4,95.925,94.9,4.200000000000003,0.0133680673476488,-0.0096285130124407,0.0367486338797806,-0.0018680849666765,-1.0,98.4,54.0,94.2,175.0,0.0,-1.0,95.2,48.0,36.78,37.29,37.026250000000005,36.78,0.509999999999998,0.0046621583146351,-0.0010526908549052,0.0024999999999996,-0.000656784530024,1.0,37.29,54.0,36.78,240.0,36.81,-1.0,12.0,15.0,14.0,15.0,3.0,0.0714285714285714,-0.0004504972796895,0.0382513661202185,0.0019862766341639,-1.0,15.0,30.0,12.0,175.0,1.0,175.0,14.5,45.0,34.1,43.9,37.15,35.2,9.799999999999995,0.083478046877312,-0.0045985376165228,-0.1851092896174866,0.0128057388620768,1.0,43.9,0.0,34.1,54.0,0.0,-1.0,37.8,169.0,1.0,1.0,1.0,1.0,1.0,1.0,1.0,1.0,1.0,1.0,1.0,1.0,1.0,1.0,1.0,0.0,0.0,-1.0,-1.0,0.0,0.0,-1.0,0.0,-1.0,0.0,-1.0,0.0,-1.0,0.0,-1.0,0.0,0.0,,,1.0,48.0,3.0,175.0,223.0,1.0,0.0,0.0,0.0,1.0,9.75,9.75,9.75,0.0,0.0,0.0,0.0,0.0,1.0,139.4,139.4,139.4,0.0,0.0,0.0,0.0,0.0,1.0,4.12,4.12,4.12,0.0,0.0,0.0,0.0,0.0,1.0,24.0,24.0,24.0,0.0,0.0,0.0,0.0,0.0,1.0,22.6,22.6,22.6,0.0,0.0,0.0,0.0,0.0,1.0,7.41,7.41,7.41,0.0,0.0,0.0,0.0,0.0,1.0,0.043,0.043,0.043,0.0,0.0,0.0,0.0,0.0,1.0,2.43,2.43,2.43,0.0,0.0,0.0,0.0,0.0,1.0,221.0,221.0,221.0,0.0,0.0,0.0,0.0,0.0,1.0,22.6,22.6,22.6,0.0,0.0,0.0,0.0,0.0,1.0,6.63,6.63,6.63,0.0,0.0,0.0,0.0,0.0,1.0,121.0,121.0,121.0,0.0,0.0,0.0,0.0,0.0,1.0,280.8,280.8,280.8,0.0,0.0,0.0,-4.700000000000003,4.700000000000003,-0.0470941883767535,-1,-6.599999999999998,6.599999999999998,-0.290748898678414,-1,6.099999999999994,6.099999999999994,0.0535557506584722,1,16.60000000000001,16.60000000000001,0.2249322493224933,1,-2.799999999999997,2.799999999999997,-0.0286591606960081,-1,-0.9499999999999956,0.9499999999999956,-0.025178902729923,-1,1,1,0.0714285714285714,1,0,0,0.0,0,2,0,0,0,0,,0,0,62,13,0,0,0,0,1,0,0,0,1,0,0,0,0,0,1,0,0,0,0,0,0,1,0,0,0,0,0,0,0,0,0,0,0,1,0.0,0.0,0,1,1,0,0,0,0,0,0,0,3765.454,0,,87.16666666666667,1.1449330783938814,0,1,0,1,2,0,0,0,4,,,0,40.10000000000001,11367.22,0.8762071992976295,38.553116769095695,1
E000035,2025-05-19,94.1,14.7,125.8,67.3,98.0,0,36.82,14,45,Female,Hispanic/Latino,Headache- Recurrent Or Known Dx Migraines migraine headache and nausea,5,3,Police,0,0,0,0,0,76.1,7.425,137.1,3.81,12.4,8.9,0,0,71.6,16.9,119.3,67.1,96.4,0,36.93,14,36.5,-22.5,0.11,0,,,,,1,0,0,0,0,0,0,0,0,0,0,1,0,0,1,9.0,61.9,94.8,78.53333333333335,71.6,32.9,0.1137077682577439,-0.0594908136048108,0.1577018121911038,-0.0559206491484645,-1.0,94.8,52.0,61.9,155.0,0.0,-1.0,71.6,6.0,9.3,16.9,13.0,16.9,7.599999999999998,0.1939587246059224,0.0041357416212455,-0.1068369028006589,0.0152757465679105,1.0,16.9,240.0,9.3,161.0,0.0,-1.0,16.9,79.0,114.9,139.4,123.24444444444444,119.3,24.5,0.0590210732708372,-0.0412395835059058,0.3681630971993411,-0.0675590885502663,-1.0,139.4,52.0,114.9,173.0,0.0,-1.0,119.3,103.0,67.1,92.1,78.92222222222223,67.1,25.0,0.0906715995220886,-0.0064913603154354,0.0535008237232293,-0.0781855923007973,-1.0,92.1,155.0,67.1,240.0,67.1,6.0,95.9,98.6,96.94444444444444,96.4,2.6999999999999886,0.0092404100267031,-0.0005810871257931,-0.049629324546952,0.0041279426333917,1.0,98.6,0.0,95.9,155.0,0.0,-1.0,96.4,6.0,36.31,37.3,36.64111111111112,36.93,0.9899999999999948,0.0077752957566969,0.0006792672420934,0.0135543657331139,0.0030398169552295,1.0,37.3,52.0,36.31,0.0,36.93,32.0,14.0,15.0,14.333333333333334,14.0,1.0,0.0328886874970487,0.0009070426268617,0.0119439868204284,0.0020757654385054,-1.0,15.0,52.0,14.0,0.0,0.0,-1.0,14.0,32.0,32.4,38.2,35.1888888888889,36.5,5.800000000000004,0.0478992947743642,0.0100466360729609,0.0775947281713345,0.0237368495541822,-1.0,38.2,209.0,32.4,0.0,0.0,-1.0,36.5,-1.0,0.0,0.0,0.0,0.0,0.0,0.0,0.0,0.0,0.0,0.0,0.0,0.0,0.0,0.0,0.0,1.0,1.0,144.0,144.0,0.0,0.0,-1.0,1.0,144.0,0.0,-1.0,0.0,-1.0,0.0,-1.0,2.0,0.0,,,0.0,0.0,6.0,0.0,209.0,1.0,0.0,,,,,,,,,,,,,,,,,,,,,,,,,,,,,,,,,,,,,,,,,,,,,,,,,,,,,,,,,,,,,,,,,,,,,,,,,,,,,,,,,,,,,,,,,,,,,,,,,,,,,,,,,,,,,,,,,,,,,,-22.5,22.5,-0.2391073326248671,-1,2.2,2.2,0.1496598639455782,1,-6.5,6.5,-0.0516693163751987,-1,-0.2000000000000028,0.2000000000000028,-0.0029717682020802,-1,-1.5999999999999943,1.5999999999999943,-0.0163265306122448,-1,0.1099999999999994,0.1099999999999994,0.0029875067897881,1,0,0,0.0,0,0,0,0.0,0,2,0,0,0,0,,0,0,70,10,0,0,0,0,1,0,0,0,1,0,0,0,0,1,0,0,0,0,0,1,0,0,0,0,0,0,0,0,0,0,0,0,1,0,0.0909090909090909,0.0,0,1,1,0,0,0,0,0,0,0,3464.762,0,,86.8,1.084101382488479,0,1,0,1,0,0,0,0,2,,,0,58.5,11837.78,0.7480127186009539,33.66057233704292,0
E000654,2025-05-21,78.6,17.2,151.3,63.5,98.2,0,37.28,15,51,Male,Black,Anxiety/panic. Festival attendee from beach shuttle stop with symptom onset ~181 minutes before arrival.,4,4,Walk-in,1,1,0,1,0,107.2,7.418,140.2,3.97,13.2,9.4,1,1,99.8,13.4,118.0,64.7,95.9,0,36.53,15,40.1,21.2,-0.75,0,,,,,1,0,0,0,0,0,0,0,0,0,0,3,2,0,1,8.0,72.5,99.8,86.65,99.8,27.3,0.1008043959692474,0.022062724753876,0.0,0.1596599652519238,1.0,99.8,240.0,72.5,189.0,0.0,-1.0,99.8,1.0,12.1,19.2,15.075,13.4,7.1,0.1709896199133777,-0.0224400165065141,0.0,-0.0036758500868701,1.0,19.2,0.0,12.1,190.0,0.0,-1.0,13.4,-1.0,118.0,135.8,127.3875,118.0,17.80000000000001,0.0448664582200492,-0.0312945823262397,0.0,-0.0624919334822534,-1.0,135.8,190.0,118.0,240.0,0.0,-1.0,118.0,-1.0,61.2,89.3,72.69999999999999,64.7,28.099999999999994,0.1330629383761929,-0.0946324353003596,0.0,-0.0403052866716307,1.0,89.3,0.0,61.2,190.0,64.7,-1.0,95.9,100.0,97.5625,95.9,4.099999999999994,0.013155555643795,-0.0035665860991571,0.0,-0.0167361628195579,-1.0,100.0,190.0,95.9,240.0,0.0,-1.0,95.9,50.0,36.39,36.84,36.61375,36.53,0.4500000000000028,0.0038259856023643,-0.0013320167423216,0.0,-0.0007982129560684,1.0,36.84,0.0,36.39,190.0,36.53,-1.0,13.0,15.0,14.75,15.0,2.0,0.0448432425604167,-0.0004716146907976,0.0,0.0050136510300322,0.0,15.0,0.0,13.0,165.0,0.0,-1.0,15.0,1.0,33.0,40.1,37.4875,40.1,7.100000000000001,0.0701779838629094,0.0061693096739963,0.0,0.0554579300074461,1.0,40.1,190.0,33.0,166.0,0.0,-1.0,40.1,23.0,1.0,1.0,1.0,1.0,1.0,1.0,1.0,1.0,1.0,1.0,1.0,1.0,1.0,1.0,1.0,1.0,1.0,102.0,102.0,0.0,0.0,-1.0,1.0,102.0,0.0,-1.0,0.0,-1.0,0.0,-1.0,2.0,0.0,102.0,,0.0,0.0,5.0,165.0,189.0,0.0,0.0,0.0,0.0,1.0,6.06,6.06,6.06,0.0,0.0,0.0,0.0,0.0,1.0,143.6,143.6,143.6,0.0,0.0,0.0,0.0,0.0,1.0,3.54,3.54,3.54,0.0,0.0,0.0,0.0,0.0,1.0,23.8,23.8,23.8,0.0,0.0,0.0,0.0,0.0,1.0,18.4,18.4,18.4,0.0,0.0,0.0,0.0,0.0,1.0,7.356,7.356,7.356,0.0,0.0,0.0,0.0,0.0,1.0,0.0,0.0,0.0,0.0,0.0,0.0,0.0,0.0,1.0,1.48,1.48,1.48,0.0,0.0,0.0,0.0,0.0,1.0,159.1,159.1,159.1,0.0,0.0,0.0,0.0,0.0,1.0,22.5,22.5,22.5,0.0,0.0,0.0,0.0,0.0,1.0,0.26,0.26,0.26,0.0,0.0,0.0,0.0,0.0,1.0,89.2,89.2,89.2,0.0,0.0,0.0,0.0,0.0,1.0,284.8,284.8,284.8,0.0,0.0,0.0,21.200000000000003,21.200000000000003,0.2697201017811705,1,-3.799999999999999,3.799999999999999,-0.2209302325581394,-1,-33.30000000000001,33.30000000000001,-0.2200925313945803,-1,1.2000000000000028,1.2000000000000028,0.0188976377952756,1,-2.299999999999997,2.299999999999997,-0.0234215885947046,-1,-0.75,0.75,-0.0201180257510729,-1,0,0,0.0,0,0,0,0.0,0,4,0,0,0,0,181.0,1,1,104,14,0,0,0,1,0,0,0,1,0,0,0,0,0,0,0,0,1,0,0,0,1,0,0,0,0,0,0,0,0,0,0,1,0,0,0.0,0.0,0,1,1,0,0,0,0,0,0,0,2930.208,0,5.204006687076795,92.76666666666668,0.8472871002515271,0,0,0,0,0,0,0,0,0,0.4342541436464088,0.0,0,87.80000000000001,11892.18,0.5194976867151354,26.494382022471907,1
E000731,2025-05-21,83.3,19.8,124.1,86.1,99.3,0,37.17,13,16,Male,White,Altered mental status. Festival attendee from campground with symptom onset ~120 minutes before arrival.,4,8,Walk-in,0,0,1,0,0,63.6,7.388,140.3,4.31,15.9,6.1,1,1,77.3,7.0,105.3,89.3,98.2,0,36.63,14,32.8,-6.0,-0.54,1,3.04,210.8,7.356,0.0,0,0,0,0,0,0,0,0,0,0,0,3,2,0,1,6.0,64.8,92.3,80.18333333333334,77.3,27.5,0.1392662027483475,-0.1065513520375776,0.0,-0.121285956006768,1.0,92.3,0.0,64.8,226.0,0.0,-1.0,69.76666666666667,-1.0,7.0,19.4,13.583333333333334,7.0,12.4,0.2839344400232599,-0.0306810968642884,0.0,-0.0448798646362098,-1.0,19.4,82.0,7.0,240.0,1.0,240.0,10.466666666666669,-1.0,105.3,141.2,125.18333333333332,105.3,35.89999999999999,0.0870752457566264,0.0067646312047735,0.0,0.0003181049069374,-1.0,141.2,226.0,105.3,240.0,0.0,-1.0,126.36666666666666,14.0,63.2,89.3,74.91666666666667,89.3,26.099999999999994,0.1146218450463611,0.0643982480639837,0.0,0.0486226734348563,1.0,89.3,240.0,63.2,0.0,80.26666666666667,-1.0,95.5,98.2,96.93333333333334,98.2,2.700000000000003,0.0095978581409579,0.0029941602132792,0.0,0.007942470389171,1.0,98.2,240.0,95.5,63.0,0.0,-1.0,97.26666666666668,19.0,36.29,37.12,36.77666666666666,36.63,0.8299999999999983,0.0074410861059634,-0.0022092167068681,0.0,-0.0033455160744499,1.0,37.12,63.0,36.29,226.0,36.54666666666666,14.0,14.0,15.0,14.666666666666666,14.0,1.0,0.0321412173266612,0.0006982353687952,0.0,-0.0025042301184433,-1.0,15.0,63.0,14.0,0.0,0.0,-1.0,14.666666666666666,177.0,32.5,36.6,34.78333333333333,32.8,4.100000000000001,0.0509282924665251,-0.0002735813126824,0.0,-0.0133130287648053,-1.0,36.6,82.0,32.5,0.0,0.0,-1.0,34.43333333333333,137.0,1.0,1.0,1.0,1.0,1.0,1.0,1.0,1.0,1.0,1.0,1.0,1.0,1.0,1.0,1.0,0.0,0.0,-1.0,-1.0,0.0,0.0,-1.0,0.0,-1.0,0.0,-1.0,0.0,-1.0,0.0,-1.0,0.0,0.0,,,1.0,0.0,3.0,0.0,219.0,1.0,1.0,240.0,240.0,1.0,3.1,3.1,3.1,240.0,0.0,0.0,240.0,240.0,1.0,141.2,141.2,141.2,240.0,0.0,0.0,240.0,240.0,1.0,4.45,4.45,4.45,240.0,0.0,0.0,240.0,240.0,1.0,23.5,23.5,23.5,240.0,0.0,0.0,240.0,240.0,1.0,38.4,38.4,38.4,240.0,0.0,0.0,240.0,240.0,1.0,7.356,7.356,7.356,240.0,0.0,0.0,240.0,240.0,1.0,0.0,0.0,0.0,240.0,0.0,0.0,240.0,240.0,1.0,3.04,3.04,3.04,240.0,0.0,0.0,240.0,240.0,1.0,210.8,210.8,210.8,240.0,0.0,0.0,240.0,240.0,1.0,21.8,21.8,21.8,240.0,0.0,0.0,240.0,240.0,1.0,0.1,0.1,0.1,240.0,0.0,0.0,240.0,240.0,1.0,129.7,129.7,129.7,240.0,0.0,0.0,240.0,240.0,1.0,287.4,287.4,287.4,240.0,0.0,0.0,-6.0,6.0,-0.0720288115246098,-1,-12.8,12.8,-0.6464646464646465,-1,-18.8,18.8,-0.1514907332796132,-1,3.200000000000003,3.200000000000003,0.0371660859465737,1,-1.0999999999999943,1.0999999999999943,-0.0110775427995971,-1,-0.5399999999999991,0.5399999999999991,-0.0145278450363195,-1,1,1,0.0769230769230769,1,0,0,0.0,0,3,1,1,0,0,120.0,1,1,104,14,0,0,1,0,0,0,1,0,0,0,1,0,0,0,0,0,0,0,0,1,0,0,1,0,0,0,0,0,0,0,0,0,0,0,0.0,0.1176470588235294,0,1,1,0,0,0,0,0,1,0,3096.261,0,4.795790545596741,98.76666666666668,0.8434019574755317,0,2,0,0,0,0,0,0,2,0.6941666666666666,0.0166666666666666,1,38.0,10337.53,0.6712328767123288,10.73972602739726,0
E000064,2025-05-21,97.6,14.1,117.3,66.3,91.6,1,37.07,12,14,Female,Asian,Anxiety/panic. Festival attendee from main stage with symptom onset ~254 minutes before arrival.,3,5,EMS,0,0,0,0,0,75.1,7.363,134.6,4.2,13.5,15.0,1,1,92.7,17.1,124.5,78.3,97.4,0,37.75,13,40.6,-4.9,0.68,1,,,,,0,1,0,0,0,0,0,0,0,0,0,3,2,0,1,9.0,77.1,110.8,96.13333333333334,92.7,33.7,0.0879505423996857,-0.0273120658043029,0.0,-0.018393900434521,-1.0,110.8,202.0,77.1,198.0,0.0,-1.0,92.7,4.0,15.1,21.7,17.733333333333334,17.1,6.6,0.1373853136437714,0.0068113004423959,0.0,-0.0007787198724104,-1.0,21.7,202.0,15.1,198.0,0.0,-1.0,17.1,38.0,112.4,149.0,129.4333333333333,124.5,36.6,0.0697243696661389,0.0388606200272505,0.0,-0.0206185818673008,-1.0,149.0,184.0,112.4,0.0,0.0,-1.0,124.5,11.0,66.5,81.2,75.65555555555557,78.3,14.700000000000005,0.0524698791090829,0.0175175360392942,0.0,-0.0168795872866049,-1.0,81.2,95.0,66.5,0.0,78.3,100.0,95.8,97.4,96.54444444444444,97.4,1.6000000000000083,0.0056756027188113,0.0020061313058253,0.0,0.0001415854313471,-1.0,97.4,240.0,95.8,198.0,0.0,-1.0,97.4,-1.0,36.9,37.75,37.12,37.75,0.8500000000000014,0.0065325192095809,0.0009157218792578,0.0,0.0018830862369195,1.0,37.75,240.0,36.9,184.0,37.75,-1.0,13.0,15.0,13.666666666666666,13.0,2.0,0.048780487804878,-0.0022203905868895,0.0,-0.0072420134424789,-1.0,15.0,95.0,13.0,0.0,0.0,-1.0,13.0,89.0,32.8,42.2,38.35555555555556,40.6,9.400000000000006,0.0955502186668826,-0.0292279937425355,0.0,-0.0305320031897408,1.0,42.2,0.0,32.8,198.0,0.0,-1.0,40.6,42.0,1.0,1.0,1.0,1.0,1.0,1.0,1.0,1.0,1.0,1.0,1.0,1.0,1.0,1.0,1.0,1.0,1.0,150.0,150.0,0.0,1.0,150.0,0.0,-1.0,0.0,-1.0,0.0,-1.0,0.0,-1.0,4.0,0.0,150.0,,0.0,0.0,4.0,0.0,184.0,1.0,0.0,0.0,0.0,1.0,11.64,11.64,11.64,0.0,0.0,0.0,0.0,0.0,1.0,137.7,137.7,137.7,0.0,0.0,0.0,0.0,0.0,1.0,4.3,4.3,4.3,0.0,0.0,0.0,0.0,0.0,1.0,24.2,24.2,24.2,0.0,0.0,0.0,0.0,0.0,1.0,19.5,19.5,19.5,0.0,0.0,0.0,0.0,0.0,1.0,7.383,7.383,7.383,0.0,0.0,0.0,0.0,0.0,1.0,0.0,0.0,0.0,0.0,0.0,0.0,0.0,0.0,1.0,2.84,2.84,2.84,0.0,0.0,0.0,0.0,0.0,1.0,557.0,557.0,557.0,0.0,0.0,0.0,0.0,0.0,1.0,12.5,12.5,12.5,0.0,0.0,0.0,0.0,0.0,1.0,0.24,0.24,0.24,0.0,0.0,0.0,0.0,0.0,1.0,90.0,90.0,90.0,0.0,0.0,0.0,0.0,0.0,1.0,288.5,288.5,288.5,0.0,0.0,0.0,-4.899999999999992,4.899999999999992,-0.0502049180327868,-1,3.0000000000000018,3.0000000000000018,0.2127659574468086,1,7.200000000000003,7.200000000000003,0.0613810741687979,1,12.0,12.0,0.1809954751131221,1,5.800000000000011,5.800000000000011,0.0633187772925765,1,0.6799999999999997,0.6799999999999997,0.0183436741300242,1,1,1,0.0833333333333333,1,-1,1,-1.0,-1,1,0,0,0,1,254.0,1,1,96,13,1,0,0,0,0,0,0,1,0,0,0,0,1,0,0,1,0,0,0,0,0,0,0,0,0,0,0,0,0,0,0,0,0,0,0.0,0.0,0,0,1,0,0,0,0,0,2,1,3618.032,0,5.541263545158426,83.3,1.1716686674669867,1,2,1,1,0,0,2,0,5,0.384251968503937,0.0196850393700787,2,51.0,11448.48,0.8320545609548167,11.648763853367434,0
E001993,2025-05-20,78.6,27.8,92.5,71.1,95.3,0,37.28,13,19,Male,White,Chest pain. Festival attendee from festival medical tent with symptom onset ~212 minutes before arrival.,4,8,Walk-in,1,0,0,0,0,66.9,7.373,138.2,4.43,14.7,13.8,1,1,94.8,15.0,123.9,73.3,96.8,0,36.89,14,35.1,16.2,-0.39,1,,,,,1,0,1,0,0,0,0,0,0,0,0,2,1,0,1,8.0,75.5,108.0,89.675,94.8,32.5,0.1160637830433078,-0.0121440079429131,-0.3040513615231352,0.1063724683023214,1.0,108.0,37.0,75.5,95.0,0.0,-1.0,94.8,23.0,10.2,17.8,14.5875,15.0,7.600000000000001,0.1601986850580498,0.0017734503248128,-0.0877573610803632,-0.0030956693561666,-1.0,17.8,26.0,10.2,37.0,0.0,-1.0,15.0,58.0,116.3,141.4,128.375,123.9,25.10000000000001,0.0641002879640597,0.0139969483131971,-0.0456940447199491,-0.1010291453976619,-1.0,141.4,118.0,116.3,32.0,0.0,-1.0,123.9,27.0,62.1,92.3,79.98750000000001,73.3,30.2,0.1093732263328586,-0.0231370853040872,-0.0731680318795668,-0.0864729128931338,1.0,92.3,0.0,62.1,26.0,73.3,6.0,94.4,97.6,96.575,96.8,3.1999999999999886,0.0093011877935395,-0.0005025232759638,-0.0398273190170479,0.0024946484439317,1.0,97.6,37.0,94.4,59.0,0.0,-1.0,96.8,36.0,36.65,37.12,36.875,36.89,0.4699999999999988,0.0044187581659119,-0.0003378174652725,-0.0011744520699584,0.0011608760085624,-1.0,37.12,26.0,36.65,95.0,36.89,6.0,12.0,15.0,13.625,14.0,3.0,0.072818843423796,0.00252479876227,0.0053132610139471,0.0065041989132223,1.0,15.0,118.0,12.0,26.0,2.0,26.0,14.0,6.0,32.8,40.4,36.1125,35.1,7.600000000000001,0.069275684585269,-0.0111709401449092,-0.0295660836838612,-0.0003210933640705,-1.0,40.4,26.0,32.8,59.0,0.0,-1.0,35.1,6.0,0.0,0.0,0.0,0.0,0.0,0.0,0.0,0.0,0.0,0.0,0.0,0.0,0.0,0.0,0.0,3.0,1.0,91.0,178.0,0.0,0.0,-1.0,1.0,156.0,0.0,-1.0,1.0,178.0,1.0,91.0,5.0,0.0,,,2.0,23.0,3.0,26.0,240.0,0.0,0.0,,,,,,,,,,,,,,,,,,,,,,,,,,,,,,,,,,,,,,,,,,,,,,,,,,,,,,,,,,,,,,,,,,,,,,,,,,,,,,,,,,,,,,,,,,,,,,,,,,,,,,,,,,,,,,,,,,,,,,16.200000000000003,16.200000000000003,0.2061068702290076,1,-12.8,12.8,-0.460431654676259,-1,31.40000000000001,31.40000000000001,0.3394594594594595,1,2.200000000000003,2.200000000000003,0.0309423347398031,1,1.5,1.5,0.0157397691500524,1,-0.3900000000000005,0.3900000000000005,-0.0104613733905579,-1,1,1,0.0769230769230769,1,0,0,0.0,0,1,0,0,0,0,212.0,1,1,104,15,0,1,0,0,0,0,0,1,0,0,0,0,0,0,0,0,0,0,0,0,0,0,1,0,0,0,0,0,0,0,0,0,0,0,0.0,0.0,0,0,1,0,0,0,0,0,1,1,2930.208,0,5.3612921657094255,78.23333333333333,1.0046868342564976,0,2,1,0,3,2,0,0,7,0.370754716981132,0.0330188679245283,2,21.40000000000001,7270.499999999999,0.8497297297297297,16.144864864864864,1
E000153,2025-05-18,82.6,18.3,101.2,78.1,98.0,0,36.9,14,14,Female,White,Headache. Festival attendee from main stage with symptom onset ~233 minutes before arrival.,4,0,EMS,0,0,0,0,0,96.8,7.421,136.1,4.55,14.9,8.0,1,1,72.7,9.7,117.4,79.5,97.8,0,36.57,15,37.3,-9.9,-0.33,1,,,,,1,0,0,1,0,0,0,0,0,0,0,0,6,1,0,9.0,58.2,88.7,73.07777777777778,72.7,30.5,0.127847700692583,-0.0061977046296104,0.5173913043478258,0.0003371891320278,-1.0,88.7,46.0,58.2,94.0,0.0,-1.0,67.55,25.0,9.7,14.8,12.47777777777778,9.7,5.100000000000001,0.1437002127197059,-0.0014197745545303,-0.0673913043478261,-0.0050861293284973,-1.0,14.8,77.0,9.7,240.0,0.0,-1.0,12.25,-1.0,115.8,149.6,131.4777777777778,117.4,33.8,0.0831022024395406,-0.055634090955586,0.0760869565217389,-0.1032721723885234,-1.0,149.6,77.0,115.8,194.0,0.0,-1.0,126.75,31.0,75.1,87.1,80.16666666666667,79.5,12.0,0.0414676234979275,0.0059053620015956,0.1021739130434781,0.002872832852518,-1.0,87.1,108.0,75.1,71.0,80.65,86.0,96.1,99.0,97.74444444444444,97.8,2.9000000000000057,0.0076272530168085,0.0011511630285797,0.002173913043478,0.0019985529159672,-1.0,99.0,71.0,96.1,108.0,0.0,-1.0,97.9,86.0,36.46,37.04,36.70888888888888,36.57,0.5799999999999983,0.0053788856785349,-0.0013156441153003,-0.012608695652174,-0.0015660974184391,1.0,37.04,0.0,36.46,46.0,36.56,25.0,13.0,15.0,14.333333333333334,15.0,2.0,0.0465116279069767,0.0014668276017266,-7.392013812161229e-17,-1.3914269547234614e-05,0.0,15.0,71.0,13.0,194.0,0.0,-1.0,15.0,6.0,31.2,40.5,36.333333333333336,37.3,9.3,0.0807756356075417,0.0015625703238477,0.0086956521739128,0.006097232915596,1.0,40.5,71.0,31.2,108.0,0.0,-1.0,36.05,86.0,1.0,1.0,1.0,1.0,1.0,1.0,1.0,1.0,1.0,1.0,1.0,1.0,1.0,1.0,1.0,2.0,1.0,57.0,114.0,1.0,0.0,-1.0,1.0,114.0,1.0,57.0,0.0,-1.0,0.0,-1.0,7.0,0.0,57.0,,0.0,0.0,6.0,194.0,194.0,1.0,0.0,0.0,0.0,1.0,5.85,5.85,5.85,0.0,0.0,0.0,0.0,0.0,1.0,139.7,139.7,139.7,0.0,0.0,0.0,0.0,0.0,1.0,3.57,3.57,3.57,0.0,0.0,0.0,0.0,0.0,1.0,23.7,23.7,23.7,0.0,0.0,0.0,0.0,0.0,1.0,24.3,24.3,24.3,0.0,0.0,0.0,0.0,0.0,1.0,7.442,7.442,7.442,0.0,0.0,0.0,0.0,0.0,1.0,0.03,0.03,0.03,0.0,0.0,0.0,0.0,0.0,1.0,2.17,2.17,2.17,0.0,0.0,0.0,0.0,0.0,1.0,182.4,182.4,182.4,0.0,0.0,0.0,0.0,0.0,1.0,13.1,13.1,13.1,0.0,0.0,0.0,0.0,0.0,1.0,0.1,0.1,0.1,0.0,0.0,0.0,0.0,0.0,1.0,74.3,74.3,74.3,0.0,0.0,0.0,0.0,0.0,1.0,280.1,280.1,280.1,0.0,0.0,0.0,-9.899999999999991,9.899999999999991,-0.1198547215496367,-1,-8.600000000000001,8.600000000000001,-0.4699453551912569,-1,16.200000000000003,16.200000000000003,0.1600790513833992,1,1.4000000000000057,1.4000000000000057,0.0179257362355954,1,-0.2000000000000028,0.2000000000000028,-0.0020408163265306,-1,-0.3299999999999983,0.3299999999999983,-0.0089430894308942,-1,1,1,0.0714285714285714,1,0,0,0.0,0,1,0,0,0,0,233.0,1,1,91,13,1,0,0,0,0,0,0,1,0,0,0,0,0,1,0,0,0,0,0,0,0,0,1,0,0,0,0,0,0,0,0,0,0,0,0.0,0.0,0,1,1,0,0,0,0,0,0,0,3047.94,0,5.455321115357702,85.8,0.9627039627039626,0,1,0,0,0,1,0,0,2,0.3545064377682403,0.0085836909871244,0,23.10000000000001,8359.119999999999,0.8162055335968379,11.42687747035573,0
E001419,2025-05-20,82.0,20.6,117.6,81.3,96.3,0,36.8,15,41,Female,White,Dizziness pt states has been getting BP checked at MD's and has been high.,5,1,Walk-in,0,0,0,1,0,89.9,7.389,137.6,4.17,12.0,8.6,0,0,60.0,13.3,124.1,84.4,95.7,0,36.51,15,40.9,-22.0,-0.29,0,,,,,0,1,1,0,0,0,0,0,0,0,0,2,1,0,1,7.0,60.0,85.7,71.65714285714286,60.0,25.700000000000003,0.1149380523769254,-0.0087201706876743,0.0,0.0039354726799653,-1.0,85.7,229.0,60.0,240.0,0.0,-1.0,72.85,-1.0,11.7,17.4,13.928571428571429,13.3,5.699999999999999,0.1288149598672513,-0.0128386673231577,0.0,-0.0014633130962705,1.0,17.4,0.0,11.7,155.0,0.0,-1.0,13.6,-1.0,108.3,140.7,127.88571428571429,124.1,32.39999999999999,0.0729238057602261,0.0389377974725092,0.0,-0.0524357328707717,-1.0,140.7,103.0,108.3,0.0,0.0,-1.0,126.55,137.0,68.4,85.9,78.17142857142858,84.4,17.5,0.0767139095445909,0.0544986049565074,0.0,0.0373842150910668,1.0,85.9,155.0,68.4,0.0,81.25,-1.0,95.5,99.0,96.91428571428573,95.7,3.5,0.0120259894188508,-0.0019812900049236,0.0,-0.0049352992194274,-1.0,99.0,87.0,95.5,91.0,0.0,-1.0,96.75,4.0,36.51,36.94,36.66857142857143,36.51,0.4299999999999997,0.003447817810478,-0.0013719021828327,0.0,-0.0007812662619254,1.0,36.94,0.0,36.51,240.0,36.54,-1.0,13.0,15.0,14.428571428571429,15.0,2.0,0.0504853417187404,0.0063220088626292,0.0,0.0024839549002601,-1.0,15.0,91.0,13.0,0.0,0.0,-1.0,15.0,64.0,28.5,40.9,35.128571428571426,40.9,12.4,0.1164580681296305,-0.0028504841621533,0.0,0.0172614050303556,1.0,40.9,240.0,28.5,103.0,1.0,103.0,36.85,137.0,1.0,1.0,1.0,1.0,1.0,1.0,1.0,1.0,1.0,1.0,1.0,1.0,1.0,1.0,1.0,2.0,1.0,181.0,194.0,0.0,1.0,181.0,0.0,-1.0,0.0,-1.0,1.0,194.0,0.0,-1.0,5.0,0.0,181.0,,1.0,52.0,4.0,0.0,229.0,1.0,0.0,0.0,0.0,1.0,7.0,7.0,7.0,0.0,0.0,0.0,0.0,0.0,1.0,138.7,138.7,138.7,0.0,0.0,0.0,0.0,0.0,1.0,4.62,4.62,4.62,0.0,0.0,0.0,0.0,0.0,1.0,24.7,24.7,24.7,0.0,0.0,0.0,0.0,0.0,1.0,39.8,39.8,39.8,0.0,0.0,0.0,0.0,0.0,1.0,7.38,7.38,7.38,0.0,0.0,0.0,0.0,0.0,1.0,0.0,0.0,0.0,0.0,0.0,0.0,0.0,0.0,1.0,1.35,1.35,1.35,0.0,0.0,0.0,0.0,0.0,1.0,207.4,207.4,207.4,0.0,0.0,0.0,0.0,0.0,1.0,14.0,14.0,14.0,0.0,0.0,0.0,0.0,0.0,1.0,7.77,7.77,7.77,0.0,0.0,0.0,0.0,0.0,1.0,77.6,77.6,77.6,0.0,0.0,0.0,0.0,0.0,1.0,295.2,295.2,295.2,0.0,0.0,0.0,-22.0,22.0,-0.2682926829268293,-1,-7.300000000000001,7.300000000000001,-0.3543689320388349,-1,6.5,6.5,0.0552721088435374,1,3.1000000000000085,3.1000000000000085,0.0381303813038131,1,-0.5999999999999943,0.5999999999999943,-0.0062305295950155,-1,-0.2899999999999991,0.2899999999999991,-0.0078804347826086,-1,0,0,0.0,0,0,0,0.0,0,1,0,0,0,0,,0,0,74,14,0,0,0,0,1,0,0,0,1,0,1,0,0,1,0,0,0,0,0,0,0,0,0,0,0,0,0,0,0,0,0,0,0,0,0.0,0.0,0,1,1,0,0,0,0,0,0,0,3017.6,0,,93.4,0.8779443254817988,0,0,0,0,1,0,0,0,1,,,0,36.3,9643.2,0.6972789115646258,28.58843537414966,0
E001115,2025-05-19,61.0,17.6,134.4,91.4,96.9,0,36.93,14,39,Female,White,Chest pain. Festival attendee from festival medical tent with symptom onset ~69 minutes before arrival.,5,6,Walk-in,0,1,0,0,0,63.8,7.491,138.2,3.86,15.8,4.9,1,1,61.9,11.2,134.3,83.7,96.1,0,36.38,15,37.7,0.9,-0.55,1,2.05,226.4,7.405,0.006,1,0,0,0,0,0,0,0,0,0,0,1,0,0,1,6.0,60.6,86.5,72.41666666666667,61.9,25.9,0.1250339451049539,-0.0757891655489097,0.2663471241170534,-0.0752509280901965,1.0,86.5,35.0,60.6,115.0,0.0,-1.0,61.9,-1.0,7.7,15.2,12.983333333333334,11.2,7.499999999999999,0.2084061499542009,-0.0206120210939309,0.0211907164480322,-0.0086827993950226,1.0,15.2,35.0,7.7,115.0,1.0,115.0,11.2,125.0,112.7,146.0,131.79999999999998,134.3,33.3,0.0860007727787845,0.0363804771912037,0.0323410696266396,0.0310257115358174,1.0,146.0,115.0,112.7,26.0,0.0,-1.0,134.3,9.0,64.7,86.4,76.3,83.7,21.700000000000003,0.1038368551390682,0.0235773174706504,-0.5053481331987898,0.0966863742609652,1.0,86.4,0.0,64.7,77.0,83.7,38.0,96.1,98.5,97.31666666666666,96.1,2.4000000000000057,0.007348326067109,-0.0069761142252962,0.0169525731584263,-0.0067372473532242,-1.0,98.5,26.0,96.1,240.0,0.0,-1.0,96.1,9.0,36.38,36.89,36.64166666666667,36.38,0.509999999999998,0.0050234263804869,-0.0014470838558028,-0.0070484359233098,-0.0020720472982263,-1.0,36.89,26.0,36.38,240.0,36.38,-1.0,13.0,15.0,14.0,15.0,2.0,0.0583211843519804,0.0030408815061101,-0.0136226034308779,0.0085934277464594,1.0,15.0,26.0,13.0,35.0,0.0,-1.0,15.0,9.0,29.6,37.9,35.050000000000004,37.7,8.299999999999997,0.0898716119828815,0.0035507534482983,-0.1396064581231079,0.0152275539667263,1.0,37.9,77.0,29.6,115.0,1.0,115.0,37.7,125.0,1.0,1.0,1.0,1.0,1.0,1.0,1.0,1.0,1.0,1.0,1.0,1.0,1.0,1.0,1.0,1.0,1.0,151.0,151.0,0.0,0.0,-1.0,1.0,151.0,0.0,-1.0,0.0,-1.0,0.0,-1.0,2.0,0.0,-89.0,,2.0,125.0,3.0,35.0,240.0,0.0,0.0,240.0,240.0,1.0,1.49,1.49,1.49,240.0,0.0,0.0,240.0,240.0,1.0,135.1,135.1,135.1,240.0,0.0,0.0,240.0,240.0,1.0,3.3,3.3,3.3,240.0,0.0,0.0,240.0,240.0,1.0,23.0,23.0,23.0,240.0,0.0,0.0,240.0,240.0,1.0,32.8,32.8,32.8,240.0,0.0,0.0,240.0,240.0,1.0,7.405,7.405,7.405,240.0,0.0,0.0,240.0,240.0,1.0,0.006,0.006,0.006,240.0,0.0,0.0,240.0,240.0,1.0,2.05,2.05,2.05,240.0,0.0,0.0,240.0,240.0,1.0,226.4,226.4,226.4,240.0,0.0,0.0,240.0,240.0,1.0,1.0,1.0,1.0,240.0,0.0,0.0,240.0,240.0,1.0,0.1,0.1,0.1,240.0,0.0,0.0,240.0,240.0,1.0,50.1,50.1,50.1,240.0,0.0,0.0,240.0,240.0,1.0,289.0,289.0,289.0,240.0,0.0,0.0,0.8999999999999986,0.8999999999999986,0.0147540983606557,1,-6.400000000000002,6.400000000000002,-0.3636363636363637,-1,-0.0999999999999943,0.0999999999999943,-0.0007440476190475,-1,-7.700000000000003,7.700000000000003,-0.0842450765864332,-1,-0.8000000000000114,0.8000000000000114,-0.0082559339525284,-1,-0.5499999999999972,0.5499999999999972,-0.0148930408881667,-1,1,1,0.0714285714285714,1,0,0,0.0,0,4,0,0,0,0,69.0,1,1,103,15,0,1,0,0,0,0,1,0,0,0,1,0,0,0,0,0,0,1,0,0,0,0,0,0,0,0,0,0,0,0,0,0,0,0,0.0,0.0,0,1,1,0,0,0,0,0,0,0,2252.73,0,4.248495242049359,105.73333333333332,0.5769230769230769,0,1,0,0,0,0,0,0,1,0.8840579710144928,0.0144927536231884,2,43.0,8198.4,0.4538690476190476,17.700892857142858,0
E001947,2025-05-22,109.5,24.5,126.7,87.7,93.3,0,37.75,14,14,Female,Other/Multiracial,Agitation. Festival attendee from campground with symptom onset ~118 minutes before arrival.,3,4,Walk-in,1,0,0,0,0,125.7,7.345,139.2,4.31,14.6,9.4,1,1,78.1,18.4,124.7,75.7,97.0,0,37.89,15,39.5,-31.4,0.14,1,,,,,1,1,0,0,0,0,0,0,0,0,0,4,3,0,0,9.0,63.2,93.4,79.61111111111113,78.1,30.200000000000003,0.1210265343705238,-0.0222964755030274,0.0,0.0190898875736478,-1.0,93.4,104.0,63.2,120.0,0.0,-1.0,83.06666666666668,11.0,14.3,20.7,18.788888888888888,18.4,6.399999999999999,0.104489545894996,-0.008400756193649,0.0,-0.0044821907383515,-1.0,20.7,104.0,14.3,209.0,0.0,-1.0,19.23333333333333,18.0,114.3,137.9,126.08888888888887,124.7,23.60000000000001,0.0656968629551929,-0.0532369583035881,0.0,-0.0298420323545322,1.0,137.9,209.0,114.3,229.0,0.0,-1.0,119.6,-1.0,68.8,85.5,78.15555555555557,75.7,16.700000000000003,0.0726130534140932,0.0153063113085322,0.0,0.0492071891033835,1.0,85.5,209.0,68.8,104.0,79.06666666666666,16.0,93.8,98.6,96.87777777777778,97.0,4.799999999999997,0.0149408134597839,0.0159937600803786,0.0,0.0117366928459742,-1.0,98.6,227.0,93.8,0.0,0.0,-1.0,97.9,-1.0,36.91,37.89,37.21111111111111,37.89,0.980000000000004,0.007745805198457,0.0012297400914835,0.0,0.0007772935629819,1.0,37.89,240.0,36.91,229.0,37.306666666666665,-1.0,13.0,15.0,14.0,15.0,2.0,0.0336717514850736,0.0047592607281668,0.0,0.0027645824291464,0.0,15.0,240.0,13.0,0.0,0.0,-1.0,14.333333333333334,-1.0,34.5,39.5,37.27777777777778,39.5,5.0,0.0438931957864045,0.0115002247428677,0.0,0.0035541233895564,-1.0,39.5,240.0,34.5,0.0,0.0,-1.0,37.7,-1.0,1.0,1.0,1.0,1.0,1.0,1.0,1.0,1.0,1.0,1.0,1.0,1.0,1.0,1.0,1.0,2.0,1.0,142.0,195.0,0.0,1.0,195.0,1.0,142.0,0.0,-1.0,0.0,-1.0,0.0,-1.0,4.0,0.0,22.0,,0.0,0.0,5.0,0.0,195.0,1.0,0.0,120.0,120.0,1.0,9.56,9.56,9.56,120.0,0.0,0.0,120.0,120.0,1.0,136.3,136.3,136.3,120.0,0.0,0.0,120.0,120.0,1.0,4.21,4.21,4.21,120.0,0.0,0.0,120.0,120.0,1.0,18.9,18.9,18.9,120.0,0.0,0.0,120.0,120.0,1.0,18.2,18.2,18.2,120.0,0.0,0.0,120.0,120.0,1.0,7.337,7.337,7.337,120.0,0.0,0.0,120.0,120.0,1.0,0.001,0.001,0.001,120.0,0.0,0.0,120.0,120.0,1.0,2.01,2.01,2.01,120.0,0.0,0.0,120.0,120.0,1.0,204.5,204.5,204.5,120.0,0.0,0.0,120.0,120.0,1.0,8.7,8.7,8.7,120.0,0.0,0.0,120.0,120.0,1.0,4.07,4.07,4.07,120.0,0.0,0.0,120.0,120.0,1.0,100.6,100.6,100.6,120.0,0.0,0.0,120.0,120.0,1.0,290.4,290.4,290.4,120.0,0.0,0.0,-31.40000000000001,31.40000000000001,-0.2867579908675799,-1,-6.100000000000001,6.100000000000001,-0.2489795918367347,-1,-2.0,2.0,-0.0157853196527229,-1,-12.0,12.0,-0.1368301026225769,-1,3.700000000000003,3.700000000000003,0.0396570203644158,1,0.1400000000000005,0.1400000000000005,0.0037086092715231,1,1,1,0.0714285714285714,1,0,0,0.0,0,1,0,0,0,0,118.0,1,1,92,12,0,0,1,0,0,0,1,0,0,0,0,0,0,1,1,0,0,0,0,0,0,0,1,0,0,0,0,0,0,0,0,0,1,0,0.1538461538461538,0.0,0,1,0,0,0,0,0,1,0,0,4133.625,0,4.77912349311153,100.7,1.0873882820258192,0,1,1,1,2,0,1,0,5,0.9279661016949152,0.0423728813559322,1,39.0,13873.65,0.8642462509865825,12.099447513812157,2
E000345,2025-05-22,84.6,18.7,137.4,67.6,98.2,0,37.07,13,60,Female,Hispanic/Latino,PT then went into the boys class room grabbed him by the jacket and spit in his face.,4,2,Walk-in,1,0,0,0,0,119.8,7.386,135.6,4.11,14.3,7.8,0,0,98.8,12.8,119.6,81.0,98.0,0,36.78,14,35.6,14.2,-0.29,1,,,,,0,0,0,0,0,0,0,0,0,0,0,4,3,0,0,6.0,62.5,103.1,85.56666666666666,98.8,40.6,0.1774375388038802,0.1268860726703122,0.2088235294117641,-0.0388583363672943,1.0,103.1,110.0,62.5,0.0,0.0,-1.0,98.8,-1.0,12.8,17.6,15.25,12.8,4.800000000000001,0.1158727675217855,-0.0122532491975665,0.0323529411764705,-0.0356985456148082,-1.0,17.6,110.0,12.8,240.0,0.0,-1.0,12.8,80.0,100.6,130.1,120.11666666666667,119.6,29.5,0.0785628223505976,-0.0177401532415067,-0.2500000000000004,0.0814264088757739,1.0,130.1,0.0,100.6,110.0,0.0,-1.0,119.6,80.0,73.6,81.0,77.75000000000001,81.0,7.400000000000006,0.0332233861172719,0.0225745868429256,-0.1117647058823532,0.0266177400502041,1.0,81.0,240.0,73.6,34.0,81.0,69.0,95.3,98.1,97.36666666666667,98.0,2.799999999999997,0.0100571248350348,0.0014150351532618,-0.0205882352941178,0.013825282158392,1.0,98.1,0.0,95.3,110.0,0.0,-1.0,98.0,80.0,36.55,36.91,36.70666666666666,36.78,0.3599999999999994,0.0035786524691678,0.001189180000081,0.0020588235294116,0.0009808956253474,-1.0,36.91,190.0,36.55,0.0,36.78,-1.0,14.0,15.0,14.166666666666666,14.0,1.0,0.0263066820882328,0.0018740311097259,-1.0000959863512252e-16,0.0022419376473068,-1.0,15.0,190.0,14.0,0.0,0.0,-1.0,14.0,50.0,31.5,41.5,36.85,35.6,10.0,0.0965401304344647,-0.004700458591198,-0.2323529411764706,0.0108839366125664,1.0,41.5,0.0,31.5,103.0,0.0,-1.0,35.6,7.0,0.0,0.0,0.0,0.0,0.0,0.0,0.0,0.0,0.0,0.0,0.0,0.0,0.0,0.0,0.0,0.0,0.0,-1.0,-1.0,0.0,0.0,-1.0,0.0,-1.0,0.0,-1.0,0.0,-1.0,0.0,-1.0,0.0,0.0,,,0.0,0.0,2.0,0.0,190.0,1.0,0.0,,,,,,,,,,,,,,,,,,,,,,,,,,,,,,,,,,,,,,,,,,,,,,,,,,,,,,,,,,,,,,,,,,,,,,,,,,,,,,,,,,,,,,,,,,,,,,,,,,,,,,,,,,,,,,,,,,,,,,14.200000000000005,14.200000000000005,0.1678486997635934,1,-5.899999999999999,5.899999999999999,-0.3155080213903742,-1,-17.80000000000001,17.80000000000001,-0.1295487627365357,-1,13.400000000000006,13.400000000000006,0.198224852071006,1,-0.2000000000000028,0.2000000000000028,-0.0020366598778004,-1,-0.2899999999999991,0.2899999999999991,-0.0078230374966279,-1,1,1,0.0769230769230769,1,0,0,0.0,0,3,0,0,0,0,,0,0,85,18,0,0,0,0,1,0,0,0,1,0,0,0,0,1,0,0,0,0,0,0,0,0,1,0,0,0,0,0,0,0,0,0,0,0,0.0,0.0476190476190476,0,1,1,0,0,0,0,0,1,0,3136.122,0,,90.86666666666666,0.9310344827586206,0,2,0,0,0,0,0,0,2,,,0,69.80000000000001,11624.04,0.6157205240174671,36.94323144104803,0
E000225,2025-05-20,71.5,24.3,121.3,83.7,96.7,0,37.28,14,64,Female,Asian,"Altered Mental Status voilent pt, hit the staff, needs eval from geri psych.",5,4,Walk-in,0,1,1,0,0,74.9,7.372,136.7,4.41,16.1,9.3,0,0,98.6,15.5,139.3,82.1,97.6,0,36.67,13,40.4,27.1,-0.61,-1,1.63,367.9,7.41,0.032,0,0,0,0,0,0,0,0,0,0,0,2,1,0,1,6.0,61.7,98.6,83.5,98.6,36.89999999999999,0.1691988548338367,0.0376192903880913,-0.1142857142857137,0.0737017310252994,1.0,98.6,240.0,61.7,156.0,0.0,-1.0,98.6,-1.0,13.9,15.5,14.7,15.5,1.5999999999999996,0.04062692260129,0.0027277208741852,0.0231622746185854,0.0110685752330226,-1.0,15.5,240.0,13.9,0.0,0.0,-1.0,15.5,-1.0,114.2,147.5,128.66666666666666,139.3,33.3,0.0903413603185065,0.0973755061283131,-0.0943828016643552,-0.0380159786950733,1.0,147.5,116.0,114.2,34.0,0.0,-1.0,139.3,40.0,66.7,83.5,75.89999999999999,82.1,16.799999999999997,0.0826721659344057,0.0164269974424981,-0.2538141470180299,0.1091211717709718,1.0,83.5,0.0,66.7,116.0,82.1,40.0,94.8,98.9,96.98333333333332,97.6,4.1000000000000085,0.0136326570237317,0.0034048057436345,0.0786407766990294,0.0123834886817576,-1.0,98.9,53.0,94.8,0.0,0.0,-1.0,97.6,63.0,36.61,36.89,36.73833333333334,36.67,0.2800000000000011,0.002481890734762,-1.0154166368248748e-05,-0.0013245492371702,-0.0006075233022637,-1.0,36.89,156.0,36.61,34.0,36.67,19.0,13.0,15.0,13.833333333333334,13.0,2.0,0.0648815037004157,-0.004276547246367,0.0402219140083218,-0.0018308921438082,-1.0,15.0,34.0,13.0,0.0,0.0,-1.0,13.0,82.0,30.8,40.4,36.2,40.4,9.599999999999998,0.0867274274574195,0.0108097631677628,-0.0362690707350898,0.0722869507323568,1.0,40.4,240.0,30.8,116.0,0.0,-1.0,40.4,40.0,2.0,1.0,1.0,1.0,1.0,1.0,1.0,1.0,1.0,1.0,1.0,1.0,1.0,1.0,1.0,0.0,0.0,-1.0,-1.0,0.0,0.0,-1.0,0.0,-1.0,0.0,-1.0,0.0,-1.0,0.0,-1.0,0.0,0.0,,,0.0,0.0,4.0,0.0,240.0,0.0,0.0,0.0,240.0,2.0,9.81,2.68,9.81,0.0,-7.130000000000001,-0.726809378185525,0.0,240.0,2.0,136.6,139.0,139.0,240.0,2.4000000000000057,0.0175695461200586,0.0,240.0,2.0,4.21,3.92,4.21,0.0,-0.29,-0.0688836104513064,0.0,240.0,2.0,25.6,26.0,26.0,240.0,0.3999999999999986,0.0156249999999999,0.0,240.0,2.0,32.1,10.1,32.1,0.0,-22.0,-0.6853582554517134,0.0,240.0,2.0,7.398,7.41,7.41,240.0,0.0120000000000004,0.0016220600162206,0.0,240.0,2.0,0.019,0.032,0.032,240.0,0.013,0.6842105263157896,0.0,240.0,2.0,0.94,1.63,1.63,240.0,0.69,0.7340425531914894,0.0,240.0,2.0,75.4,367.9,367.9,240.0,292.5,3.879310344827586,0.0,240.0,2.0,14.9,7.7,14.9,0.0,-7.2,-0.4832214765100671,0.0,240.0,2.0,0.1,1.9,1.9,240.0,1.7999999999999998,17.999999999999996,0.0,240.0,2.0,71.1,82.6,82.6,240.0,11.5,0.1617440225035162,0.0,240.0,2.0,288.2,272.9,288.2,0.0,-15.300000000000011,-0.053088133240805,27.099999999999994,27.099999999999994,0.3790209790209789,1,-8.8,8.8,-0.3621399176954732,-1,18.000000000000014,18.000000000000014,0.1483924154987635,1,-1.6000000000000083,1.6000000000000083,-0.0191158900836321,-1,0.8999999999999915,0.8999999999999915,0.0093071354705273,1,-0.6099999999999994,0.6099999999999994,-0.0163626609442059,-1,-1,1,-0.0714285714285714,-1,0,0,0.0,0,3,0,0,0,0,,0,0,76,13,0,0,0,0,1,0,0,0,1,0,0,0,0,0,0,0,0,0,0,0,0,0,1,0,0,0,0,0,0,0,0,0,0,0,0.0,0.0714285714285714,0,1,1,0,0,0,0,0,0,0,2665.52,0,,96.23333333333332,0.7429857984066505,0,1,0,0,2,0,0,0,3,,,0,37.6,8672.949999999999,0.5894476504534213,37.72464962901896,1
E000642,2025-05-21,128.4,27.3,71.8,72.8,91.7,1,37.55,10,26,Male,Black,Anxiety/panic. Festival attendee from main stage with symptom onset ~118 minutes before arrival.,3,6,Walk-in,0,0,0,0,0,112.8,7.368,135.1,5.15,12.7,9.9,1,1,97.9,17.8,114.2,72.8,95.8,1,37.19,11,41.1,-30.5,-0.36,1,2.32,571.5,7.347,0.028,1,0,0,0,0,0,0,0,0,0,0,3,2,0,1,7.0,93.6,121.1,102.6,97.9,27.5,0.0856591522133326,-0.0277795602063228,0.0,-0.1397288499497871,-1.0,121.1,83.0,93.6,205.0,0.0,-1.0,98.9,38.0,17.8,25.6,21.914285714285715,17.8,7.800000000000001,0.1053201655411122,-0.0098111379846491,0.0,-0.0237316895799425,-1.0,25.6,205.0,17.8,240.0,1.0,205.0,19.1,-1.0,103.9,129.9,118.65714285714286,114.2,26.0,0.0696432178042074,0.0382700091315187,0.0,-0.0441354711361979,-1.0,129.9,225.0,103.9,0.0,0.0,-1.0,122.05,15.0,67.8,82.4,74.64285714285714,72.8,14.600000000000009,0.0703530881741242,0.0124842666403417,0.0,-0.0303528759912733,-1.0,82.4,121.0,67.8,225.0,70.3,104.0,94.1,95.8,95.08571428571427,95.8,1.7000000000000028,0.0073602456213437,0.0052675905130926,0.0,0.0035737784395886,-1.0,95.8,192.0,94.1,0.0,0.0,-1.0,95.6,13.0,37.19,37.79,37.52714285714285,37.19,0.6000000000000014,0.0053951458370694,-0.0015469286013968,0.0,-0.0012951483879905,-1.0,37.79,0.0,37.19,240.0,37.38,-1.0,11.0,13.0,12.428571428571429,11.0,2.0,0.0586094196964687,-0.0038623855475208,0.0,-0.0040170377809329,0.0,13.0,0.0,11.0,240.0,3.0,83.0,11.5,-1.0,38.2,45.2,41.15714285714286,41.1,7.0,0.0477337408890554,-0.0083898911621706,0.0,-0.0216314021539633,-1.0,45.2,83.0,38.2,192.0,0.0,-1.0,40.650000000000006,38.0,3.0,1.0,1.0,1.0,1.0,1.0,1.0,1.0,1.0,1.0,1.0,1.0,1.0,1.0,1.0,1.0,1.0,63.0,63.0,0.0,0.0,-1.0,1.0,63.0,0.0,-1.0,0.0,-1.0,0.0,-1.0,2.0,0.0,63.0,,4.0,38.0,3.0,240.0,192.0,1.0,0.0,0.0,240.0,3.0,7.71,8.45,8.45,240.0,0.7399999999999993,0.0959792477302204,0.0,240.0,3.0,134.1,139.4,142.5,120.0,5.300000000000011,0.0395227442207308,0.0,240.0,3.0,4.44,4.5,4.5,240.0,0.0599999999999996,0.0135135135135134,0.0,240.0,3.0,19.9,23.3,23.3,240.0,3.400000000000002,0.170854271356784,0.0,240.0,3.0,54.0,32.3,54.0,0.0,-21.700000000000003,-0.4018518518518519,0.0,240.0,3.0,7.341,7.347,7.382,120.0,0.0060000000000002,0.0008173273395995,0.0,240.0,3.0,0.068,0.028,0.068,0.0,-0.04,-0.5882352941176471,0.0,240.0,3.0,3.38,2.32,3.38,0.0,-1.06,-0.3136094674556213,0.0,240.0,3.0,593.4,571.5,593.4,0.0,-21.899999999999977,-0.0369059656218402,0.0,240.0,3.0,22.8,25.9,25.9,240.0,3.099999999999998,0.1359649122807016,0.0,240.0,3.0,6.78,7.64,10.89,120.0,0.8599999999999994,0.126843657817109,0.0,240.0,3.0,97.1,136.5,136.5,240.0,39.400000000000006,0.4057672502574666,0.0,240.0,3.0,302.0,298.8,302.0,0.0,-3.1999999999999886,-0.0105960264900661,-30.5,30.5,-0.2375389408099688,-1,-9.5,9.5,-0.3479853479853479,-1,42.400000000000006,42.400000000000006,0.5905292479108636,1,0.0,0.0,0.0,0,4.099999999999994,4.099999999999994,0.0447110141766629,1,-0.3599999999999994,0.3599999999999994,-0.0095872170439413,-1,1,1,0.1,1,0,0,0.0,0,0,0,0,0,0,118.0,1,1,96,13,1,0,0,0,0,0,1,0,0,0,1,0,0,1,0,0,0,1,0,0,0,0,0,0,0,0,0,0,0,0,0,0,0,0,0.0,0.0,0,1,1,1,0,0,1,0,2,0,4821.42,1,4.77912349311153,72.46666666666667,1.771849126034959,0,3,1,2,3,3,2,0,13,1.088135593220339,0.1101694915254237,1,-1.0,9219.12,1.7883008356545962,46.495821727019504,2
E001316,2025-05-21,131.3,37.9,95.9,78.6,91.5,1,38.57,12,49,Male,Black,Altered mental status. Festival attendee from VIP tent with symptom onset ~74 minutes before arrival.,2,10,EMS,0,0,0,0,0,124.6,7.293,135.6,5.21,14.5,15.8,1,1,106.6,20.5,116.2,75.9,94.2,0,37.69,12,42.6,-24.7,-0.88,0,3.75,760.5,7.375,0.093,1,1,1,0,0,0,1,1,0,0,0,3,2,0,1,9.0,106.6,146.6,116.57777777777778,106.6,40.0,0.101701666798396,-0.0213997081830338,0.1981818181818174,-0.2031461761858663,-1.0,146.6,111.0,106.6,240.0,1.0,111.0,109.16666666666669,35.0,20.5,29.1,25.9,20.5,8.600000000000001,0.0972346294338435,-0.0211202529080371,0.0036363636363636,-0.012699661181026,-1.0,29.1,55.0,20.5,240.0,8.0,0.0,24.133333333333336,-1.0,106.2,129.9,118.66666666666669,116.2,23.700000000000003,0.069432611316317,0.0598546994690553,0.3399999999999998,0.1255495724427233,-1.0,129.9,227.0,106.2,0.0,0.0,-1.0,124.26666666666668,13.0,66.5,83.0,75.42222222222222,75.9,16.5,0.0635796255265498,0.0107520366392414,0.0636363636363634,-0.0429463133268793,-1.0,83.0,146.0,66.5,203.0,76.43333333333334,57.0,92.0,94.5,93.26666666666668,94.2,2.5,0.008320548053483,0.0055840392331699,-0.0090909090909092,0.0110106082607293,1.0,94.5,220.0,92.0,111.0,0.0,-1.0,94.03333333333336,7.0,37.48,38.23,37.75,37.69,0.75,0.0057618854220134,-0.0017341223199448,-0.0118181818181819,-0.0019782591158438,1.0,38.23,0.0,37.48,227.0,37.65,-1.0,12.0,14.0,12.555555555555555,12.0,2.0,0.0545523363094599,0.0005755279049973,-2.2837708489945816e-17,-0.0102149887060342,-1.0,14.0,146.0,12.0,0.0,5.0,0.0,12.333333333333334,10.0,35.3,47.7,41.08888888888889,42.6,12.400000000000006,0.0930177529910497,-0.0324666639646577,-0.0290909090909091,0.0076002339464343,1.0,47.7,0.0,35.3,146.0,0.0,-1.0,40.1,10.0,2.0,1.0,1.0,1.0,1.0,1.0,1.0,1.0,1.0,1.0,1.0,1.0,1.0,1.0,1.0,3.0,1.0,29.0,168.0,1.0,1.0,168.0,1.0,29.0,0.0,-1.0,1.0,102.0,0.0,-1.0,5.0,0.0,-91.0,57.0,14.0,240.0,3.0,0.0,227.0,1.0,0.0,120.0,240.0,2.0,11.38,10.84,11.38,120.0,-0.5400000000000009,-0.0474516695957821,120.0,240.0,2.0,137.8,140.9,140.9,240.0,3.0999999999999943,0.0224963715529752,120.0,240.0,2.0,4.43,4.75,4.75,240.0,0.3200000000000003,0.072234762979684,120.0,240.0,2.0,19.4,21.4,21.4,240.0,2.0,0.1030927835051546,120.0,240.0,2.0,49.9,47.6,49.9,120.0,-2.299999999999997,-0.0460921843687374,120.0,240.0,2.0,7.302,7.375,7.375,240.0,0.0730000000000004,0.0099972610243769,120.0,240.0,2.0,0.13,0.093,0.13,120.0,-0.037,-0.2846153846153846,120.0,240.0,2.0,4.13,3.75,4.13,120.0,-0.3799999999999999,-0.0920096852300241,120.0,240.0,2.0,928.9,760.5,928.9,120.0,-168.39999999999998,-0.1812896974916567,120.0,240.0,2.0,22.3,18.0,22.3,120.0,-4.300000000000001,-0.1928251121076233,120.0,240.0,2.0,4.58,6.95,6.95,240.0,2.37,0.517467248908297,120.0,240.0,2.0,132.6,156.0,156.0,240.0,23.40000000000001,0.1764705882352941,120.0,240.0,2.0,297.2,294.0,297.2,120.0,-3.1999999999999886,-0.0107671601615073,-24.700000000000017,24.700000000000017,-0.1881188118811882,-1,-17.4,17.4,-0.4591029023746701,-1,20.3,20.3,0.2116788321167882,1,-2.6999999999999886,2.6999999999999886,-0.0343511450381677,-1,2.700000000000003,2.700000000000003,0.0295081967213115,1,-0.8800000000000026,0.8800000000000026,-0.0228156598392533,-1,0,0,0.0,0,-1,1,-1.0,-1,1,0,0,0,1,74.0,1,1,101,15,0,0,0,1,0,0,1,0,0,1,0,1,0,0,0,0,0,0,1,0,1,0,0,1,0,0,0,0,0,0,0,0,0,0,0.0,0.1111111111111111,0,0,0,1,1,0,1,1,2,1,5064.241000000001,1,4.31748811353631,84.36666666666666,1.5563018569735283,0,2,1,3,3,2,2,2,14,1.7743243243243243,0.1891891891891892,3,17.30000000000001,12591.670000000002,1.3691345151199166,67.08759124087591,3
E001178,2025-05-20,69.7,19.6,117.2,81.0,96.4,0,36.91,13,35,Female,White,Wound Check Presents with a wound to his abdomen from a gallbladder removal.,5,5,EMS,0,0,0,0,0,119.8,7.397,137.3,4.95,14.6,5.0,0,0,89.8,16.3,120.2,87.6,96.7,0,36.82,14,35.3,20.1,-0.09,1,,,,,0,0,0,0,0,0,0,0,0,0,0,2,1,0,1,9.0,62.9,89.8,81.03333333333333,89.8,26.9,0.1039951391405712,-0.0218345677195382,-0.0615384615384616,0.0202204764723765,1.0,89.8,240.0,62.9,142.0,0.0,-1.0,87.85,28.0,13.9,20.9,17.22222222222222,16.3,6.999999999999998,0.1453747534429744,-0.0007860825300083,0.0096153846153845,0.01355498312027,-1.0,20.9,170.0,13.9,181.0,0.0,-1.0,18.25,29.0,112.4,138.7,123.83333333333331,120.2,26.299999999999983,0.0594513991471524,0.0137086127115086,-0.2134615384615386,-0.005323914817363,1.0,138.7,177.0,112.4,181.0,0.0,-1.0,123.85,29.0,67.7,87.6,75.61111111111111,87.6,19.89999999999999,0.0655179648018439,0.0239789800838891,-0.0442307692307692,0.0519863682181082,1.0,87.6,240.0,67.7,177.0,80.85,-1.0,95.9,97.9,96.96666666666668,96.7,2.0,0.006875214850464,-0.0018810141157219,-0.026923076923077,-0.001223180429113,1.0,97.9,210.0,95.9,177.0,0.0,-1.0,97.3,4.0,36.39,37.2,36.847777777777786,36.82,0.8100000000000023,0.0057238780654125,-0.001819807028859,-0.0048076923076923,-0.0012103806339098,1.0,37.2,0.0,36.39,181.0,36.835,29.0,12.0,15.0,13.444444444444445,14.0,3.0,0.0618455766408915,0.0029975889429008,0.0192307692307692,0.0080558711060622,-1.0,15.0,210.0,12.0,177.0,1.0,177.0,14.5,30.0,32.6,38.1,34.91111111111112,35.3,5.5,0.0457200376011598,0.0108521377029595,-0.0096153846153846,-0.0012487800195197,1.0,38.1,181.0,32.6,52.0,0.0,-1.0,34.75,29.0,0.0,0.0,0.0,0.0,0.0,0.0,0.0,0.0,0.0,0.0,0.0,0.0,0.0,0.0,0.0,0.0,0.0,-1.0,-1.0,0.0,0.0,-1.0,0.0,-1.0,0.0,-1.0,0.0,-1.0,0.0,-1.0,0.0,0.0,,,1.0,4.0,5.0,177.0,181.0,1.0,0.0,,,,,,,,,,,,,,,,,,,,,,,,,,,,,,,,,,,,,,,,,,,,,,,,,,,,,,,,,,,,,,,,,,,,,,,,,,,,,,,,,,,,,,,,,,,,,,,,,,,,,,,,,,,,,,,,,,,,,,20.099999999999994,20.099999999999994,0.2883787661406025,1,-3.3000000000000007,3.3000000000000007,-0.1683673469387755,-1,3.0,3.0,0.0255972696245733,1,6.599999999999994,6.599999999999994,0.0814814814814814,1,0.2999999999999971,0.2999999999999971,0.0031120331950207,1,-0.0899999999999963,0.0899999999999963,-0.0024383635871036,-1,1,1,0.0769230769230769,1,0,0,0.0,0,1,0,0,0,0,,0,0,76,13,0,0,0,0,1,0,0,0,1,0,1,0,0,0,0,0,0,1,0,0,0,0,0,0,0,0,0,0,0,0,0,0,0,0,0.0,0.0,0,1,1,0,0,0,0,0,1,0,2572.627,0,,93.06666666666666,0.7489255014326648,0,2,0,0,0,0,0,0,2,,,0,36.2,8168.84,0.5947098976109215,20.81484641638225,0
E000847,2025-05-22,84.3,14.1,131.9,72.6,99.2,0,36.84,14,34,Male,Asian,"Cough per mother, premature at 8 1/2 months.",5,4,Walk-in,0,0,0,0,0,91.9,7.416,133.6,3.99,11.1,9.6,0,0,74.7,12.0,129.6,71.4,97.7,0,36.2,15,35.7,-9.6,-0.64,1,,,,,1,0,0,0,0,0,0,0,0,0,0,4,3,0,0,8.0,47.3,82.6,70.85,74.7,35.3,0.1458000315593925,-0.03811658624467,0.3357142857142853,0.2652732300080038,-1.0,82.6,33.0,47.3,151.0,0.0,-1.0,72.33333333333333,24.0,10.2,16.1,13.0625,12.0,5.900000000000002,0.1391711327776771,0.0013972605220036,-0.15,-0.0032998617477988,1.0,16.1,0.0,10.2,22.0,0.0,-1.0,13.366666666666667,129.0,124.2,138.9,132.575,129.6,14.700000000000005,0.0408393370776477,-0.0256605618374239,0.1746753246753262,-0.0109874117732663,-1.0,138.9,220.0,124.2,175.0,0.0,-1.0,131.20000000000002,45.0,66.8,85.7,75.3125,71.4,18.90000000000001,0.0845305516542941,-0.0048494011352629,-0.3168831168831164,-0.1262824710761841,1.0,85.7,151.0,66.8,33.0,73.3,118.0,95.4,98.9,97.5125,97.7,3.5,0.010906590576288,0.0006911161607473,0.0467532467532464,-0.0073746634650363,1.0,98.9,220.0,95.4,222.0,0.0,-1.0,97.33333333333331,2.0,36.2,36.99,36.6425,36.2,0.7899999999999991,0.0063458246617062,-0.0016606704750178,0.0096753246753249,-0.0024299643454849,-1.0,36.99,22.0,36.2,240.0,36.46666666666667,-1.0,14.0,15.0,14.625,15.0,1.0,0.0331024217624565,-0.0021636987479517,3.4207887222925355e-17,0.0103325329258531,1.0,15.0,0.0,14.0,151.0,0.0,-1.0,14.666666666666666,69.0,30.8,38.7,34.6125,35.7,7.900000000000002,0.0682384886067161,-0.002977937515277,0.0915584415584419,-0.0380520992505276,1.0,38.7,151.0,30.8,222.0,0.0,-1.0,33.63333333333333,24.0,0.0,0.0,0.0,0.0,0.0,0.0,0.0,0.0,0.0,0.0,0.0,0.0,0.0,0.0,0.0,2.0,1.0,53.0,135.0,1.0,0.0,-1.0,1.0,53.0,0.0,-1.0,0.0,-1.0,1.0,135.0,3.0,0.0,,,0.0,0.0,4.0,151.0,220.0,1.0,0.0,,,,,,,,,,,,,,,,,,,,,,,,,,,,,,,,,,,,,,,,,,,,,,,,,,,,,,,,,,,,,,,,,,,,,,,,,,,,,,,,,,,,,,,,,,,,,,,,,,,,,,,,,,,,,,,,,,,,,,-9.599999999999994,9.599999999999994,-0.1138790035587188,-1,-2.1,2.1,-0.1489361702127659,-1,-2.300000000000012,2.300000000000012,-0.0174374526156179,-1,-1.1999999999999886,1.1999999999999886,-0.0165289256198345,-1,-1.5,1.5,-0.0151209677419354,-1,-0.6400000000000006,0.6400000000000006,-0.017372421281216,-1,1,1,0.0714285714285714,1,0,0,0.0,0,3,0,0,0,0,,0,0,44,8,0,0,0,0,1,0,0,0,1,0,0,0,0,0,0,0,0,0,1,0,0,0,1,0,0,0,0,0,0,0,0,0,0,0,0.0,0.0,0,1,1,0,0,0,0,0,0,0,3105.612,0,,92.36666666666666,0.9126669072536988,1,1,0,0,0,0,0,0,1,,,1,59.30000000000001,11119.17,0.6391205458680819,21.730098559514783,0
E001206,2025-05-18,103.3,18.3,118.7,90.0,96.6,0,37.81,14,54,Female,White,"pmh sign for crest, aki, htn, gerd.",3,5,Walk-in,0,0,0,1,0,99.9,7.346,143.6,5.05,12.2,13.2,0,0,89.9,12.9,119.1,86.1,96.4,0,36.56,15,35.9,-13.4,-1.25,1,,,,,1,0,0,1,0,0,0,0,0,0,0,0,6,1,0,8.0,72.0,102.2,89.38750000000002,89.9,30.200000000000003,0.0990109833362019,-0.0101604244458695,0.8173913043478258,0.0108988525090384,-1.0,102.2,23.0,72.0,112.0,0.0,-1.0,89.9,39.0,12.9,21.1,17.025,12.9,8.200000000000001,0.1550635762713484,-0.0271250581475754,-0.0478260869565218,-0.045536250913092,-1.0,21.1,62.0,12.9,240.0,0.0,-1.0,12.9,-1.0,115.1,130.5,123.45,119.1,15.400000000000006,0.0413182279556068,-0.0388212072065277,-0.4695652173913059,-0.0634938834385893,1.0,130.5,62.0,115.1,142.0,0.0,-1.0,119.1,-1.0,68.7,86.1,77.675,86.1,17.39999999999999,0.072123281835242,0.0294031858585094,-0.6913043478260872,0.0614087971224885,1.0,86.1,240.0,68.7,23.0,86.1,78.0,95.9,99.7,96.925,96.4,3.799999999999997,0.0120622573650656,0.0022642980173246,-0.0217391304347834,-0.0009921497193685,1.0,99.7,112.0,95.9,62.0,0.0,-1.0,96.4,18.0,36.51,37.26,36.932500000000005,36.56,0.75,0.0071889688284108,-0.0019302480544135,-0.0160869565217393,-0.0037240288860738,-1.0,37.26,62.0,36.51,130.0,36.56,12.0,14.0,15.0,14.375,15.0,1.0,0.0336781160539775,0.0024956310740642,-1.4784027624322455e-16,0.0005270506430942,1.0,15.0,62.0,14.0,0.0,0.0,-1.0,15.0,50.0,31.2,41.6,37.45,35.9,10.400000000000002,0.0758786234359563,-0.0028288009655641,0.0173913043478258,-0.0071604915440733,-1.0,41.6,130.0,31.2,112.0,0.0,-1.0,35.9,18.0,1.0,1.0,1.0,1.0,1.0,1.0,1.0,1.0,1.0,1.0,1.0,1.0,1.0,1.0,1.0,3.0,1.0,25.0,147.0,1.0,0.0,-1.0,1.0,147.0,1.0,83.0,0.0,-1.0,1.0,25.0,7.0,0.0,-95.0,,0.0,0.0,6.0,0.0,240.0,0.0,0.0,120.0,120.0,1.0,5.93,5.93,5.93,120.0,0.0,0.0,120.0,120.0,1.0,138.5,138.5,138.5,120.0,0.0,0.0,120.0,120.0,1.0,4.17,4.17,4.17,120.0,0.0,0.0,120.0,120.0,1.0,23.9,23.9,23.9,120.0,0.0,0.0,120.0,120.0,1.0,28.0,28.0,28.0,120.0,0.0,0.0,120.0,120.0,1.0,7.362,7.362,7.362,120.0,0.0,0.0,120.0,120.0,1.0,0.024,0.024,0.024,120.0,0.0,0.0,120.0,120.0,1.0,1.85,1.85,1.85,120.0,0.0,0.0,120.0,120.0,1.0,240.6,240.6,240.6,120.0,0.0,0.0,120.0,120.0,1.0,17.5,17.5,17.5,120.0,0.0,0.0,120.0,120.0,1.0,2.61,2.61,2.61,120.0,0.0,0.0,120.0,120.0,1.0,93.5,93.5,93.5,120.0,0.0,0.0,120.0,120.0,1.0,290.2,290.2,290.2,120.0,0.0,0.0,-13.399999999999991,13.399999999999991,-0.1297192642787995,-1,-5.4,5.4,-0.2950819672131147,-1,0.3999999999999915,0.3999999999999915,0.0033698399326031,1,-3.9000000000000057,3.9000000000000057,-0.0433333333333334,-1,-0.1999999999999886,0.1999999999999886,-0.002070393374741,-1,-1.25,1.25,-0.0330600370272414,-1,1,1,0.0714285714285714,1,0,0,0.0,0,2,0,0,0,0,,0,0,35,7,0,0,0,0,1,0,0,0,1,0,0,1,0,1,1,0,1,0,0,0,0,0,0,0,0,0,0,0,0,0,0,0,0,0,0.0,0.1,0,0,0,0,0,0,0,1,0,1,3905.773,1,,99.56666666666666,1.0374958151991964,0,1,0,1,0,0,0,0,2,,,3,28.700000000000003,12261.71,0.8702611625947767,46.99410278011794,1
E002148,2025-05-20,134.3,24.3,103.7,75.7,93.6,1,37.99,10,38,Female,White,Palpitations. Festival attendee from main stage with symptom onset ~122 minutes before arrival.,3,6,EMS,0,0,0,0,0,114.3,7.355,137.3,4.88,13.5,15.8,1,1,96.3,23.9,129.1,66.8,97.5,0,37.22,12,39.0,-38.0,-0.77,2,3.24,517.1,7.364,0.027,1,1,0,0,1,0,0,0,0,0,0,2,1,0,1,8.0,95.0,132.1,110.9375,96.3,37.1,0.0992899848476842,-0.1015922539541734,-0.456612601372427,-0.060938936665044,1.0,132.1,0.0,95.0,114.0,1.0,0.0,96.3,-1.0,15.6,27.0,21.6625,23.9,11.4,0.1440309804026139,-0.0171508785370821,-0.1262632563942608,-0.0001379198442317,1.0,27.0,0.0,15.6,207.0,1.0,0.0,23.9,33.0,112.3,141.1,125.725,129.1,28.8,0.0686211252570446,0.0496365890785183,0.0292264504054899,0.0295527070149818,-1.0,141.1,99.0,112.3,41.0,0.0,-1.0,129.1,15.0,66.8,90.4,77.125,66.8,23.60000000000001,0.0961423196000424,0.0013760219357047,0.1202121023081718,0.0187895505435665,-1.0,90.4,207.0,66.8,240.0,66.8,33.0,92.2,97.5,94.8875,97.5,5.299999999999997,0.0165499157332705,0.0172496698555426,0.0607922645040547,0.0176699659256855,1.0,97.5,240.0,92.2,0.0,0.0,-1.0,97.5,-1.0,37.06,37.47,37.30125,37.22,0.4099999999999966,0.004271429252658,-0.000153378562284,-0.0072301933873986,-0.0002817891719401,-1.0,37.47,0.0,37.06,41.0,37.22,25.0,11.0,14.0,12.25,12.0,3.0,0.0790404764532125,0.0044456093307391,0.0383655645664378,0.0040835091135269,-1.0,14.0,207.0,11.0,0.0,5.0,0.0,12.0,33.0,33.8,46.7,41.25,39.0,12.900000000000006,0.0880687601805707,-0.0391596689482758,-0.0755770430442918,-0.0280734490778301,1.0,46.7,0.0,33.8,207.0,0.0,-1.0,39.0,-1.0,2.0,1.0,1.0,1.0,1.0,1.0,1.0,1.0,1.0,1.0,1.0,1.0,1.0,1.0,1.0,4.0,1.0,54.0,130.0,3.0,1.0,59.0,1.0,54.0,0.0,-1.0,0.0,-1.0,1.0,130.0,4.0,0.0,-66.0,59.0,7.0,108.0,4.0,0.0,207.0,0.0,1.0,120.0,240.0,2.0,9.15,8.06,9.15,120.0,-1.09,-0.1191256830601092,120.0,240.0,2.0,133.4,135.7,135.7,240.0,2.299999999999983,0.0172413793103447,120.0,240.0,2.0,4.05,4.15,4.15,240.0,0.1000000000000005,0.0246913580246914,120.0,240.0,2.0,17.4,22.1,22.1,240.0,4.700000000000003,0.2701149425287358,120.0,240.0,2.0,32.8,30.7,32.8,120.0,-2.099999999999998,-0.0640243902439023,120.0,240.0,2.0,7.39,7.364,7.39,120.0,-0.0259999999999998,-0.0035182679296346,120.0,240.0,2.0,0.066,0.027,0.066,120.0,-0.039,-0.5909090909090909,120.0,240.0,2.0,3.56,3.24,3.56,120.0,-0.3199999999999998,-0.0898876404494381,120.0,240.0,2.0,481.6,517.1,517.1,240.0,35.5,0.0737126245847176,120.0,240.0,2.0,17.0,14.5,17.0,120.0,-2.5,-0.1470588235294117,120.0,240.0,2.0,1.43,7.9,7.9,240.0,6.470000000000001,4.524475524475525,120.0,240.0,2.0,147.3,117.7,147.3,120.0,-29.60000000000001,-0.2009504412763069,120.0,240.0,2.0,294.5,303.5,303.5,240.0,9.0,0.030560271646859,-38.000000000000014,38.000000000000014,-0.2829486224869695,-1,-0.4000000000000021,0.4000000000000021,-0.0164609053497943,-1,25.39999999999999,25.39999999999999,0.2449373191899709,1,-8.900000000000006,8.900000000000006,-0.1175693527080582,-1,3.9000000000000057,3.9000000000000057,0.0416666666666667,1,-0.7700000000000031,0.7700000000000031,-0.0202684917083443,-1,2,2,0.2,1,-1,1,-1.0,-1,1,0,0,0,1,122.0,1,1,95,13,1,0,0,0,0,0,1,0,0,0,0,1,1,0,0,1,0,0,1,0,0,0,0,0,0,0,0,0,0,0,0,0,0,1,0.0,0.0,0,0,1,1,0,0,1,0,1,1,5102.057000000001,0,4.812184355372417,85.03333333333333,1.5793806350450803,0,3,1,3,2,1,1,0,10,1.1008196721311476,0.081967213114754,1,28.0,13926.910000000002,1.2950819672131149,49.21311475409836,2
E001286,2025-05-22,85.3,21.3,109.5,78.2,94.3,0,36.28,15,46,Female,White,"Knee Injury Reports he fell onto nail this afternoon, nail punctured right knee.",4,1,Walk-in,1,0,1,0,0,87.1,7.441,137.9,3.89,15.5,10.2,0,0,72.2,19.3,121.0,74.0,96.9,0,36.3,14,33.1,-13.1,0.02,-1,,,,,1,0,0,0,1,0,0,0,0,0,0,4,3,0,0,6.0,64.7,91.9,77.81666666666668,72.2,27.200000000000003,0.1299605470474682,-0.0601184300240119,0.1030303030303028,0.0727141946644812,-1.0,91.9,33.0,64.7,84.0,0.0,-1.0,72.2,117.0,13.8,19.3,16.133333333333333,19.3,5.5,0.1127501128069607,0.0078165298076068,-0.0727272727272727,0.0144914868433033,1.0,19.3,240.0,13.8,148.0,0.0,-1.0,19.3,53.0,114.9,140.8,126.43333333333334,121.0,25.90000000000001,0.0773815164465167,-0.016718050573622,-0.5606060606060604,0.0805772557588999,1.0,140.8,0.0,114.9,84.0,0.0,-1.0,121.0,117.0,70.2,82.8,77.19999999999999,74.0,12.599999999999994,0.057444450326641,0.0185826935048766,0.1515151515151508,-0.0446107620868615,-1.0,82.8,84.0,70.2,0.0,74.0,156.0,96.1,97.5,96.95,96.9,1.4000000000000057,0.0050090432471492,-0.0033839267186432,0.0090909090909082,-0.0026040244013478,1.0,97.5,33.0,96.1,148.0,0.0,-1.0,96.9,92.0,36.18,36.63,36.38999999999999,36.3,0.4500000000000028,0.0039948635133015,0.0004760175495805,0.0039393939393939,-0.0018022398251845,-1.0,36.63,84.0,36.18,0.0,36.3,156.0,13.0,15.0,14.333333333333334,14.0,2.0,0.0520015808720881,-0.0014525835235525,0.0303030303030302,-0.002276245106073,-1.0,15.0,33.0,13.0,148.0,0.0,-1.0,14.0,115.0,33.1,40.7,36.41666666666666,33.1,7.600000000000001,0.069040839487103,-0.0024493819108884,-0.0363636363636364,0.0085240826732221,-1.0,40.7,201.0,33.1,240.0,0.0,-1.0,33.1,-1.0,0.0,0.0,0.0,0.0,0.0,0.0,0.0,0.0,0.0,0.0,0.0,0.0,0.0,0.0,0.0,2.0,1.0,82.0,214.0,0.0,0.0,-1.0,1.0,82.0,0.0,-1.0,0.0,-1.0,0.0,-1.0,2.0,0.0,,,0.0,0.0,3.0,148.0,201.0,1.0,0.0,,,,,,,,,,,,,,,,,,,,,,,,,,,,,,,,,,,,,,,,,,,,,,,,,,,,,,,,,,,,,,,,,,,,,,,,,,,,,,,,,,,,,,,,,,,,,,,,,,,,,,,,,,,,,,,,,,,,,,-13.099999999999994,13.099999999999994,-0.1535756154747947,-1,-2.0,2.0,-0.0938967136150234,-1,11.5,11.5,0.1050228310502283,1,-4.200000000000003,4.200000000000003,-0.0537084398976982,-1,2.6000000000000085,2.6000000000000085,0.0275715800636268,1,0.019999999999996,0.019999999999996,0.0005512679162071,1,-1,1,-0.0666666666666666,-1,0,0,0.0,0,1,0,0,0,0,,0,0,80,13,0,0,0,0,1,0,0,0,1,0,0,0,0,0,0,0,0,1,0,0,0,0,0,0,0,0,0,0,0,0,0,0,0,0,0.0,0.0,0,1,1,0,0,0,0,0,0,0,3094.684,0,,88.63333333333334,0.9623918766453554,0,0,0,0,2,1,1,0,4,,,0,31.3,9340.35,0.7789954337899543,35.833789954337895,0
E000771,2025-05-22,128.1,22.5,100.1,62.8,95.4,1,37.62,9,53,Male,White,Altered mental status. Festival attendee from main stage with symptom onset ~286 minutes before arrival.,2,10,Festival Medical Tent Transfer,0,1,1,1,0,91.0,7.336,138.8,5.13,15.4,17.4,1,1,97.4,19.7,121.0,66.7,96.0,0,37.09,12,37.8,-30.7,-0.53,3,2.52,531.3,7.337,0.085,1,1,0,0,1,0,0,0,1,0,0,4,3,0,0,8.0,89.2,124.1,106.8625,97.4,34.89999999999999,0.112801458702553,-0.0721686835782614,-0.5336313617606596,-0.1347584892973219,1.0,124.1,0.0,89.2,44.0,0.0,-1.0,97.4,28.0,18.1,25.8,22.0875,19.7,7.699999999999999,0.1309332361924391,-0.0300072225579647,0.0270976616231084,-0.0334640815869103,-1.0,25.8,72.0,18.1,144.0,2.0,44.0,19.7,-1.0,88.6,133.2,115.7625,121.0,44.6,0.126360380404886,0.108915289713014,-0.2662310866574971,0.0479267062647087,1.0,133.2,89.0,88.6,44.0,1.0,44.0,121.0,5.0,61.7,79.5,73.3625,66.7,17.799999999999997,0.0834469136466059,-0.0130321477529,-0.1632737276478682,0.0048078000672416,-1.0,79.5,0.0,61.7,72.0,66.7,17.0,93.0,97.1,94.7875,96.0,4.099999999999994,0.0133388376395039,0.0121843078873282,-0.0129986244841821,0.0165583323994167,-1.0,97.1,165.0,93.0,89.0,0.0,-1.0,96.0,-1.0,37.09,37.79,37.51125,37.09,0.6999999999999957,0.0056085263904594,-0.0022818271597658,-2.134457787601569e-16,-0.0032679592065449,-1.0,37.79,44.0,37.09,240.0,37.09,-1.0,11.0,14.0,12.0,12.0,3.0,0.1020620726159657,0.0097401353124124,0.0123796423658871,0.00969404908663,-1.0,14.0,144.0,11.0,0.0,6.0,0.0,12.0,96.0,33.2,44.7,39.7375,37.8,11.5,0.0960730133987928,-0.0386117948793537,0.0378266850068774,-0.0159083267959206,1.0,44.7,49.0,33.2,165.0,0.0,-1.0,37.8,-1.0,2.0,1.0,1.0,1.0,1.0,1.0,1.0,1.0,1.0,1.0,1.0,1.0,1.0,1.0,1.0,3.0,1.0,87.0,149.0,0.0,1.0,149.0,1.0,93.0,0.0,-1.0,0.0,-1.0,0.0,-1.0,4.0,0.0,-33.0,,9.0,144.0,5.0,0.0,-1.0,0.0,0.0,120.0,240.0,2.0,11.32,9.94,11.32,120.0,-1.3800000000000008,-0.1219081272084806,120.0,240.0,2.0,139.5,133.6,139.5,120.0,-5.900000000000006,-0.0422939068100358,120.0,240.0,2.0,3.88,3.77,3.88,120.0,-0.1099999999999998,-0.0283505154639174,120.0,240.0,2.0,23.7,23.4,23.7,120.0,-0.3000000000000007,-0.0126582278481012,120.0,240.0,2.0,53.1,18.2,53.1,120.0,-34.900000000000006,-0.6572504708097929,120.0,240.0,2.0,7.366,7.337,7.366,120.0,-0.0289999999999999,-0.0039370078740157,120.0,240.0,2.0,0.108,0.085,0.108,120.0,-0.0229999999999999,-0.2129629629629629,120.0,240.0,2.0,3.47,2.52,3.47,120.0,-0.9500000000000002,-0.2737752161383285,120.0,240.0,2.0,581.1,531.3,581.1,120.0,-49.80000000000007,-0.085699535363965,120.0,240.0,2.0,9.1,25.0,25.0,240.0,15.9,1.7472527472527473,120.0,240.0,2.0,2.96,8.88,8.88,240.0,5.920000000000001,2.0000000000000004,120.0,240.0,2.0,116.2,134.3,134.3,240.0,18.10000000000001,0.1557659208261618,120.0,240.0,2.0,286.7,289.8,289.8,240.0,3.1000000000000227,0.0108126961981165,-30.69999999999999,30.69999999999999,-0.2396565183450428,-1,-2.8000000000000007,2.8000000000000007,-0.1244444444444444,-1,20.90000000000001,20.90000000000001,0.2087912087912088,1,3.9000000000000057,3.9000000000000057,0.0621019108280255,1,0.5999999999999943,0.5999999999999943,0.0062893081761005,1,-0.529999999999994,0.529999999999994,-0.014088250930356,-1,3,3,0.3333333333333333,1,-1,1,-1.0,-1,1,0,0,0,1,286.0,1,1,104,15,1,0,0,0,0,0,0,1,0,0,0,0,0,1,0,0,0,1,0,1,0,0,0,0,1,0,0,0,0,0,0,0,0,0,0.0,0.1111111111111111,0,0,0,1,0,0,1,1,1,1,4819.121999999999,1,5.659482215759621,75.23333333333333,1.7027027027027026,0,3,1,2,2,1,0,0,8,0.4479020979020979,0.0279720279720279,3,37.3,12822.81,1.2797202797202798,67.82517482517483,2
E002043,2025-05-19,91.4,16.8,97.7,64.4,97.0,0,37.36,14,38,Female,White,Chest pain. Festival attendee from main stage with symptom onset ~108 minutes before arrival.,4,6,EMS,0,1,0,0,1,98.3,7.389,140.7,4.47,13.5,12.4,1,1,90.3,17.2,107.8,68.2,94.5,0,36.73,14,34.8,-1.1,-0.63,0,1.45,20.0,7.378,0.028,0,0,0,0,0,1,0,0,0,0,0,1,0,0,1,6.0,65.6,94.1,81.73333333333333,90.3,28.5,0.1119046627497269,0.0234692474773859,-0.1100000000000007,0.027450842942764,1.0,94.1,124.0,65.6,159.0,0.0,-1.0,90.3,7.0,10.0,17.2,14.066666666666668,17.2,7.199999999999999,0.168313183479429,0.0188823906016174,-0.1949999999999999,0.0215029266411972,1.0,17.2,240.0,10.0,20.0,0.0,-1.0,17.2,104.0,107.8,132.8,121.71666666666664,107.8,25.00000000000001,0.0765179164039004,-0.0518446800237236,-0.7550000000000008,-0.2129473204584486,1.0,132.8,124.0,107.8,240.0,0.0,-1.0,107.8,-1.0,66.9,79.4,72.3,68.2,12.5,0.0599602743231408,-0.0363774907009901,0.2299999999999999,-0.0044863481826784,-1.0,79.4,20.0,66.9,124.0,68.2,35.0,94.3,99.2,97.06666666666668,94.5,4.900000000000006,0.0198582861192321,-0.012541388940168,0.0649999999999989,-0.0089481616487328,-1.0,99.2,20.0,94.3,124.0,0.0,-1.0,94.5,35.0,36.42,37.03,36.735,36.73,0.6099999999999994,0.0048562849530179,-0.0005433292615387,0.0169999999999998,0.001977848655848,-1.0,37.03,20.0,36.42,124.0,36.73,104.0,14.0,15.0,14.5,14.0,1.0,0.0344827586206896,-0.0041359481847782,-4.059923785484786e-17,-0.0018576285443903,0.0,15.0,0.0,14.0,124.0,0.0,-1.0,14.0,35.0,34.6,39.9,36.25,34.8,5.299999999999997,0.0499797818813612,-0.0081458147582257,-0.0150000000000004,-0.0343906627878447,0.0,39.9,124.0,34.6,159.0,0.0,-1.0,34.8,35.0,2.0,1.0,1.0,1.0,1.0,1.0,1.0,1.0,1.0,1.0,1.0,1.0,1.0,1.0,1.0,1.0,1.0,89.0,89.0,0.0,0.0,-1.0,0.0,-1.0,0.0,-1.0,0.0,-1.0,0.0,-1.0,0.0,0.0,89.0,,0.0,0.0,3.0,124.0,240.0,0.0,0.0,0.0,240.0,2.0,6.05,5.3,6.05,0.0,-0.75,-0.1239669421487603,0.0,240.0,2.0,143.6,135.2,143.6,0.0,-8.400000000000006,-0.0584958217270195,0.0,240.0,2.0,4.04,4.32,4.32,240.0,0.2800000000000002,0.0693069306930693,0.0,240.0,2.0,22.0,24.6,24.6,240.0,2.6000000000000014,0.1181818181818182,0.0,240.0,2.0,29.6,26.3,29.6,0.0,-3.3000000000000007,-0.1114864864864865,0.0,240.0,2.0,7.395,7.378,7.395,0.0,-0.0169999999999994,-0.0022988505747125,0.0,240.0,2.0,0.0,0.028,0.028,240.0,0.028,28000000.0,0.0,240.0,2.0,2.51,1.45,2.51,0.0,-1.0599999999999998,-0.4223107569721115,0.0,240.0,2.0,148.4,20.0,148.4,0.0,-128.4,-0.8652291105121294,0.0,240.0,2.0,19.5,4.5,19.5,0.0,-15.0,-0.7692307692307693,0.0,240.0,2.0,0.1,2.52,2.52,240.0,2.42,24.2,0.0,240.0,2.0,84.9,90.7,90.7,240.0,5.799999999999997,0.0683156654888103,0.0,240.0,2.0,291.7,286.2,291.7,0.0,-5.5,-0.0188549880013712,-1.1000000000000083,1.1000000000000083,-0.0120350109409191,-1,0.3999999999999986,0.3999999999999986,0.0238095238095237,1,10.099999999999994,10.099999999999994,0.1033776867963151,1,3.799999999999997,3.799999999999997,0.0590062111801241,1,-2.5,2.5,-0.0257731958762886,-1,-0.6300000000000026,0.6300000000000026,-0.0168629550321199,-1,0,0,0.0,0,0,0,0.0,0,2,0,0,0,0,108.0,1,1,93,14,1,0,0,0,0,0,1,0,0,0,0,0,0,0,0,0,0,0,0,0,0,0,1,0,0,0,0,0,0,0,0,0,0,0,0.0,0.0,0,0,1,0,0,0,0,0,0,1,3414.704,0,4.691347882229144,75.5,1.2105960264900664,0,1,0,1,0,2,0,0,4,0.8462962962962963,0.037037037037037,1,33.3,8929.78,0.9355168884339816,35.549641760491305,0
E000807,2025-05-20,82.0,23.7,127.8,67.8,97.9,0,37.13,14,45,Male,Black,"As per pt, swelling, throbbing and pain incresaing.",5,4,Walk-in,1,0,0,0,0,108.8,7.399,136.6,4.36,13.9,10.9,0,0,81.6,15.9,135.4,76.1,95.6,0,36.57,15,34.9,-0.4,-0.56,1,,,,,1,1,0,0,0,0,0,0,0,0,0,2,1,0,1,6.0,74.0,99.3,88.31666666666666,81.6,25.3,0.1096810004666336,-0.0754244928625094,0.0,-0.1001909301223623,1.0,99.3,179.0,74.0,225.0,0.0,-1.0,77.8,-1.0,12.5,21.6,15.41666666666667,15.9,9.1,0.195221213327199,-0.0213398447282745,0.0,0.0161119937564456,1.0,21.6,0.0,12.5,98.0,0.0,-1.0,14.65,-1.0,110.8,151.4,127.83333333333331,135.4,40.60000000000001,0.1007697022479824,0.0053493613824193,0.0,-0.0905148145051146,-1.0,151.4,98.0,110.8,179.0,0.0,-1.0,130.9,36.0,62.2,77.4,70.96666666666668,76.1,15.200000000000005,0.0751144806762021,0.0385524668169297,0.0,0.0002424951919057,-1.0,77.4,98.0,62.2,0.0,74.85,36.0,95.6,97.6,96.8,95.6,2.0,0.0067214949366195,-0.0012747307788629,0.0,-0.0072093541823452,-1.0,97.6,134.0,95.6,240.0,0.0,-1.0,96.25,91.0,36.57,37.14,36.845,36.57,0.5700000000000003,0.0053063413749537,-0.0016841973453543,0.0,-0.0021834322825207,1.0,37.14,134.0,36.57,240.0,36.68,-1.0,14.0,15.0,14.833333333333334,15.0,1.0,0.0251243592977504,-0.0019784623090408,0.0,-0.0034701898152019,1.0,15.0,0.0,14.0,225.0,0.0,-1.0,14.5,15.0,32.8,37.0,35.63333333333333,34.9,4.200000000000003,0.0420225957815083,-0.0066892061106937,0.0,-0.0019274186804915,-1.0,37.0,0.0,32.8,134.0,0.0,-1.0,35.15,45.0,0.0,0.0,0.0,0.0,0.0,0.0,0.0,0.0,0.0,0.0,0.0,0.0,0.0,0.0,0.0,2.0,1.0,82.0,168.0,0.0,1.0,168.0,1.0,82.0,0.0,-1.0,0.0,-1.0,0.0,-1.0,4.0,0.0,,,0.0,0.0,3.0,225.0,225.0,1.0,0.0,,,,,,,,,,,,,,,,,,,,,,,,,,,,,,,,,,,,,,,,,,,,,,,,,,,,,,,,,,,,,,,,,,,,,,,,,,,,,,,,,,,,,,,,,,,,,,,,,,,,,,,,,,,,,,,,,,,,,,-0.4000000000000057,0.4000000000000057,-0.0048780487804878,-1,-7.799999999999999,7.799999999999999,-0.3291139240506329,-1,7.600000000000008,7.600000000000008,0.0594679186228482,1,8.299999999999997,8.299999999999997,0.1224188790560471,1,-2.300000000000012,2.300000000000012,-0.0234933605720123,-1,-0.5600000000000023,0.5600000000000023,-0.0150821438190143,-1,1,1,0.0714285714285714,1,0,0,0.0,0,2,0,0,0,0,,0,0,51,8,0,0,0,0,1,0,0,0,1,0,0,0,0,1,0,0,0,0,0,0,1,0,0,0,0,0,0,0,0,0,0,0,0,0,0.0,0.0,0,1,1,0,0,0,0,0,0,0,3044.6600000000003,0,,87.8,0.9339407744874716,0,1,0,0,2,0,0,0,3,,,0,60.0,10479.6,0.6416275430359938,28.87323943661972,1
E001976,2025-05-21,113.0,21.8,117.3,73.0,95.4,0,37.66,14,46,Female,White,Agitation. Festival attendee from festival medical tent with symptom onset ~40 minutes before arrival.,3,4,EMS,0,0,0,1,1,109.4,7.358,139.8,4.36,12.4,15.7,1,1,111.2,12.8,129.2,82.2,95.6,0,37.43,14,44.7,-1.8,-0.23,0,2.69,256.2,7.357,0.022,0,0,0,0,0,0,1,0,0,0,0,3,2,0,1,8.0,93.7,126.1,105.5875,111.2,32.39999999999999,0.0874083104629301,-0.0113960936679616,0.4455708661417321,0.1261000083970106,1.0,126.1,52.0,93.7,155.0,0.0,-1.0,109.1,79.0,12.8,21.9,17.6,12.8,9.099999999999998,0.1748486653798763,-0.003118765095033,-0.130511811023622,-0.0199303048114871,-1.0,21.9,229.0,12.8,240.0,0.0,-1.0,17.35,-1.0,112.0,134.6,119.775,129.2,22.599999999999994,0.0645546702655913,0.066043613707165,-0.0029527559055118,0.1652888571668486,-1.0,134.6,229.0,112.0,0.0,0.0,-1.0,131.89999999999998,-1.0,69.8,85.9,78.4375,82.2,16.10000000000001,0.0732761065252203,0.0533314081696944,-0.0084645669291341,0.0059597783189184,-1.0,85.9,131.0,69.8,52.0,83.30000000000001,26.0,94.4,96.9,95.6875,95.6,2.5,0.0087971794421074,0.0008129441002485,0.0012795275590544,-0.0161201612226047,1.0,96.9,155.0,94.4,24.0,0.0,-1.0,95.05,28.0,37.05,37.58,37.33375,37.43,0.5300000000000011,0.0050056084755804,-0.0002298820399733,0.0015255905511809,-0.0021107985557142,1.0,37.58,131.0,37.05,229.0,37.24,26.0,12.0,15.0,13.25,14.0,3.0,0.0625778262331207,0.0049529209982848,0.0009842519685039,0.0007137459064573,1.0,15.0,157.0,12.0,24.0,1.0,24.0,13.5,72.0,36.4,44.7,40.6125,44.7,8.300000000000004,0.0623091980464682,0.0073059960096608,0.0478346456692915,0.0166134855991266,1.0,44.7,240.0,36.4,24.0,0.0,-1.0,41.650000000000006,28.0,2.0,1.0,1.0,1.0,1.0,1.0,1.0,1.0,1.0,1.0,1.0,1.0,1.0,1.0,1.0,1.0,1.0,221.0,221.0,0.0,0.0,-1.0,0.0,-1.0,0.0,-1.0,0.0,-1.0,1.0,221.0,3.0,0.0,221.0,,1.0,28.0,3.0,24.0,229.0,1.0,0.0,0.0,240.0,2.0,10.08,7.5,10.08,0.0,-2.58,-0.2559523809523809,0.0,240.0,2.0,134.6,135.7,135.7,240.0,1.0999999999999943,0.0081723625557206,0.0,240.0,2.0,3.51,4.55,4.55,240.0,1.04,0.2962962962962963,0.0,240.0,2.0,23.0,18.0,23.0,0.0,-5.0,-0.217391304347826,0.0,240.0,2.0,40.3,41.8,41.8,240.0,1.5,0.0372208436724565,0.0,240.0,2.0,7.324,7.357,7.357,240.0,0.0330000000000003,0.0045057345712725,0.0,240.0,2.0,0.024,0.022,0.024,0.0,-0.002,-0.0833333333333334,0.0,240.0,2.0,2.76,2.69,2.76,0.0,-0.0699999999999998,-0.0253623188405796,0.0,240.0,2.0,635.5,256.2,635.5,0.0,-379.3,-0.5968528717545241,0.0,240.0,2.0,10.6,13.9,13.9,240.0,3.3000000000000007,0.3113207547169812,0.0,240.0,2.0,3.06,6.29,6.29,240.0,3.23,1.0555555555555556,0.0,240.0,2.0,126.5,119.1,126.5,0.0,-7.400000000000006,-0.058498023715415,0.0,240.0,2.0,283.1,277.0,283.1,0.0,-6.100000000000023,-0.0215471564818086,-1.7999999999999972,1.7999999999999972,-0.0159292035398229,-1,-9.0,9.0,-0.4128440366972477,-1,11.899999999999991,11.899999999999991,0.1014492753623187,1,9.200000000000005,9.200000000000005,0.126027397260274,1,0.1999999999999886,0.1999999999999886,0.0020964360587,1,-0.2299999999999968,0.2299999999999968,-0.0061072756240041,-1,0,0,0.0,0,0,0,0.0,0,0,0,0,0,0,40.0,1,1,102,14,0,1,0,0,0,1,0,0,0,0,0,1,0,0,1,0,1,0,0,0,1,0,0,1,0,0,0,0,0,0,0,0,1,0,0.1333333333333333,0.0,0,0,1,0,0,0,0,0,0,1,4255.58,0,3.713572066704308,87.76666666666667,1.2875047474363843,0,1,1,2,2,0,0,0,5,2.825,0.125,1,44.3,13254.9,0.9633418584825236,44.31372549019608,1
E001138,2025-05-19,95.8,17.5,106.9,76.2,99.1,0,37.38,13,34,Female,Hispanic/Latino,Today c/o pain and swelling to L ankle.,5,5,Walk-in,0,0,0,0,0,110.9,7.379,139.4,4.58,12.7,9.8,0,0,66.6,13.5,140.4,70.7,99.2,0,36.3,14,37.4,-29.2,-1.08,1,,,,,0,1,0,0,0,0,0,0,0,0,0,1,0,0,1,8.0,66.6,92.3,76.4625,66.6,25.700000000000003,0.1263680777615878,-0.1121519814178854,-0.0148148148148152,-0.061272972651133,-1.0,92.3,0.0,66.6,240.0,0.0,-1.0,66.6,-1.0,9.0,15.4,12.2125,13.5,6.4,0.1912215415210494,-0.0154908637124744,-0.0407407407407406,0.0009546302544357,1.0,15.4,0.0,9.0,209.0,0.0,-1.0,13.5,31.0,112.5,140.4,129.9875,140.4,27.90000000000001,0.0680013146446843,0.0404782505904403,0.1740740740740731,0.0868217361965625,1.0,140.4,240.0,112.5,89.0,0.0,-1.0,140.4,-1.0,66.9,91.0,78.775,70.7,24.099999999999994,0.113107858439026,-0.0380918722747735,-0.5814814814814822,-0.1256995990949866,1.0,91.0,161.0,66.9,209.0,70.7,-1.0,95.8,99.2,96.9875,99.2,3.4000000000000057,0.0107205215320556,-4.947756082929248e-05,-0.0148148148148155,0.0075794863652601,1.0,99.2,240.0,95.8,209.0,0.0,-1.0,99.2,31.0,36.28,36.79,36.5025,36.3,0.509999999999998,0.0048229688080153,-0.0020220479810473,-0.0037037037037038,-0.0018282856348985,1.0,36.79,0.0,36.28,161.0,36.3,-1.0,13.0,15.0,14.125,14.0,2.0,0.0552654690123752,-0.0061932257176074,-0.037037037037037,-0.0113722065653157,1.0,15.0,0.0,13.0,179.0,0.0,-1.0,14.0,61.0,30.8,41.1,35.3375,37.4,10.3,0.0884067877767092,-0.0007095033476566,0.3814814814814815,0.000555709919422,-1.0,41.1,27.0,30.8,0.0,0.0,-1.0,37.4,81.0,0.0,0.0,0.0,0.0,0.0,0.0,0.0,0.0,0.0,0.0,0.0,0.0,0.0,0.0,0.0,1.0,1.0,119.0,119.0,0.0,1.0,119.0,0.0,-1.0,0.0,-1.0,0.0,-1.0,0.0,-1.0,4.0,0.0,,,0.0,0.0,2.0,179.0,209.0,1.0,0.0,,,,,,,,,,,,,,,,,,,,,,,,,,,,,,,,,,,,,,,,,,,,,,,,,,,,,,,,,,,,,,,,,,,,,,,,,,,,,,,,,,,,,,,,,,,,,,,,,,,,,,,,,,,,,,,,,,,,,,-29.200000000000003,29.200000000000003,-0.3048016701461378,-1,-4.0,4.0,-0.2285714285714285,-1,33.5,33.5,0.3133769878391019,1,-5.5,5.5,-0.0721784776902887,-1,0.1000000000000085,0.1000000000000085,0.0010090817356206,1,-1.0800000000000054,1.0800000000000054,-0.0288924558587481,-1,1,1,0.0769230769230769,1,0,0,0.0,0,1,0,0,0,0,,0,0,39,8,0,0,0,0,1,0,0,0,1,0,1,0,0,1,0,0,0,0,0,0,0,0,0,0,0,0,0,0,0,0,0,0,0,0,0.0,0.0,0,1,1,0,0,0,0,0,1,0,3581.0040000000004,0,,86.43333333333334,1.1083686849209409,0,2,0,1,0,1,0,0,4,,,0,30.700000000000003,10241.02,0.8961646398503273,30.46959775491113,0
E000074,2025-05-22,115.1,22.9,110.4,82.9,95.7,0,38.03,12,14,Male,White,Headache. Festival attendee from campground with symptom onset ~124 minutes before arrival.,3,6,Police,0,0,0,0,0,108.4,7.334,138.2,4.38,14.1,12.2,1,1,85.9,17.6,118.6,79.0,96.8,0,37.05,13,37.2,-29.2,-0.98,1,,,,,1,0,0,0,0,0,0,0,0,0,0,4,3,0,0,7.0,85.9,104.8,92.94285714285716,85.9,18.89999999999999,0.0646654902181451,-0.0225057276363305,0.3093023255813948,0.0108541062305856,-1.0,104.8,43.0,85.9,240.0,0.0,-1.0,85.9,54.0,15.6,23.0,18.385714285714283,17.6,7.4,0.1412774598392163,-0.0108436775955576,0.0674418604651161,0.0217723923702924,-1.0,23.0,43.0,15.6,102.0,0.0,-1.0,17.6,101.0,106.0,131.7,122.21428571428572,118.6,25.69999999999999,0.065923871771235,-0.012428647242321,-0.2534883720930238,0.0126023669550484,1.0,131.7,97.0,106.0,102.0,0.0,-1.0,118.6,59.0,71.4,91.2,81.02857142857144,79.0,19.8,0.0771159057589126,-0.0066861255290781,0.0186046511627904,-0.0098451980591992,1.0,91.2,161.0,71.4,97.0,79.0,42.0,95.1,97.7,96.2285714285714,96.8,2.6000000000000085,0.008707172386351,0.0050927424052189,-0.0069767441860464,0.0045131312094063,1.0,97.7,161.0,95.1,97.0,0.0,-1.0,96.8,42.0,37.04,37.43,37.212857142857146,37.05,0.3900000000000005,0.0035322226927401,-0.0005471996065081,-0.0009302325581396,-0.0001178343131464,-1.0,37.43,203.0,37.04,161.0,37.05,42.0,11.0,14.0,13.0,13.0,3.0,0.0712169307517347,0.0002491683601485,-0.0697674418604651,-0.0040818422201113,1.0,14.0,0.0,11.0,43.0,1.0,43.0,13.0,54.0,34.2,40.7,37.771428571428565,37.2,6.5,0.0564592525172075,-0.0119312813078426,0.0372093023255813,0.0019921443791236,-1.0,40.7,43.0,34.2,102.0,0.0,-1.0,37.2,101.0,1.0,1.0,1.0,1.0,1.0,1.0,1.0,1.0,1.0,1.0,1.0,1.0,1.0,1.0,1.0,2.0,1.0,31.0,116.0,1.0,0.0,-1.0,1.0,116.0,0.0,-1.0,0.0,-1.0,1.0,31.0,3.0,0.0,-89.0,,1.0,54.0,3.0,43.0,203.0,1.0,0.0,120.0,120.0,1.0,5.48,5.48,5.48,120.0,0.0,0.0,120.0,120.0,1.0,136.0,136.0,136.0,120.0,0.0,0.0,120.0,120.0,1.0,4.29,4.29,4.29,120.0,0.0,0.0,120.0,120.0,1.0,23.7,23.7,23.7,120.0,0.0,0.0,120.0,120.0,1.0,35.4,35.4,35.4,120.0,0.0,0.0,120.0,120.0,1.0,7.349,7.349,7.349,120.0,0.0,0.0,120.0,120.0,1.0,0.021,0.021,0.021,120.0,0.0,0.0,120.0,120.0,1.0,3.99,3.99,3.99,120.0,0.0,0.0,120.0,120.0,1.0,388.8,388.8,388.8,120.0,0.0,0.0,120.0,120.0,1.0,8.6,8.6,8.6,120.0,0.0,0.0,120.0,120.0,1.0,1.14,1.14,1.14,120.0,0.0,0.0,120.0,120.0,1.0,119.3,119.3,119.3,120.0,0.0,0.0,120.0,120.0,1.0,276.9,276.9,276.9,120.0,0.0,0.0,-29.19999999999999,29.19999999999999,-0.2536924413553431,-1,-5.299999999999997,5.299999999999997,-0.2314410480349344,-1,8.199999999999989,8.199999999999989,0.0742753623188404,1,-3.9000000000000057,3.9000000000000057,-0.0470446320868516,-1,1.0999999999999943,1.0999999999999943,0.0114942528735631,1,-0.980000000000004,0.980000000000004,-0.0257691296344991,-1,1,1,0.0833333333333333,1,0,0,0.0,0,1,0,0,0,0,124.0,1,1,91,12,0,0,1,0,0,0,1,0,0,0,1,0,0,1,0,0,0,0,0,0,0,0,1,0,0,0,0,0,0,0,0,0,0,0,0.0,0.0,0,0,0,0,1,0,1,1,1,1,4377.253,0,4.8283137373023015,92.06666666666668,1.2501810282404051,0,2,1,2,2,0,0,0,6,0.9282258064516128,0.0483870967741935,2,27.5,12707.04,1.0425724637681155,14.59601449275362,3
E000547,2025-05-22,117.3,32.4,91.4,82.3,94.3,0,37.37,12,59,Female,Other/Multiracial,Headache. Festival attendee from beach shuttle stop with symptom onset ~17 minutes before arrival.,3,6,EMS,0,1,1,0,1,111.8,7.336,136.9,4.52,14.4,15.1,1,1,102.3,19.1,136.6,77.2,93.5,0,37.21,14,44.6,-15.0,-0.16,2,2.44,424.5,7.334,0.046,1,1,0,0,0,0,0,0,0,0,0,4,3,0,0,8.0,82.1,114.9,101.2625,102.3,32.80000000000001,0.1033009608785948,-0.0482080504439424,0.0,0.063679442093342,1.0,114.9,0.0,82.1,121.0,0.0,-1.0,96.26666666666668,49.0,16.5,23.4,19.5375,19.1,6.899999999999999,0.1198434051859148,-0.0031727785157129,0.0,0.0113533408833523,-1.0,23.4,170.0,16.5,210.0,0.0,-1.0,19.433333333333334,14.0,106.2,136.6,118.7875,136.6,30.39999999999999,0.0736518537401106,0.0518606751130273,0.0,0.0862058174882285,1.0,136.6,240.0,106.2,210.0,0.0,-1.0,121.90000000000002,-1.0,66.9,80.0,73.45,77.2,13.099999999999994,0.0532629071259865,0.0278415552316175,0.0,0.0736350360612745,1.0,80.0,177.0,66.9,121.0,75.36666666666667,33.0,93.5,97.5,94.6125,93.5,4.0,0.0132796512961941,0.0022371247445905,0.0,-0.0025555820468496,-1.0,97.5,170.0,93.5,240.0,0.0,-1.0,94.6,5.0,36.98,37.81,37.37375,37.21,0.8300000000000054,0.0062606465836043,-0.0017364143750442,0.0,-0.0031024617035226,-1.0,37.81,121.0,36.98,177.0,37.336666666666666,33.0,12.0,15.0,13.25,14.0,3.0,0.0625778262331207,0.0023360525642645,0.0,0.004977051916314,1.0,15.0,177.0,12.0,170.0,1.0,170.0,13.333333333333334,33.0,36.9,44.6,41.1,44.6,7.700000000000003,0.0631432567998101,-0.0024926112321598,0.0,0.0522545747153843,1.0,44.6,240.0,36.9,170.0,0.0,-1.0,42.8,7.0,3.0,1.0,1.0,1.0,1.0,1.0,1.0,1.0,1.0,1.0,1.0,1.0,1.0,1.0,1.0,3.0,1.0,11.0,174.0,1.0,1.0,108.0,1.0,174.0,0.0,-1.0,0.0,-1.0,1.0,11.0,4.0,0.0,11.0,,1.0,5.0,5.0,170.0,210.0,1.0,0.0,0.0,240.0,3.0,6.44,10.51,10.51,240.0,4.069999999999999,0.6319875776397514,0.0,240.0,3.0,140.2,139.2,140.2,0.0,-1.0,-0.007132667617689,0.0,240.0,3.0,3.83,4.36,4.36,240.0,0.5300000000000002,0.1383812010443864,0.0,240.0,3.0,20.9,25.8,25.8,240.0,4.900000000000002,0.2344497607655503,0.0,240.0,3.0,47.5,48.5,77.0,120.0,1.0,0.0210526315789473,0.0,240.0,3.0,7.321,7.334,7.334,240.0,0.0129999999999999,0.0017757137003141,0.0,240.0,3.0,0.078,0.046,0.104,120.0,-0.032,-0.4102564102564102,0.0,240.0,3.0,2.99,2.44,3.97,120.0,-0.5500000000000003,-0.1839464882943144,0.0,240.0,3.0,711.7,424.5,711.7,0.0,-287.20000000000005,-0.4035408177602922,0.0,240.0,3.0,21.6,11.0,21.6,0.0,-10.6,-0.4907407407407407,0.0,240.0,3.0,9.76,9.42,9.76,0.0,-0.3399999999999998,-0.0348360655737704,0.0,240.0,3.0,132.6,102.3,132.6,0.0,-30.3,-0.2285067873303167,0.0,240.0,3.0,293.8,292.3,293.8,0.0,-1.5,-0.0051055139550714,-15.0,15.0,-0.1278772378516624,-1,-13.299999999999995,13.299999999999995,-0.4104938271604937,-1,45.19999999999999,45.19999999999999,0.4945295404814003,1,-5.099999999999994,5.099999999999994,-0.0619684082624543,-1,-0.7999999999999972,0.7999999999999972,-0.0084835630965005,-1,-0.1599999999999966,0.1599999999999966,-0.0042815092320041,-1,2,2,0.1666666666666666,1,0,0,0.0,0,1,0,0,0,0,17.0,1,1,98,14,0,0,0,1,0,1,0,0,0,0,1,0,0,1,1,0,0,0,0,0,0,0,1,0,0,0,0,0,0,0,0,0,0,0,0.0,0.0,0,0,0,0,0,0,0,1,1,1,4383.500999999999,0,2.8903717578961645,85.33333333333333,1.374609375,0,2,1,2,3,2,1,0,10,6.9,0.5882352941176471,2,9.100000000000009,10721.22,1.2833698030634573,75.71881838074398,2
E001672,2025-05-21,89.1,15.4,98.1,71.5,96.9,0,37.18,12,56,Male,Hispanic/Latino,Headache. Festival attendee from beach shuttle stop with symptom onset ~42 minutes before arrival.,4,4,Walk-in,0,1,0,0,0,102.2,7.344,134.9,4.27,13.1,11.0,1,1,67.2,12.4,140.2,65.4,98.1,0,37.07,13,35.7,-21.9,-0.11,1,2.23,352.3,7.449,0.005,0,1,1,0,0,0,0,0,0,0,0,3,2,0,1,6.0,67.2,103.5,84.2,67.2,36.3,0.1547410686451528,-0.0798467692548242,-1.082608695652175,-0.1462610397165371,1.0,103.5,66.0,67.2,240.0,0.0,-1.0,67.2,-1.0,9.4,17.6,13.2,12.4,8.200000000000001,0.1987583896580038,-0.00303594928792,0.2695652173913043,0.0065683008091385,-1.0,17.6,23.0,9.4,79.0,0.0,-1.0,12.4,43.0,108.1,146.2,130.23333333333332,140.2,38.1,0.0930852133881065,0.0996078022593718,0.7173913043478252,0.0158945475699403,-1.0,146.2,79.0,108.1,0.0,0.0,-1.0,140.2,-1.0,65.4,80.7,73.3,65.4,15.299999999999995,0.0651328296540348,-0.0410335257404196,0.2260869565217391,-0.0724734253530065,-1.0,80.7,66.0,65.4,240.0,65.4,13.0,95.6,100.0,97.98333333333332,98.1,4.400000000000006,0.0145460248952531,0.0017160279880646,-0.0695652173913046,0.0110132741022794,-1.0,100.0,141.0,95.6,79.0,0.0,-1.0,98.1,62.0,36.68,37.18,36.91,37.07,0.5,0.0047289903229787,0.0012550327700105,0.0030434782608692,2.9351102649596936e-05,1.0,37.18,79.0,36.68,0.0,37.07,62.0,13.0,15.0,14.0,13.0,2.0,0.0583211843519804,-0.0059937196242198,0.0434782608695651,-0.0064255116611137,-1.0,15.0,23.0,13.0,79.0,0.0,-1.0,13.0,56.0,35.6,39.5,36.71666666666667,35.7,3.899999999999999,0.0386904082385111,-0.0041656351388327,0.0217391304347823,-0.0184885504257231,-1.0,39.5,66.0,35.6,141.0,0.0,-1.0,35.7,13.0,1.0,1.0,1.0,1.0,1.0,1.0,1.0,1.0,1.0,1.0,1.0,1.0,1.0,1.0,1.0,2.0,1.0,116.0,159.0,0.0,1.0,116.0,0.0,-1.0,0.0,-1.0,1.0,159.0,0.0,-1.0,5.0,0.0,-124.0,,0.0,0.0,4.0,79.0,240.0,0.0,0.0,240.0,240.0,1.0,6.78,6.78,6.78,240.0,0.0,0.0,240.0,240.0,1.0,139.3,139.3,139.3,240.0,0.0,0.0,240.0,240.0,1.0,4.84,4.84,4.84,240.0,0.0,0.0,240.0,240.0,1.0,20.5,20.5,20.5,240.0,0.0,0.0,240.0,240.0,1.0,13.9,13.9,13.9,240.0,0.0,0.0,240.0,240.0,1.0,7.449,7.449,7.449,240.0,0.0,0.0,240.0,240.0,1.0,0.005,0.005,0.005,240.0,0.0,0.0,240.0,240.0,1.0,2.23,2.23,2.23,240.0,0.0,0.0,240.0,240.0,1.0,352.3,352.3,352.3,240.0,0.0,0.0,240.0,240.0,1.0,10.3,10.3,10.3,240.0,0.0,0.0,240.0,240.0,1.0,5.88,5.88,5.88,240.0,0.0,0.0,240.0,240.0,1.0,113.3,113.3,113.3,240.0,0.0,0.0,240.0,240.0,1.0,298.2,298.2,298.2,240.0,0.0,0.0,-21.89999999999999,21.89999999999999,-0.2457912457912457,-1,-3.0,3.0,-0.1948051948051948,-1,42.1,42.1,0.4291539245667686,1,-6.099999999999994,6.099999999999994,-0.0853146853146852,-1,1.1999999999999886,1.1999999999999886,0.0123839009287924,1,-0.1099999999999994,0.1099999999999994,-0.0029585798816567,-1,1,1,0.0833333333333333,1,0,0,0.0,0,0,0,0,0,0,42.0,1,1,98,14,0,0,0,1,0,1,0,0,0,0,0,0,0,0,0,0,0,1,0,0,0,0,1,0,0,0,0,0,0,0,0,0,0,0,0.0,0.0,0,1,0,0,0,0,0,1,1,0,3312.738,0,3.7612001156935615,80.36666666666666,1.1086686022397343,1,2,0,0,0,2,0,0,4,2.1214285714285714,0.0952380952380952,2,26.599999999999994,8740.71,0.908256880733945,50.86238532110092,0
E002186,2025-05-20,111.3,19.2,109.7,71.0,94.4,0,38.02,15,33,Female,Native American,Shortness of breath. Festival attendee from main stage with symptom onset ~146 minutes before arrival.,4,8,Walk-in,0,0,0,0,0,83.9,7.343,140.4,4.51,16.5,11.4,1,1,98.4,20.4,124.3,72.4,97.2,0,37.25,14,34.6,-12.9,-0.77,-1,1.99,465.5,7.34,0.033,0,1,0,0,0,0,0,0,0,0,0,2,1,0,1,9.0,80.3,115.4,95.5,98.4,35.10000000000001,0.0923381055044818,0.0263147309094927,0.0445273631840804,0.0516785941256112,-1.0,115.4,188.0,80.3,156.0,0.0,-1.0,98.4,52.0,14.0,23.2,17.98888888888889,20.4,9.2,0.1439491302618147,0.0041105094485578,0.1890547263681592,0.0131538227736177,-1.0,23.2,48.0,14.0,0.0,0.0,-1.0,20.4,13.0,103.9,146.1,122.92222222222222,124.3,42.19999999999999,0.088280236335342,-0.0230582384793897,0.3156716417910451,0.0520364178939514,-1.0,146.1,33.0,103.9,61.0,0.0,-1.0,124.3,15.0,59.2,87.0,76.84444444444445,72.4,27.8,0.0944640102551519,0.0232677643938557,0.4109452736318407,-0.0337694454422371,-1.0,87.0,116.0,59.2,0.0,72.4,124.0,95.2,97.3,96.46666666666668,97.2,2.0999999999999943,0.007554668662431,0.0042296386341032,-0.0425373134328359,0.0072366057859689,1.0,97.3,0.0,95.2,48.0,0.0,-1.0,97.2,68.0,36.9,37.6,37.29,37.25,0.7000000000000028,0.0050928468877247,-0.0009363023538512,-0.0022636815920399,-0.0010046696692548,1.0,37.6,71.0,36.9,116.0,37.25,40.0,13.0,15.0,13.666666666666666,14.0,2.0,0.048780487804878,-0.0045087855011603,-0.0223880597014926,0.0009809068552955,1.0,15.0,0.0,13.0,71.0,0.0,-1.0,14.0,169.0,33.9,38.5,36.52222222222223,34.6,4.600000000000001,0.0442587528905831,-0.0058419714885623,0.0248756218905471,-0.0086333618855516,-1.0,38.5,48.0,33.9,71.0,0.0,-1.0,34.6,45.0,3.0,1.0,1.0,1.0,1.0,1.0,1.0,1.0,1.0,1.0,1.0,1.0,1.0,1.0,1.0,1.0,1.0,216.0,216.0,0.0,1.0,216.0,0.0,-1.0,0.0,-1.0,0.0,-1.0,0.0,-1.0,4.0,0.0,216.0,,0.0,0.0,6.0,71.0,188.0,1.0,0.0,0.0,240.0,3.0,9.02,6.95,12.72,120.0,-2.0699999999999994,-0.2294900221729489,0.0,240.0,3.0,142.4,140.5,144.6,120.0,-1.9000000000000057,-0.0133426966292135,0.0,240.0,3.0,4.75,4.27,4.75,0.0,-0.4800000000000004,-0.1010526315789474,0.0,240.0,3.0,21.1,23.3,25.5,120.0,2.2,0.1042654028436018,0.0,240.0,3.0,26.4,30.5,30.5,240.0,4.100000000000001,0.1553030303030303,0.0,240.0,3.0,7.342,7.34,7.357,120.0,-0.0019999999999997,-0.0002724053391446,0.0,240.0,3.0,0.029,0.033,0.033,240.0,0.004,0.1379310344827586,0.0,240.0,3.0,2.53,1.99,2.58,120.0,-0.5399999999999998,-0.2134387351778655,0.0,240.0,3.0,378.6,465.5,465.6,120.0,86.89999999999998,0.2295298468040147,0.0,240.0,3.0,15.3,13.5,20.7,120.0,-1.8000000000000007,-0.1176470588235294,0.0,240.0,3.0,1.45,5.24,6.58,120.0,3.79,2.613793103448276,0.0,240.0,3.0,93.0,93.7,96.9,120.0,0.7000000000000028,0.0075268817204301,0.0,240.0,3.0,292.5,295.2,295.2,240.0,2.6999999999999886,0.0092307692307691,-12.899999999999991,12.899999999999991,-0.1159029649595686,-1,1.1999999999999993,1.1999999999999993,0.0624999999999999,1,14.599999999999994,14.599999999999994,0.1330902461257975,1,1.4000000000000057,1.4000000000000057,0.019718309859155,1,2.799999999999997,2.799999999999997,0.0296610169491525,1,-0.7700000000000031,0.7700000000000031,-0.0202524986849027,-1,-1,1,-0.0666666666666666,-1,0,0,0.0,0,2,0,0,0,0,146.0,1,1,102,15,1,0,0,0,0,0,1,0,0,0,1,0,0,0,1,0,0,0,0,0,0,0,1,0,0,0,0,0,0,0,0,0,0,0,0.0,0.0,0,1,0,0,1,0,0,1,0,0,4231.626,0,4.990432586778736,83.9,1.32657926102503,0,0,0,2,0,1,1,0,4,0.7623287671232877,0.0273972602739726,1,38.7,12209.61,1.014585232452142,33.48131267092069,2
E001330,2025-05-22,74.9,18.2,108.8,87.4,98.0,0,37.39,14,29,Male,White,General weakness. Festival attendee from beach shuttle stop with symptom onset ~230 minutes before arrival.,5,2,Walk-in,0,0,0,0,0,135.6,7.394,131.3,4.78,16.0,8.1,1,1,85.9,15.5,118.7,72.9,98.2,0,36.78,15,37.1,11.0,-0.61,1,,,,,1,0,0,0,0,0,0,0,0,0,0,4,3,0,0,8.0,84.6,91.6,87.6625,85.9,7.0,0.0278953019162186,-0.0067231581083823,0.0737878294825898,-0.028653269423013,-1.0,91.6,65.0,84.6,132.0,0.0,-1.0,85.9,67.0,11.1,21.1,15.7375,15.5,10.000000000000002,0.1839151158503853,-0.0184696569920844,-0.0740481614057924,0.009928741701484,1.0,21.1,0.0,11.1,142.0,0.0,-1.0,15.5,-1.0,112.9,139.6,122.425,118.7,26.69999999999999,0.0695655686479508,-0.0655317637507613,-0.2689228766677516,0.0321918334913999,1.0,139.6,0.0,112.9,65.0,0.0,-1.0,118.7,-1.0,63.5,86.5,75.3125,72.9,23.0,0.0903378872246773,-0.0308123604627563,-0.2208753660917672,-0.0138799887217082,1.0,86.5,0.0,63.5,51.0,72.9,8.0,96.8,99.2,97.7625,98.2,2.4000000000000057,0.0082932349664654,-0.0005733712198093,-0.0401561991539217,0.0032194396739546,1.0,99.2,0.0,96.8,59.0,0.0,-1.0,98.2,83.0,36.66,37.14,36.85,36.78,0.480000000000004,0.0036433437129165,0.0004822914552465,-0.0014952814838922,-0.0003114346499885,-1.0,37.14,132.0,36.66,59.0,36.78,10.0,13.0,15.0,14.25,15.0,2.0,0.0581863998307964,0.0048964887355388,0.0039049788480312,0.0066772614256785,1.0,15.0,59.0,13.0,51.0,0.0,-1.0,15.0,8.0,29.4,39.9,36.1625,37.1,10.5,0.1013390977401039,-0.0122234625532779,-0.0909534656687277,-0.0064209366108732,1.0,39.9,51.0,29.4,143.0,1.0,143.0,37.1,97.0,0.0,0.0,0.0,0.0,0.0,0.0,0.0,0.0,0.0,0.0,0.0,0.0,0.0,0.0,0.0,1.0,1.0,139.0,139.0,0.0,0.0,-1.0,1.0,139.0,0.0,-1.0,0.0,-1.0,0.0,-1.0,2.0,0.0,,,1.0,97.0,3.0,51.0,240.0,0.0,0.0,,,,,,,,,,,,,,,,,,,,,,,,,,,,,,,,,,,,,,,,,,,,,,,,,,,,,,,,,,,,,,,,,,,,,,,,,,,,,,,,,,,,,,,,,,,,,,,,,,,,,,,,,,,,,,,,,,,,,,11.0,11.0,0.1468624833110814,1,-2.7,2.7,-0.1483516483516483,-1,9.900000000000006,9.900000000000006,0.0909926470588235,1,-14.5,14.5,-0.165903890160183,-1,0.2000000000000028,0.2000000000000028,0.0020408163265306,1,-0.6099999999999994,0.6099999999999994,-0.0163145225996255,-1,1,1,0.0714285714285714,1,0,0,0.0,0,2,0,0,0,0,230.0,1,1,107,15,0,0,0,1,0,0,0,1,0,0,0,0,0,0,1,0,0,0,0,0,0,0,0,0,0,0,0,0,0,0,0,0,0,0,0.0,0.0,0,1,1,0,0,0,0,0,0,0,2800.5110000000004,0,5.442417710521793,94.53333333333332,0.7923131170662905,1,1,0,0,0,1,0,0,2,0.3256521739130435,0.008695652173913,1,21.39999999999999,8149.120000000001,0.6884191176470589,19.964154411764707,0
E001213,2025-05-22,91.2,26.4,141.4,72.2,94.4,0,37.31,14,24,Male,Hispanic/Latino,Shortness of breath. Festival attendee from campground with symptom onset ~166 minutes before arrival.,4,4,EMS,0,0,0,0,1,106.6,7.388,137.3,3.75,13.8,6.1,1,1,81.4,18.6,139.2,83.0,95.2,0,36.75,15,41.8,-9.8,-0.56,1,,,,,1,0,0,0,1,0,0,0,0,0,0,4,3,0,0,9.0,66.2,96.5,85.02222222222221,81.4,30.3,0.0967870634646833,-0.0014738173362743,0.0,0.1096406201286738,1.0,96.5,0.0,66.2,87.0,0.0,-1.0,87.59999999999998,45.0,12.7,18.6,15.22222222222222,18.6,5.900000000000002,0.1233598237620329,0.0156174846518853,0.0,0.0185485928067341,1.0,18.6,240.0,12.7,160.0,0.0,-1.0,17.066666666666666,-1.0,113.3,140.4,132.73333333333332,139.2,27.10000000000001,0.0715980637825581,0.1067496850711264,0.0,0.1245387296998552,1.0,140.4,160.0,113.3,87.0,0.0,-1.0,138.36666666666665,-1.0,72.5,87.6,79.93333333333334,83.0,15.099999999999994,0.0691766066229439,-0.047506709354259,0.0,-0.0513745996655614,1.0,87.6,87.0,72.5,160.0,78.39999999999999,80.0,95.2,98.0,96.51111111111112,95.2,2.799999999999997,0.0087436507234849,-0.0001117810783763,0.0,-0.0033557237196383,-1.0,98.0,222.0,95.2,240.0,0.0,-1.0,96.66666666666669,18.0,36.68,36.96,36.806666666666665,36.75,0.2800000000000011,0.0026712336902286,-0.0002877678140201,0.0,0.0001938610662358,-1.0,36.96,210.0,36.68,132.0,36.86333333333334,78.0,13.0,15.0,14.444444444444445,15.0,2.0,0.0474185692536075,0.0041998814971195,0.0,0.0062352974520307,0.0,15.0,132.0,13.0,160.0,0.0,-1.0,15.0,28.0,32.1,44.6,38.0,41.8,12.5,0.0919003568681319,-0.0049270808956428,0.0,-0.0045631040444406,1.0,44.6,132.0,32.1,163.0,0.0,-1.0,38.16666666666666,17.0,1.0,1.0,1.0,1.0,1.0,1.0,1.0,1.0,1.0,1.0,1.0,1.0,1.0,1.0,1.0,2.0,1.0,50.0,132.0,1.0,0.0,-1.0,1.0,50.0,0.0,-1.0,0.0,-1.0,0.0,-1.0,2.0,0.0,-70.0,,0.0,0.0,4.0,160.0,180.0,1.0,0.0,120.0,120.0,1.0,8.48,8.48,8.48,120.0,0.0,0.0,120.0,120.0,1.0,142.1,142.1,142.1,120.0,0.0,0.0,120.0,120.0,1.0,3.74,3.74,3.74,120.0,0.0,0.0,120.0,120.0,1.0,20.8,20.8,20.8,120.0,0.0,0.0,120.0,120.0,1.0,35.9,35.9,35.9,120.0,0.0,0.0,120.0,120.0,1.0,7.423,7.423,7.423,120.0,0.0,0.0,120.0,120.0,1.0,0.004,0.004,0.004,120.0,0.0,0.0,120.0,120.0,1.0,2.13,2.13,2.13,120.0,0.0,0.0,120.0,120.0,1.0,440.1,440.1,440.1,120.0,0.0,0.0,120.0,120.0,1.0,13.0,13.0,13.0,120.0,0.0,0.0,120.0,120.0,1.0,0.1,0.1,0.1,120.0,0.0,0.0,120.0,120.0,1.0,126.5,126.5,126.5,120.0,0.0,0.0,120.0,120.0,1.0,280.0,280.0,280.0,120.0,0.0,0.0,-9.799999999999995,9.799999999999995,-0.1074561403508771,-1,-7.799999999999997,7.799999999999997,-0.2954545454545453,-1,-2.200000000000017,2.200000000000017,-0.0155586987270156,-1,10.799999999999995,10.799999999999995,0.149584487534626,1,0.7999999999999972,0.7999999999999972,0.0084745762711864,1,-0.5600000000000023,0.5600000000000023,-0.0150093808630394,-1,1,1,0.0714285714285714,1,0,0,0.0,0,2,0,0,0,0,166.0,1,1,102,14,0,0,1,0,0,0,1,0,0,0,0,1,0,0,0,0,0,0,0,0,0,0,0,0,0,0,0,0,0,0,0,0,0,0,0.0,0.0,0,1,1,0,0,0,0,0,0,0,3402.6720000000005,0,5.117993812416755,95.26666666666668,0.9573128061581526,0,1,1,1,3,0,1,0,6,0.5493975903614458,0.036144578313253,0,69.2,12895.68,0.6449787835926449,15.479490806223478,2
E000949,2025-05-20,106.4,19.5,115.6,62.4,95.1,0,37.74,13,45,Male,White,Arm pain,4,7,Walk-in,0,0,1,0,1,112.9,7.41,138.4,4.39,14.3,12.5,0,0,84.9,15.8,125.4,71.4,96.2,0,36.8,14,41.0,-21.5,-0.94,1,1.57,220.7,7.387,0.012,1,1,1,0,0,0,0,0,0,0,0,2,1,0,1,7.0,82.9,105.3,90.85714285714286,84.9,22.39999999999999,0.0815120787287358,-0.0834687198323562,0.0,-0.0530715396578537,1.0,105.3,0.0,82.9,170.0,0.0,-1.0,84.9,27.0,14.5,18.4,16.371428571428574,15.8,3.899999999999999,0.0722521519877293,-0.0086094040639495,0.0,0.0114363474783381,1.0,18.4,0.0,14.5,137.0,0.0,-1.0,15.8,33.0,118.1,125.4,121.52857142857142,125.4,7.300000000000011,0.0179294002256378,0.0082413097564612,0.0,0.055371028660298,1.0,125.4,240.0,118.1,137.0,0.0,-1.0,125.4,-1.0,62.4,85.9,75.34285714285714,71.4,23.500000000000007,0.0994244173544185,0.0648717163868678,0.0,-0.0126638524772269,-1.0,85.9,204.0,62.4,0.0,71.4,36.0,96.2,98.7,97.0,96.2,2.5,0.0084474994990868,0.0001813001813001,0.0,0.0010997556098645,1.0,98.7,197.0,96.2,240.0,0.0,-1.0,96.2,7.0,36.8,37.23,36.97857142857144,36.8,0.4299999999999997,0.0035742811686213,-0.0005888331645908,0.0,-0.0019578982448343,-1.0,37.23,170.0,36.8,240.0,36.8,-1.0,14.0,15.0,14.285714285714286,14.0,1.0,0.0316227766016837,0.0014048801927589,0.0,-0.0004443457009553,-1.0,15.0,170.0,14.0,0.0,0.0,-1.0,14.0,12.0,35.2,41.0,39.05714285714286,41.0,5.799999999999997,0.0463670459847716,0.0023439523439522,0.0,0.0030104421239725,1.0,41.0,240.0,35.2,204.0,0.0,-1.0,41.0,36.0,2.0,1.0,1.0,1.0,1.0,1.0,1.0,1.0,1.0,1.0,1.0,1.0,1.0,1.0,1.0,4.0,1.0,122.0,213.0,0.0,1.0,213.0,1.0,176.0,0.0,-1.0,1.0,122.0,1.0,136.0,5.0,0.0,2.0,,0.0,0.0,2.0,0.0,182.0,1.0,0.0,120.0,240.0,2.0,8.11,8.77,8.77,240.0,0.6600000000000001,0.0813810110974106,120.0,240.0,2.0,139.9,143.3,143.3,240.0,3.4000000000000057,0.0243030736240171,120.0,240.0,2.0,4.11,4.59,4.59,240.0,0.4799999999999995,0.1167883211678831,120.0,240.0,2.0,21.4,23.2,23.2,240.0,1.8000000000000007,0.0841121495327103,120.0,240.0,2.0,21.3,48.3,48.3,240.0,27.0,1.2676056338028168,120.0,240.0,2.0,7.328,7.387,7.387,240.0,0.0589999999999992,0.008051310043668,120.0,240.0,2.0,0.025,0.012,0.025,120.0,-0.013,-0.52,120.0,240.0,2.0,1.78,1.57,1.78,120.0,-0.2099999999999999,-0.1179775280898876,120.0,240.0,2.0,401.2,220.7,401.2,120.0,-180.5,-0.4499002991026919,120.0,240.0,2.0,12.1,17.5,17.5,240.0,5.4,0.4462809917355372,120.0,240.0,2.0,4.84,0.76,4.84,120.0,-4.08,-0.8429752066115703,120.0,240.0,2.0,106.7,91.1,106.7,120.0,-15.600000000000009,-0.1462043111527648,120.0,240.0,2.0,287.3,288.6,288.6,240.0,1.3000000000000114,0.004524886877828,-21.5,21.5,-0.2020676691729323,-1,-3.6999999999999993,3.6999999999999993,-0.1897435897435897,-1,9.800000000000011,9.800000000000011,0.0847750865051904,1,9.000000000000007,9.000000000000007,0.1442307692307693,1,1.1000000000000083,1.1000000000000083,0.0115667718191378,1,-0.9400000000000048,0.9400000000000048,-0.0249072602013779,-1,1,1,0.0769230769230769,1,0,0,0.0,0,1,0,0,0,0,,0,0,8,2,0,0,0,0,1,0,0,0,1,0,0,0,0,0,1,0,0,0,0,0,0,0,0,0,0,0,0,0,0,0,0,0,1,0,0.2,0.0,0,0,1,0,0,0,0,0,1,1,4015.536000000001,0,,80.13333333333333,1.3277870216306158,0,2,0,1,0,0,0,0,3,,,1,53.2,12299.84,0.9204152249134948,41.41868512110727,1
E000786,2025-05-19,125.5,29.6,126.6,66.5,94.8,0,37.75,12,14,Male,Black,Syncope. Festival attendee from main stage with symptom onset ~229 minutes before arrival.,1,5,EMS,1,0,0,0,1,110.9,7.287,134.4,5.0,14.1,13.4,1,1,92.0,18.5,143.3,60.1,92.9,1,37.58,11,38.7,-33.5,-0.17,-1,1.77,673.4,7.358,0.11,0,1,1,0,0,0,0,0,0,0,1,1,0,0,1,9.0,89.6,138.1,109.91111111111113,92.0,48.5,0.1401863603316211,-0.0769968732234223,0.0,-0.1093602749984885,-1.0,138.1,86.0,89.6,125.0,2.0,86.0,99.35,48.0,16.3,21.9,19.633333333333333,18.5,5.599999999999998,0.0899349584933719,-0.0034963047185901,0.0,0.0004609666810863,-1.0,21.9,173.0,16.3,125.0,0.0,-1.0,19.3,48.0,96.6,143.3,120.93333333333334,143.3,46.70000000000002,0.1276997581620341,0.0549003741128573,0.0,0.0796881613895051,1.0,143.3,240.0,96.6,181.0,0.0,-1.0,128.25,-1.0,60.1,86.1,72.45555555555556,60.1,26.0,0.1175811030008131,-0.0550560252342789,0.0,-0.0996260169408745,1.0,86.1,125.0,60.1,240.0,60.7,19.0,92.9,95.6,94.35555555555555,92.9,2.6999999999999886,0.0091457785393064,0.0008380861559901,0.0,-0.0017108329495821,-1.0,95.6,86.0,92.9,240.0,0.0,-1.0,94.25,39.0,37.34,37.89,37.64,37.58,0.5499999999999972,0.0038234206774571,-8.850794989831595e-05,0.0,1.4373229511118404e-05,-1.0,37.89,69.0,37.34,86.0,37.63,39.0,11.0,13.0,12.0,11.0,2.0,0.0392837100659193,-0.0012172422013974,0.0,-0.0021955224366578,-1.0,13.0,181.0,11.0,240.0,8.0,0.0,11.5,48.0,37.4,46.5,40.65555555555556,38.7,9.1,0.0728657634565065,-0.0165024574079847,0.0,0.0041352106910778,1.0,46.5,0.0,37.4,69.0,0.0,-1.0,38.95,17.0,3.0,1.0,1.0,1.0,1.0,1.0,1.0,1.0,1.0,1.0,1.0,1.0,1.0,1.0,1.0,2.0,1.0,126.0,203.0,0.0,1.0,203.0,0.0,-1.0,0.0,-1.0,1.0,126.0,0.0,-1.0,5.0,0.0,126.0,117.0,10.0,181.0,6.0,240.0,181.0,1.0,0.0,0.0,240.0,3.0,12.55,10.54,12.55,0.0,-2.0100000000000016,-0.1601593625498009,0.0,240.0,3.0,140.4,137.7,140.4,0.0,-2.700000000000017,-0.0192307692307693,0.0,240.0,3.0,4.86,3.94,5.46,120.0,-0.9200000000000004,-0.1893004115226338,0.0,240.0,3.0,18.0,19.3,21.5,120.0,1.3000000000000007,0.0722222222222222,0.0,240.0,3.0,9.0,51.0,58.8,120.0,42.0,4.666666666666667,0.0,240.0,3.0,7.241,7.358,7.358,240.0,0.1169999999999999,0.0161579892280071,0.0,240.0,3.0,0.095,0.11,0.11,240.0,0.015,0.1578947368421052,0.0,240.0,3.0,3.49,1.77,3.49,0.0,-1.7200000000000002,-0.492836676217765,0.0,240.0,3.0,679.7,673.4,679.7,0.0,-6.300000000000068,-0.0092687950566427,0.0,240.0,3.0,25.1,19.4,25.1,0.0,-5.700000000000003,-0.2270916334661355,0.0,240.0,3.0,2.68,5.55,8.2,120.0,2.87,1.0708955223880594,0.0,240.0,3.0,121.4,114.9,140.6,120.0,-6.5,-0.0535420098846787,0.0,240.0,3.0,302.7,289.2,302.7,0.0,-13.5,-0.0445986124876114,-33.5,33.5,-0.2669322709163346,-1,-11.1,11.1,-0.375,-1,16.700000000000017,16.700000000000017,0.1319115323854661,1,-6.399999999999999,6.399999999999999,-0.0962406015037593,-1,-1.899999999999992,1.899999999999992,-0.0200421940928269,-1,-0.1700000000000017,0.1700000000000017,-0.0045033112582781,-1,-1,1,-0.0833333333333333,-1,1,1,1000000.0,1,2,0,0,1,0,229.0,1,1,90,13,1,0,0,0,0,0,0,1,0,0,0,0,1,0,0,1,0,1,0,1,0,0,0,0,1,0,0,0,0,0,0,0,0,0,0.0,0.0,0,0,0,1,0,0,1,1,1,1,4737.625,0,5.438079308923196,86.53333333333333,1.4503081664098612,1,2,1,2,3,0,1,0,8,0.5480349344978166,0.0349344978165938,3,60.1,15888.3,0.9913112164297,13.8783570300158,2
E000267,2025-05-18,104.0,20.4,135.4,87.8,97.2,0,37.76,14,43,Non-binary,White,Agitation. Community patient from shopping area with symptom onset ~31 minutes before arrival.,3,4,Walk-in,0,0,0,0,0,109.4,7.353,137.4,4.84,14.9,13.2,0,0,91.0,22.8,117.8,72.0,96.6,0,37.26,14,42.6,-13.0,-0.5,0,0.94,185.3,7.33,0.037,0,0,0,0,0,0,0,0,0,0,0,0,6,1,0,6.0,86.2,97.8,90.68333333333334,91.0,11.599999999999994,0.0406989514651614,0.0173617938539996,0.0,-0.0229302781407508,-1.0,97.8,140.0,86.2,0.0,0.0,-1.0,91.0,20.0,14.5,22.8,18.4,22.8,8.3,0.1466384517742613,0.023510422964696,0.0,0.0675168004480119,1.0,22.8,240.0,14.5,118.0,0.0,-1.0,22.8,-1.0,110.8,159.9,126.39999999999998,117.8,49.10000000000001,0.1271799904595644,0.0072963381614575,0.0,-0.1751610042934487,-1.0,159.9,140.0,110.8,160.0,0.0,-1.0,117.8,20.0,60.9,91.9,75.73333333333333,72.0,31.000000000000007,0.1385556109829342,-0.0496317131515995,0.0,-0.0617579802128057,1.0,91.9,160.0,60.9,175.0,72.0,65.0,94.5,99.5,96.83333333333331,96.6,5.0,0.0155782561087569,-0.0145222260192948,0.0,-0.0018783834235582,1.0,99.5,0.0,94.5,160.0,0.0,-1.0,96.6,-1.0,36.52,37.47,37.00333333333334,37.26,0.9499999999999956,0.0087967250631356,0.0027580768118609,0.0,0.0058598562628335,1.0,37.47,175.0,36.52,118.0,37.26,-1.0,13.0,15.0,14.0,14.0,2.0,0.0412393049421161,0.004416287689598,0.0,-0.0031034160910957,-1.0,15.0,140.0,13.0,0.0,0.0,-1.0,14.0,20.0,33.2,42.6,39.58333333333333,42.6,9.4,0.07915901454975,-0.0012465497752424,0.0,0.020981892850476,1.0,42.6,240.0,33.2,175.0,0.0,-1.0,42.6,65.0,1.0,1.0,1.0,1.0,1.0,1.0,1.0,1.0,1.0,1.0,1.0,1.0,1.0,1.0,1.0,1.0,1.0,223.0,223.0,0.0,0.0,-1.0,0.0,-1.0,0.0,-1.0,0.0,-1.0,1.0,223.0,3.0,0.0,-17.0,,0.0,0.0,2.0,0.0,240.0,0.0,0.0,240.0,240.0,1.0,7.21,7.21,7.21,240.0,0.0,0.0,240.0,240.0,1.0,144.5,144.5,144.5,240.0,0.0,0.0,240.0,240.0,1.0,4.23,4.23,4.23,240.0,0.0,0.0,240.0,240.0,1.0,23.5,23.5,23.5,240.0,0.0,0.0,240.0,240.0,1.0,20.6,20.6,20.6,240.0,0.0,0.0,240.0,240.0,1.0,7.33,7.33,7.33,240.0,0.0,0.0,240.0,240.0,1.0,0.037,0.037,0.037,240.0,0.0,0.0,240.0,240.0,1.0,0.94,0.94,0.94,240.0,0.0,0.0,240.0,240.0,1.0,185.3,185.3,185.3,240.0,0.0,0.0,240.0,240.0,1.0,4.3,4.3,4.3,240.0,0.0,0.0,240.0,240.0,1.0,5.81,5.81,5.81,240.0,0.0,0.0,240.0,240.0,1.0,92.7,92.7,92.7,240.0,0.0,0.0,240.0,240.0,1.0,287.3,287.3,287.3,240.0,0.0,0.0,-13.0,13.0,-0.125,-1,2.400000000000002,2.400000000000002,0.1176470588235295,1,-17.60000000000001,17.60000000000001,-0.1299852289512556,-1,-15.799999999999995,15.799999999999995,-0.1799544419134396,-1,-0.6000000000000085,0.6000000000000085,-0.0061728395061729,-1,-0.5,0.5,-0.0132415254237288,-1,0,0,0.0,0,0,0,0.0,0,2,0,0,0,0,31.0,1,0,94,13,0,0,0,0,1,1,0,0,0,0,0,0,0,0,1,0,1,0,0,0,1,0,0,0,0,0,0,0,0,0,0,1,1,0,0.1428571428571428,0.0,0,0,1,0,0,0,0,0,0,1,3927.04,0,3.4657359027997265,103.66666666666669,1.0032154340836013,0,1,0,1,1,0,0,0,3,3.3548387096774195,0.0967741935483871,1,47.60000000000001,14081.6,0.7680945347119645,33.028064992614475,1
E001282,2025-05-19,100.8,17.1,137.4,72.9,96.0,0,37.69,15,20,Male,Black,Altered mental status. Festival attendee from campground with symptom onset ~120 minutes before arrival.,5,3,EMS,1,0,0,0,0,129.5,7.4,139.5,4.02,13.2,10.0,1,1,70.8,13.6,145.3,71.3,95.3,0,36.75,15,39.3,-30.0,-0.94,0,,,,,1,1,0,0,0,1,0,0,0,0,0,1,0,0,1,8.0,70.8,102.4,89.7625,70.8,31.60000000000001,0.1046065643797371,-0.0717384151986676,0.34197247706422,-0.1215735744737543,-1.0,102.4,48.0,70.8,240.0,0.0,-1.0,70.8,18.0,8.8,18.9,15.0375,13.6,10.099999999999998,0.1961744649596194,-0.0156932007437124,0.0024082568807339,0.0025346389555022,1.0,18.9,0.0,8.8,87.0,0.0,-1.0,13.6,1.0,113.6,145.3,130.3125,145.3,31.700000000000017,0.0767860165314315,0.0919854522083107,0.2681192660550457,0.0905275779376496,-1.0,145.3,240.0,113.6,0.0,0.0,-1.0,145.3,-1.0,67.4,87.2,80.3125,71.3,19.8,0.0888582380061995,-0.0667670695534409,0.0393348623853196,-0.1096872501998402,1.0,87.2,66.0,67.4,196.0,71.3,-1.0,95.3,97.9,96.3375,95.3,2.6000000000000085,0.0085271959520684,-0.0059096578055382,0.0018348623853208,-0.0065739075406344,1.0,97.9,88.0,95.3,240.0,0.0,-1.0,95.3,-1.0,36.75,37.11,36.92375,36.75,0.3599999999999994,0.0034681305139854,-0.0012855055128071,-0.0002637614678902,-0.0014897248867572,1.0,37.11,66.0,36.75,240.0,36.75,-1.0,13.0,15.0,14.125,15.0,2.0,0.0552654690123752,0.0033844529402912,-0.0217889908256881,0.0015071276312283,1.0,15.0,66.0,13.0,48.0,0.0,-1.0,15.0,18.0,33.3,43.6,36.875,39.3,10.300000000000004,0.089960251684172,0.000549367869886,-0.1017201834862389,-0.0015820676791899,1.0,43.6,87.0,33.3,48.0,0.0,-1.0,39.3,1.0,1.0,1.0,1.0,1.0,1.0,1.0,1.0,1.0,1.0,1.0,1.0,1.0,1.0,1.0,1.0,4.0,1.0,30.0,221.0,1.0,1.0,30.0,1.0,176.0,0.0,-1.0,0.0,-1.0,1.0,136.0,4.0,0.0,30.0,,0.0,0.0,3.0,48.0,196.0,1.0,0.0,0.0,0.0,1.0,7.69,7.69,7.69,0.0,0.0,0.0,0.0,0.0,1.0,142.5,142.5,142.5,0.0,0.0,0.0,0.0,0.0,1.0,4.2,4.2,4.2,0.0,0.0,0.0,0.0,0.0,1.0,21.1,21.1,21.1,0.0,0.0,0.0,0.0,0.0,1.0,54.6,54.6,54.6,0.0,0.0,0.0,0.0,0.0,1.0,7.367,7.367,7.367,0.0,0.0,0.0,0.0,0.0,1.0,0.009,0.009,0.009,0.0,0.0,0.0,0.0,0.0,1.0,2.7,2.7,2.7,0.0,0.0,0.0,0.0,0.0,1.0,298.0,298.0,298.0,0.0,0.0,0.0,0.0,0.0,1.0,10.3,10.3,10.3,0.0,0.0,0.0,0.0,0.0,1.0,1.54,1.54,1.54,0.0,0.0,0.0,0.0,0.0,1.0,87.7,87.7,87.7,0.0,0.0,0.0,0.0,0.0,1.0,288.9,288.9,288.9,0.0,0.0,0.0,-30.0,30.0,-0.2976190476190476,-1,-3.5000000000000018,3.5000000000000018,-0.2046783625730995,-1,7.900000000000006,7.900000000000006,0.0574963609898108,1,-1.6000000000000083,1.6000000000000083,-0.0219478737997257,-1,-0.7000000000000028,0.7000000000000028,-0.0072916666666666,-1,-0.9399999999999976,0.9399999999999976,-0.0249403024674979,-1,0,0,0.0,0,0,0,0.0,0,2,0,0,0,0,120.0,1,1,104,14,0,0,1,0,0,0,1,0,0,0,0,0,0,1,1,0,0,0,0,0,0,0,0,0,0,0,0,0,0,0,0,0,0,0,0.0,0.1176470588235294,0,1,1,0,0,0,0,0,0,0,3799.152,0,4.795790545596741,94.4,1.0677966101694911,0,0,0,1,0,0,0,0,1,0.84,0.0083333333333333,0,64.5,13849.92,0.7336244541484715,14.672489082969433,1
E000780,2025-05-22,72.9,21.3,113.5,72.0,97.8,0,36.84,15,15,Male,Black,Anxiety/panic. Festival attendee from beach shuttle stop with symptom onset ~226 minutes before arrival.,5,1,Walk-in,0,0,0,0,1,85.2,7.434,141.8,3.65,13.7,6.4,1,1,74.4,9.6,137.1,83.1,97.1,0,36.31,15,34.0,1.5,-0.53,0,,,,,0,0,0,0,0,0,0,0,0,0,0,4,3,0,0,8.0,60.3,98.0,76.7625,74.4,37.7,0.1332184884856196,-0.0083241556534507,0.0,-0.049316577419718,-1.0,98.0,103.0,60.3,146.0,0.0,-1.0,74.4,19.0,8.1,17.2,12.037499999999998,9.6,9.1,0.272468451283759,0.0032318544157751,0.0,-0.0242984868220046,-1.0,17.2,103.0,8.1,122.0,0.0,-1.0,9.6,19.0,117.8,153.3,137.5625,137.1,35.500000000000014,0.0724958105332148,0.0354245332494233,0.0,0.0119534629424153,-1.0,153.3,200.0,117.8,146.0,0.0,-1.0,137.1,40.0,58.7,100.1,79.9625,83.1,41.39999999999999,0.1514654778292888,0.0900579504929726,0.0,0.0107160660588223,-1.0,100.1,88.0,58.7,0.0,83.1,15.0,95.2,98.0,97.0125,97.1,2.799999999999997,0.0081236439974993,-0.0030089679043422,0.0,-0.0014134787013365,-1.0,98.0,88.0,95.2,122.0,0.0,-1.0,97.1,24.0,36.06,36.78,36.477500000000006,36.31,0.7199999999999989,0.0057939778900277,-8.731906859660182e-05,0.0,0.0012938395484586,1.0,36.78,200.0,36.06,88.0,36.31,15.0,13.0,15.0,13.75,15.0,2.0,0.070417879021953,0.0004457730228655,0.0,0.0116905462556482,1.0,15.0,0.0,13.0,88.0,0.0,-1.0,15.0,81.0,33.4,38.0,34.9375,34.0,4.600000000000001,0.0432649720785161,-0.0052928990979651,0.0,0.0046328010677472,1.0,38.0,169.0,33.4,103.0,0.0,-1.0,34.0,66.0,1.0,1.0,1.0,1.0,1.0,1.0,1.0,1.0,1.0,1.0,1.0,1.0,1.0,1.0,1.0,0.0,0.0,-1.0,-1.0,0.0,0.0,-1.0,0.0,-1.0,0.0,-1.0,0.0,-1.0,0.0,-1.0,0.0,0.0,,,0.0,0.0,3.0,88.0,200.0,1.0,0.0,120.0,120.0,1.0,7.27,7.27,7.27,120.0,0.0,0.0,120.0,120.0,1.0,138.1,138.1,138.1,120.0,0.0,0.0,120.0,120.0,1.0,3.71,3.71,3.71,120.0,0.0,0.0,120.0,120.0,1.0,25.1,25.1,25.1,120.0,0.0,0.0,120.0,120.0,1.0,8.2,8.2,8.2,120.0,0.0,0.0,120.0,120.0,1.0,7.38,7.38,7.38,120.0,0.0,0.0,120.0,120.0,1.0,0.0,0.0,0.0,120.0,0.0,0.0,120.0,120.0,1.0,1.1,1.1,1.1,120.0,0.0,0.0,120.0,120.0,1.0,241.7,241.7,241.7,120.0,0.0,0.0,120.0,120.0,1.0,4.7,4.7,4.7,120.0,0.0,0.0,120.0,120.0,1.0,3.3,3.3,3.3,120.0,0.0,0.0,120.0,120.0,1.0,68.6,68.6,68.6,120.0,0.0,0.0,120.0,120.0,1.0,286.9,286.9,286.9,120.0,0.0,0.0,1.5,1.5,0.0205761316872428,1,-11.7,11.7,-0.5492957746478874,-1,23.599999999999994,23.599999999999994,0.2079295154185021,1,11.099999999999994,11.099999999999994,0.1541666666666666,1,-0.7000000000000028,0.7000000000000028,-0.0071574642126789,-1,-0.5300000000000011,0.5300000000000011,-0.014386536373507,-1,0,0,0.0,0,0,0,0.0,0,3,0,0,0,0,226.0,1,1,104,14,0,0,0,1,0,0,0,1,0,0,0,0,0,0,0,0,0,1,0,0,1,0,0,0,0,0,0,0,0,0,0,0,0,0,0.0,0.0,0,1,1,0,0,0,0,0,0,0,2685.6360000000004,0,5.424950017481403,85.83333333333333,0.8493203883495146,0,0,0,0,2,0,0,0,2,0.3225663716814159,0.0088495575221238,0,41.5,8274.150000000001,0.6422907488986784,9.634361233480176,0
E000755,2025-05-22,100.9,19.5,130.6,64.3,96.1,0,37.25,12,53,Female,Black,Anxiety/panic. Community patient from workplace with symptom onset ~120 minutes before arrival.,4,5,Walk-in,0,1,0,0,0,74.8,7.408,140.0,3.75,13.1,13.4,0,0,68.4,18.5,114.9,76.3,99.2,0,36.73,15,38.6,-32.5,-0.52,3,0.72,201.8,7.368,0.037,0,0,1,0,0,0,0,0,0,0,0,4,3,0,0,6.0,68.4,104.1,87.28333333333335,68.4,35.69999999999999,0.1444247529271693,-0.058359504627327,0.0066666666666665,-0.0168213948782455,-1.0,104.1,200.0,68.4,240.0,0.0,-1.0,68.4,-1.0,10.3,20.2,16.533333333333335,18.5,9.9,0.2109915395475988,0.0202150100388847,-0.3,0.0310696071863164,1.0,20.2,200.0,10.3,30.0,0.0,-1.0,18.5,97.0,113.1,133.9,122.06666666666666,114.9,20.80000000000001,0.0636235035879864,-0.0194438494130975,-0.3233333333333337,-0.1051354270635369,1.0,133.9,127.0,113.1,30.0,0.0,-1.0,114.9,73.0,66.5,79.1,73.08333333333333,76.3,12.599999999999994,0.0626357968341974,0.0127571896931694,-0.4199999999999998,0.0379400866842587,1.0,79.1,0.0,66.5,30.0,76.3,97.0,97.1,99.2,98.05,99.2,2.1000000000000085,0.0086289581142254,-7.515548471676607e-05,0.0233333333333327,0.0086055319323478,1.0,99.2,240.0,97.1,64.0,0.0,-1.0,99.2,176.0,36.73,37.15,36.94833333333334,36.73,0.4200000000000017,0.0044456021210219,-0.0002273907250145,0.0043333333333332,5.113550909906802e-05,-1.0,37.15,127.0,36.73,240.0,36.73,113.0,14.0,15.0,14.666666666666666,15.0,1.0,0.0321412173266612,0.0020331918570665,0.0333333333333332,0.001681729309944,-1.0,15.0,30.0,14.0,0.0,0.0,-1.0,15.0,97.0,32.9,43.0,37.31666666666667,38.6,10.1,0.0921494251866899,0.0025178902729922,0.2299999999999996,0.0355323425258754,-1.0,43.0,30.0,32.9,127.0,0.0,-1.0,38.6,34.0,2.0,1.0,1.0,1.0,1.0,1.0,1.0,1.0,1.0,1.0,1.0,1.0,1.0,1.0,1.0,1.0,1.0,69.0,69.0,0.0,0.0,-1.0,0.0,-1.0,0.0,-1.0,1.0,69.0,0.0,-1.0,5.0,0.0,-51.0,,0.0,0.0,3.0,0.0,200.0,1.0,0.0,120.0,240.0,2.0,12.05,4.74,12.05,120.0,-7.31,-0.6066390041493775,120.0,240.0,2.0,144.3,138.6,144.3,120.0,-5.700000000000017,-0.0395010395010396,120.0,240.0,2.0,3.85,4.38,4.38,240.0,0.5299999999999998,0.1376623376623376,120.0,240.0,2.0,23.4,23.5,23.5,240.0,0.1000000000000014,0.0042735042735043,120.0,240.0,2.0,29.2,40.6,40.6,240.0,11.400000000000002,0.3904109589041096,120.0,240.0,2.0,7.419,7.368,7.419,120.0,-0.0509999999999992,-0.0068742418115648,120.0,240.0,2.0,0.0,0.037,0.037,240.0,0.037,36999999.99999999,120.0,240.0,2.0,2.58,0.72,2.58,120.0,-1.86,-0.7209302325581396,120.0,240.0,2.0,30.8,201.8,201.8,240.0,171.0,5.551948051948052,120.0,240.0,2.0,13.2,7.0,13.2,120.0,-6.199999999999999,-0.4696969696969696,120.0,240.0,2.0,5.35,0.1,5.35,120.0,-5.25,-0.9813084112149534,120.0,240.0,2.0,128.3,68.2,128.3,120.0,-60.10000000000001,-0.4684333593141075,120.0,240.0,2.0,278.6,283.7,283.7,240.0,5.099999999999966,0.0183058147882267,-32.5,32.5,-0.3221010901883052,-1,-1.0,1.0,-0.0512820512820512,-1,-15.699999999999989,15.699999999999989,-0.1202143950995405,-1,12.0,12.0,0.1866251944012441,1,3.1000000000000085,3.1000000000000085,0.0322580645161291,1,-0.5200000000000031,0.5200000000000031,-0.0139597315436242,-1,3,3,0.25,1,0,0,0.0,0,2,0,0,0,0,120.0,1,0,95,12,0,0,0,0,1,0,1,0,0,0,1,0,0,1,0,0,0,0,0,0,0,0,1,0,0,0,0,0,0,0,0,0,0,0,0.0,0.0,0,0,1,0,0,0,0,0,1,1,3758.525,0,4.795790545596741,86.39999999999999,1.1678240740740742,0,2,0,1,0,0,0,0,3,0.8408333333333334,0.025,1,66.3,13177.54,0.7725880551301685,40.947166921898926,1
E000129,2025-05-22,81.7,18.8,113.2,51.3,97.4,0,37.02,15,48,Male,Black,Anxiety/panic. Community patient from workplace with symptom onset ~178 minutes before arrival.,5,3,Walk-in,1,1,0,0,0,84.0,7.477,137.3,4.38,11.5,7.9,0,0,73.5,17.5,139.6,86.6,97.2,0,36.76,15,30.6,-8.2,-0.26,0,,,,,0,0,0,0,0,0,0,0,0,0,0,4,3,0,0,7.0,67.9,86.6,75.64285714285714,73.5,18.69999999999999,0.092704177121854,-0.0006242758164058,0.3108424022571538,-0.0072220483705126,1.0,86.6,60.0,67.9,0.0,0.0,-1.0,73.5,33.0,9.2,17.5,13.657142857142857,17.5,8.3,0.2231542015235295,0.0081944083173718,-0.1147924224103184,0.0411842281729178,1.0,17.5,240.0,9.2,60.0,0.0,-1.0,17.5,28.0,111.9,144.4,129.31428571428572,139.6,32.5,0.0895012610703185,0.0391350784680026,-0.3503829101168892,0.0819728195270242,1.0,144.4,93.0,111.9,88.0,0.0,-1.0,139.6,5.0,65.6,89.6,77.55714285714285,86.6,24.0,0.1017842410738176,0.0463623322061688,0.3123740427247076,0.1020988868523403,1.0,89.6,60.0,65.6,93.0,86.6,28.0,96.5,98.5,97.62857142857143,97.2,2.0,0.0075212743786341,-0.0020135259760215,0.0217251108424028,-0.0019893602753808,1.0,98.5,60.0,96.5,93.0,0.0,-1.0,97.2,33.0,36.3,36.83,36.57428571428572,36.76,0.5300000000000011,0.0049016106373098,0.001145096833692,0.0038976219266426,0.0013883052438643,1.0,36.83,60.0,36.3,36.0,36.76,33.0,13.0,15.0,14.571428571428571,15.0,2.0,0.0499903873881645,0.0004492894133226,-0.0012091898428053,0.0063480709911037,1.0,15.0,0.0,13.0,93.0,0.0,-1.0,15.0,147.0,30.6,38.4,33.714285714285715,30.6,7.799999999999997,0.0866854295057435,-0.0147138341727949,0.1316404675534058,-0.0140037551969242,-1.0,38.4,60.0,30.6,0.0,0.0,-1.0,30.6,28.0,1.0,1.0,1.0,1.0,1.0,1.0,1.0,1.0,1.0,1.0,1.0,1.0,1.0,1.0,1.0,1.0,1.0,202.0,202.0,0.0,0.0,-1.0,0.0,-1.0,0.0,-1.0,0.0,-1.0,1.0,202.0,3.0,0.0,202.0,,0.0,0.0,2.0,93.0,240.0,0.0,0.0,0.0,0.0,1.0,3.66,3.66,3.66,0.0,0.0,0.0,0.0,0.0,1.0,138.4,138.4,138.4,0.0,0.0,0.0,0.0,0.0,1.0,3.3,3.3,3.3,0.0,0.0,0.0,0.0,0.0,1.0,25.3,25.3,25.3,0.0,0.0,0.0,0.0,0.0,1.0,47.7,47.7,47.7,0.0,0.0,0.0,0.0,0.0,1.0,7.396,7.396,7.396,0.0,0.0,0.0,0.0,0.0,1.0,0.029,0.029,0.029,0.0,0.0,0.0,0.0,0.0,1.0,1.51,1.51,1.51,0.0,0.0,0.0,0.0,0.0,1.0,227.5,227.5,227.5,0.0,0.0,0.0,0.0,0.0,1.0,8.3,8.3,8.3,0.0,0.0,0.0,0.0,0.0,1.0,2.87,2.87,2.87,0.0,0.0,0.0,0.0,0.0,1.0,73.8,73.8,73.8,0.0,0.0,0.0,0.0,0.0,1.0,281.8,281.8,281.8,0.0,0.0,0.0,-8.200000000000003,8.200000000000003,-0.1003671970624235,-1,-1.3000000000000007,1.3000000000000007,-0.0691489361702128,-1,26.39999999999999,26.39999999999999,0.2332155477031801,1,35.3,35.3,0.6881091617933723,1,-0.2000000000000028,0.2000000000000028,-0.0020533880903491,-1,-0.2600000000000051,0.2600000000000051,-0.0070232306861157,-1,0,0,0.0,0,0,0,0.0,0,1,0,0,0,0,178.0,1,0,95,12,0,0,0,0,1,0,1,0,0,0,0,0,0,1,0,0,1,0,0,0,0,0,0,0,0,0,0,0,0,0,0,0,0,0,0.0,0.0,0,1,1,0,0,0,0,0,0,0,3024.534000000001,0,5.187385805840755,71.93333333333334,1.1357738646895272,0,0,0,0,0,0,0,0,0,0.4589887640449438,0.0,1,61.900000000000006,9248.44,0.7217314487632509,34.64310954063605,0
E001573,2025-05-18,98.7,18.9,116.9,84.7,98.4,0,36.98,14,46,Male,Hispanic/Latino,Altered mental status. Festival attendee from main stage with symptom onset ~169 minutes before arrival.,5,4,Walk-in,0,0,0,1,1,78.9,7.365,136.2,3.82,12.2,11.8,1,1,83.6,15.5,143.3,81.2,96.2,0,36.58,15,35.8,-15.1,-0.4,1,,,,,1,1,0,0,0,0,0,0,0,0,0,0,6,1,0,9.0,75.8,97.3,88.13333333333333,83.6,21.5,0.0677247482166396,-0.0543785555495042,-0.0740740740740744,-0.0236780006435696,1.0,97.3,0.0,75.8,160.0,0.0,-1.0,83.6,8.0,13.6,22.1,16.8,15.5,8.500000000000002,0.1706810568857664,0.0087160164972545,0.0888888888888889,0.0272766276949479,-1.0,22.1,168.0,13.6,109.0,0.0,-1.0,15.5,2.0,110.3,143.3,127.1,143.3,33.000000000000014,0.0829565003908396,0.0723883885469839,-0.3240740740740741,0.1299595087418215,1.0,143.3,240.0,110.3,54.0,0.0,-1.0,143.3,55.0,61.1,87.3,77.44444444444444,81.2,26.2,0.0925206569498828,0.0599793041644179,0.2444444444444443,-0.0462726590153383,-1.0,87.3,109.0,61.1,0.0,81.2,61.0,96.2,99.5,97.7,96.2,3.299999999999997,0.0089880176542609,-0.0064523475910146,-0.0222222222222224,-0.0214147806500053,-1.0,99.5,109.0,96.2,240.0,0.0,-1.0,96.2,-1.0,36.58,37.32,36.934444444444445,36.58,0.740000000000002,0.0056261458933538,0.00038933421794,0.0061111111111109,-0.0027228359969967,-1.0,37.32,170.0,36.58,240.0,36.58,39.0,13.0,15.0,14.11111111111111,15.0,2.0,0.0401497599495494,0.0046590385843652,0.0185185185185184,0.0004424541456613,0.0,15.0,109.0,13.0,0.0,0.0,-1.0,15.0,40.0,32.6,39.6,36.54444444444445,35.8,7.0,0.0591144312341749,-0.0151874260420948,0.0351851851851851,-0.0114260431191675,-1.0,39.6,54.0,32.6,168.0,0.0,-1.0,35.8,2.0,2.0,1.0,1.0,1.0,1.0,1.0,1.0,1.0,1.0,1.0,1.0,1.0,1.0,1.0,1.0,2.0,1.0,18.0,18.0,2.0,1.0,18.0,1.0,18.0,0.0,-1.0,0.0,-1.0,0.0,-1.0,4.0,0.0,18.0,,0.0,0.0,2.0,0.0,209.0,1.0,0.0,0.0,120.0,2.0,7.29,7.12,7.29,0.0,-0.1699999999999999,-0.0233196159122084,0.0,120.0,2.0,136.9,139.0,139.0,120.0,2.0999999999999943,0.0153396639883125,0.0,120.0,2.0,3.85,3.78,3.85,0.0,-0.0700000000000002,-0.0181818181818182,0.0,120.0,2.0,24.7,21.9,24.7,0.0,-2.8000000000000007,-0.1133603238866397,0.0,120.0,2.0,42.5,54.3,54.3,120.0,11.799999999999995,0.2776470588235293,0.0,120.0,2.0,7.379,7.327,7.379,0.0,-0.0519999999999996,-0.0070470253421872,0.0,120.0,2.0,0.031,0.021,0.031,0.0,-0.0099999999999999,-0.3225806451612902,0.0,120.0,2.0,3.5,2.22,3.5,0.0,-1.2799999999999998,-0.3657142857142856,0.0,120.0,2.0,443.2,404.8,443.2,0.0,-38.39999999999998,-0.0866425992779783,0.0,120.0,2.0,8.2,15.7,15.7,120.0,7.5,0.9146341463414634,0.0,120.0,2.0,4.23,7.56,7.56,120.0,3.329999999999999,0.7872340425531912,0.0,120.0,2.0,88.8,95.3,95.3,120.0,6.5,0.0731981981981982,0.0,120.0,2.0,299.9,275.9,299.9,0.0,-24.0,-0.0800266755585195,-15.100000000000009,15.100000000000009,-0.1529888551165147,-1,-3.3999999999999986,3.3999999999999986,-0.1798941798941798,-1,26.40000000000001,26.40000000000001,0.2258340461933276,1,-3.5,3.5,-0.0413223140495867,-1,-2.200000000000003,2.200000000000003,-0.0223577235772358,-1,-0.3999999999999986,0.3999999999999986,-0.0108166576527852,-1,1,1,0.0714285714285714,1,0,0,0.0,0,1,0,0,0,0,169.0,1,1,104,15,1,0,0,0,0,0,1,0,0,0,0,1,0,0,0,0,1,0,0,0,1,0,0,1,0,0,0,0,0,0,0,0,0,0,0.0,0.1111111111111111,0,1,1,0,0,0,0,0,0,0,3649.926,0,5.135798437050262,95.43333333333334,1.0342298288508558,0,1,0,1,0,0,0,0,2,0.5840236686390533,0.0118343195266272,0,32.2,11538.03,0.844311377245509,38.83832335329341,0
E001785,2025-05-20,70.6,17.8,131.5,76.1,96.5,0,37.05,14,32,Male,Hispanic/Latino,Headache. Festival attendee from main stage with symptom onset ~56 minutes before arrival.,4,2,Walk-in,0,0,0,0,1,80.2,7.478,140.3,4.54,12.5,6.9,1,1,72.9,14.9,118.8,85.6,96.7,0,36.77,13,35.7,2.3,-0.28,-1,,,,,0,0,0,0,0,0,0,0,0,0,0,2,1,0,1,6.0,58.6,88.6,71.13333333333333,72.9,30.0,0.1511048496580773,-0.010268515484188,-0.3400000000000003,-0.0058364960508767,1.0,88.6,118.0,58.6,125.0,0.0,-1.0,72.9,115.0,12.9,16.5,14.716666666666669,14.9,3.6,0.0863454501342554,-0.0083186547599541,0.0083333333333333,0.0101651451430916,1.0,16.5,60.0,12.9,125.0,0.0,-1.0,14.9,115.0,108.9,125.6,116.76666666666664,118.8,16.69999999999999,0.0520761022897182,0.0092761756513191,-0.2066666666666669,0.0262180736485793,1.0,125.6,139.0,108.9,60.0,0.0,-1.0,118.8,58.0,66.6,85.6,78.73333333333333,85.6,19.0,0.0747952380190423,0.0721387022775684,0.1966666666666668,0.0440558005949327,-1.0,85.6,240.0,66.6,0.0,85.6,-1.0,96.7,98.0,97.26666666666668,96.7,1.2999999999999972,0.0053641109809796,-0.0046780271997377,0.008333333333333,-0.0047133039286081,-1.0,98.0,60.0,96.7,240.0,0.0,-1.0,96.7,-1.0,36.42,36.88,36.64333333333333,36.77,0.4600000000000008,0.0052224870715573,0.0004198754710799,0.0054999999999999,0.0012016617088932,1.0,36.88,118.0,36.42,139.0,36.77,7.0,13.0,15.0,14.333333333333334,13.0,2.0,0.0520015808720881,-0.0026216614779616,-5.667210589323609e-17,-0.0173351112934659,-1.0,15.0,118.0,13.0,240.0,0.0,-1.0,13.0,122.0,33.2,40.0,36.11666666666667,35.7,6.799999999999997,0.0565048022261285,0.0039550221202688,-0.0449999999999999,-0.0188224433275207,1.0,40.0,118.0,33.2,60.0,0.0,-1.0,35.7,7.0,1.0,1.0,1.0,1.0,1.0,1.0,1.0,1.0,1.0,1.0,1.0,1.0,1.0,1.0,1.0,0.0,0.0,-1.0,-1.0,0.0,0.0,-1.0,0.0,-1.0,0.0,-1.0,0.0,-1.0,0.0,-1.0,0.0,0.0,,,0.0,0.0,3.0,240.0,240.0,0.0,0.0,0.0,0.0,1.0,5.85,5.85,5.85,0.0,0.0,0.0,0.0,0.0,1.0,138.6,138.6,138.6,0.0,0.0,0.0,0.0,0.0,1.0,4.03,4.03,4.03,0.0,0.0,0.0,0.0,0.0,1.0,23.1,23.1,23.1,0.0,0.0,0.0,0.0,0.0,1.0,22.4,22.4,22.4,0.0,0.0,0.0,0.0,0.0,1.0,7.442,7.442,7.442,0.0,0.0,0.0,0.0,0.0,1.0,0.041,0.041,0.041,0.0,0.0,0.0,0.0,0.0,1.0,2.09,2.09,2.09,0.0,0.0,0.0,0.0,0.0,1.0,20.0,20.0,20.0,0.0,0.0,0.0,0.0,0.0,1.0,19.4,19.4,19.4,0.0,0.0,0.0,0.0,0.0,1.0,0.1,0.1,0.1,0.0,0.0,0.0,0.0,0.0,1.0,94.6,94.6,94.6,0.0,0.0,0.0,0.0,0.0,1.0,287.6,287.6,287.6,0.0,0.0,0.0,2.300000000000012,2.300000000000012,0.0325779036827197,1,-2.9000000000000004,2.9000000000000004,-0.1629213483146067,-1,-12.700000000000005,12.700000000000005,-0.0965779467680608,-1,9.5,9.5,0.1248357424441524,1,0.2000000000000028,0.2000000000000028,0.0020725388601036,1,-0.279999999999994,0.279999999999994,-0.0075573549257758,-1,-1,1,-0.0714285714285714,-1,0,0,0.0,0,3,0,0,0,0,56.0,1,1,90,13,1,0,0,0,0,1,0,0,0,0,1,0,0,0,0,0,0,0,0,0,0,0,0,0,0,0,0,0,0,0,0,0,0,0,0.0,0.0,0,1,1,0,0,0,0,0,0,0,2615.73,0,4.04305126783455,94.56666666666666,0.7465632710609799,0,1,0,0,0,0,0,0,1,1.2607142857142857,0.0178571428571428,1,55.400000000000006,9283.9,0.5368821292775665,17.18022813688213,0
E000144,2025-05-21,92.7,23.7,117.3,69.3,99.2,0,37.01,13,47,Non-binary,Black,General weakness. Festival attendee from campground with symptom onset ~178 minutes before arrival.,4,4,Festival Medical Tent Transfer,0,1,1,0,0,135.3,7.372,141.2,4.29,16.2,12.5,1,1,76.7,11.2,115.8,92.0,97.0,0,36.79,15,38.8,-16.0,-0.22,2,3.43,363.7,7.403,0.0,0,1,0,0,0,0,0,0,0,0,0,3,2,0,1,7.0,67.6,94.2,78.80000000000003,76.7,26.60000000000001,0.100998008888688,-0.0816340351009814,-0.1818181818181818,-0.0346654758405499,1.0,94.2,0.0,67.6,229.0,0.0,-1.0,72.15,-1.0,11.2,18.8,16.04285714285714,11.2,7.600000000000001,0.1487754528341599,-0.0194718474001839,-0.0327272727272727,-0.0187159427499039,-1.0,18.8,0.0,11.2,240.0,0.0,-1.0,14.25,-1.0,115.8,140.6,129.4142857142857,115.8,24.8,0.0649622464524188,-0.0642359929949222,0.21090909090909,-0.1079849413254347,-1.0,140.6,118.0,115.8,240.0,0.0,-1.0,120.1,-1.0,66.5,92.0,78.62857142857142,92.0,25.5,0.1055359805776747,0.0854830479646219,0.1745454545454541,0.0921360255047821,0.0,92.0,240.0,66.5,0.0,87.2,-1.0,95.9,98.5,96.91428571428573,97.0,2.5999999999999943,0.0079626349269277,-0.0046304695669702,0.0218181818181816,0.0013408099124968,-1.0,98.5,55.0,95.9,129.0,0.0,-1.0,96.65,111.0,36.69,37.1,36.85714285714285,36.79,0.4100000000000037,0.0031764032943485,-0.0010335638961333,-0.0036363636363638,-0.0001537522327989,1.0,37.1,0.0,36.69,129.0,36.8,-1.0,14.0,15.0,14.571428571428571,15.0,1.0,0.0339617805405662,-0.0002110342568444,-0.0181818181818182,-7.913717864653502e-05,1.0,15.0,0.0,14.0,55.0,0.0,-1.0,14.5,63.0,30.6,43.9,37.58571428571429,38.8,13.299999999999995,0.1028714411413706,0.0215812450391201,-0.0036363636363637,0.0405623261808397,-1.0,43.9,229.0,30.6,129.0,0.0,-1.0,41.35,11.0,2.0,1.0,1.0,1.0,1.0,1.0,1.0,1.0,1.0,1.0,1.0,1.0,1.0,1.0,1.0,1.0,1.0,177.0,177.0,0.0,1.0,177.0,0.0,-1.0,0.0,-1.0,0.0,-1.0,0.0,-1.0,4.0,0.0,57.0,,0.0,0.0,3.0,55.0,229.0,1.0,0.0,120.0,240.0,2.0,7.8,4.71,7.8,120.0,-3.09,-0.3961538461538461,120.0,240.0,2.0,135.9,140.6,140.6,240.0,4.699999999999989,0.0345842531272994,120.0,240.0,2.0,3.78,4.19,4.19,240.0,0.4100000000000006,0.1084656084656086,120.0,240.0,2.0,23.4,20.3,23.4,120.0,-3.099999999999998,-0.1324786324786324,120.0,240.0,2.0,44.9,40.7,44.9,120.0,-4.199999999999996,-0.0935412026726057,120.0,240.0,2.0,7.379,7.403,7.403,240.0,0.024,0.0032524732348556,120.0,240.0,2.0,0.035,0.0,0.035,120.0,-0.035,-1.0,120.0,240.0,2.0,2.55,3.43,3.43,240.0,0.8800000000000003,0.3450980392156864,120.0,240.0,2.0,279.1,363.7,363.7,240.0,84.59999999999997,0.3031171623074165,120.0,240.0,2.0,4.5,7.0,7.0,240.0,2.5,0.5555555555555556,120.0,240.0,2.0,3.61,0.1,3.61,120.0,-3.51,-0.9722991689750692,120.0,240.0,2.0,94.4,114.9,114.9,240.0,20.5,0.2171610169491525,120.0,240.0,2.0,286.0,286.6,286.6,240.0,0.6000000000000227,0.0020979020979021,-16.0,16.0,-0.1725997842502696,-1,-12.5,12.5,-0.5274261603375527,-1,-1.5,1.5,-0.0127877237851662,-1,22.700000000000003,22.700000000000003,0.3275613275613276,1,-2.200000000000003,2.200000000000003,-0.0221774193548387,-1,-0.2199999999999988,0.2199999999999988,-0.0059443393677384,-1,2,2,0.1538461538461538,1,0,0,0.0,0,2,0,0,0,0,178.0,1,1,99,13,0,0,1,0,0,0,1,0,0,0,1,0,0,1,0,0,0,0,0,0,0,0,0,0,0,0,0,0,0,0,0,0,0,0,0.0,0.0,0,0,1,0,0,0,0,0,1,1,3430.827,0,5.187385805840755,85.3,1.0867526377491208,0,2,1,1,2,0,0,0,5,0.5207865168539326,0.0280898876404494,1,48.0,10873.71,0.7902813299232737,37.14322250639386,1
E000296,2025-05-19,122.4,29.3,105.1,80.0,94.0,0,38.42,12,37,Male,Asian,Chest pain. Festival attendee from main stage with symptom onset ~274 minutes before arrival.,2,3,EMS,0,1,0,0,1,145.4,7.291,136.9,5.28,12.3,16.2,1,1,116.1,22.1,117.2,64.4,94.9,0,37.6,14,39.1,-6.3,-0.82,2,,,,,1,0,0,1,0,0,0,0,0,0,0,1,0,0,1,6.0,99.7,116.1,108.26666666666668,116.1,16.39999999999999,0.0533071307203741,-0.0047676441181705,0.0399999999999997,0.0650105977108947,1.0,116.1,240.0,99.7,214.0,0.0,-1.0,107.9,26.0,22.1,28.0,23.666666666666668,22.1,5.899999999999999,0.0882504236496931,-0.0021051045704189,0.0199999999999998,-0.0425858414582449,-1.0,28.0,96.0,22.1,0.0,2.0,96.0,22.3,92.0,84.8,131.2,115.3,117.2,46.39999999999999,0.1262335153419618,-0.0134318546012352,0.217499999999999,0.2519838914794406,-1.0,131.2,40.0,84.8,96.0,1.0,96.0,119.1,92.0,64.4,85.4,75.03333333333332,64.4,21.0,0.101649111518013,0.010392669798529,0.0199999999999999,-0.1072318779143701,-1.0,85.4,96.0,64.4,240.0,73.65,144.0,93.4,97.2,94.84999999999998,94.9,3.799999999999997,0.0124262429859336,0.0054586169586238,0.0399999999999998,0.0016829164900385,-1.0,97.2,188.0,93.4,0.0,0.0,-1.0,94.5,26.0,37.11,37.93,37.68666666666667,37.6,0.8200000000000003,0.0074117614240709,-0.0016884664374837,-0.0009999999999999,-0.0006706231454004,-1.0,37.93,0.0,37.11,188.0,37.72,26.0,12.0,14.0,13.166666666666666,14.0,2.0,0.0521912104508564,0.0046909454480709,-4.250407941992706e-17,0.0147096227214921,0.0,14.0,214.0,12.0,96.0,1.0,96.0,14.0,92.0,36.3,45.9,40.25000000000001,39.1,9.6,0.0861213964373623,-0.0257851341541916,0.0624999999999998,0.0120813904196693,1.0,45.9,40.0,36.3,214.0,0.0,-1.0,37.7,-1.0,2.0,1.0,1.0,1.0,1.0,1.0,1.0,1.0,1.0,1.0,1.0,1.0,1.0,1.0,1.0,2.0,1.0,44.0,197.0,1.0,0.0,-1.0,1.0,44.0,1.0,197.0,0.0,-1.0,0.0,-1.0,7.0,0.0,44.0,,4.0,118.0,4.0,96.0,188.0,1.0,0.0,0.0,120.0,2.0,10.71,9.09,10.71,0.0,-1.620000000000001,-0.1512605042016807,0.0,120.0,2.0,138.6,137.6,138.6,0.0,-1.0,-0.0072150072150072,0.0,120.0,2.0,4.9,4.18,4.9,0.0,-0.7200000000000006,-0.1469387755102042,0.0,120.0,2.0,22.3,23.0,23.0,120.0,0.6999999999999993,0.0313901345291479,0.0,120.0,2.0,49.8,40.3,49.8,0.0,-9.5,-0.1907630522088353,0.0,120.0,2.0,7.348,7.358,7.358,120.0,0.0099999999999997,0.0013609145345672,0.0,120.0,2.0,0.125,0.104,0.125,0.0,-0.021,-0.168,0.0,120.0,2.0,2.89,3.17,3.17,120.0,0.2799999999999998,0.0968858131487888,0.0,120.0,2.0,765.2,564.8,765.2,0.0,-200.4000000000001,-0.2618923157344486,0.0,120.0,2.0,9.8,19.5,19.5,120.0,9.7,0.9897959183673468,0.0,120.0,2.0,3.6,1.42,3.6,0.0,-2.18,-0.6055555555555556,0.0,120.0,2.0,118.6,105.8,118.6,0.0,-12.799999999999995,-0.1079258010118043,0.0,120.0,2.0,288.4,289.3,289.3,120.0,0.9000000000000341,0.003120665742025,-6.300000000000011,6.300000000000011,-0.0514705882352942,-1,-7.199999999999999,7.199999999999999,-0.2457337883959044,-1,12.100000000000009,12.100000000000009,0.115128449096099,1,-15.599999999999994,15.599999999999994,-0.1949999999999999,-1,0.9000000000000057,0.9000000000000057,0.0095744680851064,1,-0.8200000000000003,0.8200000000000003,-0.0213430504945341,-1,2,2,0.1666666666666666,1,0,0,0.0,0,1,0,0,0,0,274.0,1,1,93,14,1,0,0,0,0,0,0,1,0,0,0,0,0,1,1,0,0,0,0,0,0,0,1,0,0,0,0,0,0,0,0,0,0,0,0.0,0.0,0,0,0,1,1,1,1,1,1,1,4702.608,1,5.616771097666572,88.36666666666666,1.3851376838928706,0,2,1,2,3,1,1,2,11,0.4467153284671533,0.0401459854014598,3,25.099999999999994,12864.24,1.164605137963844,43.09039010466223,3
E000121,2025-05-19,127.4,33.4,137.5,67.4,90.8,1,38.88,10,28,Male,Asian,General weakness. Festival attendee from beach shuttle stop with symptom onset ~223 minutes before arrival.,1,8,EMS,0,0,0,0,0,134.4,7.331,139.5,5.2,18.3,15.5,1,1,133.7,30.6,124.2,73.8,92.5,0,37.41,13,40.5,6.3,-1.47,3,2.5,726.2,7.313,0.068,0,1,0,1,0,0,0,0,1,0,0,1,0,0,1,7.0,93.2,133.7,119.9857142857143,133.7,40.49999999999999,0.1034928499278183,0.0014955490308471,0.3095238095238092,-0.0028223802217271,1.0,133.7,240.0,93.2,205.0,1.0,240.0,133.7,35.0,19.7,30.6,25.728571428571428,30.6,10.900000000000002,0.1335089277702202,-0.0109563442394749,-0.0666666666666668,-0.0044594039720786,1.0,30.6,240.0,19.7,190.0,5.0,0.0,30.6,50.0,117.5,138.8,127.8142857142857,124.2,21.30000000000001,0.053595918110934,0.0149303402856579,0.2857142857142851,0.0472910768698815,-1.0,138.8,190.0,117.5,111.0,0.0,-1.0,124.2,15.0,67.5,85.5,77.45714285714284,73.8,18.0,0.0847147575564478,-0.0140047609578063,-0.2666666666666665,0.0074438657532472,1.0,85.5,111.0,67.5,77.0,73.8,34.0,92.5,95.7,93.8,92.5,3.200000000000003,0.0117062923244445,0.0015046147367438,-0.0428571428571432,0.0013582434681134,-1.0,95.7,205.0,92.5,240.0,0.0,-1.0,92.5,-1.0,37.41,38.12,37.75857142857143,37.41,0.7100000000000009,0.00660727047363,-0.0024359259302583,-0.0033333333333334,-0.004075594839323,1.0,38.12,111.0,37.41,240.0,37.41,-1.0,10.0,13.0,11.714285714285714,13.0,3.0,0.0879402750113168,0.0078842397089616,-0.0238095238095238,0.0186177684610896,1.0,13.0,205.0,10.0,77.0,5.0,0.0,13.0,34.0,38.1,48.8,43.114285714285714,40.5,10.699999999999996,0.0716012500845888,-0.0188979026050742,0.0261904761904761,-0.0505694465455015,1.0,48.8,77.0,38.1,205.0,0.0,-1.0,40.5,34.0,3.0,1.0,1.0,1.0,1.0,1.0,1.0,1.0,1.0,1.0,1.0,1.0,1.0,1.0,1.0,3.0,1.0,51.0,184.0,2.0,1.0,55.0,0.0,-1.0,1.0,184.0,0.0,-1.0,1.0,51.0,7.0,1.0,51.0,-185.0,11.0,205.0,4.0,77.0,205.0,0.0,0.0,0.0,240.0,3.0,7.75,9.0,13.3,120.0,1.25,0.1612903225806451,0.0,240.0,3.0,141.7,142.1,142.1,240.0,0.4000000000000057,0.0028228652081863,0.0,240.0,3.0,4.39,4.52,4.55,120.0,0.1299999999999999,0.0296127562642368,0.0,240.0,3.0,18.4,19.7,19.7,240.0,1.3000000000000007,0.0706521739130435,0.0,240.0,3.0,57.7,36.3,57.7,0.0,-21.40000000000001,-0.3708838821490469,0.0,240.0,3.0,7.347,7.313,7.347,0.0,-0.0340000000000006,-0.0046277392132844,0.0,240.0,3.0,0.15,0.068,0.15,0.0,-0.0819999999999999,-0.5466666666666666,0.0,240.0,3.0,4.67,2.5,4.67,0.0,-2.17,-0.4646680942184154,0.0,240.0,3.0,826.0,726.2,826.0,0.0,-99.79999999999995,-0.120823244552058,0.0,240.0,3.0,25.7,23.7,25.7,0.0,-2.0,-0.0778210116731517,0.0,240.0,3.0,6.39,7.23,7.23,240.0,0.8400000000000007,0.1314553990610329,0.0,240.0,3.0,113.5,111.0,123.7,120.0,-2.5,-0.0220264317180616,0.0,240.0,3.0,298.3,285.5,300.8,120.0,-12.800000000000011,-0.0429098223265169,6.299999999999983,6.299999999999983,0.0494505494505493,1,-2.799999999999997,2.799999999999997,-0.0838323353293412,-1,-13.299999999999995,13.299999999999995,-0.0967272727272727,-1,6.399999999999992,6.399999999999992,0.0949554896142431,1,1.7000000000000028,1.7000000000000028,0.0187224669603524,1,-1.470000000000006,1.470000000000006,-0.0378086419753087,-1,3,3,0.3,1,-1,1,-1.0,-1,3,1,1,0,1,223.0,1,1,107,15,0,0,0,1,0,0,0,1,0,1,0,0,0,1,0,0,0,0,1,0,1,0,0,0,0,0,0,0,0,0,0,0,0,0,0.0,0.0,0,0,0,1,1,0,1,1,2,1,4953.312000000001,1,5.41164605185504,90.76666666666668,1.4035989717223651,0,3,1,2,3,0,3,2,13,0.5713004484304933,0.0582959641255605,3,70.1,17517.5,0.9265454545454546,25.943272727272728,3
E000512,2025-05-18,90.9,15.9,114.8,61.5,95.0,0,37.68,14,34,Female,White,Ear Pain left ear pain Cough,4,5,Police,0,0,1,0,0,98.3,7.353,136.8,4.33,14.4,12.9,0,0,85.3,12.9,137.7,79.1,98.0,0,36.69,15,33.5,-5.6,-0.99,1,,,,,1,1,0,0,0,0,0,0,0,0,0,0,6,1,0,6.0,73.1,85.3,80.2,85.3,12.200000000000005,0.048814572224582,0.0340135528406135,0.3319999999999998,0.0551627459880912,-1.0,85.3,240.0,73.1,0.0,0.0,-1.0,84.35,-1.0,12.9,19.6,15.883333333333336,12.9,6.700000000000001,0.1377167339811824,-0.0217091481674141,0.1119999999999999,-0.030426423860511,-1.0,19.6,25.0,12.9,240.0,0.0,-1.0,13.3,-1.0,107.3,137.7,122.68333333333332,137.7,30.39999999999999,0.08244461094327,-0.0137798928706998,-0.5960000000000012,0.0675068756508505,1.0,137.7,240.0,107.3,216.0,0.0,-1.0,122.5,24.0,73.2,88.0,79.03333333333332,79.1,14.799999999999995,0.0622811251658812,-0.0211671751325057,0.4319999999999996,0.0065632426370459,-1.0,88.0,25.0,73.2,125.0,76.9,100.0,95.7,98.0,97.11666666666667,98.0,2.299999999999997,0.0076460166157355,-0.0016610665129552,0.0240000000000001,0.0009692665082375,1.0,98.0,240.0,95.7,216.0,0.0,-1.0,96.85,24.0,36.69,37.0,36.815,36.69,0.3100000000000023,0.0028692927479724,-0.0001684966750552,0.0059999999999997,-0.0010536434274118,-1.0,37.0,142.0,36.69,240.0,36.76,74.0,14.0,15.0,14.833333333333334,15.0,1.0,0.0251243592977504,0.0026290261356127,0.0399999999999999,3.713590103039356e-17,-1.0,15.0,25.0,14.0,0.0,0.0,-1.0,15.0,-1.0,32.6,40.0,35.21666666666667,33.5,7.399999999999999,0.067543779273725,-0.0139071264884927,0.1879999999999999,0.0107447064163841,-1.0,40.0,25.0,32.6,125.0,0.0,-1.0,34.6,100.0,1.0,1.0,1.0,1.0,1.0,1.0,1.0,1.0,1.0,1.0,1.0,1.0,1.0,1.0,1.0,3.0,1.0,39.0,160.0,1.0,1.0,118.0,1.0,160.0,0.0,-1.0,0.0,-1.0,1.0,39.0,4.0,0.0,-81.0,,0.0,0.0,2.0,0.0,216.0,1.0,0.0,120.0,120.0,1.0,6.19,6.19,6.19,120.0,0.0,0.0,120.0,120.0,1.0,141.6,141.6,141.6,120.0,0.0,0.0,120.0,120.0,1.0,4.26,4.26,4.26,120.0,0.0,0.0,120.0,120.0,1.0,25.6,25.6,25.6,120.0,0.0,0.0,120.0,120.0,1.0,24.7,24.7,24.7,120.0,0.0,0.0,120.0,120.0,1.0,7.384,7.384,7.384,120.0,0.0,0.0,120.0,120.0,1.0,0.013,0.013,0.013,120.0,0.0,0.0,120.0,120.0,1.0,1.51,1.51,1.51,120.0,0.0,0.0,120.0,120.0,1.0,402.6,402.6,402.6,120.0,0.0,0.0,120.0,120.0,1.0,15.4,15.4,15.4,120.0,0.0,0.0,120.0,120.0,1.0,0.99,0.99,0.99,120.0,0.0,0.0,120.0,120.0,1.0,84.1,84.1,84.1,120.0,0.0,0.0,120.0,120.0,1.0,277.0,277.0,277.0,120.0,0.0,0.0,-5.6000000000000085,5.6000000000000085,-0.0616061606160616,-1,-3.0,3.0,-0.1886792452830188,-1,22.89999999999999,22.89999999999999,0.1994773519163762,1,17.599999999999994,17.599999999999994,0.2861788617886178,1,3.0,3.0,0.031578947368421,1,-0.990000000000002,0.990000000000002,-0.0262738853503185,-1,1,1,0.0714285714285714,1,0,0,0.0,0,1,0,0,0,0,,0,0,28,6,0,0,0,0,1,0,0,0,1,0,0,0,0,0,0,0,0,0,0,0,0,1,0,0,0,0,0,0,0,0,0,0,1,0,0.1428571428571428,0.0,0,0,1,0,0,0,0,0,0,1,3425.112,0,,79.26666666666667,1.146761984861228,0,1,0,0,0,0,1,0,2,,,1,53.3,10435.32,0.7918118466898956,26.92160278745645,0
E000554,2025-05-22,117.8,22.7,121.8,59.4,92.7,1,38.03,11,33,Female,Black,Palpitations. Festival attendee from main stage with symptom onset ~17 minutes before arrival.,3,5,Walk-in,0,0,0,0,0,113.6,7.363,137.8,5.1,14.1,13.4,1,1,95.1,20.4,114.0,78.0,93.9,0,37.85,12,34.8,-22.7,-0.18,1,2.51,471.6,7.34,0.033,1,1,0,0,0,0,1,1,0,0,0,4,3,0,0,9.0,95.1,127.2,104.95555555555556,95.1,32.10000000000001,0.0998239362045757,-0.0738665262400779,0.6999999999999998,-0.0673965206958607,-1.0,127.2,35.0,95.1,204.0,0.0,-1.0,99.0,27.0,15.9,22.1,19.8,20.4,6.200000000000001,0.091808742117414,-0.0102945655644157,0.0057142857142857,-0.0056724655068986,1.0,22.1,72.0,15.9,213.0,0.0,-1.0,18.15,27.0,106.7,125.4,113.56666666666666,114.0,18.700000000000003,0.0545634932188418,0.0046298572859749,0.1999999999999996,-0.000238352329534,-1.0,125.4,65.0,106.7,72.0,0.0,-1.0,110.8,7.0,65.3,90.4,77.10000000000001,78.0,25.10000000000001,0.0858255439251366,-0.0093714564610296,-0.5142857142857143,0.0229738052389522,1.0,90.4,0.0,65.3,72.0,76.25,68.0,93.7,96.4,95.0222222222222,93.9,2.700000000000003,0.0091715021286845,0.0004225641552572,0.0599999999999995,-0.0022143571285742,-1.0,96.4,213.0,93.7,0.0,0.0,-1.0,95.15,27.0,37.11,37.91,37.60222222222222,37.85,0.7999999999999972,0.0061002930937447,-0.0010596947556539,-0.0108571428571429,-0.0007874025194961,1.0,37.91,0.0,37.11,204.0,37.7,9.0,12.0,14.0,12.77777777777778,12.0,2.0,0.0717061847933506,0.0032550100365867,0.0285714285714285,0.0030873825234953,-1.0,14.0,65.0,12.0,0.0,5.0,0.0,13.0,7.0,34.8,45.8,40.34444444444445,34.8,11.0,0.0921973497056005,-0.0152589145807568,0.1599999999999997,-0.0359080183963207,-1.0,45.8,62.0,34.8,240.0,0.0,-1.0,39.0,78.0,3.0,1.0,1.0,1.0,1.0,1.0,1.0,1.0,1.0,1.0,1.0,1.0,1.0,1.0,1.0,2.0,1.0,57.0,222.0,1.0,1.0,222.0,1.0,57.0,0.0,-1.0,0.0,-1.0,0.0,-1.0,4.0,0.0,57.0,,5.0,132.0,5.0,0.0,204.0,1.0,0.0,0.0,240.0,3.0,11.9,7.58,11.9,0.0,-4.32,-0.3630252100840336,0.0,240.0,3.0,135.3,141.1,141.1,240.0,5.799999999999983,0.0428677014042866,0.0,240.0,3.0,4.32,3.82,4.85,120.0,-0.5000000000000004,-0.1157407407407408,0.0,240.0,3.0,20.9,19.7,20.9,0.0,-1.1999999999999993,-0.0574162679425837,0.0,240.0,3.0,65.4,65.9,65.9,240.0,0.5,0.0076452599388379,0.0,240.0,3.0,7.325,7.34,7.371,120.0,0.0149999999999996,0.0020477815699658,0.0,240.0,3.0,0.075,0.033,0.092,120.0,-0.0419999999999999,-0.5599999999999999,0.0,240.0,3.0,2.22,2.51,3.97,120.0,0.2899999999999996,0.1306306306306304,0.0,240.0,3.0,647.8,471.6,647.8,0.0,-176.19999999999993,-0.2719975301018832,0.0,240.0,3.0,11.6,19.6,24.0,120.0,8.000000000000002,0.6896551724137933,0.0,240.0,3.0,0.1,0.2,11.12,120.0,0.1,1.0,0.0,240.0,3.0,118.1,90.1,118.1,0.0,-28.0,-0.2370872142252328,0.0,240.0,3.0,287.5,284.8,287.5,0.0,-2.6999999999999886,-0.009391304347826,-22.700000000000003,22.700000000000003,-0.1926994906621392,-1,-2.3000000000000007,2.3000000000000007,-0.1013215859030837,-1,-7.799999999999997,7.799999999999997,-0.064039408866995,-1,18.6,18.6,0.3131313131313131,1,1.2000000000000028,1.2000000000000028,0.0129449838187702,1,-0.1799999999999997,0.1799999999999997,-0.0047331054430712,-1,1,1,0.0909090909090909,1,-1,1,-1.0,-1,1,0,0,0,1,17.0,1,1,94,13,1,0,0,0,0,1,0,0,0,0,1,0,0,1,1,0,0,0,0,0,0,0,1,0,0,0,0,0,0,0,0,0,0,1,0.0,0.0,0,0,1,0,1,0,1,0,2,1,4479.934,1,2.8903717578961645,80.2,1.4688279301745637,0,3,1,2,2,0,2,0,9,6.929411764705883,0.5294117647058824,2,62.4,14348.04,0.9671592775041052,31.91625615763547,3
E001381,2025-05-22,116.0,21.8,128.6,67.6,94.5,1,37.76,10,29,Female,Black,Headache. Festival attendee from campground with symptom onset ~118 minutes before arrival.,2,8,EMS,1,0,1,0,0,112.1,7.385,136.3,4.3,15.7,13.9,1,1,118.7,27.7,117.4,69.1,93.9,0,37.64,12,40.5,2.7,-0.12,2,2.63,605.7,7.318,0.101,0,0,0,0,0,0,0,1,0,1,0,4,3,0,0,7.0,112.5,136.5,119.2714285714286,118.7,24.0,0.0666062181783436,0.0227861844337382,-0.1739459680720436,0.0242176154898457,1.0,136.5,196.0,112.5,26.0,1.0,196.0,118.7,6.0,17.5,29.7,23.457142857142856,27.7,12.2,0.1737941140968854,-0.0072494140859479,-0.103213262382317,0.0607576554772178,1.0,29.7,0.0,17.5,93.0,2.0,0.0,27.7,109.0,95.1,125.1,112.58571428571427,117.4,30.0,0.0760022995787696,0.058563740663218,0.0148792468276701,0.0072713879827428,1.0,125.1,202.0,95.1,26.0,0.0,-1.0,117.4,31.0,62.3,81.6,70.1857142857143,69.1,19.3,0.0934032088386518,0.0326966139648503,0.2356324191567746,-0.0155529832684412,-1.0,81.6,202.0,62.3,0.0,69.1,38.0,92.2,94.2,93.3,93.9,2.0,0.007578850816576,0.0021155542564242,0.0015349979533352,0.0056213827212462,1.0,94.2,196.0,92.2,26.0,0.0,-1.0,93.9,31.0,37.47,37.96,37.64,37.64,0.490000000000002,0.0040241497688444,-0.0004503317134789,-0.0075767498976669,0.0013136904135536,1.0,37.96,0.0,37.47,93.0,37.64,109.0,11.0,13.0,11.714285714285714,12.0,2.0,0.0751757805240119,-0.0028395300160245,-0.0339746213671715,-0.0102914868988739,1.0,13.0,0.0,11.0,26.0,5.0,26.0,12.0,67.0,34.9,45.4,41.34285714285714,40.5,10.5,0.0784510856413452,0.0113836967131396,0.0312525583299218,-0.0318404714300746,1.0,45.4,93.0,34.9,26.0,0.0,-1.0,40.5,31.0,2.0,1.0,1.0,1.0,1.0,1.0,1.0,1.0,1.0,1.0,1.0,1.0,1.0,1.0,1.0,1.0,1.0,92.0,92.0,0.0,0.0,-1.0,0.0,-1.0,0.0,-1.0,0.0,-1.0,1.0,92.0,3.0,0.0,92.0,,8.0,67.0,3.0,26.0,-1.0,1.0,0.0,0.0,240.0,2.0,13.16,8.12,13.16,0.0,-5.040000000000001,-0.3829787234042554,0.0,240.0,2.0,137.2,137.7,137.7,240.0,0.5,0.0036443148688046,0.0,240.0,2.0,3.74,4.0,4.0,240.0,0.2599999999999998,0.06951871657754,0.0,240.0,2.0,18.5,23.2,23.2,240.0,4.699999999999999,0.254054054054054,0.0,240.0,2.0,21.1,57.2,57.2,240.0,36.1,1.7109004739336493,0.0,240.0,2.0,7.388,7.318,7.388,0.0,-0.0700000000000002,-0.0094748240389821,0.0,240.0,2.0,0.093,0.101,0.101,240.0,0.008,0.0860215053763441,0.0,240.0,2.0,2.27,2.63,2.63,240.0,0.3599999999999999,0.158590308370044,0.0,240.0,2.0,590.6,605.7,605.7,240.0,15.100000000000025,0.0255672197764985,0.0,240.0,2.0,22.1,27.8,27.8,240.0,5.699999999999999,0.257918552036199,0.0,240.0,2.0,8.19,4.67,8.19,0.0,-3.52,-0.4297924297924297,0.0,240.0,2.0,99.2,136.4,136.4,240.0,37.2,0.375,0.0,240.0,2.0,289.6,291.9,291.9,240.0,2.2999999999999545,0.007941988950276,2.700000000000003,2.700000000000003,0.0232758620689655,1,5.899999999999999,5.899999999999999,0.2706422018348623,1,-11.199999999999989,11.199999999999989,-0.0870917573872472,-1,1.5,1.5,0.022189349112426,1,-0.5999999999999943,0.5999999999999943,-0.0063492063492062,-1,-0.1199999999999974,0.1199999999999974,-0.0031779661016948,-1,2,2,0.2,1,-1,1,-1.0,-1,3,1,1,0,1,118.0,1,1,91,12,0,0,1,0,0,0,1,0,0,0,0,0,1,1,0,1,0,0,0,0,0,1,0,0,0,0,0,0,0,0,0,0,0,0,0.0,0.0,0,0,1,0,0,0,0,0,1,1,4380.16,0,4.77912349311153,87.93333333333332,1.31918119787718,0,3,1,2,2,0,1,0,8,0.9830508474576272,0.0677966101694915,1,61.0,14917.6,0.9020217729393468,26.158631415241057,1
E000511,2025-05-19,83.1,15.2,127.3,76.2,97.0,0,37.49,13,47,Male,White,Nausea/vomiting. Community patient from street with symptom onset ~225 minutes before arrival.,5,3,Walk-in,0,1,0,0,0,95.1,7.419,137.1,4.47,13.7,8.2,0,0,83.5,15.7,130.7,73.9,97.5,0,36.98,14,34.1,0.4,-0.51,1,,,,,0,0,0,0,0,0,0,0,0,0,0,1,0,0,1,8.0,69.2,102.2,81.8,83.5,33.0,0.1192135271912086,0.0344460560778871,0.576666666666666,0.0268539976825029,-1.0,102.2,173.0,69.2,179.0,0.0,-1.0,83.5,2.0,7.0,18.4,14.537499999999998,15.7,11.4,0.2400662622715407,-0.0084873370829898,0.1066666666666665,0.0185373433055936,-1.0,18.4,30.0,7.0,173.0,1.0,173.0,15.7,2.0,119.6,135.5,128.65,130.7,15.900000000000006,0.0435029209807571,0.0132879757072347,-0.503333333333334,0.0320920678394605,1.0,135.5,175.0,119.6,30.0,0.0,-1.0,130.7,123.0,62.7,87.8,74.86250000000001,73.9,25.099999999999994,0.0942127562329641,0.0167080589788273,-0.146666666666667,-0.01487938480986,-1.0,87.8,173.0,62.7,175.0,73.9,2.0,95.9,98.5,97.4125,97.5,2.5999999999999943,0.0089558000443547,-0.0007038432240089,0.0099999999999993,0.0026967239018224,-1.0,98.5,179.0,95.9,153.0,0.0,-1.0,97.5,22.0,36.56,37.15,36.855,36.98,0.5899999999999963,0.0055953305188715,-0.001686928029552,0.0019999999999997,-7.847887917416076e-05,1.0,37.15,30.0,36.56,153.0,36.98,87.0,13.0,15.0,14.125,14.0,2.0,0.0424409869319709,-0.0020296146340954,0.0333333333333332,0.0001580111661223,-1.0,15.0,30.0,13.0,173.0,0.0,-1.0,14.0,54.0,28.5,38.6,33.7625,34.1,10.1,0.099695914871968,0.0074709645104402,0.1766666666666663,-0.0288475718950806,-1.0,38.6,153.0,28.5,175.0,2.0,0.0,34.1,20.0,1.0,1.0,1.0,1.0,1.0,1.0,1.0,1.0,1.0,1.0,1.0,1.0,1.0,1.0,1.0,0.0,0.0,-1.0,-1.0,0.0,0.0,-1.0,0.0,-1.0,0.0,-1.0,0.0,-1.0,0.0,-1.0,0.0,0.0,,,3.0,30.0,4.0,173.0,240.0,0.0,0.0,120.0,120.0,1.0,8.23,8.23,8.23,120.0,0.0,0.0,120.0,120.0,1.0,139.6,139.6,139.6,120.0,0.0,0.0,120.0,120.0,1.0,4.48,4.48,4.48,120.0,0.0,0.0,120.0,120.0,1.0,26.9,26.9,26.9,120.0,0.0,0.0,120.0,120.0,1.0,44.7,44.7,44.7,120.0,0.0,0.0,120.0,120.0,1.0,7.369,7.369,7.369,120.0,0.0,0.0,120.0,120.0,1.0,0.012,0.012,0.012,120.0,0.0,0.0,120.0,120.0,1.0,1.55,1.55,1.55,120.0,0.0,0.0,120.0,120.0,1.0,213.4,213.4,213.4,120.0,0.0,0.0,120.0,120.0,1.0,8.7,8.7,8.7,120.0,0.0,0.0,120.0,120.0,1.0,6.64,6.64,6.64,120.0,0.0,0.0,120.0,120.0,1.0,99.9,99.9,99.9,120.0,0.0,0.0,120.0,120.0,1.0,284.9,284.9,284.9,120.0,0.0,0.0,0.4000000000000057,0.4000000000000057,0.0048134777376655,1,0.5,0.5,0.0328947368421052,1,3.3999999999999915,3.3999999999999915,0.0267085624509033,1,-2.299999999999997,2.299999999999997,-0.0301837270341206,-1,0.5,0.5,0.0051546391752577,1,-0.5100000000000051,0.5100000000000051,-0.0136036276340358,-1,1,1,0.0769230769230769,1,0,0,0.0,0,2,0,0,0,0,225.0,1,0,94,12,0,0,0,0,1,0,0,1,0,0,0,0,0,0,0,0,0,1,0,0,0,0,0,0,0,0,0,0,0,0,0,0,0,0,0.0,0.0,0,1,1,0,0,0,0,0,1,0,3115.419,0,5.420534999272286,93.23333333333332,0.8913121201287093,0,2,0,0,0,0,0,0,2,0.3693333333333333,0.0088888888888888,0,51.1,10578.63,0.6527886881382561,30.68106834249804,0
E000677,2025-05-21,132.7,26.6,120.2,66.7,95.6,1,37.97,11,40,Female,Other/Multiracial,Chest pain. Festival attendee from VIP tent with symptom onset ~226 minutes before arrival.,3,6,Walk-in,1,0,0,0,0,144.2,7.314,135.9,4.13,12.4,13.6,1,1,98.2,18.3,106.0,62.4,95.7,0,37.37,14,37.3,-34.5,-0.6,3,,,,,1,1,1,0,0,0,1,1,0,0,0,3,2,0,1,9.0,87.3,131.6,109.07777777777778,98.2,44.3,0.1411676381702156,-0.0993161766331787,0.1,-0.0532594816447519,-1.0,131.6,127.0,87.3,206.0,1.0,127.0,100.65,-1.0,14.1,25.8,19.58888888888889,18.3,11.7,0.1489779089540721,0.0062714213059533,-0.08125,-0.0096138937447746,1.0,25.8,127.0,14.1,48.0,1.0,127.0,19.1,79.0,106.0,144.6,125.42222222222222,106.0,38.6,0.0883854840787569,-0.0206193659661976,-0.0500000000000003,-0.0410754731321729,-1.0,144.6,74.0,106.0,240.0,0.0,-1.0,117.6,132.0,62.4,81.7,75.3111111111111,62.4,19.300000000000004,0.0809197768286212,-0.0234261559213097,0.0812499999999995,-0.0304286691495022,-1.0,81.7,74.0,62.4,240.0,69.0,-1.0,93.4,95.7,94.9888888888889,95.7,2.299999999999997,0.0075008630445111,0.0058999344001298,0.0229166666666661,0.0072653340427148,-1.0,95.7,221.0,93.4,61.0,0.0,-1.0,95.7,-1.0,36.95,37.94,37.44111111111111,37.37,0.9899999999999948,0.0086099951002349,-0.003128045050158,-0.0027083333333335,-0.0032191989055255,1.0,37.94,63.0,36.95,221.0,37.16,19.0,12.0,14.0,12.88888888888889,14.0,2.0,0.0571831860406103,0.0051005741831342,0.0208333333333332,0.0051075473132172,-1.0,14.0,221.0,12.0,0.0,3.0,0.0,14.0,-1.0,35.3,42.6,38.488888888888894,37.3,7.300000000000004,0.0651952147354908,-0.0163212845781338,-0.1229166666666667,-0.0207779128980771,1.0,42.6,63.0,35.3,127.0,0.0,-1.0,36.7,-1.0,2.0,1.0,1.0,1.0,1.0,1.0,1.0,1.0,1.0,1.0,1.0,1.0,1.0,1.0,1.0,3.0,1.0,30.0,125.0,2.0,1.0,125.0,1.0,57.0,0.0,-1.0,1.0,30.0,0.0,-1.0,5.0,0.0,30.0,-2.0,5.0,79.0,5.0,0.0,221.0,1.0,0.0,0.0,120.0,2.0,8.42,4.56,8.42,0.0,-3.86,-0.4584323040380048,0.0,120.0,2.0,138.9,137.0,138.9,0.0,-1.9000000000000057,-0.013678905687545,0.0,120.0,2.0,4.06,4.25,4.25,120.0,0.1900000000000004,0.0467980295566503,0.0,120.0,2.0,23.3,25.2,25.2,120.0,1.8999999999999984,0.0815450643776823,0.0,120.0,2.0,39.1,49.6,49.6,120.0,10.5,0.268542199488491,0.0,120.0,2.0,7.305,7.372,7.372,120.0,0.0670000000000001,0.0091718001368925,0.0,120.0,2.0,0.068,0.054,0.068,0.0,-0.014,-0.2058823529411765,0.0,120.0,2.0,4.3,2.84,4.3,0.0,-1.46,-0.3395348837209302,0.0,120.0,2.0,730.2,688.4,730.2,0.0,-41.80000000000007,-0.0572445905231444,0.0,120.0,2.0,11.9,18.5,18.5,120.0,6.6,0.5546218487394957,0.0,120.0,2.0,9.44,6.76,9.44,0.0,-2.68,-0.2838983050847457,0.0,120.0,2.0,132.7,112.7,132.7,0.0,-19.999999999999982,-0.1507159005275055,0.0,120.0,2.0,291.6,285.9,291.6,0.0,-5.7000000000000455,-0.0195473251028808,-34.499999999999986,34.499999999999986,-0.2599849284099472,-1,-8.3,8.3,-0.3120300751879699,-1,-14.200000000000005,14.200000000000005,-0.1181364392678868,-1,-4.300000000000004,4.300000000000004,-0.0644677661169415,-1,0.1000000000000085,0.1000000000000085,0.0010460251046025,1,-0.6000000000000014,0.6000000000000014,-0.0158019489070319,-1,3,3,0.2727272727272727,1,-1,1,-1.0,-1,2,0,0,0,1,226.0,1,1,91,14,0,0,0,1,0,0,0,1,0,0,0,0,0,1,1,0,0,0,0,0,0,0,0,0,0,0,0,0,0,0,0,0,0,0,0.0,0.0,0,0,0,1,0,1,1,1,1,1,5038.619,0,5.424950017481403,84.53333333333333,1.5697949526813877,0,3,1,3,3,0,0,0,9,0.5871681415929203,0.0398230088495575,2,53.5,15950.54,1.1039933444259566,44.15973377703827,2
E000408,2025-05-20,84.4,24.3,137.3,88.0,95.7,0,37.02,13,20,Female,White,Altered mental status. Festival attendee from main stage with symptom onset ~141 minutes before arrival.,5,7,Walk-in,0,0,0,0,1,137.0,7.337,135.8,3.57,15.3,7.8,1,1,89.5,18.7,135.3,81.9,96.1,0,37.04,14,34.0,5.1,0.02,1,2.85,406.1,7.337,0.003,1,1,0,0,0,0,0,0,0,0,0,2,1,0,1,6.0,81.9,97.1,89.08333333333333,89.5,15.199999999999989,0.0682645371071693,0.0345498944369546,0.0,0.0206338644054906,-1.0,97.1,88.0,81.9,65.0,0.0,-1.0,89.5,152.0,14.2,19.3,17.51666666666667,18.7,5.100000000000001,0.1059560202651074,0.0127108081296263,0.0,0.0101154036275143,1.0,19.3,70.0,14.2,65.0,0.0,-1.0,18.7,-1.0,117.9,136.7,128.71666666666667,135.3,18.799999999999983,0.0511426495834464,0.0549899524330374,0.0,0.077640784820716,1.0,136.7,130.0,117.9,65.0,0.0,-1.0,135.3,5.0,62.9,88.8,75.43333333333332,81.9,25.9,0.1140481967293202,-0.0010642789916821,0.0,0.0736919654739723,1.0,88.8,0.0,62.9,65.0,81.9,23.0,96.1,99.5,97.33333333333331,96.1,3.4000000000000057,0.01229542676097,-0.0101452445755858,0.0,-0.0035837864557587,1.0,99.5,0.0,96.1,240.0,0.0,-1.0,96.1,-1.0,36.52,37.25,36.97666666666667,37.04,0.7299999999999969,0.0065330103423756,-9.655839035439172e-05,0.0,-0.0009207574432487,1.0,37.25,88.0,36.52,130.0,37.04,42.0,13.0,15.0,13.833333333333334,14.0,2.0,0.0496759713929838,0.0023147559331518,0.0,-0.0010931974599794,-1.0,15.0,65.0,13.0,0.0,0.0,-1.0,14.0,5.0,31.9,41.1,35.95,34.0,9.200000000000005,0.083460824415452,-0.0066252893444917,0.0,-0.0145442792501615,1.0,41.1,88.0,31.9,65.0,0.0,-1.0,34.0,42.0,2.0,1.0,1.0,1.0,1.0,1.0,1.0,1.0,1.0,1.0,1.0,1.0,1.0,1.0,1.0,2.0,1.0,62.0,213.0,0.0,1.0,62.0,1.0,213.0,0.0,-1.0,0.0,-1.0,0.0,-1.0,4.0,0.0,-58.0,,0.0,0.0,2.0,0.0,240.0,0.0,0.0,120.0,240.0,2.0,7.61,9.11,9.11,240.0,1.4999999999999991,0.1971090670170826,120.0,240.0,2.0,146.8,141.2,146.8,120.0,-5.600000000000023,-0.0381471389645778,120.0,240.0,2.0,4.26,3.85,4.26,120.0,-0.4099999999999997,-0.0962441314553989,120.0,240.0,2.0,23.1,24.0,24.0,240.0,0.8999999999999986,0.0389610389610389,120.0,240.0,2.0,18.5,28.5,28.5,240.0,10.0,0.5405405405405406,120.0,240.0,2.0,7.371,7.337,7.371,120.0,-0.0340000000000006,-0.004612671279338,120.0,240.0,2.0,0.0,0.003,0.003,240.0,0.003,3000000.0,120.0,240.0,2.0,1.33,2.85,2.85,240.0,1.52,1.1428571428571428,120.0,240.0,2.0,302.2,406.1,406.1,240.0,103.90000000000003,0.3438120450033092,120.0,240.0,2.0,15.2,3.6,15.2,120.0,-11.6,-0.7631578947368421,120.0,240.0,2.0,2.47,4.55,4.55,240.0,2.08,0.8421052631578945,120.0,240.0,2.0,86.6,107.1,107.1,240.0,20.5,0.2367205542725173,120.0,240.0,2.0,294.5,287.0,294.5,120.0,-7.5,-0.0254668930390492,5.099999999999994,5.099999999999994,0.0604265402843601,1,-5.600000000000001,5.600000000000001,-0.2304526748971194,-1,-2.0,2.0,-0.0145666423889293,-1,-6.099999999999994,6.099999999999994,-0.0693181818181817,-1,0.3999999999999915,0.3999999999999915,0.0041797283176592,1,0.019999999999996,0.019999999999996,0.0005402485143164,1,1,1,0.0769230769230769,1,0,0,0.0,0,2,0,0,0,0,141.0,1,1,104,15,1,0,0,0,0,0,1,0,0,0,0,0,0,0,0,0,0,1,0,0,0,0,0,0,0,0,0,0,0,0,0,0,0,0,0.0,0.1111111111111111,0,1,0,0,0,0,0,1,1,0,3124.4880000000003,0,4.955827057601261,104.43333333333334,0.8081710820300032,0,2,0,0,2,0,0,0,4,0.598581560283688,0.0283687943262411,1,49.30000000000001,11588.120000000004,0.6147123088128187,12.294246176256374,1
E000357,2025-05-22,90.9,19.5,105.3,62.9,96.3,0,37.23,15,28,Male,Native American,Agitation. Festival attendee from VIP tent with symptom onset ~92 minutes before arrival.,5,5,Walk-in,0,0,0,0,0,100.3,7.422,136.1,4.01,12.2,11.4,1,1,92.6,13.0,130.6,68.5,97.3,0,36.5,15,40.4,1.7,-0.73,0,,,,,1,0,1,0,0,0,0,0,0,0,0,4,3,0,0,9.0,73.2,92.6,83.02222222222221,92.6,19.39999999999999,0.082178460671947,0.0560061355574726,0.0,0.0633602724407848,1.0,92.6,240.0,73.2,131.0,0.0,-1.0,92.6,-1.0,8.4,18.3,12.88888888888889,13.0,9.9,0.2305772624513786,-0.0110080529191832,0.0,0.0199730608925485,1.0,18.3,0.0,8.4,82.0,0.0,-1.0,13.0,49.0,112.6,147.7,133.35555555555553,130.6,35.099999999999994,0.0708949108644607,-0.0146222797430738,0.0,-0.0434634543051744,-1.0,147.7,112.0,112.6,179.0,0.0,-1.0,130.6,4.0,63.7,98.7,77.71111111111112,68.5,35.0,0.1227282283843509,0.0090739142939314,0.0,-0.0320804106943172,-1.0,98.7,131.0,63.7,127.0,68.5,48.0,96.7,98.8,97.44444444444444,97.3,2.0999999999999943,0.0067400304246894,-0.006248202473397,0.0,-0.0023991054183184,1.0,98.8,0.0,96.7,82.0,0.0,-1.0,97.3,30.0,36.5,37.3,36.86333333333333,36.5,0.7999999999999972,0.0073727523684381,-0.0012951778352986,0.0,-0.0015726339331096,-1.0,37.3,131.0,36.5,240.0,36.5,-1.0,13.0,15.0,14.333333333333334,15.0,2.0,0.0465116279069767,-0.0008148787268718,0.0,-0.0043966656500965,0.0,15.0,82.0,13.0,179.0,0.0,-1.0,15.0,45.0,31.2,40.4,36.3,40.4,9.2,0.0668008575921881,0.0226608187134502,0.0,0.0360501169055605,1.0,40.4,240.0,31.2,82.0,0.0,-1.0,40.4,-1.0,0.0,0.0,0.0,0.0,0.0,0.0,0.0,0.0,0.0,0.0,0.0,0.0,0.0,0.0,0.0,2.0,1.0,91.0,96.0,0.0,0.0,-1.0,1.0,91.0,0.0,-1.0,1.0,96.0,0.0,-1.0,5.0,0.0,,,0.0,0.0,6.0,179.0,183.0,1.0,0.0,,,,,,,,,,,,,,,,,,,,,,,,,,,,,,,,,,,,,,,,,,,,,,,,,,,,,,,,,,,,,,,,,,,,,,,,,,,,,,,,,,,,,,,,,,,,,,,,,,,,,,,,,,,,,,,,,,,,,,1.6999999999999886,1.6999999999999886,0.0187018701870185,1,-6.5,6.5,-0.3333333333333333,-1,25.3,25.3,0.2402659069325735,1,5.600000000000001,5.600000000000001,0.0890302066772655,1,1.0,1.0,0.0103842159916926,1,-0.7299999999999969,0.7299999999999969,-0.0196078431372548,-1,0,0,0.0,0,0,0,0.0,0,2,0,0,0,0,92.0,1,1,89,13,0,0,0,1,0,0,1,0,0,0,0,1,0,0,0,0,0,0,0,0,1,0,0,1,0,0,0,0,0,0,0,0,1,0,0.1428571428571428,0.0,0,1,1,0,0,0,0,0,0,0,3384.207,0,4.532599493153256,77.03333333333333,1.1800086542622243,0,0,0,0,0,1,0,0,1,0.9880434782608696,0.0108695652173913,0,42.4,9571.77,0.8632478632478633,24.17094017094017,0
E001568,2025-05-22,112.8,30.9,117.6,78.0,95.7,1,37.99,11,61,Male,White,Chest pain. Festival attendee from beach shuttle stop with symptom onset ~194 minutes before arrival.,3,3,EMS,0,0,1,0,0,147.1,7.342,134.7,4.93,14.1,14.3,1,1,96.4,15.5,120.9,79.6,96.5,0,37.29,14,39.9,-16.4,-0.7,3,2.68,331.3,7.368,0.039,1,1,0,1,0,0,0,1,0,0,0,4,3,0,0,9.0,81.6,125.0,95.45555555555556,96.4,43.400000000000006,0.1285664501136012,-0.1365700480856006,0.0,-0.0681057531015449,1.0,125.0,0.0,81.6,174.0,0.0,-1.0,92.8,-1.0,11.8,21.4,16.4,15.5,9.599999999999998,0.1842095944775967,0.0052273999990743,0.0,-0.0097274304263443,-1.0,21.4,110.0,11.8,133.0,0.0,-1.0,14.35,23.0,104.6,143.8,123.0888888888889,120.9,39.20000000000002,0.0922958937481234,0.0957292211428543,0.0,0.0651922757641509,-1.0,143.8,203.0,104.6,0.0,0.0,-1.0,125.9,6.0,67.6,86.2,75.66666666666669,79.6,18.60000000000001,0.0755246484290285,0.0144798285764532,0.0,0.0163845171780089,1.0,86.2,203.0,67.6,218.0,73.6,6.0,94.4,97.0,95.7,96.5,2.5999999999999943,0.0073062267375141,0.0025074858959703,0.0,0.0078725146131872,1.0,97.0,203.0,94.4,110.0,0.0,-1.0,96.0,23.0,36.86,37.67,37.30777777777778,37.29,0.8100000000000023,0.0068451342924223,-0.0011843682459169,0.0,-0.000936446233204,-1.0,37.67,110.0,36.86,209.0,37.455,9.0,12.0,15.0,13.444444444444445,14.0,3.0,0.0618455766408915,0.0058267344832533,0.0,0.0093203794562348,1.0,15.0,174.0,12.0,110.0,1.0,110.0,13.5,29.0,30.9,44.6,37.98888888888889,39.9,13.700000000000005,0.1034977270762046,-0.0384379353274124,0.0,-0.0325646501136422,1.0,44.6,0.0,30.9,209.0,0.0,-1.0,36.95,31.0,1.0,1.0,1.0,1.0,1.0,1.0,1.0,1.0,1.0,1.0,1.0,1.0,1.0,1.0,1.0,3.0,1.0,110.0,177.0,0.0,1.0,110.0,1.0,125.0,1.0,177.0,0.0,-1.0,0.0,-1.0,7.0,1.0,-130.0,,1.0,23.0,5.0,110.0,203.0,1.0,1.0,240.0,240.0,1.0,9.34,9.34,9.34,240.0,0.0,0.0,240.0,240.0,1.0,143.2,143.2,143.2,240.0,0.0,0.0,240.0,240.0,1.0,3.77,3.77,3.77,240.0,0.0,0.0,240.0,240.0,1.0,23.0,23.0,23.0,240.0,0.0,0.0,240.0,240.0,1.0,24.5,24.5,24.5,240.0,0.0,0.0,240.0,240.0,1.0,7.368,7.368,7.368,240.0,0.0,0.0,240.0,240.0,1.0,0.039,0.039,0.039,240.0,0.0,0.0,240.0,240.0,1.0,2.68,2.68,2.68,240.0,0.0,0.0,240.0,240.0,1.0,331.3,331.3,331.3,240.0,0.0,0.0,240.0,240.0,1.0,3.6,3.6,3.6,240.0,0.0,0.0,240.0,240.0,1.0,0.1,0.1,0.1,240.0,0.0,0.0,240.0,240.0,1.0,110.0,110.0,110.0,240.0,0.0,0.0,240.0,240.0,1.0,281.1,281.1,281.1,240.0,0.0,0.0,-16.39999999999999,16.39999999999999,-0.1453900709219857,-1,-15.4,15.4,-0.4983818770226537,-1,3.300000000000012,3.300000000000012,0.028061224489796,1,1.5999999999999943,1.5999999999999943,0.0205128205128204,1,0.7999999999999972,0.7999999999999972,0.0083594566353186,1,-0.7000000000000028,0.7000000000000028,-0.0184259015530403,-1,3,3,0.2727272727272727,1,-1,1,-1.0,-1,1,0,0,0,1,194.0,1,1,101,15,0,0,0,1,0,0,0,1,0,0,1,0,0,1,1,0,0,0,0,0,0,0,0,0,0,0,0,0,0,0,0,0,0,0,0.0,0.0,0,0,0,0,0,1,1,1,1,1,4285.272,0,5.272999558563747,91.2,1.2368421052631575,1,3,1,2,3,0,0,0,8,0.5814432989690721,0.0412371134020618,3,39.6,13265.28,0.9591836734693878,58.51020408163266,2
E000720,2025-05-22,80.6,19.2,123.7,76.7,98.5,0,37.28,15,51,Male,White,"No SI/HI Chest Pain ""it hurts here"" and points to his heart.",5,4,Festival Medical Tent Transfer,0,1,0,0,0,99.1,7.43,134.0,3.99,14.1,8.4,1,0,75.4,15.6,137.5,66.9,96.8,0,36.88,15,29.8,-5.2,-0.4,0,,,,,1,0,0,0,0,0,0,0,0,0,0,4,3,0,0,7.0,63.7,96.2,76.2,75.4,32.5,0.1333813747745083,-0.1031008565198167,0.0,-0.0143258498063732,1.0,96.2,0.0,63.7,160.0,0.0,-1.0,70.2,23.0,12.0,17.7,15.242857142857144,15.6,5.699999999999999,0.1273015717638812,-0.0044489572639325,0.0,-0.0357488167253031,1.0,17.7,160.0,12.0,224.0,0.0,-1.0,13.8,16.0,99.5,137.9,124.84285714285714,137.5,38.400000000000006,0.1170221243866889,0.0734340224958223,0.0,-0.0421701384494672,1.0,137.9,198.0,99.5,224.0,0.0,-1.0,118.5,26.0,66.9,96.1,79.58571428571427,66.9,29.19999999999999,0.1172365457998,-0.0384538430987582,0.0,-0.204760940545192,-1.0,96.1,160.0,66.9,240.0,74.45,23.0,96.1,97.7,96.79999999999998,96.8,1.6000000000000083,0.0061241127276406,0.0032837006451999,0.0,-0.001379432534359,1.0,97.7,160.0,96.1,0.0,0.0,-1.0,96.6,23.0,36.56,37.32,36.80857142857143,36.88,0.759999999999998,0.006705856594952,0.0004181810006969,0.0,0.0047935913336202,-1.0,37.32,224.0,36.56,146.0,37.1,16.0,14.0,15.0,14.714285714285714,15.0,1.0,0.0307017248560036,0.0034320741567813,0.0,-0.000936495482042,-1.0,15.0,146.0,14.0,0.0,0.0,-1.0,15.0,52.0,29.2,38.0,32.84285714285714,29.8,8.8,0.0843620908040063,-0.00322674919631,0.0,0.0237667366929054,-1.0,38.0,224.0,29.2,146.0,2.0,146.0,33.9,14.0,1.0,1.0,1.0,1.0,1.0,1.0,1.0,1.0,1.0,1.0,1.0,1.0,1.0,1.0,1.0,1.0,1.0,156.0,156.0,0.0,0.0,-1.0,1.0,156.0,0.0,-1.0,0.0,-1.0,0.0,-1.0,2.0,0.0,36.0,,2.0,14.0,3.0,0.0,183.0,1.0,1.0,120.0,120.0,1.0,4.57,4.57,4.57,120.0,0.0,0.0,120.0,120.0,1.0,137.1,137.1,137.1,120.0,0.0,0.0,120.0,120.0,1.0,3.44,3.44,3.44,120.0,0.0,0.0,120.0,120.0,1.0,24.6,24.6,24.6,120.0,0.0,0.0,120.0,120.0,1.0,14.8,14.8,14.8,120.0,0.0,0.0,120.0,120.0,1.0,7.423,7.423,7.423,120.0,0.0,0.0,120.0,120.0,1.0,0.013,0.013,0.013,120.0,0.0,0.0,120.0,120.0,1.0,1.68,1.68,1.68,120.0,0.0,0.0,120.0,120.0,1.0,160.0,160.0,160.0,120.0,0.0,0.0,120.0,120.0,1.0,9.8,9.8,9.8,120.0,0.0,0.0,120.0,120.0,1.0,0.1,0.1,0.1,120.0,0.0,0.0,120.0,120.0,1.0,116.5,116.5,116.5,120.0,0.0,0.0,120.0,120.0,1.0,285.5,285.5,285.5,120.0,0.0,0.0,-5.199999999999989,5.199999999999989,-0.0645161290322579,-1,-3.6,3.6,-0.1875,-1,13.799999999999995,13.799999999999995,0.1115602263540824,1,-9.799999999999995,9.799999999999995,-0.1277705345501955,-1,-1.7000000000000028,1.7000000000000028,-0.0172588832487309,-1,-0.3999999999999986,0.3999999999999986,-0.0107296137339055,-1,0,0,0.0,0,0,0,0.0,0,1,0,0,0,0,,0,0,60,12,0,0,0,0,1,0,0,0,1,0,0,0,0,0,1,0,0,0,0,0,0,0,0,0,0,0,0,0,0,0,0,0,0,1,0.0,0.0,0,1,1,0,0,0,0,0,0,0,3004.768,0,,92.36666666666667,0.8726091663659328,1,0,0,0,0,0,0,0,0,,,1,47.0,9970.22,0.6515763945028293,33.2303961196443,0
E000178,2025-05-21,114.4,25.4,109.3,75.4,95.2,1,37.76,10,47,Female,White,Agitation. Community patient from workplace with symptom onset ~163 minutes before arrival.,3,9,Walk-in,0,0,0,1,0,127.7,7.379,135.3,4.83,13.3,13.6,0,0,108.1,18.0,120.1,73.7,96.9,0,36.66,14,36.6,-6.3,-1.1,4,1.68,384.3,7.372,0.018,1,1,0,1,0,0,1,0,0,0,0,3,2,0,1,8.0,88.6,115.5,100.7625,108.1,26.90000000000001,0.080852721482171,-0.0140967509840159,-0.9208333333333336,0.0451647721523253,1.0,115.5,0.0,88.6,180.0,0.0,-1.0,108.1,60.0,13.7,20.9,18.65,18.0,7.199999999999999,0.1145308813045245,-0.0076599466726859,-0.0833333333333334,-0.0071575538840355,1.0,20.9,81.0,13.7,126.0,0.0,-1.0,18.0,2.0,107.9,138.3,120.875,120.1,30.40000000000001,0.0727516391987661,0.0306877530578559,0.4041666666666661,0.1022127028029815,-1.0,138.3,180.0,107.9,81.0,0.0,-1.0,120.1,60.0,72.3,85.0,77.925,73.7,12.700000000000005,0.0523430549061579,-0.0095825515285752,-0.1208333333333336,-0.0220561945559418,1.0,85.0,128.0,72.3,81.0,73.7,45.0,95.3,96.9,96.2125,96.9,1.6000000000000083,0.006047946894794,0.0050119210530028,0.0208333333333333,0.0021047660808848,1.0,96.9,240.0,95.3,0.0,0.0,-1.0,96.9,-1.0,36.66,37.57,37.1675,36.66,0.9100000000000036,0.0082080234850544,-0.0036099487888492,-0.0041666666666668,-0.0050143353459035,-1.0,37.57,81.0,36.66,240.0,36.66,-1.0,12.0,14.0,13.375,14.0,2.0,0.0520351809610282,0.0020117658676974,-0.0416666666666667,0.009174621378217,1.0,14.0,0.0,12.0,81.0,1.0,81.0,14.0,45.0,35.5,45.3,39.125,36.6,9.799999999999995,0.0742067372646478,-0.0081334029315915,-0.0666666666666668,-0.0347758626505211,-1.0,45.3,81.0,35.5,128.0,0.0,-1.0,36.6,45.0,3.0,1.0,1.0,1.0,1.0,1.0,1.0,1.0,1.0,1.0,1.0,1.0,1.0,1.0,1.0,3.0,1.0,78.0,125.0,0.0,1.0,78.0,1.0,106.0,1.0,125.0,0.0,-1.0,0.0,-1.0,7.0,1.0,78.0,,1.0,45.0,3.0,81.0,180.0,1.0,0.0,0.0,240.0,3.0,7.48,8.0,8.0,240.0,0.5199999999999996,0.06951871657754,0.0,240.0,3.0,140.2,135.9,142.1,120.0,-4.299999999999983,-0.0306704707560626,0.0,240.0,3.0,4.5,3.89,4.5,0.0,-0.6099999999999999,-0.1355555555555555,0.0,240.0,3.0,22.0,21.5,24.6,120.0,-0.5,-0.0227272727272727,0.0,240.0,3.0,41.9,24.3,58.2,120.0,-17.599999999999998,-0.4200477326968973,0.0,240.0,3.0,7.376,7.372,7.376,0.0,-0.0040000000000004,-0.0005422993492408,0.0,240.0,3.0,0.088,0.018,0.088,0.0,-0.0699999999999999,-0.7954545454545454,0.0,240.0,3.0,2.31,1.68,2.31,0.0,-0.6300000000000001,-0.2727272727272727,0.0,240.0,3.0,618.3,384.3,618.3,0.0,-234.0,-0.378457059679767,0.0,240.0,3.0,13.3,18.3,18.3,240.0,5.0,0.3759398496240601,0.0,240.0,3.0,4.56,1.3,4.56,0.0,-3.26,-0.7149122807017544,0.0,240.0,3.0,141.4,80.7,141.4,0.0,-60.7,-0.4292786421499293,0.0,240.0,3.0,295.8,279.6,295.8,0.0,-16.19999999999999,-0.0547667342799188,-6.300000000000011,6.300000000000011,-0.0550699300699301,-1,-7.399999999999999,7.399999999999999,-0.2913385826771653,-1,10.799999999999995,10.799999999999995,0.0988106129917657,1,-1.7000000000000028,1.7000000000000028,-0.0225464190981432,-1,1.7000000000000028,1.7000000000000028,0.0178571428571428,1,-1.1000000000000014,1.1000000000000014,-0.0291313559322034,-1,4,4,0.4,1,-1,1,-1.0,-1,1,0,0,0,1,163.0,1,0,91,12,0,0,0,0,1,0,1,0,0,1,0,0,1,0,0,0,0,1,0,0,0,0,0,0,0,0,0,0,0,0,0,0,1,0,0.1538461538461538,0.0,0,0,1,0,0,0,1,0,1,1,4319.744,0,5.099866427824199,86.7,1.3194925028835065,0,3,1,2,3,1,0,0,9,0.7018404907975461,0.0552147239263803,1,33.89999999999999,12503.92,1.0466605672461118,49.193046660567255,2
E000439,2025-05-19,77.7,16.0,114.8,76.6,97.8,0,37.25,13,21,Male,White,"Alcohol Intoxication 3 pints of vodka Shortness of Breath speaking in full sentences,",5,4,EMS,1,0,0,0,0,46.0,7.445,138.8,3.77,14.7,5.2,0,0,64.7,12.5,141.4,77.8,97.6,0,36.29,14,27.0,-13.0,-0.96,1,,,,,0,0,0,1,0,0,0,0,0,0,0,1,0,0,1,7.0,39.0,70.8,60.0,64.7,31.8,0.1688241312774548,-0.0436258536051397,0.0,-0.0110388377172156,1.0,70.8,154.0,39.0,187.0,1.0,187.0,64.7,53.0,7.8,15.0,11.171428571428573,12.5,7.2,0.1947516174919929,0.0077601232727915,0.0,0.0288267970753014,-1.0,15.0,187.0,7.8,115.0,1.0,115.0,12.5,72.0,107.5,141.7,123.14285714285712,141.4,34.19999999999999,0.1251979338459918,0.1151320719764908,0.0,0.19964628240433,1.0,141.7,187.0,107.5,115.0,0.0,-1.0,141.4,-1.0,75.8,84.2,80.61428571428571,77.8,8.400000000000006,0.0410157609171654,0.0117454383172928,0.0,-0.0075728800683694,-1.0,84.2,115.0,75.8,108.0,77.8,125.0,95.6,98.1,97.17142857142856,97.6,2.5,0.0089329359194138,-0.0023484140416463,0.0,0.0043989174817205,1.0,98.1,0.0,95.6,108.0,0.0,-1.0,97.6,2.0,36.27,36.91,36.52857142857143,36.29,0.6399999999999935,0.0055729027299302,-0.0022599590774748,0.0,-0.0013232361599088,1.0,36.91,0.0,36.27,115.0,36.29,-1.0,13.0,15.0,14.428571428571429,14.0,2.0,0.0504853417187404,0.0037807024191443,0.0,-0.0063621688348684,-1.0,15.0,108.0,13.0,0.0,0.0,-1.0,14.0,46.0,27.0,34.8,31.92857142857144,27.0,7.799999999999997,0.0862734499617392,-0.0260114852518924,0.0,-0.031706390656158,-1.0,34.8,0.0,27.0,240.0,2.0,154.0,27.0,-1.0,0.0,0.0,0.0,0.0,0.0,0.0,0.0,0.0,0.0,0.0,0.0,0.0,0.0,0.0,0.0,1.0,1.0,70.0,70.0,0.0,0.0,-1.0,0.0,-1.0,1.0,70.0,0.0,-1.0,0.0,-1.0,7.0,0.0,,,4.0,53.0,5.0,0.0,187.0,1.0,0.0,,,,,,,,,,,,,,,,,,,,,,,,,,,,,,,,,,,,,,,,,,,,,,,,,,,,,,,,,,,,,,,,,,,,,,,,,,,,,,,,,,,,,,,,,,,,,,,,,,,,,,,,,,,,,,,,,,,,,,-13.0,13.0,-0.1673101673101673,-1,-3.5,3.5,-0.21875,-1,26.60000000000001,26.60000000000001,0.2317073170731708,1,1.2000000000000028,1.2000000000000028,0.0156657963446475,1,-0.2000000000000028,0.2000000000000028,-0.0020449897750511,-1,-0.9600000000000009,0.9600000000000009,-0.0257718120805369,-1,1,1,0.0769230769230769,1,0,0,0.0,0,2,0,0,0,0,,0,0,85,13,0,0,0,0,1,0,0,0,1,0,0,0,0,1,0,0,0,0,0,0,0,0,0,0,0,0,0,0,0,0,0,0,0,0,0.0,0.0,0,1,1,0,0,0,0,0,1,0,2894.3250000000003,0,,89.33333333333333,0.8697761194029852,0,2,0,0,0,0,0,0,2,,,1,38.2,8919.960000000001,0.676829268292683,14.213414634146345,0
E002076,2025-05-21,91.6,18.9,129.8,65.5,97.5,0,37.1,14,35,Male,Asian,Shortness of breath. Festival attendee from festival medical tent with symptom onset ~53 minutes before arrival.,4,6,Walk-in,1,0,0,0,1,130.5,7.357,136.3,3.98,13.4,8.0,1,1,89.3,20.7,138.1,69.2,96.5,0,36.91,15,37.5,-2.3,-0.19,1,,,,,0,0,0,0,0,0,0,0,0,0,0,3,2,0,1,6.0,67.9,91.1,83.0,89.3,23.19999999999999,0.0916771680951652,0.0258189809372922,-0.0147058823529415,0.0876213318738629,1.0,91.1,106.0,67.9,74.0,0.0,-1.0,89.3,32.0,10.7,21.2,15.65,20.7,10.5,0.2721662214945311,0.0493618662218856,0.0029411764705882,0.0370812742462533,-1.0,21.2,135.0,10.7,0.0,0.0,-1.0,20.7,-1.0,111.3,138.1,126.95,138.1,26.8,0.070435624871269,0.0900082234931724,0.4852941176470587,0.0738180706018702,-1.0,138.1,240.0,111.3,0.0,0.0,-1.0,138.1,-1.0,66.4,84.5,71.95,69.2,18.099999999999994,0.0857843254773062,-0.0266482993165675,0.5205882352941175,-0.0229158282761618,-1.0,84.5,34.0,66.4,135.0,69.2,40.0,95.9,98.5,97.08333333333331,96.5,2.5999999999999943,0.0102732115367396,-0.0016553845296116,0.0764705882352936,-0.0048403972763711,-1.0,98.5,34.0,95.9,0.0,0.0,-1.0,96.5,40.0,36.58,37.34,36.961666666666666,36.91,0.7600000000000051,0.0059754666238019,0.0002257511487336,-0.0114705882352943,-0.0019783333065048,1.0,37.34,74.0,36.58,34.0,36.91,40.0,13.0,15.0,14.666666666666666,15.0,2.0,0.0508197267613588,0.0054730366990805,0.0588235294117646,-1.81647981795186e-17,-1.0,15.0,34.0,13.0,0.0,0.0,-1.0,15.0,-1.0,32.0,37.5,35.01666666666667,37.5,5.5,0.0680694837363668,0.0090732541338152,-0.1294117647058825,0.0239444328187627,1.0,37.5,106.0,32.0,74.0,0.0,-1.0,37.5,32.0,1.0,1.0,1.0,1.0,1.0,1.0,1.0,1.0,1.0,1.0,1.0,1.0,1.0,1.0,1.0,1.0,1.0,197.0,197.0,0.0,0.0,-1.0,0.0,-1.0,0.0,-1.0,0.0,-1.0,1.0,197.0,3.0,0.0,197.0,,0.0,0.0,3.0,0.0,240.0,0.0,0.0,0.0,0.0,1.0,9.49,9.49,9.49,0.0,0.0,0.0,0.0,0.0,1.0,139.7,139.7,139.7,0.0,0.0,0.0,0.0,0.0,1.0,3.68,3.68,3.68,0.0,0.0,0.0,0.0,0.0,1.0,19.6,19.6,19.6,0.0,0.0,0.0,0.0,0.0,1.0,23.6,23.6,23.6,0.0,0.0,0.0,0.0,0.0,1.0,7.344,7.344,7.344,0.0,0.0,0.0,0.0,0.0,1.0,0.003,0.003,0.003,0.0,0.0,0.0,0.0,0.0,1.0,1.84,1.84,1.84,0.0,0.0,0.0,0.0,0.0,1.0,385.2,385.2,385.2,0.0,0.0,0.0,0.0,0.0,1.0,15.4,15.4,15.4,0.0,0.0,0.0,0.0,0.0,1.0,6.27,6.27,6.27,0.0,0.0,0.0,0.0,0.0,1.0,99.9,99.9,99.9,0.0,0.0,0.0,0.0,0.0,1.0,292.3,292.3,292.3,0.0,0.0,0.0,-2.299999999999997,2.299999999999997,-0.0251091703056768,-1,1.8000000000000007,1.8000000000000007,0.0952380952380952,1,8.299999999999983,8.299999999999983,0.0639445300462248,1,3.700000000000003,3.700000000000003,0.0564885496183206,1,-1.0,1.0,-0.0102564102564102,-1,-0.1900000000000048,0.1900000000000048,-0.0051212938005392,-1,1,1,0.0714285714285714,1,0,0,0.0,0,1,0,0,0,0,53.0,1,1,112,16,0,1,0,0,0,1,0,0,0,0,0,0,0,0,0,0,1,0,0,0,0,0,1,0,0,0,0,0,0,0,0,0,0,0,0.0,0.0,0,1,1,0,0,0,0,0,0,0,3398.36,0,3.9889840465642745,86.93333333333334,1.0536809815950918,0,1,0,1,0,0,0,0,2,1.728301886792453,0.0377358490566037,0,64.30000000000001,11889.68,0.7057010785824344,24.699537750385204,0
E001055,2025-05-22,131.2,27.5,155.8,73.1,93.8,0,38.34,12,21,Female,White,General weakness. Festival attendee from main stage with symptom onset ~20 minutes before arrival.,3,9,Festival Medical Tent Transfer,0,0,0,0,0,125.8,7.25,146.5,4.22,12.6,16.0,1,1,111.1,17.1,114.4,84.9,93.4,0,37.66,14,32.2,-20.1,-0.68,2,3.38,536.0,7.373,0.063,1,1,0,0,0,0,1,1,0,0,0,4,3,0,0,9.0,88.5,147.5,119.11111111111111,111.1,59.0,0.1513899135898235,-0.1426144486486242,0.2268475010679193,-0.0102174268432238,-1.0,147.5,30.0,88.5,132.0,3.0,30.0,111.1,108.0,17.1,31.4,24.344444444444445,17.1,14.299999999999995,0.1838974654349884,-0.0457321060535679,-0.0925032037590774,-0.0725764263527873,0.0,31.4,39.0,17.1,240.0,4.0,0.0,17.1,-1.0,101.8,132.1,118.90000000000002,114.4,30.3,0.0694017533665333,-0.0047549574495912,-0.4799871849636904,-0.021767206146804,1.0,132.1,0.0,101.8,58.0,0.0,-1.0,114.4,74.0,59.0,84.9,75.96666666666665,84.9,25.90000000000001,0.1053733168289746,0.0501702467337431,-0.2777979495941899,0.059162988393003,1.0,84.9,240.0,59.0,44.0,84.9,47.0,91.2,95.9,93.71111111111112,93.4,4.700000000000003,0.0127998214105459,0.005753212138705,0.006599743699274,-0.0020598332515941,-1.0,95.9,177.0,91.2,39.0,0.0,-1.0,93.4,5.0,37.59,38.1,37.76222222222222,37.66,0.509999999999998,0.0039668803734132,-0.0007545876421164,-0.0008308415207176,-0.0011754127840445,-1.0,38.1,39.0,37.59,177.0,37.66,5.0,11.0,15.0,12.666666666666666,14.0,4.0,0.1052631578947368,0.0124471784140671,-0.0160187953865868,0.018309628903057,1.0,15.0,177.0,11.0,30.0,5.0,30.0,14.0,9.0,32.2,44.0,40.61111111111111,32.2,11.799999999999995,0.0849625834231086,-0.0389592174513049,-0.0442973088423748,-0.0705002452182443,-1.0,44.0,0.0,32.2,240.0,0.0,-1.0,32.2,-1.0,2.0,1.0,1.0,1.0,1.0,1.0,1.0,1.0,1.0,1.0,1.0,1.0,1.0,1.0,1.0,2.0,1.0,151.0,219.0,0.0,1.0,219.0,1.0,151.0,0.0,-1.0,0.0,-1.0,0.0,-1.0,4.0,0.0,151.0,189.0,12.0,102.0,4.0,30.0,240.0,0.0,1.0,0.0,240.0,2.0,16.86,7.7,16.86,0.0,-9.16,-0.5432977461447213,0.0,240.0,2.0,143.8,132.1,143.8,0.0,-11.700000000000015,-0.0813630041724618,0.0,240.0,2.0,4.19,4.43,4.43,240.0,0.2399999999999993,0.0572792362768494,0.0,240.0,2.0,20.5,19.9,20.5,0.0,-0.6000000000000014,-0.0292682926829268,0.0,240.0,2.0,46.1,52.4,52.4,240.0,6.299999999999997,0.1366594360086767,0.0,240.0,2.0,7.323,7.373,7.373,240.0,0.0499999999999998,0.0068278028130547,0.0,240.0,2.0,0.124,0.063,0.124,0.0,-0.061,-0.4919354838709677,0.0,240.0,2.0,2.83,3.38,3.38,240.0,0.5499999999999998,0.1943462897526501,0.0,240.0,2.0,823.9,536.0,823.9,0.0,-287.9,-0.3494356111178541,0.0,240.0,2.0,25.6,9.3,25.6,0.0,-16.3,-0.63671875,0.0,240.0,2.0,7.02,4.87,7.02,0.0,-2.1499999999999995,-0.3062678062678062,0.0,240.0,2.0,133.1,123.2,133.1,0.0,-9.899999999999991,-0.0743801652892561,0.0,240.0,2.0,295.6,289.4,295.6,0.0,-6.2000000000000455,-0.0209742895805143,-20.099999999999994,20.099999999999994,-0.1532012195121951,-1,-10.4,10.4,-0.3781818181818181,-1,-41.400000000000006,41.400000000000006,-0.2657252888318357,-1,11.800000000000011,11.800000000000011,0.1614227086183312,1,-0.3999999999999915,0.3999999999999915,-0.0042643923240937,-1,-0.6800000000000068,0.6800000000000068,-0.0177360459050601,-1,2,2,0.1666666666666666,1,0,0,0.0,0,3,0,0,0,0,20.0,1,1,98,14,1,0,0,0,0,1,0,0,0,1,0,1,0,0,1,0,1,0,0,0,1,0,0,1,0,0,0,0,0,0,0,0,0,0,0.0,0.0,0,0,0,1,1,0,1,1,1,1,5030.208,0,3.044522437723423,100.66666666666669,1.3033112582781454,1,2,1,3,3,0,1,2,11,6.56,0.55,3,82.70000000000002,20440.96,0.8421052631578946,17.684210526315788,4
E000653,2025-05-21,119.8,30.2,122.3,58.7,95.9,1,37.95,11,41,Male,White,Chest pain. Festival attendee from campground with symptom onset ~144 minutes before arrival.,4,4,Walk-in,0,0,1,1,0,113.5,7.318,138.6,4.54,16.9,10.7,1,1,82.4,20.1,140.1,80.2,96.7,0,37.25,14,38.1,-37.4,-0.7,3,,,,,1,1,0,0,0,0,0,0,0,0,0,3,2,0,1,7.0,75.0,103.8,92.17142857142856,82.4,28.8,0.1153661907975157,-0.0911098890434442,-0.1147058823529412,-0.0924542924578152,1.0,103.8,0.0,75.0,132.0,0.0,-1.0,82.4,19.0,13.1,24.2,18.87142857142857,20.1,11.1,0.1785947891633606,-0.0001368356354931,0.2352941176470587,0.0226388839961954,-1.0,24.2,34.0,13.1,151.0,1.0,34.0,20.1,76.0,104.9,144.2,122.08571428571427,140.1,39.29999999999998,0.1213514990468774,0.1158528774302071,0.2323529411764697,0.0885898474653889,1.0,144.2,151.0,104.9,0.0,0.0,-1.0,140.1,52.0,66.7,82.9,76.92857142857143,80.2,16.200000000000003,0.0711334300955646,0.0132025361498398,-0.4764705882352948,0.0192887589389508,1.0,82.9,0.0,66.7,34.0,80.2,76.0,94.4,96.7,95.5,96.7,2.299999999999997,0.0091969640382584,0.0076967618801149,0.0029411764705876,0.0020062000211361,1.0,96.7,240.0,94.4,0.0,0.0,-1.0,96.7,-1.0,36.83,37.48,37.190000000000005,37.25,0.6499999999999986,0.0054179730249018,-0.0006480768608676,-0.0120588235294118,0.0003420579842885,1.0,37.48,0.0,36.83,151.0,37.25,89.0,12.0,14.0,13.571428571428571,14.0,2.0,0.0536738896167661,0.0076731472196163,0.0294117647058822,8.465428109790232e-18,-1.0,14.0,110.0,12.0,0.0,1.0,0.0,14.0,-1.0,36.1,43.1,38.74285714285714,38.1,7.0,0.0596593540056784,-0.0195257658590237,-0.0647058823529415,0.0135237961038503,1.0,43.1,0.0,36.1,132.0,0.0,-1.0,38.1,-1.0,1.0,1.0,1.0,1.0,1.0,1.0,1.0,1.0,1.0,1.0,1.0,1.0,1.0,1.0,1.0,3.0,1.0,37.0,195.0,2.0,1.0,52.0,1.0,195.0,0.0,-1.0,0.0,-1.0,1.0,37.0,4.0,0.0,37.0,,2.0,76.0,4.0,0.0,203.0,1.0,0.0,0.0,0.0,1.0,4.91,4.91,4.91,0.0,0.0,0.0,0.0,0.0,1.0,137.6,137.6,137.6,0.0,0.0,0.0,0.0,0.0,1.0,3.64,3.64,3.64,0.0,0.0,0.0,0.0,0.0,1.0,18.2,18.2,18.2,0.0,0.0,0.0,0.0,0.0,1.0,36.6,36.6,36.6,0.0,0.0,0.0,0.0,0.0,1.0,7.307,7.307,7.307,0.0,0.0,0.0,0.0,0.0,1.0,0.03,0.03,0.03,0.0,0.0,0.0,0.0,0.0,1.0,2.22,2.22,2.22,0.0,0.0,0.0,0.0,0.0,1.0,341.8,341.8,341.8,0.0,0.0,0.0,0.0,0.0,1.0,3.6,3.6,3.6,0.0,0.0,0.0,0.0,0.0,1.0,8.02,8.02,8.02,0.0,0.0,0.0,0.0,0.0,1.0,87.2,87.2,87.2,0.0,0.0,0.0,0.0,0.0,1.0,290.8,290.8,290.8,0.0,0.0,0.0,-37.39999999999999,37.39999999999999,-0.3121869782971618,-1,-10.099999999999998,10.099999999999998,-0.3344370860927151,-1,17.799999999999997,17.799999999999997,0.1455437448896157,1,21.5,21.5,0.3662691652470187,1,0.7999999999999972,0.7999999999999972,0.008342022940563,1,-0.7000000000000028,0.7000000000000028,-0.0184453227931489,-1,3,3,0.2727272727272727,1,-1,1,-1.0,-1,1,0,0,0,1,144.0,1,1,93,13,0,0,1,0,0,0,1,0,0,0,1,0,0,0,1,0,0,0,0,0,0,0,0,0,0,0,0,0,0,0,0,0,0,0,0.0,0.0,0,1,0,0,0,0,1,1,1,0,4546.41,0,4.976733742420574,79.9,1.4993742177722154,0,3,1,2,3,0,0,0,8,0.8319444444444444,0.0555555555555555,1,63.6,14651.54,0.9795584627964022,40.16189697465249,2
E001980,2025-05-21,101.6,24.8,134.0,79.2,96.9,0,37.69,12,16,Male,White,Headache. Festival attendee from main stage with symptom onset ~72 minutes before arrival.,3,8,EMS,1,0,0,0,1,92.1,7.376,135.7,4.24,14.7,11.0,1,1,71.9,9.9,133.7,75.9,97.5,0,36.7,14,37.7,-29.7,-0.99,2,,,,,1,1,0,1,1,0,0,0,0,0,0,3,2,0,1,9.0,66.5,113.1,89.53333333333333,71.9,46.6,0.1762088410120065,-0.1778103044496487,-0.3523809523809522,-0.1942862887012469,-1.0,113.1,0.0,66.5,169.0,0.0,-1.0,71.9,-1.0,9.9,21.2,15.444444444444445,9.9,11.3,0.2044355717752923,-0.038095238095238,-0.1904761904761903,-0.0504282267792521,1.0,21.2,0.0,9.9,240.0,0.0,-1.0,9.9,-1.0,101.9,140.9,123.75555555555556,133.7,39.0,0.1041970986433315,0.1372856604484642,-0.2857142857142866,0.0843184559710486,1.0,140.9,145.0,101.9,21.0,0.0,-1.0,133.7,-1.0,62.0,85.2,75.75555555555556,75.9,23.200000000000003,0.1039268428107163,0.0221217260222346,0.6904761904761899,0.07684157619622,-1.0,85.2,169.0,62.0,137.0,75.9,71.0,94.9,97.6,96.33333333333331,97.5,2.6999999999999886,0.0098479235091748,0.0058063474117739,-0.0761904761904772,0.0080307599517484,1.0,97.6,169.0,94.9,21.0,0.0,-1.0,97.5,67.0,36.29,37.47,36.74,36.7,1.1799999999999995,0.0089356358209001,-0.003175724783978,-0.0228571428571428,-0.0003553478086048,1.0,37.47,0.0,36.29,137.0,36.7,-1.0,12.0,15.0,13.88888888888889,14.0,3.0,0.0629920629920944,0.0032167756870978,-0.0476190476190477,0.0037293928427823,0.0,15.0,145.0,12.0,146.0,1.0,146.0,14.0,23.0,31.8,40.6,36.4,37.7,8.8,0.0717565495390466,-0.0112553500767181,0.057142857142857,0.0021642541214313,1.0,40.6,145.0,31.8,137.0,0.0,-1.0,37.7,8.0,1.0,1.0,1.0,1.0,1.0,1.0,1.0,1.0,1.0,1.0,1.0,1.0,1.0,1.0,1.0,5.0,1.0,123.0,222.0,0.0,1.0,176.0,1.0,222.0,1.0,214.0,0.0,-1.0,1.0,123.0,7.0,1.0,123.0,,1.0,23.0,6.0,146.0,200.0,1.0,1.0,0.0,0.0,1.0,7.82,7.82,7.82,0.0,0.0,0.0,0.0,0.0,1.0,141.6,141.6,141.6,0.0,0.0,0.0,0.0,0.0,1.0,4.6,4.6,4.6,0.0,0.0,0.0,0.0,0.0,1.0,21.9,21.9,21.9,0.0,0.0,0.0,0.0,0.0,1.0,43.2,43.2,43.2,0.0,0.0,0.0,0.0,0.0,1.0,7.352,7.352,7.352,0.0,0.0,0.0,0.0,0.0,1.0,0.05,0.05,0.05,0.0,0.0,0.0,0.0,0.0,1.0,2.65,2.65,2.65,0.0,0.0,0.0,0.0,0.0,1.0,553.0,553.0,553.0,0.0,0.0,0.0,0.0,0.0,1.0,14.1,14.1,14.1,0.0,0.0,0.0,0.0,0.0,1.0,4.96,4.96,4.96,0.0,0.0,0.0,0.0,0.0,1.0,94.0,94.0,94.0,0.0,0.0,0.0,0.0,0.0,1.0,297.3,297.3,297.3,0.0,0.0,0.0,-29.69999999999999,29.69999999999999,-0.2923228346456692,-1,-14.9,14.9,-0.6008064516129032,-1,-0.3000000000000113,0.3000000000000113,-0.0022388059701493,-1,-3.299999999999997,3.299999999999997,-0.0416666666666666,-1,0.5999999999999943,0.5999999999999943,0.0061919504643962,1,-0.9899999999999948,0.9899999999999948,-0.0262669143008754,-1,2,2,0.1666666666666666,1,0,0,0.0,0,2,0,0,0,0,72.0,1,1,90,13,1,0,0,0,0,0,1,0,0,0,0,0,0,0,0,1,0,1,0,0,0,0,0,0,0,0,0,0,0,0,0,0,0,0,0.0,0.0,0,1,1,0,0,0,0,0,1,0,3829.304,0,4.290459441148391,97.46666666666668,1.0424076607387145,0,2,1,1,2,0,0,0,5,1.411111111111111,0.0694444444444444,0,54.8,13614.4,0.7582089552238805,12.131343283582089,2
E000578,2025-05-22,86.3,21.7,84.3,58.6,96.3,0,37.04,15,39,Male,White,Altered mental status. Festival attendee from beach shuttle stop with symptom onset ~86 minutes before arrival.,4,4,Walk-in,0,0,0,0,0,58.5,7.378,141.8,4.65,13.5,8.7,1,1,94.6,16.0,126.0,77.6,96.6,0,36.99,14,35.0,8.3,-0.05,-1,2.41,225.2,7.415,0.0,1,0,0,0,0,0,0,0,0,0,0,4,3,0,0,8.0,70.8,100.8,83.8625,94.6,30.0,0.1185116014347657,0.0080983193957302,0.0,-0.0029334157109575,1.0,100.8,89.0,70.8,126.0,0.0,-1.0,91.6,37.0,14.2,20.8,17.549999999999997,16.0,6.600000000000001,0.1471586503720223,-0.0213369495762912,0.0,-0.0195305762572241,1.0,20.8,0.0,14.2,177.0,0.0,-1.0,15.35,14.0,82.5,133.3,117.1375,126.0,50.80000000000001,0.1370649529131758,-0.0739809086926556,0.0,-0.0807944292131649,1.0,133.3,177.0,82.5,191.0,1.0,191.0,113.45,49.0,66.9,84.8,76.89999999999999,77.6,17.89999999999999,0.0738136070029564,-0.0486764160130362,0.0,-0.0642075658699208,1.0,84.8,87.0,66.9,191.0,73.5,49.0,94.8,98.2,96.8,96.6,3.4000000000000057,0.0119026018820278,-0.0055516026150796,0.0,-0.0054118237633704,1.0,98.2,191.0,94.8,215.0,0.0,-1.0,95.7,25.0,36.61,37.13,36.93375,36.99,0.5200000000000031,0.004161483158154,0.0004757201094917,0.0,0.0015845464725643,1.0,37.13,177.0,36.61,89.0,36.915000000000006,37.0,13.0,15.0,13.875,14.0,2.0,0.0432056893992136,0.0051258011680241,0.0,0.0040094734267804,-1.0,15.0,215.0,13.0,0.0,0.0,-1.0,14.5,25.0,33.8,40.5,36.5875,35.0,6.700000000000003,0.070725825844317,-0.0124299980746853,0.0,-0.021375062748581,-1.0,40.5,87.0,33.8,89.0,0.0,-1.0,34.65,2.0,2.0,1.0,1.0,1.0,1.0,1.0,1.0,1.0,1.0,1.0,1.0,1.0,1.0,1.0,1.0,1.0,1.0,221.0,221.0,0.0,0.0,-1.0,1.0,221.0,0.0,-1.0,0.0,-1.0,0.0,-1.0,2.0,0.0,101.0,,1.0,24.0,2.0,0.0,191.0,1.0,0.0,120.0,240.0,2.0,3.87,5.17,5.17,240.0,1.2999999999999998,0.3359173126614986,120.0,240.0,2.0,134.7,141.9,141.9,240.0,7.200000000000017,0.0534521158129177,120.0,240.0,2.0,4.11,3.7,4.11,120.0,-0.4100000000000001,-0.0997566909975669,120.0,240.0,2.0,18.4,22.7,22.7,240.0,4.300000000000001,0.2336956521739131,120.0,240.0,2.0,41.5,26.3,41.5,120.0,-15.2,-0.3662650602409638,120.0,240.0,2.0,7.414,7.415,7.415,240.0,0.0010000000000003,0.0001348799568384,120.0,240.0,2.0,0.03,0.0,0.03,120.0,-0.03,-1.0,120.0,240.0,2.0,1.73,2.41,2.41,240.0,0.6800000000000002,0.393063583815029,120.0,240.0,2.0,232.8,225.2,232.8,120.0,-7.600000000000023,-0.0326460481099657,120.0,240.0,2.0,18.6,14.4,18.6,120.0,-4.200000000000001,-0.2258064516129032,120.0,240.0,2.0,0.1,2.54,2.54,240.0,2.44,24.4,120.0,240.0,2.0,94.7,64.6,94.7,120.0,-30.10000000000001,-0.3178458289334742,120.0,240.0,2.0,284.9,296.9,296.9,240.0,12.0,0.0421200421200421,8.299999999999997,8.299999999999997,0.0961761297798377,1,-5.699999999999999,5.699999999999999,-0.2626728110599078,-1,41.7,41.7,0.4946619217081851,1,19.0,19.0,0.3242320819112627,1,0.2999999999999971,0.2999999999999971,0.0031152647975077,1,-0.0499999999999971,0.0499999999999971,-0.0013498920086392,-1,-1,1,-0.0666666666666666,-1,0,0,0.0,0,2,0,0,0,0,86.0,1,1,111,16,0,0,0,1,0,0,1,0,0,0,0,0,0,1,0,0,0,0,0,0,1,0,0,0,0,0,0,0,0,0,0,0,0,0,0.0,0.1052631578947368,0,1,1,0,0,0,0,0,0,0,3196.552,0,4.465908118654584,67.16666666666667,1.2848635235732009,0,0,1,0,2,3,0,0,5,1.0034883720930232,0.0581395348837209,1,25.7,7275.089999999999,1.0237247924080664,39.92526690391459,0
E001949,2025-05-21,90.5,20.5,124.9,75.7,97.3,0,36.91,14,28,Male,White,Nausea/vomiting. Festival attendee from main stage with symptom onset ~197 minutes before arrival.,5,4,EMS,0,0,0,0,1,112.2,7.326,138.1,4.43,16.2,7.0,1,1,69.5,17.2,139.9,76.9,96.4,0,36.68,15,32.4,-21.0,-0.23,1,,,,,0,1,0,0,0,0,0,0,0,0,0,3,2,0,1,6.0,69.5,101.6,85.68333333333334,69.5,32.099999999999994,0.1421125146850878,-0.0255647265961564,0.0,-0.0961119204300001,-1.0,101.6,225.0,69.5,240.0,0.0,-1.0,85.55,-1.0,13.3,18.2,15.45,17.2,4.899999999999999,0.1163099172214014,0.0149232671103729,0.0,0.0393153162204249,-1.0,18.2,225.0,13.3,124.0,0.0,-1.0,17.7,-1.0,107.3,139.9,126.98333333333332,139.9,32.60000000000001,0.0860682195514311,0.1213178826967022,0.0,0.1250665595016823,1.0,139.9,240.0,107.3,0.0,0.0,-1.0,132.6,-1.0,66.1,76.9,71.21666666666665,76.9,10.800000000000011,0.0519377882512123,0.0004482849044115,0.0,0.0659064650625406,1.0,76.9,240.0,66.1,124.0,72.5,71.0,95.9,97.7,97.03333333333336,96.4,1.7999999999999972,0.0071812246514485,-0.0027921031929372,0.0,-7.786205857305786e-05,-1.0,97.7,195.0,95.9,197.0,0.0,-1.0,97.05,28.0,36.68,36.97,36.848333333333336,36.68,0.2899999999999991,0.0029330124088603,0.0004429154751944,0.0,-0.0004420555583464,-1.0,36.97,197.0,36.68,240.0,36.82,43.0,14.0,15.0,14.666666666666666,15.0,1.0,0.0321412173266612,0.0025473571169911,0.0,-0.0036168182046516,0.0,15.0,124.0,14.0,0.0,0.0,-1.0,14.5,101.0,32.4,39.8,35.266666666666666,32.4,7.399999999999999,0.0677107549662469,-0.0116229411985065,0.0,-0.055161500979555,-1.0,39.8,124.0,32.4,240.0,0.0,-1.0,34.099999999999994,71.0,2.0,1.0,1.0,1.0,1.0,1.0,1.0,1.0,1.0,1.0,1.0,1.0,1.0,1.0,1.0,1.0,1.0,149.0,149.0,0.0,1.0,149.0,0.0,-1.0,0.0,-1.0,0.0,-1.0,0.0,-1.0,4.0,0.0,149.0,,0.0,0.0,3.0,0.0,195.0,1.0,0.0,0.0,120.0,2.0,6.9,6.65,6.9,0.0,-0.25,-0.036231884057971,0.0,120.0,2.0,141.2,137.7,141.2,0.0,-3.5,-0.0247875354107648,0.0,120.0,2.0,4.63,3.69,4.63,0.0,-0.94,-0.203023758099352,0.0,120.0,2.0,23.9,18.9,23.9,0.0,-5.0,-0.2092050209205021,0.0,120.0,2.0,19.4,8.0,19.4,0.0,-11.4,-0.5876288659793815,0.0,120.0,2.0,7.435,7.393,7.435,0.0,-0.0419999999999998,-0.0056489576328177,0.0,120.0,2.0,0.038,0.034,0.038,0.0,-0.0039999999999999,-0.1052631578947367,0.0,120.0,2.0,1.71,2.0,2.0,120.0,0.29,0.1695906432748538,0.0,120.0,2.0,300.5,208.5,300.5,0.0,-92.0,-0.3061564059900166,0.0,120.0,2.0,11.9,8.3,11.9,0.0,-3.6,-0.3025210084033613,0.0,120.0,2.0,2.76,0.92,2.76,0.0,-1.84,-0.6666666666666666,0.0,120.0,2.0,107.4,87.8,107.4,0.0,-19.60000000000001,-0.1824953445065177,0.0,120.0,2.0,293.9,287.1,293.9,0.0,-6.7999999999999545,-0.0231371214698875,-21.0,21.0,-0.2320441988950276,-1,-3.3000000000000007,3.3000000000000007,-0.1609756097560976,-1,15.0,15.0,0.1200960768614891,1,1.2000000000000028,1.2000000000000028,0.0158520475561427,1,-0.8999999999999915,0.8999999999999915,-0.0092497430626926,-1,-0.2299999999999968,0.2299999999999968,-0.0062313736114873,-1,1,1,0.0714285714285714,1,0,0,0.0,0,1,0,0,0,0,197.0,1,1,98,13,1,0,0,0,0,0,0,1,0,0,1,0,0,0,0,0,0,0,1,0,0,0,0,0,0,0,0,0,0,0,0,0,0,0,0.0,0.0,0,1,0,0,0,0,0,1,0,0,3340.355,0,5.288267030694535,92.1,0.9826275787187838,0,1,0,0,1,0,0,0,2,0.4593908629441624,0.0101522842639593,1,49.2,11303.45,0.7245796637309847,20.28823058446757,0
E001313,2025-05-20,90.2,15.6,110.5,84.2,96.4,0,37.32,15,49,Male,Black,Palpitations. Festival attendee from festival medical tent with symptom onset ~289 minutes before arrival.,5,3,Walk-in,1,0,0,0,0,99.0,7.374,139.4,3.7,14.2,7.9,1,1,63.9,7.0,120.1,74.0,97.1,0,36.29,15,34.4,-26.3,-1.03,0,,,,,0,1,0,0,1,0,0,0,0,0,0,2,1,0,1,7.0,54.8,79.9,69.12857142857142,63.9,25.10000000000001,0.1138006604857067,0.0365522029964405,-0.4242424242424245,-0.0494188394740384,-1.0,79.9,194.0,54.8,33.0,0.0,-1.0,63.9,88.0,7.0,12.4,10.485714285714284,7.0,5.4,0.1719969918379842,-0.007185002151491,0.0939393939393938,-0.0388278059507247,-1.0,12.4,138.0,7.0,240.0,1.0,240.0,7.0,56.0,114.4,153.7,127.14285714285714,120.1,39.29999999999998,0.1087840078253259,-0.0920965302317087,-0.7333333333333333,0.0951308172149174,1.0,153.7,0.0,114.4,165.0,0.0,-1.0,120.1,29.0,70.0,90.6,78.65714285714286,74.0,20.599999999999994,0.090439855780599,-0.0208955418497605,-0.3121212121212126,-0.1222007808643359,1.0,90.6,138.0,70.0,165.0,74.0,-1.0,95.4,98.8,97.12857142857142,97.1,3.3999999999999915,0.0104954038975797,-0.0083621285418105,0.0333333333333328,-0.0041219763945606,1.0,98.8,33.0,95.4,194.0,0.0,-1.0,97.1,46.0,36.29,36.65,36.47714285714286,36.29,0.3599999999999994,0.0036004840399658,-0.0010294558683547,-0.0006060606060608,-0.0010968002513126,-1.0,36.65,138.0,36.29,240.0,36.29,-1.0,13.0,15.0,14.142857142857142,15.0,2.0,0.0451730904545412,0.0033250316203987,0.0606060606060605,0.0076740115783332,-1.0,15.0,33.0,13.0,0.0,0.0,-1.0,15.0,88.0,30.4,37.9,33.6,34.4,7.5,0.0751745889304469,-0.0122468738183098,-0.0121212121212125,-0.0107503477987701,1.0,37.9,121.0,30.4,165.0,0.0,-1.0,34.4,75.0,0.0,0.0,0.0,0.0,0.0,0.0,0.0,0.0,0.0,0.0,0.0,0.0,0.0,0.0,0.0,2.0,1.0,58.0,67.0,1.0,1.0,67.0,0.0,-1.0,0.0,-1.0,0.0,-1.0,0.0,-1.0,4.0,0.0,,,1.0,0.0,4.0,0.0,194.0,0.0,0.0,,,,,,,,,,,,,,,,,,,,,,,,,,,,,,,,,,,,,,,,,,,,,,,,,,,,,,,,,,,,,,,,,,,,,,,,,,,,,,,,,,,,,,,,,,,,,,,,,,,,,,,,,,,,,,,,,,,,,,-26.300000000000004,26.300000000000004,-0.2915742793791575,-1,-8.6,8.6,-0.5512820512820513,-1,9.599999999999994,9.599999999999994,0.0868778280542986,1,-10.200000000000005,10.200000000000005,-0.1211401425178147,-1,0.6999999999999886,0.6999999999999886,0.0072614107883816,1,-1.0300000000000011,1.0300000000000011,-0.027599142550911,-1,0,0,0.0,0,0,0,0.0,0,1,1,1,0,0,289.0,1,1,106,14,0,1,0,0,0,0,0,1,0,0,0,0,0,1,0,0,0,0,0,0,0,0,0,0,0,0,0,0,0,0,0,0,0,1,0.0,0.0,0,1,1,0,0,0,0,0,0,0,3366.264,0,5.66988092298052,92.96666666666668,0.9702402294729296,0,0,0,0,0,0,0,0,0,0.3121107266435986,0.0,0,26.3,9967.1,0.816289592760181,39.99819004524887,0
E000262,2025-05-18,69.2,12.6,129.2,66.2,97.8,0,36.65,15,38,Female,Hispanic/Latino,General weakness. Festival attendee from beach shuttle stop with symptom onset ~66 minutes before arrival.,5,4,EMS,0,1,0,0,0,94.1,7.424,137.3,4.3,12.9,6.0,1,1,68.9,10.9,113.8,73.8,97.8,0,36.45,15,31.5,-0.3,-0.2,0,,,,,0,0,0,0,0,0,0,0,0,0,0,0,6,1,0,9.0,68.9,86.5,78.92222222222222,68.9,17.599999999999994,0.0708522244886994,-0.0524378322962113,0.1074239713774592,-0.0644687674699151,-1.0,86.5,47.0,68.9,240.0,0.0,-1.0,68.9,-1.0,7.3,15.8,11.988888888888887,10.9,8.5,0.2062130978216098,0.0058341081944544,-0.059928443649374,0.0080383676111454,-1.0,15.8,28.0,7.3,47.0,1.0,47.0,10.9,19.0,111.8,141.8,127.95555555555558,113.8,30.00000000000001,0.094277747267317,-0.0276130701189707,-0.0627012522361362,0.0009091711536759,-1.0,141.8,190.0,111.8,147.0,0.0,-1.0,113.8,25.0,73.6,92.9,79.5111111111111,73.8,19.30000000000001,0.0748541931831612,0.0263023627303723,0.1026833631484792,0.0050931238414685,-1.0,92.9,172.0,73.6,0.0,73.8,68.0,96.7,99.7,97.66666666666669,97.8,3.0,0.0086071810327088,-0.002553465417352,0.0463327370304115,0.0039220878571216,-1.0,99.7,47.0,96.7,163.0,0.0,-1.0,97.8,16.0,36.37,36.75,36.55777777777777,36.45,0.3800000000000025,0.0034037770066455,-0.0007606155973582,-0.0022003577817532,0.0003657280724982,-1.0,36.75,28.0,36.37,63.0,36.45,84.0,14.0,15.0,14.444444444444445,15.0,1.0,0.034401045807689,0.002151729728441,0.0026833631484793,0.004207491099538,0.0,15.0,28.0,14.0,0.0,0.0,-1.0,15.0,19.0,30.8,37.5,33.65555555555555,31.5,6.699999999999999,0.0587467188366727,-0.0159239920844956,0.0897137745974952,-0.01919851708006,-1.0,37.5,47.0,30.8,147.0,0.0,-1.0,31.5,100.0,0.0,0.0,0.0,0.0,0.0,0.0,0.0,0.0,0.0,0.0,0.0,0.0,0.0,0.0,0.0,0.0,0.0,-1.0,-1.0,0.0,0.0,-1.0,0.0,-1.0,0.0,-1.0,0.0,-1.0,0.0,-1.0,0.0,0.0,,,1.0,16.0,3.0,0.0,190.0,1.0,0.0,,,,,,,,,,,,,,,,,,,,,,,,,,,,,,,,,,,,,,,,,,,,,,,,,,,,,,,,,,,,,,,,,,,,,,,,,,,,,,,,,,,,,,,,,,,,,,,,,,,,,,,,,,,,,,,,,,,,,,-0.2999999999999971,0.2999999999999971,-0.0043352601156068,-1,-1.6999999999999993,1.6999999999999993,-0.1349206349206348,-1,-15.399999999999991,15.399999999999991,-0.1191950464396284,-1,7.599999999999994,7.599999999999994,0.1148036253776434,1,0.0,0.0,0.0,0,-0.1999999999999957,0.1999999999999957,-0.005457025920873,-1,0,0,0.0,0,0,0,0.0,0,1,0,0,0,0,66.0,1,1,106,15,0,0,0,1,0,0,1,0,0,0,1,0,0,0,0,0,0,0,0,0,0,0,0,0,0,0,0,0,0,0,0,0,0,0,0.0,0.0,0,1,1,0,0,0,0,0,0,0,2536.18,0,4.204692619390966,87.2,0.7935779816513762,0,0,0,0,0,0,0,0,0,1.0484848484848486,0.0,0,62.99999999999999,8940.64,0.5356037151702787,20.35294117647059,0
E000700,2025-05-22,110.8,28.9,135.5,68.2,94.1,0,37.86,12,54,Male,Other/Multiracial,Altered mental status. Festival attendee from festival medical tent with symptom onset ~215 minutes before arrival.,2,7,Walk-in,0,1,0,0,0,124.2,7.396,140.1,4.34,12.8,13.8,1,1,105.2,14.6,121.2,70.4,96.5,0,37.16,14,40.0,-5.6,-0.7,2,,,,,1,0,1,0,1,0,0,0,0,0,0,4,3,0,0,6.0,90.9,117.0,104.45,105.2,26.099999999999994,0.0866002372112724,-0.0177925258423812,0.2977777777777772,0.0380651237890205,-1.0,117.0,45.0,90.9,80.0,0.0,-1.0,105.2,35.0,14.6,26.1,19.933333333333334,14.6,11.500000000000002,0.1943759652352114,-0.0396405400159411,-0.1466666666666667,-0.0453713670613561,1.0,26.1,0.0,14.6,240.0,1.0,0.0,14.6,-1.0,117.6,137.3,126.16666666666669,121.2,19.700000000000017,0.0503966041705531,-0.0621167006000636,-0.2955555555555563,-0.0667787944025832,1.0,137.3,0.0,117.6,188.0,0.0,-1.0,121.2,-1.0,70.4,84.1,77.18333333333334,70.4,13.699999999999989,0.0572979794211947,-0.0146051267649841,0.1488888888888884,-0.0576964477933259,-1.0,84.1,124.0,70.4,240.0,70.4,64.0,94.3,96.8,95.73333333333336,96.5,2.5,0.0086066901770948,0.0086610693769331,0.0244444444444443,0.0057454251883749,-1.0,96.8,188.0,94.3,0.0,0.0,-1.0,96.5,-1.0,36.78,37.5,37.16166666666667,37.16,0.7199999999999989,0.0067460236608024,-0.0020841162793579,0.0015555555555553,-0.000234122712594,1.0,37.5,45.0,36.78,188.0,37.16,52.0,12.0,14.0,13.333333333333334,14.0,2.0,0.0559016994374947,0.0019410178367149,-0.0222222222222222,0.0098223896663078,1.0,14.0,0.0,12.0,124.0,1.0,124.0,14.0,64.0,38.4,43.4,40.61666666666667,40.0,5.0,0.0417923372385144,-0.0081072598196918,-0.0155555555555555,-0.0057588805166844,1.0,43.4,124.0,38.4,188.0,0.0,-1.0,40.0,-1.0,2.0,1.0,1.0,1.0,1.0,1.0,1.0,1.0,1.0,1.0,1.0,1.0,1.0,1.0,1.0,3.0,1.0,54.0,150.0,1.0,0.0,-1.0,1.0,150.0,0.0,-1.0,1.0,54.0,0.0,-1.0,5.0,0.0,54.0,,2.0,64.0,4.0,124.0,188.0,1.0,0.0,0.0,120.0,2.0,9.95,9.34,9.95,0.0,-0.6099999999999994,-0.0613065326633165,0.0,120.0,2.0,142.6,141.7,142.6,0.0,-0.9000000000000057,-0.0063113604488078,0.0,120.0,2.0,4.3,3.99,4.3,0.0,-0.3099999999999996,-0.0720930232558138,0.0,120.0,2.0,22.5,23.6,23.6,120.0,1.1000000000000014,0.0488888888888889,0.0,120.0,2.0,65.3,25.4,65.3,0.0,-39.9,-0.6110260336906586,0.0,120.0,2.0,7.329,7.354,7.354,120.0,0.0250000000000003,0.003411106562969,0.0,120.0,2.0,0.071,0.035,0.071,0.0,-0.0359999999999999,-0.5070422535211266,0.0,120.0,2.0,1.85,1.6,1.85,0.0,-0.25,-0.1351351351351351,0.0,120.0,2.0,534.9,431.4,534.9,0.0,-103.5,-0.1934941110487942,0.0,120.0,2.0,15.6,19.5,19.5,120.0,3.9,0.25,0.0,120.0,2.0,2.13,7.32,7.32,120.0,5.19,2.4366197183098595,0.0,120.0,2.0,130.9,95.8,130.9,0.0,-35.10000000000001,-0.2681436210847976,0.0,120.0,2.0,291.6,281.5,291.6,0.0,-10.100000000000025,-0.0346364883401921,-5.599999999999994,5.599999999999994,-0.0505415162454873,-1,-14.3,14.3,-0.4948096885813148,-1,-14.299999999999995,14.299999999999995,-0.1055350553505534,-1,2.200000000000003,2.200000000000003,0.032258064516129,1,2.4000000000000057,2.4000000000000057,0.0255047821466525,1,-0.7000000000000028,0.7000000000000028,-0.0184891706286318,-1,2,2,0.1666666666666666,1,0,0,0.0,0,2,0,0,0,0,215.0,1,1,115,16,0,1,0,0,0,0,0,1,0,0,1,0,0,1,0,0,0,0,0,0,0,0,0,0,0,0,0,0,0,0,0,0,0,0,0.0,0.1052631578947368,0,0,1,0,0,0,1,0,1,1,4194.888,0,5.375278407684165,90.63333333333334,1.2225082751011402,0,2,1,1,3,0,1,0,7,0.5153488372093024,0.0325581395348837,1,67.3,15013.4,0.8177121771217712,44.156457564575646,2
E000199,2025-05-21,106.0,25.1,114.1,67.7,93.3,0,37.52,12,48,Female,White,Altered mental status. Festival attendee from campground with symptom onset ~28 minutes before arrival.,3,6,Festival Medical Tent Transfer,0,0,0,0,0,98.3,7.357,137.3,4.64,15.3,12.8,1,1,95.0,17.7,121.9,60.3,95.5,0,37.79,12,41.7,-11.0,0.27,0,3.94,428.8,7.353,0.052,0,0,0,0,0,0,1,0,0,0,0,3,2,0,1,8.0,79.7,101.6,93.8875,95.0,21.89999999999999,0.0736434039732293,-0.0043244968431964,0.0,0.0264603232916973,1.0,101.6,96.0,79.7,69.0,0.0,-1.0,93.25,27.0,17.5,24.7,20.762500000000003,17.7,7.199999999999999,0.1240143670801755,-0.0059548520705799,0.0,-0.0184484447710017,-1.0,24.7,96.0,17.5,212.0,2.0,96.0,17.6,116.0,119.2,129.9,123.8375,121.9,10.700000000000005,0.028054249043164,0.0084927733076723,0.0,-0.0016807494489343,-1.0,129.9,155.0,119.2,69.0,0.0,-1.0,123.3,54.0,60.3,87.8,76.625,60.3,27.5,0.1109735064285137,-0.055557341997845,0.0,-0.0558688464364438,-1.0,87.8,155.0,60.3,240.0,69.05,-1.0,94.5,96.8,95.5125,95.5,2.299999999999997,0.0083338413688956,-0.0014904527991284,0.0,0.0034962037717366,1.0,96.8,0.0,94.5,62.0,0.0,-1.0,96.1,150.0,37.13,37.79,37.36,37.79,0.6599999999999966,0.0053933195073902,0.0014173579798377,0.0,0.0017128949301983,1.0,37.79,240.0,37.13,96.0,37.555,-1.0,12.0,13.0,12.375,12.0,1.0,0.039121043901085,-0.0009238839601746,0.0,-0.0031839333823169,-1.0,13.0,62.0,12.0,0.0,5.0,0.0,12.5,34.0,36.9,42.4,39.55,41.7,5.5,0.0475219876844817,-0.008538127611172,0.0,-0.0083700710262062,1.0,42.4,62.0,36.9,209.0,0.0,-1.0,40.0,31.0,2.0,1.0,1.0,1.0,1.0,1.0,1.0,1.0,1.0,1.0,1.0,1.0,1.0,1.0,1.0,0.0,0.0,-1.0,-1.0,0.0,0.0,-1.0,0.0,-1.0,0.0,-1.0,0.0,-1.0,0.0,-1.0,0.0,0.0,,,7.0,116.0,3.0,0.0,212.0,1.0,0.0,120.0,240.0,2.0,11.53,9.74,11.53,120.0,-1.7899999999999991,-0.1552471812662618,120.0,240.0,2.0,134.8,139.4,139.4,240.0,4.599999999999994,0.0341246290801186,120.0,240.0,2.0,4.66,4.31,4.66,120.0,-0.3500000000000005,-0.0751072961373391,120.0,240.0,2.0,17.7,23.4,23.4,240.0,5.699999999999999,0.3220338983050847,120.0,240.0,2.0,51.8,42.9,51.8,120.0,-8.899999999999999,-0.1718146718146718,120.0,240.0,2.0,7.362,7.353,7.362,120.0,-0.0090000000000003,-0.0012224938875306,120.0,240.0,2.0,0.082,0.052,0.082,120.0,-0.03,-0.3658536585365854,120.0,240.0,2.0,1.74,3.94,3.94,240.0,2.2,1.264367816091954,120.0,240.0,2.0,455.5,428.8,455.5,120.0,-26.69999999999999,-0.0586169045005488,120.0,240.0,2.0,15.2,15.8,15.8,240.0,0.6000000000000014,0.0394736842105264,120.0,240.0,2.0,3.33,0.1,3.33,120.0,-3.23,-0.96996996996997,120.0,240.0,2.0,166.3,113.5,166.3,120.0,-52.80000000000001,-0.317498496692724,120.0,240.0,2.0,290.0,293.4,293.4,240.0,3.3999999999999773,0.0117241379310344,-11.0,11.0,-0.1037735849056603,-1,-7.400000000000002,7.400000000000002,-0.2948207171314742,-1,7.800000000000011,7.800000000000011,0.0683610867659948,1,-7.400000000000006,7.400000000000006,-0.1093057607090104,-1,2.200000000000003,2.200000000000003,0.0235798499464094,1,0.269999999999996,0.269999999999996,0.0071961620469082,1,0,0,0.0,0,0,0,0.0,0,0,0,0,0,0,28.0,1,1,103,14,0,0,1,0,0,1,0,0,0,0,0,0,1,1,0,0,0,1,0,0,0,0,0,0,0,0,0,0,0,0,0,0,0,0,0.0,0.1176470588235294,0,0,1,0,0,0,0,0,1,1,3977.12,0,3.367295829986474,83.16666666666667,1.2745490981963927,0,2,1,1,3,0,1,0,7,3.7857142857142856,0.25,1,46.39999999999999,12094.6,0.9290096406660824,44.59246275197195,2
E000870,2025-05-22,115.7,30.0,114.6,59.3,94.0,0,37.74,12,30,Male,Hispanic/Latino,Nausea/vomiting. Festival attendee from festival medical tent with symptom onset ~130 minutes before arrival.,3,5,EMS,0,1,0,0,1,135.1,7.331,137.9,4.62,14.8,13.2,1,1,100.7,18.9,119.7,81.4,96.0,0,36.96,14,41.4,-15.0,-0.78,2,1.03,365.1,7.326,0.0,1,1,0,0,0,0,0,0,0,0,0,4,3,0,0,6.0,91.5,116.1,99.26666666666668,100.7,24.599999999999994,0.0827237659745713,0.0161781760674747,0.0,-0.036194748461647,1.0,116.1,103.0,91.5,0.0,0.0,-1.0,98.0,38.0,14.8,23.1,19.78333333333333,18.9,8.3,0.1428634289769877,-0.0140511333684765,0.0,-0.000454460049791,1.0,23.1,0.0,14.8,103.0,0.0,-1.0,18.6,38.0,118.3,139.6,127.13333333333333,119.7,21.3,0.0561335704104314,-0.0864654717975753,0.0,-0.0766698764620227,1.0,139.6,0.0,118.3,213.0,0.0,-1.0,119.0,-1.0,69.3,92.6,80.03333333333332,81.4,23.3,0.1109264374434281,0.0588929889298893,0.0,0.0360186011555262,-1.0,92.6,213.0,69.3,141.0,87.0,-1.0,95.1,96.6,95.65,96.0,1.5,0.0053903844914647,0.0039984185556139,0.0,0.0084421532246697,-1.0,96.6,213.0,95.1,103.0,0.0,-1.0,96.3,27.0,36.94,37.48,37.14833333333333,36.96,0.5399999999999991,0.005855378705781,-0.0003813916710595,0.0,-0.0027872375405138,-1.0,37.48,95.0,36.94,0.0,36.975,8.0,13.0,15.0,13.833333333333334,14.0,2.0,0.0496759713929838,0.0046916183447548,0.0,0.0027009253605148,0.0,15.0,141.0,13.0,0.0,0.0,-1.0,14.0,72.0,37.1,41.4,39.21666666666667,41.4,4.299999999999997,0.0395148712862824,0.0020189773326304,0.0,-0.0021677861806567,1.0,41.4,240.0,37.1,213.0,0.0,-1.0,39.25,-1.0,2.0,1.0,1.0,1.0,1.0,1.0,1.0,1.0,1.0,1.0,1.0,1.0,1.0,1.0,1.0,2.0,1.0,97.0,106.0,0.0,1.0,97.0,1.0,106.0,0.0,-1.0,0.0,-1.0,0.0,-1.0,4.0,0.0,-23.0,,0.0,0.0,2.0,0.0,213.0,1.0,0.0,120.0,240.0,2.0,4.52,1.8,4.52,120.0,-2.72,-0.6017699115044248,120.0,240.0,2.0,142.5,142.9,142.9,240.0,0.4000000000000057,0.0028070175438596,120.0,240.0,2.0,3.98,4.03,4.03,240.0,0.0500000000000002,0.0125628140703518,120.0,240.0,2.0,23.7,23.3,23.7,120.0,-0.3999999999999986,-0.0168776371308016,120.0,240.0,2.0,16.8,8.0,16.8,120.0,-8.8,-0.5238095238095238,120.0,240.0,2.0,7.407,7.326,7.407,120.0,-0.0810000000000004,-0.0109356014580802,120.0,240.0,2.0,0.002,0.0,0.002,120.0,-0.002,-1.0,120.0,240.0,2.0,1.43,1.03,1.43,120.0,-0.3999999999999999,-0.2797202797202797,120.0,240.0,2.0,216.3,365.1,365.1,240.0,148.8,0.6879334257975035,120.0,240.0,2.0,28.2,7.9,28.2,120.0,-20.3,-0.7198581560283687,120.0,240.0,2.0,1.43,5.21,5.21,240.0,3.78,2.643356643356644,120.0,240.0,2.0,93.6,99.9,99.9,240.0,6.300000000000011,0.0673076923076924,120.0,240.0,2.0,295.7,285.5,295.7,120.0,-10.199999999999989,-0.0344944200202908,-15.0,15.0,-0.1296456352636127,-1,-11.1,11.1,-0.37,-1,5.1000000000000085,5.1000000000000085,0.0445026178010471,1,22.10000000000001,22.10000000000001,0.3726812816188872,1,2.0,2.0,0.0212765957446808,1,-0.7800000000000011,0.7800000000000011,-0.0206677265500795,-1,2,2,0.1666666666666666,1,0,0,0.0,0,1,0,0,0,0,130.0,1,1,109,14,0,1,0,0,0,0,1,0,0,0,1,0,0,0,1,0,0,0,0,0,0,0,1,0,0,0,0,0,0,0,0,0,0,0,0.0,0.0,0,0,0,0,0,0,1,1,1,1,4366.518,0,4.875197323201151,77.73333333333333,1.4884219554030875,0,2,1,2,3,0,1,0,8,0.89,0.0615384615384615,2,55.3,13259.22,1.0095986038394416,30.287958115183248,2
E001712,2025-05-21,112.6,24.1,126.1,70.2,97.9,0,37.67,12,49,Male,Asian,"Shoulder Pain presents with one + week c/o right shoulder pain; denies trauma, fall etc.",3,6,EMS,0,1,0,0,0,69.9,7.371,136.1,4.66,15.1,11.5,0,0,63.4,16.1,128.8,75.1,96.7,0,37.03,14,42.9,-49.2,-0.64,2,,,,,1,0,0,0,0,0,0,0,0,0,0,3,2,0,1,8.0,63.4,90.0,79.85,63.4,26.6,0.0943364029771823,-0.0363546052431192,-0.1237288135593224,-0.022440299808262,-1.0,90.0,222.0,63.4,240.0,0.0,-1.0,76.7,-1.0,11.4,19.4,15.6875,16.1,7.999999999999998,0.1588657595277364,0.0017260729088323,-0.0593220338983051,-0.0011364824821335,1.0,19.4,206.0,11.4,153.0,0.0,-1.0,16.15,17.0,114.8,134.7,123.9125,128.8,19.89999999999999,0.0533617900494278,0.0131883966289213,0.2644067796610168,0.0587101272442043,-1.0,134.7,59.0,114.8,69.0,0.0,-1.0,124.0,10.0,65.5,90.4,77.6,75.1,24.90000000000001,0.0843703193141223,0.0214616911156564,0.1440677966101692,-0.0740596130381731,-1.0,90.4,69.0,65.5,0.0,77.85,84.0,95.8,98.0,96.9125,96.7,2.200000000000003,0.0077292600369295,0.0031079621468251,-0.0203389830508478,0.0026337807216316,1.0,98.0,170.0,95.8,59.0,0.0,-1.0,96.55,94.0,36.74,37.11,36.8975,37.03,0.3699999999999974,0.0037055380212413,-0.0005200008434726,0.0015254237288134,0.0009884957294754,1.0,37.11,59.0,36.74,69.0,36.89,84.0,13.0,15.0,14.125,14.0,2.0,0.0424409869319709,0.0034324647908773,0.0169491525423728,-0.0015861948753703,-1.0,15.0,153.0,13.0,0.0,0.0,-1.0,14.0,53.0,33.7,43.0,38.575,42.9,9.299999999999995,0.0838591995269647,-0.0085963913431597,-0.0593220338983051,-0.0158898378943697,1.0,43.0,69.0,33.7,206.0,0.0,-1.0,40.25,16.0,2.0,1.0,1.0,1.0,1.0,1.0,1.0,1.0,1.0,1.0,1.0,1.0,1.0,1.0,1.0,2.0,1.0,161.0,218.0,0.0,0.0,-1.0,1.0,218.0,0.0,-1.0,0.0,-1.0,1.0,161.0,3.0,0.0,161.0,,0.0,0.0,2.0,0.0,206.0,1.0,0.0,0.0,120.0,2.0,6.18,7.58,7.58,120.0,1.4000000000000004,0.226537216828479,0.0,120.0,2.0,142.9,135.6,142.9,0.0,-7.300000000000011,-0.0510846745976207,0.0,120.0,2.0,4.25,4.38,4.38,120.0,0.1299999999999999,0.0305882352941176,0.0,120.0,2.0,22.4,21.8,22.4,0.0,-0.5999999999999979,-0.0267857142857141,0.0,120.0,2.0,53.2,22.5,53.2,0.0,-30.700000000000003,-0.5770676691729324,0.0,120.0,2.0,7.387,7.43,7.43,120.0,0.0430000000000001,0.005821036956816,0.0,120.0,2.0,0.032,0.043,0.043,120.0,0.0109999999999999,0.3437499999999999,0.0,120.0,2.0,1.34,1.18,1.34,0.0,-0.1600000000000001,-0.1194029850746269,0.0,120.0,2.0,304.5,93.6,304.5,0.0,-210.9,-0.6926108374384237,0.0,120.0,2.0,14.5,1.0,14.5,0.0,-13.5,-0.9310344827586208,0.0,120.0,2.0,2.52,0.1,2.52,0.0,-2.42,-0.9603174603174602,0.0,120.0,2.0,99.7,106.6,106.6,120.0,6.899999999999992,0.0692076228686057,0.0,120.0,2.0,294.5,292.0,294.5,0.0,-2.5,-0.0084889643463497,-49.2,49.2,-0.4369449378330373,-1,-8.0,8.0,-0.3319502074688796,-1,2.700000000000017,2.700000000000017,0.0214115781126091,1,4.899999999999992,4.899999999999992,0.0698005698005696,1,-1.2000000000000028,1.2000000000000028,-0.0122574055158325,-1,-0.6400000000000006,0.6400000000000006,-0.0169896469338996,-1,2,2,0.1666666666666666,1,0,0,0.0,0,2,0,0,0,0,,0,0,88,15,0,0,0,0,1,0,0,0,1,0,1,0,0,0,0,0,0,1,0,1,0,0,1,0,1,0,0,0,0,0,0,0,0,0,0.0,0.0,0,1,1,0,0,0,1,0,1,0,4241.642,0,,88.83333333333333,1.2675422138836774,0,2,1,2,2,0,0,0,6,,,1,55.89999999999999,14198.86,0.8929421094369548,43.75416336241079,2
E000119,2025-05-22,132.6,18.9,122.4,68.2,97.0,0,37.85,13,24,Female,Hispanic/Latino,Nausea/vomiting. Festival attendee from campground with symptom onset ~158 minutes before arrival.,3,6,Police,0,0,0,0,0,123.6,7.285,137.9,4.23,13.8,15.1,1,1,99.9,21.1,109.2,84.0,95.0,0,37.16,12,38.4,-32.7,-0.69,-1,,,,,0,1,0,0,0,0,1,0,0,0,0,4,3,0,0,6.0,92.8,121.8,104.43333333333334,99.9,29.0,0.1179880617293903,-0.0017712681526241,1.2949999999999986,0.143198014945613,-1.0,121.8,20.0,92.8,119.0,0.0,-1.0,110.65,99.0,18.0,28.6,22.7,21.1,10.6,0.1497797356828193,-0.0321012810235413,0.1699999999999997,-0.0225165180761128,-1.0,28.6,20.0,18.0,222.0,2.0,0.0,19.55,-1.0,109.2,133.7,120.05,109.2,24.499999999999982,0.0749853437785926,0.001028076484547,0.6249999999999988,-0.1580137915115836,-1.0,133.7,180.0,109.2,240.0,0.0,-1.0,112.8,42.0,71.1,84.0,78.15,84.0,12.900000000000006,0.0525035085996149,0.003061234266661,-0.065,0.0781845985169799,1.0,84.0,240.0,71.1,119.0,79.5,61.0,92.0,97.6,94.03333333333336,95.0,5.599999999999994,0.0196539046800838,0.0075302849806297,-0.0300000000000001,-0.026071150350558,1.0,97.6,119.0,92.0,20.0,0.0,-1.0,94.15,61.0,37.16,37.91,37.49333333333333,37.16,0.75,0.0063222427800714,-0.0003072412482554,-0.0005000000000001,-0.0042658472546811,-1.0,37.91,180.0,37.16,240.0,37.26,42.0,11.0,13.0,12.166666666666666,12.0,2.0,0.0564808989810638,0.0013381921311747,0.0999999999999999,-0.001182953922502,-1.0,13.0,20.0,11.0,0.0,4.0,0.0,12.0,99.0,38.4,49.4,43.1,38.4,11.0,0.0755160123664912,-0.0258753341488107,0.2899999999999993,-0.0210738913413541,-1.0,49.4,20.0,38.4,240.0,0.0,-1.0,40.45,99.0,1.0,1.0,1.0,1.0,1.0,1.0,1.0,1.0,1.0,1.0,1.0,1.0,1.0,1.0,1.0,2.0,1.0,119.0,140.0,0.0,1.0,119.0,0.0,-1.0,0.0,-1.0,0.0,-1.0,1.0,140.0,4.0,0.0,-1.0,,6.0,119.0,3.0,0.0,180.0,1.0,0.0,120.0,120.0,1.0,10.4,10.4,10.4,120.0,0.0,0.0,120.0,120.0,1.0,137.6,137.6,137.6,120.0,0.0,0.0,120.0,120.0,1.0,4.33,4.33,4.33,120.0,0.0,0.0,120.0,120.0,1.0,21.4,21.4,21.4,120.0,0.0,0.0,120.0,120.0,1.0,54.0,54.0,54.0,120.0,0.0,0.0,120.0,120.0,1.0,7.334,7.334,7.334,120.0,0.0,0.0,120.0,120.0,1.0,0.088,0.088,0.088,120.0,0.0,0.0,120.0,120.0,1.0,4.39,4.39,4.39,120.0,0.0,0.0,120.0,120.0,1.0,832.1,832.1,832.1,120.0,0.0,0.0,120.0,120.0,1.0,26.7,26.7,26.7,120.0,0.0,0.0,120.0,120.0,1.0,6.11,6.11,6.11,120.0,0.0,0.0,120.0,120.0,1.0,152.0,152.0,152.0,120.0,0.0,0.0,120.0,120.0,1.0,290.8,290.8,290.8,120.0,0.0,0.0,-32.69999999999999,32.69999999999999,-0.2466063348416289,-1,2.200000000000003,2.200000000000003,0.1164021164021165,1,-13.200000000000005,13.200000000000005,-0.1078431372549019,-1,15.799999999999995,15.799999999999995,0.2316715542521993,1,-2.0,2.0,-0.0206185567010309,-1,-0.6900000000000048,0.6900000000000048,-0.0182298546895641,-1,-1,1,-0.0769230769230769,-1,0,0,0.0,0,4,1,1,0,0,158.0,1,1,98,12,0,0,1,0,0,0,1,0,0,0,1,0,0,1,1,0,0,0,0,0,0,0,1,0,0,0,0,0,0,0,0,0,0,0,0.0,0.0,0,0,0,1,0,0,0,1,1,1,5018.91,0,5.068904202220232,86.26666666666667,1.5370942812982995,0,2,1,3,0,0,0,0,5,0.8392405063291138,0.0316455696202531,2,54.2,16230.24,1.0833333333333333,26.0,1
E000005,2025-05-18,157.5,34.6,109.5,71.5,94.9,1,38.13,10,53,Male,Other/Multiracial,Chest pain. Festival attendee from VIP tent with symptom onset ~164 minutes before arrival.,1,9,Police,1,0,0,0,0,133.3,7.282,135.6,5.37,14.7,20.2,1,1,137.0,26.8,106.3,80.2,93.6,0,37.78,12,43.4,-20.5,-0.35,2,3.16,680.2,7.317,0.091,1,1,0,1,1,0,0,1,0,0,0,0,6,1,0,9.0,117.9,154.1,134.44444444444446,137.0,36.19999999999999,0.0805110546197808,-0.0265257265610478,-0.3609713905522309,0.1067173087357569,1.0,154.1,0.0,117.9,108.0,5.0,0.0,137.6,104.0,23.3,29.8,26.95555555555556,26.8,6.5,0.0688758403106526,-0.0103755189721769,0.0157684630738519,0.0032609875203472,-1.0,29.8,37.0,23.3,108.0,8.0,0.0,26.450000000000003,43.0,106.3,141.1,121.53333333333332,106.3,34.8,0.0840135943038553,0.0183217317662608,-0.0398270126413861,-0.0545794899620184,-1.0,141.1,212.0,106.3,240.0,0.0,-1.0,123.7,28.0,60.5,83.5,73.74444444444445,80.2,23.0,0.0941858053502196,0.020758060851424,0.1502062541583485,0.0867173087357568,1.0,83.5,151.0,60.5,79.0,75.2,61.0,91.3,95.5,92.72222222222224,93.6,4.200000000000003,0.0144942524761735,0.0104664036519112,-0.0018762475049911,0.0068366793271838,-1.0,95.5,151.0,91.3,79.0,0.0,-1.0,93.3,61.0,37.58,38.36,38.01444444444444,37.78,0.7800000000000011,0.00615566871076,-0.0019515419412142,-0.0041942781104462,-0.0005914270211611,1.0,38.36,0.0,37.58,108.0,37.895,104.0,9.0,13.0,11.0,12.0,4.0,0.1133835571749679,0.0123809720529609,-0.0196939454424486,0.0115029842647856,1.0,13.0,212.0,9.0,37.0,8.0,0.0,12.5,9.0,36.8,51.1,45.133333333333326,43.4,14.300000000000004,0.0925285658101378,-0.0269134323425528,-0.0190419161676653,0.0124145415084102,1.0,51.1,46.0,36.8,108.0,0.0,-1.0,44.45,104.0,3.0,1.0,1.0,1.0,1.0,1.0,1.0,1.0,1.0,1.0,1.0,1.0,1.0,1.0,1.0,5.0,1.0,133.0,206.0,0.0,1.0,189.0,1.0,159.0,1.0,206.0,0.0,-1.0,1.0,147.0,7.0,1.0,133.0,189.0,21.0,212.0,4.0,37.0,212.0,1.0,0.0,0.0,240.0,3.0,13.82,10.39,13.82,0.0,-3.43,-0.248191027496382,0.0,240.0,3.0,143.4,143.1,143.4,0.0,-0.3000000000000113,-0.0020920502092051,0.0,240.0,3.0,4.72,4.42,4.72,0.0,-0.2999999999999998,-0.0635593220338982,0.0,240.0,3.0,19.1,23.4,23.4,240.0,4.299999999999997,0.2251308900523558,0.0,240.0,3.0,79.6,46.9,79.6,0.0,-32.7,-0.4108040201005025,0.0,240.0,3.0,7.317,7.317,7.358,120.0,0.0,0.0,0.0,240.0,3.0,0.176,0.091,0.176,0.0,-0.0849999999999999,-0.4829545454545454,0.0,240.0,3.0,5.02,3.16,5.02,0.0,-1.86,-0.3705179282868525,0.0,240.0,3.0,1028.0,680.2,1064.5,120.0,-347.79999999999995,-0.3383268482490272,0.0,240.0,3.0,32.8,23.4,32.8,0.0,-9.4,-0.2865853658536585,0.0,240.0,3.0,9.12,5.94,9.12,0.0,-3.179999999999999,-0.3486842105263157,0.0,240.0,3.0,134.3,126.0,142.1,120.0,-8.300000000000011,-0.0618019359642592,0.0,240.0,3.0,308.4,296.4,308.4,0.0,-12.0,-0.0389105058365758,-20.5,20.5,-0.1301587301587301,-1,-7.800000000000001,7.800000000000001,-0.2254335260115607,-1,-3.200000000000003,3.200000000000003,-0.0292237442922374,-1,8.700000000000003,8.700000000000003,0.1216783216783217,1,-1.3000000000000114,1.3000000000000114,-0.0136986301369864,-1,-0.3500000000000014,0.3500000000000014,-0.009179124049305,-1,2,2,0.2,1,-1,1,-1.0,-1,2,0,0,0,1,164.0,1,1,91,14,0,0,0,1,0,0,1,0,0,1,0,1,0,1,0,0,0,0,0,0,1,0,0,1,0,1,1,1,1,0,1,0,0,0,0.0,0.0,1,0,0,1,1,0,1,1,1,1,6005.475,1,5.10594547390058,84.16666666666667,1.8712871287128712,0,3,1,3,3,1,1,2,13,0.9603658536585366,0.0792682926829268,3,38.0,17246.25,1.4383561643835616,76.23287671232876,3
E000061,2025-05-21,92.6,19.4,124.3,76.3,95.4,0,37.2,15,66,Male,Asian,Altered mental status. Festival attendee from main stage with symptom onset ~227 minutes before arrival.,4,3,Walk-in,0,0,1,0,0,111.4,7.376,140.4,4.02,14.8,7.8,1,1,70.0,11.3,124.0,78.8,97.9,0,36.28,15,37.7,-22.6,-0.92,0,,,,,1,1,0,1,0,0,0,0,0,0,0,3,2,0,1,6.0,70.0,92.9,79.48333333333333,70.0,22.90000000000001,0.089960853300495,0.0031640851141809,0.1142857142857138,-0.177178217821782,-1.0,92.9,174.0,70.0,240.0,0.0,-1.0,70.0,66.0,11.3,19.4,15.066666666666665,11.3,8.099999999999998,0.2029377397428075,0.008167396220757,0.0612244897959183,-0.0705445544554454,-1.0,19.4,172.0,11.3,240.0,0.0,-1.0,11.3,68.0,117.8,136.0,124.9,124.0,18.200000000000003,0.0468540045039589,0.0194593108733407,0.1081632653061219,-0.0432673267326735,1.0,136.0,172.0,117.8,174.0,0.0,-1.0,124.0,2.0,67.3,78.8,74.93333333333332,78.8,11.5,0.0569620868242034,0.03271789788464,0.2102040816326526,0.0630693069306931,-1.0,78.8,240.0,67.3,0.0,78.8,-1.0,95.3,98.3,97.01666666666668,97.9,3.0,0.0098582145579134,0.0012615524300189,-0.0612244897959185,0.0133663366336632,1.0,98.3,0.0,95.3,49.0,0.0,-1.0,97.9,109.0,36.28,36.95,36.61,36.28,0.6700000000000017,0.0067462928354157,-0.0028845360910617,-0.0014285714285715,-0.0037623762376238,-1.0,36.95,0.0,36.28,240.0,36.28,-1.0,14.0,15.0,14.5,15.0,1.0,0.0344827586206896,0.0012619689214122,0.020408163265306,0.0064356435643563,0.0,15.0,49.0,14.0,0.0,0.0,-1.0,15.0,123.0,33.9,39.3,36.46666666666667,37.7,5.399999999999999,0.0503074512095686,0.0082523604649709,-0.0612244897959185,0.0146534653465346,1.0,39.3,174.0,33.9,49.0,0.0,-1.0,37.7,109.0,1.0,1.0,1.0,1.0,1.0,1.0,1.0,1.0,1.0,1.0,1.0,1.0,1.0,1.0,1.0,3.0,1.0,14.0,219.0,1.0,1.0,14.0,1.0,166.0,1.0,219.0,0.0,-1.0,0.0,-1.0,7.0,1.0,14.0,,0.0,0.0,3.0,0.0,240.0,0.0,0.0,0.0,0.0,1.0,5.28,5.28,5.28,0.0,0.0,0.0,0.0,0.0,1.0,137.9,137.9,137.9,0.0,0.0,0.0,0.0,0.0,1.0,3.79,3.79,3.79,0.0,0.0,0.0,0.0,0.0,1.0,21.0,21.0,21.0,0.0,0.0,0.0,0.0,0.0,1.0,28.7,28.7,28.7,0.0,0.0,0.0,0.0,0.0,1.0,7.408,7.408,7.408,0.0,0.0,0.0,0.0,0.0,1.0,0.006,0.006,0.006,0.0,0.0,0.0,0.0,0.0,1.0,2.38,2.38,2.38,0.0,0.0,0.0,0.0,0.0,1.0,105.8,105.8,105.8,0.0,0.0,0.0,0.0,0.0,1.0,14.4,14.4,14.4,0.0,0.0,0.0,0.0,0.0,1.0,4.14,4.14,4.14,0.0,0.0,0.0,0.0,0.0,1.0,89.8,89.8,89.8,0.0,0.0,0.0,0.0,0.0,1.0,279.5,279.5,279.5,0.0,0.0,0.0,-22.599999999999994,22.599999999999994,-0.244060475161987,-1,-8.099999999999998,8.099999999999998,-0.4175257731958762,-1,-0.2999999999999971,0.2999999999999971,-0.0024135156878519,-1,2.5,2.5,0.0327653997378768,1,2.5,2.5,0.0262054507337526,1,-0.9200000000000016,0.9200000000000016,-0.0247311827956989,-1,0,0,0.0,0,0,0,0.0,0,2,0,0,0,0,227.0,1,1,104,15,1,0,0,0,0,0,0,1,0,0,0,0,0,1,0,0,0,0,0,0,0,0,0,0,0,0,0,0,0,0,0,0,0,0,0.0,0.1111111111111111,0,1,1,0,0,0,0,0,0,0,3444.7200000000003,0,5.429345628954441,92.3,1.0032502708559046,0,0,0,1,0,0,0,0,1,0.4079295154185022,0.0044052863436123,0,48.0,11510.179999999998,0.744971842316975,49.16814159292035,0
E000437,2025-05-19,99.6,23.0,109.5,79.2,96.0,0,37.75,15,31,Male,White,Headache. Festival attendee from beach shuttle stop with symptom onset ~137 minutes before arrival.,3,7,EMS,0,0,0,0,1,115.8,7.341,140.7,4.46,12.5,11.0,1,1,92.6,14.8,121.4,79.3,95.4,0,37.01,14,40.0,-7.0,-0.74,-1,1.58,544.0,7.319,0.0,0,1,0,0,0,0,0,0,0,0,0,1,0,0,1,6.0,76.4,99.2,91.46666666666668,92.6,22.8,0.0819865558514131,0.039190033314825,0.0,-0.0516091741422362,-1.0,99.2,102.0,76.4,0.0,0.0,-1.0,90.6,-1.0,14.8,18.0,16.65,14.8,3.2,0.0673056875836405,-0.0029931288173237,0.0,-0.0117081291038565,-1.0,18.0,102.0,14.8,240.0,0.0,-1.0,15.9,116.0,119.9,134.2,126.08333333333331,121.4,14.299999999999985,0.0455625924589068,-0.04211549139367,0.0,-0.0556482937205217,1.0,134.2,102.0,119.9,218.0,0.0,-1.0,120.65,-1.0,62.9,96.2,76.35000000000001,79.3,33.300000000000004,0.1400741817736031,-0.0070377568017767,0.0,0.0133566077869231,1.0,96.2,136.0,62.9,102.0,73.35,82.0,95.4,98.2,96.93333333333334,95.4,2.799999999999997,0.0099606247303715,-0.0002585369239311,0.0,-0.0100827707389254,-1.0,98.2,136.0,95.4,240.0,0.0,-1.0,96.4,104.0,36.86,37.59,37.16333333333333,37.01,0.730000000000004,0.006194093343123,0.0002994863964464,0.0,-0.0021261444557477,-1.0,37.59,102.0,36.86,0.0,37.11,34.0,13.0,14.0,13.833333333333334,14.0,1.0,0.0269405780421661,0.0034529428095502,0.0,4.695544253211458e-18,-1.0,14.0,100.0,13.0,0.0,0.0,-1.0,14.0,-1.0,35.7,41.5,38.38333333333333,40.0,5.799999999999997,0.050862645380198,-0.0077283453636868,0.0,0.0115162304633311,1.0,41.5,0.0,35.7,102.0,0.0,-1.0,38.3,138.0,2.0,1.0,1.0,1.0,1.0,1.0,1.0,1.0,1.0,1.0,1.0,1.0,1.0,1.0,1.0,1.0,1.0,181.0,181.0,0.0,1.0,181.0,0.0,-1.0,0.0,-1.0,0.0,-1.0,0.0,-1.0,4.0,0.0,61.0,,0.0,0.0,2.0,0.0,218.0,1.0,0.0,120.0,240.0,2.0,7.04,8.82,8.82,240.0,1.7800000000000002,0.2528409090909091,120.0,240.0,2.0,138.2,139.4,139.4,240.0,1.200000000000017,0.0086830680173662,120.0,240.0,2.0,3.73,4.05,4.05,240.0,0.3199999999999998,0.0857908847184986,120.0,240.0,2.0,21.5,22.5,22.5,240.0,1.0,0.0465116279069767,120.0,240.0,2.0,15.5,38.6,38.6,240.0,23.1,1.4903225806451614,120.0,240.0,2.0,7.337,7.319,7.337,120.0,-0.0179999999999997,-0.0024533187951478,120.0,240.0,2.0,0.01,0.0,0.01,120.0,-0.01,-1.0,120.0,240.0,2.0,3.63,1.58,3.63,120.0,-2.05,-0.5647382920110192,120.0,240.0,2.0,194.0,544.0,544.0,240.0,350.0,1.8041237113402064,120.0,240.0,2.0,2.7,5.0,5.0,240.0,2.3,0.8518518518518517,120.0,240.0,2.0,8.54,3.1,8.54,120.0,-5.44,-0.6370023419203747,120.0,240.0,2.0,113.1,107.8,113.1,120.0,-5.299999999999997,-0.0468611847922192,120.0,240.0,2.0,284.3,291.5,291.5,240.0,7.199999999999989,0.0253253605346464,-7.0,7.0,-0.0702811244979919,-1,-8.2,8.2,-0.3565217391304348,-1,11.900000000000006,11.900000000000006,0.108675799086758,1,0.0999999999999943,0.0999999999999943,0.0012626262626261,1,-0.5999999999999943,0.5999999999999943,-0.0062499999999999,-1,-0.740000000000002,0.740000000000002,-0.0196026490066225,-1,-1,1,-0.0666666666666666,-1,0,0,0.0,0,3,0,0,0,0,137.0,1,1,99,14,0,0,0,1,0,0,1,0,0,0,0,1,0,0,1,0,1,0,0,0,0,0,0,0,0,0,0,0,0,0,0,0,0,0,0.0,0.0,0,1,0,0,0,0,0,1,0,0,3759.9,0,4.927253685157205,89.3,1.1153415453527435,0,0,0,1,2,1,0,0,4,0.7270072992700729,0.0291970802919708,1,30.3,10906.2,0.9095890410958904,28.1972602739726,1
E001684,2025-05-22,160.3,31.2,137.9,73.9,93.0,1,38.67,10,62,Female,Hispanic/Latino,Altered mental status. Festival attendee from main stage with symptom onset ~18 minutes before arrival.,1,9,EMS,0,1,1,1,0,145.4,7.278,132.2,4.94,11.4,22.9,1,1,168.3,31.2,124.7,80.9,90.4,1,38.23,10,38.5,8.0,-0.44,0,4.99,1105.4,7.296,0.196,0,1,0,0,0,0,0,0,1,0,0,4,3,0,0,9.0,101.8,168.3,133.11111111111111,168.3,66.50000000000001,0.1225467169389015,0.1650250417362269,0.6105263157894731,0.1944930958216272,-1.0,168.3,240.0,101.8,0.0,5.0,57.0,147.86666666666667,-1.0,27.3,31.2,29.188888888888886,31.2,3.899999999999999,0.0495270832654452,0.0008119593261496,0.0614035087719297,-0.0050615697292127,-1.0,31.2,240.0,27.3,0.0,9.0,0.0,29.066666666666663,-1.0,104.3,133.6,119.27777777777776,124.7,29.3,0.0799877724320023,-0.0280600242828958,-0.208771929824562,-0.0780366429553468,1.0,133.6,97.0,104.3,224.0,0.0,-1.0,118.06666666666666,16.0,59.3,82.6,75.1111111111111,80.9,23.3,0.0926621362212933,0.0112592957960235,0.0578947368421051,0.0866922709068085,1.0,82.6,172.0,59.3,126.0,77.46666666666667,1.0,89.7,92.6,91.13333333333333,90.4,2.8999999999999915,0.0101627242058886,-0.0076870541812111,-0.0280701754385969,-0.0118103293681631,1.0,92.6,126.0,89.7,217.0,5.0,57.0,90.13333333333333,-1.0,38.07,38.59,38.25222222222222,38.23,0.5200000000000031,0.0038594230081512,-0.0002363788131735,-0.0007017543859649,-0.000925339231275,-1.0,38.59,97.0,38.07,217.0,38.22666666666667,29.0,10.0,12.0,10.555555555555555,10.0,2.0,0.064888568452305,0.0040028835938685,-3.761846292363413e-17,0.0027048837348317,-1.0,12.0,172.0,10.0,0.0,9.0,0.0,10.666666666666666,45.0,38.5,47.6,44.11111111111112,38.5,9.1,0.0656208752683223,-0.0098611321900136,-0.0035087719298245,0.0119343654731305,-1.0,47.6,224.0,38.5,240.0,0.0,-1.0,44.333333333333336,-1.0,3.0,1.0,1.0,1.0,1.0,1.0,1.0,1.0,1.0,1.0,1.0,1.0,1.0,1.0,1.0,1.0,1.0,89.0,89.0,0.0,1.0,89.0,0.0,-1.0,0.0,-1.0,0.0,-1.0,0.0,-1.0,4.0,0.0,89.0,32.0,28.0,240.0,4.0,0.0,-1.0,1.0,0.0,0.0,240.0,3.0,15.08,11.27,15.08,0.0,-3.810000000000001,-0.2526525198938992,0.0,240.0,3.0,138.2,136.7,138.2,0.0,-1.5,-0.0108538350217076,0.0,240.0,3.0,4.82,5.01,5.38,120.0,0.1899999999999995,0.0394190871369293,0.0,240.0,3.0,19.1,19.0,19.7,120.0,-0.1000000000000014,-0.0052356020942409,0.0,240.0,3.0,84.0,71.1,84.0,0.0,-12.900000000000006,-0.1535714285714286,0.0,240.0,3.0,7.264,7.296,7.296,240.0,0.032,0.0044052863436123,0.0,240.0,3.0,0.181,0.196,0.196,240.0,0.015,0.0828729281767956,0.0,240.0,3.0,4.52,4.99,5.76,120.0,0.4700000000000006,0.1039823008849559,0.0,240.0,3.0,1257.1,1105.4,1257.1,0.0,-151.69999999999982,-0.120674568451197,0.0,240.0,3.0,30.2,32.4,32.4,240.0,2.2,0.0728476821192052,0.0,240.0,3.0,8.68,8.65,8.92,120.0,-0.0299999999999993,-0.0034562211981566,0.0,240.0,3.0,133.8,155.3,155.3,120.0,21.5,0.1606875934230194,0.0,240.0,3.0,315.2,302.8,318.9,120.0,-12.399999999999975,-0.0393401015228425,8.0,8.0,0.0499064254522769,1,0.0,0.0,0.0,0,-13.200000000000005,13.200000000000005,-0.0957215373459028,-1,7.0,7.0,0.094722598105548,1,-2.5999999999999943,2.5999999999999943,-0.0279569892473117,-1,-0.4400000000000048,0.4400000000000048,-0.0113783294543575,-1,0,0,0.0,0,0,0,0.0,0,3,1,1,0,0,18.0,1,1,103,15,1,0,0,0,0,1,0,0,0,1,0,0,0,1,0,0,1,0,1,0,1,0,0,0,0,1,1,1,1,1,1,0,0,0,0.0,0.1111111111111111,1,0,0,1,1,1,1,1,1,1,6198.801,0,2.9444389791664403,95.23333333333332,1.6832341617080853,1,3,1,3,3,0,2,2,13,8.905555555555557,0.7222222222222222,3,64.0,22105.370000000003,1.1624365482233503,72.07106598984772,3
E001010,2025-05-21,90.4,15.4,137.6,67.9,96.7,0,37.41,14,19,Male,Hispanic/Latino,Syncope. Festival attendee from VIP tent with symptom onset ~75 minutes before arrival.,5,4,EMS,0,0,0,0,0,78.4,7.436,132.3,3.82,12.5,8.9,1,1,83.5,14.3,114.6,84.0,98.0,0,36.86,15,36.0,-6.9,-0.55,1,1.27,96.1,7.456,0.021,0,0,0,0,1,0,0,0,0,0,0,3,2,0,1,8.0,66.6,94.0,80.925,83.5,27.40000000000001,0.0931503788996866,-0.0352248536288758,0.0417808219178084,0.0686249708750791,-1.0,94.0,55.0,66.6,135.0,0.0,-1.0,80.55,14.0,10.3,16.4,13.3,14.3,6.099999999999998,0.1349199883077169,0.0084149292278374,0.0458266964001273,0.0062477116133541,-1.0,16.4,135.0,10.3,124.0,0.0,-1.0,13.8,94.0,102.6,134.4,120.725,114.6,31.80000000000001,0.0762813404651694,0.0123581109035513,-0.2821917808219177,-0.0785357654029224,1.0,134.4,149.0,102.6,57.0,0.0,-1.0,118.25,67.0,65.4,95.2,80.80000000000001,84.0,29.8,0.1093162320936691,-0.0202199014580697,-0.4075820324944253,-0.0496688080418066,1.0,95.2,0.0,65.4,55.0,78.95,69.0,95.9,98.4,97.3125,98.0,2.5,0.0090383227654475,0.0065160538094101,0.0177604332589992,-0.0029174849382549,1.0,98.4,135.0,95.9,0.0,0.0,-1.0,97.65,14.0,36.3,36.86,36.6175,36.86,0.5600000000000023,0.0053055917991351,0.0001151912540901,-0.0024928321121376,0.0008832340312219,1.0,36.86,240.0,36.3,57.0,36.665,67.0,13.0,15.0,14.5,15.0,2.0,0.048765984909417,0.0019758534658926,-0.0262822554953806,-0.0044602736078287,1.0,15.0,0.0,13.0,55.0,0.0,-1.0,14.5,2.0,34.5,37.6,35.7625,36.0,3.1000000000000014,0.0279950000463608,-0.0053139927033838,-0.0327492832112138,0.0033335552374929,1.0,37.6,0.0,34.5,55.0,0.0,-1.0,35.6,2.0,1.0,1.0,1.0,1.0,1.0,1.0,1.0,1.0,1.0,1.0,1.0,1.0,1.0,1.0,1.0,1.0,1.0,69.0,69.0,0.0,0.0,-1.0,0.0,-1.0,0.0,-1.0,0.0,-1.0,0.0,-1.0,0.0,0.0,-171.0,,0.0,0.0,4.0,55.0,229.0,1.0,0.0,240.0,240.0,1.0,5.69,5.69,5.69,240.0,0.0,0.0,240.0,240.0,1.0,139.9,139.9,139.9,240.0,0.0,0.0,240.0,240.0,1.0,3.39,3.39,3.39,240.0,0.0,0.0,240.0,240.0,1.0,25.0,25.0,25.0,240.0,0.0,0.0,240.0,240.0,1.0,24.8,24.8,24.8,240.0,0.0,0.0,240.0,240.0,1.0,7.456,7.456,7.456,240.0,0.0,0.0,240.0,240.0,1.0,0.021,0.021,0.021,240.0,0.0,0.0,240.0,240.0,1.0,1.27,1.27,1.27,240.0,0.0,0.0,240.0,240.0,1.0,96.1,96.1,96.1,240.0,0.0,0.0,240.0,240.0,1.0,1.0,1.0,1.0,240.0,0.0,0.0,240.0,240.0,1.0,3.67,3.67,3.67,240.0,0.0,0.0,240.0,240.0,1.0,113.9,113.9,113.9,240.0,0.0,0.0,240.0,240.0,1.0,280.0,280.0,280.0,240.0,0.0,0.0,-6.900000000000006,6.900000000000006,-0.0763274336283186,-1,-1.0999999999999996,1.0999999999999996,-0.0714285714285714,-1,-23.0,23.0,-0.1671511627906977,-1,16.099999999999994,16.099999999999994,0.2371134020618555,1,1.2999999999999972,1.2999999999999972,0.0134436401240951,1,-0.5499999999999972,0.5499999999999972,-0.0147019513499063,-1,1,1,0.0714285714285714,1,0,0,0.0,0,2,0,0,0,0,75.0,1,1,87,13,0,0,0,1,0,0,1,0,0,0,0,0,0,1,1,0,0,0,0,0,0,0,0,0,0,0,0,0,0,0,0,1,0,0,0.0,0.0,0,1,1,0,0,0,0,0,0,0,3381.864,0,4.330733340286331,91.13333333333334,0.9919531821506952,1,1,0,0,0,0,0,0,1,1.2053333333333334,0.0133333333333333,1,69.69999999999999,12439.04,0.6569767441860466,12.482558139534884,0
E001094,2025-05-22,106.3,29.8,137.4,55.2,94.5,0,37.01,14,57,Female,Black,Anxiety/panic. Festival attendee from main stage with symptom onset ~62 minutes before arrival.,3,0,Walk-in,0,0,1,0,0,104.3,7.374,137.5,4.27,13.9,12.1,1,1,73.5,18.9,112.0,60.6,96.0,0,36.49,13,38.2,-32.8,-0.52,-1,,,,,1,1,0,0,0,0,1,0,0,0,0,4,3,0,0,7.0,73.5,119.6,95.51428571428572,73.5,46.1,0.1601247722884234,-0.1837640381596424,0.0,-0.2038774367316465,-1.0,119.6,68.0,73.5,240.0,0.0,-1.0,73.5,-1.0,16.6,21.7,18.457142857142856,18.9,5.099999999999998,0.0917109179170193,-0.0095097210481825,0.0,0.0055974825995359,1.0,21.7,0.0,16.6,136.0,0.0,-1.0,18.9,-1.0,112.0,129.8,121.02857142857144,112.0,17.80000000000001,0.0494681611748675,-0.04065934065934,0.0,-0.0630496813248358,-1.0,129.8,83.0,112.0,240.0,0.0,-1.0,112.0,-1.0,60.6,85.2,72.2,60.6,24.6,0.1114740286437796,-0.0544076802318558,0.0,-0.1120056534840933,-1.0,85.2,109.0,60.6,240.0,60.6,27.0,93.6,97.2,95.71428571428572,96.0,3.6000000000000085,0.0126170174360645,0.0104123898079945,0.0,0.0037921011226961,-1.0,97.2,109.0,93.6,0.0,0.0,-1.0,96.0,-1.0,36.49,37.41,37.00285714285714,36.49,0.9199999999999946,0.0078161892231009,-0.0035297669363602,0.0,-0.0034238246353236,-1.0,37.41,0.0,36.49,240.0,36.49,-1.0,12.0,14.0,12.857142857142858,13.0,2.0,0.0496903994999953,0.0025661152034778,0.0,-0.0013867036454305,-1.0,14.0,83.0,12.0,0.0,2.0,0.0,13.0,26.0,33.9,45.2,39.885714285714286,38.2,11.300000000000004,0.083867502246233,-0.0269049631686992,0.0,-0.010826955385477,1.0,45.2,0.0,33.9,109.0,0.0,-1.0,38.2,27.0,0.0,0.0,0.0,0.0,0.0,0.0,0.0,0.0,0.0,0.0,0.0,0.0,0.0,0.0,0.0,2.0,1.0,39.0,58.0,2.0,1.0,58.0,1.0,39.0,0.0,-1.0,0.0,-1.0,0.0,-1.0,4.0,0.0,,,2.0,68.0,3.0,0.0,240.0,0.0,1.0,,,,,,,,,,,,,,,,,,,,,,,,,,,,,,,,,,,,,,,,,,,,,,,,,,,,,,,,,,,,,,,,,,,,,,,,,,,,,,,,,,,,,,,,,,,,,,,,,,,,,,,,,,,,,,,,,,,,,,-32.8,32.8,-0.308560677328316,-1,-10.900000000000002,10.900000000000002,-0.365771812080537,-1,-25.40000000000001,25.40000000000001,-0.1848617176128093,-1,5.399999999999999,5.399999999999999,0.0978260869565217,1,1.5,1.5,0.0158730158730158,1,-0.519999999999996,0.519999999999996,-0.0140502566873816,-1,-1,1,-0.0714285714285714,-1,0,0,0.0,0,3,0,0,0,0,62.0,1,1,95,13,1,0,0,0,0,0,1,0,0,0,0,0,0,1,0,0,0,1,0,0,0,0,0,0,0,0,0,0,0,0,0,0,0,0,0.0,0.0,0,0,1,0,0,0,0,0,0,1,3934.163,0,4.143134726391533,82.60000000000001,1.286924939467312,0,1,1,1,3,0,1,0,6,1.714516129032258,0.0967741935483871,1,82.2,14605.62,0.7736535662299854,44.098253275109165,2
