tau_drug,tau_kraken,accuracy,macro_f1,kraken_sens,kraken_spec,none_sens,none_spec,triton_sens,triton_spec,coral_sens,coral_spec
0.05,0.05,0.21839080459770116,0.08990536277602523,0.9827586206896551,0.0049261083743842365,0.0,1.0,0.0,1.0,0.0,0.9906103286384976
0.05,0.07,0.21839080459770116,0.09018987341772151,0.9827586206896551,0.009852216748768473,0.0,1.0,0.0,0.9952380952380953,0.0,0.9906103286384976
0.05,0.09,0.21455938697318008,0.08945686900958466,0.9655172413793104,0.019704433497536946,0.0,1.0,0.0,0.9857142857142858,0.0,0.9859154929577465
0.05,0.11,0.21839080459770116,0.099386816555953,0.9655172413793104,0.03940886699507389,0.0,1.0,0.0196078431372549,0.9761904761904762,0.0,0.9812206572769953
0.05,0.13,0.21455938697318008,0.11333646984553176,0.9137931034482759,0.054187192118226604,0.0,1.0,0.0392156862745098,0.9714285714285714,0.020833333333333332,0.9671361502347418
0.05,0.15,0.21839080459770116,0.12169542709232097,0.9137931034482759,0.06896551724137931,0.0,1.0,0.058823529411764705,0.9666666666666667,0.020833333333333332,0.9624413145539906
0.05,0.17,0.22988505747126436,0.14557189113503105,0.9137931034482759,0.10344827586206896,0.0,1.0,0.09803921568627451,0.9571428571428572,0.041666666666666664,0.9530516431924883
0.05,0.19,0.23371647509578544,0.15297214315833862,0.9137931034482759,0.12807881773399016,0.0,1.0,0.09803921568627451,0.9428571428571428,0.0625,0.9483568075117371
0.05,0.21,0.24904214559386972,0.18605895254908256,0.896551724137931,0.16748768472906403,0.0,1.0,0.1568627450980392,0.9380952380952381,0.10416666666666667,0.9342723004694836
0.05,0.23,0.26053639846743293,0.20923896499238964,0.8793103448275862,0.20689655172413793,0.0,1.0,0.17647058823529413,0.9285714285714286,0.16666666666666666,0.92018779342723
0.05,0.25,0.26053639846743293,0.2173780487804878,0.8275862068965517,0.26108374384236455,0.0,1.0,0.21568627450980393,0.9142857142857143,0.1875,0.8826291079812206
0.05,0.27,0.26436781609195403,0.22502665910380035,0.8103448275862069,0.2857142857142857,0.0,1.0,0.21568627450980393,0.9047619047619048,0.22916666666666666,0.8732394366197183
0.05,0.29,0.2720306513409962,0.23400988810824877,0.8103448275862069,0.31527093596059114,0.0,1.0,0.21568627450980393,0.8952380952380953,0.2708333333333333,0.863849765258216
0.05,0.31,0.2796934865900383,0.24798634951565263,0.7758620689655172,0.3497536945812808,0.0,1.0,0.23529411764705882,0.8904761904761904,0.3333333333333333,0.8450704225352113
0.05,0.33,0.28735632183908044,0.2633172114253502,0.7413793103448276,0.3694581280788177,0.0,1.0,0.3137254901960784,0.8809523809523809,0.3333333333333333,0.8450704225352113
0.05,0.35,0.2950191570881226,0.27153840816109265,0.7413793103448276,0.39408866995073893,0.0,1.0,0.3333333333333333,0.8809523809523809,0.3541666666666667,0.8309859154929577
0.05,0.37,0.30268199233716475,0.2820896431270189,0.7241379310344828,0.41379310344827586,0.0,1.0,0.39215686274509803,0.8714285714285714,0.3541666666666667,0.8309859154929577
0.05,0.39,0.3065134099616858,0.28561096400902225,0.7241379310344828,0.42857142857142855,0.0,1.0,0.39215686274509803,0.8666666666666667,0.375,0.8262910798122066
0.05,0.41,0.2988505747126437,0.2799964054636952,0.6896551724137931,0.42857142857142855,0.0,1.0,0.39215686274509803,0.861904761904762,0.375,0.8215962441314554
0.05,0.43,0.3065134099616858,0.2876171389068731,0.6896551724137931,0.45320197044334976,0.0,1.0,0.4117647058823529,0.861904761904762,0.3958333333333333,0.8075117370892019
0.05,0.45,0.31417624521072796,0.29526618302370133,0.6896551724137931,0.4729064039408867,0.0,1.0,0.43137254901960786,0.8571428571428571,0.4166666666666667,0.8028169014084507
0.05,0.47,0.31800766283524906,0.2985914579059541,0.6724137931034483,0.5073891625615764,0.0,1.0,0.47058823529411764,0.8428571428571429,0.4166666666666667,0.7887323943661971
0.05,0.49,0.31417624521072796,0.29320555134072035,0.6551724137931034,0.5467980295566502,0.0,1.0,0.47058823529411764,0.8285714285714286,0.4166666666666667,0.7605633802816901
0.05,0.51,0.3218390804597701,0.3019429397668425,0.6379310344827587,0.5665024630541872,0.0,1.0,0.47058823529411764,0.8285714285714286,0.4791666666666667,0.7511737089201878
0.05,0.53,0.31417624521072796,0.2956040669856459,0.5862068965517241,0.5862068965517241,0.0,1.0,0.47058823529411764,0.8142857142857143,0.5,0.7370892018779343
0.05,0.55,0.31417624521072796,0.29406206982855715,0.5689655172413793,0.6354679802955665,0.0,1.0,0.49019607843137253,0.780952380952381,0.5,0.7230046948356808
0.05,0.57,0.2988505747126437,0.2806268816695827,0.5,0.645320197044335,0.0,1.0,0.49019607843137253,0.7619047619047619,0.5,0.7136150234741784
0.05,0.59,0.2950191570881226,0.2767857142857143,0.46551724137931033,0.6699507389162561,0.0,1.0,0.5098039215686274,0.7333333333333333,0.5,0.7136150234741784
0.05,0.61,0.28735632183908044,0.2692873073803731,0.43103448275862066,0.6995073891625616,0.0,1.0,0.5098039215686274,0.7142857142857143,0.5,0.6948356807511737
0.05,0.63,0.29118773946360155,0.27280950447782387,0.43103448275862066,0.7142857142857143,0.0,1.0,0.5294117647058824,0.7142857142857143,0.5,0.6854460093896714
0.05,0.65,0.29118773946360155,0.2727313061669074,0.41379310344827586,0.7241379310344828,0.0,1.0,0.5294117647058824,0.7095238095238096,0.5208333333333334,0.6807511737089202
0.05,0.67,0.29118773946360155,0.27248862404237545,0.39655172413793105,0.7438423645320197,0.0,1.0,0.5294117647058824,0.7,0.5416666666666666,0.6713615023474179
0.05,0.69,0.28735632183908044,0.26867157031139494,0.3620689655172414,0.7832512315270936,0.0,1.0,0.5294117647058824,0.6952380952380952,0.5625,0.6338028169014085
0.05,0.71,0.2835249042145594,0.2652111115148432,0.3448275862068966,0.812807881773399,0.0,1.0,0.5294117647058824,0.6761904761904762,0.5625,0.6197183098591549
0.05,0.73,0.26436781609195403,0.24389940296710066,0.25862068965517243,0.8275862068965517,0.0,1.0,0.5294117647058824,0.6619047619047619,0.5625,0.596244131455399
0.05,0.75,0.25287356321839083,0.2299734738651315,0.20689655172413793,0.8374384236453202,0.0,1.0,0.5294117647058824,0.6523809523809524,0.5625,0.5821596244131455
0.05,0.77,0.2413793103448276,0.2148956356736243,0.15517241379310345,0.8719211822660099,0.0,1.0,0.5294117647058824,0.6333333333333333,0.5625,0.5539906103286385
0.05,0.79,0.2260536398467433,0.1912149430324277,0.08620689655172414,0.916256157635468,0.0,1.0,0.5294117647058824,0.5952380952380952,0.5625,0.5305164319248826
0.05,0.81,0.2260536398467433,0.19114455438153055,0.08620689655172414,0.9261083743842364,0.0,1.0,0.5294117647058824,0.5952380952380952,0.5625,0.5211267605633803
0.05,0.83,0.2222222222222222,0.18434410019775874,0.06896551724137931,0.9408866995073891,0.0,1.0,0.5294117647058824,0.5904761904761905,0.5625,0.5070422535211268
0.05,0.85,0.21839080459770116,0.1765917905623788,0.05172413793103448,0.9655172413793104,0.0,1.0,0.5294117647058824,0.5714285714285714,0.5625,0.49765258215962443
0.05,0.87,0.21839080459770116,0.1713475063938619,0.034482758620689655,0.9802955665024631,0.0,1.0,0.5490196078431373,0.5666666666666667,0.5625,0.48826291079812206
0.05,0.89,0.21839080459770116,0.17097335026027727,0.034482758620689655,0.9901477832512315,0.0,1.0,0.5490196078431373,0.5619047619047619,0.5625,0.4835680751173709
0.05,0.91,0.21455938697318008,0.1625650431216577,0.017241379310344827,0.9901477832512315,0.0,1.0,0.5490196078431373,0.5571428571428572,0.5625,0.4835680751173709
0.05,0.93,0.21455938697318008,0.1622311617976358,0.017241379310344827,0.9950738916256158,0.0,1.0,0.5490196078431373,0.5523809523809524,0.5625,0.4835680751173709
0.05,0.95,0.210727969348659,0.15311736886031344,0.0,1.0,0.0,1.0,0.5490196078431373,0.5523809523809524,0.5625,0.47417840375586856
0.07,0.05,0.21839080459770116,0.08990536277602523,0.9827586206896551,0.0049261083743842365,0.0,1.0,0.0,1.0,0.0,0.9906103286384976
0.07,0.07,0.21839080459770116,0.09018987341772151,0.9827586206896551,0.009852216748768473,0.0,1.0,0.0,0.9952380952380953,0.0,0.9906103286384976
0.07,0.09,0.21455938697318008,0.08945686900958466,0.9655172413793104,0.019704433497536946,0.0,1.0,0.0,0.9857142857142858,0.0,0.9859154929577465
0.07,0.11,0.21839080459770116,0.099386816555953,0.9655172413793104,0.03940886699507389,0.0,1.0,0.0196078431372549,0.9761904761904762,0.0,0.9812206572769953
0.07,0.13,0.21455938697318008,0.11333646984553176,0.9137931034482759,0.054187192118226604,0.0,1.0,0.0392156862745098,0.9714285714285714,0.020833333333333332,0.9671361502347418
0.07,0.15,0.21839080459770116,0.12169542709232097,0.9137931034482759,0.06896551724137931,0.0,1.0,0.058823529411764705,0.9666666666666667,0.020833333333333332,0.9624413145539906
0.07,0.17,0.22988505747126436,0.14557189113503105,0.9137931034482759,0.10344827586206896,0.0,1.0,0.09803921568627451,0.9571428571428572,0.041666666666666664,0.9530516431924883
0.07,0.19,0.23371647509578544,0.15297214315833862,0.9137931034482759,0.12807881773399016,0.0,1.0,0.09803921568627451,0.9428571428571428,0.0625,0.9483568075117371
0.07,0.21,0.24904214559386972,0.18605895254908256,0.896551724137931,0.16748768472906403,0.0,1.0,0.1568627450980392,0.9380952380952381,0.10416666666666667,0.9342723004694836
0.07,0.23,0.26053639846743293,0.20923896499238964,0.8793103448275862,0.20689655172413793,0.0,1.0,0.17647058823529413,0.9285714285714286,0.16666666666666666,0.92018779342723
0.07,0.25,0.26053639846743293,0.2173780487804878,0.8275862068965517,0.26108374384236455,0.0,1.0,0.21568627450980393,0.9142857142857143,0.1875,0.8826291079812206
0.07,0.27,0.26436781609195403,0.22502665910380035,0.8103448275862069,0.2857142857142857,0.0,1.0,0.21568627450980393,0.9047619047619048,0.22916666666666666,0.8732394366197183
0.07,0.29,0.2720306513409962,0.23400988810824877,0.8103448275862069,0.31527093596059114,0.0,1.0,0.21568627450980393,0.8952380952380953,0.2708333333333333,0.863849765258216
0.07,0.31,0.2796934865900383,0.24798634951565263,0.7758620689655172,0.3497536945812808,0.0,1.0,0.23529411764705882,0.8904761904761904,0.3333333333333333,0.8450704225352113
0.07,0.33,0.28735632183908044,0.2633172114253502,0.7413793103448276,0.3694581280788177,0.0,1.0,0.3137254901960784,0.8809523809523809,0.3333333333333333,0.8450704225352113
0.07,0.35,0.2950191570881226,0.27153840816109265,0.7413793103448276,0.39408866995073893,0.0,1.0,0.3333333333333333,0.8809523809523809,0.3541666666666667,0.8309859154929577
0.07,0.37,0.30268199233716475,0.2820896431270189,0.7241379310344828,0.41379310344827586,0.0,1.0,0.39215686274509803,0.8714285714285714,0.3541666666666667,0.8309859154929577
0.07,0.39,0.3065134099616858,0.28561096400902225,0.7241379310344828,0.42857142857142855,0.0,1.0,0.39215686274509803,0.8666666666666667,0.375,0.8262910798122066
0.07,0.41,0.2988505747126437,0.2799964054636952,0.6896551724137931,0.42857142857142855,0.0,1.0,0.39215686274509803,0.861904761904762,0.375,0.8215962441314554
0.07,0.43,0.3065134099616858,0.2876171389068731,0.6896551724137931,0.45320197044334976,0.0,1.0,0.4117647058823529,0.861904761904762,0.3958333333333333,0.8075117370892019
0.07,0.45,0.31417624521072796,0.29526618302370133,0.6896551724137931,0.4729064039408867,0.0,1.0,0.43137254901960786,0.8571428571428571,0.4166666666666667,0.8028169014084507
0.07,0.47,0.31800766283524906,0.2985914579059541,0.6724137931034483,0.5073891625615764,0.0,1.0,0.47058823529411764,0.8428571428571429,0.4166666666666667,0.7887323943661971
0.07,0.49,0.31417624521072796,0.29320555134072035,0.6551724137931034,0.5467980295566502,0.0,1.0,0.47058823529411764,0.8285714285714286,0.4166666666666667,0.7605633802816901
0.07,0.51,0.3218390804597701,0.3019429397668425,0.6379310344827587,0.5665024630541872,0.0,1.0,0.47058823529411764,0.8285714285714286,0.4791666666666667,0.7511737089201878
0.07,0.53,0.31417624521072796,0.2956040669856459,0.5862068965517241,0.5862068965517241,0.0,1.0,0.47058823529411764,0.8142857142857143,0.5,0.7370892018779343
0.07,0.55,0.31417624521072796,0.29406206982855715,0.5689655172413793,0.6354679802955665,0.0,1.0,0.49019607843137253,0.780952380952381,0.5,0.7230046948356808
0.07,0.57,0.2988505747126437,0.2806268816695827,0.5,0.645320197044335,0.0,1.0,0.49019607843137253,0.7619047619047619,0.5,0.7136150234741784
0.07,0.59,0.2950191570881226,0.2767857142857143,0.46551724137931033,0.6699507389162561,0.0,1.0,0.5098039215686274,0.7333333333333333,0.5,0.7136150234741784
0.07,0.61,0.28735632183908044,0.2692873073803731,0.43103448275862066,0.6995073891625616,0.0,1.0,0.5098039215686274,0.7142857142857143,0.5,0.6948356807511737
0.07,0.63,0.29118773946360155,0.27280950447782387,0.43103448275862066,0.7142857142857143,0.0,1.0,0.5294117647058824,0.7142857142857143,0.5,0.6854460093896714
0.07,0.65,0.29118773946360155,0.2727313061669074,0.41379310344827586,0.7241379310344828,0.0,1.0,0.5294117647058824,0.7095238095238096,0.5208333333333334,0.6807511737089202
0.07,0.67,0.29118773946360155,0.27248862404237545,0.39655172413793105,0.7438423645320197,0.0,1.0,0.5294117647058824,0.7,0.5416666666666666,0.6713615023474179
0.07,0.69,0.28735632183908044,0.26867157031139494,0.3620689655172414,0.7832512315270936,0.0,1.0,0.5294117647058824,0.6952380952380952,0.5625,0.6338028169014085
0.07,0.71,0.2835249042145594,0.2652111115148432,0.3448275862068966,0.812807881773399,0.0,1.0,0.5294117647058824,0.6761904761904762,0.5625,0.6197183098591549
0.07,0.73,0.26436781609195403,0.24389940296710066,0.25862068965517243,0.8275862068965517,0.0,1.0,0.5294117647058824,0.6619047619047619,0.5625,0.596244131455399
0.07,0.75,0.25287356321839083,0.2299734738651315,0.20689655172413793,0.8374384236453202,0.0,1.0,0.5294117647058824,0.6523809523809524,0.5625,0.5821596244131455
0.07,0.77,0.2413793103448276,0.2148956356736243,0.15517241379310345,0.8719211822660099,0.0,1.0,0.5294117647058824,0.6333333333333333,0.5625,0.5539906103286385
0.07,0.79,0.2260536398467433,0.1912149430324277,0.08620689655172414,0.916256157635468,0.0,1.0,0.5294117647058824,0.5952380952380952,0.5625,0.5305164319248826
0.07,0.81,0.2260536398467433,0.19114455438153055,0.08620689655172414,0.9261083743842364,0.0,1.0,0.5294117647058824,0.5952380952380952,0.5625,0.5211267605633803
0.07,0.83,0.2222222222222222,0.18434410019775874,0.06896551724137931,0.9408866995073891,0.0,1.0,0.5294117647058824,0.5904761904761905,0.5625,0.5070422535211268
0.07,0.85,0.21839080459770116,0.1765917905623788,0.05172413793103448,0.9655172413793104,0.0,1.0,0.5294117647058824,0.5714285714285714,0.5625,0.49765258215962443
0.07,0.87,0.21839080459770116,0.1713475063938619,0.034482758620689655,0.9802955665024631,0.0,1.0,0.5490196078431373,0.5666666666666667,0.5625,0.48826291079812206
0.07,0.89,0.21839080459770116,0.17097335026027727,0.034482758620689655,0.9901477832512315,0.0,1.0,0.5490196078431373,0.5619047619047619,0.5625,0.4835680751173709
0.07,0.91,0.21455938697318008,0.1625650431216577,0.017241379310344827,0.9901477832512315,0.0,1.0,0.5490196078431373,0.5571428571428572,0.5625,0.4835680751173709
0.07,0.93,0.21455938697318008,0.1622311617976358,0.017241379310344827,0.9950738916256158,0.0,1.0,0.5490196078431373,0.5523809523809524,0.5625,0.4835680751173709
0.07,0.95,0.210727969348659,0.15311736886031344,0.0,1.0,0.0,1.0,0.5490196078431373,0.5523809523809524,0.5625,0.47417840375586856
0.09,0.05,0.21839080459770116,0.08990536277602523,0.9827586206896551,0.0049261083743842365,0.0,1.0,0.0,1.0,0.0,0.9906103286384976
0.09,0.07,0.21839080459770116,0.09018987341772151,0.9827586206896551,0.009852216748768473,0.0,1.0,0.0,0.9952380952380953,0.0,0.9906103286384976
0.09,0.09,0.21455938697318008,0.08945686900958466,0.9655172413793104,0.019704433497536946,0.0,1.0,0.0,0.9857142857142858,0.0,0.9859154929577465
0.09,0.11,0.21839080459770116,0.099386816555953,0.9655172413793104,0.03940886699507389,0.0,1.0,0.0196078431372549,0.9761904761904762,0.0,0.9812206572769953
0.09,0.13,0.21455938697318008,0.11333646984553176,0.9137931034482759,0.054187192118226604,0.0,1.0,0.0392156862745098,0.9714285714285714,0.020833333333333332,0.9671361502347418
0.09,0.15,0.21839080459770116,0.12169542709232097,0.9137931034482759,0.06896551724137931,0.0,1.0,0.058823529411764705,0.9666666666666667,0.020833333333333332,0.9624413145539906
0.09,0.17,0.22988505747126436,0.14557189113503105,0.9137931034482759,0.10344827586206896,0.0,1.0,0.09803921568627451,0.9571428571428572,0.041666666666666664,0.9530516431924883
0.09,0.19,0.23371647509578544,0.15297214315833862,0.9137931034482759,0.12807881773399016,0.0,1.0,0.09803921568627451,0.9428571428571428,0.0625,0.9483568075117371
0.09,0.21,0.24904214559386972,0.18605895254908256,0.896551724137931,0.16748768472906403,0.0,1.0,0.1568627450980392,0.9380952380952381,0.10416666666666667,0.9342723004694836
0.09,0.23,0.26053639846743293,0.20923896499238964,0.8793103448275862,0.20689655172413793,0.0,1.0,0.17647058823529413,0.9285714285714286,0.16666666666666666,0.92018779342723
0.09,0.25,0.26053639846743293,0.2173780487804878,0.8275862068965517,0.26108374384236455,0.0,1.0,0.21568627450980393,0.9142857142857143,0.1875,0.8826291079812206
0.09,0.27,0.26436781609195403,0.22502665910380035,0.8103448275862069,0.2857142857142857,0.0,1.0,0.21568627450980393,0.9047619047619048,0.22916666666666666,0.8732394366197183
0.09,0.29,0.2720306513409962,0.23400988810824877,0.8103448275862069,0.31527093596059114,0.0,1.0,0.21568627450980393,0.8952380952380953,0.2708333333333333,0.863849765258216
0.09,0.31,0.2796934865900383,0.24798634951565263,0.7758620689655172,0.3497536945812808,0.0,1.0,0.23529411764705882,0.8904761904761904,0.3333333333333333,0.8450704225352113
0.09,0.33,0.28735632183908044,0.2633172114253502,0.7413793103448276,0.3694581280788177,0.0,1.0,0.3137254901960784,0.8809523809523809,0.3333333333333333,0.8450704225352113
0.09,0.35,0.2950191570881226,0.27153840816109265,0.7413793103448276,0.39408866995073893,0.0,1.0,0.3333333333333333,0.8809523809523809,0.3541666666666667,0.8309859154929577
0.09,0.37,0.30268199233716475,0.2820896431270189,0.7241379310344828,0.41379310344827586,0.0,1.0,0.39215686274509803,0.8714285714285714,0.3541666666666667,0.8309859154929577
0.09,0.39,0.3065134099616858,0.28561096400902225,0.7241379310344828,0.42857142857142855,0.0,1.0,0.39215686274509803,0.8666666666666667,0.375,0.8262910798122066
0.09,0.41,0.2988505747126437,0.2799964054636952,0.6896551724137931,0.42857142857142855,0.0,1.0,0.39215686274509803,0.861904761904762,0.375,0.8215962441314554
0.09,0.43,0.3065134099616858,0.2876171389068731,0.6896551724137931,0.45320197044334976,0.0,1.0,0.4117647058823529,0.861904761904762,0.3958333333333333,0.8075117370892019
0.09,0.45,0.31417624521072796,0.29526618302370133,0.6896551724137931,0.4729064039408867,0.0,1.0,0.43137254901960786,0.8571428571428571,0.4166666666666667,0.8028169014084507
0.09,0.47,0.31800766283524906,0.2985914579059541,0.6724137931034483,0.5073891625615764,0.0,1.0,0.47058823529411764,0.8428571428571429,0.4166666666666667,0.7887323943661971
0.09,0.49,0.31417624521072796,0.29320555134072035,0.6551724137931034,0.5467980295566502,0.0,1.0,0.47058823529411764,0.8285714285714286,0.4166666666666667,0.7605633802816901
0.09,0.51,0.3218390804597701,0.3019429397668425,0.6379310344827587,0.5665024630541872,0.0,1.0,0.47058823529411764,0.8285714285714286,0.4791666666666667,0.7511737089201878
0.09,0.53,0.31417624521072796,0.2956040669856459,0.5862068965517241,0.5862068965517241,0.0,1.0,0.47058823529411764,0.8142857142857143,0.5,0.7370892018779343
0.09,0.55,0.31417624521072796,0.29406206982855715,0.5689655172413793,0.6354679802955665,0.0,1.0,0.49019607843137253,0.780952380952381,0.5,0.7230046948356808
0.09,0.57,0.2988505747126437,0.2806268816695827,0.5,0.645320197044335,0.0,1.0,0.49019607843137253,0.7619047619047619,0.5,0.7136150234741784
0.09,0.59,0.2950191570881226,0.2767857142857143,0.46551724137931033,0.6699507389162561,0.0,1.0,0.5098039215686274,0.7333333333333333,0.5,0.7136150234741784
0.09,0.61,0.28735632183908044,0.2692873073803731,0.43103448275862066,0.6995073891625616,0.0,1.0,0.5098039215686274,0.7142857142857143,0.5,0.6948356807511737
0.09,0.63,0.29118773946360155,0.27280950447782387,0.43103448275862066,0.7142857142857143,0.0,1.0,0.5294117647058824,0.7142857142857143,0.5,0.6854460093896714
0.09,0.65,0.29118773946360155,0.2727313061669074,0.41379310344827586,0.7241379310344828,0.0,1.0,0.5294117647058824,0.7095238095238096,0.5208333333333334,0.6807511737089202
0.09,0.67,0.29118773946360155,0.27248862404237545,0.39655172413793105,0.7438423645320197,0.0,1.0,0.5294117647058824,0.7,0.5416666666666666,0.6713615023474179
0.09,0.69,0.28735632183908044,0.26867157031139494,0.3620689655172414,0.7832512315270936,0.0,1.0,0.5294117647058824,0.6952380952380952,0.5625,0.6338028169014085
0.09,0.71,0.2835249042145594,0.2652111115148432,0.3448275862068966,0.812807881773399,0.0,1.0,0.5294117647058824,0.6761904761904762,0.5625,0.6197183098591549
0.09,0.73,0.26436781609195403,0.24389940296710066,0.25862068965517243,0.8275862068965517,0.0,1.0,0.5294117647058824,0.6619047619047619,0.5625,0.596244131455399
0.09,0.75,0.25287356321839083,0.2299734738651315,0.20689655172413793,0.8374384236453202,0.0,1.0,0.5294117647058824,0.6523809523809524,0.5625,0.5821596244131455
0.09,0.77,0.2413793103448276,0.2148956356736243,0.15517241379310345,0.8719211822660099,0.0,1.0,0.5294117647058824,0.6333333333333333,0.5625,0.5539906103286385
0.09,0.79,0.2260536398467433,0.1912149430324277,0.08620689655172414,0.916256157635468,0.0,1.0,0.5294117647058824,0.5952380952380952,0.5625,0.5305164319248826
0.09,0.81,0.2260536398467433,0.19114455438153055,0.08620689655172414,0.9261083743842364,0.0,1.0,0.5294117647058824,0.5952380952380952,0.5625,0.5211267605633803
0.09,0.83,0.2222222222222222,0.18434410019775874,0.06896551724137931,0.9408866995073891,0.0,1.0,0.5294117647058824,0.5904761904761905,0.5625,0.5070422535211268
0.09,0.85,0.21839080459770116,0.1765917905623788,0.05172413793103448,0.9655172413793104,0.0,1.0,0.5294117647058824,0.5714285714285714,0.5625,0.49765258215962443
0.09,0.87,0.21839080459770116,0.1713475063938619,0.034482758620689655,0.9802955665024631,0.0,1.0,0.5490196078431373,0.5666666666666667,0.5625,0.48826291079812206
0.09,0.89,0.21839080459770116,0.17097335026027727,0.034482758620689655,0.9901477832512315,0.0,1.0,0.5490196078431373,0.5619047619047619,0.5625,0.4835680751173709
0.09,0.91,0.21455938697318008,0.1625650431216577,0.017241379310344827,0.9901477832512315,0.0,1.0,0.5490196078431373,0.5571428571428572,0.5625,0.4835680751173709
0.09,0.93,0.21455938697318008,0.1622311617976358,0.017241379310344827,0.9950738916256158,0.0,1.0,0.5490196078431373,0.5523809523809524,0.5625,0.4835680751173709
0.09,0.95,0.210727969348659,0.15311736886031344,0.0,1.0,0.0,1.0,0.5490196078431373,0.5523809523809524,0.5625,0.47417840375586856
0.11,0.05,0.21839080459770116,0.08990536277602523,0.9827586206896551,0.0049261083743842365,0.0,1.0,0.0,1.0,0.0,0.9906103286384976
0.11,0.07,0.21839080459770116,0.09018987341772151,0.9827586206896551,0.009852216748768473,0.0,1.0,0.0,0.9952380952380953,0.0,0.9906103286384976
0.11,0.09,0.21455938697318008,0.08945686900958466,0.9655172413793104,0.019704433497536946,0.0,1.0,0.0,0.9857142857142858,0.0,0.9859154929577465
0.11,0.11,0.21839080459770116,0.099386816555953,0.9655172413793104,0.03940886699507389,0.0,1.0,0.0196078431372549,0.9761904761904762,0.0,0.9812206572769953
0.11,0.13,0.21455938697318008,0.11333646984553176,0.9137931034482759,0.054187192118226604,0.0,1.0,0.0392156862745098,0.9714285714285714,0.020833333333333332,0.9671361502347418
0.11,0.15,0.21839080459770116,0.12169542709232097,0.9137931034482759,0.06896551724137931,0.0,1.0,0.058823529411764705,0.9666666666666667,0.020833333333333332,0.9624413145539906
0.11,0.17,0.22988505747126436,0.14557189113503105,0.9137931034482759,0.10344827586206896,0.0,1.0,0.09803921568627451,0.9571428571428572,0.041666666666666664,0.9530516431924883
0.11,0.19,0.23371647509578544,0.15297214315833862,0.9137931034482759,0.12807881773399016,0.0,1.0,0.09803921568627451,0.9428571428571428,0.0625,0.9483568075117371
0.11,0.21,0.24904214559386972,0.18605895254908256,0.896551724137931,0.16748768472906403,0.0,1.0,0.1568627450980392,0.9380952380952381,0.10416666666666667,0.9342723004694836
0.11,0.23,0.26053639846743293,0.20923896499238964,0.8793103448275862,0.20689655172413793,0.0,1.0,0.17647058823529413,0.9285714285714286,0.16666666666666666,0.92018779342723
0.11,0.25,0.26053639846743293,0.2173780487804878,0.8275862068965517,0.26108374384236455,0.0,1.0,0.21568627450980393,0.9142857142857143,0.1875,0.8826291079812206
0.11,0.27,0.26436781609195403,0.22502665910380035,0.8103448275862069,0.2857142857142857,0.0,1.0,0.21568627450980393,0.9047619047619048,0.22916666666666666,0.8732394366197183
0.11,0.29,0.2720306513409962,0.23400988810824877,0.8103448275862069,0.31527093596059114,0.0,1.0,0.21568627450980393,0.8952380952380953,0.2708333333333333,0.863849765258216
0.11,0.31,0.2796934865900383,0.24798634951565263,0.7758620689655172,0.3497536945812808,0.0,1.0,0.23529411764705882,0.8904761904761904,0.3333333333333333,0.8450704225352113
0.11,0.33,0.28735632183908044,0.2633172114253502,0.7413793103448276,0.3694581280788177,0.0,1.0,0.3137254901960784,0.8809523809523809,0.3333333333333333,0.8450704225352113
0.11,0.35,0.2950191570881226,0.27153840816109265,0.7413793103448276,0.39408866995073893,0.0,1.0,0.3333333333333333,0.8809523809523809,0.3541666666666667,0.8309859154929577
0.11,0.37,0.30268199233716475,0.2820896431270189,0.7241379310344828,0.41379310344827586,0.0,1.0,0.39215686274509803,0.8714285714285714,0.3541666666666667,0.8309859154929577
0.11,0.39,0.3065134099616858,0.28561096400902225,0.7241379310344828,0.42857142857142855,0.0,1.0,0.39215686274509803,0.8666666666666667,0.375,0.8262910798122066
0.11,0.41,0.2988505747126437,0.2799964054636952,0.6896551724137931,0.42857142857142855,0.0,1.0,0.39215686274509803,0.861904761904762,0.375,0.8215962441314554
0.11,0.43,0.3065134099616858,0.2876171389068731,0.6896551724137931,0.45320197044334976,0.0,1.0,0.4117647058823529,0.861904761904762,0.3958333333333333,0.8075117370892019
0.11,0.45,0.31417624521072796,0.29526618302370133,0.6896551724137931,0.4729064039408867,0.0,1.0,0.43137254901960786,0.8571428571428571,0.4166666666666667,0.8028169014084507
0.11,0.47,0.31800766283524906,0.2985914579059541,0.6724137931034483,0.5073891625615764,0.0,1.0,0.47058823529411764,0.8428571428571429,0.4166666666666667,0.7887323943661971
0.11,0.49,0.31417624521072796,0.29320555134072035,0.6551724137931034,0.5467980295566502,0.0,1.0,0.47058823529411764,0.8285714285714286,0.4166666666666667,0.7605633802816901
0.11,0.51,0.3218390804597701,0.3019429397668425,0.6379310344827587,0.5665024630541872,0.0,1.0,0.47058823529411764,0.8285714285714286,0.4791666666666667,0.7511737089201878
0.11,0.53,0.31417624521072796,0.2956040669856459,0.5862068965517241,0.5862068965517241,0.0,1.0,0.47058823529411764,0.8142857142857143,0.5,0.7370892018779343
0.11,0.55,0.31417624521072796,0.29406206982855715,0.5689655172413793,0.6354679802955665,0.0,1.0,0.49019607843137253,0.780952380952381,0.5,0.7230046948356808
0.11,0.57,0.2988505747126437,0.2806268816695827,0.5,0.645320197044335,0.0,1.0,0.49019607843137253,0.7619047619047619,0.5,0.7136150234741784
0.11,0.59,0.2950191570881226,0.2767857142857143,0.46551724137931033,0.6699507389162561,0.0,1.0,0.5098039215686274,0.7333333333333333,0.5,0.7136150234741784
0.11,0.61,0.28735632183908044,0.2692873073803731,0.43103448275862066,0.6995073891625616,0.0,1.0,0.5098039215686274,0.7142857142857143,0.5,0.6948356807511737
0.11,0.63,0.29118773946360155,0.27280950447782387,0.43103448275862066,0.7142857142857143,0.0,1.0,0.5294117647058824,0.7142857142857143,0.5,0.6854460093896714
0.11,0.65,0.29118773946360155,0.2727313061669074,0.41379310344827586,0.7241379310344828,0.0,1.0,0.5294117647058824,0.7095238095238096,0.5208333333333334,0.6807511737089202
0.11,0.67,0.29118773946360155,0.27248862404237545,0.39655172413793105,0.7438423645320197,0.0,1.0,0.5294117647058824,0.7,0.5416666666666666,0.6713615023474179
0.11,0.69,0.28735632183908044,0.26867157031139494,0.3620689655172414,0.7832512315270936,0.0,1.0,0.5294117647058824,0.6952380952380952,0.5625,0.6338028169014085
0.11,0.71,0.2835249042145594,0.2652111115148432,0.3448275862068966,0.812807881773399,0.0,1.0,0.5294117647058824,0.6761904761904762,0.5625,0.6197183098591549
0.11,0.73,0.26436781609195403,0.24389940296710066,0.25862068965517243,0.8275862068965517,0.0,1.0,0.5294117647058824,0.6619047619047619,0.5625,0.596244131455399
0.11,0.75,0.25287356321839083,0.2299734738651315,0.20689655172413793,0.8374384236453202,0.0,1.0,0.5294117647058824,0.6523809523809524,0.5625,0.5821596244131455
0.11,0.77,0.2413793103448276,0.2148956356736243,0.15517241379310345,0.8719211822660099,0.0,1.0,0.5294117647058824,0.6333333333333333,0.5625,0.5539906103286385
0.11,0.79,0.2260536398467433,0.1912149430324277,0.08620689655172414,0.916256157635468,0.0,1.0,0.5294117647058824,0.5952380952380952,0.5625,0.5305164319248826
0.11,0.81,0.2260536398467433,0.19114455438153055,0.08620689655172414,0.9261083743842364,0.0,1.0,0.5294117647058824,0.5952380952380952,0.5625,0.5211267605633803
0.11,0.83,0.2222222222222222,0.18434410019775874,0.06896551724137931,0.9408866995073891,0.0,1.0,0.5294117647058824,0.5904761904761905,0.5625,0.5070422535211268
0.11,0.85,0.21839080459770116,0.1765917905623788,0.05172413793103448,0.9655172413793104,0.0,1.0,0.5294117647058824,0.5714285714285714,0.5625,0.49765258215962443
0.11,0.87,0.21839080459770116,0.1713475063938619,0.034482758620689655,0.9802955665024631,0.0,1.0,0.5490196078431373,0.5666666666666667,0.5625,0.48826291079812206
0.11,0.89,0.21839080459770116,0.17097335026027727,0.034482758620689655,0.9901477832512315,0.0,1.0,0.5490196078431373,0.5619047619047619,0.5625,0.4835680751173709
0.11,0.91,0.21455938697318008,0.1625650431216577,0.017241379310344827,0.9901477832512315,0.0,1.0,0.5490196078431373,0.5571428571428572,0.5625,0.4835680751173709
0.11,0.93,0.21455938697318008,0.1622311617976358,0.017241379310344827,0.9950738916256158,0.0,1.0,0.5490196078431373,0.5523809523809524,0.5625,0.4835680751173709
0.11,0.95,0.210727969348659,0.15311736886031344,0.0,1.0,0.0,1.0,0.5490196078431373,0.5523809523809524,0.5625,0.47417840375586856
0.13,0.05,0.21839080459770116,0.08990536277602523,0.9827586206896551,0.0049261083743842365,0.0,1.0,0.0,1.0,0.0,0.9906103286384976
0.13,0.07,0.21839080459770116,0.09018987341772151,0.9827586206896551,0.009852216748768473,0.0,1.0,0.0,0.9952380952380953,0.0,0.9906103286384976
0.13,0.09,0.21455938697318008,0.08945686900958466,0.9655172413793104,0.019704433497536946,0.0,1.0,0.0,0.9857142857142858,0.0,0.9859154929577465
0.13,0.11,0.21839080459770116,0.099386816555953,0.9655172413793104,0.03940886699507389,0.0,1.0,0.0196078431372549,0.9761904761904762,0.0,0.9812206572769953
0.13,0.13,0.21455938697318008,0.11333646984553176,0.9137931034482759,0.054187192118226604,0.0,1.0,0.0392156862745098,0.9714285714285714,0.020833333333333332,0.9671361502347418
0.13,0.15,0.21839080459770116,0.12169542709232097,0.9137931034482759,0.06896551724137931,0.0,1.0,0.058823529411764705,0.9666666666666667,0.020833333333333332,0.9624413145539906
0.13,0.17,0.22988505747126436,0.14557189113503105,0.9137931034482759,0.10344827586206896,0.0,1.0,0.09803921568627451,0.9571428571428572,0.041666666666666664,0.9530516431924883
0.13,0.19,0.23371647509578544,0.15297214315833862,0.9137931034482759,0.12807881773399016,0.0,1.0,0.09803921568627451,0.9428571428571428,0.0625,0.9483568075117371
0.13,0.21,0.24904214559386972,0.18605895254908256,0.896551724137931,0.16748768472906403,0.0,1.0,0.1568627450980392,0.9380952380952381,0.10416666666666667,0.9342723004694836
0.13,0.23,0.26053639846743293,0.20923896499238964,0.8793103448275862,0.20689655172413793,0.0,1.0,0.17647058823529413,0.9285714285714286,0.16666666666666666,0.92018779342723
0.13,0.25,0.26053639846743293,0.2173780487804878,0.8275862068965517,0.26108374384236455,0.0,1.0,0.21568627450980393,0.9142857142857143,0.1875,0.8826291079812206
0.13,0.27,0.26436781609195403,0.22502665910380035,0.8103448275862069,0.2857142857142857,0.0,1.0,0.21568627450980393,0.9047619047619048,0.22916666666666666,0.8732394366197183
0.13,0.29,0.2720306513409962,0.23400988810824877,0.8103448275862069,0.31527093596059114,0.0,1.0,0.21568627450980393,0.8952380952380953,0.2708333333333333,0.863849765258216
0.13,0.31,0.2796934865900383,0.24798634951565263,0.7758620689655172,0.3497536945812808,0.0,1.0,0.23529411764705882,0.8904761904761904,0.3333333333333333,0.8450704225352113
0.13,0.33,0.28735632183908044,0.2633172114253502,0.7413793103448276,0.3694581280788177,0.0,1.0,0.3137254901960784,0.8809523809523809,0.3333333333333333,0.8450704225352113
0.13,0.35,0.2950191570881226,0.27153840816109265,0.7413793103448276,0.39408866995073893,0.0,1.0,0.3333333333333333,0.8809523809523809,0.3541666666666667,0.8309859154929577
0.13,0.37,0.30268199233716475,0.2820896431270189,0.7241379310344828,0.41379310344827586,0.0,1.0,0.39215686274509803,0.8714285714285714,0.3541666666666667,0.8309859154929577
0.13,0.39,0.3065134099616858,0.28561096400902225,0.7241379310344828,0.42857142857142855,0.0,1.0,0.39215686274509803,0.8666666666666667,0.375,0.8262910798122066
0.13,0.41,0.2988505747126437,0.2799964054636952,0.6896551724137931,0.42857142857142855,0.0,1.0,0.39215686274509803,0.861904761904762,0.375,0.8215962441314554
0.13,0.43,0.3065134099616858,0.2876171389068731,0.6896551724137931,0.45320197044334976,0.0,1.0,0.4117647058823529,0.861904761904762,0.3958333333333333,0.8075117370892019
0.13,0.45,0.31417624521072796,0.29526618302370133,0.6896551724137931,0.4729064039408867,0.0,1.0,0.43137254901960786,0.8571428571428571,0.4166666666666667,0.8028169014084507
0.13,0.47,0.31800766283524906,0.2985914579059541,0.6724137931034483,0.5073891625615764,0.0,1.0,0.47058823529411764,0.8428571428571429,0.4166666666666667,0.7887323943661971
0.13,0.49,0.31417624521072796,0.29320555134072035,0.6551724137931034,0.5467980295566502,0.0,1.0,0.47058823529411764,0.8285714285714286,0.4166666666666667,0.7605633802816901
0.13,0.51,0.3218390804597701,0.3019429397668425,0.6379310344827587,0.5665024630541872,0.0,1.0,0.47058823529411764,0.8285714285714286,0.4791666666666667,0.7511737089201878
0.13,0.53,0.31417624521072796,0.2956040669856459,0.5862068965517241,0.5862068965517241,0.0,1.0,0.47058823529411764,0.8142857142857143,0.5,0.7370892018779343
0.13,0.55,0.31417624521072796,0.29406206982855715,0.5689655172413793,0.6354679802955665,0.0,1.0,0.49019607843137253,0.780952380952381,0.5,0.7230046948356808
0.13,0.57,0.2988505747126437,0.2806268816695827,0.5,0.645320197044335,0.0,1.0,0.49019607843137253,0.7619047619047619,0.5,0.7136150234741784
0.13,0.59,0.2950191570881226,0.2767857142857143,0.46551724137931033,0.6699507389162561,0.0,1.0,0.5098039215686274,0.7333333333333333,0.5,0.7136150234741784
0.13,0.61,0.28735632183908044,0.2692873073803731,0.43103448275862066,0.6995073891625616,0.0,1.0,0.5098039215686274,0.7142857142857143,0.5,0.6948356807511737
0.13,0.63,0.29118773946360155,0.27280950447782387,0.43103448275862066,0.7142857142857143,0.0,1.0,0.5294117647058824,0.7142857142857143,0.5,0.6854460093896714
0.13,0.65,0.29118773946360155,0.2727313061669074,0.41379310344827586,0.7241379310344828,0.0,1.0,0.5294117647058824,0.7095238095238096,0.5208333333333334,0.6807511737089202
0.13,0.67,0.29118773946360155,0.27248862404237545,0.39655172413793105,0.7438423645320197,0.0,1.0,0.5294117647058824,0.7,0.5416666666666666,0.6713615023474179
0.13,0.69,0.28735632183908044,0.26867157031139494,0.3620689655172414,0.7832512315270936,0.0,1.0,0.5294117647058824,0.6952380952380952,0.5625,0.6338028169014085
0.13,0.71,0.2835249042145594,0.2652111115148432,0.3448275862068966,0.812807881773399,0.0,1.0,0.5294117647058824,0.6761904761904762,0.5625,0.6197183098591549
0.13,0.73,0.26436781609195403,0.24389940296710066,0.25862068965517243,0.8275862068965517,0.0,1.0,0.5294117647058824,0.6619047619047619,0.5625,0.596244131455399
0.13,0.75,0.25287356321839083,0.2299734738651315,0.20689655172413793,0.8374384236453202,0.0,1.0,0.5294117647058824,0.6523809523809524,0.5625,0.5821596244131455
0.13,0.77,0.2413793103448276,0.2148956356736243,0.15517241379310345,0.8719211822660099,0.0,1.0,0.5294117647058824,0.6333333333333333,0.5625,0.5539906103286385
0.13,0.79,0.2260536398467433,0.1912149430324277,0.08620689655172414,0.916256157635468,0.0,1.0,0.5294117647058824,0.5952380952380952,0.5625,0.5305164319248826
0.13,0.81,0.2260536398467433,0.19114455438153055,0.08620689655172414,0.9261083743842364,0.0,1.0,0.5294117647058824,0.5952380952380952,0.5625,0.5211267605633803
0.13,0.83,0.2222222222222222,0.18434410019775874,0.06896551724137931,0.9408866995073891,0.0,1.0,0.5294117647058824,0.5904761904761905,0.5625,0.5070422535211268
0.13,0.85,0.21839080459770116,0.1765917905623788,0.05172413793103448,0.9655172413793104,0.0,1.0,0.5294117647058824,0.5714285714285714,0.5625,0.49765258215962443
0.13,0.87,0.21839080459770116,0.1713475063938619,0.034482758620689655,0.9802955665024631,0.0,1.0,0.5490196078431373,0.5666666666666667,0.5625,0.48826291079812206
0.13,0.89,0.21839080459770116,0.17097335026027727,0.034482758620689655,0.9901477832512315,0.0,1.0,0.5490196078431373,0.5619047619047619,0.5625,0.4835680751173709
0.13,0.91,0.21455938697318008,0.1625650431216577,0.017241379310344827,0.9901477832512315,0.0,1.0,0.5490196078431373,0.5571428571428572,0.5625,0.4835680751173709
0.13,0.93,0.21455938697318008,0.1622311617976358,0.017241379310344827,0.9950738916256158,0.0,1.0,0.5490196078431373,0.5523809523809524,0.5625,0.4835680751173709
0.13,0.95,0.210727969348659,0.15311736886031344,0.0,1.0,0.0,1.0,0.5490196078431373,0.5523809523809524,0.5625,0.47417840375586856
0.15,0.05,0.21839080459770116,0.08990536277602523,0.9827586206896551,0.0049261083743842365,0.0,1.0,0.0,1.0,0.0,0.9906103286384976
0.15,0.07,0.21839080459770116,0.09018987341772151,0.9827586206896551,0.009852216748768473,0.0,1.0,0.0,0.9952380952380953,0.0,0.9906103286384976
0.15,0.09,0.21455938697318008,0.08945686900958466,0.9655172413793104,0.019704433497536946,0.0,1.0,0.0,0.9857142857142858,0.0,0.9859154929577465
0.15,0.11,0.21839080459770116,0.099386816555953,0.9655172413793104,0.03940886699507389,0.0,1.0,0.0196078431372549,0.9761904761904762,0.0,0.9812206572769953
0.15,0.13,0.21455938697318008,0.11333646984553176,0.9137931034482759,0.054187192118226604,0.0,1.0,0.0392156862745098,0.9714285714285714,0.020833333333333332,0.9671361502347418
0.15,0.15,0.21839080459770116,0.12169542709232097,0.9137931034482759,0.06896551724137931,0.0,1.0,0.058823529411764705,0.9666666666666667,0.020833333333333332,0.9624413145539906
0.15,0.17,0.22988505747126436,0.14557189113503105,0.9137931034482759,0.10344827586206896,0.0,1.0,0.09803921568627451,0.9571428571428572,0.041666666666666664,0.9530516431924883
0.15,0.19,0.23371647509578544,0.15297214315833862,0.9137931034482759,0.12807881773399016,0.0,1.0,0.09803921568627451,0.9428571428571428,0.0625,0.9483568075117371
0.15,0.21,0.24904214559386972,0.18605895254908256,0.896551724137931,0.16748768472906403,0.0,1.0,0.1568627450980392,0.9380952380952381,0.10416666666666667,0.9342723004694836
0.15,0.23,0.26053639846743293,0.20923896499238964,0.8793103448275862,0.20689655172413793,0.0,1.0,0.17647058823529413,0.9285714285714286,0.16666666666666666,0.92018779342723
0.15,0.25,0.26053639846743293,0.2173780487804878,0.8275862068965517,0.26108374384236455,0.0,1.0,0.21568627450980393,0.9142857142857143,0.1875,0.8826291079812206
0.15,0.27,0.26436781609195403,0.22502665910380035,0.8103448275862069,0.2857142857142857,0.0,1.0,0.21568627450980393,0.9047619047619048,0.22916666666666666,0.8732394366197183
0.15,0.29,0.2720306513409962,0.23400988810824877,0.8103448275862069,0.31527093596059114,0.0,1.0,0.21568627450980393,0.8952380952380953,0.2708333333333333,0.863849765258216
0.15,0.31,0.2796934865900383,0.24798634951565263,0.7758620689655172,0.3497536945812808,0.0,1.0,0.23529411764705882,0.8904761904761904,0.3333333333333333,0.8450704225352113
0.15,0.33,0.28735632183908044,0.2633172114253502,0.7413793103448276,0.3694581280788177,0.0,1.0,0.3137254901960784,0.8809523809523809,0.3333333333333333,0.8450704225352113
0.15,0.35,0.2950191570881226,0.27153840816109265,0.7413793103448276,0.39408866995073893,0.0,1.0,0.3333333333333333,0.8809523809523809,0.3541666666666667,0.8309859154929577
0.15,0.37,0.30268199233716475,0.2820896431270189,0.7241379310344828,0.41379310344827586,0.0,1.0,0.39215686274509803,0.8714285714285714,0.3541666666666667,0.8309859154929577
0.15,0.39,0.3065134099616858,0.28561096400902225,0.7241379310344828,0.42857142857142855,0.0,1.0,0.39215686274509803,0.8666666666666667,0.375,0.8262910798122066
0.15,0.41,0.2988505747126437,0.2799964054636952,0.6896551724137931,0.42857142857142855,0.0,1.0,0.39215686274509803,0.861904761904762,0.375,0.8215962441314554
0.15,0.43,0.3065134099616858,0.2876171389068731,0.6896551724137931,0.45320197044334976,0.0,1.0,0.4117647058823529,0.861904761904762,0.3958333333333333,0.8075117370892019
0.15,0.45,0.31417624521072796,0.29526618302370133,0.6896551724137931,0.4729064039408867,0.0,1.0,0.43137254901960786,0.8571428571428571,0.4166666666666667,0.8028169014084507
0.15,0.47,0.31800766283524906,0.2985914579059541,0.6724137931034483,0.5073891625615764,0.0,1.0,0.47058823529411764,0.8428571428571429,0.4166666666666667,0.7887323943661971
0.15,0.49,0.31417624521072796,0.29320555134072035,0.6551724137931034,0.5467980295566502,0.0,1.0,0.47058823529411764,0.8285714285714286,0.4166666666666667,0.7605633802816901
0.15,0.51,0.3218390804597701,0.3019429397668425,0.6379310344827587,0.5665024630541872,0.0,1.0,0.47058823529411764,0.8285714285714286,0.4791666666666667,0.7511737089201878
0.15,0.53,0.31417624521072796,0.2956040669856459,0.5862068965517241,0.5862068965517241,0.0,1.0,0.47058823529411764,0.8142857142857143,0.5,0.7370892018779343
0.15,0.55,0.31417624521072796,0.29406206982855715,0.5689655172413793,0.6354679802955665,0.0,1.0,0.49019607843137253,0.780952380952381,0.5,0.7230046948356808
0.15,0.57,0.2988505747126437,0.2806268816695827,0.5,0.645320197044335,0.0,1.0,0.49019607843137253,0.7619047619047619,0.5,0.7136150234741784
0.15,0.59,0.2950191570881226,0.2767857142857143,0.46551724137931033,0.6699507389162561,0.0,1.0,0.5098039215686274,0.7333333333333333,0.5,0.7136150234741784
0.15,0.61,0.28735632183908044,0.2692873073803731,0.43103448275862066,0.6995073891625616,0.0,1.0,0.5098039215686274,0.7142857142857143,0.5,0.6948356807511737
0.15,0.63,0.29118773946360155,0.27280950447782387,0.43103448275862066,0.7142857142857143,0.0,1.0,0.5294117647058824,0.7142857142857143,0.5,0.6854460093896714
0.15,0.65,0.29118773946360155,0.2727313061669074,0.41379310344827586,0.7241379310344828,0.0,1.0,0.5294117647058824,0.7095238095238096,0.5208333333333334,0.6807511737089202
0.15,0.67,0.29118773946360155,0.27248862404237545,0.39655172413793105,0.7438423645320197,0.0,1.0,0.5294117647058824,0.7,0.5416666666666666,0.6713615023474179
0.15,0.69,0.28735632183908044,0.26867157031139494,0.3620689655172414,0.7832512315270936,0.0,1.0,0.5294117647058824,0.6952380952380952,0.5625,0.6338028169014085
0.15,0.71,0.2835249042145594,0.2652111115148432,0.3448275862068966,0.812807881773399,0.0,1.0,0.5294117647058824,0.6761904761904762,0.5625,0.6197183098591549
0.15,0.73,0.26436781609195403,0.24389940296710066,0.25862068965517243,0.8275862068965517,0.0,1.0,0.5294117647058824,0.6619047619047619,0.5625,0.596244131455399
0.15,0.75,0.25287356321839083,0.2299734738651315,0.20689655172413793,0.8374384236453202,0.0,1.0,0.5294117647058824,0.6523809523809524,0.5625,0.5821596244131455
0.15,0.77,0.2413793103448276,0.2148956356736243,0.15517241379310345,0.8719211822660099,0.0,1.0,0.5294117647058824,0.6333333333333333,0.5625,0.5539906103286385
0.15,0.79,0.2260536398467433,0.1912149430324277,0.08620689655172414,0.916256157635468,0.0,1.0,0.5294117647058824,0.5952380952380952,0.5625,0.5305164319248826
0.15,0.81,0.2260536398467433,0.19114455438153055,0.08620689655172414,0.9261083743842364,0.0,1.0,0.5294117647058824,0.5952380952380952,0.5625,0.5211267605633803
0.15,0.83,0.2222222222222222,0.18434410019775874,0.06896551724137931,0.9408866995073891,0.0,1.0,0.5294117647058824,0.5904761904761905,0.5625,0.5070422535211268
0.15,0.85,0.21839080459770116,0.1765917905623788,0.05172413793103448,0.9655172413793104,0.0,1.0,0.5294117647058824,0.5714285714285714,0.5625,0.49765258215962443
0.15,0.87,0.21839080459770116,0.1713475063938619,0.034482758620689655,0.9802955665024631,0.0,1.0,0.5490196078431373,0.5666666666666667,0.5625,0.48826291079812206
0.15,0.89,0.21839080459770116,0.17097335026027727,0.034482758620689655,0.9901477832512315,0.0,1.0,0.5490196078431373,0.5619047619047619,0.5625,0.4835680751173709
0.15,0.91,0.21455938697318008,0.1625650431216577,0.017241379310344827,0.9901477832512315,0.0,1.0,0.5490196078431373,0.5571428571428572,0.5625,0.4835680751173709
0.15,0.93,0.21455938697318008,0.1622311617976358,0.017241379310344827,0.9950738916256158,0.0,1.0,0.5490196078431373,0.5523809523809524,0.5625,0.4835680751173709
0.15,0.95,0.210727969348659,0.15311736886031344,0.0,1.0,0.0,1.0,0.5490196078431373,0.5523809523809524,0.5625,0.47417840375586856
0.17,0.05,0.2222222222222222,0.09495177817962627,0.9827586206896551,0.009852216748768473,0.009615384615384616,1.0,0.0,1.0,0.0,0.9906103286384976
0.17,0.07,0.2222222222222222,0.09523809523809523,0.9827586206896551,0.014778325123152709,0.009615384615384616,1.0,0.0,0.9952380952380953,0.0,0.9906103286384976
0.17,0.09,0.21839080459770116,0.0945054945054945,0.9655172413793104,0.024630541871921183,0.009615384615384616,1.0,0.0,0.9857142857142858,0.0,0.9859154929577465
0.17,0.11,0.2222222222222222,0.10444292549555707,0.9655172413793104,0.04433497536945813,0.009615384615384616,1.0,0.0196078431372549,0.9761904761904762,0.0,0.9812206572769953
0.17,0.13,0.21839080459770116,0.11838797310370999,0.9137931034482759,0.059113300492610835,0.009615384615384616,1.0,0.0392156862745098,0.9714285714285714,0.020833333333333332,0.9671361502347418
0.17,0.15,0.2222222222222222,0.1267527610626984,0.9137931034482759,0.07389162561576355,0.009615384615384616,1.0,0.058823529411764705,0.9666666666666667,0.020833333333333332,0.9624413145539906
0.17,0.17,0.23371647509578544,0.15064353454764412,0.9137931034482759,0.10837438423645321,0.009615384615384616,1.0,0.09803921568627451,0.9571428571428572,0.041666666666666664,0.9530516431924883
0.17,0.19,0.23754789272030652,0.15805465380487366,0.9137931034482759,0.1330049261083744,0.009615384615384616,1.0,0.09803921568627451,0.9428571428571428,0.0625,0.9483568075117371
0.17,0.21,0.25287356321839083,0.1911560730093963,0.896551724137931,0.1724137931034483,0.009615384615384616,1.0,0.1568627450980392,0.9380952380952381,0.10416666666666667,0.9342723004694836
0.17,0.23,0.26436781609195403,0.21435196434330722,0.8793103448275862,0.21182266009852216,0.009615384615384616,1.0,0.17647058823529413,0.9285714285714286,0.16666666666666666,0.92018779342723
0.17,0.25,0.26436781609195403,0.2225076006012161,0.8275862068965517,0.2660098522167488,0.009615384615384616,1.0,0.21568627450980393,0.9142857142857143,0.1875,0.8826291079812206
0.17,0.27,0.2681992337164751,0.23016607390586574,0.8103448275862069,0.29064039408866993,0.009615384615384616,1.0,0.21568627450980393,0.9047619047619048,0.22916666666666666,0.8732394366197183
0.17,0.29,0.27586206896551724,0.2391681363903586,0.8103448275862069,0.32019704433497537,0.009615384615384616,1.0,0.21568627450980393,0.8952380952380953,0.2708333333333333,0.863849765258216
0.17,0.31,0.2835249042145594,0.2531574195803397,0.7758620689655172,0.35467980295566504,0.009615384615384616,1.0,0.23529411764705882,0.8904761904761904,0.3333333333333333,0.8450704225352113
0.17,0.33,0.29118773946360155,0.268490898919194,0.7413793103448276,0.37438423645320196,0.009615384615384616,1.0,0.3137254901960784,0.8809523809523809,0.3333333333333333,0.8450704225352113
0.17,0.35,0.2988505747126437,0.2767307261196662,0.7413793103448276,0.39901477832512317,0.009615384615384616,1.0,0.3333333333333333,0.8809523809523809,0.3541666666666667,0.8309859154929577
0.17,0.37,0.3065134099616858,0.28729141215937737,0.7241379310344828,0.4187192118226601,0.009615384615384616,1.0,0.39215686274509803,0.8714285714285714,0.3541666666666667,0.8309859154929577
0.17,0.39,0.3103448275862069,0.290825065153356,0.7241379310344828,0.43349753694581283,0.009615384615384616,1.0,0.39215686274509803,0.8666666666666667,0.375,0.8262910798122066
0.17,0.41,0.30268199233716475,0.2851970799153898,0.6896551724137931,0.43349753694581283,0.009615384615384616,1.0,0.39215686274509803,0.861904761904762,0.375,0.8215962441314554
0.17,0.43,0.3103448275862069,0.29283910991831785,0.6896551724137931,0.458128078817734,0.009615384615384616,1.0,0.4117647058823529,0.861904761904762,0.3958333333333333,0.8075117370892019
0.17,0.45,0.31800766283524906,0.3005063278621245,0.6896551724137931,0.47783251231527096,0.009615384615384616,1.0,0.43137254901960786,0.8571428571428571,0.4166666666666667,0.8028169014084507
0.17,0.47,0.3218390804597701,0.30385838701262213,0.6724137931034483,0.5123152709359606,0.009615384615384616,1.0,0.47058823529411764,0.8428571428571429,0.4166666666666667,0.7887323943661971
0.17,0.49,0.31800766283524906,0.2985079043902573,0.6551724137931034,0.5517241379310345,0.009615384615384616,1.0,0.47058823529411764,0.8285714285714286,0.4166666666666667,0.7605633802816901
0.17,0.51,0.32567049808429116,0.3072603000022355,0.6379310344827587,0.5714285714285714,0.009615384615384616,1.0,0.47058823529411764,0.8285714285714286,0.4791666666666667,0.7511737089201878
0.17,0.53,0.31800766283524906,0.3009179197994987,0.5862068965517241,0.5911330049261084,0.009615384615384616,1.0,0.47058823529411764,0.8142857142857143,0.5,0.7370892018779343
0.17,0.55,0.31800766283524906,0.29943373068802287,0.5689655172413793,0.6403940886699507,0.009615384615384616,1.0,0.49019607843137253,0.780952380952381,0.5,0.7230046948356808
0.17,0.57,0.30268199233716475,0.2859659697767626,0.5,0.6502463054187192,0.009615384615384616,1.0,0.49019607843137253,0.7619047619047619,0.5,0.7136150234741784
0.17,0.59,0.2988505747126437,0.2821358030838686,0.46551724137931033,0.6748768472906403,0.009615384615384616,1.0,0.5098039215686274,0.7333333333333333,0.5,0.7136150234741784
0.17,0.61,0.29118773946360155,0.27465624399930966,0.43103448275862066,0.7044334975369458,0.009615384615384616,1.0,0.5098039215686274,0.7142857142857143,0.5,0.6948356807511737
0.17,0.63,0.2950191570881226,0.27820464125593936,0.43103448275862066,0.7192118226600985,0.009615384615384616,1.0,0.5294117647058824,0.7142857142857143,0.5,0.6854460093896714
0.17,0.65,0.2950191570881226,0.2781279300655941,0.41379310344827586,0.729064039408867,0.009615384615384616,1.0,0.5294117647058824,0.7095238095238096,0.5208333333333334,0.6807511737089202
0.17,0.67,0.2950191570881226,0.2779055755119585,0.39655172413793105,0.7487684729064039,0.009615384615384616,1.0,0.5294117647058824,0.7,0.5416666666666666,0.6713615023474179
0.17,0.69,0.29118773946360155,0.2741331951852549,0.3620689655172414,0.7881773399014779,0.009615384615384616,1.0,0.5294117647058824,0.6952380952380952,0.5625,0.6338028169014085
0.17,0.71,0.28735632183908044,0.27072264146415426,0.3448275862068966,0.8177339901477833,0.009615384615384616,1.0,0.5294117647058824,0.6761904761904762,0.5625,0.6197183098591549
0.17,0.73,0.2681992337164751,0.24931032122848618,0.25862068965517243,0.8325123152709359,0.009615384615384616,1.0,0.5294117647058824,0.6619047619047619,0.5625,0.596244131455399
0.17,0.75,0.2567049808429119,0.23530648085433498,0.20689655172413793,0.8423645320197044,0.009615384615384616,1.0,0.5294117647058824,0.6523809523809524,0.5625,0.5821596244131455
0.17,0.77,0.24521072796934865,0.22018348713959637,0.15517241379310345,0.8768472906403941,0.009615384615384616,1.0,0.5294117647058824,0.6333333333333333,0.5625,0.5539906103286385
0.17,0.79,0.22988505747126436,0.1963724174145856,0.08620689655172414,0.9211822660098522,0.009615384615384616,1.0,0.5294117647058824,0.5952380952380952,0.5625,0.5305164319248826
0.17,0.81,0.22988505747126436,0.19632270955968573,0.08620689655172414,0.9310344827586207,0.009615384615384616,1.0,0.5294117647058824,0.5952380952380952,0.5625,0.5211267605633803
0.17,0.83,0.2260536398467433,0.18961101767850233,0.06896551724137931,0.9408866995073891,0.009615384615384616,1.0,0.5294117647058824,0.5952380952380952,0.5625,0.5070422535211268
0.17,0.85,0.2222222222222222,0.18183487582043412,0.05172413793103448,0.9655172413793104,0.009615384615384616,1.0,0.5294117647058824,0.5761904761904761,0.5625,0.49765258215962443
0.17,0.87,0.2222222222222222,0.1765967066656866,0.034482758620689655,0.9802955665024631,0.009615384615384616,1.0,0.5490196078431373,0.5714285714285714,0.5625,0.48826291079812206
0.17,0.89,0.2222222222222222,0.17621685116941282,0.034482758620689655,0.9901477832512315,0.009615384615384616,1.0,0.5490196078431373,0.5666666666666667,0.5625,0.4835680751173709
0.17,0.91,0.21839080459770116,0.16780294407559293,0.017241379310344827,0.9901477832512315,0.009615384615384616,1.0,0.5490196078431373,0.5619047619047619,0.5625,0.4835680751173709
0.17,0.93,0.21839080459770116,0.1674635599054204,0.017241379310344827,0.9950738916256158,0.009615384615384616,1.0,0.5490196078431373,0.5571428571428572,0.5625,0.4835680751173709
0.17,0.95,0.21455938697318008,0.15834976696809802,0.0,1.0,0.009615384615384616,1.0,0.5490196078431373,0.5571428571428572,0.5625,0.47417840375586856
0.19,0.05,0.2222222222222222,0.09851776891481635,0.9655172413793104,0.014778325123152709,0.019230769230769232,0.9936305732484076,0.0,1.0,0.0,0.9906103286384976
0.19,0.07,0.2222222222222222,0.09880266340210803,0.9655172413793104,0.019704433497536946,0.019230769230769232,0.9936305732484076,0.0,0.9952380952380953,0.0,0.9906103286384976
0.19,0.09,0.21839080459770116,0.09805547181187821,0.9482758620689655,0.029556650246305417,0.019230769230769232,0.9936305732484076,0.0,0.9857142857142858,0.0,0.9859154929577465
0.19,0.11,0.2222222222222222,0.1079870052628364,0.9482758620689655,0.04926108374384237,0.019230769230769232,0.9936305732484076,0.0196078431372549,0.9761904761904762,0.0,0.9812206572769953
0.19,0.13,0.21839080459770116,0.12189018503013434,0.896551724137931,0.06403940886699508,0.019230769230769232,0.9936305732484076,0.0392156862745098,0.9714285714285714,0.020833333333333332,0.9671361502347418
0.19,0.15,0.2222222222222222,0.13024997569359853,0.896551724137931,0.07881773399014778,0.019230769230769232,0.9936305732484076,0.058823529411764705,0.9666666666666667,0.020833333333333332,0.9624413145539906
0.19,0.17,0.23371647509578544,0.15412917193452158,0.896551724137931,0.11330049261083744,0.019230769230769232,0.9936305732484076,0.09803921568627451,0.9571428571428572,0.041666666666666664,0.9530516431924883
0.19,0.19,0.23754789272030652,0.1615321188374117,0.896551724137931,0.13793103448275862,0.019230769230769232,0.9936305732484076,0.09803921568627451,0.9428571428571428,0.0625,0.9483568075117371
0.19,0.21,0.25287356321839083,0.1946060871317259,0.8793103448275862,0.17733990147783252,0.019230769230769232,0.9936305732484076,0.1568627450980392,0.9380952380952381,0.10416666666666667,0.9342723004694836
0.19,0.23,0.26436781609195403,0.2177732737419667,0.8620689655172413,0.21674876847290642,0.019230769230769232,0.9936305732484076,0.17647058823529413,0.9285714285714286,0.16666666666666666,0.92018779342723
0.19,0.25,0.26436781609195403,0.2258592186670823,0.8103448275862069,0.270935960591133,0.019230769230769232,0.9936305732484076,0.21568627450980393,0.9142857142857143,0.1875,0.8826291079812206
0.19,0.27,0.2681992337164751,0.2334898624032063,0.7931034482758621,0.2955665024630542,0.019230769230769232,0.9936305732484076,0.21568627450980393,0.9047619047619048,0.22916666666666666,0.8732394366197183
0.19,0.29,0.27586206896551724,0.24247989173823895,0.7931034482758621,0.3251231527093596,0.019230769230769232,0.9936305732484076,0.21568627450980393,0.8952380952380953,0.2708333333333333,0.863849765258216
0.19,0.31,0.2835249042145594,0.2564150492640087,0.7586206896551724,0.35960591133004927,0.019230769230769232,0.9936305732484076,0.23529411764705882,0.8904761904761904,0.3333333333333333,0.8450704225352113
0.19,0.33,0.29118773946360155,0.2716968969180784,0.7241379310344828,0.3793103448275862,0.019230769230769232,0.9936305732484076,0.3137254901960784,0.8809523809523809,0.3333333333333333,0.8450704225352113
0.19,0.35,0.2988505747126437,0.27992468413086224,0.7241379310344828,0.4039408866995074,0.019230769230769232,0.9936305732484076,0.3333333333333333,0.8809523809523809,0.3541666666666667,0.8309859154929577
0.19,0.37,0.3065134099616858,0.29045243396804554,0.7068965517241379,0.4236453201970443,0.019230769230769232,0.9936305732484076,0.39215686274509803,0.8714285714285714,0.3541666666666667,0.8309859154929577
0.19,0.39,0.3103448275862069,0.29397866763472247,0.7068965517241379,0.43842364532019706,0.019230769230769232,0.9936305732484076,0.39215686274509803,0.8666666666666667,0.375,0.8262910798122066
0.19,0.41,0.30268199233716475,0.2883013175423593,0.6724137931034483,0.43842364532019706,0.019230769230769232,0.9936305732484076,0.39215686274509803,0.861904761904762,0.375,0.8215962441314554
0.19,0.43,0.3103448275862069,0.29592934756984757,0.6724137931034483,0.4630541871921182,0.019230769230769232,0.9936305732484076,0.4117647058823529,0.861904761904762,0.3958333333333333,0.8075117370892019
0.19,0.45,0.31800766283524906,0.30358565527181514,0.6724137931034483,0.4827586206896552,0.019230769230769232,0.9936305732484076,0.43137254901960786,0.8571428571428571,0.4166666666666667,0.8028169014084507
0.19,0.47,0.3218390804597701,0.30689062505477027,0.6551724137931034,0.5172413793103449,0.019230769230769232,0.9936305732484076,0.47058823529411764,0.8428571428571429,0.4166666666666667,0.7887323943661971
0.19,0.49,0.31800766283524906,0.30148751594600964,0.6379310344827587,0.5566502463054187,0.019230769230769232,0.9936305732484076,0.47058823529411764,0.8285714285714286,0.4166666666666667,0.7605633802816901
0.19,0.51,0.32567049808429116,0.31019583798450245,0.6206896551724138,0.5763546798029556,0.019230769230769232,0.9936305732484076,0.47058823529411764,0.8285714285714286,0.4791666666666667,0.7511737089201878
0.19,0.53,0.31800766283524906,0.3037346748306128,0.5689655172413793,0.5960591133004927,0.019230769230769232,0.9936305732484076,0.47058823529411764,0.8142857142857143,0.5,0.7370892018779343
0.19,0.55,0.31800766283524906,0.3021732963198459,0.5517241379310345,0.645320197044335,0.019230769230769232,0.9936305732484076,0.49019607843137253,0.780952380952381,0.5,0.7230046948356808
0.19,0.57,0.30268199233716475,0.28852129725223674,0.4827586206896552,0.6551724137931034,0.019230769230769232,0.9936305732484076,0.49019607843137253,0.7619047619047619,0.5,0.7136150234741784
0.19,0.59,0.2988505747126437,0.2845640413522044,0.4482758620689655,0.6798029556650246,0.019230769230769232,0.9936305732484076,0.5098039215686274,0.7333333333333333,0.5,0.7136150234741784
0.19,0.61,0.29118773946360155,0.2769339291960643,0.41379310344827586,0.7093596059113301,0.019230769230769232,0.9936305732484076,0.5098039215686274,0.7142857142857143,0.5,0.6948356807511737
0.19,0.63,0.2950191570881226,0.2804593383399741,0.41379310344827586,0.7241379310344828,0.019230769230769232,0.9936305732484076,0.5294117647058824,0.7142857142857143,0.5,0.6854460093896714
0.19,0.65,0.2950191570881226,0.2803057640054855,0.39655172413793105,0.7339901477832512,0.019230769230769232,0.9936305732484076,0.5294117647058824,0.7095238095238096,0.5208333333333334,0.6807511737089202
0.19,0.67,0.2950191570881226,0.2799836376367496,0.3793103448275862,0.7536945812807881,0.019230769230769232,0.9936305732484076,0.5294117647058824,0.7,0.5416666666666666,0.6713615023474179
0.19,0.69,0.29118773946360155,0.2759703974604078,0.3448275862068966,0.7881773399014779,0.019230769230769232,0.9936305732484076,0.5294117647058824,0.7,0.5625,0.6338028169014085
0.19,0.71,0.28735632183908044,0.27232103754018033,0.3275862068965517,0.8177339901477833,0.019230769230769232,0.9936305732484076,0.5294117647058824,0.680952380952381,0.5625,0.6197183098591549
0.19,0.73,0.2681992337164751,0.2504506781348148,0.2413793103448276,0.8325123152709359,0.019230769230769232,0.9936305732484076,0.5294117647058824,0.6666666666666666,0.5625,0.596244131455399
0.19,0.75,0.2567049808429119,0.2361183131078095,0.1896551724137931,0.8423645320197044,0.019230769230769232,0.9936305732484076,0.5294117647058824,0.6571428571428571,0.5625,0.5821596244131455
0.19,0.77,0.24904214559386972,0.22590589669431366,0.15517241379310345,0.8768472906403941,0.019230769230769232,0.9936305732484076,0.5294117647058824,0.6428571428571429,0.5625,0.5539906103286385
0.19,0.79,0.23371647509578544,0.2019851528326523,0.08620689655172414,0.9211822660098522,0.019230769230769232,0.9936305732484076,0.5294117647058824,0.6047619047619047,0.5625,0.5305164319248826
0.19,0.81,0.23371647509578544,0.20193544497775245,0.08620689655172414,0.9310344827586207,0.019230769230769232,0.9936305732484076,0.5294117647058824,0.6047619047619047,0.5625,0.5211267605633803
0.19,0.83,0.22988505747126436,0.19522375309656903,0.06896551724137931,0.9408866995073891,0.019230769230769232,0.9936305732484076,0.5294117647058824,0.6047619047619047,0.5625,0.5070422535211268
0.19,0.85,0.2260536398467433,0.18739862391594114,0.05172413793103448,0.9655172413793104,0.019230769230769232,0.9936305732484076,0.5294117647058824,0.5857142857142857,0.5625,0.49765258215962443
0.19,0.87,0.2260536398467433,0.18217269493925597,0.034482758620689655,0.9802955665024631,0.019230769230769232,0.9936305732484076,0.5490196078431373,0.580952380952381,0.5625,0.48826291079812206
0.19,0.89,0.2260536398467433,0.1817811329568942,0.034482758620689655,0.9901477832512315,0.019230769230769232,0.9936305732484076,0.5490196078431373,0.5761904761904761,0.5625,0.4835680751173709
0.19,0.91,0.2222222222222222,0.1733557253633623,0.017241379310344827,0.9901477832512315,0.019230769230769232,0.9936305732484076,0.5490196078431373,0.5714285714285714,0.5625,0.4835680751173709
0.19,0.93,0.2222222222222222,0.17300504187530025,0.017241379310344827,0.9950738916256158,0.019230769230769232,0.9936305732484076,0.5490196078431373,0.5666666666666667,0.5625,0.4835680751173709
0.19,0.95,0.21839080459770116,0.1638912489379779,0.0,1.0,0.019230769230769232,0.9936305732484076,0.5490196078431373,0.5666666666666667,0.5625,0.47417840375586856
0.21,0.05,0.2260536398467433,0.10660625548085356,0.9482758620689655,0.024630541871921183,0.038461538461538464,0.9872611464968153,0.0,1.0,0.0,0.9906103286384976
0.21,0.07,0.2260536398467433,0.10689149560117303,0.9482758620689655,0.029556650246305417,0.038461538461538464,0.9872611464968153,0.0,0.9952380952380953,0.0,0.9906103286384976
0.21,0.09,0.2222222222222222,0.10612970091797452,0.9310344827586207,0.03940886699507389,0.038461538461538464,0.9872611464968153,0.0,0.9857142857142858,0.0,0.9859154929577465
0.21,0.11,0.2260536398467433,0.1160626588974687,0.9310344827586207,0.059113300492610835,0.038461538461538464,0.9872611464968153,0.0196078431372549,0.9761904761904762,0.0,0.9812206572769953
0.21,0.13,0.2222222222222222,0.12991812801134836,0.8793103448275862,0.07389162561576355,0.038461538461538464,0.9872611464968153,0.0392156862745098,0.9714285714285714,0.020833333333333332,0.9671361502347418
0.21,0.15,0.2260536398467433,0.13827860581835683,0.8793103448275862,0.08866995073891626,0.038461538461538464,0.9872611464968153,0.058823529411764705,0.9666666666666667,0.020833333333333332,0.9624413145539906
0.21,0.17,0.23754789272030652,0.16216019752605118,0.8793103448275862,0.12315270935960591,0.038461538461538464,0.9872611464968153,0.09803921568627451,0.9571428571428572,0.041666666666666664,0.9530516431924883
0.21,0.19,0.2413793103448276,0.16956560436616153,0.8793103448275862,0.1477832512315271,0.038461538461538464,0.9872611464968153,0.09803921568627451,0.9428571428571428,0.0625,0.9483568075117371
0.21,0.21,0.2567049808429119,0.2026258981482862,0.8620689655172413,0.18719211822660098,0.038461538461538464,0.9872611464968153,0.1568627450980392,0.9380952380952381,0.10416666666666667,0.9342723004694836
0.21,0.23,0.2681992337164751,0.2257793690327937,0.8448275862068966,0.22660098522167488,0.038461538461538464,0.9872611464968153,0.17647058823529413,0.9285714285714286,0.16666666666666666,0.92018779342723
0.21,0.25,0.2681992337164751,0.233809866962306,0.7931034482758621,0.28078817733990147,0.038461538461538464,0.9872611464968153,0.21568627450980393,0.9142857142857143,0.1875,0.8826291079812206
0.21,0.27,0.2720306513409962,0.2414215920397169,0.7758620689655172,0.3054187192118227,0.038461538461538464,0.9872611464968153,0.21568627450980393,0.9047619047619048,0.22916666666666666,0.8732394366197183
0.21,0.29,0.2796934865900383,0.25041804600628126,0.7758620689655172,0.33497536945812806,0.038461538461538464,0.9872611464968153,0.21568627450980393,0.8952380952380953,0.2708333333333333,0.863849765258216
0.21,0.31,0.28735632183908044,0.2643099497285031,0.7413793103448276,0.3694581280788177,0.038461538461538464,0.9872611464968153,0.23529411764705882,0.8904761904761904,0.3333333333333333,0.8450704225352113
0.21,0.33,0.2950191570881226,0.27954081784614854,0.7068965517241379,0.3891625615763547,0.038461538461538464,0.9872611464968153,0.3137254901960784,0.8809523809523809,0.3333333333333333,0.8450704225352113
0.21,0.35,0.30268199233716475,0.28777478073347434,0.7068965517241379,0.41379310344827586,0.038461538461538464,0.9872611464968153,0.3333333333333333,0.8809523809523809,0.3541666666666667,0.8309859154929577
0.21,0.37,0.3103448275862069,0.2982777639649564,0.6896551724137931,0.43349753694581283,0.038461538461538464,0.9872611464968153,0.39215686274509803,0.8714285714285714,0.3541666666666667,0.8309859154929577
0.21,0.39,0.31417624521072796,0.30180865520671346,0.6896551724137931,0.4482758620689655,0.038461538461538464,0.9872611464968153,0.39215686274509803,0.8666666666666667,0.375,0.8262910798122066
0.21,0.41,0.3065134099616858,0.2960664335664336,0.6551724137931034,0.4482758620689655,0.038461538461538464,0.9872611464968153,0.39215686274509803,0.861904761904762,0.375,0.8215962441314554
0.21,0.43,0.31417624521072796,0.3037012362976856,0.6551724137931034,0.4729064039408867,0.038461538461538464,0.9872611464968153,0.4117647058823529,0.861904761904762,0.3958333333333333,0.8075117370892019
0.21,0.45,0.3218390804597701,0.3113644125304368,0.6551724137931034,0.49261083743842365,0.038461538461538464,0.9872611464968153,0.43137254901960786,0.8571428571428571,0.4166666666666667,0.8028169014084507
0.21,0.47,0.32567049808429116,0.3146471432576237,0.6379310344827587,0.5270935960591133,0.038461538461538464,0.9872611464968153,0.47058823529411764,0.8428571428571429,0.4166666666666667,0.7887323943661971
0.21,0.49,0.3218390804597701,0.30922463863640337,0.6206896551724138,0.5665024630541872,0.038461538461538464,0.9872611464968153,0.47058823529411764,0.8285714285714286,0.4166666666666667,0.7605633802816901
0.21,0.51,0.32950191570881227,0.3179019182709724,0.603448275862069,0.5862068965517241,0.038461538461538464,0.9872611464968153,0.47058823529411764,0.8285714285714286,0.4791666666666667,0.7511737089201878
0.21,0.53,0.3218390804597701,0.31131262313537855,0.5517241379310345,0.6059113300492611,0.038461538461538464,0.9872611464968153,0.47058823529411764,0.8142857142857143,0.5,0.7370892018779343
0.21,0.55,0.3218390804597701,0.3097281647399351,0.5344827586206896,0.6551724137931034,0.038461538461538464,0.9872611464968153,0.49019607843137253,0.780952380952381,0.5,0.7230046948356808
0.21,0.57,0.3065134099616858,0.2958490254155889,0.46551724137931033,0.6650246305418719,0.038461538461538464,0.9872611464968153,0.49019607843137253,0.7619047619047619,0.5,0.7136150234741784
0.21,0.59,0.30268199233716475,0.2917681813500126,0.43103448275862066,0.6896551724137931,0.038461538461538464,0.9872611464968153,0.5098039215686274,0.7333333333333333,0.5,0.7136150234741784
0.21,0.61,0.2950191570881226,0.2840951073014885,0.39655172413793105,0.7142857142857143,0.038461538461538464,0.9872611464968153,0.5098039215686274,0.719047619047619,0.5,0.6948356807511737
0.21,0.63,0.2988505747126437,0.28761172294843,0.39655172413793105,0.729064039408867,0.038461538461538464,0.9872611464968153,0.5294117647058824,0.719047619047619,0.5,0.6854460093896714
0.21,0.65,0.2988505747126437,0.2873671543251367,0.3793103448275862,0.7389162561576355,0.038461538461538464,0.9872611464968153,0.5294117647058824,0.7142857142857143,0.5208333333333334,0.6807511737089202
0.21,0.67,0.30268199233716475,0.29079079834893784,0.3793103448275862,0.7586206896551724,0.038461538461538464,0.9872611464968153,0.5294117647058824,0.7047619047619048,0.5416666666666666,0.676056338028169
0.21,0.69,0.2988505747126437,0.28675951241740716,0.3448275862068966,0.7931034482758621,0.038461538461538464,0.9872611464968153,0.5294117647058824,0.7047619047619048,0.5625,0.6384976525821596
0.21,0.71,0.2950191570881226,0.28309938883554353,0.3275862068965517,0.8226600985221675,0.038461538461538464,0.9872611464968153,0.5294117647058824,0.6857142857142857,0.5625,0.6244131455399061
0.21,0.73,0.27586206896551724,0.26106021954236236,0.2413793103448276,0.8374384236453202,0.038461538461538464,0.9872611464968153,0.5294117647058824,0.6714285714285714,0.5625,0.6009389671361502
0.21,0.75,0.26436781609195403,0.2466079309170263,0.1896551724137931,0.8472906403940886,0.038461538461538464,0.9872611464968153,0.5294117647058824,0.6619047619047619,0.5625,0.5868544600938967
0.21,0.77,0.2567049808429119,0.23632981391078556,0.15517241379310345,0.8817733990147784,0.038461538461538464,0.9872611464968153,0.5294117647058824,0.6476190476190476,0.5625,0.5586854460093896
0.21,0.79,0.2413793103448276,0.21219430712965198,0.08620689655172414,0.9261083743842364,0.038461538461538464,0.9872611464968153,0.5294117647058824,0.6095238095238096,0.5625,0.5352112676056338
0.21,0.81,0.2413793103448276,0.2121561004784689,0.08620689655172414,0.9359605911330049,0.038461538461538464,0.9872611464968153,0.5294117647058824,0.6095238095238096,0.5625,0.5258215962441315
0.21,0.83,0.23754789272030652,0.20537307286919862,0.06896551724137931,0.9458128078817734,0.038461538461538464,0.9872611464968153,0.5294117647058824,0.6095238095238096,0.5625,0.5117370892018779
0.21,0.85,0.23371647509578544,0.19747258641315846,0.05172413793103448,0.9704433497536946,0.038461538461538464,0.9872611464968153,0.5294117647058824,0.5904761904761905,0.5625,0.5023474178403756
0.21,0.87,0.23371647509578544,0.19231999175523273,0.034482758620689655,0.9802955665024631,0.038461538461538464,0.9872611464968153,0.5490196078431373,0.5857142857142857,0.5625,0.49765258215962443
0.21,0.89,0.23371647509578544,0.1919136775725027,0.034482758620689655,0.9901477832512315,0.038461538461538464,0.9872611464968153,0.5490196078431373,0.580952380952381,0.5625,0.49295774647887325
0.21,0.91,0.22988505747126436,0.1834823646299056,0.017241379310344827,0.9901477832512315,0.038461538461538464,0.9872611464968153,0.5490196078431373,0.5761904761904761,0.5625,0.49295774647887325
0.21,0.93,0.22988505747126436,0.18312588000482075,0.017241379310344827,0.9950738916256158,0.038461538461538464,0.9872611464968153,0.5490196078431373,0.5714285714285714,0.5625,0.49295774647887325
0.21,0.95,0.2260536398467433,0.1739950278411817,0.0,1.0,0.038461538461538464,0.9872611464968153,0.5490196078431373,0.5714285714285714,0.5625,0.4835680751173709
0.23,0.05,0.2260536398467433,0.11263500771472655,0.9137931034482759,0.034482758620689655,0.057692307692307696,0.9745222929936306,0.0,1.0,0.0,0.9906103286384976
0.23,0.07,0.2260536398467433,0.11291709666322669,0.9137931034482759,0.03940886699507389,0.057692307692307696,0.9745222929936306,0.0,0.9952380952380953,0.0,0.9906103286384976
0.23,0.09,0.2222222222222222,0.11212437033177002,0.896551724137931,0.04926108374384237,0.057692307692307696,0.9745222929936306,0.0,0.9857142857142858,0.0,0.9859154929577465
0.23,0.11,0.2260536398467433,0.12204424103737604,0.896551724137931,0.06896551724137931,0.057692307692307696,0.9745222929936306,0.0196078431372549,0.9761904761904762,0.0,0.9812206572769953
0.23,0.13,0.2222222222222222,0.13581126088490156,0.8448275862068966,0.08374384236453201,0.057692307692307696,0.9745222929936306,0.0392156862745098,0.9714285714285714,0.020833333333333332,0.9671361502347418
0.23,0.15,0.2260536398467433,0.1441606418533615,0.8448275862068966,0.09852216748768473,0.057692307692307696,0.9745222929936306,0.058823529411764705,0.9666666666666667,0.020833333333333332,0.9624413145539906
0.23,0.17,0.23754789272030652,0.1680164327644335,0.8448275862068966,0.1330049261083744,0.057692307692307696,0.9745222929936306,0.09803921568627451,0.9571428571428572,0.041666666666666664,0.9530516431924883
0.23,0.19,0.2413793103448276,0.17540354014601162,0.8448275862068966,0.15763546798029557,0.057692307692307696,0.9745222929936306,0.09803921568627451,0.9428571428571428,0.0625,0.9483568075117371
0.23,0.21,0.2567049808429119,0.20840410872007925,0.8275862068965517,0.19704433497536947,0.057692307692307696,0.9745222929936306,0.1568627450980392,0.9380952380952381,0.10416666666666667,0.9342723004694836
0.23,0.23,0.2681992337164751,0.23149492540624478,0.8103448275862069,0.23645320197044334,0.057692307692307696,0.9745222929936306,0.17647058823529413,0.9285714285714286,0.16666666666666666,0.92018779342723
0.23,0.25,0.2681992337164751,0.2393747325631151,0.7586206896551724,0.29064039408866993,0.057692307692307696,0.9745222929936306,0.21568627450980393,0.9142857142857143,0.1875,0.8826291079812206
0.23,0.27,0.2720306513409962,0.24692578191081788,0.7413793103448276,0.31527093596059114,0.057692307692307696,0.9745222929936306,0.21568627450980393,0.9047619047619048,0.22916666666666666,0.8732394366197183
0.23,0.29,0.2796934865900383,0.25589454405243883,0.7413793103448276,0.3448275862068966,0.057692307692307696,0.9745222929936306,0.21568627450980393,0.8952380952380953,0.2708333333333333,0.863849765258216
0.23,0.31,0.28735632183908044,0.26966856924938415,0.7068965517241379,0.3793103448275862,0.057692307692307696,0.9745222929936306,0.23529411764705882,0.8904761904761904,0.3333333333333333,0.8450704225352113
0.23,0.33,0.2950191570881226,0.2847876339073493,0.6724137931034483,0.39901477832512317,0.057692307692307696,0.9745222929936306,0.3137254901960784,0.8809523809523809,0.3333333333333333,0.8450704225352113
0.23,0.35,0.30268199233716475,0.29299355010473677,0.6724137931034483,0.4236453201970443,0.057692307692307696,0.9745222929936306,0.3333333333333333,0.8809523809523809,0.3541666666666667,0.8309859154929577
0.23,0.37,0.3103448275862069,0.3034241125508899,0.6551724137931034,0.4433497536945813,0.057692307692307696,0.9745222929936306,0.39215686274509803,0.8714285714285714,0.3541666666666667,0.8309859154929577
0.23,0.39,0.31417624521072796,0.3069375409692221,0.6551724137931034,0.458128078817734,0.057692307692307696,0.9745222929936306,0.39215686274509803,0.8666666666666667,0.375,0.8262910798122066
0.23,0.41,0.3065134099616858,0.3010895451297928,0.6206896551724138,0.458128078817734,0.057692307692307696,0.9745222929936306,0.39215686274509803,0.861904761904762,0.375,0.8215962441314554
0.23,0.43,0.31417624521072796,0.3086914097827838,0.6206896551724138,0.4827586206896552,0.057692307692307696,0.9745222929936306,0.4117647058823529,0.861904761904762,0.3958333333333333,0.8075117370892019
0.23,0.45,0.3218390804597701,0.31632868919532176,0.6206896551724138,0.5024630541871922,0.057692307692307696,0.9745222929936306,0.43137254901960786,0.8571428571428571,0.4166666666666667,0.8028169014084507
0.23,0.47,0.32567049808429116,0.319505363506569,0.603448275862069,0.5369458128078818,0.057692307692307696,0.9745222929936306,0.47058823529411764,0.8428571428571429,0.4166666666666667,0.7887323943661971
0.23,0.49,0.3218390804597701,0.3139631290046986,0.5862068965517241,0.5763546798029556,0.057692307692307696,0.9745222929936306,0.47058823529411764,0.8285714285714286,0.4166666666666667,0.7605633802816901
0.23,0.51,0.32950191570881227,0.3225415556090159,0.5689655172413793,0.5960591133004927,0.057692307692307696,0.9745222929936306,0.47058823529411764,0.8285714285714286,0.4791666666666667,0.7511737089201878
0.23,0.53,0.3218390804597701,0.31569039315155356,0.5172413793103449,0.6157635467980296,0.057692307692307696,0.9745222929936306,0.47058823529411764,0.8142857142857143,0.5,0.7370892018779343
0.23,0.55,0.3218390804597701,0.3139262463990155,0.5,0.6650246305418719,0.057692307692307696,0.9745222929936306,0.49019607843137253,0.780952380952381,0.5,0.7230046948356808
0.23,0.57,0.3065134099616858,0.2996403200394723,0.43103448275862066,0.6748768472906403,0.057692307692307696,0.9745222929936306,0.49019607843137253,0.7619047619047619,0.5,0.7136150234741784
0.23,0.59,0.30268199233716475,0.29527162977867205,0.39655172413793105,0.6995073891625616,0.057692307692307696,0.9745222929936306,0.5098039215686274,0.7333333333333333,0.5,0.7136150234741784
0.23,0.61,0.2950191570881226,0.2873452012383901,0.3620689655172414,0.7192118226600985,0.057692307692307696,0.9745222929936306,0.5098039215686274,0.719047619047619,0.5,0.6995305164319249
0.23,0.63,0.2988505747126437,0.2907598256192687,0.3620689655172414,0.7339901477832512,0.057692307692307696,0.9745222929936306,0.5294117647058824,0.719047619047619,0.5,0.6901408450704225
0.23,0.65,0.2988505747126437,0.2903506676389972,0.3448275862068966,0.7438423645320197,0.057692307692307696,0.9745222929936306,0.5294117647058824,0.7142857142857143,0.5208333333333334,0.6854460093896714
0.23,0.67,0.30268199233716475,0.2936587360419829,0.3448275862068966,0.7635467980295566,0.057692307692307696,0.9745222929936306,0.5294117647058824,0.7047619047619048,0.5416666666666666,0.6807511737089202
0.23,0.69,0.2988505747126437,0.28907141133526637,0.3103448275862069,0.7980295566502463,0.057692307692307696,0.9745222929936306,0.5294117647058824,0.7047619047619048,0.5625,0.6431924882629108
0.23,0.71,0.2950191570881226,0.28487766016790783,0.29310344827586204,0.8226600985221675,0.057692307692307696,0.9745222929936306,0.5294117647058824,0.6857142857142857,0.5625,0.6338028169014085
0.23,0.73,0.27586206896551724,0.26184798932671133,0.20689655172413793,0.8374384236453202,0.057692307692307696,0.9745222929936306,0.5294117647058824,0.6714285714285714,0.5625,0.6103286384976526
0.23,0.75,0.26436781609195403,0.2466891153432792,0.15517241379310345,0.8472906403940886,0.057692307692307696,0.9745222929936306,0.5294117647058824,0.6619047619047619,0.5625,0.596244131455399
0.23,0.77,0.2567049808429119,0.23529574499729103,0.1206896551724138,0.8817733990147784,0.057692307692307696,0.9745222929936306,0.5294117647058824,0.6476190476190476,0.5625,0.568075117370892
0.23,0.79,0.24904214559386972,0.22229848159267304,0.08620689655172414,0.9261083743842364,0.057692307692307696,0.9745222929936306,0.5294117647058824,0.6190476190476191,0.5625,0.5446009389671361
0.23,0.81,0.24904214559386972,0.22223977118702476,0.08620689655172414,0.9359605911330049,0.057692307692307696,0.9745222929936306,0.5294117647058824,0.6190476190476191,0.5625,0.5352112676056338
0.23,0.83,0.24521072796934865,0.21542727416301832,0.06896551724137931,0.9458128078817734,0.057692307692307696,0.9745222929936306,0.5294117647058824,0.6190476190476191,0.5625,0.5211267605633803
0.23,0.85,0.2413793103448276,0.2074561769219179,0.05172413793103448,0.9704433497536946,0.057692307692307696,0.9745222929936306,0.5294117647058824,0.6,0.5625,0.5117370892018779
0.23,0.87,0.2413793103448276,0.2023066431322208,0.034482758620689655,0.9802955665024631,0.057692307692307696,0.9745222929936306,0.5490196078431373,0.5952380952380952,0.5625,0.5070422535211268
0.23,0.89,0.2413793103448276,0.2018789419393496,0.034482758620689655,0.9901477832512315,0.057692307692307696,0.9745222929936306,0.5490196078431373,0.5904761904761905,0.5625,0.5023474178403756
0.23,0.91,0.23754789272030652,0.193435495541866,0.017241379310344827,0.9901477832512315,0.057692307692307696,0.9745222929936306,0.5490196078431373,0.5857142857142857,0.5625,0.5023474178403756
0.23,0.93,0.23754789272030652,0.19306709349547488,0.017241379310344827,0.9950738916256158,0.057692307692307696,0.9745222929936306,0.5490196078431373,0.580952380952381,0.5625,0.5023474178403756
0.23,0.95,0.23371647509578544,0.1839186166063042,0.0,1.0,0.057692307692307696,0.9745222929936306,0.5490196078431373,0.580952380952381,0.5625,0.49295774647887325
0.25,0.05,0.22988505747126436,0.11971434997750788,0.896551724137931,0.04433497536945813,0.07692307692307693,0.9681528662420382,0.0,1.0,0.0,0.9906103286384976
0.25,0.07,0.22988505747126436,0.11999661504612,0.896551724137931,0.04926108374384237,0.07692307692307693,0.9681528662420382,0.0,0.9952380952380953,0.0,0.9906103286384976
0.25,0.09,0.2260536398467433,0.1191880341880342,0.8793103448275862,0.059113300492610835,0.07692307692307693,0.9681528662420382,0.0,0.9857142857142858,0.0,0.9859154929577465
0.25,0.11,0.22988505747126436,0.12910861266124424,0.8793103448275862,0.07881773399014778,0.07692307692307693,0.9681528662420382,0.0196078431372549,0.9761904761904762,0.0,0.9812206572769953
0.25,0.13,0.2260536398467433,0.14282437884863367,0.8275862068965517,0.09359605911330049,0.07692307692307693,0.9681528662420382,0.0392156862745098,0.9714285714285714,0.020833333333333332,0.9671361502347418
0.25,0.15,0.22988505747126436,0.15117382132681276,0.8275862068965517,0.10837438423645321,0.07692307692307693,0.9681528662420382,0.058823529411764705,0.9666666666666667,0.020833333333333332,0.9624413145539906
0.25,0.17,0.2413793103448276,0.17503052503052502,0.8275862068965517,0.14285714285714285,0.07692307692307693,0.9681528662420382,0.09803921568627451,0.9571428571428572,0.041666666666666664,0.9530516431924883
0.25,0.19,0.24521072796934865,0.1824190157302112,0.8275862068965517,0.16748768472906403,0.07692307692307693,0.9681528662420382,0.09803921568627451,0.9428571428571428,0.0625,0.9483568075117371
0.25,0.21,0.26053639846743293,0.21540288724106477,0.8103448275862069,0.20689655172413793,0.07692307692307693,0.9681528662420382,0.1568627450980392,0.9380952380952381,0.10416666666666667,0.9342723004694836
0.25,0.23,0.2720306513409962,0.2384767181601039,0.7931034482758621,0.24630541871921183,0.07692307692307693,0.9681528662420382,0.17647058823529413,0.9285714285714286,0.16666666666666666,0.92018779342723
0.25,0.25,0.2720306513409962,0.24629344922366603,0.7413793103448276,0.30049261083743845,0.07692307692307693,0.9681528662420382,0.21568627450980393,0.9142857142857143,0.1875,0.8826291079812206
0.25,0.27,0.27586206896551724,0.2538222882285434,0.7241379310344828,0.3251231527093596,0.07692307692307693,0.9681528662420382,0.21568627450980393,0.9047619047619048,0.22916666666666666,0.8732394366197183
0.25,0.29,0.2835249042145594,0.26279553779553777,0.7241379310344828,0.35467980295566504,0.07692307692307693,0.9681528662420382,0.21568627450980393,0.8952380952380953,0.2708333333333333,0.863849765258216
0.25,0.31,0.29118773946360155,0.2765197929427131,0.6896551724137931,0.3891625615763547,0.07692307692307693,0.9681528662420382,0.23529411764705882,0.8904761904761904,0.3333333333333333,0.8450704225352113
0.25,0.33,0.2988505747126437,0.29158174569425127,0.6551724137931034,0.4088669950738916,0.07692307692307693,0.9681528662420382,0.3137254901960784,0.8809523809523809,0.3333333333333333,0.8450704225352113
0.25,0.35,0.3065134099616858,0.2997916928569129,0.6551724137931034,0.43349753694581283,0.07692307692307693,0.9681528662420382,0.3333333333333333,0.8809523809523809,0.3541666666666667,0.8309859154929577
0.25,0.37,0.31417624521072796,0.31019309159886743,0.6379310344827587,0.45320197044334976,0.07692307692307693,0.9681528662420382,0.39215686274509803,0.8714285714285714,0.3541666666666667,0.8309859154929577
0.25,0.39,0.31800766283524906,0.3137097809009426,0.6379310344827587,0.46798029556650245,0.07692307692307693,0.9681528662420382,0.39215686274509803,0.8666666666666667,0.375,0.8262910798122066
0.25,0.41,0.3103448275862069,0.30779117234341113,0.603448275862069,0.46798029556650245,0.07692307692307693,0.9681528662420382,0.39215686274509803,0.861904761904762,0.375,0.8215962441314554
0.25,0.43,0.31800766283524906,0.3153971074763154,0.603448275862069,0.49261083743842365,0.07692307692307693,0.9681528662420382,0.4117647058823529,0.861904761904762,0.3958333333333333,0.8075117370892019
0.25,0.45,0.32567049808429116,0.3230390749353128,0.603448275862069,0.5123152709359606,0.07692307692307693,0.9681528662420382,0.43137254901960786,0.8571428571428571,0.4166666666666667,0.8028169014084507
0.25,0.47,0.32950191570881227,0.32618602486821036,0.5862068965517241,0.5467980295566502,0.07692307692307693,0.9681528662420382,0.47058823529411764,0.8428571428571429,0.4166666666666667,0.7887323943661971
0.25,0.49,0.32567049808429116,0.3206154700272348,0.5689655172413793,0.5862068965517241,0.07692307692307693,0.9681528662420382,0.47058823529411764,0.8285714285714286,0.4166666666666667,0.7605633802816901
0.25,0.51,0.3333333333333333,0.3291557248388368,0.5517241379310345,0.6059113300492611,0.07692307692307693,0.9681528662420382,0.47058823529411764,0.8285714285714286,0.4791666666666667,0.7511737089201878
0.25,0.53,0.32567049808429116,0.322158247297495,0.5,0.625615763546798,0.07692307692307693,0.9681528662420382,0.47058823529411764,0.8142857142857143,0.5,0.7370892018779343
0.25,0.55,0.32567049808429116,0.32035536717448604,0.4827586206896552,0.6748768472906403,0.07692307692307693,0.9681528662420382,0.49019607843137253,0.780952380952381,0.5,0.7230046948356808
0.25,0.57,0.3103448275862069,0.3058117281260756,0.41379310344827586,0.6847290640394089,0.07692307692307693,0.9681528662420382,0.49019607843137253,0.7619047619047619,0.5,0.7136150234741784
0.25,0.59,0.3065134099616858,0.30129464964754626,0.3793103448275862,0.7093596059113301,0.07692307692307693,0.9681528662420382,0.5098039215686274,0.7333333333333333,0.5,0.7136150234741784
0.25,0.61,0.2988505747126437,0.2931995335246109,0.3448275862068966,0.729064039408867,0.07692307692307693,0.9681528662420382,0.5098039215686274,0.719047619047619,0.5,0.6995305164319249
0.25,0.63,0.30268199233716475,0.29660777883564304,0.3448275862068966,0.7438423645320197,0.07692307692307693,0.9681528662420382,0.5294117647058824,0.719047619047619,0.5,0.6901408450704225
0.25,0.65,0.30268199233716475,0.29610298503656945,0.3275862068965517,0.7536945812807881,0.07692307692307693,0.9681528662420382,0.5294117647058824,0.7142857142857143,0.5208333333333334,0.6854460093896714
0.25,0.67,0.3065134099616858,0.2994016737489771,0.3275862068965517,0.7733990147783252,0.07692307692307693,0.9681528662420382,0.5294117647058824,0.7047619047619048,0.5416666666666666,0.6807511737089202
0.25,0.69,0.30268199233716475,0.2945819826353113,0.29310344827586204,0.8078817733990148,0.07692307692307693,0.9681528662420382,0.5294117647058824,0.7047619047619048,0.5625,0.6431924882629108
0.25,0.71,0.2988505747126437,0.2902474023797553,0.27586206896551724,0.8325123152709359,0.07692307692307693,0.9681528662420382,0.5294117647058824,0.6857142857142857,0.5625,0.6338028169014085
0.25,0.73,0.2835249042145594,0.27150276618143465,0.20689655172413793,0.8472906403940886,0.07692307692307693,0.9681528662420382,0.5294117647058824,0.6761904761904762,0.5625,0.6103286384976526
0.25,0.75,0.2720306513409962,0.25613018208126903,0.15517241379310345,0.8571428571428571,0.07692307692307693,0.9681528662420382,0.5294117647058824,0.6666666666666666,0.5625,0.596244131455399
0.25,0.77,0.26436781609195403,0.24473603221277898,0.1206896551724138,0.8817733990147784,0.07692307692307693,0.9681528662420382,0.5294117647058824,0.6523809523809524,0.5625,0.5774647887323944
0.25,0.79,0.2567049808429119,0.2316383420916954,0.08620689655172414,0.9261083743842364,0.07692307692307693,0.9681528662420382,0.5294117647058824,0.6238095238095238,0.5625,0.5539906103286385
0.25,0.81,0.2567049808429119,0.23155840426965954,0.08620689655172414,0.9359605911330049,0.07692307692307693,0.9681528662420382,0.5294117647058824,0.6238095238095238,0.5625,0.5446009389671361
0.25,0.83,0.25287356321839083,0.22471541275136075,0.06896551724137931,0.9458128078817734,0.07692307692307693,0.9681528662420382,0.5294117647058824,0.6238095238095238,0.5625,0.5305164319248826
0.25,0.85,0.24904214559386972,0.21669821200722333,0.05172413793103448,0.9704433497536946,0.07692307692307693,0.9681528662420382,0.5294117647058824,0.6047619047619047,0.5625,0.5211267605633803
0.25,0.87,0.24904214559386972,0.21154530136939492,0.034482758620689655,0.9802955665024631,0.07692307692307693,0.9681528662420382,0.5490196078431373,0.6,0.5625,0.5164319248826291
0.25,0.89,0.24904214559386972,0.2111019145180431,0.034482758620689655,0.9901477832512315,0.07692307692307693,0.9681528662420382,0.5490196078431373,0.5952380952380952,0.5625,0.5117370892018779
0.25,0.91,0.24521072796934865,0.2026522347614023,0.017241379310344827,0.9901477832512315,0.07692307692307693,0.9681528662420382,0.5490196078431373,0.5904761904761905,0.5625,0.5117370892018779
0.25,0.93,0.24521072796934865,0.20227771133236572,0.017241379310344827,0.9950738916256158,0.07692307692307693,0.9681528662420382,0.5490196078431373,0.5857142857142857,0.5625,0.5117370892018779
0.25,0.95,0.2413793103448276,0.1931110189447406,0.0,1.0,0.07692307692307693,0.9681528662420382,0.5490196078431373,0.5857142857142857,0.5625,0.5023474178403756
0.27,0.05,0.23754789272030652,0.13267310525454248,0.8620689655172413,0.06403940886699508,0.11538461538461539,0.9554140127388535,0.0,1.0,0.0,0.9906103286384976
0.27,0.07,0.23754789272030652,0.13295557197996222,0.8620689655172413,0.06896551724137931,0.11538461538461539,0.9554140127388535,0.0,0.9952380952380953,0.0,0.9906103286384976
0.27,0.09,0.23371647509578544,0.13211382113821138,0.8448275862068966,0.07881773399014778,0.11538461538461539,0.9554140127388535,0.0,0.9857142857142858,0.0,0.9859154929577465
0.27,0.11,0.23754789272030652,0.1420351762501291,0.8448275862068966,0.09852216748768473,0.11538461538461539,0.9554140127388535,0.0196078431372549,0.9761904761904762,0.0,0.9812206572769953
0.27,0.13,0.23371647509578544,0.1556441272687801,0.7931034482758621,0.11330049261083744,0.11538461538461539,0.9554140127388535,0.0392156862745098,0.9714285714285714,0.020833333333333332,0.9671361502347418
0.27,0.15,0.23754789272030652,0.16399311537169486,0.7931034482758621,0.12807881773399016,0.11538461538461539,0.9554140127388535,0.058823529411764705,0.9666666666666667,0.020833333333333332,0.9624413145539906
0.27,0.17,0.24904214559386972,0.18785029877249923,0.7931034482758621,0.1625615763546798,0.11538461538461539,0.9554140127388535,0.09803921568627451,0.9571428571428572,0.041666666666666664,0.9530516431924883
0.27,0.19,0.25287356321839083,0.19524060081038724,0.7931034482758621,0.18719211822660098,0.11538461538461539,0.9554140127388535,0.09803921568627451,0.9428571428571428,0.0625,0.9483568075117371
0.27,0.21,0.2681992337164751,0.22818793773471605,0.7758620689655172,0.22660098522167488,0.11538461538461539,0.9554140127388535,0.1568627450980392,0.9380952380952381,0.10416666666666667,0.9342723004694836
0.27,0.23,0.2796934865900383,0.2512244107432615,0.7586206896551724,0.2660098522167488,0.11538461538461539,0.9554140127388535,0.17647058823529413,0.9285714285714286,0.16666666666666666,0.92018779342723
0.27,0.25,0.2796934865900383,0.2589064268807245,0.7068965517241379,0.32019704433497537,0.11538461538461539,0.9554140127388535,0.21568627450980393,0.9142857142857143,0.1875,0.8826291079812206
0.27,0.27,0.2835249042145594,0.266387233488765,0.6896551724137931,0.3448275862068966,0.11538461538461539,0.9554140127388535,0.21568627450980393,0.9047619047619048,0.22916666666666666,0.8732394366197183
0.27,0.29,0.29118773946360155,0.27536778939217965,0.6896551724137931,0.37438423645320196,0.11538461538461539,0.9554140127388535,0.21568627450980393,0.8952380952380953,0.2708333333333333,0.863849765258216
0.27,0.31,0.2988505747126437,0.2889851194324298,0.6551724137931034,0.4088669950738916,0.11538461538461539,0.9554140127388535,0.23529411764705882,0.8904761904761904,0.3333333333333333,0.8450704225352113
0.27,0.33,0.3065134099616858,0.3039255220624179,0.6206896551724138,0.42857142857142855,0.11538461538461539,0.9554140127388535,0.3137254901960784,0.8809523809523809,0.3333333333333333,0.8450704225352113
0.27,0.35,0.31417624521072796,0.3121416311576083,0.6206896551724138,0.45320197044334976,0.11538461538461539,0.9554140127388535,0.3333333333333333,0.8809523809523809,0.3541666666666667,0.8309859154929577
0.27,0.37,0.3218390804597701,0.32247971997299285,0.603448275862069,0.4729064039408867,0.11538461538461539,0.9554140127388535,0.39215686274509803,0.8714285714285714,0.3541666666666667,0.8309859154929577
0.27,0.39,0.32567049808429116,0.3260017169013228,0.603448275862069,0.4876847290640394,0.11538461538461539,0.9554140127388535,0.39215686274509803,0.8666666666666667,0.375,0.8262910798122066
0.27,0.41,0.31800766283524906,0.3199343339587242,0.5689655172413793,0.4876847290640394,0.11538461538461539,0.9554140127388535,0.39215686274509803,0.861904761904762,0.375,0.8215962441314554
0.27,0.43,0.32567049808429116,0.3275459520706029,0.5689655172413793,0.5123152709359606,0.11538461538461539,0.9554140127388535,0.4117647058823529,0.861904761904762,0.3958333333333333,0.8075117370892019
0.27,0.45,0.3333333333333333,0.3351953726381782,0.5689655172413793,0.5320197044334976,0.11538461538461539,0.9554140127388535,0.43137254901960786,0.8571428571428571,0.4166666666666667,0.8028169014084507
0.27,0.47,0.3371647509578544,0.3382748145866663,0.5517241379310345,0.5665024630541872,0.11538461538461539,0.9554140127388535,0.47058823529411764,0.8428571428571429,0.4166666666666667,0.7887323943661971
0.27,0.49,0.3333333333333333,0.33263818568972525,0.5344827586206896,0.6059113300492611,0.11538461538461539,0.9554140127388535,0.47058823529411764,0.8285714285714286,0.4166666666666667,0.7605633802816901
0.27,0.51,0.34099616858237547,0.3410939460310035,0.5172413793103449,0.625615763546798,0.11538461538461539,0.9554140127388535,0.47058823529411764,0.8285714285714286,0.4791666666666667,0.7511737089201878
0.27,0.53,0.3333333333333333,0.3337809068461117,0.46551724137931033,0.645320197044335,0.11538461538461539,0.9554140127388535,0.47058823529411764,0.8142857142857143,0.5,0.7370892018779343
0.27,0.55,0.3371647509578544,0.3353839311998905,0.46551724137931033,0.6945812807881774,0.11538461538461539,0.9554140127388535,0.49019607843137253,0.780952380952381,0.5,0.7276995305164319
0.27,0.57,0.3218390804597701,0.32045621160826143,0.39655172413793105,0.7044334975369458,0.11538461538461539,0.9554140127388535,0.49019607843137253,0.7619047619047619,0.5,0.7183098591549296
0.27,0.59,0.31800766283524906,0.31579214857144844,0.3620689655172414,0.729064039408867,0.11538461538461539,0.9554140127388535,0.5098039215686274,0.7333333333333333,0.5,0.7183098591549296
0.27,0.61,0.3103448275862069,0.3074763619878846,0.3275862068965517,0.7487684729064039,0.11538461538461539,0.9554140127388535,0.5098039215686274,0.719047619047619,0.5,0.704225352112676
0.27,0.63,0.31417624521072796,0.3109118746661919,0.3275862068965517,0.7635467980295566,0.11538461538461539,0.9554140127388535,0.5294117647058824,0.719047619047619,0.5,0.6948356807511737
0.27,0.65,0.31417624521072796,0.3103051241186353,0.3103448275862069,0.7733990147783252,0.11538461538461539,0.9554140127388535,0.5294117647058824,0.7142857142857143,0.5208333333333334,0.6901408450704225
0.27,0.67,0.31800766283524906,0.3136788272344111,0.3103448275862069,0.7931034482758621,0.11538461538461539,0.9554140127388535,0.5294117647058824,0.7047619047619048,0.5416666666666666,0.6854460093896714
0.27,0.69,0.31417624521072796,0.3086035546462935,0.27586206896551724,0.8275862068965517,0.11538461538461539,0.9554140127388535,0.5294117647058824,0.7047619047619048,0.5625,0.647887323943662
0.27,0.71,0.3103448275862069,0.30416181125914477,0.25862068965517243,0.8522167487684729,0.11538461538461539,0.9554140127388535,0.5294117647058824,0.6857142857142857,0.5625,0.6384976525821596
0.27,0.73,0.2950191570881226,0.28452516904269903,0.1896551724137931,0.8669950738916257,0.11538461538461539,0.9554140127388535,0.5294117647058824,0.6761904761904762,0.5625,0.6150234741784038
0.27,0.75,0.2835249042145594,0.2683277479771382,0.13793103448275862,0.8768472906403941,0.11538461538461539,0.9554140127388535,0.5294117647058824,0.6666666666666666,0.5625,0.6009389671361502
0.27,0.77,0.27586206896551724,0.25621582019982925,0.10344827586206896,0.9014778325123153,0.11538461538461539,0.9554140127388535,0.5294117647058824,0.6523809523809524,0.5625,0.5821596244131455
0.27,0.79,0.2681992337164751,0.24234275886714912,0.06896551724137931,0.9359605911330049,0.11538461538461539,0.9554140127388535,0.5294117647058824,0.6285714285714286,0.5625,0.5633802816901409
0.27,0.81,0.2681992337164751,0.24222763317510038,0.06896551724137931,0.9408866995073891,0.11538461538461539,0.9554140127388535,0.5294117647058824,0.6285714285714286,0.5625,0.5586854460093896
0.27,0.83,0.2681992337164751,0.24204409554217,0.06896551724137931,0.9507389162561576,0.11538461538461539,0.9554140127388535,0.5294117647058824,0.6285714285714286,0.5625,0.5492957746478874
0.27,0.85,0.26436781609195403,0.23391744261307562,0.05172413793103448,0.9753694581280788,0.11538461538461539,0.9554140127388535,0.5294117647058824,0.6095238095238096,0.5625,0.539906103286385
0.27,0.87,0.26436781609195403,0.22865946366086537,0.034482758620689655,0.9852216748768473,0.11538461538461539,0.9554140127388535,0.5490196078431373,0.6047619047619047,0.5625,0.5352112676056338
0.27,0.89,0.26436781609195403,0.22838529751164155,0.034482758620689655,0.9901477832512315,0.11538461538461539,0.9554140127388535,0.5490196078431373,0.6,0.5625,0.5352112676056338
0.27,0.91,0.26053639846743293,0.21992926967144177,0.017241379310344827,0.9901477832512315,0.11538461538461539,0.9554140127388535,0.5490196078431373,0.5952380952380952,0.5625,0.5352112676056338
0.27,0.93,0.26053639846743293,0.21954851288324795,0.017241379310344827,0.9950738916256158,0.11538461538461539,0.9554140127388535,0.5490196078431373,0.5904761904761905,0.5625,0.5352112676056338
0.27,0.95,0.2567049808429119,0.21033351810790835,0.0,1.0,0.11538461538461539,0.9554140127388535,0.5490196078431373,0.5904761904761905,0.5625,0.5258215962441315
0.29,0.05,0.2260536398467433,0.13088497431057985,0.7758620689655172,0.08374384236453201,0.1346153846153846,0.910828025477707,0.0,1.0,0.0,0.9906103286384976
0.29,0.07,0.2260536398467433,0.13115530303030304,0.7758620689655172,0.08866995073891626,0.1346153846153846,0.910828025477707,0.0,0.9952380952380953,0.0,0.9906103286384976
0.29,0.09,0.2222222222222222,0.13022328548644338,0.7586206896551724,0.09852216748768473,0.1346153846153846,0.910828025477707,0.0,0.9857142857142858,0.0,0.9859154929577465
0.29,0.11,0.2260536398467433,0.14009404780148366,0.7586206896551724,0.11822660098522167,0.1346153846153846,0.910828025477707,0.0196078431372549,0.9761904761904762,0.0,0.9812206572769953
0.29,0.13,0.2222222222222222,0.15345348154670188,0.7068965517241379,0.1330049261083744,0.1346153846153846,0.910828025477707,0.0392156862745098,0.9714285714285714,0.020833333333333332,0.9671361502347418
0.29,0.15,0.2260536398467433,0.16176004384811418,0.7068965517241379,0.1477832512315271,0.1346153846153846,0.910828025477707,0.058823529411764705,0.9666666666666667,0.020833333333333332,0.9624413145539906
0.29,0.17,0.23754789272030652,0.18551699872454588,0.7068965517241379,0.18226600985221675,0.1346153846153846,0.910828025477707,0.09803921568627451,0.9571428571428572,0.041666666666666664,0.9530516431924883
0.29,0.19,0.2413793103448276,0.1928347111459066,0.7068965517241379,0.20689655172413793,0.1346153846153846,0.910828025477707,0.09803921568627451,0.9428571428571428,0.0625,0.9483568075117371
0.29,0.21,0.2567049808429119,0.22558056632207787,0.6896551724137931,0.24630541871921183,0.1346153846153846,0.910828025477707,0.1568627450980392,0.9380952380952381,0.10416666666666667,0.9342723004694836
0.29,0.23,0.2681992337164751,0.24840333597494244,0.6724137931034483,0.2857142857142857,0.1346153846153846,0.910828025477707,0.17647058823529413,0.9285714285714286,0.16666666666666666,0.92018779342723
0.29,0.25,0.2681992337164751,0.25560572023184347,0.6206896551724138,0.3399014778325123,0.1346153846153846,0.910828025477707,0.21568627450980393,0.9142857142857143,0.1875,0.8826291079812206
0.29,0.27,0.2720306513409962,0.2628857909629322,0.603448275862069,0.3645320197044335,0.1346153846153846,0.910828025477707,0.21568627450980393,0.9047619047619048,0.22916666666666666,0.8732394366197183
0.29,0.29,0.2796934865900383,0.27174723424723424,0.603448275862069,0.39408866995073893,0.1346153846153846,0.910828025477707,0.21568627450980393,0.8952380952380953,0.2708333333333333,0.863849765258216
0.29,0.31,0.28735632183908044,0.28498211662242806,0.5689655172413793,0.42857142857142855,0.1346153846153846,0.910828025477707,0.23529411764705882,0.8904761904761904,0.3333333333333333,0.8450704225352113
0.29,0.33,0.2950191570881226,0.29957547943425367,0.5344827586206896,0.4482758620689655,0.1346153846153846,0.910828025477707,0.3137254901960784,0.8809523809523809,0.3333333333333333,0.8450704225352113
0.29,0.35,0.30268199233716475,0.307668200987314,0.5344827586206896,0.4729064039408867,0.1346153846153846,0.910828025477707,0.3333333333333333,0.8809523809523809,0.3541666666666667,0.8309859154929577
0.29,0.37,0.3103448275862069,0.31776356661203037,0.5172413793103449,0.49261083743842365,0.1346153846153846,0.910828025477707,0.39215686274509803,0.8714285714285714,0.3541666666666667,0.8309859154929577
0.29,0.39,0.31417624521072796,0.3212062788596563,0.5172413793103449,0.5073891625615764,0.1346153846153846,0.910828025477707,0.39215686274509803,0.8666666666666667,0.375,0.8262910798122066
0.29,0.41,0.3065134099616858,0.31483758177306564,0.4827586206896552,0.5073891625615764,0.1346153846153846,0.910828025477707,0.39215686274509803,0.861904761904762,0.375,0.8215962441314554
0.29,0.43,0.31417624521072796,0.3223017283312125,0.4827586206896552,0.5320197044334976,0.1346153846153846,0.910828025477707,0.4117647058823529,0.861904761904762,0.3958333333333333,0.8075117370892019
0.29,0.45,0.3218390804597701,0.3298315556419884,0.4827586206896552,0.5517241379310345,0.1346153846153846,0.910828025477707,0.43137254901960786,0.8571428571428571,0.4166666666666667,0.8028169014084507
0.29,0.47,0.32567049808429116,0.3325186461673868,0.46551724137931033,0.5862068965517241,0.1346153846153846,0.910828025477707,0.47058823529411764,0.8428571428571429,0.4166666666666667,0.7887323943661971
0.29,0.49,0.3218390804597701,0.3264220245837893,0.4482758620689655,0.625615763546798,0.1346153846153846,0.910828025477707,0.47058823529411764,0.8285714285714286,0.4166666666666667,0.7605633802816901
0.29,0.51,0.32950191570881227,0.3345255079126047,0.43103448275862066,0.645320197044335,0.1346153846153846,0.910828025477707,0.47058823529411764,0.8285714285714286,0.4791666666666667,0.7511737089201878
0.29,0.53,0.3218390804597701,0.32636778524936416,0.3793103448275862,0.6650246305418719,0.1346153846153846,0.910828025477707,0.47058823529411764,0.8142857142857143,0.5,0.7370892018779343
0.29,0.55,0.32567049808429116,0.32750715665897423,0.3793103448275862,0.7142857142857143,0.1346153846153846,0.910828025477707,0.49019607843137253,0.780952380952381,0.5,0.7276995305164319
0.29,0.57,0.3103448275862069,0.31132756132756134,0.3103448275862069,0.7241379310344828,0.1346153846153846,0.910828025477707,0.49019607843137253,0.7619047619047619,0.5,0.7183098591549296
0.29,0.59,0.3065134099616858,0.30568375484164956,0.27586206896551724,0.7487684729064039,0.1346153846153846,0.910828025477707,0.5098039215686274,0.7333333333333333,0.5,0.7183098591549296
0.29,0.61,0.2988505747126437,0.29633095662507425,0.2413793103448276,0.7684729064039408,0.1346153846153846,0.910828025477707,0.5098039215686274,0.719047619047619,0.5,0.704225352112676
0.29,0.63,0.30268199233716475,0.2996348029624114,0.2413793103448276,0.7783251231527094,0.1346153846153846,0.910828025477707,0.5294117647058824,0.719047619047619,0.5,0.6995305164319249
0.29,0.65,0.30268199233716475,0.29845364399140145,0.22413793103448276,0.7881773399014779,0.1346153846153846,0.910828025477707,0.5294117647058824,0.7142857142857143,0.5208333333333334,0.6948356807511737
0.29,0.67,0.3065134099616858,0.3014069264069264,0.22413793103448276,0.8078817733990148,0.1346153846153846,0.910828025477707,0.5294117647058824,0.7047619047619048,0.5416666666666666,0.6901408450704225
0.29,0.69,0.2988505747126437,0.2912182809241633,0.1896551724137931,0.8374384236453202,0.1346153846153846,0.910828025477707,0.5294117647058824,0.7047619047619048,0.5416666666666666,0.6525821596244131
0.29,0.71,0.2950191570881226,0.28557501693053133,0.1724137931034483,0.8571428571428571,0.1346153846153846,0.910828025477707,0.5294117647058824,0.6857142857142857,0.5416666666666666,0.647887323943662
0.29,0.73,0.2796934865900383,0.26324497420387827,0.10344827586206896,0.8719211822660099,0.1346153846153846,0.910828025477707,0.5294117647058824,0.6761904761904762,0.5416666666666666,0.6244131455399061
0.29,0.75,0.2720306513409962,0.25083566653334094,0.06896551724137931,0.8817733990147784,0.1346153846153846,0.910828025477707,0.5294117647058824,0.6666666666666666,0.5416666666666666,0.6150234741784038
0.29,0.77,0.2720306513409962,0.24948266734430258,0.06896551724137931,0.9064039408866995,0.1346153846153846,0.910828025477707,0.5294117647058824,0.6571428571428571,0.5416666666666666,0.6009389671361502
0.29,0.79,0.2681992337164751,0.24120982454315787,0.05172413793103448,0.9359605911330049,0.1346153846153846,0.910828025477707,0.5294117647058824,0.638095238095238,0.5416666666666666,0.5868544600938967
0.29,0.81,0.2681992337164751,0.24099518712511403,0.05172413793103448,0.9408866995073891,0.1346153846153846,0.910828025477707,0.5294117647058824,0.638095238095238,0.5416666666666666,0.5821596244131455
0.29,0.83,0.2681992337164751,0.24060728004389975,0.05172413793103448,0.9507389162561576,0.1346153846153846,0.910828025477707,0.5294117647058824,0.638095238095238,0.5416666666666666,0.5727699530516432
0.29,0.85,0.26436781609195403,0.2317022677668475,0.034482758620689655,0.9753694581280788,0.1346153846153846,0.910828025477707,0.5294117647058824,0.6190476190476191,0.5416666666666666,0.5633802816901409
0.29,0.87,0.26436781609195403,0.22597577154028767,0.017241379310344827,0.9852216748768473,0.1346153846153846,0.910828025477707,0.5490196078431373,0.6142857142857143,0.5416666666666666,0.5586854460093896
0.29,0.89,0.26436781609195403,0.22556449846186127,0.017241379310344827,0.9901477832512315,0.1346153846153846,0.910828025477707,0.5490196078431373,0.6095238095238096,0.5416666666666666,0.5586854460093896
0.29,0.91,0.26436781609195403,0.22556449846186127,0.017241379310344827,0.9901477832512315,0.1346153846153846,0.910828025477707,0.5490196078431373,0.6095238095238096,0.5416666666666666,0.5586854460093896
0.29,0.93,0.26436781609195403,0.2251643418310085,0.017241379310344827,0.9950738916256158,0.1346153846153846,0.910828025477707,0.5490196078431373,0.6047619047619047,0.5416666666666666,0.5586854460093896
0.29,0.95,0.26053639846743293,0.2159206443520169,0.0,1.0,0.1346153846153846,0.910828025477707,0.5490196078431373,0.6047619047619047,0.5416666666666666,0.5492957746478874
0.31,0.05,0.24521072796934865,0.1494934143870314,0.7586206896551724,0.12315270935960591,0.19230769230769232,0.89171974522293,0.0,1.0,0.0,0.9906103286384976
0.31,0.07,0.24521072796934865,0.14977503241058493,0.7586206896551724,0.12807881773399016,0.19230769230769232,0.89171974522293,0.0,0.9952380952380953,0.0,0.9906103286384976
0.31,0.09,0.2413793103448276,0.14882053654024052,0.7413793103448276,0.13793103448275862,0.19230769230769232,0.89171974522293,0.0,0.9857142857142858,0.0,0.9859154929577465
0.31,0.11,0.24521072796934865,0.15873803328722305,0.7413793103448276,0.15763546798029557,0.19230769230769232,0.89171974522293,0.0196078431372549,0.9761904761904762,0.0,0.9812206572769953
0.31,0.13,0.2413793103448276,0.17198767971135917,0.6896551724137931,0.1724137931034483,0.19230769230769232,0.89171974522293,0.0392156862745098,0.9714285714285714,0.020833333333333332,0.9671361502347418
0.31,0.15,0.24521072796934865,0.18032970695101633,0.6896551724137931,0.18719211822660098,0.19230769230769232,0.89171974522293,0.058823529411764705,0.9666666666666667,0.020833333333333332,0.9624413145539906
0.31,0.17,0.2567049808429119,0.20417519094380795,0.6896551724137931,0.22167487684729065,0.19230769230769232,0.89171974522293,0.09803921568627451,0.9571428571428572,0.041666666666666664,0.9530516431924883
0.31,0.19,0.26053639846743293,0.21156151498545098,0.6896551724137931,0.24630541871921183,0.19230769230769232,0.89171974522293,0.09803921568627451,0.9428571428571428,0.0625,0.9483568075117371
0.31,0.21,0.27586206896551724,0.2443694866036735,0.6724137931034483,0.2857142857142857,0.19230769230769232,0.89171974522293,0.1568627450980392,0.9380952380952381,0.10416666666666667,0.9342723004694836
0.31,0.23,0.28735632183908044,0.26726157074123047,0.6551724137931034,0.3251231527093596,0.19230769230769232,0.89171974522293,0.17647058823529413,0.9285714285714286,0.16666666666666666,0.92018779342723
0.31,0.25,0.28735632183908044,0.27445871039517744,0.603448275862069,0.3793103448275862,0.19230769230769232,0.89171974522293,0.21568627450980393,0.9142857142857143,0.1875,0.8826291079812206
0.31,0.27,0.29118773946360155,0.2817608514921731,0.5862068965517241,0.4039408866995074,0.19230769230769232,0.89171974522293,0.21568627450980393,0.9047619047619048,0.22916666666666666,0.8732394366197183
0.31,0.29,0.2988505747126437,0.2907460023787498,0.5862068965517241,0.43349753694581283,0.19230769230769232,0.89171974522293,0.21568627450980393,0.8952380952380953,0.2708333333333333,0.863849765258216
0.31,0.31,0.3065134099616858,0.3039717352882725,0.5517241379310345,0.46798029556650245,0.19230769230769232,0.89171974522293,0.23529411764705882,0.8904761904761904,0.3333333333333333,0.8450704225352113
0.31,0.33,0.31417624521072796,0.31847773435885696,0.5172413793103449,0.4876847290640394,0.19230769230769232,0.89171974522293,0.3137254901960784,0.8809523809523809,0.3333333333333333,0.8450704225352113
0.31,0.35,0.3218390804597701,0.3266921548628681,0.5172413793103449,0.5123152709359606,0.19230769230769232,0.89171974522293,0.3333333333333333,0.8809523809523809,0.3541666666666667,0.8309859154929577
0.31,0.37,0.32950191570881227,0.3367915476540473,0.5,0.5320197044334976,0.19230769230769232,0.89171974522293,0.39215686274509803,0.8714285714285714,0.3541666666666667,0.8309859154929577
0.31,0.39,0.3333333333333333,0.34031631419458164,0.5,0.5467980295566502,0.19230769230769232,0.89171974522293,0.39215686274509803,0.8666666666666667,0.375,0.8262910798122066
0.31,0.41,0.32567049808429116,0.33373163379474236,0.46551724137931033,0.5467980295566502,0.19230769230769232,0.89171974522293,0.39215686274509803,0.861904761904762,0.375,0.8215962441314554
0.31,0.43,0.3333333333333333,0.341333716911193,0.46551724137931033,0.5714285714285714,0.19230769230769232,0.89171974522293,0.4117647058823529,0.861904761904762,0.3958333333333333,0.8075117370892019
0.31,0.45,0.34099616858237547,0.348984336086691,0.46551724137931033,0.5911330049261084,0.19230769230769232,0.89171974522293,0.43137254901960786,0.8571428571428571,0.4166666666666667,0.8028169014084507
0.31,0.47,0.34099616858237547,0.3476395381657673,0.4482758620689655,0.6206896551724138,0.19230769230769232,0.89171974522293,0.45098039215686275,0.8428571428571429,0.4166666666666667,0.7887323943661971
0.31,0.49,0.3371647509578544,0.3417378959116987,0.43103448275862066,0.6600985221674877,0.19230769230769232,0.89171974522293,0.45098039215686275,0.8285714285714286,0.4166666666666667,0.7605633802816901
0.31,0.51,0.3448275862068966,0.3498420289061528,0.41379310344827586,0.6798029556650246,0.19230769230769232,0.89171974522293,0.45098039215686275,0.8285714285714286,0.4791666666666667,0.7511737089201878
0.31,0.53,0.3371647509578544,0.3414418973200276,0.3620689655172414,0.6995073891625616,0.19230769230769232,0.89171974522293,0.45098039215686275,0.8142857142857143,0.5,0.7370892018779343
0.31,0.55,0.34099616858237547,0.3431724626115342,0.3620689655172414,0.7487684729064039,0.19230769230769232,0.89171974522293,0.47058823529411764,0.780952380952381,0.5,0.7276995305164319
0.31,0.57,0.32567049808429116,0.32637946382146793,0.29310344827586204,0.7586206896551724,0.19230769230769232,0.89171974522293,0.47058823529411764,0.7619047619047619,0.5,0.7183098591549296
0.31,0.59,0.3218390804597701,0.32063061052422753,0.25862068965517243,0.7832512315270936,0.19230769230769232,0.89171974522293,0.49019607843137253,0.7333333333333333,0.5,0.7183098591549296
0.31,0.61,0.31417624521072796,0.31096202585564287,0.22413793103448276,0.8029556650246306,0.19230769230769232,0.89171974522293,0.49019607843137253,0.719047619047619,0.5,0.704225352112676
0.31,0.63,0.31800766283524906,0.31437854275030336,0.22413793103448276,0.812807881773399,0.19230769230769232,0.89171974522293,0.5098039215686274,0.719047619047619,0.5,0.6995305164319249
0.31,0.65,0.31800766283524906,0.31299598049434113,0.20689655172413793,0.8226600985221675,0.19230769230769232,0.89171974522293,0.5098039215686274,0.7142857142857143,0.5208333333333334,0.6948356807511737
0.31,0.67,0.3218390804597701,0.3161278379406255,0.20689655172413793,0.8423645320197044,0.19230769230769232,0.89171974522293,0.5098039215686274,0.7047619047619048,0.5416666666666666,0.6901408450704225
0.31,0.69,0.31417624521072796,0.30547649287125794,0.1724137931034483,0.8719211822660099,0.19230769230769232,0.89171974522293,0.5098039215686274,0.7047619047619048,0.5416666666666666,0.6525821596244131
0.31,0.71,0.3103448275862069,0.29975966887863803,0.15517241379310345,0.8817733990147784,0.19230769230769232,0.89171974522293,0.5098039215686274,0.6904761904761905,0.5416666666666666,0.6525821596244131
0.31,0.73,0.2950191570881226,0.276210161692014,0.08620689655172414,0.8916256157635468,0.19230769230769232,0.89171974522293,0.5098039215686274,0.6857142857142857,0.5416666666666666,0.6291079812206573
0.31,0.75,0.28735632183908044,0.26296664448984997,0.05172413793103448,0.9014778325123153,0.19230769230769232,0.89171974522293,0.5098039215686274,0.6761904761904762,0.5416666666666666,0.6197183098591549
0.31,0.77,0.28735632183908044,0.2616404272164828,0.05172413793103448,0.9211822660098522,0.19230769230769232,0.89171974522293,0.5098039215686274,0.6666666666666666,0.5416666666666666,0.6103286384976526
0.31,0.79,0.2835249042145594,0.25323854766046655,0.034482758620689655,0.9408866995073891,0.19230769230769232,0.89171974522293,0.5098039215686274,0.6523809523809524,0.5416666666666666,0.6009389671361502
0.31,0.81,0.2835249042145594,0.25292315952452304,0.034482758620689655,0.9458128078817734,0.19230769230769232,0.89171974522293,0.5098039215686274,0.6523809523809524,0.5416666666666666,0.596244131455399
0.31,0.83,0.2835249042145594,0.2523283196857048,0.034482758620689655,0.9556650246305419,0.19230769230769232,0.89171974522293,0.5098039215686274,0.6523809523809524,0.5416666666666666,0.5868544600938967
0.31,0.85,0.2796934865900383,0.24254237085062202,0.017241379310344827,0.9802955665024631,0.19230769230769232,0.89171974522293,0.5098039215686274,0.6333333333333333,0.5416666666666666,0.5774647887323944
0.31,0.87,0.2796934865900383,0.24212576236949745,0.017241379310344827,0.9852216748768473,0.19230769230769232,0.89171974522293,0.5098039215686274,0.6285714285714286,0.5416666666666666,0.5774647887323944
0.31,0.89,0.2796934865900383,0.2417203331433384,0.017241379310344827,0.9901477832512315,0.19230769230769232,0.89171974522293,0.5098039215686274,0.6238095238095238,0.5416666666666666,0.5774647887323944
0.31,0.91,0.2796934865900383,0.2417203331433384,0.017241379310344827,0.9901477832512315,0.19230769230769232,0.89171974522293,0.5098039215686274,0.6238095238095238,0.5416666666666666,0.5774647887323944
0.31,0.93,0.2796934865900383,0.24132615960256365,0.017241379310344827,0.9950738916256158,0.19230769230769232,0.89171974522293,0.5098039215686274,0.6190476190476191,0.5416666666666666,0.5774647887323944
0.31,0.95,0.27586206896551724,0.23203778659835167,0.0,1.0,0.19230769230769232,0.89171974522293,0.5098039215686274,0.6190476190476191,0.5416666666666666,0.568075117370892
0.33,0.05,0.2681992337164751,0.16842391842391843,0.7586206896551724,0.15763546798029557,0.25,0.8853503184713376,0.0,1.0,0.0,0.9906103286384976
0.33,0.07,0.2681992337164751,0.16872019077901432,0.7586206896551724,0.1625615763546798,0.25,0.8853503184713376,0.0,0.9952380952380953,0.0,0.9906103286384976
0.33,0.09,0.26436781609195403,0.16776348839545865,0.7413793103448276,0.1724137931034483,0.25,0.8853503184713376,0.0,0.9857142857142858,0.0,0.9859154929577465
0.33,0.11,0.2681992337164751,0.17774184313409735,0.7413793103448276,0.1921182266009852,0.25,0.8853503184713376,0.0196078431372549,0.9761904761904762,0.0,0.9812206572769953
0.33,0.13,0.26436781609195403,0.19093563902885938,0.6896551724137931,0.20689655172413793,0.25,0.8853503184713376,0.0392156862745098,0.9714285714285714,0.020833333333333332,0.9671361502347418
0.33,0.15,0.2681992337164751,0.19932493159682546,0.6896551724137931,0.22167487684729065,0.25,0.8853503184713376,0.058823529411764705,0.9666666666666667,0.020833333333333332,0.9624413145539906
0.33,0.17,0.2796934865900383,0.2232873281066052,0.6896551724137931,0.2561576354679803,0.25,0.8853503184713376,0.09803921568627451,0.9571428571428572,0.041666666666666664,0.9530516431924883
0.33,0.19,0.2835249042145594,0.23076330522204166,0.6896551724137931,0.28078817733990147,0.25,0.8853503184713376,0.09803921568627451,0.9428571428571428,0.0625,0.9483568075117371
0.33,0.21,0.2988505747126437,0.2636855496334696,0.6724137931034483,0.32019704433497537,0.25,0.8853503184713376,0.1568627450980392,0.9380952380952381,0.10416666666666667,0.9342723004694836
0.33,0.23,0.3103448275862069,0.28670315484596004,0.6551724137931034,0.35960591133004927,0.25,0.8853503184713376,0.17647058823529413,0.9285714285714286,0.16666666666666666,0.92018779342723
0.33,0.25,0.3103448275862069,0.2940130564296464,0.603448275862069,0.41379310344827586,0.25,0.8853503184713376,0.21568627450980393,0.9142857142857143,0.1875,0.8826291079812206
0.33,0.27,0.31417624521072796,0.3013887687862984,0.5862068965517241,0.43842364532019706,0.25,0.8853503184713376,0.21568627450980393,0.9047619047619048,0.22916666666666666,0.8732394366197183
0.33,0.29,0.3218390804597701,0.31053625053625056,0.5862068965517241,0.46798029556650245,0.25,0.8853503184713376,0.21568627450980393,0.8952380952380953,0.2708333333333333,0.863849765258216
0.33,0.31,0.32950191570881227,0.3238491400102801,0.5517241379310345,0.5024630541871922,0.25,0.8853503184713376,0.23529411764705882,0.8904761904761904,0.3333333333333333,0.8450704225352113
0.33,0.33,0.3371647509578544,0.33834966746217304,0.5172413793103449,0.5221674876847291,0.25,0.8853503184713376,0.3137254901960784,0.8809523809523809,0.3333333333333333,0.8450704225352113
0.33,0.35,0.3448275862068966,0.34672743647512094,0.5172413793103449,0.5467980295566502,0.25,0.8853503184713376,0.3333333333333333,0.8809523809523809,0.3541666666666667,0.8309859154929577
0.33,0.37,0.3524904214559387,0.3568942128630955,0.5,0.5665024630541872,0.25,0.8853503184713376,0.39215686274509803,0.8714285714285714,0.3541666666666667,0.8309859154929577
0.33,0.39,0.3563218390804598,0.36052890520603326,0.5,0.5812807881773399,0.25,0.8853503184713376,0.39215686274509803,0.8666666666666667,0.375,0.8262910798122066
0.33,0.41,0.3486590038314176,0.3537880640821818,0.46551724137931033,0.5812807881773399,0.25,0.8853503184713376,0.39215686274509803,0.861904761904762,0.375,0.8215962441314554
0.33,0.43,0.3563218390804598,0.3615793786585866,0.46551724137931033,0.6059113300492611,0.25,0.8853503184713376,0.4117647058823529,0.861904761904762,0.3958333333333333,0.8075117370892019
0.33,0.45,0.36398467432950193,0.3693939769288017,0.46551724137931033,0.625615763546798,0.25,0.8853503184713376,0.43137254901960786,0.8571428571428571,0.4166666666666667,0.8028169014084507
0.33,0.47,0.36398467432950193,0.36822563298867994,0.4482758620689655,0.6551724137931034,0.25,0.8853503184713376,0.45098039215686275,0.8428571428571429,0.4166666666666667,0.7887323943661971
0.33,0.49,0.36015325670498083,0.3626238023803947,0.43103448275862066,0.6945812807881774,0.25,0.8853503184713376,0.45098039215686275,0.8285714285714286,0.4166666666666667,0.7605633802816901
0.33,0.51,0.367816091954023,0.37083951358144907,0.41379310344827586,0.7142857142857143,0.25,0.8853503184713376,0.45098039215686275,0.8285714285714286,0.4791666666666667,0.7511737089201878
0.33,0.53,0.36015325670498083,0.36230511776331525,0.3620689655172414,0.7339901477832512,0.25,0.8853503184713376,0.45098039215686275,0.8142857142857143,0.5,0.7370892018779343
0.33,0.55,0.36398467432950193,0.364684937523075,0.3620689655172414,0.7832512315270936,0.25,0.8853503184713376,0.47058823529411764,0.780952380952381,0.5,0.7276995305164319
0.33,0.57,0.3486590038314176,0.34739650139650147,0.29310344827586204,0.7931034482758621,0.25,0.8853503184713376,0.47058823529411764,0.7619047619047619,0.5,0.7183098591549296
0.33,0.59,0.3448275862068966,0.3416257166257166,0.25862068965517243,0.8177339901477833,0.25,0.8853503184713376,0.49019607843137253,0.7333333333333333,0.5,0.7183098591549296
0.33,0.61,0.3371647509578544,0.3318193193193193,0.22413793103448276,0.8374384236453202,0.25,0.8853503184713376,0.49019607843137253,0.719047619047619,0.5,0.704225352112676
0.33,0.63,0.3371647509578544,0.33177252066458235,0.22413793103448276,0.8423645320197044,0.25,0.8853503184713376,0.49019607843137253,0.719047619047619,0.5,0.6995305164319249
0.33,0.65,0.3371647509578544,0.33032931268864774,0.20689655172413793,0.8522167487684729,0.25,0.8853503184713376,0.49019607843137253,0.7142857142857143,0.5208333333333334,0.6948356807511737
0.33,0.67,0.34099616858237547,0.33379152671048223,0.20689655172413793,0.8669950738916257,0.25,0.8853503184713376,0.49019607843137253,0.7095238095238096,0.5416666666666666,0.6901408450704225
0.33,0.69,0.3333333333333333,0.3230648645857125,0.1724137931034483,0.8866995073891626,0.25,0.8853503184713376,0.49019607843137253,0.7095238095238096,0.5416666666666666,0.6619718309859155
0.33,0.71,0.32950191570881227,0.31736878903501464,0.15517241379310345,0.8916256157635468,0.25,0.8853503184713376,0.49019607843137253,0.7,0.5416666666666666,0.6619718309859155
0.33,0.73,0.31417624521072796,0.29333674928305103,0.08620689655172414,0.9014778325123153,0.25,0.8853503184713376,0.49019607843137253,0.6952380952380952,0.5416666666666666,0.6384976525821596
0.33,0.75,0.3065134099616858,0.27982066888551216,0.05172413793103448,0.9113300492610837,0.25,0.8853503184713376,0.49019607843137253,0.6857142857142857,0.5416666666666666,0.6291079812206573
0.33,0.77,0.3065134099616858,0.2785143611353289,0.05172413793103448,0.9310344827586207,0.25,0.8853503184713376,0.49019607843137253,0.6761904761904762,0.5416666666666666,0.6197183098591549
0.33,0.79,0.30268199233716475,0.27034133100695634,0.034482758620689655,0.9458128078817734,0.25,0.8853503184713376,0.49019607843137253,0.6666666666666666,0.5416666666666666,0.6103286384976526
0.33,0.81,0.30268199233716475,0.27034133100695634,0.034482758620689655,0.9458128078817734,0.25,0.8853503184713376,0.49019607843137253,0.6666666666666666,0.5416666666666666,0.6103286384976526
0.33,0.83,0.30268199233716475,0.2697080361064988,0.034482758620689655,0.9556650246305419,0.25,0.8853503184713376,0.49019607843137253,0.6666666666666666,0.5416666666666666,0.6009389671361502
0.33,0.85,0.2988505747126437,0.2598530207225859,0.017241379310344827,0.9802955665024631,0.25,0.8853503184713376,0.49019607843137253,0.6476190476190476,0.5416666666666666,0.5915492957746479
0.33,0.87,0.2988505747126437,0.2594291525354193,0.017241379310344827,0.9852216748768473,0.25,0.8853503184713376,0.49019607843137253,0.6428571428571429,0.5416666666666666,0.5915492957746479
0.33,0.89,0.2988505747126437,0.25901674286948323,0.017241379310344827,0.9901477832512315,0.25,0.8853503184713376,0.49019607843137253,0.638095238095238,0.5416666666666666,0.5915492957746479
0.33,0.91,0.2988505747126437,0.25901674286948323,0.017241379310344827,0.9901477832512315,0.25,0.8853503184713376,0.49019607843137253,0.638095238095238,0.5416666666666666,0.5915492957746479
0.33,0.93,0.2988505747126437,0.25861585919130675,0.017241379310344827,0.9950738916256158,0.25,0.8853503184713376,0.49019607843137253,0.6333333333333333,0.5416666666666666,0.5915492957746479
0.33,0.95,0.2950191570881226,0.24929178547006048,0.0,1.0,0.25,0.8853503184713376,0.49019607843137253,0.6333333333333333,0.5416666666666666,0.5821596244131455
0.35,0.05,0.2720306513409962,0.1735123367198839,0.7068965517241379,0.18226600985221675,0.28846153846153844,0.8598726114649682,0.0,1.0,0.0,0.9906103286384976
0.35,0.07,0.2720306513409962,0.1738053613053613,0.7068965517241379,0.18719211822660098,0.28846153846153844,0.8598726114649682,0.0,0.9952380952380953,0.0,0.9906103286384976
0.35,0.09,0.2681992337164751,0.1727821986442676,0.6896551724137931,0.19704433497536947,0.28846153846153844,0.8598726114649682,0.0,0.9857142857142858,0.0,0.9859154929577465
0.35,0.11,0.2720306513409962,0.1827467876515593,0.6896551724137931,0.21674876847290642,0.28846153846153844,0.8598726114649682,0.0196078431372549,0.9761904761904762,0.0,0.9812206572769953
0.35,0.13,0.2681992337164751,0.195736749407659,0.6379310344827587,0.2315270935960591,0.28846153846153844,0.8598726114649682,0.0392156862745098,0.9714285714285714,0.020833333333333332,0.9671361502347418
0.35,0.15,0.2720306513409962,0.20411271410638218,0.6379310344827587,0.24630541871921183,0.28846153846153844,0.8598726114649682,0.058823529411764705,0.9666666666666667,0.020833333333333332,0.9624413145539906
0.35,0.17,0.2835249042145594,0.2280455367592297,0.6379310344827587,0.28078817733990147,0.28846153846153844,0.8598726114649682,0.09803921568627451,0.9571428571428572,0.041666666666666664,0.9530516431924883
0.35,0.19,0.28735632183908044,0.23550193093177046,0.6379310344827587,0.3054187192118227,0.28846153846153844,0.8598726114649682,0.09803921568627451,0.9428571428571428,0.0625,0.9483568075117371
0.35,0.21,0.30268199233716475,0.2683179887302446,0.6206896551724138,0.3448275862068966,0.28846153846153844,0.8598726114649682,0.1568627450980392,0.9380952380952381,0.10416666666666667,0.9342723004694836
0.35,0.23,0.31417624521072796,0.29122359605958953,0.603448275862069,0.3842364532019704,0.28846153846153844,0.8598726114649682,0.17647058823529413,0.9285714285714286,0.16666666666666666,0.92018779342723
0.35,0.25,0.31417624521072796,0.2982132674833536,0.5517241379310345,0.43842364532019706,0.28846153846153844,0.8598726114649682,0.21568627450980393,0.9142857142857143,0.1875,0.8826291079812206
0.35,0.27,0.31800766283524906,0.3054633335404748,0.5344827586206896,0.4630541871921182,0.28846153846153844,0.8598726114649682,0.21568627450980393,0.9047619047619048,0.22916666666666666,0.8732394366197183
0.35,0.29,0.32567049808429116,0.31458142551892554,0.5344827586206896,0.49261083743842365,0.28846153846153844,0.8598726114649682,0.21568627450980393,0.8952380952380953,0.2708333333333333,0.863849765258216
0.35,0.31,0.3333333333333333,0.32763048749603063,0.5,0.5270935960591133,0.28846153846153844,0.8598726114649682,0.23529411764705882,0.8904761904761904,0.3333333333333333,0.8450704225352113
0.35,0.33,0.34099616858237547,0.34185578113777826,0.46551724137931033,0.5467980295566502,0.28846153846153844,0.8598726114649682,0.3137254901960784,0.8809523809523809,0.3333333333333333,0.8450704225352113
0.35,0.35,0.3486590038314176,0.35019848355081923,0.46551724137931033,0.5714285714285714,0.28846153846153844,0.8598726114649682,0.3333333333333333,0.8809523809523809,0.3541666666666667,0.8309859154929577
0.35,0.37,0.3563218390804598,0.36019738969920645,0.4482758620689655,0.5911330049261084,0.28846153846153844,0.8598726114649682,0.39215686274509803,0.8714285714285714,0.3541666666666667,0.8309859154929577
0.35,0.39,0.36015325670498083,0.36381088062357303,0.4482758620689655,0.6059113300492611,0.28846153846153844,0.8598726114649682,0.39215686274509803,0.8666666666666667,0.375,0.8262910798122066
0.35,0.41,0.3524904214559387,0.35676638176638176,0.41379310344827586,0.6059113300492611,0.28846153846153844,0.8598726114649682,0.39215686274509803,0.861904761904762,0.375,0.8215962441314554
0.35,0.43,0.36015325670498083,0.36451032617552137,0.41379310344827586,0.6305418719211823,0.28846153846153844,0.8598726114649682,0.4117647058823529,0.861904761904762,0.3958333333333333,0.8075117370892019
0.35,0.45,0.367816091954023,0.37229042611681107,0.41379310344827586,0.6502463054187192,0.28846153846153844,0.8598726114649682,0.43137254901960786,0.8571428571428571,0.4166666666666667,0.8028169014084507
0.35,0.47,0.367816091954023,0.371147488470586,0.39655172413793105,0.6748768472906403,0.28846153846153844,0.8598726114649682,0.45098039215686275,0.8428571428571429,0.4166666666666667,0.7934272300469484
0.35,0.49,0.36398467432950193,0.36515520833870135,0.3793103448275862,0.7142857142857143,0.28846153846153844,0.8598726114649682,0.45098039215686275,0.8285714285714286,0.4166666666666667,0.7652582159624414
0.35,0.51,0.3716475095785441,0.37314260407970296,0.3620689655172414,0.7339901477832512,0.28846153846153844,0.8598726114649682,0.45098039215686275,0.8285714285714286,0.4791666666666667,0.755868544600939
0.35,0.53,0.36398467432950193,0.3638405180632203,0.3103448275862069,0.7536945812807881,0.28846153846153844,0.8598726114649682,0.45098039215686275,0.8142857142857143,0.5,0.7417840375586855
0.35,0.55,0.367816091954023,0.3661001788908766,0.3103448275862069,0.7980295566502463,0.28846153846153844,0.8598726114649682,0.47058823529411764,0.7857142857142857,0.5,0.7323943661971831
0.35,0.57,0.3524904214559387,0.34759415620041084,0.2413793103448276,0.8078817733990148,0.28846153846153844,0.8598726114649682,0.47058823529411764,0.7666666666666667,0.5,0.7230046948356808
0.35,0.59,0.3448275862068966,0.3372074490395101,0.20689655172413793,0.8275862068965517,0.28846153846153844,0.8598726114649682,0.47058823529411764,0.7380952380952381,0.5,0.7230046948356808
0.35,0.61,0.3371647509578544,0.3266151758689072,0.1724137931034483,0.8423645320197044,0.28846153846153844,0.8598726114649682,0.47058823529411764,0.7285714285714285,0.5,0.7089201877934272
0.35,0.63,0.3371647509578544,0.3264568764568765,0.1724137931034483,0.8472906403940886,0.28846153846153844,0.8598726114649682,0.47058823529411764,0.7285714285714285,0.5,0.704225352112676
0.35,0.65,0.3371647509578544,0.32449528597602934,0.15517241379310345,0.8571428571428571,0.28846153846153844,0.8598726114649682,0.47058823529411764,0.7238095238095238,0.5208333333333334,0.6995305164319249
0.35,0.67,0.34099616858237547,0.3276183615901249,0.15517241379310345,0.8719211822660099,0.28846153846153844,0.8598726114649682,0.47058823529411764,0.719047619047619,0.5416666666666666,0.6948356807511737
0.35,0.69,0.3371647509578544,0.32143840819213954,0.13793103448275862,0.8916256157635468,0.28846153846153844,0.8598726114649682,0.47058823529411764,0.719047619047619,0.5416666666666666,0.6713615023474179
0.35,0.71,0.3333333333333333,0.3153645924678757,0.1206896551724138,0.896551724137931,0.28846153846153844,0.8598726114649682,0.47058823529411764,0.7095238095238096,0.5416666666666666,0.6713615023474179
0.35,0.73,0.31800766283524906,0.2897434091774096,0.05172413793103448,0.9064039408866995,0.28846153846153844,0.8598726114649682,0.47058823529411764,0.7047619047619048,0.5416666666666666,0.647887323943662
0.35,0.75,0.31800766283524906,0.2890685714923159,0.05172413793103448,0.916256157635468,0.28846153846153844,0.8598726114649682,0.47058823529411764,0.7047619047619048,0.5416666666666666,0.6384976525821596
0.35,0.77,0.31800766283524906,0.28772237193735295,0.05172413793103448,0.9359605911330049,0.28846153846153844,0.8598726114649682,0.47058823529411764,0.6952380952380952,0.5416666666666666,0.6291079812206573
0.35,0.79,0.31417624521072796,0.27941691116021933,0.034482758620689655,0.9507389162561576,0.28846153846153844,0.8598726114649682,0.47058823529411764,0.6857142857142857,0.5416666666666666,0.6197183098591549
0.35,0.81,0.31417624521072796,0.27941691116021933,0.034482758620689655,0.9507389162561576,0.28846153846153844,0.8598726114649682,0.47058823529411764,0.6857142857142857,0.5416666666666666,0.6197183098591549
0.35,0.83,0.31417624521072796,0.2790863160890913,0.034482758620689655,0.9556650246305419,0.28846153846153844,0.8598726114649682,0.47058823529411764,0.6857142857142857,0.5416666666666666,0.6150234741784038
0.35,0.85,0.3103448275862069,0.2691274557926675,0.017241379310344827,0.9802955665024631,0.28846153846153844,0.8598726114649682,0.47058823529411764,0.6666666666666666,0.5416666666666666,0.6056338028169014
0.35,0.87,0.3103448275862069,0.2686886241174544,0.017241379310344827,0.9852216748768473,0.28846153846153844,0.8598726114649682,0.47058823529411764,0.6619047619047619,0.5416666666666666,0.6056338028169014
0.35,0.89,0.3103448275862069,0.26826170153920426,0.017241379310344827,0.9901477832512315,0.28846153846153844,0.8598726114649682,0.47058823529411764,0.6571428571428571,0.5416666666666666,0.6056338028169014
0.35,0.91,0.3103448275862069,0.26826170153920426,0.017241379310344827,0.9901477832512315,0.28846153846153844,0.8598726114649682,0.47058823529411764,0.6571428571428571,0.5416666666666666,0.6056338028169014
0.35,0.93,0.3103448275862069,0.2678467415809188,0.017241379310344827,0.9950738916256158,0.28846153846153844,0.8598726114649682,0.47058823529411764,0.6523809523809524,0.5416666666666666,0.6056338028169014
0.35,0.95,0.3065134099616858,0.2584849272349272,0.0,1.0,0.28846153846153844,0.8598726114649682,0.47058823529411764,0.6523809523809524,0.5416666666666666,0.596244131455399
0.37,0.05,0.27586206896551724,0.17728919631093543,0.6379310344827587,0.22167487684729065,0.33653846153846156,0.8152866242038217,0.0,1.0,0.0,0.9906103286384976
0.37,0.07,0.27586206896551724,0.1775793650793651,0.6379310344827587,0.22660098522167488,0.33653846153846156,0.8152866242038217,0.0,0.9952380952380953,0.0,0.9906103286384976
0.37,0.09,0.2720306513409962,0.1764558232931727,0.6206896551724138,0.23645320197044334,0.33653846153846156,0.8152866242038217,0.0,0.9857142857142858,0.0,0.9859154929577465
0.37,0.11,0.27586206896551724,0.18640798424633012,0.6206896551724138,0.2561576354679803,0.33653846153846156,0.8152866242038217,0.0196078431372549,0.9761904761904762,0.0,0.9812206572769953
0.37,0.13,0.2720306513409962,0.19908204754137668,0.5689655172413793,0.270935960591133,0.33653846153846156,0.8152866242038217,0.0392156862745098,0.9714285714285714,0.020833333333333332,0.9671361502347418
0.37,0.15,0.27586206896551724,0.20744401466294243,0.5689655172413793,0.2857142857142857,0.33653846153846156,0.8152866242038217,0.058823529411764705,0.9666666666666667,0.020833333333333332,0.9624413145539906
0.37,0.17,0.28735632183908044,0.2313472735415967,0.5689655172413793,0.32019704433497537,0.33653846153846156,0.8152866242038217,0.09803921568627451,0.9571428571428572,0.041666666666666664,0.9530516431924883
0.37,0.19,0.29118773946360155,0.2387856352218307,0.5689655172413793,0.3448275862068966,0.33653846153846156,0.8152866242038217,0.09803921568627451,0.9428571428571428,0.0625,0.9483568075117371
0.37,0.21,0.3065134099616858,0.2714542597092059,0.5517241379310345,0.3842364532019704,0.33653846153846156,0.8152866242038217,0.1568627450980392,0.9380952380952381,0.10416666666666667,0.9342723004694836
0.37,0.23,0.31800766283524906,0.2942039056612138,0.5344827586206896,0.4236453201970443,0.33653846153846156,0.8152866242038217,0.17647058823529413,0.9285714285714286,0.16666666666666666,0.92018779342723
0.37,0.25,0.31800766283524906,0.30071138211382115,0.4827586206896552,0.47783251231527096,0.33653846153846156,0.8152866242038217,0.21568627450980393,0.9142857142857143,0.1875,0.8826291079812206
0.37,0.27,0.3218390804597701,0.30777397093175735,0.46551724137931033,0.5024630541871922,0.33653846153846156,0.8152866242038217,0.21568627450980393,0.9047619047619048,0.22916666666666666,0.8732394366197183
0.37,0.29,0.32950191570881227,0.31686507936507935,0.46551724137931033,0.5320197044334976,0.33653846153846156,0.8152866242038217,0.21568627450980393,0.8952380952380953,0.2708333333333333,0.863849765258216
0.37,0.31,0.3371647509578544,0.32950775053593384,0.43103448275862066,0.5665024630541872,0.33653846153846156,0.8152866242038217,0.23529411764705882,0.8904761904761904,0.3333333333333333,0.8450704225352113
0.37,0.33,0.3448275862068966,0.3432943849068905,0.39655172413793105,0.5862068965517241,0.33653846153846156,0.8152866242038217,0.3137254901960784,0.8809523809523809,0.3333333333333333,0.8450704225352113
0.37,0.35,0.3524904214559387,0.35159793197061645,0.39655172413793105,0.6108374384236454,0.33653846153846156,0.8152866242038217,0.3333333333333333,0.8809523809523809,0.3541666666666667,0.8309859154929577
0.37,0.37,0.36015325670498083,0.36133364077026536,0.3793103448275862,0.6305418719211823,0.33653846153846156,0.8152866242038217,0.39215686274509803,0.8714285714285714,0.3541666666666667,0.8309859154929577
0.37,0.39,0.36398467432950193,0.3649238295060983,0.3793103448275862,0.645320197044335,0.33653846153846156,0.8152866242038217,0.39215686274509803,0.8666666666666667,0.375,0.8262910798122066
0.37,0.41,0.3563218390804598,0.35737179487179493,0.3448275862068966,0.645320197044335,0.33653846153846156,0.8152866242038217,0.39215686274509803,0.861904761904762,0.375,0.8215962441314554
0.37,0.43,0.36398467432950193,0.3650555429106129,0.3448275862068966,0.6699507389162561,0.33653846153846156,0.8152866242038217,0.4117647058823529,0.861904761904762,0.3958333333333333,0.8075117370892019
0.37,0.45,0.3716475095785441,0.37279385989621483,0.3448275862068966,0.6896551724137931,0.33653846153846156,0.8152866242038217,0.43137254901960786,0.8571428571428571,0.4166666666666667,0.8028169014084507
0.37,0.47,0.3716475095785441,0.37129938683677005,0.3275862068965517,0.7142857142857143,0.33653846153846156,0.8152866242038217,0.45098039215686275,0.8428571428571429,0.4166666666666667,0.7934272300469484
0.37,0.49,0.367816091954023,0.3650483484144902,0.3103448275862069,0.7487684729064039,0.33653846153846156,0.8152866242038217,0.45098039215686275,0.8285714285714286,0.4166666666666667,0.7699530516431925
0.37,0.51,0.3716475095785441,0.36872690317812273,0.29310344827586204,0.7635467980295566,0.33653846153846156,0.8152866242038217,0.45098039215686275,0.8285714285714286,0.4583333333333333,0.7605633802816901
0.37,0.53,0.36398467432950193,0.3582814057572984,0.2413793103448276,0.7832512315270936,0.33653846153846156,0.8152866242038217,0.45098039215686275,0.8142857142857143,0.4791666666666667,0.7464788732394366
0.37,0.55,0.367816091954023,0.3603729987182975,0.2413793103448276,0.8226600985221675,0.33653846153846156,0.8152866242038217,0.47058823529411764,0.7904761904761904,0.4791666666666667,0.7370892018779343
0.37,0.57,0.3524904214559387,0.3398945369412654,0.1724137931034483,0.8325123152709359,0.33653846153846156,0.8152866242038217,0.47058823529411764,0.7714285714285715,0.4791666666666667,0.7276995305164319
0.37,0.59,0.3448275862068966,0.3286184689953623,0.13793103448275862,0.8423645320197044,0.33653846153846156,0.8152866242038217,0.47058823529411764,0.7523809523809524,0.4791666666666667,0.7276995305164319
0.37,0.61,0.34099616858237547,0.32261817302741463,0.1206896551724138,0.8522167487684729,0.33653846153846156,0.8152866242038217,0.47058823529411764,0.7523809523809524,0.4791666666666667,0.7136150234741784
0.37,0.63,0.34099616858237547,0.32235506360976995,0.1206896551724138,0.8571428571428571,0.33653846153846156,0.8152866242038217,0.47058823529411764,0.7523809523809524,0.4791666666666667,0.7089201877934272
0.37,0.65,0.34099616858237547,0.31977258852258855,0.10344827586206896,0.8669950738916257,0.33653846153846156,0.8152866242038217,0.47058823529411764,0.7476190476190476,0.5,0.704225352112676
0.37,0.67,0.3448275862068966,0.322521707483938,0.10344827586206896,0.8817733990147784,0.33653846153846156,0.8152866242038217,0.47058823529411764,0.7428571428571429,0.5208333333333334,0.6995305164319249
0.37,0.69,0.34099616858237547,0.31560430951202845,0.08620689655172414,0.896551724137931,0.33653846153846156,0.8152866242038217,0.47058823529411764,0.7428571428571429,0.5208333333333334,0.6807511737089202
0.37,0.71,0.3371647509578544,0.3088124462737238,0.06896551724137931,0.9014778325123153,0.33653846153846156,0.8152866242038217,0.47058823529411764,0.7333333333333333,0.5208333333333334,0.6807511737089202
0.37,0.73,0.32567049808429116,0.2877761606209882,0.017241379310344827,0.9113300492610837,0.33653846153846156,0.8152866242038217,0.47058823529411764,0.7285714285714285,0.5208333333333334,0.6619718309859155
0.37,0.75,0.32567049808429116,0.28677643784786644,0.017241379310344827,0.9211822660098522,0.33653846153846156,0.8152866242038217,0.47058823529411764,0.7285714285714285,0.5208333333333334,0.6525821596244131
0.37,0.77,0.32567049808429116,0.284653776443428,0.017241379310344827,0.9408866995073891,0.33653846153846156,0.8152866242038217,0.47058823529411764,0.719047619047619,0.5208333333333334,0.6431924882629108
0.37,0.79,0.32567049808429116,0.28318995368566857,0.017241379310344827,0.9556650246305419,0.33653846153846156,0.8152866242038217,0.47058823529411764,0.7142857142857143,0.5208333333333334,0.6338028169014085
0.37,0.81,0.32567049808429116,0.28318995368566857,0.017241379310344827,0.9556650246305419,0.33653846153846156,0.8152866242038217,0.47058823529411764,0.7142857142857143,0.5208333333333334,0.6338028169014085
0.37,0.83,0.32567049808429116,0.2827550842279829,0.017241379310344827,0.9605911330049262,0.33653846153846156,0.8152866242038217,0.47058823529411764,0.7142857142857143,0.5208333333333334,0.6291079812206573
0.37,0.85,0.3218390804597701,0.27166643308729643,0.0,0.9852216748768473,0.33653846153846156,0.8152866242038217,0.47058823529411764,0.6952380952380952,0.5208333333333334,0.6197183098591549
0.37,0.87,0.3218390804597701,0.27104978354978354,0.0,0.9901477832512315,0.33653846153846156,0.8152866242038217,0.47058823529411764,0.6904761904761905,0.5208333333333334,0.6197183098591549
0.37,0.89,0.3218390804597701,0.27104978354978354,0.0,0.9901477832512315,0.33653846153846156,0.8152866242038217,0.47058823529411764,0.6904761904761905,0.5208333333333334,0.6197183098591549
0.37,0.91,0.3218390804597701,0.27104978354978354,0.0,0.9901477832512315,0.33653846153846156,0.8152866242038217,0.47058823529411764,0.6904761904761905,0.5208333333333334,0.6197183098591549
0.37,0.93,0.3218390804597701,0.27044188081422127,0.0,0.9950738916256158,0.33653846153846156,0.8152866242038217,0.47058823529411764,0.6857142857142857,0.5208333333333334,0.6197183098591549
0.37,0.95,0.3218390804597701,0.26991821093571267,0.0,1.0,0.33653846153846156,0.8152866242038217,0.47058823529411764,0.6857142857142857,0.5208333333333334,0.6150234741784038
0.39,0.05,0.2988505747126437,0.19241455959988885,0.6206896551724138,0.26108374384236455,0.40384615384615385,0.802547770700637,0.0,1.0,0.0,0.9906103286384976
0.39,0.07,0.2988505747126437,0.19271814187068426,0.6206896551724138,0.2660098522167488,0.40384615384615385,0.802547770700637,0.0,0.9952380952380953,0.0,0.9906103286384976
0.39,0.09,0.2950191570881226,0.19156073446327684,0.603448275862069,0.27586206896551724,0.40384615384615385,0.802547770700637,0.0,0.9857142857142858,0.0,0.9859154929577465
0.39,0.11,0.2988505747126437,0.20156853999405291,0.603448275862069,0.2955665024630542,0.40384615384615385,0.802547770700637,0.0196078431372549,0.9761904761904762,0.0,0.9812206572769953
0.39,0.13,0.2950191570881226,0.21408700915885884,0.5517241379310345,0.3103448275862069,0.40384615384615385,0.802547770700637,0.0392156862745098,0.9714285714285714,0.020833333333333332,0.9671361502347418
0.39,0.15,0.2988505747126437,0.22249074305339517,0.5517241379310345,0.3251231527093596,0.40384615384615385,0.802547770700637,0.058823529411764705,0.9666666666666667,0.020833333333333332,0.9624413145539906
0.39,0.17,0.3103448275862069,0.246499545652088,0.5517241379310345,0.35960591133004927,0.40384615384615385,0.802547770700637,0.09803921568627451,0.9571428571428572,0.041666666666666664,0.9530516431924883
0.39,0.19,0.31417624521072796,0.2540209267172227,0.5517241379310345,0.3842364532019704,0.40384615384615385,0.802547770700637,0.09803921568627451,0.9428571428571428,0.0625,0.9483568075117371
0.39,0.21,0.32950191570881227,0.28675577463458857,0.5344827586206896,0.4236453201970443,0.40384615384615385,0.802547770700637,0.1568627450980392,0.9380952380952381,0.10416666666666667,0.9342723004694836
0.39,0.23,0.34099616858237547,0.3095807203242508,0.5172413793103449,0.4630541871921182,0.40384615384615385,0.802547770700637,0.17647058823529413,0.9285714285714286,0.16666666666666666,0.92018779342723
0.39,0.25,0.34099616858237547,0.3160426083803766,0.46551724137931033,0.5172413793103449,0.40384615384615385,0.802547770700637,0.21568627450980393,0.9142857142857143,0.1875,0.8826291079812206
0.39,0.27,0.3448275862068966,0.32311705458402634,0.4482758620689655,0.541871921182266,0.40384615384615385,0.802547770700637,0.21568627450980393,0.9047619047619048,0.22916666666666666,0.8732394366197183
0.39,0.29,0.3524904214559387,0.3323658723078884,0.4482758620689655,0.5714285714285714,0.40384615384615385,0.802547770700637,0.21568627450980393,0.8952380952380953,0.2708333333333333,0.863849765258216
0.39,0.31,0.36015325670498083,0.3449598105352731,0.41379310344827586,0.6059113300492611,0.40384615384615385,0.802547770700637,0.23529411764705882,0.8904761904761904,0.3333333333333333,0.8450704225352113
0.39,0.33,0.367816091954023,0.3585876368526848,0.3793103448275862,0.625615763546798,0.40384615384615385,0.802547770700637,0.3137254901960784,0.8809523809523809,0.3333333333333333,0.8450704225352113
0.39,0.35,0.37547892720306514,0.3670480152197652,0.3793103448275862,0.6502463054187192,0.40384615384615385,0.802547770700637,0.3333333333333333,0.8809523809523809,0.3541666666666667,0.8309859154929577
0.39,0.37,0.3831417624521073,0.376761108183903,0.3620689655172414,0.6699507389162561,0.40384615384615385,0.802547770700637,0.39215686274509803,0.8714285714285714,0.3541666666666667,0.8309859154929577
0.39,0.39,0.38697318007662834,0.38045938300998366,0.3620689655172414,0.6847290640394089,0.40384615384615385,0.802547770700637,0.39215686274509803,0.8666666666666667,0.375,0.8262910798122066
0.39,0.41,0.3793103448275862,0.37255841585989447,0.3275862068965517,0.6847290640394089,0.40384615384615385,0.802547770700637,0.39215686274509803,0.861904761904762,0.375,0.8215962441314554
0.39,0.43,0.38697318007662834,0.38042036797564766,0.3275862068965517,0.7093596059113301,0.40384615384615385,0.802547770700637,0.4117647058823529,0.861904761904762,0.3958333333333333,0.8075117370892019
0.39,0.45,0.3946360153256705,0.38831897218025246,0.3275862068965517,0.729064039408867,0.40384615384615385,0.802547770700637,0.43137254901960786,0.8571428571428571,0.4166666666666667,0.8028169014084507
0.39,0.47,0.3946360153256705,0.3868349890249146,0.3103448275862069,0.7536945812807881,0.40384615384615385,0.802547770700637,0.45098039215686275,0.8428571428571429,0.4166666666666667,0.7934272300469484
0.39,0.49,0.39080459770114945,0.38069350611723496,0.29310344827586204,0.7881773399014779,0.40384615384615385,0.802547770700637,0.45098039215686275,0.8285714285714286,0.4166666666666667,0.7699530516431925
0.39,0.51,0.3946360153256705,0.38427405184764685,0.27586206896551724,0.8029556650246306,0.40384615384615385,0.802547770700637,0.45098039215686275,0.8285714285714286,0.4583333333333333,0.7605633802816901
0.39,0.53,0.38697318007662834,0.3731616428524368,0.22413793103448276,0.8226600985221675,0.40384615384615385,0.802547770700637,0.45098039215686275,0.8142857142857143,0.4791666666666667,0.7464788732394366
0.39,0.55,0.38697318007662834,0.3716528760176165,0.22413793103448276,0.8571428571428571,0.40384615384615385,0.802547770700637,0.45098039215686275,0.7904761904761904,0.4791666666666667,0.7370892018779343
0.39,0.57,0.3716475095785441,0.3499259901258147,0.15517241379310345,0.8669950738916257,0.40384615384615385,0.802547770700637,0.45098039215686275,0.7714285714285715,0.4791666666666667,0.7276995305164319
0.39,0.59,0.36398467432950193,0.33795008477704575,0.1206896551724138,0.8768472906403941,0.40384615384615385,0.802547770700637,0.45098039215686275,0.7523809523809524,0.4791666666666667,0.7276995305164319
0.39,0.61,0.36015325670498083,0.33179107769934524,0.10344827586206896,0.8817733990147784,0.40384615384615385,0.802547770700637,0.45098039215686275,0.7523809523809524,0.4791666666666667,0.7183098591549296
0.39,0.63,0.36015325670498083,0.33179107769934524,0.10344827586206896,0.8817733990147784,0.40384615384615385,0.802547770700637,0.45098039215686275,0.7523809523809524,0.4791666666666667,0.7183098591549296
0.39,0.65,0.36015325670498083,0.32883257751462913,0.08620689655172414,0.8916256157635468,0.40384615384615385,0.802547770700637,0.45098039215686275,0.7476190476190476,0.5,0.7136150234741784
0.39,0.67,0.36398467432950193,0.33156821526725155,0.08620689655172414,0.9064039408866995,0.40384615384615385,0.802547770700637,0.45098039215686275,0.7428571428571429,0.5208333333333334,0.7089201877934272
0.39,0.69,0.36015325670498083,0.3240569009915927,0.06896551724137931,0.9211822660098522,0.40384615384615385,0.802547770700637,0.45098039215686275,0.7428571428571429,0.5208333333333334,0.6901408450704225
0.39,0.71,0.36015325670498083,0.3236934381462984,0.06896551724137931,0.9261083743842364,0.40384615384615385,0.802547770700637,0.45098039215686275,0.7380952380952381,0.5208333333333334,0.6901408450704225
0.39,0.73,0.3486590038314176,0.3014626381151805,0.017241379310344827,0.9359605911330049,0.40384615384615385,0.802547770700637,0.45098039215686275,0.7333333333333333,0.5208333333333334,0.6713615023474179
0.39,0.75,0.3486590038314176,0.30045535995272993,0.017241379310344827,0.9458128078817734,0.40384615384615385,0.802547770700637,0.45098039215686275,0.7333333333333333,0.5208333333333334,0.6619718309859155
0.39,0.77,0.3486590038314176,0.29892702751120126,0.017241379310344827,0.9605911330049262,0.40384615384615385,0.802547770700637,0.45098039215686275,0.7285714285714285,0.5208333333333334,0.6525821596244131
0.39,0.79,0.3486590038314176,0.298015252480567,0.017241379310344827,0.9704433497536946,0.40384615384615385,0.802547770700637,0.45098039215686275,0.7285714285714285,0.5208333333333334,0.6431924882629108
0.39,0.81,0.3486590038314176,0.298015252480567,0.017241379310344827,0.9704433497536946,0.40384615384615385,0.802547770700637,0.45098039215686275,0.7285714285714285,0.5208333333333334,0.6431924882629108
0.39,0.83,0.3486590038314176,0.298015252480567,0.017241379310344827,0.9704433497536946,0.40384615384615385,0.802547770700637,0.45098039215686275,0.7285714285714285,0.5208333333333334,0.6431924882629108
0.39,0.85,0.3448275862068966,0.2871625863151287,0.0,0.9901477832512315,0.40384615384615385,0.802547770700637,0.45098039215686275,0.7095238095238096,0.5208333333333334,0.6384976525821596
0.39,0.87,0.3448275862068966,0.28653622465935524,0.0,0.9950738916256158,0.40384615384615385,0.802547770700637,0.45098039215686275,0.7047619047619048,0.5208333333333334,0.6384976525821596
0.39,0.89,0.3448275862068966,0.28653622465935524,0.0,0.9950738916256158,0.40384615384615385,0.802547770700637,0.45098039215686275,0.7047619047619048,0.5208333333333334,0.6384976525821596
0.39,0.91,0.3448275862068966,0.28653622465935524,0.0,0.9950738916256158,0.40384615384615385,0.802547770700637,0.45098039215686275,0.7047619047619048,0.5208333333333334,0.6384976525821596
0.39,0.93,0.3448275862068966,0.28653622465935524,0.0,0.9950738916256158,0.40384615384615385,0.802547770700637,0.45098039215686275,0.7047619047619048,0.5208333333333334,0.6384976525821596
0.39,0.95,0.3448275862068966,0.28598434827966435,0.0,1.0,0.40384615384615385,0.802547770700637,0.45098039215686275,0.7047619047619048,0.5208333333333334,0.6338028169014085
0.41,0.05,0.3218390804597701,0.20638414969730323,0.6206896551724138,0.2955665024630542,0.46153846153846156,0.7961783439490446,0.0,1.0,0.0,0.9906103286384976
0.41,0.07,0.3218390804597701,0.2067059690493736,0.6206896551724138,0.30049261083743845,0.46153846153846156,0.7961783439490446,0.0,0.9952380952380953,0.0,0.9906103286384976
0.41,0.09,0.31800766283524906,0.2055420787460347,0.603448275862069,0.3103448275862069,0.46153846153846156,0.7961783439490446,0.0,0.9857142857142858,0.0,0.9859154929577465
0.41,0.11,0.3218390804597701,0.21562592640705616,0.603448275862069,0.33004926108374383,0.46153846153846156,0.7961783439490446,0.0196078431372549,0.9761904761904762,0.0,0.9812206572769953
0.41,0.13,0.31800766283524906,0.2280613855034068,0.5517241379310345,0.3448275862068966,0.46153846153846156,0.7961783439490446,0.0392156862745098,0.9714285714285714,0.020833333333333332,0.9671361502347418
0.41,0.15,0.3218390804597701,0.236524149094956,0.5517241379310345,0.35960591133004927,0.46153846153846156,0.7961783439490446,0.058823529411764705,0.9666666666666667,0.020833333333333332,0.9624413145539906
0.41,0.17,0.3333333333333333,0.2606803586289196,0.5517241379310345,0.39408866995073893,0.46153846153846156,0.7961783439490446,0.09803921568627451,0.9571428571428572,0.041666666666666664,0.9530516431924883
0.41,0.19,0.3371647509578544,0.2683161138012223,0.5517241379310345,0.4187192118226601,0.46153846153846156,0.7961783439490446,0.09803921568627451,0.9428571428571428,0.0625,0.9483568075117371
0.41,0.21,0.3524904214559387,0.301193218236253,0.5344827586206896,0.458128078817734,0.46153846153846156,0.7961783439490446,0.1568627450980392,0.9380952380952381,0.10416666666666667,0.9342723004694836
0.41,0.23,0.36398467432950193,0.3241766715776935,0.5172413793103449,0.4975369458128079,0.46153846153846156,0.7961783439490446,0.17647058823529413,0.9285714285714286,0.16666666666666666,0.92018779342723
0.41,0.25,0.36398467432950193,0.33076737684372887,0.46551724137931033,0.5517241379310345,0.46153846153846156,0.7961783439490446,0.21568627450980393,0.9142857142857143,0.1875,0.8826291079812206
0.41,0.27,0.367816091954023,0.33793202994779015,0.4482758620689655,0.5763546798029556,0.46153846153846156,0.7961783439490446,0.21568627450980393,0.9047619047619048,0.22916666666666666,0.8732394366197183
0.41,0.29,0.37547892720306514,0.3474014879900351,0.4482758620689655,0.6059113300492611,0.46153846153846156,0.7961783439490446,0.21568627450980393,0.8952380952380953,0.2708333333333333,0.863849765258216
0.41,0.31,0.3831417624521073,0.36009580611199415,0.41379310344827586,0.6403940886699507,0.46153846153846156,0.7961783439490446,0.23529411764705882,0.8904761904761904,0.3333333333333333,0.8450704225352113
0.41,0.33,0.39080459770114945,0.37369103450765445,0.3793103448275862,0.6600985221674877,0.46153846153846156,0.7961783439490446,0.3137254901960784,0.8809523809523809,0.3333333333333333,0.8450704225352113
0.41,0.35,0.39846743295019155,0.3823799368015343,0.3793103448275862,0.6847290640394089,0.46153846153846156,0.7961783439490446,0.3333333333333333,0.8809523809523809,0.3541666666666667,0.8309859154929577
0.41,0.37,0.4061302681992337,0.3921735831221342,0.3620689655172414,0.7044334975369458,0.46153846153846156,0.7961783439490446,0.39215686274509803,0.8714285714285714,0.3541666666666667,0.8309859154929577
0.41,0.39,0.4099616858237548,0.3960294067484369,0.3620689655172414,0.7192118226600985,0.46153846153846156,0.7961783439490446,0.39215686274509803,0.8666666666666667,0.375,0.8262910798122066
0.41,0.41,0.40229885057471265,0.38786876653521696,0.3275862068965517,0.7192118226600985,0.46153846153846156,0.7961783439490446,0.39215686274509803,0.861904761904762,0.375,0.8215962441314554
0.41,0.43,0.4099616858237548,0.3960015524639757,0.3275862068965517,0.7438423645320197,0.46153846153846156,0.7961783439490446,0.4117647058823529,0.861904761904762,0.3958333333333333,0.8075117370892019
0.41,0.45,0.41762452107279696,0.4041399900226409,0.3275862068965517,0.7635467980295566,0.46153846153846156,0.7961783439490446,0.43137254901960786,0.8571428571428571,0.4166666666666667,0.8028169014084507
0.41,0.47,0.41379310344827586,0.3984940818000703,0.3103448275862069,0.7832512315270936,0.46153846153846156,0.7961783439490446,0.43137254901960786,0.8428571428571429,0.4166666666666667,0.7934272300469484
0.41,0.49,0.4099616858237548,0.39271515641429877,0.29310344827586204,0.8177339901477833,0.46153846153846156,0.7961783439490446,0.43137254901960786,0.8285714285714286,0.4166666666666667,0.7699530516431925
0.41,0.51,0.41379310344827586,0.3963353787845212,0.27586206896551724,0.8325123152709359,0.46153846153846156,0.7961783439490446,0.43137254901960786,0.8285714285714286,0.4583333333333333,0.7605633802816901
0.41,0.53,0.4061302681992337,0.38500550396654576,0.22413793103448276,0.8522167487684729,0.46153846153846156,0.7961783439490446,0.43137254901960786,0.8142857142857143,0.4791666666666667,0.7464788732394366
0.41,0.55,0.4061302681992337,0.38415199389836463,0.22413793103448276,0.8866995073891626,0.46153846153846156,0.7961783439490446,0.43137254901960786,0.7904761904761904,0.4791666666666667,0.7370892018779343
0.41,0.57,0.39080459770114945,0.3616275239758556,0.15517241379310345,0.896551724137931,0.46153846153846156,0.7961783439490446,0.43137254901960786,0.7714285714285715,0.4791666666666667,0.7276995305164319
0.41,0.59,0.3831417624521073,0.3494682174379912,0.1206896551724138,0.9014778325123153,0.46153846153846156,0.7961783439490446,0.43137254901960786,0.7571428571428571,0.4791666666666667,0.7276995305164319
0.41,0.61,0.3793103448275862,0.3430752978832882,0.10344827586206896,0.9064039408866995,0.46153846153846156,0.7961783439490446,0.43137254901960786,0.7571428571428571,0.4791666666666667,0.7183098591549296
0.41,0.63,0.3793103448275862,0.3430752978832882,0.10344827586206896,0.9064039408866995,0.46153846153846156,0.7961783439490446,0.43137254901960786,0.7571428571428571,0.4791666666666667,0.7183098591549296
0.41,0.65,0.3793103448275862,0.3399103465184701,0.08620689655172414,0.916256157635468,0.46153846153846156,0.7961783439490446,0.43137254901960786,0.7523809523809524,0.5,0.7136150234741784
0.41,0.67,0.3831417624521073,0.34307865725257025,0.08620689655172414,0.9261083743842364,0.46153846153846156,0.7961783439490446,0.43137254901960786,0.7523809523809524,0.5208333333333334,0.7089201877934272
0.41,0.69,0.3793103448275862,0.3353898671896795,0.06896551724137931,0.9408866995073891,0.46153846153846156,0.7961783439490446,0.43137254901960786,0.7523809523809524,0.5208333333333334,0.6901408450704225
0.41,0.71,0.3793103448275862,0.3350616877382124,0.06896551724137931,0.9458128078817734,0.46153846153846156,0.7961783439490446,0.43137254901960786,0.7476190476190476,0.5208333333333334,0.6901408450704225
0.41,0.73,0.367816091954023,0.3118144844261001,0.017241379310344827,0.9556650246305419,0.46153846153846156,0.7961783439490446,0.43137254901960786,0.7428571428571429,0.5208333333333334,0.6713615023474179
0.41,0.75,0.367816091954023,0.3108316099645238,0.017241379310344827,0.9655172413793104,0.46153846153846156,0.7961783439490446,0.43137254901960786,0.7428571428571429,0.5208333333333334,0.6619718309859155
0.41,0.77,0.367816091954023,0.3108316099645238,0.017241379310344827,0.9655172413793104,0.46153846153846156,0.7961783439490446,0.43137254901960786,0.7428571428571429,0.5208333333333334,0.6619718309859155
0.41,0.79,0.367816091954023,0.30989546944248425,0.017241379310344827,0.9753694581280788,0.46153846153846156,0.7961783439490446,0.43137254901960786,0.7428571428571429,0.5208333333333334,0.6525821596244131
0.41,0.81,0.367816091954023,0.30989546944248425,0.017241379310344827,0.9753694581280788,0.46153846153846156,0.7961783439490446,0.43137254901960786,0.7428571428571429,0.5208333333333334,0.6525821596244131
0.41,0.83,0.367816091954023,0.30989546944248425,0.017241379310344827,0.9753694581280788,0.46153846153846156,0.7961783439490446,0.43137254901960786,0.7428571428571429,0.5208333333333334,0.6525821596244131
0.41,0.85,0.36398467432950193,0.2988637077170101,0.0,0.9950738916256158,0.46153846153846156,0.7961783439490446,0.43137254901960786,0.7238095238095238,0.5208333333333334,0.647887323943662
0.41,0.87,0.36398467432950193,0.2982275754014885,0.0,1.0,0.46153846153846156,0.7961783439490446,0.43137254901960786,0.719047619047619,0.5208333333333334,0.647887323943662
0.41,0.89,0.36398467432950193,0.2982275754014885,0.0,1.0,0.46153846153846156,0.7961783439490446,0.43137254901960786,0.719047619047619,0.5208333333333334,0.647887323943662
0.41,0.91,0.36398467432950193,0.2982275754014885,0.0,1.0,0.46153846153846156,0.7961783439490446,0.43137254901960786,0.719047619047619,0.5208333333333334,0.647887323943662
0.41,0.93,0.36398467432950193,0.2982275754014885,0.0,1.0,0.46153846153846156,0.7961783439490446,0.43137254901960786,0.719047619047619,0.5208333333333334,0.647887323943662
0.41,0.95,0.36398467432950193,0.2982275754014885,0.0,1.0,0.46153846153846156,0.7961783439490446,0.43137254901960786,0.719047619047619,0.5208333333333334,0.647887323943662
0.43,0.05,0.3333333333333333,0.21102248005801305,0.5517241379310345,0.3399014778325123,0.5288461538461539,0.7579617834394905,0.0,1.0,0.0,0.9906103286384976
0.43,0.07,0.3333333333333333,0.21134278755320846,0.5517241379310345,0.3448275862068966,0.5288461538461539,0.7579617834394905,0.0,0.9952380952380953,0.0,0.9906103286384976
0.43,0.09,0.32950191570881227,0.2100484540839871,0.5344827586206896,0.35467980295566504,0.5288461538461539,0.7579617834394905,0.0,0.9857142857142858,0.0,0.9859154929577465
0.43,0.11,0.3333333333333333,0.2201250977132623,0.5344827586206896,0.37438423645320196,0.5288461538461539,0.7579617834394905,0.0196078431372549,0.9761904761904762,0.0,0.9812206572769953
0.43,0.13,0.32950191570881227,0.23213829926705262,0.4827586206896552,0.3891625615763547,0.5288461538461539,0.7579617834394905,0.0392156862745098,0.9714285714285714,0.020833333333333332,0.9671361502347418
0.43,0.15,0.3333333333333333,0.24058885262997515,0.4827586206896552,0.4039408866995074,0.5288461538461539,0.7579617834394905,0.058823529411764705,0.9666666666666667,0.020833333333333332,0.9624413145539906
0.43,0.17,0.3448275862068966,0.26472211375764676,0.4827586206896552,0.43842364532019706,0.5288461538461539,0.7579617834394905,0.09803921568627451,0.9571428571428572,0.041666666666666664,0.9530516431924883
0.43,0.19,0.3486590038314176,0.27234703469376315,0.4827586206896552,0.4630541871921182,0.5288461538461539,0.7579617834394905,0.09803921568627451,0.9428571428571428,0.0625,0.9483568075117371
0.43,0.21,0.36398467432950193,0.3050435421821084,0.46551724137931033,0.5024630541871922,0.5288461538461539,0.7579617834394905,0.1568627450980392,0.9380952380952381,0.10416666666666667,0.9342723004694836
0.43,0.23,0.37547892720306514,0.32783475686100266,0.4482758620689655,0.541871921182266,0.5288461538461539,0.7579617834394905,0.17647058823529413,0.9285714285714286,0.16666666666666666,0.92018779342723
0.43,0.25,0.37547892720306514,0.33377410464919327,0.39655172413793105,0.5960591133004927,0.5288461538461539,0.7579617834394905,0.21568627450980393,0.9142857142857143,0.1875,0.8826291079812206
0.43,0.27,0.3793103448275862,0.3406842620007579,0.3793103448275862,0.6206896551724138,0.5288461538461539,0.7579617834394905,0.21568627450980393,0.9047619047619048,0.22916666666666666,0.8732394366197183
0.43,0.29,0.38697318007662834,0.35014000344705964,0.3793103448275862,0.6502463054187192,0.5288461538461539,0.7579617834394905,0.21568627450980393,0.8952380952380953,0.2708333333333333,0.863849765258216
0.43,0.31,0.3946360153256705,0.36225811250529805,0.3448275862068966,0.6847290640394089,0.5288461538461539,0.7579617834394905,0.23529411764705882,0.8904761904761904,0.3333333333333333,0.8450704225352113
0.43,0.33,0.40229885057471265,0.37520112776093106,0.3103448275862069,0.7044334975369458,0.5288461538461539,0.7579617834394905,0.3137254901960784,0.8809523809523809,0.3333333333333333,0.8450704225352113
0.43,0.35,0.4099616858237548,0.3838524640097273,0.3103448275862069,0.729064039408867,0.5288461538461539,0.7579617834394905,0.3333333333333333,0.8809523809523809,0.3541666666666667,0.8309859154929577
0.43,0.37,0.41762452107279696,0.3932534582578739,0.29310344827586204,0.7487684729064039,0.5288461538461539,0.7579617834394905,0.39215686274509803,0.8714285714285714,0.3541666666666667,0.8309859154929577
0.43,0.39,0.421455938697318,0.39708834147315225,0.29310344827586204,0.7635467980295566,0.5288461538461539,0.7579617834394905,0.39215686274509803,0.8666666666666667,0.375,0.8262910798122066
0.43,0.41,0.41379310344827586,0.3881158412422834,0.25862068965517243,0.7635467980295566,0.5288461538461539,0.7579617834394905,0.39215686274509803,0.861904761904762,0.375,0.8215962441314554
0.43,0.43,0.421455938697318,0.39617244004580165,0.25862068965517243,0.7881773399014779,0.5288461538461539,0.7579617834394905,0.4117647058823529,0.861904761904762,0.3958333333333333,0.8075117370892019
0.43,0.45,0.42528735632183906,0.39981585742505,0.25862068965517243,0.8029556650246306,0.5288461538461539,0.7579617834394905,0.4117647058823529,0.8571428571428571,0.4166666666666667,0.8028169014084507
0.43,0.47,0.421455938697318,0.3936944377299707,0.2413793103448276,0.8226600985221675,0.5288461538461539,0.7579617834394905,0.4117647058823529,0.8428571428571429,0.4166666666666667,0.7934272300469484
0.43,0.49,0.421455938697318,0.3923299580964573,0.2413793103448276,0.8571428571428571,0.5288461538461539,0.7579617834394905,0.4117647058823529,0.8285714285714286,0.4166666666666667,0.7746478873239436
0.43,0.51,0.42528735632183906,0.39549310679668104,0.22413793103448276,0.8719211822660099,0.5288461538461539,0.7579617834394905,0.4117647058823529,0.8285714285714286,0.4583333333333333,0.7652582159624414
0.43,0.53,0.41762452107279696,0.38248599426346275,0.1724137931034483,0.8916256157635468,0.5288461538461539,0.7579617834394905,0.4117647058823529,0.8142857142857143,0.4791666666666667,0.7511737089201878
0.43,0.55,0.41762452107279696,0.38169190724917934,0.1724137931034483,0.9211822660098522,0.5288461538461539,0.7579617834394905,0.4117647058823529,0.7952380952380952,0.4791666666666667,0.7417840375586855
0.43,0.57,0.40229885057471265,0.35613449120862717,0.10344827586206896,0.9310344827586207,0.5288461538461539,0.7579617834394905,0.4117647058823529,0.7761904761904762,0.4791666666666667,0.7323943661971831
0.43,0.59,0.39846743295019155,0.34910925497567913,0.08620689655172414,0.9359605911330049,0.5288461538461539,0.7579617834394905,0.4117647058823529,0.7666666666666667,0.4791666666666667,0.7323943661971831
0.43,0.61,0.3946360153256705,0.3418593336221394,0.06896551724137931,0.9408866995073891,0.5288461538461539,0.7579617834394905,0.4117647058823529,0.7666666666666667,0.4791666666666667,0.7230046948356808
0.43,0.63,0.3946360153256705,0.3418593336221394,0.06896551724137931,0.9408866995073891,0.5288461538461539,0.7579617834394905,0.4117647058823529,0.7666666666666667,0.4791666666666667,0.7230046948356808
0.43,0.65,0.3946360153256705,0.3418593336221394,0.06896551724137931,0.9408866995073891,0.5288461538461539,0.7579617834394905,0.4117647058823529,0.7666666666666667,0.4791666666666667,0.7230046948356808
0.43,0.67,0.39846743295019155,0.34505763682044255,0.06896551724137931,0.9507389162561576,0.5288461538461539,0.7579617834394905,0.4117647058823529,0.7666666666666667,0.5,0.7183098591549296
0.43,0.69,0.3946360153256705,0.3369987874572454,0.05172413793103448,0.9605911330049262,0.5288461538461539,0.7579617834394905,0.4117647058823529,0.7666666666666667,0.5,0.704225352112676
0.43,0.71,0.3946360153256705,0.3366071948182341,0.05172413793103448,0.9655172413793104,0.5288461538461539,0.7579617834394905,0.4117647058823529,0.7619047619047619,0.5,0.704225352112676
0.43,0.73,0.38697318007662834,0.32024331085619834,0.017241379310344827,0.9704433497536946,0.5288461538461539,0.7579617834394905,0.4117647058823529,0.7571428571428571,0.5,0.6948356807511737
0.43,0.75,0.38697318007662834,0.31972878402710864,0.017241379310344827,0.9753694581280788,0.5288461538461539,0.7579617834394905,0.4117647058823529,0.7571428571428571,0.5,0.6901408450704225
0.43,0.77,0.38697318007662834,0.31972878402710864,0.017241379310344827,0.9753694581280788,0.5288461538461539,0.7579617834394905,0.4117647058823529,0.7571428571428571,0.5,0.6901408450704225
0.43,0.79,0.38697318007662834,0.31922720547628475,0.017241379310344827,0.9802955665024631,0.5288461538461539,0.7579617834394905,0.4117647058823529,0.7571428571428571,0.5,0.6854460093896714
0.43,0.81,0.38697318007662834,0.31922720547628475,0.017241379310344827,0.9802955665024631,0.5288461538461539,0.7579617834394905,0.4117647058823529,0.7571428571428571,0.5,0.6854460093896714
0.43,0.83,0.38697318007662834,0.31922720547628475,0.017241379310344827,0.9802955665024631,0.5288461538461539,0.7579617834394905,0.4117647058823529,0.7571428571428571,0.5,0.6854460093896714
0.43,0.85,0.3831417624521073,0.30864152767706066,0.0,0.9950738916256158,0.5288461538461539,0.7579617834394905,0.4117647058823529,0.7428571428571429,0.5,0.6807511737089202
0.43,0.87,0.3831417624521073,0.30798535969805807,0.0,1.0,0.5288461538461539,0.7579617834394905,0.4117647058823529,0.7380952380952381,0.5,0.6807511737089202
0.43,0.89,0.3831417624521073,0.30798535969805807,0.0,1.0,0.5288461538461539,0.7579617834394905,0.4117647058823529,0.7380952380952381,0.5,0.6807511737089202
0.43,0.91,0.3831417624521073,0.30798535969805807,0.0,1.0,0.5288461538461539,0.7579617834394905,0.4117647058823529,0.7380952380952381,0.5,0.6807511737089202
0.43,0.93,0.3831417624521073,0.30798535969805807,0.0,1.0,0.5288461538461539,0.7579617834394905,0.4117647058823529,0.7380952380952381,0.5,0.6807511737089202
0.43,0.95,0.3831417624521073,0.30798535969805807,0.0,1.0,0.5288461538461539,0.7579617834394905,0.4117647058823529,0.7380952380952381,0.5,0.6807511737089202
0.45,0.05,0.3486590038314176,0.21743645311300736,0.5172413793103449,0.3793103448275862,0.5865384615384616,0.732484076433121,0.0,1.0,0.0,0.9906103286384976
0.45,0.07,0.3486590038314176,0.21776553038034974,0.5172413793103449,0.3842364532019704,0.5865384615384616,0.732484076433121,0.0,0.9952380952380953,0.0,0.9906103286384976
0.45,0.09,0.3448275862068966,0.21639061421670117,0.5,0.39408866995073893,0.5865384615384616,0.732484076433121,0.0,0.9857142857142858,0.0,0.9859154929577465
0.45,0.11,0.3486590038314176,0.22650327450820662,0.5,0.41379310344827586,0.5865384615384616,0.732484076433121,0.0196078431372549,0.9761904761904762,0.0,0.9812206572769953
0.45,0.13,0.3448275862068966,0.23822071914002643,0.4482758620689655,0.42857142857142855,0.5865384615384616,0.732484076433121,0.0392156862745098,0.9714285714285714,0.020833333333333332,0.9671361502347418
0.45,0.15,0.3486590038314176,0.2466949366438058,0.4482758620689655,0.4433497536945813,0.5865384615384616,0.732484076433121,0.058823529411764705,0.9666666666666667,0.020833333333333332,0.9624413145539906
0.45,0.17,0.36015325670498083,0.27089225292886615,0.4482758620689655,0.47783251231527096,0.5865384615384616,0.732484076433121,0.09803921568627451,0.9571428571428572,0.041666666666666664,0.9530516431924883
0.45,0.19,0.36398467432950193,0.27857151970880206,0.4482758620689655,0.5024630541871922,0.5865384615384616,0.732484076433121,0.09803921568627451,0.9428571428571428,0.0625,0.9483568075117371
0.45,0.21,0.3793103448275862,0.3112347108331859,0.43103448275862066,0.541871921182266,0.5865384615384616,0.732484076433121,0.1568627450980392,0.9380952380952381,0.10416666666666667,0.9342723004694836
0.45,0.23,0.39080459770114945,0.333993803142177,0.41379310344827586,0.5812807881773399,0.5865384615384616,0.732484076433121,0.17647058823529413,0.9285714285714286,0.16666666666666666,0.92018779342723
0.45,0.25,0.39080459770114945,0.3395984949299621,0.3620689655172414,0.6354679802955665,0.5865384615384616,0.732484076433121,0.21568627450980393,0.9142857142857143,0.1875,0.8826291079812206
0.45,0.27,0.3946360153256705,0.3463968651572362,0.3448275862068966,0.6600985221674877,0.5865384615384616,0.732484076433121,0.21568627450980393,0.9047619047619048,0.22916666666666666,0.8732394366197183
0.45,0.29,0.40229885057471265,0.3559633936830976,0.3448275862068966,0.6896551724137931,0.5865384615384616,0.732484076433121,0.21568627450980393,0.8952380952380953,0.2708333333333333,0.863849765258216
0.45,0.31,0.4099616858237548,0.3677664820154891,0.3103448275862069,0.7241379310344828,0.5865384615384616,0.732484076433121,0.23529411764705882,0.8904761904761904,0.3333333333333333,0.8450704225352113
0.45,0.33,0.41762452107279696,0.38026580720439973,0.27586206896551724,0.7438423645320197,0.5865384615384616,0.732484076433121,0.3137254901960784,0.8809523809523809,0.3333333333333333,0.8450704225352113
0.45,0.35,0.42528735632183906,0.38901496295237076,0.27586206896551724,0.7684729064039408,0.5865384615384616,0.732484076433121,0.3333333333333333,0.8809523809523809,0.3541666666666667,0.8309859154929577
0.45,0.37,0.4329501915708812,0.39819739975099,0.25862068965517243,0.7881773399014779,0.5865384615384616,0.732484076433121,0.39215686274509803,0.8714285714285714,0.3541666666666667,0.8309859154929577
0.45,0.39,0.4367816091954023,0.40210341837181135,0.25862068965517243,0.8029556650246306,0.5865384615384616,0.732484076433121,0.39215686274509803,0.8666666666666667,0.375,0.8262910798122066
0.45,0.41,0.42911877394636017,0.3924400152661023,0.22413793103448276,0.8029556650246306,0.5865384615384616,0.732484076433121,0.39215686274509803,0.861904761904762,0.375,0.8215962441314554
0.45,0.43,0.4367816091954023,0.40058710888863014,0.22413793103448276,0.8275862068965517,0.5865384615384616,0.732484076433121,0.4117647058823529,0.861904761904762,0.3958333333333333,0.8075117370892019
0.45,0.45,0.44061302681992337,0.4043000586652661,0.22413793103448276,0.8423645320197044,0.5865384615384616,0.732484076433121,0.4117647058823529,0.8571428571428571,0.4166666666666667,0.8028169014084507
0.45,0.47,0.4367816091954023,0.39785319925071483,0.20689655172413793,0.8620689655172413,0.5865384615384616,0.732484076433121,0.4117647058823529,0.8428571428571429,0.4166666666666667,0.7934272300469484
0.45,0.49,0.4367816091954023,0.3967391304347826,0.20689655172413793,0.8916256157635468,0.5865384615384616,0.732484076433121,0.4117647058823529,0.8285714285714286,0.4166666666666667,0.7793427230046949
0.45,0.51,0.44061302681992337,0.3995021921812203,0.1896551724137931,0.9064039408866995,0.5865384615384616,0.732484076433121,0.4117647058823529,0.8285714285714286,0.4583333333333333,0.7699530516431925
0.45,0.53,0.42911877394636017,0.38103945175710496,0.13793103448275862,0.916256157635468,0.5865384615384616,0.732484076433121,0.4117647058823529,0.8142857142857143,0.4583333333333333,0.7605633802816901
0.45,0.55,0.42911877394636017,0.3803271548527311,0.13793103448275862,0.9359605911330049,0.5865384615384616,0.732484076433121,0.4117647058823529,0.8047619047619048,0.4583333333333333,0.7511737089201878
0.45,0.57,0.41379310344827586,0.35248384518664444,0.06896551724137931,0.9458128078817734,0.5865384615384616,0.732484076433121,0.4117647058823529,0.7857142857142857,0.4583333333333333,0.7417840375586855
0.45,0.59,0.4099616858237548,0.34515937934987306,0.05172413793103448,0.9458128078817734,0.5865384615384616,0.732484076433121,0.4117647058823529,0.780952380952381,0.4583333333333333,0.7417840375586855
0.45,0.61,0.4061302681992337,0.3372259335306005,0.034482758620689655,0.9507389162561576,0.5865384615384616,0.732484076433121,0.4117647058823529,0.780952380952381,0.4583333333333333,0.7323943661971831
0.45,0.63,0.4061302681992337,0.3372259335306005,0.034482758620689655,0.9507389162561576,0.5865384615384616,0.732484076433121,0.4117647058823529,0.780952380952381,0.4583333333333333,0.7323943661971831
0.45,0.65,0.4061302681992337,0.3372259335306005,0.034482758620689655,0.9507389162561576,0.5865384615384616,0.732484076433121,0.4117647058823529,0.780952380952381,0.4583333333333333,0.7323943661971831
0.45,0.67,0.4099616858237548,0.3401792151911863,0.034482758620689655,0.9605911330049262,0.5865384615384616,0.732484076433121,0.4117647058823529,0.780952380952381,0.4791666666666667,0.7276995305164319
0.45,0.69,0.4061302681992337,0.33113956583005955,0.017241379310344827,0.9704433497536946,0.5865384615384616,0.732484076433121,0.4117647058823529,0.780952380952381,0.4791666666666667,0.7136150234741784
0.45,0.71,0.4061302681992337,0.33051200140794135,0.017241379310344827,0.9753694581280788,0.5865384615384616,0.732484076433121,0.4117647058823529,0.7761904761904762,0.4791666666666667,0.7136150234741784
0.45,0.73,0.40229885057471265,0.32130916058261594,0.0,0.9802955665024631,0.5865384615384616,0.732484076433121,0.4117647058823529,0.7714285714285715,0.4791666666666667,0.7089201877934272
0.45,0.75,0.40229885057471265,0.32066389069147017,0.0,0.9852216748768473,0.5865384615384616,0.732484076433121,0.4117647058823529,0.7714285714285715,0.4791666666666667,0.704225352112676
0.45,0.77,0.40229885057471265,0.32066389069147017,0.0,0.9852216748768473,0.5865384615384616,0.732484076433121,0.4117647058823529,0.7714285714285715,0.4791666666666667,0.704225352112676
0.45,0.79,0.40229885057471265,0.3200281803542673,0.0,0.9901477832512315,0.5865384615384616,0.732484076433121,0.4117647058823529,0.7714285714285715,0.4791666666666667,0.6995305164319249
0.45,0.81,0.40229885057471265,0.3200281803542673,0.0,0.9901477832512315,0.5865384615384616,0.732484076433121,0.4117647058823529,0.7714285714285715,0.4791666666666667,0.6995305164319249
0.45,0.83,0.40229885057471265,0.3200281803542673,0.0,0.9901477832512315,0.5865384615384616,0.732484076433121,0.4117647058823529,0.7714285714285715,0.4791666666666667,0.6995305164319249
0.45,0.85,0.40229885057471265,0.3186786782026261,0.0,1.0,0.5865384615384616,0.732484076433121,0.4117647058823529,0.7666666666666667,0.4791666666666667,0.6948356807511737
0.45,0.87,0.40229885057471265,0.3186786782026261,0.0,1.0,0.5865384615384616,0.732484076433121,0.4117647058823529,0.7666666666666667,0.4791666666666667,0.6948356807511737
0.45,0.89,0.40229885057471265,0.3186786782026261,0.0,1.0,0.5865384615384616,0.732484076433121,0.4117647058823529,0.7666666666666667,0.4791666666666667,0.6948356807511737
0.45,0.91,0.40229885057471265,0.3186786782026261,0.0,1.0,0.5865384615384616,0.732484076433121,0.4117647058823529,0.7666666666666667,0.4791666666666667,0.6948356807511737
0.45,0.93,0.40229885057471265,0.3186786782026261,0.0,1.0,0.5865384615384616,0.732484076433121,0.4117647058823529,0.7666666666666667,0.4791666666666667,0.6948356807511737
0.45,0.95,0.40229885057471265,0.3186786782026261,0.0,1.0,0.5865384615384616,0.732484076433121,0.4117647058823529,0.7666666666666667,0.4791666666666667,0.6948356807511737
0.47,0.05,0.3563218390804598,0.2203213866570371,0.5,0.39901477832512317,0.6153846153846154,0.7197452229299363,0.0,1.0,0.0,0.9906103286384976
0.47,0.07,0.3563218390804598,0.22065493468795355,0.5,0.4039408866995074,0.6153846153846154,0.7197452229299363,0.0,0.9952380952380953,0.0,0.9906103286384976
0.47,0.09,0.3524904214559387,0.21923607915324436,0.4827586206896552,0.41379310344827586,0.6153846153846154,0.7197452229299363,0.0,0.9857142857142858,0.0,0.9859154929577465
0.47,0.11,0.3563218390804598,0.22936706734450882,0.4827586206896552,0.43349753694581283,0.6153846153846154,0.7197452229299363,0.0196078431372549,0.9761904761904762,0.0,0.9812206572769953
0.47,0.13,0.3524904214559387,0.2409236842999235,0.43103448275862066,0.4482758620689655,0.6153846153846154,0.7197452229299363,0.0392156862745098,0.9714285714285714,0.020833333333333332,0.9671361502347418
0.47,0.15,0.3563218390804598,0.24940965665206938,0.43103448275862066,0.4630541871921182,0.6153846153846154,0.7197452229299363,0.058823529411764705,0.9666666666666667,0.020833333333333332,0.9624413145539906
0.47,0.17,0.367816091954023,0.2736391689221878,0.43103448275862066,0.4975369458128079,0.6153846153846154,0.7197452229299363,0.09803921568627451,0.9571428571428572,0.041666666666666664,0.9530516431924883
0.47,0.19,0.3716475095785441,0.2813460949403092,0.43103448275862066,0.5221674876847291,0.6153846153846154,0.7197452229299363,0.09803921568627451,0.9428571428571428,0.0625,0.9483568075117371
0.47,0.21,0.38697318007662834,0.31398782321428276,0.41379310344827586,0.5615763546798029,0.6153846153846154,0.7197452229299363,0.1568627450980392,0.9380952380952381,0.10416666666666667,0.9342723004694836
0.47,0.23,0.39846743295019155,0.33672557109534795,0.39655172413793105,0.6009852216748769,0.6153846153846154,0.7197452229299363,0.17647058823529413,0.9285714285714286,0.16666666666666666,0.92018779342723
0.47,0.25,0.39846743295019155,0.3421390125744705,0.3448275862068966,0.6551724137931034,0.6153846153846154,0.7197452229299363,0.21568627450980393,0.9142857142857143,0.1875,0.8826291079812206
0.47,0.27,0.40229885057471265,0.34887146378091966,0.3275862068965517,0.6798029556650246,0.6153846153846154,0.7197452229299363,0.21568627450980393,0.9047619047619048,0.22916666666666666,0.8732394366197183
0.47,0.29,0.4099616858237548,0.3584947501012984,0.3275862068965517,0.7093596059113301,0.6153846153846154,0.7197452229299363,0.21568627450980393,0.8952380952380953,0.2708333333333333,0.863849765258216
0.47,0.31,0.41762452107279696,0.37011419874927165,0.29310344827586204,0.7438423645320197,0.6153846153846154,0.7197452229299363,0.23529411764705882,0.8904761904761904,0.3333333333333333,0.8450704225352113
0.47,0.33,0.42528735632183906,0.38235761584404937,0.25862068965517243,0.7635467980295566,0.6153846153846154,0.7197452229299363,0.3137254901960784,0.8809523809523809,0.3333333333333333,0.8450704225352113
0.47,0.35,0.4329501915708812,0.391154833944158,0.25862068965517243,0.7881773399014779,0.6153846153846154,0.7197452229299363,0.3333333333333333,0.8809523809523809,0.3541666666666667,0.8309859154929577
0.47,0.37,0.44061302681992337,0.40020569145759294,0.2413793103448276,0.8078817733990148,0.6153846153846154,0.7197452229299363,0.39215686274509803,0.8714285714285714,0.3541666666666667,0.8309859154929577
0.47,0.39,0.4444444444444444,0.4041469528280299,0.2413793103448276,0.8226600985221675,0.6153846153846154,0.7197452229299363,0.39215686274509803,0.8666666666666667,0.375,0.8262910798122066
0.47,0.41,0.4367816091954023,0.39408563134978236,0.20689655172413793,0.8226600985221675,0.6153846153846154,0.7197452229299363,0.39215686274509803,0.861904761904762,0.375,0.8215962441314554
0.47,0.43,0.4444444444444444,0.4022726958230414,0.20689655172413793,0.8472906403940886,0.6153846153846154,0.7197452229299363,0.4117647058823529,0.861904761904762,0.3958333333333333,0.8075117370892019
0.47,0.45,0.4482758620689655,0.406233752569119,0.20689655172413793,0.8571428571428571,0.6153846153846154,0.7197452229299363,0.4117647058823529,0.8571428571428571,0.4166666666666667,0.8075117370892019
0.47,0.47,0.4444444444444444,0.3995441246143775,0.1896551724137931,0.8768472906403941,0.6153846153846154,0.7197452229299363,0.4117647058823529,0.8428571428571429,0.4166666666666667,0.7981220657276995
0.47,0.49,0.4444444444444444,0.39838491669425136,0.1896551724137931,0.9064039408866995,0.6153846153846154,0.7197452229299363,0.4117647058823529,0.8285714285714286,0.4166666666666667,0.784037558685446
0.47,0.51,0.4482758620689655,0.401006241877496,0.1724137931034483,0.916256157635468,0.6153846153846154,0.7197452229299363,0.4117647058823529,0.8285714285714286,0.4583333333333333,0.7793427230046949
0.47,0.53,0.4367816091954023,0.3817249656109256,0.1206896551724138,0.9261083743842364,0.6153846153846154,0.7197452229299363,0.4117647058823529,0.8142857142857143,0.4583333333333333,0.7699530516431925
0.47,0.55,0.4367816091954023,0.38082547269675426,0.1206896551724138,0.9458128078817734,0.6153846153846154,0.7197452229299363,0.4117647058823529,0.8047619047619048,0.4583333333333333,0.7605633802816901
0.47,0.57,0.421455938697318,0.35154645170751936,0.05172413793103448,0.9556650246305419,0.6153846153846154,0.7197452229299363,0.4117647058823529,0.7857142857142857,0.4583333333333333,0.7511737089201878
0.47,0.59,0.421455938697318,0.35154645170751936,0.05172413793103448,0.9556650246305419,0.6153846153846154,0.7197452229299363,0.4117647058823529,0.7857142857142857,0.4583333333333333,0.7511737089201878
0.47,0.61,0.41762452107279696,0.343392868322946,0.034482758620689655,0.9605911330049262,0.6153846153846154,0.7197452229299363,0.4117647058823529,0.7857142857142857,0.4583333333333333,0.7417840375586855
0.47,0.63,0.41762452107279696,0.343392868322946,0.034482758620689655,0.9605911330049262,0.6153846153846154,0.7197452229299363,0.4117647058823529,0.7857142857142857,0.4583333333333333,0.7417840375586855
0.47,0.65,0.41762452107279696,0.343392868322946,0.034482758620689655,0.9605911330049262,0.6153846153846154,0.7197452229299363,0.4117647058823529,0.7857142857142857,0.4583333333333333,0.7417840375586855
0.47,0.67,0.41762452107279696,0.34291394640592043,0.034482758620689655,0.9655172413793104,0.6153846153846154,0.7197452229299363,0.4117647058823529,0.7857142857142857,0.4583333333333333,0.7370892018779343
0.47,0.69,0.41379310344827586,0.33377080379946217,0.017241379310344827,0.9753694581280788,0.6153846153846154,0.7197452229299363,0.4117647058823529,0.7857142857142857,0.4583333333333333,0.7230046948356808
0.47,0.71,0.41379310344827586,0.333134272839838,0.017241379310344827,0.9802955665024631,0.6153846153846154,0.7197452229299363,0.4117647058823529,0.780952380952381,0.4583333333333333,0.7230046948356808
0.47,0.73,0.4099616858237548,0.3237940749594468,0.0,0.9852216748768473,0.6153846153846154,0.7197452229299363,0.4117647058823529,0.7761904761904762,0.4583333333333333,0.7183098591549296
0.47,0.75,0.4099616858237548,0.32314815599291713,0.0,0.9901477832512315,0.6153846153846154,0.7197452229299363,0.4117647058823529,0.7761904761904762,0.4583333333333333,0.7136150234741784
0.47,0.77,0.4099616858237548,0.32314815599291713,0.0,0.9901477832512315,0.6153846153846154,0.7197452229299363,0.4117647058823529,0.7761904761904762,0.4583333333333333,0.7136150234741784
0.47,0.79,0.4099616858237548,0.32251202367739545,0.0,0.9950738916256158,0.6153846153846154,0.7197452229299363,0.4117647058823529,0.7761904761904762,0.4583333333333333,0.7089201877934272
0.47,0.81,0.4099616858237548,0.32251202367739545,0.0,0.9950738916256158,0.6153846153846154,0.7197452229299363,0.4117647058823529,0.7761904761904762,0.4583333333333333,0.7089201877934272
0.47,0.83,0.4099616858237548,0.32251202367739545,0.0,0.9950738916256158,0.6153846153846154,0.7197452229299363,0.4117647058823529,0.7761904761904762,0.4583333333333333,0.7089201877934272
0.47,0.85,0.4099616858237548,0.3217767295597484,0.0,1.0,0.6153846153846154,0.7197452229299363,0.4117647058823529,0.7714285714285715,0.4583333333333333,0.7089201877934272
0.47,0.87,0.4099616858237548,0.3217767295597484,0.0,1.0,0.6153846153846154,0.7197452229299363,0.4117647058823529,0.7714285714285715,0.4583333333333333,0.7089201877934272
0.47,0.89,0.4099616858237548,0.3217767295597484,0.0,1.0,0.6153846153846154,0.7197452229299363,0.4117647058823529,0.7714285714285715,0.4583333333333333,0.7089201877934272
0.47,0.91,0.4099616858237548,0.3217767295597484,0.0,1.0,0.6153846153846154,0.7197452229299363,0.4117647058823529,0.7714285714285715,0.4583333333333333,0.7089201877934272
0.47,0.93,0.4099616858237548,0.3217767295597484,0.0,1.0,0.6153846153846154,0.7197452229299363,0.4117647058823529,0.7714285714285715,0.4583333333333333,0.7089201877934272
0.47,0.95,0.4099616858237548,0.3217767295597484,0.0,1.0,0.6153846153846154,0.7197452229299363,0.4117647058823529,0.7714285714285715,0.4583333333333333,0.7089201877934272
0.49,0.05,0.36398467432950193,0.22208282472082824,0.46551724137931033,0.4236453201970443,0.6538461538461539,0.7006369426751592,0.0,1.0,0.0,0.9906103286384976
0.49,0.07,0.36398467432950193,0.22241532065698902,0.46551724137931033,0.42857142857142855,0.6538461538461539,0.7006369426751592,0.0,0.9952380952380953,0.0,0.9906103286384976
0.49,0.09,0.36015325670498083,0.22090770720907707,0.4482758620689655,0.43842364532019706,0.6538461538461539,0.7006369426751592,0.0,0.9857142857142858,0.0,0.9859154929577465
0.49,0.11,0.36398467432950193,0.2310333806554233,0.4482758620689655,0.458128078817734,0.6538461538461539,0.7006369426751592,0.0196078431372549,0.9761904761904762,0.0,0.9812206572769953
0.49,0.13,0.36015325670498083,0.24229907828941316,0.39655172413793105,0.4729064039408867,0.6538461538461539,0.7006369426751592,0.0392156862745098,0.9714285714285714,0.020833333333333332,0.9671361502347418
0.49,0.15,0.36398467432950193,0.2507753974736612,0.39655172413793105,0.4876847290640394,0.6538461538461539,0.7006369426751592,0.058823529411764705,0.9666666666666667,0.020833333333333332,0.9624413145539906
0.49,0.17,0.37547892720306514,0.2749860882537502,0.39655172413793105,0.5221674876847291,0.6538461538461539,0.7006369426751592,0.09803921568627451,0.9571428571428572,0.041666666666666664,0.9530516431924883
0.49,0.19,0.3793103448275862,0.28268338426126743,0.39655172413793105,0.5467980295566502,0.6538461538461539,0.7006369426751592,0.09803921568627451,0.9428571428571428,0.0625,0.9483568075117371
0.49,0.21,0.3946360153256705,0.31519330067559514,0.3793103448275862,0.5862068965517241,0.6538461538461539,0.7006369426751592,0.1568627450980392,0.9380952380952381,0.10416666666666667,0.9342723004694836
0.49,0.23,0.4061302681992337,0.3377875975843276,0.3620689655172414,0.625615763546798,0.6538461538461539,0.7006369426751592,0.17647058823529413,0.9285714285714286,0.16666666666666666,0.92018779342723
0.49,0.25,0.4061302681992337,0.3427089775670417,0.3103448275862069,0.6798029556650246,0.6538461538461539,0.7006369426751592,0.21568627450980393,0.9142857142857143,0.1875,0.8826291079812206
0.49,0.27,0.4099616858237548,0.3492407636192747,0.29310344827586204,0.7044334975369458,0.6538461538461539,0.7006369426751592,0.21568627450980393,0.9047619047619048,0.22916666666666666,0.8732394366197183
0.49,0.29,0.41762452107279696,0.3588410271191411,0.29310344827586204,0.7339901477832512,0.6538461538461539,0.7006369426751592,0.21568627450980393,0.8952380952380953,0.2708333333333333,0.863849765258216
0.49,0.31,0.42528735632183906,0.36999281021710023,0.25862068965517243,0.7684729064039408,0.6538461538461539,0.7006369426751592,0.23529411764705882,0.8904761904761904,0.3333333333333333,0.8450704225352113
0.49,0.33,0.4329501915708812,0.38169943395541467,0.22413793103448276,0.7881773399014779,0.6538461538461539,0.7006369426751592,0.3137254901960784,0.8809523809523809,0.3333333333333333,0.8450704225352113
0.49,0.35,0.44061302681992337,0.39073990010578613,0.22413793103448276,0.8078817733990148,0.6538461538461539,0.7006369426751592,0.3333333333333333,0.8809523809523809,0.3541666666666667,0.8356807511737089
0.49,0.37,0.4482758620689655,0.3994348150218992,0.20689655172413793,0.8275862068965517,0.6538461538461539,0.7006369426751592,0.39215686274509803,0.8714285714285714,0.3541666666666667,0.8356807511737089
0.49,0.39,0.4521072796934866,0.4033200660920242,0.20689655172413793,0.8423645320197044,0.6538461538461539,0.7006369426751592,0.39215686274509803,0.8666666666666667,0.375,0.8309859154929577
0.49,0.41,0.4482758620689655,0.39794188121471297,0.1896551724137931,0.8423645320197044,0.6538461538461539,0.7006369426751592,0.39215686274509803,0.861904761904762,0.375,0.8309859154929577
0.49,0.43,0.4521072796934866,0.40162685423423616,0.1896551724137931,0.8620689655172413,0.6538461538461539,0.7006369426751592,0.4117647058823529,0.861904761904762,0.375,0.8169014084507042
0.49,0.45,0.4559386973180077,0.4057096963746389,0.1896551724137931,0.8719211822660099,0.6538461538461539,0.7006369426751592,0.4117647058823529,0.8571428571428571,0.3958333333333333,0.8169014084507042
0.49,0.47,0.4521072796934866,0.39876966007102993,0.1724137931034483,0.8916256157635468,0.6538461538461539,0.7006369426751592,0.4117647058823529,0.8428571428571429,0.3958333333333333,0.8075117370892019
0.49,0.49,0.4521072796934866,0.39758275888412875,0.1724137931034483,0.9211822660098522,0.6538461538461539,0.7006369426751592,0.4117647058823529,0.8285714285714286,0.3958333333333333,0.7934272300469484
0.49,0.51,0.4559386973180077,0.40013418248818394,0.15517241379310345,0.9310344827586207,0.6538461538461539,0.7006369426751592,0.4117647058823529,0.8285714285714286,0.4375,0.7887323943661971
0.49,0.53,0.4444444444444444,0.3798366617369427,0.10344827586206896,0.9408866995073891,0.6538461538461539,0.7006369426751592,0.4117647058823529,0.8142857142857143,0.4375,0.7793427230046949
0.49,0.55,0.4444444444444444,0.37901097568936093,0.10344827586206896,0.9556650246305419,0.6538461538461539,0.7006369426751592,0.4117647058823529,0.8047619047619048,0.4375,0.7746478873239436
0.49,0.57,0.4329501915708812,0.3560625005788806,0.05172413793103448,0.9655172413793104,0.6538461538461539,0.7006369426751592,0.4117647058823529,0.7904761904761904,0.4375,0.7652582159624414
0.49,0.59,0.4329501915708812,0.3560625005788806,0.05172413793103448,0.9655172413793104,0.6538461538461539,0.7006369426751592,0.4117647058823529,0.7904761904761904,0.4375,0.7652582159624414
0.49,0.61,0.42911877394636017,0.3476967575874691,0.034482758620689655,0.9704433497536946,0.6538461538461539,0.7006369426751592,0.4117647058823529,0.7904761904761904,0.4375,0.755868544600939
0.49,0.63,0.42911877394636017,0.3476967575874691,0.034482758620689655,0.9704433497536946,0.6538461538461539,0.7006369426751592,0.4117647058823529,0.7904761904761904,0.4375,0.755868544600939
0.49,0.65,0.42911877394636017,0.3476967575874691,0.034482758620689655,0.9704433497536946,0.6538461538461539,0.7006369426751592,0.4117647058823529,0.7904761904761904,0.4375,0.755868544600939
0.49,0.67,0.42911877394636017,0.3472185720869289,0.034482758620689655,0.9753694581280788,0.6538461538461539,0.7006369426751592,0.4117647058823529,0.7904761904761904,0.4375,0.7511737089201878
0.49,0.69,0.42528735632183906,0.3383823102231684,0.017241379310344827,0.9802955665024631,0.6538461538461539,0.7006369426751592,0.4117647058823529,0.7904761904761904,0.4375,0.7417840375586855
0.49,0.71,0.42528735632183906,0.3383823102231684,0.017241379310344827,0.9802955665024631,0.6538461538461539,0.7006369426751592,0.4117647058823529,0.7904761904761904,0.4375,0.7417840375586855
0.49,0.73,0.421455938697318,0.3289947312961012,0.0,0.9852216748768473,0.6538461538461539,0.7006369426751592,0.4117647058823529,0.7857142857142857,0.4375,0.7370892018779343
0.49,0.75,0.421455938697318,0.3283280646294345,0.0,0.9901477832512315,0.6538461538461539,0.7006369426751592,0.4117647058823529,0.7857142857142857,0.4375,0.7323943661971831
0.49,0.77,0.421455938697318,0.3283280646294345,0.0,0.9901477832512315,0.6538461538461539,0.7006369426751592,0.4117647058823529,0.7857142857142857,0.4375,0.7323943661971831
0.49,0.79,0.421455938697318,0.3276718966504319,0.0,0.9950738916256158,0.6538461538461539,0.7006369426751592,0.4117647058823529,0.7857142857142857,0.4375,0.7276995305164319
0.49,0.81,0.421455938697318,0.3276718966504319,0.0,0.9950738916256158,0.6538461538461539,0.7006369426751592,0.4117647058823529,0.7857142857142857,0.4375,0.7276995305164319
0.49,0.83,0.421455938697318,0.3276718966504319,0.0,0.9950738916256158,0.6538461538461539,0.7006369426751592,0.4117647058823529,0.7857142857142857,0.4375,0.7276995305164319
0.49,0.85,0.421455938697318,0.32691135775429975,0.0,1.0,0.6538461538461539,0.7006369426751592,0.4117647058823529,0.780952380952381,0.4375,0.7276995305164319
0.49,0.87,0.421455938697318,0.32691135775429975,0.0,1.0,0.6538461538461539,0.7006369426751592,0.4117647058823529,0.780952380952381,0.4375,0.7276995305164319
0.49,0.89,0.421455938697318,0.32691135775429975,0.0,1.0,0.6538461538461539,0.7006369426751592,0.4117647058823529,0.780952380952381,0.4375,0.7276995305164319
0.49,0.91,0.421455938697318,0.32691135775429975,0.0,1.0,0.6538461538461539,0.7006369426751592,0.4117647058823529,0.780952380952381,0.4375,0.7276995305164319
0.49,0.93,0.421455938697318,0.32691135775429975,0.0,1.0,0.6538461538461539,0.7006369426751592,0.4117647058823529,0.780952380952381,0.4375,0.7276995305164319
0.49,0.95,0.421455938697318,0.32691135775429975,0.0,1.0,0.6538461538461539,0.7006369426751592,0.4117647058823529,0.780952380952381,0.4375,0.7276995305164319
0.51,0.05,0.3716475095785441,0.22549685363755717,0.46551724137931033,0.43842364532019706,0.6730769230769231,0.6942675159235668,0.0,1.0,0.0,0.9906103286384976
0.51,0.07,0.3716475095785441,0.22583947583947583,0.46551724137931033,0.4433497536945813,0.6730769230769231,0.6942675159235668,0.0,0.9952380952380953,0.0,0.9906103286384976
0.51,0.09,0.367816091954023,0.2243243243243243,0.4482758620689655,0.45320197044334976,0.6730769230769231,0.6942675159235668,0.0,0.9857142857142858,0.0,0.9859154929577465
0.51,0.11,0.3716475095785441,0.23449241470734997,0.4482758620689655,0.4729064039408867,0.6730769230769231,0.6942675159235668,0.0196078431372549,0.9761904761904762,0.0,0.9812206572769953
0.51,0.13,0.367816091954023,0.24569754379076414,0.39655172413793105,0.4876847290640394,0.6730769230769231,0.6942675159235668,0.0392156862745098,0.9714285714285714,0.020833333333333332,0.9671361502347418
0.51,0.15,0.3716475095785441,0.2542065646034585,0.39655172413793105,0.5024630541871922,0.6730769230769231,0.6942675159235668,0.058823529411764705,0.9666666666666667,0.020833333333333332,0.9624413145539906
0.51,0.17,0.3831417624521073,0.27850014850014854,0.39655172413793105,0.5369458128078818,0.6730769230769231,0.6942675159235668,0.09803921568627451,0.9571428571428572,0.041666666666666664,0.9530516431924883
0.51,0.19,0.38697318007662834,0.2862629707506367,0.39655172413793105,0.5615763546798029,0.6730769230769231,0.6942675159235668,0.09803921568627451,0.9428571428571428,0.0625,0.9483568075117371
0.51,0.21,0.40229885057471265,0.3188496274154937,0.3793103448275862,0.6009852216748769,0.6730769230769231,0.6942675159235668,0.1568627450980392,0.9380952380952381,0.10416666666666667,0.9342723004694836
0.51,0.23,0.41379310344827586,0.34153112557402393,0.3620689655172414,0.6403940886699507,0.6730769230769231,0.6942675159235668,0.17647058823529413,0.9285714285714286,0.16666666666666666,0.92018779342723
0.51,0.25,0.41379310344827586,0.34650309774249327,0.3103448275862069,0.6945812807881774,0.6730769230769231,0.6942675159235668,0.21568627450980393,0.9142857142857143,0.1875,0.8826291079812206
0.51,0.27,0.41762452107279696,0.3530782561553974,0.29310344827586204,0.7192118226600985,0.6730769230769231,0.6942675159235668,0.21568627450980393,0.9047619047619048,0.22916666666666666,0.8732394366197183
0.51,0.29,0.42528735632183906,0.3628163878163878,0.29310344827586204,0.7487684729064039,0.6730769230769231,0.6942675159235668,0.21568627450980393,0.8952380952380953,0.2708333333333333,0.863849765258216
0.51,0.31,0.42911877394636017,0.3691094215520211,0.25862068965517243,0.7783251231527094,0.6730769230769231,0.6942675159235668,0.23529411764705882,0.8904761904761904,0.3125,0.8450704225352113
0.51,0.33,0.4367816091954023,0.3807748936825024,0.22413793103448276,0.7980295566502463,0.6730769230769231,0.6942675159235668,0.3137254901960784,0.8809523809523809,0.3125,0.8450704225352113
0.51,0.35,0.4444444444444444,0.3900487731132893,0.22413793103448276,0.8177339901477833,0.6730769230769231,0.6942675159235668,0.3333333333333333,0.8809523809523809,0.3333333333333333,0.8356807511737089
0.51,0.37,0.4521072796934866,0.39875898197673515,0.20689655172413793,0.8374384236453202,0.6730769230769231,0.6942675159235668,0.39215686274509803,0.8714285714285714,0.3333333333333333,0.8356807511737089
0.51,0.39,0.4559386973180077,0.4028261745093428,0.20689655172413793,0.8522167487684729,0.6730769230769231,0.6942675159235668,0.39215686274509803,0.8666666666666667,0.3541666666666667,0.8309859154929577
0.51,0.41,0.4521072796934866,0.3973716290547974,0.1896551724137931,0.8522167487684729,0.6730769230769231,0.6942675159235668,0.39215686274509803,0.861904761904762,0.3541666666666667,0.8309859154929577
0.51,0.43,0.4559386973180077,0.4014339922085885,0.1896551724137931,0.8669950738916257,0.6730769230769231,0.6942675159235668,0.4117647058823529,0.861904761904762,0.3541666666666667,0.8215962441314554
0.51,0.45,0.45977011494252873,0.40564793396457977,0.1896551724137931,0.8768472906403941,0.6730769230769231,0.6942675159235668,0.4117647058823529,0.8571428571428571,0.375,0.8215962441314554
0.51,0.47,0.4559386973180077,0.398743093315915,0.1724137931034483,0.896551724137931,0.6730769230769231,0.6942675159235668,0.4117647058823529,0.8428571428571429,0.375,0.812206572769953
0.51,0.49,0.4559386973180077,0.3976896510747511,0.1724137931034483,0.9261083743842364,0.6730769230769231,0.6942675159235668,0.4117647058823529,0.8285714285714286,0.375,0.7981220657276995
0.51,0.51,0.45977011494252873,0.4004155941655942,0.15517241379310345,0.9359605911330049,0.6730769230769231,0.6942675159235668,0.4117647058823529,0.8285714285714286,0.4166666666666667,0.7934272300469484
0.51,0.53,0.4482758620689655,0.3799715504978663,0.10344827586206896,0.9458128078817734,0.6730769230769231,0.6942675159235668,0.4117647058823529,0.8142857142857143,0.4166666666666667,0.784037558685446
0.51,0.55,0.4482758620689655,0.37920120004575564,0.10344827586206896,0.9605911330049262,0.6730769230769231,0.6942675159235668,0.4117647058823529,0.8047619047619048,0.4166666666666667,0.7793427230046949
0.51,0.57,0.4367816091954023,0.356033044208546,0.05172413793103448,0.9704433497536946,0.6730769230769231,0.6942675159235668,0.4117647058823529,0.7904761904761904,0.4166666666666667,0.7699530516431925
0.51,0.59,0.4367816091954023,0.356033044208546,0.05172413793103448,0.9704433497536946,0.6730769230769231,0.6942675159235668,0.4117647058823529,0.7904761904761904,0.4166666666666667,0.7699530516431925
0.51,0.61,0.4329501915708812,0.3475931278669615,0.034482758620689655,0.9753694581280788,0.6730769230769231,0.6942675159235668,0.4117647058823529,0.7904761904761904,0.4166666666666667,0.7605633802816901
0.51,0.63,0.4329501915708812,0.3475931278669615,0.034482758620689655,0.9753694581280788,0.6730769230769231,0.6942675159235668,0.4117647058823529,0.7904761904761904,0.4166666666666667,0.7605633802816901
0.51,0.65,0.4329501915708812,0.3475931278669615,0.034482758620689655,0.9753694581280788,0.6730769230769231,0.6942675159235668,0.4117647058823529,0.7904761904761904,0.4166666666666667,0.7605633802816901
0.51,0.67,0.4329501915708812,0.3471332323703013,0.034482758620689655,0.9802955665024631,0.6730769230769231,0.6942675159235668,0.4117647058823529,0.7904761904761904,0.4166666666666667,0.755868544600939
0.51,0.69,0.42911877394636017,0.3387560350726495,0.017241379310344827,0.9802955665024631,0.6730769230769231,0.6942675159235668,0.4117647058823529,0.7904761904761904,0.4166666666666667,0.7511737089201878
0.51,0.71,0.42911877394636017,0.3387560350726495,0.017241379310344827,0.9802955665024631,0.6730769230769231,0.6942675159235668,0.4117647058823529,0.7904761904761904,0.4166666666666667,0.7511737089201878
0.51,0.73,0.42528735632183906,0.3293684605160015,0.0,0.9852216748768473,0.6730769230769231,0.6942675159235668,0.4117647058823529,0.7857142857142857,0.4166666666666667,0.7464788732394366
0.51,0.75,0.42528735632183906,0.3287020604093775,0.0,0.9901477832512315,0.6730769230769231,0.6942675159235668,0.4117647058823529,0.7857142857142857,0.4166666666666667,0.7417840375586855
0.51,0.77,0.42528735632183906,0.3287020604093775,0.0,0.9901477832512315,0.6730769230769231,0.6942675159235668,0.4117647058823529,0.7857142857142857,0.4166666666666667,0.7417840375586855
0.51,0.79,0.42528735632183906,0.32804640869157,0.0,0.9950738916256158,0.6730769230769231,0.6942675159235668,0.4117647058823529,0.7857142857142857,0.4166666666666667,0.7370892018779343
0.51,0.81,0.42528735632183906,0.32804640869157,0.0,0.9950738916256158,0.6730769230769231,0.6942675159235668,0.4117647058823529,0.7857142857142857,0.4166666666666667,0.7370892018779343
0.51,0.83,0.42528735632183906,0.32804640869157,0.0,0.9950738916256158,0.6730769230769231,0.6942675159235668,0.4117647058823529,0.7857142857142857,0.4166666666666667,0.7370892018779343
0.51,0.85,0.42528735632183906,0.32728586979543783,0.0,1.0,0.6730769230769231,0.6942675159235668,0.4117647058823529,0.780952380952381,0.4166666666666667,0.7370892018779343
0.51,0.87,0.42528735632183906,0.32728586979543783,0.0,1.0,0.6730769230769231,0.6942675159235668,0.4117647058823529,0.780952380952381,0.4166666666666667,0.7370892018779343
0.51,0.89,0.42528735632183906,0.32728586979543783,0.0,1.0,0.6730769230769231,0.6942675159235668,0.4117647058823529,0.780952380952381,0.4166666666666667,0.7370892018779343
0.51,0.91,0.42528735632183906,0.32728586979543783,0.0,1.0,0.6730769230769231,0.6942675159235668,0.4117647058823529,0.780952380952381,0.4166666666666667,0.7370892018779343
0.51,0.93,0.42528735632183906,0.32728586979543783,0.0,1.0,0.6730769230769231,0.6942675159235668,0.4117647058823529,0.780952380952381,0.4166666666666667,0.7370892018779343
0.51,0.95,0.42528735632183906,0.32728586979543783,0.0,1.0,0.6730769230769231,0.6942675159235668,0.4117647058823529,0.780952380952381,0.4166666666666667,0.7370892018779343
0.53,0.05,0.3831417624521073,0.23109977324263037,0.46551724137931033,0.45320197044334976,0.7019230769230769,0.6942675159235668,0.0,1.0,0.0,0.9906103286384976
0.53,0.07,0.3831417624521073,0.23145299145299145,0.46551724137931033,0.458128078817734,0.7019230769230769,0.6942675159235668,0.0,0.9952380952380953,0.0,0.9906103286384976
0.53,0.09,0.3793103448275862,0.22993055555555553,0.4482758620689655,0.46798029556650245,0.7019230769230769,0.6942675159235668,0.0,0.9857142857142858,0.0,0.9859154929577465
0.53,0.11,0.3831417624521073,0.2401430882169964,0.4482758620689655,0.4876847290640394,0.7019230769230769,0.6942675159235668,0.0196078431372549,0.9761904761904762,0.0,0.9812206572769953
0.53,0.13,0.3793103448275862,0.25128675937997974,0.39655172413793105,0.5024630541871922,0.7019230769230769,0.6942675159235668,0.0392156862745098,0.9714285714285714,0.020833333333333332,0.9671361502347418
0.53,0.15,0.3831417624521073,0.2598301260370758,0.39655172413793105,0.5172413793103449,0.7019230769230769,0.6942675159235668,0.058823529411764705,0.9666666666666667,0.020833333333333332,0.9624413145539906
0.53,0.17,0.3946360153256705,0.28421089246670644,0.39655172413793105,0.5517241379310345,0.7019230769230769,0.6942675159235668,0.09803921568627451,0.9571428571428572,0.041666666666666664,0.9530516431924883
0.53,0.19,0.39846743295019155,0.29204275194077367,0.39655172413793105,0.5763546798029556,0.7019230769230769,0.6942675159235668,0.09803921568627451,0.9428571428571428,0.0625,0.9483568075117371
0.53,0.21,0.41379310344827586,0.32471146377815563,0.3793103448275862,0.6157635467980296,0.7019230769230769,0.6942675159235668,0.1568627450980392,0.9380952380952381,0.10416666666666667,0.9342723004694836
0.53,0.23,0.42528735632183906,0.34748654142788554,0.3620689655172414,0.6551724137931034,0.7019230769230769,0.6942675159235668,0.17647058823529413,0.9285714285714286,0.16666666666666666,0.92018779342723
0.53,0.25,0.42528735632183906,0.3525169376693767,0.3103448275862069,0.7093596059113301,0.7019230769230769,0.6942675159235668,0.21568627450980393,0.9142857142857143,0.1875,0.8826291079812206
0.53,0.27,0.42911877394636017,0.3591403541942396,0.29310344827586204,0.7339901477832512,0.7019230769230769,0.6942675159235668,0.21568627450980393,0.9047619047619048,0.22916666666666666,0.8732394366197183
0.53,0.29,0.4367816091954023,0.3690263259775455,0.29310344827586204,0.7635467980295566,0.7019230769230769,0.6942675159235668,0.21568627450980393,0.8952380952380953,0.2708333333333333,0.863849765258216
0.53,0.31,0.44061302681992337,0.3753320553870352,0.25862068965517243,0.7931034482758621,0.7019230769230769,0.6942675159235668,0.23529411764705882,0.8904761904761904,0.3125,0.8450704225352113
0.53,0.33,0.4482758620689655,0.3869367714842884,0.22413793103448276,0.812807881773399,0.7019230769230769,0.6942675159235668,0.3137254901960784,0.8809523809523809,0.3125,0.8450704225352113
0.53,0.35,0.4559386973180077,0.3963329143974305,0.22413793103448276,0.8325123152709359,0.7019230769230769,0.6942675159235668,0.3333333333333333,0.8809523809523809,0.3333333333333333,0.8356807511737089
0.53,0.37,0.46360153256704983,0.40507111935683365,0.20689655172413793,0.8522167487684729,0.7019230769230769,0.6942675159235668,0.39215686274509803,0.8714285714285714,0.3333333333333333,0.8356807511737089
0.53,0.39,0.4674329501915709,0.40924640917700017,0.20689655172413793,0.8669950738916257,0.7019230769230769,0.6942675159235668,0.39215686274509803,0.8666666666666667,0.3541666666666667,0.8309859154929577
0.53,0.41,0.46360153256704983,0.40367230473047305,0.1896551724137931,0.8669950738916257,0.7019230769230769,0.6942675159235668,0.39215686274509803,0.861904761904762,0.3541666666666667,0.8309859154929577
0.53,0.43,0.4674329501915709,0.40784667505272293,0.1896551724137931,0.8817733990147784,0.7019230769230769,0.6942675159235668,0.4117647058823529,0.861904761904762,0.3541666666666667,0.8215962441314554
0.53,0.45,0.47126436781609193,0.4121414206708325,0.1896551724137931,0.8916256157635468,0.7019230769230769,0.6942675159235668,0.4117647058823529,0.8571428571428571,0.375,0.8215962441314554
0.53,0.47,0.4674329501915709,0.4055606854289352,0.1724137931034483,0.9064039408866995,0.7019230769230769,0.6942675159235668,0.4117647058823529,0.8476190476190476,0.375,0.812206572769953
0.53,0.49,0.4674329501915709,0.4046502657448955,0.1724137931034483,0.9359605911330049,0.7019230769230769,0.6942675159235668,0.4117647058823529,0.8333333333333334,0.375,0.7981220657276995
0.53,0.51,0.47126436781609193,0.40733108532173956,0.15517241379310345,0.9458128078817734,0.7019230769230769,0.6942675159235668,0.4117647058823529,0.8333333333333334,0.4166666666666667,0.7934272300469484
0.53,0.53,0.45977011494252873,0.3864919563333406,0.10344827586206896,0.9556650246305419,0.7019230769230769,0.6942675159235668,0.4117647058823529,0.819047619047619,0.4166666666666667,0.784037558685446
0.53,0.55,0.45977011494252873,0.3857858868184955,0.10344827586206896,0.9704433497536946,0.7019230769230769,0.6942675159235668,0.4117647058823529,0.8095238095238095,0.4166666666666667,0.7793427230046949
0.53,0.57,0.4482758620689655,0.36207357859531775,0.05172413793103448,0.9802955665024631,0.7019230769230769,0.6942675159235668,0.4117647058823529,0.7952380952380952,0.4166666666666667,0.7699530516431925
0.53,0.59,0.4482758620689655,0.36207357859531775,0.05172413793103448,0.9802955665024631,0.7019230769230769,0.6942675159235668,0.4117647058823529,0.7952380952380952,0.4166666666666667,0.7699530516431925
0.53,0.61,0.4444444444444444,0.35343319936670325,0.034482758620689655,0.9852216748768473,0.7019230769230769,0.6942675159235668,0.4117647058823529,0.7952380952380952,0.4166666666666667,0.7605633802816901
0.53,0.63,0.4444444444444444,0.35343319936670325,0.034482758620689655,0.9852216748768473,0.7019230769230769,0.6942675159235668,0.4117647058823529,0.7952380952380952,0.4166666666666667,0.7605633802816901
0.53,0.65,0.4444444444444444,0.35343319936670325,0.034482758620689655,0.9852216748768473,0.7019230769230769,0.6942675159235668,0.4117647058823529,0.7952380952380952,0.4166666666666667,0.7605633802816901
0.53,0.67,0.4444444444444444,0.35343319936670325,0.034482758620689655,0.9852216748768473,0.7019230769230769,0.6942675159235668,0.4117647058823529,0.7952380952380952,0.4166666666666667,0.7605633802816901
0.53,0.69,0.44061302681992337,0.3449244195106747,0.017241379310344827,0.9852216748768473,0.7019230769230769,0.6942675159235668,0.4117647058823529,0.7952380952380952,0.4166666666666667,0.755868544600939
0.53,0.71,0.44061302681992337,0.3449244195106747,0.017241379310344827,0.9852216748768473,0.7019230769230769,0.6942675159235668,0.4117647058823529,0.7952380952380952,0.4166666666666667,0.755868544600939
0.53,0.73,0.4367816091954023,0.3361711981474827,0.0,0.9852216748768473,0.7019230769230769,0.6942675159235668,0.4117647058823529,0.7952380952380952,0.4166666666666667,0.7511737089201878
0.53,0.75,0.4367816091954023,0.3354937831630632,0.0,0.9901477832512315,0.7019230769230769,0.6942675159235668,0.4117647058823529,0.7952380952380952,0.4166666666666667,0.7464788732394366
0.53,0.77,0.4367816091954023,0.3354937831630632,0.0,0.9901477832512315,0.7019230769230769,0.6942675159235668,0.4117647058823529,0.7952380952380952,0.4166666666666667,0.7464788732394366
0.53,0.79,0.4367816091954023,0.3348273830564392,0.0,0.9950738916256158,0.7019230769230769,0.6942675159235668,0.4117647058823529,0.7952380952380952,0.4166666666666667,0.7417840375586855
0.53,0.81,0.4367816091954023,0.3348273830564392,0.0,0.9950738916256158,0.7019230769230769,0.6942675159235668,0.4117647058823529,0.7952380952380952,0.4166666666666667,0.7417840375586855
0.53,0.83,0.4367816091954023,0.3348273830564392,0.0,0.9950738916256158,0.7019230769230769,0.6942675159235668,0.4117647058823529,0.7952380952380952,0.4166666666666667,0.7417840375586855
0.53,0.85,0.4367816091954023,0.3340402766096626,0.0,1.0,0.7019230769230769,0.6942675159235668,0.4117647058823529,0.7904761904761904,0.4166666666666667,0.7417840375586855
0.53,0.87,0.4367816091954023,0.3340402766096626,0.0,1.0,0.7019230769230769,0.6942675159235668,0.4117647058823529,0.7904761904761904,0.4166666666666667,0.7417840375586855
0.53,0.89,0.4367816091954023,0.3340402766096626,0.0,1.0,0.7019230769230769,0.6942675159235668,0.4117647058823529,0.7904761904761904,0.4166666666666667,0.7417840375586855
0.53,0.91,0.4367816091954023,0.3340402766096626,0.0,1.0,0.7019230769230769,0.6942675159235668,0.4117647058823529,0.7904761904761904,0.4166666666666667,0.7417840375586855
0.53,0.93,0.4367816091954023,0.3340402766096626,0.0,1.0,0.7019230769230769,0.6942675159235668,0.4117647058823529,0.7904761904761904,0.4166666666666667,0.7417840375586855
0.53,0.95,0.4367816091954023,0.3340402766096626,0.0,1.0,0.7019230769230769,0.6942675159235668,0.4117647058823529,0.7904761904761904,0.4166666666666667,0.7417840375586855
0.55,0.05,0.39846743295019155,0.23807193262007742,0.46551724137931033,0.47783251231527096,0.7403846153846154,0.6878980891719745,0.0,1.0,0.0,0.9906103286384976
0.55,0.07,0.39846743295019155,0.23844393592677346,0.46551724137931033,0.4827586206896552,0.7403846153846154,0.6878980891719745,0.0,0.9952380952380953,0.0,0.9906103286384976
0.55,0.09,0.3946360153256705,0.2369100209253662,0.4482758620689655,0.49261083743842365,0.7403846153846154,0.6878980891719745,0.0,0.9857142857142858,0.0,0.9859154929577465
0.55,0.11,0.39846743295019155,0.2472014855385077,0.4482758620689655,0.5123152709359606,0.7403846153846154,0.6878980891719745,0.0196078431372549,0.9761904761904762,0.0,0.9812206572769953
0.55,0.13,0.3946360153256705,0.2582407797311998,0.39655172413793105,0.5270935960591133,0.7403846153846154,0.6878980891719745,0.0392156862745098,0.9714285714285714,0.020833333333333332,0.9671361502347418
0.55,0.15,0.39846743295019155,0.2668453521298022,0.39655172413793105,0.541871921182266,0.7403846153846154,0.6878980891719745,0.058823529411764705,0.9666666666666667,0.020833333333333332,0.9624413145539906
0.55,0.17,0.4099616858237548,0.29138178492513306,0.39655172413793105,0.5763546798029556,0.7403846153846154,0.6878980891719745,0.09803921568627451,0.9571428571428572,0.041666666666666664,0.9530516431924883
0.55,0.19,0.41379310344827586,0.29933721293826343,0.39655172413793105,0.6009852216748769,0.7403846153846154,0.6878980891719745,0.09803921568627451,0.9428571428571428,0.0625,0.9483568075117371
0.55,0.21,0.42911877394636017,0.33215571757580387,0.3793103448275862,0.6403940886699507,0.7403846153846154,0.6878980891719745,0.1568627450980392,0.9380952380952381,0.10416666666666667,0.9342723004694836
0.55,0.23,0.44061302681992337,0.35510249156243795,0.3620689655172414,0.6798029556650246,0.7403846153846154,0.6878980891719745,0.17647058823529413,0.9285714285714286,0.16666666666666666,0.92018779342723
0.55,0.25,0.44061302681992337,0.3602501223590831,0.3103448275862069,0.7339901477832512,0.7403846153846154,0.6878980891719745,0.21568627450980393,0.9142857142857143,0.1875,0.8826291079812206
0.55,0.27,0.4444444444444444,0.36696635054840065,0.29310344827586204,0.7586206896551724,0.7403846153846154,0.6878980891719745,0.21568627450980393,0.9047619047619048,0.22916666666666666,0.8732394366197183
0.55,0.29,0.4521072796934866,0.37712361535132355,0.29310344827586204,0.7881773399014779,0.7403846153846154,0.6878980891719745,0.21568627450980393,0.8952380952380953,0.2708333333333333,0.863849765258216
0.55,0.31,0.4559386973180077,0.38346556439010937,0.25862068965517243,0.8177339901477833,0.7403846153846154,0.6878980891719745,0.23529411764705882,0.8904761904761904,0.3125,0.8450704225352113
0.55,0.33,0.46360153256704983,0.3949728260869565,0.22413793103448276,0.8374384236453202,0.7403846153846154,0.6878980891719745,0.3137254901960784,0.8809523809523809,0.3125,0.8450704225352113
0.55,0.35,0.47126436781609193,0.4047782425149805,0.22413793103448276,0.8522167487684729,0.7403846153846154,0.6878980891719745,0.3333333333333333,0.8809523809523809,0.3333333333333333,0.8403755868544601
0.55,0.37,0.4789272030651341,0.4135647737355812,0.20689655172413793,0.8719211822660099,0.7403846153846154,0.6878980891719745,0.39215686274509803,0.8714285714285714,0.3333333333333333,0.8403755868544601
0.55,0.39,0.4827586206896552,0.4179175343901852,0.20689655172413793,0.8866995073891626,0.7403846153846154,0.6878980891719745,0.39215686274509803,0.8666666666666667,0.3541666666666667,0.8356807511737089
0.55,0.41,0.4789272030651341,0.41217391304347833,0.1896551724137931,0.8866995073891626,0.7403846153846154,0.6878980891719745,0.39215686274509803,0.861904761904762,0.3541666666666667,0.8356807511737089
0.55,0.43,0.4827586206896552,0.4164827865297521,0.1896551724137931,0.9014778325123153,0.7403846153846154,0.6878980891719745,0.4117647058823529,0.861904761904762,0.3541666666666667,0.8262910798122066
0.55,0.45,0.48659003831417624,0.42092951239971105,0.1896551724137931,0.9113300492610837,0.7403846153846154,0.6878980891719745,0.4117647058823529,0.8571428571428571,0.375,0.8262910798122066
0.55,0.47,0.4827586206896552,0.41430809237907196,0.1724137931034483,0.9261083743842364,0.7403846153846154,0.6878980891719745,0.4117647058823529,0.8476190476190476,0.375,0.8169014084507042
0.55,0.49,0.4827586206896552,0.4137905437377197,0.1724137931034483,0.9556650246305419,0.7403846153846154,0.6878980891719745,0.4117647058823529,0.8333333333333334,0.375,0.8028169014084507
0.55,0.51,0.4827586206896552,0.41188578183295776,0.15517241379310345,0.9605911330049262,0.7403846153846154,0.6878980891719745,0.4117647058823529,0.8333333333333334,0.3958333333333333,0.7981220657276995
0.55,0.53,0.47126436781609193,0.390524421230943,0.10344827586206896,0.9704433497536946,0.7403846153846154,0.6878980891719745,0.4117647058823529,0.819047619047619,0.3958333333333333,0.7887323943661971
0.55,0.55,0.47126436781609193,0.39017434246142124,0.10344827586206896,0.9802955665024631,0.7403846153846154,0.6878980891719745,0.4117647058823529,0.8142857142857143,0.3958333333333333,0.784037558685446
0.55,0.57,0.45977011494252873,0.3659147869674185,0.05172413793103448,0.9901477832512315,0.7403846153846154,0.6878980891719745,0.4117647058823529,0.8,0.3958333333333333,0.7746478873239436
0.55,0.59,0.45977011494252873,0.3659147869674185,0.05172413793103448,0.9901477832512315,0.7403846153846154,0.6878980891719745,0.4117647058823529,0.8,0.3958333333333333,0.7746478873239436
0.55,0.61,0.4559386973180077,0.3575221514879233,0.034482758620689655,0.9901477832512315,0.7403846153846154,0.6878980891719745,0.4117647058823529,0.8,0.3958333333333333,0.7699530516431925
0.55,0.63,0.4559386973180077,0.3575221514879233,0.034482758620689655,0.9901477832512315,0.7403846153846154,0.6878980891719745,0.4117647058823529,0.8,0.3958333333333333,0.7699530516431925
0.55,0.65,0.4559386973180077,0.3575221514879233,0.034482758620689655,0.9901477832512315,0.7403846153846154,0.6878980891719745,0.4117647058823529,0.8,0.3958333333333333,0.7699530516431925
0.55,0.67,0.4559386973180077,0.3575221514879233,0.034482758620689655,0.9901477832512315,0.7403846153846154,0.6878980891719745,0.4117647058823529,0.8,0.3958333333333333,0.7699530516431925
0.55,0.69,0.4521072796934866,0.3488898700137774,0.017241379310344827,0.9901477832512315,0.7403846153846154,0.6878980891719745,0.4117647058823529,0.8,0.3958333333333333,0.7652582159624414
0.55,0.71,0.4521072796934866,0.3488898700137774,0.017241379310344827,0.9901477832512315,0.7403846153846154,0.6878980891719745,0.4117647058823529,0.8,0.3958333333333333,0.7652582159624414
0.55,0.73,0.4482758620689655,0.340005042081992,0.0,0.9901477832512315,0.7403846153846154,0.6878980891719745,0.4117647058823529,0.8,0.3958333333333333,0.7605633802816901
0.55,0.75,0.4482758620689655,0.33932850027883005,0.0,0.9950738916256158,0.7403846153846154,0.6878980891719745,0.4117647058823529,0.8,0.3958333333333333,0.755868544600939
0.55,0.77,0.4482758620689655,0.33932850027883005,0.0,0.9950738916256158,0.7403846153846154,0.6878980891719745,0.4117647058823529,0.8,0.3958333333333333,0.755868544600939
0.55,0.79,0.4482758620689655,0.33932850027883005,0.0,0.9950738916256158,0.7403846153846154,0.6878980891719745,0.4117647058823529,0.8,0.3958333333333333,0.755868544600939
0.55,0.81,0.4482758620689655,0.33932850027883005,0.0,0.9950738916256158,0.7403846153846154,0.6878980891719745,0.4117647058823529,0.8,0.3958333333333333,0.755868544600939
0.55,0.83,0.4482758620689655,0.33932850027883005,0.0,0.9950738916256158,0.7403846153846154,0.6878980891719745,0.4117647058823529,0.8,0.3958333333333333,0.755868544600939
0.55,0.85,0.4482758620689655,0.3385275849470223,0.0,1.0,0.7403846153846154,0.6878980891719745,0.4117647058823529,0.7952380952380952,0.3958333333333333,0.755868544600939
0.55,0.87,0.4482758620689655,0.3385275849470223,0.0,1.0,0.7403846153846154,0.6878980891719745,0.4117647058823529,0.7952380952380952,0.3958333333333333,0.755868544600939
0.55,0.89,0.4482758620689655,0.3385275849470223,0.0,1.0,0.7403846153846154,0.6878980891719745,0.4117647058823529,0.7952380952380952,0.3958333333333333,0.755868544600939
0.55,0.91,0.4482758620689655,0.3385275849470223,0.0,1.0,0.7403846153846154,0.6878980891719745,0.4117647058823529,0.7952380952380952,0.3958333333333333,0.755868544600939
0.55,0.93,0.4482758620689655,0.3385275849470223,0.0,1.0,0.7403846153846154,0.6878980891719745,0.4117647058823529,0.7952380952380952,0.3958333333333333,0.755868544600939
0.55,0.95,0.4482758620689655,0.3385275849470223,0.0,1.0,0.7403846153846154,0.6878980891719745,0.4117647058823529,0.7952380952380952,0.3958333333333333,0.755868544600939
0.57,0.05,0.4099616858237548,0.24223289865019446,0.4482758620689655,0.4975369458128079,0.7788461538461539,0.6815286624203821,0.0,1.0,0.0,0.9906103286384976
0.57,0.07,0.4099616858237548,0.24261069580218517,0.4482758620689655,0.5024630541871922,0.7788461538461539,0.6815286624203821,0.0,0.9952380952380953,0.0,0.9906103286384976
0.57,0.09,0.4061302681992337,0.24102174421323358,0.43103448275862066,0.5123152709359606,0.7788461538461539,0.6815286624203821,0.0,0.9857142857142858,0.0,0.9859154929577465
0.57,0.11,0.4099616858237548,0.2513370744575999,0.43103448275862066,0.5320197044334976,0.7788461538461539,0.6815286624203821,0.0196078431372549,0.9761904761904762,0.0,0.9812206572769953
0.57,0.13,0.4061302681992337,0.26217163787495223,0.3793103448275862,0.5467980295566502,0.7788461538461539,0.6815286624203821,0.0392156862745098,0.9714285714285714,0.020833333333333332,0.9671361502347418
0.57,0.15,0.4099616858237548,0.27079127668735226,0.3793103448275862,0.5615763546798029,0.7788461538461539,0.6815286624203821,0.058823529411764705,0.9666666666666667,0.020833333333333332,0.9624413145539906
0.57,0.17,0.421455938697318,0.2953698652280213,0.3793103448275862,0.5960591133004927,0.7788461538461539,0.6815286624203821,0.09803921568627451,0.9571428571428572,0.041666666666666664,0.9530516431924883
0.57,0.19,0.42528735632183906,0.3033623740688805,0.3793103448275862,0.6206896551724138,0.7788461538461539,0.6815286624203821,0.09803921568627451,0.9428571428571428,0.0625,0.9483568075117371
0.57,0.21,0.44061302681992337,0.3361553598692373,0.3620689655172414,0.6600985221674877,0.7788461538461539,0.6815286624203821,0.1568627450980392,0.9380952380952381,0.10416666666666667,0.9342723004694836
0.57,0.23,0.4521072796934866,0.3590773921230256,0.3448275862068966,0.6995073891625616,0.7788461538461539,0.6815286624203821,0.17647058823529413,0.9285714285714286,0.16666666666666666,0.92018779342723
0.57,0.25,0.4521072796934866,0.3639684743124027,0.29310344827586204,0.7536945812807881,0.7788461538461539,0.6815286624203821,0.21568627450980393,0.9142857142857143,0.1875,0.8826291079812206
0.57,0.27,0.4559386973180077,0.37059397539201777,0.27586206896551724,0.7783251231527094,0.7788461538461539,0.6815286624203821,0.21568627450980393,0.9047619047619048,0.22916666666666666,0.8732394366197183
0.57,0.29,0.46360153256704983,0.3808352984073188,0.27586206896551724,0.8078817733990148,0.7788461538461539,0.6815286624203821,0.21568627450980393,0.8952380952380953,0.2708333333333333,0.863849765258216
0.57,0.31,0.4674329501915709,0.3868995340590467,0.2413793103448276,0.8374384236453202,0.7788461538461539,0.6815286624203821,0.23529411764705882,0.8904761904761904,0.3125,0.8450704225352113
0.57,0.33,0.47509578544061304,0.3980280078771059,0.20689655172413793,0.8571428571428571,0.7788461538461539,0.6815286624203821,0.3137254901960784,0.8809523809523809,0.3125,0.8450704225352113
0.57,0.35,0.4827586206896552,0.40787092805550496,0.20689655172413793,0.8719211822660099,0.7788461538461539,0.6815286624203821,0.3333333333333333,0.8809523809523809,0.3333333333333333,0.8403755868544601
0.57,0.37,0.4942528735632184,0.42228325340264183,0.20689655172413793,0.8916256157635468,0.7788461538461539,0.6815286624203821,0.39215686274509803,0.8761904761904762,0.3333333333333333,0.8403755868544601
0.57,0.39,0.49808429118773945,0.4267969721955242,0.20689655172413793,0.9064039408866995,0.7788461538461539,0.6815286624203821,0.39215686274509803,0.8714285714285714,0.3541666666666667,0.8356807511737089
0.57,0.41,0.4942528735632184,0.42085052654201593,0.1896551724137931,0.9064039408866995,0.7788461538461539,0.6815286624203821,0.39215686274509803,0.8666666666666667,0.3541666666666667,0.8356807511737089
0.57,0.43,0.49808429118773945,0.4253796412181894,0.1896551724137931,0.9211822660098522,0.7788461538461539,0.6815286624203821,0.4117647058823529,0.8666666666666667,0.3541666666666667,0.8262910798122066
0.57,0.45,0.5019157088122606,0.42994452258918175,0.1896551724137931,0.9310344827586207,0.7788461538461539,0.6815286624203821,0.4117647058823529,0.861904761904762,0.375,0.8262910798122066
0.57,0.47,0.49808429118773945,0.4235484586026931,0.1724137931034483,0.9359605911330049,0.7788461538461539,0.6815286624203821,0.4117647058823529,0.8571428571428571,0.375,0.8215962441314554
0.57,0.49,0.49808429118773945,0.42303555959348393,0.1724137931034483,0.9605911330049262,0.7788461538461539,0.6815286624203821,0.4117647058823529,0.8428571428571429,0.375,0.812206572769953
0.57,0.51,0.49808429118773945,0.42111419930568866,0.15517241379310345,0.9655172413793104,0.7788461538461539,0.6815286624203821,0.4117647058823529,0.8428571428571429,0.3958333333333333,0.8075117370892019
0.57,0.53,0.48659003831417624,0.3994045449873387,0.10344827586206896,0.9753694581280788,0.7788461538461539,0.6815286624203821,0.4117647058823529,0.8285714285714286,0.3958333333333333,0.7981220657276995
0.57,0.55,0.48659003831417624,0.39903240574984333,0.10344827586206896,0.9852216748768473,0.7788461538461539,0.6815286624203821,0.4117647058823529,0.8238095238095238,0.3958333333333333,0.7934272300469484
0.57,0.57,0.47509578544061304,0.3743547703791887,0.05172413793103448,0.9950738916256158,0.7788461538461539,0.6815286624203821,0.4117647058823529,0.8095238095238095,0.3958333333333333,0.784037558685446
0.57,0.59,0.47509578544061304,0.3743547703791887,0.05172413793103448,0.9950738916256158,0.7788461538461539,0.6815286624203821,0.4117647058823529,0.8095238095238095,0.3958333333333333,0.784037558685446
0.57,0.61,0.47126436781609193,0.365817201488199,0.034482758620689655,0.9950738916256158,0.7788461538461539,0.6815286624203821,0.4117647058823529,0.8095238095238095,0.3958333333333333,0.7793427230046949
0.57,0.63,0.47126436781609193,0.365817201488199,0.034482758620689655,0.9950738916256158,0.7788461538461539,0.6815286624203821,0.4117647058823529,0.8095238095238095,0.3958333333333333,0.7793427230046949
0.57,0.65,0.47126436781609193,0.365817201488199,0.034482758620689655,0.9950738916256158,0.7788461538461539,0.6815286624203821,0.4117647058823529,0.8095238095238095,0.3958333333333333,0.7793427230046949
0.57,0.67,0.47126436781609193,0.365817201488199,0.034482758620689655,0.9950738916256158,0.7788461538461539,0.6815286624203821,0.4117647058823529,0.8095238095238095,0.3958333333333333,0.7793427230046949
0.57,0.69,0.4674329501915709,0.35703245451742216,0.017241379310344827,0.9950738916256158,0.7788461538461539,0.6815286624203821,0.4117647058823529,0.8095238095238095,0.3958333333333333,0.7746478873239436
0.57,0.71,0.4674329501915709,0.35703245451742216,0.017241379310344827,0.9950738916256158,0.7788461538461539,0.6815286624203821,0.4117647058823529,0.8095238095238095,0.3958333333333333,0.7746478873239436
0.57,0.73,0.46360153256704983,0.34798697725605277,0.0,0.9950738916256158,0.7788461538461539,0.6815286624203821,0.4117647058823529,0.8095238095238095,0.3958333333333333,0.7699530516431925
0.57,0.75,0.46360153256704983,0.34728700672849605,0.0,1.0,0.7788461538461539,0.6815286624203821,0.4117647058823529,0.8095238095238095,0.3958333333333333,0.7652582159624414
0.57,0.77,0.46360153256704983,0.34728700672849605,0.0,1.0,0.7788461538461539,0.6815286624203821,0.4117647058823529,0.8095238095238095,0.3958333333333333,0.7652582159624414
0.57,0.79,0.46360153256704983,0.34728700672849605,0.0,1.0,0.7788461538461539,0.6815286624203821,0.4117647058823529,0.8095238095238095,0.3958333333333333,0.7652582159624414
0.57,0.81,0.46360153256704983,0.34728700672849605,0.0,1.0,0.7788461538461539,0.6815286624203821,0.4117647058823529,0.8095238095238095,0.3958333333333333,0.7652582159624414
0.57,0.83,0.46360153256704983,0.34728700672849605,0.0,1.0,0.7788461538461539,0.6815286624203821,0.4117647058823529,0.8095238095238095,0.3958333333333333,0.7652582159624414
0.57,0.85,0.46360153256704983,0.34728700672849605,0.0,1.0,0.7788461538461539,0.6815286624203821,0.4117647058823529,0.8095238095238095,0.3958333333333333,0.7652582159624414
0.57,0.87,0.46360153256704983,0.34728700672849605,0.0,1.0,0.7788461538461539,0.6815286624203821,0.4117647058823529,0.8095238095238095,0.3958333333333333,0.7652582159624414
0.57,0.89,0.46360153256704983,0.34728700672849605,0.0,1.0,0.7788461538461539,0.6815286624203821,0.4117647058823529,0.8095238095238095,0.3958333333333333,0.7652582159624414
0.57,0.91,0.46360153256704983,0.34728700672849605,0.0,1.0,0.7788461538461539,0.6815286624203821,0.4117647058823529,0.8095238095238095,0.3958333333333333,0.7652582159624414
0.57,0.93,0.46360153256704983,0.34728700672849605,0.0,1.0,0.7788461538461539,0.6815286624203821,0.4117647058823529,0.8095238095238095,0.3958333333333333,0.7652582159624414
0.57,0.95,0.46360153256704983,0.34728700672849605,0.0,1.0,0.7788461538461539,0.6815286624203821,0.4117647058823529,0.8095238095238095,0.3958333333333333,0.7652582159624414
0.59,0.05,0.4061302681992337,0.23882085855806273,0.43103448275862066,0.5024630541871922,0.7788461538461539,0.6687898089171974,0.0,1.0,0.0,0.9906103286384976
0.59,0.07,0.4061302681992337,0.23919208687832882,0.43103448275862066,0.5073891625615764,0.7788461538461539,0.6687898089171974,0.0,0.9952380952380953,0.0,0.9906103286384976
0.59,0.09,0.40229885057471265,0.23755274261603376,0.41379310344827586,0.5172413793103449,0.7788461538461539,0.6687898089171974,0.0,0.9857142857142858,0.0,0.9859154929577465
0.59,0.11,0.4061302681992337,0.24783982395574666,0.41379310344827586,0.5369458128078818,0.7788461538461539,0.6687898089171974,0.0196078431372549,0.9761904761904762,0.0,0.9812206572769953
0.59,0.13,0.40229885057471265,0.25852850580266434,0.3620689655172414,0.5517241379310345,0.7788461538461539,0.6687898089171974,0.0392156862745098,0.9714285714285714,0.020833333333333332,0.9671361502347418
0.59,0.15,0.4061302681992337,0.26712242120536067,0.3620689655172414,0.5665024630541872,0.7788461538461539,0.6687898089171974,0.058823529411764705,0.9666666666666667,0.020833333333333332,0.9624413145539906
0.59,0.17,0.41762452107279696,0.29163928107757225,0.3620689655172414,0.6009852216748769,0.7788461538461539,0.6687898089171974,0.09803921568627451,0.9571428571428572,0.041666666666666664,0.9530516431924883
0.59,0.19,0.421455938697318,0.29958626570268776,0.3620689655172414,0.625615763546798,0.7788461538461539,0.6687898089171974,0.09803921568627451,0.9428571428571428,0.0625,0.9483568075117371
0.59,0.21,0.4367816091954023,0.33224821502567503,0.3448275862068966,0.6650246305418719,0.7788461538461539,0.6687898089171974,0.1568627450980392,0.9380952380952381,0.10416666666666667,0.9342723004694836
0.59,0.23,0.4482758620689655,0.35502366219074294,0.3275862068965517,0.7044334975369458,0.7788461538461539,0.6687898089171974,0.17647058823529413,0.9285714285714286,0.16666666666666666,0.92018779342723
0.59,0.25,0.4482758620689655,0.359554775136359,0.27586206896551724,0.7586206896551724,0.7788461538461539,0.6687898089171974,0.21568627450980393,0.9142857142857143,0.1875,0.8826291079812206
0.59,0.27,0.4521072796934866,0.3660152991557315,0.25862068965517243,0.7832512315270936,0.7788461538461539,0.6687898089171974,0.21568627450980393,0.9047619047619048,0.22916666666666666,0.8732394366197183
0.59,0.29,0.45977011494252873,0.3761520562153473,0.25862068965517243,0.812807881773399,0.7788461538461539,0.6687898089171974,0.21568627450980393,0.8952380952380953,0.2708333333333333,0.863849765258216
0.59,0.31,0.45977011494252873,0.376837728336148,0.22413793103448276,0.8374384236453202,0.7788461538461539,0.6687898089171974,0.23529411764705882,0.8904761904761904,0.2916666666666667,0.8450704225352113
0.59,0.33,0.47126436781609193,0.3930884349938314,0.20689655172413793,0.8571428571428571,0.7788461538461539,0.6687898089171974,0.3137254901960784,0.8857142857142857,0.2916666666666667,0.8450704225352113
0.59,0.35,0.4789272030651341,0.40309696792605915,0.20689655172413793,0.8719211822660099,0.7788461538461539,0.6687898089171974,0.3333333333333333,0.8857142857142857,0.3125,0.8403755868544601
0.59,0.37,0.4904214559386973,0.41758972154924756,0.20689655172413793,0.8916256157635468,0.7788461538461539,0.6687898089171974,0.39215686274509803,0.8809523809523809,0.3125,0.8403755868544601
0.59,0.39,0.4942528735632184,0.4222026705996812,0.20689655172413793,0.9064039408866995,0.7788461538461539,0.6687898089171974,0.39215686274509803,0.8761904761904762,0.3333333333333333,0.8356807511737089
0.59,0.41,0.4904214559386973,0.41623497308397855,0.1896551724137931,0.9064039408866995,0.7788461538461539,0.6687898089171974,0.39215686274509803,0.8714285714285714,0.3333333333333333,0.8356807511737089
0.59,0.43,0.4942528735632184,0.4208604851549936,0.1896551724137931,0.9211822660098522,0.7788461538461539,0.6687898089171974,0.4117647058823529,0.8714285714285714,0.3333333333333333,0.8262910798122066
0.59,0.45,0.49808429118773945,0.42548446952366425,0.1896551724137931,0.9310344827586207,0.7788461538461539,0.6687898089171974,0.4117647058823529,0.8666666666666667,0.3541666666666667,0.8262910798122066
0.59,0.47,0.4942528735632184,0.41909913889535966,0.1724137931034483,0.9359605911330049,0.7788461538461539,0.6687898089171974,0.4117647058823529,0.861904761904762,0.3541666666666667,0.8215962441314554
0.59,0.49,0.4942528735632184,0.418589469047497,0.1724137931034483,0.9605911330049262,0.7788461538461539,0.6687898089171974,0.4117647058823529,0.8476190476190476,0.3541666666666667,0.812206572769953
0.59,0.51,0.4942528735632184,0.4167705747544267,0.15517241379310345,0.9655172413793104,0.7788461538461539,0.6687898089171974,0.4117647058823529,0.8476190476190476,0.375,0.8075117370892019
0.59,0.53,0.4827586206896552,0.3950639852798772,0.10344827586206896,0.9753694581280788,0.7788461538461539,0.6687898089171974,0.4117647058823529,0.8333333333333334,0.375,0.7981220657276995
0.59,0.55,0.4827586206896552,0.3947025993927562,0.10344827586206896,0.9852216748768473,0.7788461538461539,0.6687898089171974,0.4117647058823529,0.8285714285714286,0.375,0.7934272300469484
0.59,0.57,0.47126436781609193,0.37003136178820134,0.05172413793103448,0.9950738916256158,0.7788461538461539,0.6687898089171974,0.4117647058823529,0.8142857142857143,0.375,0.784037558685446
0.59,0.59,0.47126436781609193,0.37003136178820134,0.05172413793103448,0.9950738916256158,0.7788461538461539,0.6687898089171974,0.4117647058823529,0.8142857142857143,0.375,0.784037558685446
0.59,0.61,0.4674329501915709,0.3615201308660275,0.034482758620689655,0.9950738916256158,0.7788461538461539,0.6687898089171974,0.4117647058823529,0.8142857142857143,0.375,0.7793427230046949
0.59,0.63,0.4674329501915709,0.3615201308660275,0.034482758620689655,0.9950738916256158,0.7788461538461539,0.6687898089171974,0.4117647058823529,0.8142857142857143,0.375,0.7793427230046949
0.59,0.65,0.4674329501915709,0.3615201308660275,0.034482758620689655,0.9950738916256158,0.7788461538461539,0.6687898089171974,0.4117647058823529,0.8142857142857143,0.375,0.7793427230046949
0.59,0.67,0.4674329501915709,0.3615201308660275,0.034482758620689655,0.9950738916256158,0.7788461538461539,0.6687898089171974,0.4117647058823529,0.8142857142857143,0.375,0.7793427230046949
0.59,0.69,0.46360153256704983,0.3527613722983477,0.017241379310344827,0.9950738916256158,0.7788461538461539,0.6687898089171974,0.4117647058823529,0.8142857142857143,0.375,0.7746478873239436
0.59,0.71,0.46360153256704983,0.3527613722983477,0.017241379310344827,0.9950738916256158,0.7788461538461539,0.6687898089171974,0.4117647058823529,0.8142857142857143,0.375,0.7746478873239436
0.59,0.73,0.45977011494252873,0.34374154010917907,0.0,0.9950738916256158,0.7788461538461539,0.6687898089171974,0.4117647058823529,0.8142857142857143,0.375,0.7699530516431925
0.59,0.75,0.45977011494252873,0.3430668774405134,0.0,1.0,0.7788461538461539,0.6687898089171974,0.4117647058823529,0.8142857142857143,0.375,0.7652582159624414
0.59,0.77,0.45977011494252873,0.3430668774405134,0.0,1.0,0.7788461538461539,0.6687898089171974,0.4117647058823529,0.8142857142857143,0.375,0.7652582159624414
0.59,0.79,0.45977011494252873,0.3430668774405134,0.0,1.0,0.7788461538461539,0.6687898089171974,0.4117647058823529,0.8142857142857143,0.375,0.7652582159624414
0.59,0.81,0.45977011494252873,0.3430668774405134,0.0,1.0,0.7788461538461539,0.6687898089171974,0.4117647058823529,0.8142857142857143,0.375,0.7652582159624414
0.59,0.83,0.45977011494252873,0.3430668774405134,0.0,1.0,0.7788461538461539,0.6687898089171974,0.4117647058823529,0.8142857142857143,0.375,0.7652582159624414
0.59,0.85,0.45977011494252873,0.3430668774405134,0.0,1.0,0.7788461538461539,0.6687898089171974,0.4117647058823529,0.8142857142857143,0.375,0.7652582159624414
0.59,0.87,0.45977011494252873,0.3430668774405134,0.0,1.0,0.7788461538461539,0.6687898089171974,0.4117647058823529,0.8142857142857143,0.375,0.7652582159624414
0.59,0.89,0.45977011494252873,0.3430668774405134,0.0,1.0,0.7788461538461539,0.6687898089171974,0.4117647058823529,0.8142857142857143,0.375,0.7652582159624414
0.59,0.91,0.45977011494252873,0.3430668774405134,0.0,1.0,0.7788461538461539,0.6687898089171974,0.4117647058823529,0.8142857142857143,0.375,0.7652582159624414
0.59,0.93,0.45977011494252873,0.3430668774405134,0.0,1.0,0.7788461538461539,0.6687898089171974,0.4117647058823529,0.8142857142857143,0.375,0.7652582159624414
0.59,0.95,0.45977011494252873,0.3430668774405134,0.0,1.0,0.7788461538461539,0.6687898089171974,0.4117647058823529,0.8142857142857143,0.375,0.7652582159624414
0.61,0.05,0.40229885057471265,0.23401337021668972,0.39655172413793105,0.5123152709359606,0.7884615384615384,0.6496815286624203,0.0,1.0,0.0,0.9906103286384976
0.61,0.07,0.40229885057471265,0.23437029138366677,0.39655172413793105,0.5172413793103449,0.7884615384615384,0.6496815286624203,0.0,0.9952380952380953,0.0,0.9906103286384976
0.61,0.09,0.39846743295019155,0.23262448132780084,0.3793103448275862,0.5270935960591133,0.7884615384615384,0.6496815286624203,0.0,0.9857142857142858,0.0,0.9859154929577465
0.61,0.11,0.40229885057471265,0.24284989952445526,0.3793103448275862,0.5467980295566502,0.7884615384615384,0.6496815286624203,0.0196078431372549,0.9761904761904762,0.0,0.9812206572769953
0.61,0.13,0.39846743295019155,0.2532311209613958,0.3275862068965517,0.5615763546798029,0.7884615384615384,0.6496815286624203,0.0392156862745098,0.9714285714285714,0.020833333333333332,0.9671361502347418
0.61,0.15,0.40229885057471265,0.2617687836757455,0.3275862068965517,0.5763546798029556,0.7884615384615384,0.6496815286624203,0.058823529411764705,0.9666666666666667,0.020833333333333332,0.9624413145539906
0.61,0.17,0.41379310344827586,0.2861501223534419,0.3275862068965517,0.6108374384236454,0.7884615384615384,0.6496815286624203,0.09803921568627451,0.9571428571428572,0.041666666666666664,0.9530516431924883
0.61,0.19,0.41762452107279696,0.2939966428820187,0.3275862068965517,0.6354679802955665,0.7884615384615384,0.6496815286624203,0.09803921568627451,0.9428571428571428,0.0625,0.9483568075117371
0.61,0.21,0.4329501915708812,0.3263737514093181,0.3103448275862069,0.6748768472906403,0.7884615384615384,0.6496815286624203,0.1568627450980392,0.9380952380952381,0.10416666666666667,0.9342723004694836
0.61,0.23,0.4444444444444444,0.3488287763118363,0.29310344827586204,0.7142857142857143,0.7884615384615384,0.6496815286624203,0.17647058823529413,0.9285714285714286,0.16666666666666666,0.92018779342723
0.61,0.25,0.4482758620689655,0.35693003688335645,0.25862068965517243,0.7684729064039408,0.7884615384615384,0.6496815286624203,0.21568627450980393,0.9142857142857143,0.1875,0.8873239436619719
0.61,0.27,0.4521072796934866,0.3633070431843791,0.2413793103448276,0.7931034482758621,0.7884615384615384,0.6496815286624203,0.21568627450980393,0.9047619047619048,0.22916666666666666,0.8779342723004695
0.61,0.29,0.45977011494252873,0.3734491944839747,0.2413793103448276,0.8226600985221675,0.7884615384615384,0.6496815286624203,0.21568627450980393,0.8952380952380953,0.2708333333333333,0.8685446009389671
0.61,0.31,0.45977011494252873,0.3740043311400662,0.20689655172413793,0.8423645320197044,0.7884615384615384,0.6496815286624203,0.23529411764705882,0.8952380952380953,0.2916666666666667,0.8497652582159625
0.61,0.33,0.4674329501915709,0.38498467833512395,0.1896551724137931,0.8571428571428571,0.7884615384615384,0.6496815286624203,0.29411764705882354,0.8904761904761904,0.2916666666666667,0.8497652582159625
0.61,0.35,0.47509578544061304,0.395033107058795,0.1896551724137931,0.8719211822660099,0.7884615384615384,0.6496815286624203,0.3137254901960784,0.8904761904761904,0.3125,0.8450704225352113
0.61,0.37,0.48659003831417624,0.40975287155459533,0.1896551724137931,0.8916256157635468,0.7884615384615384,0.6496815286624203,0.37254901960784315,0.8857142857142857,0.3125,0.8450704225352113
0.61,0.39,0.4904214559386973,0.41425713438902534,0.1896551724137931,0.9064039408866995,0.7884615384615384,0.6496815286624203,0.37254901960784315,0.8809523809523809,0.3333333333333333,0.8403755868544601
0.61,0.41,0.48659003831417624,0.4081867320901747,0.1724137931034483,0.9064039408866995,0.7884615384615384,0.6496815286624203,0.37254901960784315,0.8761904761904762,0.3333333333333333,0.8403755868544601
0.61,0.43,0.4904214559386973,0.41274107435676505,0.1724137931034483,0.9211822660098522,0.7884615384615384,0.6496815286624203,0.39215686274509803,0.8761904761904762,0.3333333333333333,0.8309859154929577
0.61,0.45,0.4942528735632184,0.4172993232520132,0.1724137931034483,0.9310344827586207,0.7884615384615384,0.6496815286624203,0.39215686274509803,0.8714285714285714,0.3541666666666667,0.8309859154929577
0.61,0.47,0.4904214559386973,0.41071791567123517,0.15517241379310345,0.9359605911330049,0.7884615384615384,0.6496815286624203,0.39215686274509803,0.8666666666666667,0.3541666666666667,0.8262910798122066
0.61,0.49,0.4904214559386973,0.40989446624484455,0.15517241379310345,0.9605911330049262,0.7884615384615384,0.6496815286624203,0.39215686274509803,0.8523809523809524,0.3541666666666667,0.8169014084507042
0.61,0.51,0.4904214559386973,0.407863877939379,0.13793103448275862,0.9655172413793104,0.7884615384615384,0.6496815286624203,0.39215686274509803,0.8523809523809524,0.375,0.812206572769953
0.61,0.53,0.4789272030651341,0.38546061578158236,0.08620689655172414,0.9753694581280788,0.7884615384615384,0.6496815286624203,0.39215686274509803,0.8380952380952381,0.375,0.8028169014084507
0.61,0.55,0.4789272030651341,0.3849116991875477,0.08620689655172414,0.9852216748768473,0.7884615384615384,0.6496815286624203,0.39215686274509803,0.8333333333333334,0.375,0.7981220657276995
0.61,0.57,0.4674329501915709,0.35934212429788776,0.034482758620689655,0.9950738916256158,0.7884615384615384,0.6496815286624203,0.39215686274509803,0.819047619047619,0.375,0.7887323943661971
0.61,0.59,0.4674329501915709,0.35934212429788776,0.034482758620689655,0.9950738916256158,0.7884615384615384,0.6496815286624203,0.39215686274509803,0.819047619047619,0.375,0.7887323943661971
0.61,0.61,0.4674329501915709,0.35934212429788776,0.034482758620689655,0.9950738916256158,0.7884615384615384,0.6496815286624203,0.39215686274509803,0.819047619047619,0.375,0.7887323943661971
0.61,0.63,0.4674329501915709,0.35934212429788776,0.034482758620689655,0.9950738916256158,0.7884615384615384,0.6496815286624203,0.39215686274509803,0.819047619047619,0.375,0.7887323943661971
0.61,0.65,0.4674329501915709,0.35934212429788776,0.034482758620689655,0.9950738916256158,0.7884615384615384,0.6496815286624203,0.39215686274509803,0.819047619047619,0.375,0.7887323943661971
0.61,0.67,0.4674329501915709,0.35934212429788776,0.034482758620689655,0.9950738916256158,0.7884615384615384,0.6496815286624203,0.39215686274509803,0.819047619047619,0.375,0.7887323943661971
0.61,0.69,0.46360153256704983,0.3505580767843321,0.017241379310344827,0.9950738916256158,0.7884615384615384,0.6496815286624203,0.39215686274509803,0.819047619047619,0.375,0.784037558685446
0.61,0.71,0.46360153256704983,0.3505580767843321,0.017241379310344827,0.9950738916256158,0.7884615384615384,0.6496815286624203,0.39215686274509803,0.819047619047619,0.375,0.784037558685446
0.61,0.73,0.45977011494252873,0.34151361829297094,0.0,0.9950738916256158,0.7884615384615384,0.6496815286624203,0.39215686274509803,0.819047619047619,0.375,0.7793427230046949
0.61,0.75,0.45977011494252873,0.3408149690149085,0.0,1.0,0.7884615384615384,0.6496815286624203,0.39215686274509803,0.819047619047619,0.375,0.7746478873239436
0.61,0.77,0.45977011494252873,0.3408149690149085,0.0,1.0,0.7884615384615384,0.6496815286624203,0.39215686274509803,0.819047619047619,0.375,0.7746478873239436
0.61,0.79,0.45977011494252873,0.3408149690149085,0.0,1.0,0.7884615384615384,0.6496815286624203,0.39215686274509803,0.819047619047619,0.375,0.7746478873239436
0.61,0.81,0.45977011494252873,0.3408149690149085,0.0,1.0,0.7884615384615384,0.6496815286624203,0.39215686274509803,0.819047619047619,0.375,0.7746478873239436
0.61,0.83,0.45977011494252873,0.3408149690149085,0.0,1.0,0.7884615384615384,0.6496815286624203,0.39215686274509803,0.819047619047619,0.375,0.7746478873239436
0.61,0.85,0.45977011494252873,0.3408149690149085,0.0,1.0,0.7884615384615384,0.6496815286624203,0.39215686274509803,0.819047619047619,0.375,0.7746478873239436
0.61,0.87,0.45977011494252873,0.3408149690149085,0.0,1.0,0.7884615384615384,0.6496815286624203,0.39215686274509803,0.819047619047619,0.375,0.7746478873239436
0.61,0.89,0.45977011494252873,0.3408149690149085,0.0,1.0,0.7884615384615384,0.6496815286624203,0.39215686274509803,0.819047619047619,0.375,0.7746478873239436
0.61,0.91,0.45977011494252873,0.3408149690149085,0.0,1.0,0.7884615384615384,0.6496815286624203,0.39215686274509803,0.819047619047619,0.375,0.7746478873239436
0.61,0.93,0.45977011494252873,0.3408149690149085,0.0,1.0,0.7884615384615384,0.6496815286624203,0.39215686274509803,0.819047619047619,0.375,0.7746478873239436
0.61,0.95,0.45977011494252873,0.3408149690149085,0.0,1.0,0.7884615384615384,0.6496815286624203,0.39215686274509803,0.819047619047619,0.375,0.7746478873239436
0.63,0.05,0.39080459770114945,0.22189922480620156,0.3275862068965517,0.5320197044334976,0.7980769230769231,0.6050955414012739,0.0,1.0,0.0,0.9906103286384976
0.63,0.07,0.39080459770114945,0.2222222222222222,0.3275862068965517,0.5369458128078818,0.7980769230769231,0.6050955414012739,0.0,0.9952380952380953,0.0,0.9906103286384976
0.63,0.09,0.38697318007662834,0.22023809523809523,0.3103448275862069,0.5467980295566502,0.7980769230769231,0.6050955414012739,0.0,0.9857142857142858,0.0,0.9859154929577465
0.63,0.11,0.39080459770114945,0.23031664527171586,0.3103448275862069,0.5665024630541872,0.7980769230769231,0.6050955414012739,0.0196078431372549,0.9761904761904762,0.0,0.9812206572769953
0.63,0.13,0.38697318007662834,0.24001274506799072,0.25862068965517243,0.5812807881773399,0.7980769230769231,0.6050955414012739,0.0392156862745098,0.9714285714285714,0.020833333333333332,0.9671361502347418
0.63,0.15,0.39080459770114945,0.24826232510658738,0.25862068965517243,0.5911330049261084,0.7980769230769231,0.6050955414012739,0.058823529411764705,0.9666666666666667,0.020833333333333332,0.9671361502347418
0.63,0.17,0.40229885057471265,0.2724129281403767,0.25862068965517243,0.625615763546798,0.7980769230769231,0.6050955414012739,0.09803921568627451,0.9571428571428572,0.041666666666666664,0.9577464788732394
0.63,0.19,0.4061302681992337,0.2801048698167792,0.25862068965517243,0.6502463054187192,0.7980769230769231,0.6050955414012739,0.09803921568627451,0.9428571428571428,0.0625,0.9530516431924883
0.63,0.21,0.421455938697318,0.3119528619528619,0.2413793103448276,0.6896551724137931,0.7980769230769231,0.6050955414012739,0.1568627450980392,0.9380952380952381,0.10416666666666667,0.9389671361502347
0.63,0.23,0.4329501915708812,0.3338095238095238,0.22413793103448276,0.729064039408867,0.7980769230769231,0.6050955414012739,0.17647058823529413,0.9285714285714286,0.16666666666666666,0.9248826291079812
0.63,0.25,0.44061302681992337,0.34501027093049075,0.20689655172413793,0.7832512315270936,0.7980769230769231,0.6050955414012739,0.21568627450980393,0.9142857142857143,0.1875,0.8967136150234741
0.63,0.27,0.4482758620689655,0.35585887968971436,0.20689655172413793,0.8078817733990148,0.7980769230769231,0.6050955414012739,0.21568627450980393,0.9047619047619048,0.22916666666666666,0.892018779342723
0.63,0.29,0.4559386973180077,0.3659766796761603,0.20689655172413793,0.8374384236453202,0.7980769230769231,0.6050955414012739,0.21568627450980393,0.8952380952380953,0.2708333333333333,0.8826291079812206
0.63,0.31,0.45977011494252873,0.3711551287181539,0.1896551724137931,0.8571428571428571,0.7980769230769231,0.6050955414012739,0.23529411764705882,0.8952380952380953,0.2916666666666667,0.8685446009389671
0.63,0.33,0.4674329501915709,0.38190559672749486,0.1724137931034483,0.8719211822660099,0.7980769230769231,0.6050955414012739,0.29411764705882354,0.8904761904761904,0.2916666666666667,0.8685446009389671
0.63,0.35,0.47509578544061304,0.3920223496310453,0.1724137931034483,0.8866995073891626,0.7980769230769231,0.6050955414012739,0.3137254901960784,0.8904761904761904,0.3125,0.863849765258216
0.63,0.37,0.48659003831417624,0.4067234999521516,0.1724137931034483,0.9064039408866995,0.7980769230769231,0.6050955414012739,0.37254901960784315,0.8857142857142857,0.3125,0.863849765258216
0.63,0.39,0.4904214559386973,0.41129685916919956,0.1724137931034483,0.9211822660098522,0.7980769230769231,0.6050955414012739,0.37254901960784315,0.8809523809523809,0.3333333333333333,0.8591549295774648
0.63,0.41,0.48659003831417624,0.40494825044860294,0.15517241379310345,0.9211822660098522,0.7980769230769231,0.6050955414012739,0.37254901960784315,0.8761904761904762,0.3333333333333333,0.8591549295774648
0.63,0.43,0.48659003831417624,0.40451388888888884,0.15517241379310345,0.9310344827586207,0.7980769230769231,0.6050955414012739,0.37254901960784315,0.8761904761904762,0.3333333333333333,0.8497652582159625
0.63,0.45,0.4904214559386973,0.40919570229240065,0.15517241379310345,0.9408866995073891,0.7980769230769231,0.6050955414012739,0.37254901960784315,0.8714285714285714,0.3541666666666667,0.8497652582159625
0.63,0.47,0.48659003831417624,0.4022881880024737,0.13793103448275862,0.9458128078817734,0.7980769230769231,0.6050955414012739,0.37254901960784315,0.8666666666666667,0.3541666666666667,0.8450704225352113
0.63,0.49,0.48659003831417624,0.40157930657930657,0.13793103448275862,0.9605911330049262,0.7980769230769231,0.6050955414012739,0.37254901960784315,0.8571428571428571,0.3541666666666667,0.8403755868544601
0.63,0.51,0.48659003831417624,0.39938668866886684,0.1206896551724138,0.9655172413793104,0.7980769230769231,0.6050955414012739,0.37254901960784315,0.8571428571428571,0.375,0.8356807511737089
0.63,0.53,0.47509578544061304,0.3761290634207603,0.06896551724137931,0.9753694581280788,0.7980769230769231,0.6050955414012739,0.37254901960784315,0.8428571428571429,0.375,0.8262910798122066
0.63,0.55,0.47509578544061304,0.3753205128205128,0.06896551724137931,0.9852216748768473,0.7980769230769231,0.6050955414012739,0.37254901960784315,0.8380952380952381,0.375,0.8215962441314554
0.63,0.57,0.46360153256704983,0.34869070710633043,0.017241379310344827,0.9950738916256158,0.7980769230769231,0.6050955414012739,0.37254901960784315,0.8238095238095238,0.375,0.812206572769953
0.63,0.59,0.46360153256704983,0.34869070710633043,0.017241379310344827,0.9950738916256158,0.7980769230769231,0.6050955414012739,0.37254901960784315,0.8238095238095238,0.375,0.812206572769953
0.63,0.61,0.46360153256704983,0.34869070710633043,0.017241379310344827,0.9950738916256158,0.7980769230769231,0.6050955414012739,0.37254901960784315,0.8238095238095238,0.375,0.812206572769953
0.63,0.63,0.46360153256704983,0.34869070710633043,0.017241379310344827,0.9950738916256158,0.7980769230769231,0.6050955414012739,0.37254901960784315,0.8238095238095238,0.375,0.812206572769953
0.63,0.65,0.46360153256704983,0.34869070710633043,0.017241379310344827,0.9950738916256158,0.7980769230769231,0.6050955414012739,0.37254901960784315,0.8238095238095238,0.375,0.812206572769953
0.63,0.67,0.46360153256704983,0.34869070710633043,0.017241379310344827,0.9950738916256158,0.7980769230769231,0.6050955414012739,0.37254901960784315,0.8238095238095238,0.375,0.812206572769953
0.63,0.69,0.46360153256704983,0.34869070710633043,0.017241379310344827,0.9950738916256158,0.7980769230769231,0.6050955414012739,0.37254901960784315,0.8238095238095238,0.375,0.812206572769953
0.63,0.71,0.46360153256704983,0.34869070710633043,0.017241379310344827,0.9950738916256158,0.7980769230769231,0.6050955414012739,0.37254901960784315,0.8238095238095238,0.375,0.812206572769953
0.63,0.73,0.45977011494252873,0.3395638629283489,0.0,0.9950738916256158,0.7980769230769231,0.6050955414012739,0.37254901960784315,0.8238095238095238,0.375,0.8075117370892019
0.63,0.75,0.45977011494252873,0.3387850467289719,0.0,1.0,0.7980769230769231,0.6050955414012739,0.37254901960784315,0.8238095238095238,0.375,0.8028169014084507
0.63,0.77,0.45977011494252873,0.3387850467289719,0.0,1.0,0.7980769230769231,0.6050955414012739,0.37254901960784315,0.8238095238095238,0.375,0.8028169014084507
0.63,0.79,0.45977011494252873,0.3387850467289719,0.0,1.0,0.7980769230769231,0.6050955414012739,0.37254901960784315,0.8238095238095238,0.375,0.8028169014084507
0.63,0.81,0.45977011494252873,0.3387850467289719,0.0,1.0,0.7980769230769231,0.6050955414012739,0.37254901960784315,0.8238095238095238,0.375,0.8028169014084507
0.63,0.83,0.45977011494252873,0.3387850467289719,0.0,1.0,0.7980769230769231,0.6050955414012739,0.37254901960784315,0.8238095238095238,0.375,0.8028169014084507
0.63,0.85,0.45977011494252873,0.3387850467289719,0.0,1.0,0.7980769230769231,0.6050955414012739,0.37254901960784315,0.8238095238095238,0.375,0.8028169014084507
0.63,0.87,0.45977011494252873,0.3387850467289719,0.0,1.0,0.7980769230769231,0.6050955414012739,0.37254901960784315,0.8238095238095238,0.375,0.8028169014084507
0.63,0.89,0.45977011494252873,0.3387850467289719,0.0,1.0,0.7980769230769231,0.6050955414012739,0.37254901960784315,0.8238095238095238,0.375,0.8028169014084507
0.63,0.91,0.45977011494252873,0.3387850467289719,0.0,1.0,0.7980769230769231,0.6050955414012739,0.37254901960784315,0.8238095238095238,0.375,0.8028169014084507
0.63,0.93,0.45977011494252873,0.3387850467289719,0.0,1.0,0.7980769230769231,0.6050955414012739,0.37254901960784315,0.8238095238095238,0.375,0.8028169014084507
0.63,0.95,0.45977011494252873,0.3387850467289719,0.0,1.0,0.7980769230769231,0.6050955414012739,0.37254901960784315,0.8238095238095238,0.375,0.8028169014084507
0.65,0.05,0.3946360153256705,0.22056107954545454,0.3103448275862069,0.5615763546798029,0.8173076923076923,0.5732484076433121,0.0,1.0,0.0,0.9906103286384976
0.65,0.07,0.3946360153256705,0.2208936737804878,0.3103448275862069,0.5665024630541872,0.8173076923076923,0.5732484076433121,0.0,0.9952380952380953,0.0,0.9906103286384976
0.65,0.09,0.39080459770114945,0.2188106560559006,0.29310344827586204,0.5763546798029556,0.8173076923076923,0.5732484076433121,0.0,0.9857142857142858,0.0,0.9859154929577465
0.65,0.11,0.3946360153256705,0.22892768221309642,0.29310344827586204,0.5960591133004927,0.8173076923076923,0.5732484076433121,0.0196078431372549,0.9761904761904762,0.0,0.9812206572769953
0.65,0.13,0.39080459770114945,0.23825096486498407,0.2413793103448276,0.6108374384236454,0.8173076923076923,0.5732484076433121,0.0392156862745098,0.9714285714285714,0.020833333333333332,0.9671361502347418
0.65,0.15,0.3946360153256705,0.24651422613480972,0.2413793103448276,0.6206896551724138,0.8173076923076923,0.5732484076433121,0.058823529411764705,0.9666666666666667,0.020833333333333332,0.9671361502347418
0.65,0.17,0.4061302681992337,0.2707220906517987,0.2413793103448276,0.6551724137931034,0.8173076923076923,0.5732484076433121,0.09803921568627451,0.9571428571428572,0.041666666666666664,0.9577464788732394
0.65,0.19,0.4099616858237548,0.278465385327728,0.2413793103448276,0.6798029556650246,0.8173076923076923,0.5732484076433121,0.09803921568627451,0.9428571428571428,0.0625,0.9530516431924883
0.65,0.21,0.42528735632183906,0.3102312184343435,0.22413793103448276,0.7192118226600985,0.8173076923076923,0.5732484076433121,0.1568627450980392,0.9380952380952381,0.10416666666666667,0.9389671361502347
0.65,0.23,0.4367816091954023,0.33199134862278246,0.20689655172413793,0.7586206896551724,0.8173076923076923,0.5732484076433121,0.17647058823529413,0.9285714285714286,0.16666666666666666,0.9248826291079812
0.65,0.25,0.44061302681992337,0.33791271525152056,0.1896551724137931,0.7980295566502463,0.8173076923076923,0.5732484076433121,0.19607843137254902,0.9238095238095239,0.1875,0.8967136150234741
0.65,0.27,0.4482758620689655,0.34876088735316607,0.1896551724137931,0.8226600985221675,0.8173076923076923,0.5732484076433121,0.19607843137254902,0.9142857142857143,0.22916666666666666,0.892018779342723
0.65,0.29,0.4559386973180077,0.35888097096612115,0.1896551724137931,0.8522167487684729,0.8173076923076923,0.5732484076433121,0.19607843137254902,0.9047619047619048,0.2708333333333333,0.8826291079812206
0.65,0.31,0.45977011494252873,0.3640580628711872,0.1724137931034483,0.8719211822660099,0.8173076923076923,0.5732484076433121,0.21568627450980393,0.9047619047619048,0.2916666666666667,0.8685446009389671
0.65,0.33,0.4674329501915709,0.37518875161498705,0.15517241379310345,0.8866995073891626,0.8173076923076923,0.5732484076433121,0.27450980392156865,0.9,0.2916666666666667,0.8685446009389671
0.65,0.35,0.47509578544061304,0.3854683986131934,0.15517241379310345,0.9014778325123153,0.8173076923076923,0.5732484076433121,0.29411764705882354,0.9,0.3125,0.863849765258216
0.65,0.37,0.48659003831417624,0.4006553305014132,0.15517241379310345,0.9211822660098522,0.8173076923076923,0.5732484076433121,0.35294117647058826,0.8952380952380953,0.3125,0.863849765258216
0.65,0.39,0.4904214559386973,0.40519809493524517,0.15517241379310345,0.9359605911330049,0.8173076923076923,0.5732484076433121,0.35294117647058826,0.8904761904761904,0.3333333333333333,0.8591549295774648
0.65,0.41,0.48659003831417624,0.39852911291951554,0.13793103448275862,0.9359605911330049,0.8173076923076923,0.5732484076433121,0.35294117647058826,0.8857142857142857,0.3333333333333333,0.8591549295774648
0.65,0.43,0.48659003831417624,0.3980712038297724,0.13793103448275862,0.9458128078817734,0.8173076923076923,0.5732484076433121,0.35294117647058826,0.8857142857142857,0.3333333333333333,0.8497652582159625
0.65,0.45,0.4904214559386973,0.4027225051637786,0.13793103448275862,0.9556650246305419,0.8173076923076923,0.5732484076433121,0.35294117647058826,0.8809523809523809,0.3541666666666667,0.8497652582159625
0.65,0.47,0.48659003831417624,0.3954323664622662,0.1206896551724138,0.9605911330049262,0.8173076923076923,0.5732484076433121,0.35294117647058826,0.8761904761904762,0.3541666666666667,0.8450704225352113
0.65,0.49,0.48659003831417624,0.394657716013225,0.1206896551724138,0.9753694581280788,0.8173076923076923,0.5732484076433121,0.35294117647058826,0.8666666666666667,0.3541666666666667,0.8403755868544601
0.65,0.51,0.48659003831417624,0.39202568810455185,0.10344827586206896,0.9802955665024631,0.8173076923076923,0.5732484076433121,0.35294117647058826,0.8666666666666667,0.375,0.8356807511737089
0.65,0.53,0.47509578544061304,0.36720378958622285,0.05172413793103448,0.9901477832512315,0.8173076923076923,0.5732484076433121,0.35294117647058826,0.8523809523809524,0.375,0.8262910798122066
0.65,0.55,0.47509578544061304,0.3662531613639769,0.05172413793103448,1.0,0.8173076923076923,0.5732484076433121,0.35294117647058826,0.8476190476190476,0.375,0.8215962441314554
0.65,0.57,0.46360153256704983,0.33915657949500555,0.0,1.0,0.8173076923076923,0.5732484076433121,0.35294117647058826,0.8428571428571429,0.375,0.812206572769953
0.65,0.59,0.46360153256704983,0.33915657949500555,0.0,1.0,0.8173076923076923,0.5732484076433121,0.35294117647058826,0.8428571428571429,0.375,0.812206572769953
0.65,0.61,0.46360153256704983,0.33915657949500555,0.0,1.0,0.8173076923076923,0.5732484076433121,0.35294117647058826,0.8428571428571429,0.375,0.812206572769953
0.65,0.63,0.46360153256704983,0.33915657949500555,0.0,1.0,0.8173076923076923,0.5732484076433121,0.35294117647058826,0.8428571428571429,0.375,0.812206572769953
0.65,0.65,0.46360153256704983,0.33915657949500555,0.0,1.0,0.8173076923076923,0.5732484076433121,0.35294117647058826,0.8428571428571429,0.375,0.812206572769953
0.65,0.67,0.46360153256704983,0.33915657949500555,0.0,1.0,0.8173076923076923,0.5732484076433121,0.35294117647058826,0.8428571428571429,0.375,0.812206572769953
0.65,0.69,0.46360153256704983,0.33915657949500555,0.0,1.0,0.8173076923076923,0.5732484076433121,0.35294117647058826,0.8428571428571429,0.375,0.812206572769953
0.65,0.71,0.46360153256704983,0.33915657949500555,0.0,1.0,0.8173076923076923,0.5732484076433121,0.35294117647058826,0.8428571428571429,0.375,0.812206572769953
0.65,0.73,0.46360153256704983,0.33915657949500555,0.0,1.0,0.8173076923076923,0.5732484076433121,0.35294117647058826,0.8428571428571429,0.375,0.812206572769953
0.65,0.75,0.46360153256704983,0.33915657949500555,0.0,1.0,0.8173076923076923,0.5732484076433121,0.35294117647058826,0.8428571428571429,0.375,0.812206572769953
0.65,0.77,0.46360153256704983,0.33915657949500555,0.0,1.0,0.8173076923076923,0.5732484076433121,0.35294117647058826,0.8428571428571429,0.375,0.812206572769953
0.65,0.79,0.46360153256704983,0.33915657949500555,0.0,1.0,0.8173076923076923,0.5732484076433121,0.35294117647058826,0.8428571428571429,0.375,0.812206572769953
0.65,0.81,0.46360153256704983,0.33915657949500555,0.0,1.0,0.8173076923076923,0.5732484076433121,0.35294117647058826,0.8428571428571429,0.375,0.812206572769953
0.65,0.83,0.46360153256704983,0.33915657949500555,0.0,1.0,0.8173076923076923,0.5732484076433121,0.35294117647058826,0.8428571428571429,0.375,0.812206572769953
0.65,0.85,0.46360153256704983,0.33915657949500555,0.0,1.0,0.8173076923076923,0.5732484076433121,0.35294117647058826,0.8428571428571429,0.375,0.812206572769953
0.65,0.87,0.46360153256704983,0.33915657949500555,0.0,1.0,0.8173076923076923,0.5732484076433121,0.35294117647058826,0.8428571428571429,0.375,0.812206572769953
0.65,0.89,0.46360153256704983,0.33915657949500555,0.0,1.0,0.8173076923076923,0.5732484076433121,0.35294117647058826,0.8428571428571429,0.375,0.812206572769953
0.65,0.91,0.46360153256704983,0.33915657949500555,0.0,1.0,0.8173076923076923,0.5732484076433121,0.35294117647058826,0.8428571428571429,0.375,0.812206572769953
0.65,0.93,0.46360153256704983,0.33915657949500555,0.0,1.0,0.8173076923076923,0.5732484076433121,0.35294117647058826,0.8428571428571429,0.375,0.812206572769953
0.65,0.95,0.46360153256704983,0.33915657949500555,0.0,1.0,0.8173076923076923,0.5732484076433121,0.35294117647058826,0.8428571428571429,0.375,0.812206572769953
0.67,0.05,0.40229885057471265,0.21951602007334492,0.27586206896551724,0.5911330049261084,0.8557692307692307,0.5477707006369427,0.0,1.0,0.0,0.9906103286384976
0.67,0.07,0.40229885057471265,0.21984265734265734,0.27586206896551724,0.5960591133004927,0.8557692307692307,0.5477707006369427,0.0,0.9952380952380953,0.0,0.9906103286384976
0.67,0.09,0.39846743295019155,0.2175802139037433,0.25862068965517243,0.6059113300492611,0.8557692307692307,0.5477707006369427,0.0,0.9857142857142858,0.0,0.9859154929577465
0.67,0.11,0.40229885057471265,0.22766810635496612,0.25862068965517243,0.625615763546798,0.8557692307692307,0.5477707006369427,0.0196078431372549,0.9761904761904762,0.0,0.9812206572769953
0.67,0.13,0.40229885057471265,0.23973955658277693,0.22413793103448276,0.6403940886699507,0.8557692307692307,0.5477707006369427,0.0392156862745098,0.9714285714285714,0.020833333333333332,0.971830985915493
0.67,0.15,0.4061302681992337,0.2480163269732653,0.22413793103448276,0.6502463054187192,0.8557692307692307,0.5477707006369427,0.058823529411764705,0.9666666666666667,0.020833333333333332,0.971830985915493
0.67,0.17,0.41762452107279696,0.2724116719806375,0.22413793103448276,0.6847290640394089,0.8557692307692307,0.5477707006369427,0.09803921568627451,0.9571428571428572,0.041666666666666664,0.9624413145539906
0.67,0.19,0.421455938697318,0.280325311942959,0.22413793103448276,0.7093596059113301,0.8557692307692307,0.5477707006369427,0.09803921568627451,0.9428571428571428,0.0625,0.9577464788732394
0.67,0.21,0.4367816091954023,0.31216447693720417,0.20689655172413793,0.7487684729064039,0.8557692307692307,0.5477707006369427,0.1568627450980392,0.9380952380952381,0.10416666666666667,0.9436619718309859
0.67,0.23,0.4482758620689655,0.334005777086763,0.1896551724137931,0.7881773399014779,0.8557692307692307,0.5477707006369427,0.17647058823529413,0.9285714285714286,0.16666666666666666,0.9295774647887324
0.67,0.25,0.4521072796934866,0.33973166800836707,0.1724137931034483,0.8275862068965517,0.8557692307692307,0.5477707006369427,0.19607843137254902,0.9238095238095239,0.1875,0.9014084507042254
0.67,0.27,0.45977011494252873,0.35077338803227887,0.1724137931034483,0.8522167487684729,0.8557692307692307,0.5477707006369427,0.19607843137254902,0.9142857142857143,0.22916666666666666,0.8967136150234741
0.67,0.29,0.4674329501915709,0.3611074154445851,0.1724137931034483,0.8817733990147784,0.8557692307692307,0.5477707006369427,0.19607843137254902,0.9047619047619048,0.2708333333333333,0.8873239436619719
0.67,0.31,0.47126436781609193,0.3660096001166062,0.15517241379310345,0.9014778325123153,0.8557692307692307,0.5477707006369427,0.21568627450980393,0.9047619047619048,0.2916666666666667,0.8732394366197183
0.67,0.33,0.47509578544061304,0.3713019273082062,0.13793103448275862,0.9113300492610837,0.8557692307692307,0.5477707006369427,0.2549019607843137,0.9,0.2916666666666667,0.8732394366197183
0.67,0.35,0.4827586206896552,0.3817562533647805,0.13793103448275862,0.9261083743842364,0.8557692307692307,0.5477707006369427,0.27450980392156865,0.9,0.3125,0.8685446009389671
0.67,0.37,0.4942528735632184,0.39737068487068483,0.13793103448275862,0.9458128078817734,0.8557692307692307,0.5477707006369427,0.3333333333333333,0.8952380952380953,0.3125,0.8685446009389671
0.67,0.39,0.49808429118773945,0.40204275889759766,0.13793103448275862,0.9605911330049262,0.8557692307692307,0.5477707006369427,0.3333333333333333,0.8904761904761904,0.3333333333333333,0.863849765258216
0.67,0.41,0.4942528735632184,0.3949186212642283,0.1206896551724138,0.9605911330049262,0.8557692307692307,0.5477707006369427,0.3333333333333333,0.8857142857142857,0.3333333333333333,0.863849765258216
0.67,0.43,0.4942528735632184,0.39466940449826665,0.1206896551724138,0.9655172413793104,0.8557692307692307,0.5477707006369427,0.3333333333333333,0.8857142857142857,0.3333333333333333,0.8591549295774648
0.67,0.45,0.49808429118773945,0.39943213973349795,0.1206896551724138,0.9753694581280788,0.8557692307692307,0.5477707006369427,0.3333333333333333,0.8809523809523809,0.3541666666666667,0.8591549295774648
0.67,0.47,0.4942528735632184,0.3919380830555912,0.10344827586206896,0.9753694581280788,0.8557692307692307,0.5477707006369427,0.3333333333333333,0.8761904761904762,0.3541666666666667,0.8591549295774648
0.67,0.49,0.4942528735632184,0.3913520763407841,0.10344827586206896,0.9852216748768473,0.8557692307692307,0.5477707006369427,0.3333333333333333,0.8666666666666667,0.3541666666666667,0.8591549295774648
0.67,0.51,0.49808429118773945,0.3963068181818182,0.10344827586206896,0.9901477832512315,0.8557692307692307,0.5477707006369427,0.3333333333333333,0.8666666666666667,0.375,0.8591549295774648
0.67,0.53,0.48659003831417624,0.3713255830191314,0.05172413793103448,0.9950738916256158,0.8557692307692307,0.5477707006369427,0.3333333333333333,0.8571428571428571,0.375,0.8497652582159625
0.67,0.55,0.48659003831417624,0.3708460905474957,0.05172413793103448,1.0,0.8557692307692307,0.5477707006369427,0.3333333333333333,0.8523809523809524,0.375,0.8497652582159625
0.67,0.57,0.47509578544061304,0.343560606060606,0.0,1.0,0.8557692307692307,0.5477707006369427,0.3333333333333333,0.8476190476190476,0.375,0.8403755868544601
0.67,0.59,0.47509578544061304,0.343560606060606,0.0,1.0,0.8557692307692307,0.5477707006369427,0.3333333333333333,0.8476190476190476,0.375,0.8403755868544601
0.67,0.61,0.47509578544061304,0.343560606060606,0.0,1.0,0.8557692307692307,0.5477707006369427,0.3333333333333333,0.8476190476190476,0.375,0.8403755868544601
0.67,0.63,0.47509578544061304,0.343560606060606,0.0,1.0,0.8557692307692307,0.5477707006369427,0.3333333333333333,0.8476190476190476,0.375,0.8403755868544601
0.67,0.65,0.47509578544061304,0.343560606060606,0.0,1.0,0.8557692307692307,0.5477707006369427,0.3333333333333333,0.8476190476190476,0.375,0.8403755868544601
0.67,0.67,0.47509578544061304,0.343560606060606,0.0,1.0,0.8557692307692307,0.5477707006369427,0.3333333333333333,0.8476190476190476,0.375,0.8403755868544601
0.67,0.69,0.47509578544061304,0.343560606060606,0.0,1.0,0.8557692307692307,0.5477707006369427,0.3333333333333333,0.8476190476190476,0.375,0.8403755868544601
0.67,0.71,0.47509578544061304,0.343560606060606,0.0,1.0,0.8557692307692307,0.5477707006369427,0.3333333333333333,0.8476190476190476,0.375,0.8403755868544601
0.67,0.73,0.47509578544061304,0.343560606060606,0.0,1.0,0.8557692307692307,0.5477707006369427,0.3333333333333333,0.8476190476190476,0.375,0.8403755868544601
0.67,0.75,0.47509578544061304,0.343560606060606,0.0,1.0,0.8557692307692307,0.5477707006369427,0.3333333333333333,0.8476190476190476,0.375,0.8403755868544601
0.67,0.77,0.47509578544061304,0.343560606060606,0.0,1.0,0.8557692307692307,0.5477707006369427,0.3333333333333333,0.8476190476190476,0.375,0.8403755868544601
0.67,0.79,0.47509578544061304,0.343560606060606,0.0,1.0,0.8557692307692307,0.5477707006369427,0.3333333333333333,0.8476190476190476,0.375,0.8403755868544601
0.67,0.81,0.47509578544061304,0.343560606060606,0.0,1.0,0.8557692307692307,0.5477707006369427,0.3333333333333333,0.8476190476190476,0.375,0.8403755868544601
0.67,0.83,0.47509578544061304,0.343560606060606,0.0,1.0,0.8557692307692307,0.5477707006369427,0.3333333333333333,0.8476190476190476,0.375,0.8403755868544601
0.67,0.85,0.47509578544061304,0.343560606060606,0.0,1.0,0.8557692307692307,0.5477707006369427,0.3333333333333333,0.8476190476190476,0.375,0.8403755868544601
0.67,0.87,0.47509578544061304,0.343560606060606,0.0,1.0,0.8557692307692307,0.5477707006369427,0.3333333333333333,0.8476190476190476,0.375,0.8403755868544601
0.67,0.89,0.47509578544061304,0.343560606060606,0.0,1.0,0.8557692307692307,0.5477707006369427,0.3333333333333333,0.8476190476190476,0.375,0.8403755868544601
0.67,0.91,0.47509578544061304,0.343560606060606,0.0,1.0,0.8557692307692307,0.5477707006369427,0.3333333333333333,0.8476190476190476,0.375,0.8403755868544601
0.67,0.93,0.47509578544061304,0.343560606060606,0.0,1.0,0.8557692307692307,0.5477707006369427,0.3333333333333333,0.8476190476190476,0.375,0.8403755868544601
0.67,0.95,0.47509578544061304,0.343560606060606,0.0,1.0,0.8557692307692307,0.5477707006369427,0.3333333333333333,0.8476190476190476,0.375,0.8403755868544601
0.69,0.05,0.39846743295019155,0.21242104224240033,0.2413793103448276,0.6206896551724138,0.8653846153846154,0.5031847133757962,0.0,1.0,0.0,0.9906103286384976
0.69,0.07,0.39846743295019155,0.21273847376788552,0.2413793103448276,0.625615763546798,0.8653846153846154,0.5031847133757962,0.0,0.9952380952380953,0.0,0.9906103286384976
0.69,0.09,0.3946360153256705,0.2102687626774848,0.22413793103448276,0.6354679802955665,0.8653846153846154,0.5031847133757962,0.0,0.9857142857142858,0.0,0.9859154929577465
0.69,0.11,0.39846743295019155,0.22031239707529146,0.22413793103448276,0.6551724137931034,0.8653846153846154,0.5031847133757962,0.0196078431372549,0.9761904761904762,0.0,0.9812206572769953
0.69,0.13,0.39846743295019155,0.23192241457445845,0.1896551724137931,0.6699507389162561,0.8653846153846154,0.5031847133757962,0.0392156862745098,0.9714285714285714,0.020833333333333332,0.971830985915493
0.69,0.15,0.40229885057471265,0.24016702561532655,0.1896551724137931,0.6798029556650246,0.8653846153846154,0.5031847133757962,0.058823529411764705,0.9666666666666667,0.020833333333333332,0.971830985915493
0.69,0.17,0.41379310344827586,0.26445118085664476,0.1896551724137931,0.7142857142857143,0.8653846153846154,0.5031847133757962,0.09803921568627451,0.9571428571428572,0.041666666666666664,0.9624413145539906
0.69,0.19,0.41762452107279696,0.27228784956605595,0.1896551724137931,0.7389162561576355,0.8653846153846154,0.5031847133757962,0.09803921568627451,0.9428571428571428,0.0625,0.9577464788732394
0.69,0.21,0.4329501915708812,0.30370605809830165,0.1724137931034483,0.7783251231527094,0.8653846153846154,0.5031847133757962,0.1568627450980392,0.9380952380952381,0.10416666666666667,0.9436619718309859
0.69,0.23,0.4444444444444444,0.32504843540883305,0.15517241379310345,0.8177339901477833,0.8653846153846154,0.5031847133757962,0.17647058823529413,0.9285714285714286,0.16666666666666666,0.9295774647887324
0.69,0.25,0.4482758620689655,0.3305896245137731,0.13793103448275862,0.8522167487684729,0.8653846153846154,0.5031847133757962,0.19607843137254902,0.9285714285714286,0.1875,0.9014084507042254
0.69,0.27,0.4559386973180077,0.3414010190970975,0.13793103448275862,0.8768472906403941,0.8653846153846154,0.5031847133757962,0.19607843137254902,0.919047619047619,0.22916666666666666,0.8967136150234741
0.69,0.29,0.45977011494252873,0.3458813758061364,0.13793103448275862,0.9014778325123153,0.8653846153846154,0.5031847133757962,0.19607843137254902,0.9095238095238095,0.25,0.8873239436619719
0.69,0.31,0.46360153256704983,0.3504159239453357,0.1206896551724138,0.9211822660098522,0.8653846153846154,0.5031847133757962,0.21568627450980393,0.9095238095238095,0.2708333333333333,0.8732394366197183
0.69,0.33,0.4674329501915709,0.35514730367671543,0.10344827586206896,0.9310344827586207,0.8653846153846154,0.5031847133757962,0.2549019607843137,0.9047619047619048,0.2708333333333333,0.8732394366197183
0.69,0.35,0.47509578544061304,0.3655718954248366,0.10344827586206896,0.9458128078817734,0.8653846153846154,0.5031847133757962,0.27450980392156865,0.9047619047619048,0.2916666666666667,0.8685446009389671
0.69,0.37,0.4827586206896552,0.37579471182412355,0.10344827586206896,0.9605911330049262,0.8653846153846154,0.5031847133757962,0.3137254901960784,0.9,0.2916666666666667,0.8685446009389671
0.69,0.39,0.48659003831417624,0.38072914936725677,0.10344827586206896,0.9704433497536946,0.8653846153846154,0.5031847133757962,0.3137254901960784,0.9,0.3125,0.863849765258216
0.69,0.41,0.48659003831417624,0.38072914936725677,0.10344827586206896,0.9704433497536946,0.8653846153846154,0.5031847133757962,0.3137254901960784,0.9,0.3125,0.863849765258216
0.69,0.43,0.48659003831417624,0.38072914936725677,0.10344827586206896,0.9704433497536946,0.8653846153846154,0.5031847133757962,0.3137254901960784,0.9,0.3125,0.863849765258216
0.69,0.45,0.4904214559386973,0.3854679693551941,0.10344827586206896,0.9802955665024631,0.8653846153846154,0.5031847133757962,0.3137254901960784,0.8952380952380953,0.3333333333333333,0.863849765258216
0.69,0.47,0.48659003831417624,0.3776650035716421,0.08620689655172414,0.9802955665024631,0.8653846153846154,0.5031847133757962,0.3137254901960784,0.8904761904761904,0.3333333333333333,0.863849765258216
0.69,0.49,0.48659003831417624,0.3772535576378081,0.08620689655172414,0.9852216748768473,0.8653846153846154,0.5031847133757962,0.3137254901960784,0.8857142857142857,0.3333333333333333,0.863849765258216
0.69,0.51,0.4904214559386973,0.38224033475910824,0.08620689655172414,0.9901477832512315,0.8653846153846154,0.5031847133757962,0.3137254901960784,0.8857142857142857,0.3541666666666667,0.863849765258216
0.69,0.53,0.4789272030651341,0.35639779113654985,0.034482758620689655,0.9950738916256158,0.8653846153846154,0.5031847133757962,0.3137254901960784,0.8761904761904762,0.3541666666666667,0.8544600938967136
0.69,0.55,0.4789272030651341,0.35575589278264497,0.034482758620689655,1.0,0.8653846153846154,0.5031847133757962,0.3137254901960784,0.8714285714285714,0.3541666666666667,0.8544600938967136
0.69,0.57,0.47126436781609193,0.3372805687657592,0.0,1.0,0.8653846153846154,0.5031847133757962,0.3137254901960784,0.8666666666666667,0.3541666666666667,0.8497652582159625
0.69,0.59,0.47126436781609193,0.3372805687657592,0.0,1.0,0.8653846153846154,0.5031847133757962,0.3137254901960784,0.8666666666666667,0.3541666666666667,0.8497652582159625
0.69,0.61,0.47126436781609193,0.3372805687657592,0.0,1.0,0.8653846153846154,0.5031847133757962,0.3137254901960784,0.8666666666666667,0.3541666666666667,0.8497652582159625
0.69,0.63,0.47126436781609193,0.3372805687657592,0.0,1.0,0.8653846153846154,0.5031847133757962,0.3137254901960784,0.8666666666666667,0.3541666666666667,0.8497652582159625
0.69,0.65,0.47126436781609193,0.3372805687657592,0.0,1.0,0.8653846153846154,0.5031847133757962,0.3137254901960784,0.8666666666666667,0.3541666666666667,0.8497652582159625
0.69,0.67,0.47126436781609193,0.3372805687657592,0.0,1.0,0.8653846153846154,0.5031847133757962,0.3137254901960784,0.8666666666666667,0.3541666666666667,0.8497652582159625
0.69,0.69,0.47126436781609193,0.3372805687657592,0.0,1.0,0.8653846153846154,0.5031847133757962,0.3137254901960784,0.8666666666666667,0.3541666666666667,0.8497652582159625
0.69,0.71,0.47126436781609193,0.3372805687657592,0.0,1.0,0.8653846153846154,0.5031847133757962,0.3137254901960784,0.8666666666666667,0.3541666666666667,0.8497652582159625
0.69,0.73,0.47126436781609193,0.3372805687657592,0.0,1.0,0.8653846153846154,0.5031847133757962,0.3137254901960784,0.8666666666666667,0.3541666666666667,0.8497652582159625
0.69,0.75,0.47126436781609193,0.3372805687657592,0.0,1.0,0.8653846153846154,0.5031847133757962,0.3137254901960784,0.8666666666666667,0.3541666666666667,0.8497652582159625
0.69,0.77,0.47126436781609193,0.3372805687657592,0.0,1.0,0.8653846153846154,0.5031847133757962,0.3137254901960784,0.8666666666666667,0.3541666666666667,0.8497652582159625
0.69,0.79,0.47126436781609193,0.3372805687657592,0.0,1.0,0.8653846153846154,0.5031847133757962,0.3137254901960784,0.8666666666666667,0.3541666666666667,0.8497652582159625
0.69,0.81,0.47126436781609193,0.3372805687657592,0.0,1.0,0.8653846153846154,0.5031847133757962,0.3137254901960784,0.8666666666666667,0.3541666666666667,0.8497652582159625
0.69,0.83,0.47126436781609193,0.3372805687657592,0.0,1.0,0.8653846153846154,0.5031847133757962,0.3137254901960784,0.8666666666666667,0.3541666666666667,0.8497652582159625
0.69,0.85,0.47126436781609193,0.3372805687657592,0.0,1.0,0.8653846153846154,0.5031847133757962,0.3137254901960784,0.8666666666666667,0.3541666666666667,0.8497652582159625
0.69,0.87,0.47126436781609193,0.3372805687657592,0.0,1.0,0.8653846153846154,0.5031847133757962,0.3137254901960784,0.8666666666666667,0.3541666666666667,0.8497652582159625
0.69,0.89,0.47126436781609193,0.3372805687657592,0.0,1.0,0.8653846153846154,0.5031847133757962,0.3137254901960784,0.8666666666666667,0.3541666666666667,0.8497652582159625
0.69,0.91,0.47126436781609193,0.3372805687657592,0.0,1.0,0.8653846153846154,0.5031847133757962,0.3137254901960784,0.8666666666666667,0.3541666666666667,0.8497652582159625
0.69,0.93,0.47126436781609193,0.3372805687657592,0.0,1.0,0.8653846153846154,0.5031847133757962,0.3137254901960784,0.8666666666666667,0.3541666666666667,0.8497652582159625
0.69,0.95,0.47126436781609193,0.3372805687657592,0.0,1.0,0.8653846153846154,0.5031847133757962,0.3137254901960784,0.8666666666666667,0.3541666666666667,0.8497652582159625
0.71,0.05,0.39080459770114945,0.20412154031287605,0.20689655172413793,0.6354679802955665,0.8653846153846154,0.4713375796178344,0.0,1.0,0.0,0.9906103286384976
0.71,0.07,0.39080459770114945,0.20441291560425134,0.20689655172413793,0.6403940886699507,0.8653846153846154,0.4713375796178344,0.0,0.9952380952380953,0.0,0.9906103286384976
0.71,0.09,0.38697318007662834,0.20174058793192368,0.1896551724137931,0.6502463054187192,0.8653846153846154,0.4713375796178344,0.0,0.9857142857142858,0.0,0.9859154929577465
0.71,0.11,0.39080459770114945,0.21166797994135902,0.1896551724137931,0.6699507389162561,0.8653846153846154,0.4713375796178344,0.0196078431372549,0.9761904761904762,0.0,0.9812206572769953
0.71,0.13,0.38697318007662834,0.21425738148319998,0.15517241379310345,0.6798029556650246,0.8653846153846154,0.4713375796178344,0.0196078431372549,0.9714285714285714,0.020833333333333332,0.971830985915493
0.71,0.15,0.39080459770114945,0.22282783401916978,0.15517241379310345,0.6896551724137931,0.8653846153846154,0.4713375796178344,0.0392156862745098,0.9666666666666667,0.020833333333333332,0.971830985915493
0.71,0.17,0.40229885057471265,0.24753161881021277,0.15517241379310345,0.7241379310344828,0.8653846153846154,0.4713375796178344,0.0784313725490196,0.9571428571428572,0.041666666666666664,0.9624413145539906
0.71,0.19,0.4061302681992337,0.2554412131352051,0.15517241379310345,0.7487684729064039,0.8653846153846154,0.4713375796178344,0.0784313725490196,0.9428571428571428,0.0625,0.9577464788732394
0.71,0.21,0.421455938697318,0.2869094344620572,0.13793103448275862,0.7881773399014779,0.8653846153846154,0.4713375796178344,0.13725490196078433,0.9380952380952381,0.10416666666666667,0.9436619718309859
0.71,0.23,0.4329501915708812,0.3078469558692775,0.1206896551724138,0.8275862068965517,0.8653846153846154,0.4713375796178344,0.1568627450980392,0.9285714285714286,0.16666666666666666,0.9295774647887324
0.71,0.25,0.4367816091954023,0.312755876990691,0.10344827586206896,0.8620689655172413,0.8653846153846154,0.4713375796178344,0.17647058823529413,0.9285714285714286,0.1875,0.9014084507042254
0.71,0.27,0.4444444444444444,0.3232804252763587,0.10344827586206896,0.8866995073891626,0.8653846153846154,0.4713375796178344,0.17647058823529413,0.919047619047619,0.22916666666666666,0.8967136150234741
0.71,0.29,0.4482758620689655,0.327430836244895,0.10344827586206896,0.9113300492610837,0.8653846153846154,0.4713375796178344,0.17647058823529413,0.9095238095238095,0.25,0.8873239436619719
0.71,0.31,0.4559386973180077,0.3381290557859088,0.10344827586206896,0.9310344827586207,0.8653846153846154,0.4713375796178344,0.19607843137254902,0.9095238095238095,0.2708333333333333,0.8779342723004695
0.71,0.33,0.4559386973180077,0.3371354248981829,0.08620689655172414,0.9359605911330049,0.8653846153846154,0.4713375796178344,0.21568627450980393,0.9047619047619048,0.2708333333333333,0.8779342723004695
0.71,0.35,0.46360153256704983,0.3476422910084396,0.08620689655172414,0.9507389162561576,0.8653846153846154,0.4713375796178344,0.23529411764705882,0.9047619047619048,0.2916666666666667,0.8732394366197183
0.71,0.37,0.4674329501915709,0.3527884148803957,0.08620689655172414,0.9605911330049262,0.8653846153846154,0.4713375796178344,0.2549019607843137,0.9,0.2916666666666667,0.8732394366197183
0.71,0.39,0.47126436781609193,0.3575749283570569,0.08620689655172414,0.9704433497536946,0.8653846153846154,0.4713375796178344,0.2549019607843137,0.9,0.3125,0.8685446009389671
0.71,0.41,0.47126436781609193,0.3575749283570569,0.08620689655172414,0.9704433497536946,0.8653846153846154,0.4713375796178344,0.2549019607843137,0.9,0.3125,0.8685446009389671
0.71,0.43,0.47126436781609193,0.3575749283570569,0.08620689655172414,0.9704433497536946,0.8653846153846154,0.4713375796178344,0.2549019607843137,0.9,0.3125,0.8685446009389671
0.71,0.45,0.47509578544061304,0.3623062235699979,0.08620689655172414,0.9802955665024631,0.8653846153846154,0.4713375796178344,0.2549019607843137,0.8952380952380953,0.3333333333333333,0.8685446009389671
0.71,0.47,0.47126436781609193,0.35442706936653107,0.06896551724137931,0.9802955665024631,0.8653846153846154,0.4713375796178344,0.2549019607843137,0.8904761904761904,0.3333333333333333,0.8685446009389671
0.71,0.49,0.47126436781609193,0.354044262518207,0.06896551724137931,0.9852216748768473,0.8653846153846154,0.4713375796178344,0.2549019607843137,0.8857142857142857,0.3333333333333333,0.8685446009389671
0.71,0.51,0.47509578544061304,0.35896635947221134,0.06896551724137931,0.9901477832512315,0.8653846153846154,0.4713375796178344,0.2549019607843137,0.8857142857142857,0.3541666666666667,0.8685446009389671
0.71,0.53,0.4674329501915709,0.34135570834485507,0.034482758620689655,0.9950738916256158,0.8653846153846154,0.4713375796178344,0.2549019607843137,0.8809523809523809,0.3541666666666667,0.8591549295774648
0.71,0.55,0.4674329501915709,0.3408174467456246,0.034482758620689655,1.0,0.8653846153846154,0.4713375796178344,0.2549019607843137,0.8761904761904762,0.3541666666666667,0.8591549295774648
0.71,0.57,0.45977011494252873,0.3224251117414475,0.0,1.0,0.8653846153846154,0.4713375796178344,0.2549019607843137,0.8714285714285714,0.3541666666666667,0.8544600938967136
0.71,0.59,0.45977011494252873,0.3224251117414475,0.0,1.0,0.8653846153846154,0.4713375796178344,0.2549019607843137,0.8714285714285714,0.3541666666666667,0.8544600938967136
0.71,0.61,0.45977011494252873,0.3224251117414475,0.0,1.0,0.8653846153846154,0.4713375796178344,0.2549019607843137,0.8714285714285714,0.3541666666666667,0.8544600938967136
0.71,0.63,0.45977011494252873,0.3224251117414475,0.0,1.0,0.8653846153846154,0.4713375796178344,0.2549019607843137,0.8714285714285714,0.3541666666666667,0.8544600938967136
0.71,0.65,0.45977011494252873,0.3224251117414475,0.0,1.0,0.8653846153846154,0.4713375796178344,0.2549019607843137,0.8714285714285714,0.3541666666666667,0.8544600938967136
0.71,0.67,0.45977011494252873,0.3224251117414475,0.0,1.0,0.8653846153846154,0.4713375796178344,0.2549019607843137,0.8714285714285714,0.3541666666666667,0.8544600938967136
0.71,0.69,0.45977011494252873,0.3224251117414475,0.0,1.0,0.8653846153846154,0.4713375796178344,0.2549019607843137,0.8714285714285714,0.3541666666666667,0.8544600938967136
0.71,0.71,0.45977011494252873,0.3224251117414475,0.0,1.0,0.8653846153846154,0.4713375796178344,0.2549019607843137,0.8714285714285714,0.3541666666666667,0.8544600938967136
0.71,0.73,0.45977011494252873,0.3224251117414475,0.0,1.0,0.8653846153846154,0.4713375796178344,0.2549019607843137,0.8714285714285714,0.3541666666666667,0.8544600938967136
0.71,0.75,0.45977011494252873,0.3224251117414475,0.0,1.0,0.8653846153846154,0.4713375796178344,0.2549019607843137,0.8714285714285714,0.3541666666666667,0.8544600938967136
0.71,0.77,0.45977011494252873,0.3224251117414475,0.0,1.0,0.8653846153846154,0.4713375796178344,0.2549019607843137,0.8714285714285714,0.3541666666666667,0.8544600938967136
0.71,0.79,0.45977011494252873,0.3224251117414475,0.0,1.0,0.8653846153846154,0.4713375796178344,0.2549019607843137,0.8714285714285714,0.3541666666666667,0.8544600938967136
0.71,0.81,0.45977011494252873,0.3224251117414475,0.0,1.0,0.8653846153846154,0.4713375796178344,0.2549019607843137,0.8714285714285714,0.3541666666666667,0.8544600938967136
0.71,0.83,0.45977011494252873,0.3224251117414475,0.0,1.0,0.8653846153846154,0.4713375796178344,0.2549019607843137,0.8714285714285714,0.3541666666666667,0.8544600938967136
0.71,0.85,0.45977011494252873,0.3224251117414475,0.0,1.0,0.8653846153846154,0.4713375796178344,0.2549019607843137,0.8714285714285714,0.3541666666666667,0.8544600938967136
0.71,0.87,0.45977011494252873,0.3224251117414475,0.0,1.0,0.8653846153846154,0.4713375796178344,0.2549019607843137,0.8714285714285714,0.3541666666666667,0.8544600938967136
0.71,0.89,0.45977011494252873,0.3224251117414475,0.0,1.0,0.8653846153846154,0.4713375796178344,0.2549019607843137,0.8714285714285714,0.3541666666666667,0.8544600938967136
0.71,0.91,0.45977011494252873,0.3224251117414475,0.0,1.0,0.8653846153846154,0.4713375796178344,0.2549019607843137,0.8714285714285714,0.3541666666666667,0.8544600938967136
0.71,0.93,0.45977011494252873,0.3224251117414475,0.0,1.0,0.8653846153846154,0.4713375796178344,0.2549019607843137,0.8714285714285714,0.3541666666666667,0.8544600938967136
0.71,0.95,0.45977011494252873,0.3224251117414475,0.0,1.0,0.8653846153846154,0.4713375796178344,0.2549019607843137,0.8714285714285714,0.3541666666666667,0.8544600938967136
0.73,0.05,0.38697318007662834,0.19859668962681198,0.1896551724137931,0.6650246305418719,0.8653846153846154,0.4267515923566879,0.0,1.0,0.0,0.9906103286384976
0.73,0.07,0.38697318007662834,0.19889188069594035,0.1896551724137931,0.6699507389162561,0.8653846153846154,0.4267515923566879,0.0,0.9952380952380953,0.0,0.9906103286384976
0.73,0.09,0.3831417624521073,0.19604468918775814,0.1724137931034483,0.6798029556650246,0.8653846153846154,0.4267515923566879,0.0,0.9857142857142858,0.0,0.9859154929577465
0.73,0.11,0.38697318007662834,0.20598232397239416,0.1724137931034483,0.6995073891625616,0.8653846153846154,0.4267515923566879,0.0196078431372549,0.9761904761904762,0.0,0.9812206572769953
0.73,0.13,0.3831417624521073,0.20816230297143362,0.13793103448275862,0.7093596059113301,0.8653846153846154,0.4267515923566879,0.0196078431372549,0.9714285714285714,0.020833333333333332,0.971830985915493
0.73,0.15,0.38697318007662834,0.21672860518617992,0.13793103448275862,0.7192118226600985,0.8653846153846154,0.4267515923566879,0.0392156862745098,0.9666666666666667,0.020833333333333332,0.971830985915493
0.73,0.17,0.39846743295019155,0.24142484215638663,0.13793103448275862,0.7536945812807881,0.8653846153846154,0.4267515923566879,0.0784313725490196,0.9571428571428572,0.041666666666666664,0.9624413145539906
0.73,0.19,0.40229885057471265,0.24943946502185388,0.13793103448275862,0.7733990147783252,0.8653846153846154,0.4267515923566879,0.0784313725490196,0.9428571428571428,0.0625,0.9624413145539906
0.73,0.21,0.41762452107279696,0.28078956139751127,0.1206896551724138,0.812807881773399,0.8653846153846154,0.4267515923566879,0.13725490196078433,0.9380952380952381,0.10416666666666667,0.9483568075117371
0.73,0.23,0.42911877394636017,0.3015625090392846,0.10344827586206896,0.8522167487684729,0.8653846153846154,0.4267515923566879,0.1568627450980392,0.9285714285714286,0.16666666666666666,0.9342723004694836
0.73,0.25,0.4329501915708812,0.3063968627250496,0.08620689655172414,0.8817733990147784,0.8653846153846154,0.4267515923566879,0.17647058823529413,0.9285714285714286,0.1875,0.9107981220657277
0.73,0.27,0.4367816091954023,0.3111153086971855,0.08620689655172414,0.9014778325123153,0.8653846153846154,0.4267515923566879,0.17647058823529413,0.919047619047619,0.20833333333333334,0.9061032863849765
0.73,0.29,0.44061302681992337,0.3153652461609911,0.08620689655172414,0.9261083743842364,0.8653846153846154,0.4267515923566879,0.17647058823529413,0.9095238095238095,0.22916666666666666,0.8967136150234741
0.73,0.31,0.4482758620689655,0.3265731941851915,0.08620689655172414,0.9408866995073891,0.8653846153846154,0.4267515923566879,0.19607843137254902,0.9095238095238095,0.25,0.892018779342723
0.73,0.33,0.4482758620689655,0.3252102918575381,0.06896551724137931,0.9458128078817734,0.8653846153846154,0.4267515923566879,0.21568627450980393,0.9047619047619048,0.25,0.892018779342723
0.73,0.35,0.4559386973180077,0.33578187765858086,0.06896551724137931,0.9605911330049262,0.8653846153846154,0.4267515923566879,0.23529411764705882,0.9047619047619048,0.2708333333333333,0.8873239436619719
0.73,0.37,0.45977011494252873,0.34080364540182273,0.06896551724137931,0.9704433497536946,0.8653846153846154,0.4267515923566879,0.2549019607843137,0.9,0.2708333333333333,0.8873239436619719
0.73,0.39,0.46360153256704983,0.34616738756651233,0.06896551724137931,0.9753694581280788,0.8653846153846154,0.4267515923566879,0.2549019607843137,0.9,0.2916666666666667,0.8873239436619719
0.73,0.41,0.46360153256704983,0.34616738756651233,0.06896551724137931,0.9753694581280788,0.8653846153846154,0.4267515923566879,0.2549019607843137,0.9,0.2916666666666667,0.8873239436619719
0.73,0.43,0.46360153256704983,0.34616738756651233,0.06896551724137931,0.9753694581280788,0.8653846153846154,0.4267515923566879,0.2549019607843137,0.9,0.2916666666666667,0.8873239436619719
0.73,0.45,0.4674329501915709,0.35100822689514427,0.06896551724137931,0.9852216748768473,0.8653846153846154,0.4267515923566879,0.2549019607843137,0.8952380952380953,0.3125,0.8873239436619719
0.73,0.47,0.46360153256704983,0.3428077444552372,0.05172413793103448,0.9852216748768473,0.8653846153846154,0.4267515923566879,0.2549019607843137,0.8904761904761904,0.3125,0.8873239436619719
0.73,0.49,0.46360153256704983,0.3428077444552372,0.05172413793103448,0.9852216748768473,0.8653846153846154,0.4267515923566879,0.2549019607843137,0.8904761904761904,0.3125,0.8873239436619719
0.73,0.51,0.4674329501915709,0.3478819626221278,0.05172413793103448,0.9901477832512315,0.8653846153846154,0.4267515923566879,0.2549019607843137,0.8904761904761904,0.3333333333333333,0.8873239436619719
0.73,0.53,0.45977011494252873,0.32953656281121074,0.017241379310344827,0.9950738916256158,0.8653846153846154,0.4267515923566879,0.2549019607843137,0.8857142857142857,0.3333333333333333,0.8779342723004695
0.73,0.55,0.45977011494252873,0.328847877250596,0.017241379310344827,1.0,0.8653846153846154,0.4267515923566879,0.2549019607843137,0.8809523809523809,0.3333333333333333,0.8779342723004695
0.73,0.57,0.4559386973180077,0.3193965000026086,0.0,1.0,0.8653846153846154,0.4267515923566879,0.2549019607843137,0.8809523809523809,0.3333333333333333,0.8732394366197183
0.73,0.59,0.4559386973180077,0.3193965000026086,0.0,1.0,0.8653846153846154,0.4267515923566879,0.2549019607843137,0.8809523809523809,0.3333333333333333,0.8732394366197183
0.73,0.61,0.4559386973180077,0.3193965000026086,0.0,1.0,0.8653846153846154,0.4267515923566879,0.2549019607843137,0.8809523809523809,0.3333333333333333,0.8732394366197183
0.73,0.63,0.4559386973180077,0.3193965000026086,0.0,1.0,0.8653846153846154,0.4267515923566879,0.2549019607843137,0.8809523809523809,0.3333333333333333,0.8732394366197183
0.73,0.65,0.4559386973180077,0.3193965000026086,0.0,1.0,0.8653846153846154,0.4267515923566879,0.2549019607843137,0.8809523809523809,0.3333333333333333,0.8732394366197183
0.73,0.67,0.4559386973180077,0.3193965000026086,0.0,1.0,0.8653846153846154,0.4267515923566879,0.2549019607843137,0.8809523809523809,0.3333333333333333,0.8732394366197183
0.73,0.69,0.4559386973180077,0.3193965000026086,0.0,1.0,0.8653846153846154,0.4267515923566879,0.2549019607843137,0.8809523809523809,0.3333333333333333,0.8732394366197183
0.73,0.71,0.4559386973180077,0.3193965000026086,0.0,1.0,0.8653846153846154,0.4267515923566879,0.2549019607843137,0.8809523809523809,0.3333333333333333,0.8732394366197183
0.73,0.73,0.4559386973180077,0.3193965000026086,0.0,1.0,0.8653846153846154,0.4267515923566879,0.2549019607843137,0.8809523809523809,0.3333333333333333,0.8732394366197183
0.73,0.75,0.4559386973180077,0.3193965000026086,0.0,1.0,0.8653846153846154,0.4267515923566879,0.2549019607843137,0.8809523809523809,0.3333333333333333,0.8732394366197183
0.73,0.77,0.4559386973180077,0.3193965000026086,0.0,1.0,0.8653846153846154,0.4267515923566879,0.2549019607843137,0.8809523809523809,0.3333333333333333,0.8732394366197183
0.73,0.79,0.4559386973180077,0.3193965000026086,0.0,1.0,0.8653846153846154,0.4267515923566879,0.2549019607843137,0.8809523809523809,0.3333333333333333,0.8732394366197183
0.73,0.81,0.4559386973180077,0.3193965000026086,0.0,1.0,0.8653846153846154,0.4267515923566879,0.2549019607843137,0.8809523809523809,0.3333333333333333,0.8732394366197183
0.73,0.83,0.4559386973180077,0.3193965000026086,0.0,1.0,0.8653846153846154,0.4267515923566879,0.2549019607843137,0.8809523809523809,0.3333333333333333,0.8732394366197183
0.73,0.85,0.4559386973180077,0.3193965000026086,0.0,1.0,0.8653846153846154,0.4267515923566879,0.2549019607843137,0.8809523809523809,0.3333333333333333,0.8732394366197183
0.73,0.87,0.4559386973180077,0.3193965000026086,0.0,1.0,0.8653846153846154,0.4267515923566879,0.2549019607843137,0.8809523809523809,0.3333333333333333,0.8732394366197183
0.73,0.89,0.4559386973180077,0.3193965000026086,0.0,1.0,0.8653846153846154,0.4267515923566879,0.2549019607843137,0.8809523809523809,0.3333333333333333,0.8732394366197183
0.73,0.91,0.4559386973180077,0.3193965000026086,0.0,1.0,0.8653846153846154,0.4267515923566879,0.2549019607843137,0.8809523809523809,0.3333333333333333,0.8732394366197183
0.73,0.93,0.4559386973180077,0.3193965000026086,0.0,1.0,0.8653846153846154,0.4267515923566879,0.2549019607843137,0.8809523809523809,0.3333333333333333,0.8732394366197183
0.73,0.95,0.4559386973180077,0.3193965000026086,0.0,1.0,0.8653846153846154,0.4267515923566879,0.2549019607843137,0.8809523809523809,0.3333333333333333,0.8732394366197183
0.75,0.05,0.38697318007662834,0.19413198350206223,0.1724137931034483,0.7093596059113301,0.875,0.36942675159235666,0.0,1.0,0.0,0.9906103286384976
0.75,0.07,0.38697318007662834,0.19444444444444445,0.1724137931034483,0.7142857142857143,0.875,0.36942675159235666,0.0,0.9952380952380953,0.0,0.9906103286384976
0.75,0.09,0.3831417624521073,0.19105222734254992,0.15517241379310345,0.7192118226600985,0.875,0.36942675159235666,0.0,0.9904761904761905,0.0,0.9859154929577465
0.75,0.11,0.38697318007662834,0.2011904761904762,0.15517241379310345,0.7389162561576355,0.875,0.36942675159235666,0.0196078431372549,0.9809523809523809,0.0,0.9812206572769953
0.75,0.13,0.3831417624521073,0.20279715747047872,0.1206896551724138,0.7487684729064039,0.875,0.36942675159235666,0.0196078431372549,0.9761904761904762,0.020833333333333332,0.971830985915493
0.75,0.15,0.3831417624521073,0.2029082861166819,0.1206896551724138,0.7536945812807881,0.875,0.36942675159235666,0.0196078431372549,0.9714285714285714,0.020833333333333332,0.971830985915493
0.75,0.17,0.39080459770114945,0.22050681843831968,0.1206896551724138,0.7832512315270936,0.875,0.36942675159235666,0.0392156862745098,0.9619047619047619,0.041666666666666664,0.9624413145539906
0.75,0.19,0.3946360153256705,0.2291439669087974,0.1206896551724138,0.8029556650246306,0.875,0.36942675159235666,0.0392156862745098,0.9476190476190476,0.0625,0.9624413145539906
0.75,0.21,0.4061302681992337,0.2543969200583459,0.10344827586206896,0.8325123152709359,0.875,0.36942675159235666,0.09803921568627451,0.9428571428571428,0.08333333333333333,0.9530516431924883
0.75,0.23,0.41762452107279696,0.2765759017644089,0.08620689655172414,0.8719211822660099,0.875,0.36942675159235666,0.11764705882352941,0.9333333333333333,0.14583333333333334,0.9389671361502347
0.75,0.25,0.421455938697318,0.2818173138295089,0.06896551724137931,0.9014778325123153,0.875,0.36942675159235666,0.13725490196078433,0.9333333333333333,0.16666666666666666,0.9154929577464789
0.75,0.27,0.42528735632183906,0.2869107540160172,0.06896551724137931,0.9211822660098522,0.875,0.36942675159235666,0.13725490196078433,0.9238095238095239,0.1875,0.9107981220657277
0.75,0.29,0.42911877394636017,0.29150293585533105,0.06896551724137931,0.9458128078817734,0.875,0.36942675159235666,0.13725490196078433,0.9142857142857143,0.20833333333333334,0.9014084507042254
0.75,0.31,0.4367816091954023,0.3031826198492865,0.06896551724137931,0.9605911330049262,0.875,0.36942675159235666,0.1568627450980392,0.9142857142857143,0.22916666666666666,0.8967136150234741
0.75,0.33,0.4329501915708812,0.2956843210466399,0.05172413793103448,0.9605911330049262,0.875,0.36942675159235666,0.1568627450980392,0.9095238095238095,0.22916666666666666,0.8967136150234741
0.75,0.35,0.44061302681992337,0.30674035943213923,0.05172413793103448,0.9753694581280788,0.875,0.36942675159235666,0.17647058823529413,0.9095238095238095,0.25,0.892018779342723
0.75,0.37,0.44061302681992337,0.3063779844653339,0.05172413793103448,0.9802955665024631,0.875,0.36942675159235666,0.17647058823529413,0.9047619047619048,0.25,0.892018779342723
0.75,0.39,0.44061302681992337,0.3063779844653339,0.05172413793103448,0.9802955665024631,0.875,0.36942675159235666,0.17647058823529413,0.9047619047619048,0.25,0.892018779342723
0.75,0.41,0.44061302681992337,0.3063779844653339,0.05172413793103448,0.9802955665024631,0.875,0.36942675159235666,0.17647058823529413,0.9047619047619048,0.25,0.892018779342723
0.75,0.43,0.44061302681992337,0.3063779844653339,0.05172413793103448,0.9802955665024631,0.875,0.36942675159235666,0.17647058823529413,0.9047619047619048,0.25,0.892018779342723
0.75,0.45,0.4444444444444444,0.3118303571428571,0.05172413793103448,0.9852216748768473,0.875,0.36942675159235666,0.17647058823529413,0.9047619047619048,0.2708333333333333,0.892018779342723
0.75,0.47,0.44061302681992337,0.3035714285714286,0.034482758620689655,0.9852216748768473,0.875,0.36942675159235666,0.17647058823529413,0.9,0.2708333333333333,0.892018779342723
0.75,0.49,0.44061302681992337,0.3035714285714286,0.034482758620689655,0.9852216748768473,0.875,0.36942675159235666,0.17647058823529413,0.9,0.2708333333333333,0.892018779342723
0.75,0.51,0.4444444444444444,0.3087994337519954,0.034482758620689655,0.9901477832512315,0.875,0.36942675159235666,0.17647058823529413,0.9,0.2916666666666667,0.892018779342723
0.75,0.53,0.44061302681992337,0.2993686357129352,0.017241379310344827,0.9950738916256158,0.875,0.36942675159235666,0.17647058823529413,0.8952380952380953,0.2916666666666667,0.8873239436619719
0.75,0.55,0.44061302681992337,0.29884869734018005,0.017241379310344827,1.0,0.875,0.36942675159235666,0.17647058823529413,0.8904761904761904,0.2916666666666667,0.8873239436619719
0.75,0.57,0.4367816091954023,0.28943854234672683,0.0,1.0,0.875,0.36942675159235666,0.17647058823529413,0.8904761904761904,0.2916666666666667,0.8826291079812206
0.75,0.59,0.4367816091954023,0.28943854234672683,0.0,1.0,0.875,0.36942675159235666,0.17647058823529413,0.8904761904761904,0.2916666666666667,0.8826291079812206
0.75,0.61,0.4367816091954023,0.28943854234672683,0.0,1.0,0.875,0.36942675159235666,0.17647058823529413,0.8904761904761904,0.2916666666666667,0.8826291079812206
0.75,0.63,0.4367816091954023,0.28943854234672683,0.0,1.0,0.875,0.36942675159235666,0.17647058823529413,0.8904761904761904,0.2916666666666667,0.8826291079812206
0.75,0.65,0.4367816091954023,0.28943854234672683,0.0,1.0,0.875,0.36942675159235666,0.17647058823529413,0.8904761904761904,0.2916666666666667,0.8826291079812206
0.75,0.67,0.4367816091954023,0.28943854234672683,0.0,1.0,0.875,0.36942675159235666,0.17647058823529413,0.8904761904761904,0.2916666666666667,0.8826291079812206
0.75,0.69,0.4367816091954023,0.28943854234672683,0.0,1.0,0.875,0.36942675159235666,0.17647058823529413,0.8904761904761904,0.2916666666666667,0.8826291079812206
0.75,0.71,0.4367816091954023,0.28943854234672683,0.0,1.0,0.875,0.36942675159235666,0.17647058823529413,0.8904761904761904,0.2916666666666667,0.8826291079812206
0.75,0.73,0.4367816091954023,0.28943854234672683,0.0,1.0,0.875,0.36942675159235666,0.17647058823529413,0.8904761904761904,0.2916666666666667,0.8826291079812206
0.75,0.75,0.4367816091954023,0.28943854234672683,0.0,1.0,0.875,0.36942675159235666,0.17647058823529413,0.8904761904761904,0.2916666666666667,0.8826291079812206
0.75,0.77,0.4367816091954023,0.28943854234672683,0.0,1.0,0.875,0.36942675159235666,0.17647058823529413,0.8904761904761904,0.2916666666666667,0.8826291079812206
0.75,0.79,0.4367816091954023,0.28943854234672683,0.0,1.0,0.875,0.36942675159235666,0.17647058823529413,0.8904761904761904,0.2916666666666667,0.8826291079812206
0.75,0.81,0.4367816091954023,0.28943854234672683,0.0,1.0,0.875,0.36942675159235666,0.17647058823529413,0.8904761904761904,0.2916666666666667,0.8826291079812206
0.75,0.83,0.4367816091954023,0.28943854234672683,0.0,1.0,0.875,0.36942675159235666,0.17647058823529413,0.8904761904761904,0.2916666666666667,0.8826291079812206
0.75,0.85,0.4367816091954023,0.28943854234672683,0.0,1.0,0.875,0.36942675159235666,0.17647058823529413,0.8904761904761904,0.2916666666666667,0.8826291079812206
0.75,0.87,0.4367816091954023,0.28943854234672683,0.0,1.0,0.875,0.36942675159235666,0.17647058823529413,0.8904761904761904,0.2916666666666667,0.8826291079812206
0.75,0.89,0.4367816091954023,0.28943854234672683,0.0,1.0,0.875,0.36942675159235666,0.17647058823529413,0.8904761904761904,0.2916666666666667,0.8826291079812206
0.75,0.91,0.4367816091954023,0.28943854234672683,0.0,1.0,0.875,0.36942675159235666,0.17647058823529413,0.8904761904761904,0.2916666666666667,0.8826291079812206
0.75,0.93,0.4367816091954023,0.28943854234672683,0.0,1.0,0.875,0.36942675159235666,0.17647058823529413,0.8904761904761904,0.2916666666666667,0.8826291079812206
0.75,0.95,0.4367816091954023,0.28943854234672683,0.0,1.0,0.875,0.36942675159235666,0.17647058823529413,0.8904761904761904,0.2916666666666667,0.8826291079812206
0.77,0.05,0.37547892720306514,0.18032945736434108,0.1206896551724138,0.729064039408867,0.875,0.3248407643312102,0.0,1.0,0.0,0.9906103286384976
0.77,0.07,0.37547892720306514,0.18057455540355677,0.1206896551724138,0.7339901477832512,0.875,0.3248407643312102,0.0,0.9952380952380953,0.0,0.9906103286384976
0.77,0.09,0.3716475095785441,0.17680381633870004,0.10344827586206896,0.7389162561576355,0.875,0.3248407643312102,0.0,0.9904761904761905,0.0,0.9859154929577465
0.77,0.11,0.37547892720306514,0.1866400346926175,0.10344827586206896,0.7586206896551724,0.875,0.3248407643312102,0.0196078431372549,0.9809523809523809,0.0,0.9812206572769953
0.77,0.13,0.3716475095785441,0.18737425346635592,0.06896551724137931,0.7684729064039408,0.875,0.3248407643312102,0.0196078431372549,0.9761904761904762,0.020833333333333332,0.971830985915493
0.77,0.15,0.3716475095785441,0.18739290796227442,0.06896551724137931,0.7733990147783252,0.875,0.3248407643312102,0.0196078431372549,0.9714285714285714,0.020833333333333332,0.971830985915493
0.77,0.17,0.37547892720306514,0.1961549790695079,0.06896551724137931,0.7980295566502463,0.875,0.3248407643312102,0.0196078431372549,0.9619047619047619,0.041666666666666664,0.9624413145539906
0.77,0.19,0.3793103448275862,0.20472504764976185,0.06896551724137931,0.8177339901477833,0.875,0.3248407643312102,0.0196078431372549,0.9476190476190476,0.0625,0.9624413145539906
0.77,0.21,0.39080459770114945,0.2295759493085471,0.05172413793103448,0.8472906403940886,0.875,0.3248407643312102,0.0784313725490196,0.9428571428571428,0.08333333333333333,0.9530516431924883
0.77,0.23,0.4061302681992337,0.2576081630152929,0.05172413793103448,0.8768472906403941,0.875,0.3248407643312102,0.09803921568627451,0.9428571428571428,0.14583333333333334,0.9436619718309859
0.77,0.25,0.4099616858237548,0.2620937999632861,0.034482758620689655,0.9064039408866995,0.875,0.3248407643312102,0.11764705882352941,0.9428571428571428,0.16666666666666666,0.92018779342723
0.77,0.27,0.41379310344827586,0.26674964515776833,0.034482758620689655,0.9261083743842364,0.875,0.3248407643312102,0.11764705882352941,0.9333333333333333,0.1875,0.9154929577464789
0.77,0.29,0.41762452107279696,0.2706469594969117,0.034482758620689655,0.9507389162561576,0.875,0.3248407643312102,0.11764705882352941,0.9238095238095239,0.20833333333333334,0.9061032863849765
0.77,0.31,0.42528735632183906,0.2821354611293001,0.034482758620689655,0.9655172413793104,0.875,0.3248407643312102,0.13725490196078433,0.9238095238095239,0.22916666666666666,0.9014084507042254
0.77,0.33,0.42528735632183906,0.2821354611293001,0.034482758620689655,0.9655172413793104,0.875,0.3248407643312102,0.13725490196078433,0.9238095238095239,0.22916666666666666,0.9014084507042254
0.77,0.35,0.4329501915708812,0.29329185573832484,0.034482758620689655,0.9802955665024631,0.875,0.3248407643312102,0.1568627450980392,0.9238095238095239,0.25,0.8967136150234741
0.77,0.37,0.4329501915708812,0.2928381172253758,0.034482758620689655,0.9852216748768473,0.875,0.3248407643312102,0.1568627450980392,0.919047619047619,0.25,0.8967136150234741
0.77,0.39,0.4329501915708812,0.2928381172253758,0.034482758620689655,0.9852216748768473,0.875,0.3248407643312102,0.1568627450980392,0.919047619047619,0.25,0.8967136150234741
0.77,0.41,0.4329501915708812,0.2928381172253758,0.034482758620689655,0.9852216748768473,0.875,0.3248407643312102,0.1568627450980392,0.919047619047619,0.25,0.8967136150234741
0.77,0.43,0.4329501915708812,0.2928381172253758,0.034482758620689655,0.9852216748768473,0.875,0.3248407643312102,0.1568627450980392,0.919047619047619,0.25,0.8967136150234741
0.77,0.45,0.4329501915708812,0.2928381172253758,0.034482758620689655,0.9852216748768473,0.875,0.3248407643312102,0.1568627450980392,0.919047619047619,0.25,0.8967136150234741
0.77,0.47,0.4329501915708812,0.2928381172253758,0.034482758620689655,0.9852216748768473,0.875,0.3248407643312102,0.1568627450980392,0.919047619047619,0.25,0.8967136150234741
0.77,0.49,0.4329501915708812,0.2928381172253758,0.034482758620689655,0.9852216748768473,0.875,0.3248407643312102,0.1568627450980392,0.919047619047619,0.25,0.8967136150234741
0.77,0.51,0.4367816091954023,0.2982366549151555,0.034482758620689655,0.9901477832512315,0.875,0.3248407643312102,0.1568627450980392,0.919047619047619,0.2708333333333333,0.8967136150234741
0.77,0.53,0.4329501915708812,0.28882512836001206,0.017241379310344827,0.9950738916256158,0.875,0.3248407643312102,0.1568627450980392,0.9142857142857143,0.2708333333333333,0.892018779342723
0.77,0.55,0.4329501915708812,0.28830037063186453,0.017241379310344827,1.0,0.875,0.3248407643312102,0.1568627450980392,0.9095238095238095,0.2708333333333333,0.892018779342723
0.77,0.57,0.42911877394636017,0.2789154302150198,0.0,1.0,0.875,0.3248407643312102,0.1568627450980392,0.9095238095238095,0.2708333333333333,0.8873239436619719
0.77,0.59,0.42911877394636017,0.2789154302150198,0.0,1.0,0.875,0.3248407643312102,0.1568627450980392,0.9095238095238095,0.2708333333333333,0.8873239436619719
0.77,0.61,0.42911877394636017,0.2789154302150198,0.0,1.0,0.875,0.3248407643312102,0.1568627450980392,0.9095238095238095,0.2708333333333333,0.8873239436619719
0.77,0.63,0.42911877394636017,0.2789154302150198,0.0,1.0,0.875,0.3248407643312102,0.1568627450980392,0.9095238095238095,0.2708333333333333,0.8873239436619719
0.77,0.65,0.42911877394636017,0.2789154302150198,0.0,1.0,0.875,0.3248407643312102,0.1568627450980392,0.9095238095238095,0.2708333333333333,0.8873239436619719
0.77,0.67,0.42911877394636017,0.2789154302150198,0.0,1.0,0.875,0.3248407643312102,0.1568627450980392,0.9095238095238095,0.2708333333333333,0.8873239436619719
0.77,0.69,0.42911877394636017,0.2789154302150198,0.0,1.0,0.875,0.3248407643312102,0.1568627450980392,0.9095238095238095,0.2708333333333333,0.8873239436619719
0.77,0.71,0.42911877394636017,0.2789154302150198,0.0,1.0,0.875,0.3248407643312102,0.1568627450980392,0.9095238095238095,0.2708333333333333,0.8873239436619719
0.77,0.73,0.42911877394636017,0.2789154302150198,0.0,1.0,0.875,0.3248407643312102,0.1568627450980392,0.9095238095238095,0.2708333333333333,0.8873239436619719
0.77,0.75,0.42911877394636017,0.2789154302150198,0.0,1.0,0.875,0.3248407643312102,0.1568627450980392,0.9095238095238095,0.2708333333333333,0.8873239436619719
0.77,0.77,0.42911877394636017,0.2789154302150198,0.0,1.0,0.875,0.3248407643312102,0.1568627450980392,0.9095238095238095,0.2708333333333333,0.8873239436619719
0.77,0.79,0.42911877394636017,0.2789154302150198,0.0,1.0,0.875,0.3248407643312102,0.1568627450980392,0.9095238095238095,0.2708333333333333,0.8873239436619719
0.77,0.81,0.42911877394636017,0.2789154302150198,0.0,1.0,0.875,0.3248407643312102,0.1568627450980392,0.9095238095238095,0.2708333333333333,0.8873239436619719
0.77,0.83,0.42911877394636017,0.2789154302150198,0.0,1.0,0.875,0.3248407643312102,0.1568627450980392,0.9095238095238095,0.2708333333333333,0.8873239436619719
0.77,0.85,0.42911877394636017,0.2789154302150198,0.0,1.0,0.875,0.3248407643312102,0.1568627450980392,0.9095238095238095,0.2708333333333333,0.8873239436619719
0.77,0.87,0.42911877394636017,0.2789154302150198,0.0,1.0,0.875,0.3248407643312102,0.1568627450980392,0.9095238095238095,0.2708333333333333,0.8873239436619719
0.77,0.89,0.42911877394636017,0.2789154302150198,0.0,1.0,0.875,0.3248407643312102,0.1568627450980392,0.9095238095238095,0.2708333333333333,0.8873239436619719
0.77,0.91,0.42911877394636017,0.2789154302150198,0.0,1.0,0.875,0.3248407643312102,0.1568627450980392,0.9095238095238095,0.2708333333333333,0.8873239436619719
0.77,0.93,0.42911877394636017,0.2789154302150198,0.0,1.0,0.875,0.3248407643312102,0.1568627450980392,0.9095238095238095,0.2708333333333333,0.8873239436619719
0.77,0.95,0.42911877394636017,0.2789154302150198,0.0,1.0,0.875,0.3248407643312102,0.1568627450980392,0.9095238095238095,0.2708333333333333,0.8873239436619719
0.79,0.05,0.3831417624521073,0.17863993025283348,0.10344827586206896,0.7684729064039408,0.9038461538461539,0.28662420382165604,0.0,1.0,0.0,0.9906103286384976
0.79,0.07,0.3831417624521073,0.17888563049853373,0.10344827586206896,0.7733990147783252,0.9038461538461539,0.28662420382165604,0.0,0.9952380952380953,0.0,0.9906103286384976
0.79,0.09,0.3793103448275862,0.1747610513739546,0.08620689655172414,0.7783251231527094,0.9038461538461539,0.28662420382165604,0.0,0.9904761904761905,0.0,0.9859154929577465
0.79,0.11,0.3831417624521073,0.18451333612623935,0.08620689655172414,0.7931034482758621,0.9038461538461539,0.28662420382165604,0.0196078431372549,0.9857142857142858,0.0,0.9812206572769953
0.79,0.13,0.3793103448275862,0.18448386889380183,0.05172413793103448,0.8029556650246306,0.9038461538461539,0.28662420382165604,0.0196078431372549,0.9809523809523809,0.020833333333333332,0.971830985915493
0.79,0.15,0.3793103448275862,0.18447574214127696,0.05172413793103448,0.8078817733990148,0.9038461538461539,0.28662420382165604,0.0196078431372549,0.9761904761904762,0.020833333333333332,0.971830985915493
0.79,0.17,0.3831417624521073,0.1932563391461157,0.05172413793103448,0.8275862068965517,0.9038461538461539,0.28662420382165604,0.0196078431372549,0.9666666666666667,0.041666666666666664,0.9671361502347418
0.79,0.19,0.3831417624521073,0.193350311262026,0.05172413793103448,0.8423645320197044,0.9038461538461539,0.28662420382165604,0.0196078431372549,0.9523809523809523,0.041666666666666664,0.9671361502347418
0.79,0.21,0.39846743295019155,0.22462351330538205,0.05172413793103448,0.8719211822660099,0.9038461538461539,0.28662420382165604,0.0784313725490196,0.9523809523809523,0.0625,0.9577464788732394
0.79,0.23,0.41379310344827586,0.254164055776959,0.05172413793103448,0.9014778325123153,0.9038461538461539,0.28662420382165604,0.09803921568627451,0.9523809523809523,0.125,0.9483568075117371
0.79,0.25,0.41379310344827586,0.252120799085815,0.034482758620689655,0.9261083743842364,0.9038461538461539,0.28662420382165604,0.09803921568627451,0.9523809523809523,0.14583333333333334,0.9248826291079812
0.79,0.27,0.41762452107279696,0.25725663669835813,0.034482758620689655,0.9458128078817734,0.9038461538461539,0.28662420382165604,0.09803921568627451,0.9428571428571428,0.16666666666666666,0.92018779342723
0.79,0.29,0.421455938697318,0.2622525620744205,0.034482758620689655,0.9655172413793104,0.9038461538461539,0.28662420382165604,0.09803921568627451,0.9333333333333333,0.1875,0.9154929577464789
0.79,0.31,0.42528735632183906,0.2682681777758178,0.034482758620689655,0.9704433497536946,0.9038461538461539,0.28662420382165604,0.09803921568627451,0.9333333333333333,0.20833333333333334,0.9154929577464789
0.79,0.33,0.42528735632183906,0.2682681777758178,0.034482758620689655,0.9704433497536946,0.9038461538461539,0.28662420382165604,0.09803921568627451,0.9333333333333333,0.20833333333333334,0.9154929577464789
0.79,0.35,0.4329501915708812,0.28025226073840337,0.034482758620689655,0.9852216748768473,0.9038461538461539,0.28662420382165604,0.11764705882352941,0.9333333333333333,0.22916666666666666,0.9107981220657277
0.79,0.37,0.4329501915708812,0.2799214226633581,0.034482758620689655,0.9901477832512315,0.9038461538461539,0.28662420382165604,0.11764705882352941,0.9285714285714286,0.22916666666666666,0.9107981220657277
0.79,0.39,0.4329501915708812,0.2799214226633581,0.034482758620689655,0.9901477832512315,0.9038461538461539,0.28662420382165604,0.11764705882352941,0.9285714285714286,0.22916666666666666,0.9107981220657277
0.79,0.41,0.4329501915708812,0.2799214226633581,0.034482758620689655,0.9901477832512315,0.9038461538461539,0.28662420382165604,0.11764705882352941,0.9285714285714286,0.22916666666666666,0.9107981220657277
0.79,0.43,0.4329501915708812,0.2799214226633581,0.034482758620689655,0.9901477832512315,0.9038461538461539,0.28662420382165604,0.11764705882352941,0.9285714285714286,0.22916666666666666,0.9107981220657277
0.79,0.45,0.4329501915708812,0.2799214226633581,0.034482758620689655,0.9901477832512315,0.9038461538461539,0.28662420382165604,0.11764705882352941,0.9285714285714286,0.22916666666666666,0.9107981220657277
0.79,0.47,0.4329501915708812,0.2799214226633581,0.034482758620689655,0.9901477832512315,0.9038461538461539,0.28662420382165604,0.11764705882352941,0.9285714285714286,0.22916666666666666,0.9107981220657277
0.79,0.49,0.4329501915708812,0.2799214226633581,0.034482758620689655,0.9901477832512315,0.9038461538461539,0.28662420382165604,0.11764705882352941,0.9285714285714286,0.22916666666666666,0.9107981220657277
0.79,0.51,0.4367816091954023,0.28562237960403153,0.034482758620689655,0.9950738916256158,0.9038461538461539,0.28662420382165604,0.11764705882352941,0.9285714285714286,0.25,0.9107981220657277
0.79,0.53,0.4329501915708812,0.2761833699079518,0.017241379310344827,1.0,0.9038461538461539,0.28662420382165604,0.11764705882352941,0.9238095238095239,0.25,0.9061032863849765
0.79,0.55,0.4329501915708812,0.2761833699079518,0.017241379310344827,1.0,0.9038461538461539,0.28662420382165604,0.11764705882352941,0.9238095238095239,0.25,0.9061032863849765
0.79,0.57,0.42911877394636017,0.2667828677108394,0.0,1.0,0.9038461538461539,0.28662420382165604,0.11764705882352941,0.9238095238095239,0.25,0.9014084507042254
0.79,0.59,0.42911877394636017,0.2667828677108394,0.0,1.0,0.9038461538461539,0.28662420382165604,0.11764705882352941,0.9238095238095239,0.25,0.9014084507042254
0.79,0.61,0.42911877394636017,0.2667828677108394,0.0,1.0,0.9038461538461539,0.28662420382165604,0.11764705882352941,0.9238095238095239,0.25,0.9014084507042254
0.79,0.63,0.42911877394636017,0.2667828677108394,0.0,1.0,0.9038461538461539,0.28662420382165604,0.11764705882352941,0.9238095238095239,0.25,0.9014084507042254
0.79,0.65,0.42911877394636017,0.2667828677108394,0.0,1.0,0.9038461538461539,0.28662420382165604,0.11764705882352941,0.9238095238095239,0.25,0.9014084507042254
0.79,0.67,0.42911877394636017,0.2667828677108394,0.0,1.0,0.9038461538461539,0.28662420382165604,0.11764705882352941,0.9238095238095239,0.25,0.9014084507042254
0.79,0.69,0.42911877394636017,0.2667828677108394,0.0,1.0,0.9038461538461539,0.28662420382165604,0.11764705882352941,0.9238095238095239,0.25,0.9014084507042254
0.79,0.71,0.42911877394636017,0.2667828677108394,0.0,1.0,0.9038461538461539,0.28662420382165604,0.11764705882352941,0.9238095238095239,0.25,0.9014084507042254
0.79,0.73,0.42911877394636017,0.2667828677108394,0.0,1.0,0.9038461538461539,0.28662420382165604,0.11764705882352941,0.9238095238095239,0.25,0.9014084507042254
0.79,0.75,0.42911877394636017,0.2667828677108394,0.0,1.0,0.9038461538461539,0.28662420382165604,0.11764705882352941,0.9238095238095239,0.25,0.9014084507042254
0.79,0.77,0.42911877394636017,0.2667828677108394,0.0,1.0,0.9038461538461539,0.28662420382165604,0.11764705882352941,0.9238095238095239,0.25,0.9014084507042254
0.79,0.79,0.42911877394636017,0.2667828677108394,0.0,1.0,0.9038461538461539,0.28662420382165604,0.11764705882352941,0.9238095238095239,0.25,0.9014084507042254
0.79,0.81,0.42911877394636017,0.2667828677108394,0.0,1.0,0.9038461538461539,0.28662420382165604,0.11764705882352941,0.9238095238095239,0.25,0.9014084507042254
0.79,0.83,0.42911877394636017,0.2667828677108394,0.0,1.0,0.9038461538461539,0.28662420382165604,0.11764705882352941,0.9238095238095239,0.25,0.9014084507042254
0.79,0.85,0.42911877394636017,0.2667828677108394,0.0,1.0,0.9038461538461539,0.28662420382165604,0.11764705882352941,0.9238095238095239,0.25,0.9014084507042254
0.79,0.87,0.42911877394636017,0.2667828677108394,0.0,1.0,0.9038461538461539,0.28662420382165604,0.11764705882352941,0.9238095238095239,0.25,0.9014084507042254
0.79,0.89,0.42911877394636017,0.2667828677108394,0.0,1.0,0.9038461538461539,0.28662420382165604,0.11764705882352941,0.9238095238095239,0.25,0.9014084507042254
0.79,0.91,0.42911877394636017,0.2667828677108394,0.0,1.0,0.9038461538461539,0.28662420382165604,0.11764705882352941,0.9238095238095239,0.25,0.9014084507042254
0.79,0.93,0.42911877394636017,0.2667828677108394,0.0,1.0,0.9038461538461539,0.28662420382165604,0.11764705882352941,0.9238095238095239,0.25,0.9014084507042254
0.79,0.95,0.42911877394636017,0.2667828677108394,0.0,1.0,0.9038461538461539,0.28662420382165604,0.11764705882352941,0.9238095238095239,0.25,0.9014084507042254
0.81,0.05,0.3831417624521073,0.17641744548286603,0.10344827586206896,0.8226600985221675,0.9038461538461539,0.21656050955414013,0.0,1.0,0.0,0.9906103286384976
0.81,0.07,0.3831417624521073,0.17672047578589634,0.10344827586206896,0.8275862068965517,0.9038461538461539,0.21656050955414013,0.0,0.9952380952380953,0.0,0.9906103286384976
0.81,0.09,0.3793103448275862,0.17192764956449869,0.08620689655172414,0.8275862068965517,0.9038461538461539,0.21656050955414013,0.0,0.9904761904761905,0.0,0.9906103286384976
0.81,0.11,0.3831417624521073,0.18182414404745934,0.08620689655172414,0.8423645320197044,0.9038461538461539,0.21656050955414013,0.0196078431372549,0.9857142857142858,0.0,0.9859154929577465
0.81,0.13,0.3793103448275862,0.18108879265421318,0.05172413793103448,0.8522167487684729,0.9038461538461539,0.21656050955414013,0.0196078431372549,0.9809523809523809,0.020833333333333332,0.9765258215962441
0.81,0.15,0.3793103448275862,0.18108879265421318,0.05172413793103448,0.8522167487684729,0.9038461538461539,0.21656050955414013,0.0196078431372549,0.9809523809523809,0.020833333333333332,0.9765258215962441
0.81,0.17,0.3831417624521073,0.19013665730552612,0.05172413793103448,0.8719211822660099,0.9038461538461539,0.21656050955414013,0.0196078431372549,0.9714285714285714,0.041666666666666664,0.971830985915493
0.81,0.19,0.3831417624521073,0.19025498049687162,0.05172413793103448,0.8817733990147784,0.9038461538461539,0.21656050955414013,0.0196078431372549,0.9619047619047619,0.041666666666666664,0.971830985915493
0.81,0.21,0.38697318007662834,0.19842703691156616,0.05172413793103448,0.8916256157635468,0.9038461538461539,0.21656050955414013,0.0392156862745098,0.9619047619047619,0.041666666666666664,0.9671361502347418
0.81,0.23,0.40229885057471265,0.23041409399564358,0.05172413793103448,0.9211822660098522,0.9038461538461539,0.21656050955414013,0.058823529411764705,0.9619047619047619,0.10416666666666667,0.9577464788732394
0.81,0.25,0.40229885057471265,0.22927600216183677,0.034482758620689655,0.9408866995073891,0.9038461538461539,0.21656050955414013,0.058823529411764705,0.9619047619047619,0.125,0.9389671361502347
0.81,0.27,0.4061302681992337,0.23528546551696664,0.034482758620689655,0.9605911330049262,0.9038461538461539,0.21656050955414013,0.058823529411764705,0.9523809523809523,0.14583333333333334,0.9342723004694836
0.81,0.29,0.4099616858237548,0.2416721907376113,0.034482758620689655,0.9753694581280788,0.9038461538461539,0.21656050955414013,0.058823529411764705,0.9428571428571428,0.16666666666666666,0.9342723004694836
0.81,0.31,0.4099616858237548,0.2416721907376113,0.034482758620689655,0.9753694581280788,0.9038461538461539,0.21656050955414013,0.058823529411764705,0.9428571428571428,0.16666666666666666,0.9342723004694836
0.81,0.33,0.4099616858237548,0.2416721907376113,0.034482758620689655,0.9753694581280788,0.9038461538461539,0.21656050955414013,0.058823529411764705,0.9428571428571428,0.16666666666666666,0.9342723004694836
0.81,0.35,0.41762452107279696,0.25489722400958725,0.034482758620689655,0.9901477832512315,0.9038461538461539,0.21656050955414013,0.0784313725490196,0.9428571428571428,0.1875,0.9295774647887324
0.81,0.37,0.41762452107279696,0.2547226528116992,0.034482758620689655,0.9950738916256158,0.9038461538461539,0.21656050955414013,0.0784313725490196,0.9380952380952381,0.1875,0.9295774647887324
0.81,0.39,0.41762452107279696,0.2547226528116992,0.034482758620689655,0.9950738916256158,0.9038461538461539,0.21656050955414013,0.0784313725490196,0.9380952380952381,0.1875,0.9295774647887324
0.81,0.41,0.41762452107279696,0.2547226528116992,0.034482758620689655,0.9950738916256158,0.9038461538461539,0.21656050955414013,0.0784313725490196,0.9380952380952381,0.1875,0.9295774647887324
0.81,0.43,0.41762452107279696,0.2547226528116992,0.034482758620689655,0.9950738916256158,0.9038461538461539,0.21656050955414013,0.0784313725490196,0.9380952380952381,0.1875,0.9295774647887324
0.81,0.45,0.41762452107279696,0.2547226528116992,0.034482758620689655,0.9950738916256158,0.9038461538461539,0.21656050955414013,0.0784313725490196,0.9380952380952381,0.1875,0.9295774647887324
0.81,0.47,0.41762452107279696,0.2547226528116992,0.034482758620689655,0.9950738916256158,0.9038461538461539,0.21656050955414013,0.0784313725490196,0.9380952380952381,0.1875,0.9295774647887324
0.81,0.49,0.41762452107279696,0.2547226528116992,0.034482758620689655,0.9950738916256158,0.9038461538461539,0.21656050955414013,0.0784313725490196,0.9380952380952381,0.1875,0.9295774647887324
0.81,0.51,0.41762452107279696,0.2547226528116992,0.034482758620689655,0.9950738916256158,0.9038461538461539,0.21656050955414013,0.0784313725490196,0.9380952380952381,0.1875,0.9295774647887324
0.81,0.53,0.41379310344827586,0.24552136461686763,0.017241379310344827,1.0,0.9038461538461539,0.21656050955414013,0.0784313725490196,0.9333333333333333,0.1875,0.9248826291079812
0.81,0.55,0.41379310344827586,0.24552136461686763,0.017241379310344827,1.0,0.9038461538461539,0.21656050955414013,0.0784313725490196,0.9333333333333333,0.1875,0.9248826291079812
0.81,0.57,0.4099616858237548,0.23621376354005363,0.0,1.0,0.9038461538461539,0.21656050955414013,0.0784313725490196,0.9333333333333333,0.1875,0.92018779342723
0.81,0.59,0.4099616858237548,0.23621376354005363,0.0,1.0,0.9038461538461539,0.21656050955414013,0.0784313725490196,0.9333333333333333,0.1875,0.92018779342723
0.81,0.61,0.4099616858237548,0.23621376354005363,0.0,1.0,0.9038461538461539,0.21656050955414013,0.0784313725490196,0.9333333333333333,0.1875,0.92018779342723
0.81,0.63,0.4099616858237548,0.23621376354005363,0.0,1.0,0.9038461538461539,0.21656050955414013,0.0784313725490196,0.9333333333333333,0.1875,0.92018779342723
0.81,0.65,0.4099616858237548,0.23621376354005363,0.0,1.0,0.9038461538461539,0.21656050955414013,0.0784313725490196,0.9333333333333333,0.1875,0.92018779342723
0.81,0.67,0.4099616858237548,0.23621376354005363,0.0,1.0,0.9038461538461539,0.21656050955414013,0.0784313725490196,0.9333333333333333,0.1875,0.92018779342723
0.81,0.69,0.4099616858237548,0.23621376354005363,0.0,1.0,0.9038461538461539,0.21656050955414013,0.0784313725490196,0.9333333333333333,0.1875,0.92018779342723
0.81,0.71,0.4099616858237548,0.23621376354005363,0.0,1.0,0.9038461538461539,0.21656050955414013,0.0784313725490196,0.9333333333333333,0.1875,0.92018779342723
0.81,0.73,0.4099616858237548,0.23621376354005363,0.0,1.0,0.9038461538461539,0.21656050955414013,0.0784313725490196,0.9333333333333333,0.1875,0.92018779342723
0.81,0.75,0.4099616858237548,0.23621376354005363,0.0,1.0,0.9038461538461539,0.21656050955414013,0.0784313725490196,0.9333333333333333,0.1875,0.92018779342723
0.81,0.77,0.4099616858237548,0.23621376354005363,0.0,1.0,0.9038461538461539,0.21656050955414013,0.0784313725490196,0.9333333333333333,0.1875,0.92018779342723
0.81,0.79,0.4099616858237548,0.23621376354005363,0.0,1.0,0.9038461538461539,0.21656050955414013,0.0784313725490196,0.9333333333333333,0.1875,0.92018779342723
0.81,0.81,0.4099616858237548,0.23621376354005363,0.0,1.0,0.9038461538461539,0.21656050955414013,0.0784313725490196,0.9333333333333333,0.1875,0.92018779342723
0.81,0.83,0.4099616858237548,0.23621376354005363,0.0,1.0,0.9038461538461539,0.21656050955414013,0.0784313725490196,0.9333333333333333,0.1875,0.92018779342723
0.81,0.85,0.4099616858237548,0.23621376354005363,0.0,1.0,0.9038461538461539,0.21656050955414013,0.0784313725490196,0.9333333333333333,0.1875,0.92018779342723
0.81,0.87,0.4099616858237548,0.23621376354005363,0.0,1.0,0.9038461538461539,0.21656050955414013,0.0784313725490196,0.9333333333333333,0.1875,0.92018779342723
0.81,0.89,0.4099616858237548,0.23621376354005363,0.0,1.0,0.9038461538461539,0.21656050955414013,0.0784313725490196,0.9333333333333333,0.1875,0.92018779342723
0.81,0.91,0.4099616858237548,0.23621376354005363,0.0,1.0,0.9038461538461539,0.21656050955414013,0.0784313725490196,0.9333333333333333,0.1875,0.92018779342723
0.81,0.93,0.4099616858237548,0.23621376354005363,0.0,1.0,0.9038461538461539,0.21656050955414013,0.0784313725490196,0.9333333333333333,0.1875,0.92018779342723
0.81,0.95,0.4099616858237548,0.23621376354005363,0.0,1.0,0.9038461538461539,0.21656050955414013,0.0784313725490196,0.9333333333333333,0.1875,0.92018779342723
0.83,0.05,0.39846743295019155,0.18109354413702242,0.10344827586206896,0.8620689655172413,0.9423076923076923,0.18471337579617833,0.0,1.0,0.0,0.9953051643192489
0.83,0.07,0.39846743295019155,0.18145188145188146,0.10344827586206896,0.8669950738916257,0.9423076923076923,0.18471337579617833,0.0,0.9952380952380953,0.0,0.9953051643192489
0.83,0.09,0.3946360153256705,0.1762626262626263,0.08620689655172414,0.8669950738916257,0.9423076923076923,0.18471337579617833,0.0,0.9904761904761905,0.0,0.9953051643192489
0.83,0.11,0.39846743295019155,0.1859848484848485,0.08620689655172414,0.8768472906403941,0.9423076923076923,0.18471337579617833,0.0196078431372549,0.9857142857142858,0.0,0.9953051643192489
0.83,0.13,0.3946360153256705,0.18488594738594738,0.05172413793103448,0.8866995073891626,0.9423076923076923,0.18471337579617833,0.0196078431372549,0.9809523809523809,0.020833333333333332,0.9859154929577465
0.83,0.15,0.3946360153256705,0.18488594738594738,0.05172413793103448,0.8866995073891626,0.9423076923076923,0.18471337579617833,0.0196078431372549,0.9809523809523809,0.020833333333333332,0.9859154929577465
0.83,0.17,0.3946360153256705,0.1849834235003901,0.05172413793103448,0.896551724137931,0.9423076923076923,0.18471337579617833,0.0196078431372549,0.9761904761904762,0.020833333333333332,0.9812206572769953
0.83,0.19,0.3946360153256705,0.18514338702018587,0.05172413793103448,0.9064039408866995,0.9423076923076923,0.18471337579617833,0.0196078431372549,0.9666666666666667,0.020833333333333332,0.9812206572769953
0.83,0.21,0.39846743295019155,0.19364154364154362,0.05172413793103448,0.916256157635468,0.9423076923076923,0.18471337579617833,0.0392156862745098,0.9666666666666667,0.020833333333333332,0.9765258215962441
0.83,0.23,0.4099616858237548,0.21966107216322922,0.05172413793103448,0.9359605911330049,0.9423076923076923,0.18471337579617833,0.058823529411764705,0.9666666666666667,0.0625,0.971830985915493
0.83,0.25,0.4099616858237548,0.21982583055859217,0.034482758620689655,0.9556650246305419,0.9423076923076923,0.18471337579617833,0.058823529411764705,0.9666666666666667,0.08333333333333333,0.9530516431924883
0.83,0.27,0.4099616858237548,0.21934980175230537,0.034482758620689655,0.9655172413793104,0.9423076923076923,0.18471337579617833,0.058823529411764705,0.9619047619047619,0.08333333333333333,0.9483568075117371
0.83,0.29,0.41379310344827586,0.2266098484848485,0.034482758620689655,0.9802955665024631,0.9423076923076923,0.18471337579617833,0.058823529411764705,0.9523809523809523,0.10416666666666667,0.9483568075117371
0.83,0.31,0.41379310344827586,0.2266098484848485,0.034482758620689655,0.9802955665024631,0.9423076923076923,0.18471337579617833,0.058823529411764705,0.9523809523809523,0.10416666666666667,0.9483568075117371
0.83,0.33,0.41379310344827586,0.2266098484848485,0.034482758620689655,0.9802955665024631,0.9423076923076923,0.18471337579617833,0.058823529411764705,0.9523809523809523,0.10416666666666667,0.9483568075117371
0.83,0.35,0.421455938697318,0.24153695766598993,0.034482758620689655,0.9901477832512315,0.9423076923076923,0.18471337579617833,0.0784313725490196,0.9523809523809523,0.125,0.9483568075117371
0.83,0.37,0.421455938697318,0.24133516756467577,0.034482758620689655,0.9950738916256158,0.9423076923076923,0.18471337579617833,0.0784313725490196,0.9476190476190476,0.125,0.9483568075117371
0.83,0.39,0.421455938697318,0.24133516756467577,0.034482758620689655,0.9950738916256158,0.9423076923076923,0.18471337579617833,0.0784313725490196,0.9476190476190476,0.125,0.9483568075117371
0.83,0.41,0.421455938697318,0.24133516756467577,0.034482758620689655,0.9950738916256158,0.9423076923076923,0.18471337579617833,0.0784313725490196,0.9476190476190476,0.125,0.9483568075117371
0.83,0.43,0.421455938697318,0.24133516756467577,0.034482758620689655,0.9950738916256158,0.9423076923076923,0.18471337579617833,0.0784313725490196,0.9476190476190476,0.125,0.9483568075117371
0.83,0.45,0.421455938697318,0.24133516756467577,0.034482758620689655,0.9950738916256158,0.9423076923076923,0.18471337579617833,0.0784313725490196,0.9476190476190476,0.125,0.9483568075117371
0.83,0.47,0.421455938697318,0.24133516756467577,0.034482758620689655,0.9950738916256158,0.9423076923076923,0.18471337579617833,0.0784313725490196,0.9476190476190476,0.125,0.9483568075117371
0.83,0.49,0.421455938697318,0.24133516756467577,0.034482758620689655,0.9950738916256158,0.9423076923076923,0.18471337579617833,0.0784313725490196,0.9476190476190476,0.125,0.9483568075117371
0.83,0.51,0.421455938697318,0.24133516756467577,0.034482758620689655,0.9950738916256158,0.9423076923076923,0.18471337579617833,0.0784313725490196,0.9476190476190476,0.125,0.9483568075117371
0.83,0.53,0.41762452107279696,0.23226471647923713,0.017241379310344827,1.0,0.9423076923076923,0.18471337579617833,0.0784313725490196,0.9428571428571428,0.125,0.9436619718309859
0.83,0.55,0.41762452107279696,0.23226471647923713,0.017241379310344827,1.0,0.9423076923076923,0.18471337579617833,0.0784313725490196,0.9428571428571428,0.125,0.9436619718309859
0.83,0.57,0.41379310344827586,0.22311171415649028,0.0,1.0,0.9423076923076923,0.18471337579617833,0.0784313725490196,0.9428571428571428,0.125,0.9389671361502347
0.83,0.59,0.41379310344827586,0.22311171415649028,0.0,1.0,0.9423076923076923,0.18471337579617833,0.0784313725490196,0.9428571428571428,0.125,0.9389671361502347
0.83,0.61,0.41379310344827586,0.22311171415649028,0.0,1.0,0.9423076923076923,0.18471337579617833,0.0784313725490196,0.9428571428571428,0.125,0.9389671361502347
0.83,0.63,0.41379310344827586,0.22311171415649028,0.0,1.0,0.9423076923076923,0.18471337579617833,0.0784313725490196,0.9428571428571428,0.125,0.9389671361502347
0.83,0.65,0.41379310344827586,0.22311171415649028,0.0,1.0,0.9423076923076923,0.18471337579617833,0.0784313725490196,0.9428571428571428,0.125,0.9389671361502347
0.83,0.67,0.41379310344827586,0.22311171415649028,0.0,1.0,0.9423076923076923,0.18471337579617833,0.0784313725490196,0.9428571428571428,0.125,0.9389671361502347
0.83,0.69,0.41379310344827586,0.22311171415649028,0.0,1.0,0.9423076923076923,0.18471337579617833,0.0784313725490196,0.9428571428571428,0.125,0.9389671361502347
0.83,0.71,0.41379310344827586,0.22311171415649028,0.0,1.0,0.9423076923076923,0.18471337579617833,0.0784313725490196,0.9428571428571428,0.125,0.9389671361502347
0.83,0.73,0.41379310344827586,0.22311171415649028,0.0,1.0,0.9423076923076923,0.18471337579617833,0.0784313725490196,0.9428571428571428,0.125,0.9389671361502347
0.83,0.75,0.41379310344827586,0.22311171415649028,0.0,1.0,0.9423076923076923,0.18471337579617833,0.0784313725490196,0.9428571428571428,0.125,0.9389671361502347
0.83,0.77,0.41379310344827586,0.22311171415649028,0.0,1.0,0.9423076923076923,0.18471337579617833,0.0784313725490196,0.9428571428571428,0.125,0.9389671361502347
0.83,0.79,0.41379310344827586,0.22311171415649028,0.0,1.0,0.9423076923076923,0.18471337579617833,0.0784313725490196,0.9428571428571428,0.125,0.9389671361502347
0.83,0.81,0.41379310344827586,0.22311171415649028,0.0,1.0,0.9423076923076923,0.18471337579617833,0.0784313725490196,0.9428571428571428,0.125,0.9389671361502347
0.83,0.83,0.41379310344827586,0.22311171415649028,0.0,1.0,0.9423076923076923,0.18471337579617833,0.0784313725490196,0.9428571428571428,0.125,0.9389671361502347
0.83,0.85,0.41379310344827586,0.22311171415649028,0.0,1.0,0.9423076923076923,0.18471337579617833,0.0784313725490196,0.9428571428571428,0.125,0.9389671361502347
0.83,0.87,0.41379310344827586,0.22311171415649028,0.0,1.0,0.9423076923076923,0.18471337579617833,0.0784313725490196,0.9428571428571428,0.125,0.9389671361502347
0.83,0.89,0.41379310344827586,0.22311171415649028,0.0,1.0,0.9423076923076923,0.18471337579617833,0.0784313725490196,0.9428571428571428,0.125,0.9389671361502347
0.83,0.91,0.41379310344827586,0.22311171415649028,0.0,1.0,0.9423076923076923,0.18471337579617833,0.0784313725490196,0.9428571428571428,0.125,0.9389671361502347
0.83,0.93,0.41379310344827586,0.22311171415649028,0.0,1.0,0.9423076923076923,0.18471337579617833,0.0784313725490196,0.9428571428571428,0.125,0.9389671361502347
0.83,0.95,0.41379310344827586,0.22311171415649028,0.0,1.0,0.9423076923076923,0.18471337579617833,0.0784313725490196,0.9428571428571428,0.125,0.9389671361502347
0.85,0.05,0.39080459770114945,0.15766656525707334,0.034482758620689655,0.9211822660098522,0.9615384615384616,0.09554140127388536,0.0,1.0,0.0,0.9953051643192489
0.85,0.07,0.39080459770114945,0.15784200385356456,0.034482758620689655,0.9261083743842364,0.9615384615384616,0.09554140127388536,0.0,0.9952380952380953,0.0,0.9953051643192489
0.85,0.09,0.38697318007662834,0.151265427276988,0.017241379310344827,0.9261083743842364,0.9615384615384616,0.09554140127388536,0.0,0.9904761904761905,0.0,0.9953051643192489
0.85,0.11,0.38697318007662834,0.15135798558872438,0.017241379310344827,0.9310344827586207,0.9615384615384616,0.09554140127388536,0.0,0.9857142857142858,0.0,0.9953051643192489
0.85,0.13,0.38697318007662834,0.15412405513561583,0.0,0.9408866995073891,0.9615384615384616,0.09554140127388536,0.0,0.9857142857142858,0.020833333333333332,0.9859154929577465
0.85,0.15,0.38697318007662834,0.15412405513561583,0.0,0.9408866995073891,0.9615384615384616,0.09554140127388536,0.0,0.9857142857142858,0.020833333333333332,0.9859154929577465
0.85,0.17,0.38697318007662834,0.15412405513561583,0.0,0.9458128078817734,0.9615384615384616,0.09554140127388536,0.0,0.9809523809523809,0.020833333333333332,0.9859154929577465
0.85,0.19,0.38697318007662834,0.15412405513561583,0.0,0.9507389162561576,0.9615384615384616,0.09554140127388536,0.0,0.9761904761904762,0.020833333333333332,0.9859154929577465
0.85,0.21,0.38697318007662834,0.15394263278438217,0.0,0.9556650246305419,0.9615384615384616,0.09554140127388536,0.0,0.9761904761904762,0.020833333333333332,0.9812206572769953
0.85,0.23,0.39080459770114945,0.16253985960405187,0.0,0.9655172413793104,0.9615384615384616,0.09554140127388536,0.0196078431372549,0.9761904761904762,0.020833333333333332,0.9765258215962441
0.85,0.25,0.3946360153256705,0.17113774320193548,0.0,0.9753694581280788,0.9615384615384616,0.09554140127388536,0.0196078431372549,0.9761904761904762,0.041666666666666664,0.971830985915493
0.85,0.27,0.3946360153256705,0.17113774320193548,0.0,0.9753694581280788,0.9615384615384616,0.09554140127388536,0.0196078431372549,0.9761904761904762,0.041666666666666664,0.971830985915493
0.85,0.29,0.3946360153256705,0.17084038964856052,0.0,0.9852216748768473,0.9615384615384616,0.09554140127388536,0.0196078431372549,0.9666666666666667,0.041666666666666664,0.971830985915493
0.85,0.31,0.3946360153256705,0.17084038964856052,0.0,0.9852216748768473,0.9615384615384616,0.09554140127388536,0.0196078431372549,0.9666666666666667,0.041666666666666664,0.971830985915493
0.85,0.33,0.3946360153256705,0.17084038964856052,0.0,0.9852216748768473,0.9615384615384616,0.09554140127388536,0.0196078431372549,0.9666666666666667,0.041666666666666664,0.971830985915493
0.85,0.35,0.40229885057471265,0.1874911266605821,0.0,0.9950738916256158,0.9615384615384616,0.09554140127388536,0.0392156862745098,0.9666666666666667,0.0625,0.971830985915493
0.85,0.37,0.40229885057471265,0.1874911266605821,0.0,0.9950738916256158,0.9615384615384616,0.09554140127388536,0.0392156862745098,0.9666666666666667,0.0625,0.971830985915493
0.85,0.39,0.40229885057471265,0.1874911266605821,0.0,0.9950738916256158,0.9615384615384616,0.09554140127388536,0.0392156862745098,0.9666666666666667,0.0625,0.971830985915493
0.85,0.41,0.40229885057471265,0.1874911266605821,0.0,0.9950738916256158,0.9615384615384616,0.09554140127388536,0.0392156862745098,0.9666666666666667,0.0625,0.971830985915493
0.85,0.43,0.40229885057471265,0.1874911266605821,0.0,0.9950738916256158,0.9615384615384616,0.09554140127388536,0.0392156862745098,0.9666666666666667,0.0625,0.971830985915493
0.85,0.45,0.40229885057471265,0.1874911266605821,0.0,0.9950738916256158,0.9615384615384616,0.09554140127388536,0.0392156862745098,0.9666666666666667,0.0625,0.971830985915493
0.85,0.47,0.40229885057471265,0.1874911266605821,0.0,0.9950738916256158,0.9615384615384616,0.09554140127388536,0.0392156862745098,0.9666666666666667,0.0625,0.971830985915493
0.85,0.49,0.40229885057471265,0.1874911266605821,0.0,0.9950738916256158,0.9615384615384616,0.09554140127388536,0.0392156862745098,0.9666666666666667,0.0625,0.971830985915493
0.85,0.51,0.40229885057471265,0.1874911266605821,0.0,0.9950738916256158,0.9615384615384616,0.09554140127388536,0.0392156862745098,0.9666666666666667,0.0625,0.971830985915493
0.85,0.53,0.40229885057471265,0.18721790261686624,0.0,1.0,0.9615384615384616,0.09554140127388536,0.0392156862745098,0.9619047619047619,0.0625,0.971830985915493
0.85,0.55,0.40229885057471265,0.18721790261686624,0.0,1.0,0.9615384615384616,0.09554140127388536,0.0392156862745098,0.9619047619047619,0.0625,0.971830985915493
0.85,0.57,0.40229885057471265,0.18721790261686624,0.0,1.0,0.9615384615384616,0.09554140127388536,0.0392156862745098,0.9619047619047619,0.0625,0.971830985915493
0.85,0.59,0.40229885057471265,0.18721790261686624,0.0,1.0,0.9615384615384616,0.09554140127388536,0.0392156862745098,0.9619047619047619,0.0625,0.971830985915493
0.85,0.61,0.40229885057471265,0.18721790261686624,0.0,1.0,0.9615384615384616,0.09554140127388536,0.0392156862745098,0.9619047619047619,0.0625,0.971830985915493
0.85,0.63,0.40229885057471265,0.18721790261686624,0.0,1.0,0.9615384615384616,0.09554140127388536,0.0392156862745098,0.9619047619047619,0.0625,0.971830985915493
0.85,0.65,0.40229885057471265,0.18721790261686624,0.0,1.0,0.9615384615384616,0.09554140127388536,0.0392156862745098,0.9619047619047619,0.0625,0.971830985915493
0.85,0.67,0.40229885057471265,0.18721790261686624,0.0,1.0,0.9615384615384616,0.09554140127388536,0.0392156862745098,0.9619047619047619,0.0625,0.971830985915493
0.85,0.69,0.40229885057471265,0.18721790261686624,0.0,1.0,0.9615384615384616,0.09554140127388536,0.0392156862745098,0.9619047619047619,0.0625,0.971830985915493
0.85,0.71,0.40229885057471265,0.18721790261686624,0.0,1.0,0.9615384615384616,0.09554140127388536,0.0392156862745098,0.9619047619047619,0.0625,0.971830985915493
0.85,0.73,0.40229885057471265,0.18721790261686624,0.0,1.0,0.9615384615384616,0.09554140127388536,0.0392156862745098,0.9619047619047619,0.0625,0.971830985915493
0.85,0.75,0.40229885057471265,0.18721790261686624,0.0,1.0,0.9615384615384616,0.09554140127388536,0.0392156862745098,0.9619047619047619,0.0625,0.971830985915493
0.85,0.77,0.40229885057471265,0.18721790261686624,0.0,1.0,0.9615384615384616,0.09554140127388536,0.0392156862745098,0.9619047619047619,0.0625,0.971830985915493
0.85,0.79,0.40229885057471265,0.18721790261686624,0.0,1.0,0.9615384615384616,0.09554140127388536,0.0392156862745098,0.9619047619047619,0.0625,0.971830985915493
0.85,0.81,0.40229885057471265,0.18721790261686624,0.0,1.0,0.9615384615384616,0.09554140127388536,0.0392156862745098,0.9619047619047619,0.0625,0.971830985915493
0.85,0.83,0.40229885057471265,0.18721790261686624,0.0,1.0,0.9615384615384616,0.09554140127388536,0.0392156862745098,0.9619047619047619,0.0625,0.971830985915493
0.85,0.85,0.40229885057471265,0.18721790261686624,0.0,1.0,0.9615384615384616,0.09554140127388536,0.0392156862745098,0.9619047619047619,0.0625,0.971830985915493
0.85,0.87,0.40229885057471265,0.18721790261686624,0.0,1.0,0.9615384615384616,0.09554140127388536,0.0392156862745098,0.9619047619047619,0.0625,0.971830985915493
0.85,0.89,0.40229885057471265,0.18721790261686624,0.0,1.0,0.9615384615384616,0.09554140127388536,0.0392156862745098,0.9619047619047619,0.0625,0.971830985915493
0.85,0.91,0.40229885057471265,0.18721790261686624,0.0,1.0,0.9615384615384616,0.09554140127388536,0.0392156862745098,0.9619047619047619,0.0625,0.971830985915493
0.85,0.93,0.40229885057471265,0.18721790261686624,0.0,1.0,0.9615384615384616,0.09554140127388536,0.0392156862745098,0.9619047619047619,0.0625,0.971830985915493
0.85,0.95,0.40229885057471265,0.18721790261686624,0.0,1.0,0.9615384615384616,0.09554140127388536,0.0392156862745098,0.9619047619047619,0.0625,0.971830985915493
0.87,0.05,0.3946360153256705,0.1520292207792208,0.017241379310344827,0.9458128078817734,0.9807692307692307,0.07006369426751592,0.0,1.0,0.0,0.9953051643192489
0.87,0.07,0.3946360153256705,0.15213274044795785,0.017241379310344827,0.9507389162561576,0.9807692307692307,0.07006369426751592,0.0,0.9952380952380953,0.0,0.9953051643192489
0.87,0.09,0.3946360153256705,0.15213274044795785,0.017241379310344827,0.9507389162561576,0.9807692307692307,0.07006369426751592,0.0,0.9952380952380953,0.0,0.9953051643192489
0.87,0.11,0.3946360153256705,0.15213274044795785,0.017241379310344827,0.9507389162561576,0.9807692307692307,0.07006369426751592,0.0,0.9952380952380953,0.0,0.9953051643192489
0.87,0.13,0.3946360153256705,0.15450174825174826,0.0,0.9605911330049262,0.9807692307692307,0.07006369426751592,0.0,0.9952380952380953,0.020833333333333332,0.9859154929577465
0.87,0.15,0.3946360153256705,0.15450174825174826,0.0,0.9605911330049262,0.9807692307692307,0.07006369426751592,0.0,0.9952380952380953,0.020833333333333332,0.9859154929577465
0.87,0.17,0.3946360153256705,0.15450174825174826,0.0,0.9605911330049262,0.9807692307692307,0.07006369426751592,0.0,0.9952380952380953,0.020833333333333332,0.9859154929577465
0.87,0.19,0.3946360153256705,0.15450174825174826,0.0,0.9605911330049262,0.9807692307692307,0.07006369426751592,0.0,0.9952380952380953,0.020833333333333332,0.9859154929577465
0.87,0.21,0.3946360153256705,0.1543203259005146,0.0,0.9655172413793104,0.9807692307692307,0.07006369426751592,0.0,0.9952380952380953,0.020833333333333332,0.9812206572769953
0.87,0.23,0.39846743295019155,0.16357958515977383,0.0,0.9753694581280788,0.9807692307692307,0.07006369426751592,0.0196078431372549,0.9952380952380953,0.020833333333333332,0.9765258215962441
0.87,0.25,0.40229885057471265,0.17217746875765744,0.0,0.9852216748768473,0.9807692307692307,0.07006369426751592,0.0196078431372549,0.9952380952380953,0.041666666666666664,0.971830985915493
0.87,0.27,0.40229885057471265,0.17217746875765744,0.0,0.9852216748768473,0.9807692307692307,0.07006369426751592,0.0196078431372549,0.9952380952380953,0.041666666666666664,0.971830985915493
0.87,0.29,0.40229885057471265,0.1718344155844156,0.0,0.9950738916256158,0.9807692307692307,0.07006369426751592,0.0196078431372549,0.9857142857142858,0.041666666666666664,0.971830985915493
0.87,0.31,0.40229885057471265,0.1718344155844156,0.0,0.9950738916256158,0.9807692307692307,0.07006369426751592,0.0196078431372549,0.9857142857142858,0.041666666666666664,0.971830985915493
0.87,0.33,0.40229885057471265,0.1718344155844156,0.0,0.9950738916256158,0.9807692307692307,0.07006369426751592,0.0196078431372549,0.9857142857142858,0.041666666666666664,0.971830985915493
0.87,0.35,0.4061302681992337,0.18029306220095695,0.0,1.0,0.9807692307692307,0.07006369426751592,0.0196078431372549,0.9857142857142858,0.0625,0.971830985915493
0.87,0.37,0.4061302681992337,0.18029306220095695,0.0,1.0,0.9807692307692307,0.07006369426751592,0.0196078431372549,0.9857142857142858,0.0625,0.971830985915493
0.87,0.39,0.4061302681992337,0.18029306220095695,0.0,1.0,0.9807692307692307,0.07006369426751592,0.0196078431372549,0.9857142857142858,0.0625,0.971830985915493
0.87,0.41,0.4061302681992337,0.18029306220095695,0.0,1.0,0.9807692307692307,0.07006369426751592,0.0196078431372549,0.9857142857142858,0.0625,0.971830985915493
0.87,0.43,0.4061302681992337,0.18029306220095695,0.0,1.0,0.9807692307692307,0.07006369426751592,0.0196078431372549,0.9857142857142858,0.0625,0.971830985915493
0.87,0.45,0.4061302681992337,0.18029306220095695,0.0,1.0,0.9807692307692307,0.07006369426751592,0.0196078431372549,0.9857142857142858,0.0625,0.971830985915493
0.87,0.47,0.4061302681992337,0.18029306220095695,0.0,1.0,0.9807692307692307,0.07006369426751592,0.0196078431372549,0.9857142857142858,0.0625,0.971830985915493
0.87,0.49,0.4061302681992337,0.18029306220095695,0.0,1.0,0.9807692307692307,0.07006369426751592,0.0196078431372549,0.9857142857142858,0.0625,0.971830985915493
0.87,0.51,0.4061302681992337,0.18029306220095695,0.0,1.0,0.9807692307692307,0.07006369426751592,0.0196078431372549,0.9857142857142858,0.0625,0.971830985915493
0.87,0.53,0.4061302681992337,0.18029306220095695,0.0,1.0,0.9807692307692307,0.07006369426751592,0.0196078431372549,0.9857142857142858,0.0625,0.971830985915493
0.87,0.55,0.4061302681992337,0.18029306220095695,0.0,1.0,0.9807692307692307,0.07006369426751592,0.0196078431372549,0.9857142857142858,0.0625,0.971830985915493
0.87,0.57,0.4061302681992337,0.18029306220095695,0.0,1.0,0.9807692307692307,0.07006369426751592,0.0196078431372549,0.9857142857142858,0.0625,0.971830985915493
0.87,0.59,0.4061302681992337,0.18029306220095695,0.0,1.0,0.9807692307692307,0.07006369426751592,0.0196078431372549,0.9857142857142858,0.0625,0.971830985915493
0.87,0.61,0.4061302681992337,0.18029306220095695,0.0,1.0,0.9807692307692307,0.07006369426751592,0.0196078431372549,0.9857142857142858,0.0625,0.971830985915493
0.87,0.63,0.4061302681992337,0.18029306220095695,0.0,1.0,0.9807692307692307,0.07006369426751592,0.0196078431372549,0.9857142857142858,0.0625,0.971830985915493
0.87,0.65,0.4061302681992337,0.18029306220095695,0.0,1.0,0.9807692307692307,0.07006369426751592,0.0196078431372549,0.9857142857142858,0.0625,0.971830985915493
0.87,0.67,0.4061302681992337,0.18029306220095695,0.0,1.0,0.9807692307692307,0.07006369426751592,0.0196078431372549,0.9857142857142858,0.0625,0.971830985915493
0.87,0.69,0.4061302681992337,0.18029306220095695,0.0,1.0,0.9807692307692307,0.07006369426751592,0.0196078431372549,0.9857142857142858,0.0625,0.971830985915493
0.87,0.71,0.4061302681992337,0.18029306220095695,0.0,1.0,0.9807692307692307,0.07006369426751592,0.0196078431372549,0.9857142857142858,0.0625,0.971830985915493
0.87,0.73,0.4061302681992337,0.18029306220095695,0.0,1.0,0.9807692307692307,0.07006369426751592,0.0196078431372549,0.9857142857142858,0.0625,0.971830985915493
0.87,0.75,0.4061302681992337,0.18029306220095695,0.0,1.0,0.9807692307692307,0.07006369426751592,0.0196078431372549,0.9857142857142858,0.0625,0.971830985915493
0.87,0.77,0.4061302681992337,0.18029306220095695,0.0,1.0,0.9807692307692307,0.07006369426751592,0.0196078431372549,0.9857142857142858,0.0625,0.971830985915493
0.87,0.79,0.4061302681992337,0.18029306220095695,0.0,1.0,0.9807692307692307,0.07006369426751592,0.0196078431372549,0.9857142857142858,0.0625,0.971830985915493
0.87,0.81,0.4061302681992337,0.18029306220095695,0.0,1.0,0.9807692307692307,0.07006369426751592,0.0196078431372549,0.9857142857142858,0.0625,0.971830985915493
0.87,0.83,0.4061302681992337,0.18029306220095695,0.0,1.0,0.9807692307692307,0.07006369426751592,0.0196078431372549,0.9857142857142858,0.0625,0.971830985915493
0.87,0.85,0.4061302681992337,0.18029306220095695,0.0,1.0,0.9807692307692307,0.07006369426751592,0.0196078431372549,0.9857142857142858,0.0625,0.971830985915493
0.87,0.87,0.4061302681992337,0.18029306220095695,0.0,1.0,0.9807692307692307,0.07006369426751592,0.0196078431372549,0.9857142857142858,0.0625,0.971830985915493
0.87,0.89,0.4061302681992337,0.18029306220095695,0.0,1.0,0.9807692307692307,0.07006369426751592,0.0196078431372549,0.9857142857142858,0.0625,0.971830985915493
0.87,0.91,0.4061302681992337,0.18029306220095695,0.0,1.0,0.9807692307692307,0.07006369426751592,0.0196078431372549,0.9857142857142858,0.0625,0.971830985915493
0.87,0.93,0.4061302681992337,0.18029306220095695,0.0,1.0,0.9807692307692307,0.07006369426751592,0.0196078431372549,0.9857142857142858,0.0625,0.971830985915493
0.87,0.95,0.4061302681992337,0.18029306220095695,0.0,1.0,0.9807692307692307,0.07006369426751592,0.0196078431372549,0.9857142857142858,0.0625,0.971830985915493
0.89,0.05,0.39080459770114945,0.14206128133704735,0.0,0.9753694581280788,0.9807692307692307,0.025477707006369428,0.0,1.0,0.0,0.9953051643192489
0.89,0.07,0.39080459770114945,0.14206128133704735,0.0,0.9802955665024631,0.9807692307692307,0.025477707006369428,0.0,0.9952380952380953,0.0,0.9953051643192489
0.89,0.09,0.39080459770114945,0.14206128133704735,0.0,0.9802955665024631,0.9807692307692307,0.025477707006369428,0.0,0.9952380952380953,0.0,0.9953051643192489
0.89,0.11,0.39080459770114945,0.14206128133704735,0.0,0.9802955665024631,0.9807692307692307,0.025477707006369428,0.0,0.9952380952380953,0.0,0.9953051643192489
0.89,0.13,0.3946360153256705,0.15206128133704735,0.0,0.9852216748768473,0.9807692307692307,0.025477707006369428,0.0,0.9952380952380953,0.020833333333333332,0.9953051643192489
0.89,0.15,0.3946360153256705,0.15206128133704735,0.0,0.9852216748768473,0.9807692307692307,0.025477707006369428,0.0,0.9952380952380953,0.020833333333333332,0.9953051643192489
0.89,0.17,0.3946360153256705,0.15206128133704735,0.0,0.9852216748768473,0.9807692307692307,0.025477707006369428,0.0,0.9952380952380953,0.020833333333333332,0.9953051643192489
0.89,0.19,0.3946360153256705,0.15206128133704735,0.0,0.9852216748768473,0.9807692307692307,0.025477707006369428,0.0,0.9952380952380953,0.020833333333333332,0.9953051643192489
0.89,0.21,0.3946360153256705,0.1518652029056748,0.0,0.9901477832512315,0.9807692307692307,0.025477707006369428,0.0,0.9952380952380953,0.020833333333333332,0.9906103286384976
0.89,0.23,0.39846743295019155,0.16129916516982573,0.0,0.9950738916256158,0.9807692307692307,0.025477707006369428,0.0196078431372549,0.9952380952380953,0.020833333333333332,0.9906103286384976
0.89,0.25,0.39846743295019155,0.16129916516982573,0.0,0.9950738916256158,0.9807692307692307,0.025477707006369428,0.0196078431372549,0.9952380952380953,0.020833333333333332,0.9906103286384976
0.89,0.27,0.39846743295019155,0.16129916516982573,0.0,0.9950738916256158,0.9807692307692307,0.025477707006369428,0.0196078431372549,0.9952380952380953,0.020833333333333332,0.9906103286384976
0.89,0.29,0.39846743295019155,0.16112446216493406,0.0,1.0,0.9807692307692307,0.025477707006369428,0.0196078431372549,0.9904761904761905,0.020833333333333332,0.9906103286384976
0.89,0.31,0.39846743295019155,0.16112446216493406,0.0,1.0,0.9807692307692307,0.025477707006369428,0.0196078431372549,0.9904761904761905,0.020833333333333332,0.9906103286384976
0.89,0.33,0.39846743295019155,0.16112446216493406,0.0,1.0,0.9807692307692307,0.025477707006369428,0.0196078431372549,0.9904761904761905,0.020833333333333332,0.9906103286384976
0.89,0.35,0.39846743295019155,0.16112446216493406,0.0,1.0,0.9807692307692307,0.025477707006369428,0.0196078431372549,0.9904761904761905,0.020833333333333332,0.9906103286384976
0.89,0.37,0.39846743295019155,0.16112446216493406,0.0,1.0,0.9807692307692307,0.025477707006369428,0.0196078431372549,0.9904761904761905,0.020833333333333332,0.9906103286384976
0.89,0.39,0.39846743295019155,0.16112446216493406,0.0,1.0,0.9807692307692307,0.025477707006369428,0.0196078431372549,0.9904761904761905,0.020833333333333332,0.9906103286384976
0.89,0.41,0.39846743295019155,0.16112446216493406,0.0,1.0,0.9807692307692307,0.025477707006369428,0.0196078431372549,0.9904761904761905,0.020833333333333332,0.9906103286384976
0.89,0.43,0.39846743295019155,0.16112446216493406,0.0,1.0,0.9807692307692307,0.025477707006369428,0.0196078431372549,0.9904761904761905,0.020833333333333332,0.9906103286384976
0.89,0.45,0.39846743295019155,0.16112446216493406,0.0,1.0,0.9807692307692307,0.025477707006369428,0.0196078431372549,0.9904761904761905,0.020833333333333332,0.9906103286384976
0.89,0.47,0.39846743295019155,0.16112446216493406,0.0,1.0,0.9807692307692307,0.025477707006369428,0.0196078431372549,0.9904761904761905,0.020833333333333332,0.9906103286384976
0.89,0.49,0.39846743295019155,0.16112446216493406,0.0,1.0,0.9807692307692307,0.025477707006369428,0.0196078431372549,0.9904761904761905,0.020833333333333332,0.9906103286384976
0.89,0.51,0.39846743295019155,0.16112446216493406,0.0,1.0,0.9807692307692307,0.025477707006369428,0.0196078431372549,0.9904761904761905,0.020833333333333332,0.9906103286384976
0.89,0.53,0.39846743295019155,0.16112446216493406,0.0,1.0,0.9807692307692307,0.025477707006369428,0.0196078431372549,0.9904761904761905,0.020833333333333332,0.9906103286384976
0.89,0.55,0.39846743295019155,0.16112446216493406,0.0,1.0,0.9807692307692307,0.025477707006369428,0.0196078431372549,0.9904761904761905,0.020833333333333332,0.9906103286384976
0.89,0.57,0.39846743295019155,0.16112446216493406,0.0,1.0,0.9807692307692307,0.025477707006369428,0.0196078431372549,0.9904761904761905,0.020833333333333332,0.9906103286384976
0.89,0.59,0.39846743295019155,0.16112446216493406,0.0,1.0,0.9807692307692307,0.025477707006369428,0.0196078431372549,0.9904761904761905,0.020833333333333332,0.9906103286384976
0.89,0.61,0.39846743295019155,0.16112446216493406,0.0,1.0,0.9807692307692307,0.025477707006369428,0.0196078431372549,0.9904761904761905,0.020833333333333332,0.9906103286384976
0.89,0.63,0.39846743295019155,0.16112446216493406,0.0,1.0,0.9807692307692307,0.025477707006369428,0.0196078431372549,0.9904761904761905,0.020833333333333332,0.9906103286384976
0.89,0.65,0.39846743295019155,0.16112446216493406,0.0,1.0,0.9807692307692307,0.025477707006369428,0.0196078431372549,0.9904761904761905,0.020833333333333332,0.9906103286384976
0.89,0.67,0.39846743295019155,0.16112446216493406,0.0,1.0,0.9807692307692307,0.025477707006369428,0.0196078431372549,0.9904761904761905,0.020833333333333332,0.9906103286384976
0.89,0.69,0.39846743295019155,0.16112446216493406,0.0,1.0,0.9807692307692307,0.025477707006369428,0.0196078431372549,0.9904761904761905,0.020833333333333332,0.9906103286384976
0.89,0.71,0.39846743295019155,0.16112446216493406,0.0,1.0,0.9807692307692307,0.025477707006369428,0.0196078431372549,0.9904761904761905,0.020833333333333332,0.9906103286384976
0.89,0.73,0.39846743295019155,0.16112446216493406,0.0,1.0,0.9807692307692307,0.025477707006369428,0.0196078431372549,0.9904761904761905,0.020833333333333332,0.9906103286384976
0.89,0.75,0.39846743295019155,0.16112446216493406,0.0,1.0,0.9807692307692307,0.025477707006369428,0.0196078431372549,0.9904761904761905,0.020833333333333332,0.9906103286384976
0.89,0.77,0.39846743295019155,0.16112446216493406,0.0,1.0,0.9807692307692307,0.025477707006369428,0.0196078431372549,0.9904761904761905,0.020833333333333332,0.9906103286384976
0.89,0.79,0.39846743295019155,0.16112446216493406,0.0,1.0,0.9807692307692307,0.025477707006369428,0.0196078431372549,0.9904761904761905,0.020833333333333332,0.9906103286384976
0.89,0.81,0.39846743295019155,0.16112446216493406,0.0,1.0,0.9807692307692307,0.025477707006369428,0.0196078431372549,0.9904761904761905,0.020833333333333332,0.9906103286384976
0.89,0.83,0.39846743295019155,0.16112446216493406,0.0,1.0,0.9807692307692307,0.025477707006369428,0.0196078431372549,0.9904761904761905,0.020833333333333332,0.9906103286384976
0.89,0.85,0.39846743295019155,0.16112446216493406,0.0,1.0,0.9807692307692307,0.025477707006369428,0.0196078431372549,0.9904761904761905,0.020833333333333332,0.9906103286384976
0.89,0.87,0.39846743295019155,0.16112446216493406,0.0,1.0,0.9807692307692307,0.025477707006369428,0.0196078431372549,0.9904761904761905,0.020833333333333332,0.9906103286384976
0.89,0.89,0.39846743295019155,0.16112446216493406,0.0,1.0,0.9807692307692307,0.025477707006369428,0.0196078431372549,0.9904761904761905,0.020833333333333332,0.9906103286384976
0.89,0.91,0.39846743295019155,0.16112446216493406,0.0,1.0,0.9807692307692307,0.025477707006369428,0.0196078431372549,0.9904761904761905,0.020833333333333332,0.9906103286384976
0.89,0.93,0.39846743295019155,0.16112446216493406,0.0,1.0,0.9807692307692307,0.025477707006369428,0.0196078431372549,0.9904761904761905,0.020833333333333332,0.9906103286384976
0.89,0.95,0.39846743295019155,0.16112446216493406,0.0,1.0,0.9807692307692307,0.025477707006369428,0.0196078431372549,0.9904761904761905,0.020833333333333332,0.9906103286384976
0.91,0.05,0.3946360153256705,0.14226519337016574,0.0,0.9852216748768473,0.9903846153846154,0.012738853503184714,0.0,1.0,0.0,1.0
0.91,0.07,0.3946360153256705,0.14226519337016574,0.0,0.9852216748768473,0.9903846153846154,0.012738853503184714,0.0,1.0,0.0,1.0
0.91,0.09,0.3946360153256705,0.14226519337016574,0.0,0.9852216748768473,0.9903846153846154,0.012738853503184714,0.0,1.0,0.0,1.0
0.91,0.11,0.3946360153256705,0.14226519337016574,0.0,0.9852216748768473,0.9903846153846154,0.012738853503184714,0.0,1.0,0.0,1.0
0.91,0.13,0.39846743295019155,0.15246927500281882,0.0,0.9901477832512315,0.9903846153846154,0.012738853503184714,0.0,1.0,0.020833333333333332,1.0
0.91,0.15,0.39846743295019155,0.15246927500281882,0.0,0.9901477832512315,0.9903846153846154,0.012738853503184714,0.0,1.0,0.020833333333333332,1.0
0.91,0.17,0.39846743295019155,0.15246927500281882,0.0,0.9901477832512315,0.9903846153846154,0.012738853503184714,0.0,1.0,0.020833333333333332,1.0
0.91,0.19,0.39846743295019155,0.15246927500281882,0.0,0.9901477832512315,0.9903846153846154,0.012738853503184714,0.0,1.0,0.020833333333333332,1.0
0.91,0.21,0.39846743295019155,0.15226519337016575,0.0,0.9950738916256158,0.9903846153846154,0.012738853503184714,0.0,1.0,0.020833333333333332,0.9953051643192489
0.91,0.23,0.39846743295019155,0.15226519337016575,0.0,0.9950738916256158,0.9903846153846154,0.012738853503184714,0.0,1.0,0.020833333333333332,0.9953051643192489
0.91,0.25,0.39846743295019155,0.15226519337016575,0.0,0.9950738916256158,0.9903846153846154,0.012738853503184714,0.0,1.0,0.020833333333333332,0.9953051643192489
0.91,0.27,0.39846743295019155,0.15226519337016575,0.0,0.9950738916256158,0.9903846153846154,0.012738853503184714,0.0,1.0,0.020833333333333332,0.9953051643192489
0.91,0.29,0.39846743295019155,0.15226519337016575,0.0,1.0,0.9903846153846154,0.012738853503184714,0.0,0.9952380952380953,0.020833333333333332,0.9953051643192489
0.91,0.31,0.39846743295019155,0.15226519337016575,0.0,1.0,0.9903846153846154,0.012738853503184714,0.0,0.9952380952380953,0.020833333333333332,0.9953051643192489
0.91,0.33,0.39846743295019155,0.15226519337016575,0.0,1.0,0.9903846153846154,0.012738853503184714,0.0,0.9952380952380953,0.020833333333333332,0.9953051643192489
0.91,0.35,0.39846743295019155,0.15226519337016575,0.0,1.0,0.9903846153846154,0.012738853503184714,0.0,0.9952380952380953,0.020833333333333332,0.9953051643192489
0.91,0.37,0.39846743295019155,0.15226519337016575,0.0,1.0,0.9903846153846154,0.012738853503184714,0.0,0.9952380952380953,0.020833333333333332,0.9953051643192489
0.91,0.39,0.39846743295019155,0.15226519337016575,0.0,1.0,0.9903846153846154,0.012738853503184714,0.0,0.9952380952380953,0.020833333333333332,0.9953051643192489
0.91,0.41,0.39846743295019155,0.15226519337016575,0.0,1.0,0.9903846153846154,0.012738853503184714,0.0,0.9952380952380953,0.020833333333333332,0.9953051643192489
0.91,0.43,0.39846743295019155,0.15226519337016575,0.0,1.0,0.9903846153846154,0.012738853503184714,0.0,0.9952380952380953,0.020833333333333332,0.9953051643192489
0.91,0.45,0.39846743295019155,0.15226519337016575,0.0,1.0,0.9903846153846154,0.012738853503184714,0.0,0.9952380952380953,0.020833333333333332,0.9953051643192489
0.91,0.47,0.39846743295019155,0.15226519337016575,0.0,1.0,0.9903846153846154,0.012738853503184714,0.0,0.9952380952380953,0.020833333333333332,0.9953051643192489
0.91,0.49,0.39846743295019155,0.15226519337016575,0.0,1.0,0.9903846153846154,0.012738853503184714,0.0,0.9952380952380953,0.020833333333333332,0.9953051643192489
0.91,0.51,0.39846743295019155,0.15226519337016575,0.0,1.0,0.9903846153846154,0.012738853503184714,0.0,0.9952380952380953,0.020833333333333332,0.9953051643192489
0.91,0.53,0.39846743295019155,0.15226519337016575,0.0,1.0,0.9903846153846154,0.012738853503184714,0.0,0.9952380952380953,0.020833333333333332,0.9953051643192489
0.91,0.55,0.39846743295019155,0.15226519337016575,0.0,1.0,0.9903846153846154,0.012738853503184714,0.0,0.9952380952380953,0.020833333333333332,0.9953051643192489
0.91,0.57,0.39846743295019155,0.15226519337016575,0.0,1.0,0.9903846153846154,0.012738853503184714,0.0,0.9952380952380953,0.020833333333333332,0.9953051643192489
0.91,0.59,0.39846743295019155,0.15226519337016575,0.0,1.0,0.9903846153846154,0.012738853503184714,0.0,0.9952380952380953,0.020833333333333332,0.9953051643192489
0.91,0.61,0.39846743295019155,0.15226519337016575,0.0,1.0,0.9903846153846154,0.012738853503184714,0.0,0.9952380952380953,0.020833333333333332,0.9953051643192489
0.91,0.63,0.39846743295019155,0.15226519337016575,0.0,1.0,0.9903846153846154,0.012738853503184714,0.0,0.9952380952380953,0.020833333333333332,0.9953051643192489
0.91,0.65,0.39846743295019155,0.15226519337016575,0.0,1.0,0.9903846153846154,0.012738853503184714,0.0,0.9952380952380953,0.020833333333333332,0.9953051643192489
0.91,0.67,0.39846743295019155,0.15226519337016575,0.0,1.0,0.9903846153846154,0.012738853503184714,0.0,0.9952380952380953,0.020833333333333332,0.9953051643192489
0.91,0.69,0.39846743295019155,0.15226519337016575,0.0,1.0,0.9903846153846154,0.012738853503184714,0.0,0.9952380952380953,0.020833333333333332,0.9953051643192489
0.91,0.71,0.39846743295019155,0.15226519337016575,0.0,1.0,0.9903846153846154,0.012738853503184714,0.0,0.9952380952380953,0.020833333333333332,0.9953051643192489
0.91,0.73,0.39846743295019155,0.15226519337016575,0.0,1.0,0.9903846153846154,0.012738853503184714,0.0,0.9952380952380953,0.020833333333333332,0.9953051643192489
0.91,0.75,0.39846743295019155,0.15226519337016575,0.0,1.0,0.9903846153846154,0.012738853503184714,0.0,0.9952380952380953,0.020833333333333332,0.9953051643192489
0.91,0.77,0.39846743295019155,0.15226519337016575,0.0,1.0,0.9903846153846154,0.012738853503184714,0.0,0.9952380952380953,0.020833333333333332,0.9953051643192489
0.91,0.79,0.39846743295019155,0.15226519337016575,0.0,1.0,0.9903846153846154,0.012738853503184714,0.0,0.9952380952380953,0.020833333333333332,0.9953051643192489
0.91,0.81,0.39846743295019155,0.15226519337016575,0.0,1.0,0.9903846153846154,0.012738853503184714,0.0,0.9952380952380953,0.020833333333333332,0.9953051643192489
0.91,0.83,0.39846743295019155,0.15226519337016575,0.0,1.0,0.9903846153846154,0.012738853503184714,0.0,0.9952380952380953,0.020833333333333332,0.9953051643192489
0.91,0.85,0.39846743295019155,0.15226519337016575,0.0,1.0,0.9903846153846154,0.012738853503184714,0.0,0.9952380952380953,0.020833333333333332,0.9953051643192489
0.91,0.87,0.39846743295019155,0.15226519337016575,0.0,1.0,0.9903846153846154,0.012738853503184714,0.0,0.9952380952380953,0.020833333333333332,0.9953051643192489
0.91,0.89,0.39846743295019155,0.15226519337016575,0.0,1.0,0.9903846153846154,0.012738853503184714,0.0,0.9952380952380953,0.020833333333333332,0.9953051643192489
0.91,0.91,0.39846743295019155,0.15226519337016575,0.0,1.0,0.9903846153846154,0.012738853503184714,0.0,0.9952380952380953,0.020833333333333332,0.9953051643192489
0.91,0.93,0.39846743295019155,0.15226519337016575,0.0,1.0,0.9903846153846154,0.012738853503184714,0.0,0.9952380952380953,0.020833333333333332,0.9953051643192489
0.91,0.95,0.39846743295019155,0.15226519337016575,0.0,1.0,0.9903846153846154,0.012738853503184714,0.0,0.9952380952380953,0.020833333333333332,0.9953051643192489
0.93,0.05,0.39846743295019155,0.14246575342465753,0.0,1.0,1.0,0.0,0.0,1.0,0.0,1.0
0.93,0.07,0.39846743295019155,0.14246575342465753,0.0,1.0,1.0,0.0,0.0,1.0,0.0,1.0
0.93,0.09,0.39846743295019155,0.14246575342465753,0.0,1.0,1.0,0.0,0.0,1.0,0.0,1.0
0.93,0.11,0.39846743295019155,0.14246575342465753,0.0,1.0,1.0,0.0,0.0,1.0,0.0,1.0
0.93,0.13,0.39846743295019155,0.14246575342465753,0.0,1.0,1.0,0.0,0.0,1.0,0.0,1.0
0.93,0.15,0.39846743295019155,0.14246575342465753,0.0,1.0,1.0,0.0,0.0,1.0,0.0,1.0
0.93,0.17,0.39846743295019155,0.14246575342465753,0.0,1.0,1.0,0.0,0.0,1.0,0.0,1.0
0.93,0.19,0.39846743295019155,0.14246575342465753,0.0,1.0,1.0,0.0,0.0,1.0,0.0,1.0
0.93,0.21,0.39846743295019155,0.14246575342465753,0.0,1.0,1.0,0.0,0.0,1.0,0.0,1.0
0.93,0.23,0.39846743295019155,0.14246575342465753,0.0,1.0,1.0,0.0,0.0,1.0,0.0,1.0
0.93,0.25,0.39846743295019155,0.14246575342465753,0.0,1.0,1.0,0.0,0.0,1.0,0.0,1.0
0.93,0.27,0.39846743295019155,0.14246575342465753,0.0,1.0,1.0,0.0,0.0,1.0,0.0,1.0
0.93,0.29,0.39846743295019155,0.14246575342465753,0.0,1.0,1.0,0.0,0.0,1.0,0.0,1.0
0.93,0.31,0.39846743295019155,0.14246575342465753,0.0,1.0,1.0,0.0,0.0,1.0,0.0,1.0
0.93,0.33,0.39846743295019155,0.14246575342465753,0.0,1.0,1.0,0.0,0.0,1.0,0.0,1.0
0.93,0.35,0.39846743295019155,0.14246575342465753,0.0,1.0,1.0,0.0,0.0,1.0,0.0,1.0
0.93,0.37,0.39846743295019155,0.14246575342465753,0.0,1.0,1.0,0.0,0.0,1.0,0.0,1.0
0.93,0.39,0.39846743295019155,0.14246575342465753,0.0,1.0,1.0,0.0,0.0,1.0,0.0,1.0
0.93,0.41,0.39846743295019155,0.14246575342465753,0.0,1.0,1.0,0.0,0.0,1.0,0.0,1.0
0.93,0.43,0.39846743295019155,0.14246575342465753,0.0,1.0,1.0,0.0,0.0,1.0,0.0,1.0
0.93,0.45,0.39846743295019155,0.14246575342465753,0.0,1.0,1.0,0.0,0.0,1.0,0.0,1.0
0.93,0.47,0.39846743295019155,0.14246575342465753,0.0,1.0,1.0,0.0,0.0,1.0,0.0,1.0
0.93,0.49,0.39846743295019155,0.14246575342465753,0.0,1.0,1.0,0.0,0.0,1.0,0.0,1.0
0.93,0.51,0.39846743295019155,0.14246575342465753,0.0,1.0,1.0,0.0,0.0,1.0,0.0,1.0
0.93,0.53,0.39846743295019155,0.14246575342465753,0.0,1.0,1.0,0.0,0.0,1.0,0.0,1.0
0.93,0.55,0.39846743295019155,0.14246575342465753,0.0,1.0,1.0,0.0,0.0,1.0,0.0,1.0
0.93,0.57,0.39846743295019155,0.14246575342465753,0.0,1.0,1.0,0.0,0.0,1.0,0.0,1.0
0.93,0.59,0.39846743295019155,0.14246575342465753,0.0,1.0,1.0,0.0,0.0,1.0,0.0,1.0
0.93,0.61,0.39846743295019155,0.14246575342465753,0.0,1.0,1.0,0.0,0.0,1.0,0.0,1.0
0.93,0.63,0.39846743295019155,0.14246575342465753,0.0,1.0,1.0,0.0,0.0,1.0,0.0,1.0
0.93,0.65,0.39846743295019155,0.14246575342465753,0.0,1.0,1.0,0.0,0.0,1.0,0.0,1.0
0.93,0.67,0.39846743295019155,0.14246575342465753,0.0,1.0,1.0,0.0,0.0,1.0,0.0,1.0
0.93,0.69,0.39846743295019155,0.14246575342465753,0.0,1.0,1.0,0.0,0.0,1.0,0.0,1.0
0.93,0.71,0.39846743295019155,0.14246575342465753,0.0,1.0,1.0,0.0,0.0,1.0,0.0,1.0
0.93,0.73,0.39846743295019155,0.14246575342465753,0.0,1.0,1.0,0.0,0.0,1.0,0.0,1.0
0.93,0.75,0.39846743295019155,0.14246575342465753,0.0,1.0,1.0,0.0,0.0,1.0,0.0,1.0
0.93,0.77,0.39846743295019155,0.14246575342465753,0.0,1.0,1.0,0.0,0.0,1.0,0.0,1.0
0.93,0.79,0.39846743295019155,0.14246575342465753,0.0,1.0,1.0,0.0,0.0,1.0,0.0,1.0
0.93,0.81,0.39846743295019155,0.14246575342465753,0.0,1.0,1.0,0.0,0.0,1.0,0.0,1.0
0.93,0.83,0.39846743295019155,0.14246575342465753,0.0,1.0,1.0,0.0,0.0,1.0,0.0,1.0
0.93,0.85,0.39846743295019155,0.14246575342465753,0.0,1.0,1.0,0.0,0.0,1.0,0.0,1.0
0.93,0.87,0.39846743295019155,0.14246575342465753,0.0,1.0,1.0,0.0,0.0,1.0,0.0,1.0
0.93,0.89,0.39846743295019155,0.14246575342465753,0.0,1.0,1.0,0.0,0.0,1.0,0.0,1.0
0.93,0.91,0.39846743295019155,0.14246575342465753,0.0,1.0,1.0,0.0,0.0,1.0,0.0,1.0
0.93,0.93,0.39846743295019155,0.14246575342465753,0.0,1.0,1.0,0.0,0.0,1.0,0.0,1.0
0.93,0.95,0.39846743295019155,0.14246575342465753,0.0,1.0,1.0,0.0,0.0,1.0,0.0,1.0
0.95,0.05,0.39846743295019155,0.14246575342465753,0.0,1.0,1.0,0.0,0.0,1.0,0.0,1.0
0.95,0.07,0.39846743295019155,0.14246575342465753,0.0,1.0,1.0,0.0,0.0,1.0,0.0,1.0
0.95,0.09,0.39846743295019155,0.14246575342465753,0.0,1.0,1.0,0.0,0.0,1.0,0.0,1.0
0.95,0.11,0.39846743295019155,0.14246575342465753,0.0,1.0,1.0,0.0,0.0,1.0,0.0,1.0
0.95,0.13,0.39846743295019155,0.14246575342465753,0.0,1.0,1.0,0.0,0.0,1.0,0.0,1.0
0.95,0.15,0.39846743295019155,0.14246575342465753,0.0,1.0,1.0,0.0,0.0,1.0,0.0,1.0
0.95,0.17,0.39846743295019155,0.14246575342465753,0.0,1.0,1.0,0.0,0.0,1.0,0.0,1.0
0.95,0.19,0.39846743295019155,0.14246575342465753,0.0,1.0,1.0,0.0,0.0,1.0,0.0,1.0
0.95,0.21,0.39846743295019155,0.14246575342465753,0.0,1.0,1.0,0.0,0.0,1.0,0.0,1.0
0.95,0.23,0.39846743295019155,0.14246575342465753,0.0,1.0,1.0,0.0,0.0,1.0,0.0,1.0
0.95,0.25,0.39846743295019155,0.14246575342465753,0.0,1.0,1.0,0.0,0.0,1.0,0.0,1.0
0.95,0.27,0.39846743295019155,0.14246575342465753,0.0,1.0,1.0,0.0,0.0,1.0,0.0,1.0
0.95,0.29,0.39846743295019155,0.14246575342465753,0.0,1.0,1.0,0.0,0.0,1.0,0.0,1.0
0.95,0.31,0.39846743295019155,0.14246575342465753,0.0,1.0,1.0,0.0,0.0,1.0,0.0,1.0
0.95,0.33,0.39846743295019155,0.14246575342465753,0.0,1.0,1.0,0.0,0.0,1.0,0.0,1.0
0.95,0.35,0.39846743295019155,0.14246575342465753,0.0,1.0,1.0,0.0,0.0,1.0,0.0,1.0
0.95,0.37,0.39846743295019155,0.14246575342465753,0.0,1.0,1.0,0.0,0.0,1.0,0.0,1.0
0.95,0.39,0.39846743295019155,0.14246575342465753,0.0,1.0,1.0,0.0,0.0,1.0,0.0,1.0
0.95,0.41,0.39846743295019155,0.14246575342465753,0.0,1.0,1.0,0.0,0.0,1.0,0.0,1.0
0.95,0.43,0.39846743295019155,0.14246575342465753,0.0,1.0,1.0,0.0,0.0,1.0,0.0,1.0
0.95,0.45,0.39846743295019155,0.14246575342465753,0.0,1.0,1.0,0.0,0.0,1.0,0.0,1.0
0.95,0.47,0.39846743295019155,0.14246575342465753,0.0,1.0,1.0,0.0,0.0,1.0,0.0,1.0
0.95,0.49,0.39846743295019155,0.14246575342465753,0.0,1.0,1.0,0.0,0.0,1.0,0.0,1.0
0.95,0.51,0.39846743295019155,0.14246575342465753,0.0,1.0,1.0,0.0,0.0,1.0,0.0,1.0
0.95,0.53,0.39846743295019155,0.14246575342465753,0.0,1.0,1.0,0.0,0.0,1.0,0.0,1.0
0.95,0.55,0.39846743295019155,0.14246575342465753,0.0,1.0,1.0,0.0,0.0,1.0,0.0,1.0
0.95,0.57,0.39846743295019155,0.14246575342465753,0.0,1.0,1.0,0.0,0.0,1.0,0.0,1.0
0.95,0.59,0.39846743295019155,0.14246575342465753,0.0,1.0,1.0,0.0,0.0,1.0,0.0,1.0
0.95,0.61,0.39846743295019155,0.14246575342465753,0.0,1.0,1.0,0.0,0.0,1.0,0.0,1.0
0.95,0.63,0.39846743295019155,0.14246575342465753,0.0,1.0,1.0,0.0,0.0,1.0,0.0,1.0
0.95,0.65,0.39846743295019155,0.14246575342465753,0.0,1.0,1.0,0.0,0.0,1.0,0.0,1.0
0.95,0.67,0.39846743295019155,0.14246575342465753,0.0,1.0,1.0,0.0,0.0,1.0,0.0,1.0
0.95,0.69,0.39846743295019155,0.14246575342465753,0.0,1.0,1.0,0.0,0.0,1.0,0.0,1.0
0.95,0.71,0.39846743295019155,0.14246575342465753,0.0,1.0,1.0,0.0,0.0,1.0,0.0,1.0
0.95,0.73,0.39846743295019155,0.14246575342465753,0.0,1.0,1.0,0.0,0.0,1.0,0.0,1.0
0.95,0.75,0.39846743295019155,0.14246575342465753,0.0,1.0,1.0,0.0,0.0,1.0,0.0,1.0
0.95,0.77,0.39846743295019155,0.14246575342465753,0.0,1.0,1.0,0.0,0.0,1.0,0.0,1.0
0.95,0.79,0.39846743295019155,0.14246575342465753,0.0,1.0,1.0,0.0,0.0,1.0,0.0,1.0
0.95,0.81,0.39846743295019155,0.14246575342465753,0.0,1.0,1.0,0.0,0.0,1.0,0.0,1.0
0.95,0.83,0.39846743295019155,0.14246575342465753,0.0,1.0,1.0,0.0,0.0,1.0,0.0,1.0
0.95,0.85,0.39846743295019155,0.14246575342465753,0.0,1.0,1.0,0.0,0.0,1.0,0.0,1.0
0.95,0.87,0.39846743295019155,0.14246575342465753,0.0,1.0,1.0,0.0,0.0,1.0,0.0,1.0
0.95,0.89,0.39846743295019155,0.14246575342465753,0.0,1.0,1.0,0.0,0.0,1.0,0.0,1.0
0.95,0.91,0.39846743295019155,0.14246575342465753,0.0,1.0,1.0,0.0,0.0,1.0,0.0,1.0
0.95,0.93,0.39846743295019155,0.14246575342465753,0.0,1.0,1.0,0.0,0.0,1.0,0.0,1.0
0.95,0.95,0.39846743295019155,0.14246575342465753,0.0,1.0,1.0,0.0,0.0,1.0,0.0,1.0
