tau_drug,tau_kraken,accuracy,macro_f1,min_class_f1,f1_none,f1_kraken,f1_triton,f1_coral,precision_none,precision_kraken,recall_none,recall_kraken
0.05,0.05,0.21839080459770116,0.08990536277602523,0.0,0.0,0.35962145110410093,0.0,0.0,0.0,0.22007722007722008,0.0,0.9827586206896551
0.05,0.07,0.21839080459770116,0.09018987341772151,0.0,0.0,0.36075949367088606,0.0,0.0,0.0,0.22093023255813954,0.0,0.9827586206896551
0.05,0.09,0.21455938697318008,0.08945686900958466,0.0,0.0,0.35782747603833864,0.0,0.0,0.0,0.2196078431372549,0.0,0.9655172413793104
0.05,0.11,0.21839080459770116,0.099386816555953,0.0,0.0,0.36245954692556637,0.03508771929824561,0.0,0.0,0.22310756972111553,0.0,0.9655172413793104
0.05,0.13,0.21455938697318008,0.11333646984553176,0.0,0.0,0.34983498349834985,0.06779661016949153,0.03571428571428571,0.0,0.2163265306122449,0.0,0.9137931034482759
0.05,0.15,0.21839080459770116,0.12169542709232097,0.0,0.0,0.35333333333333333,0.09836065573770492,0.03508771929824561,0.0,0.2190082644628099,0.0,0.9137931034482759
0.05,0.17,0.22988505747126436,0.14557189113503105,0.0,0.0,0.36177474402730375,0.15384615384615385,0.06666666666666667,0.0,0.225531914893617,0.0,0.9137931034482759
0.05,0.19,0.23371647509578544,0.15297214315833862,0.0,0.0,0.3680555555555556,0.14705882352941177,0.0967741935483871,0.0,0.23043478260869565,0.0,0.9137931034482759
0.05,0.21,0.24904214559386972,0.18605895254908256,0.0,0.0,0.3727598566308244,0.2222222222222222,0.14925373134328357,0.0,0.23529411764705882,0.0,0.896551724137931
0.05,0.23,0.26053639846743293,0.20923896499238964,0.0,0.0,0.37777777777777777,0.24,0.2191780821917808,0.0,0.24056603773584906,0.0,0.8793103448275862
0.05,0.25,0.26053639846743293,0.2173780487804878,0.0,0.0,0.375,0.275,0.21951219512195122,0.0,0.24242424242424243,0.0,0.8275862068965517
0.05,0.27,0.26436781609195403,0.22502665910380035,0.0,0.0,0.376,0.2682926829268293,0.2558139534883721,0.0,0.24479166666666666,0.0,0.8103448275862069
0.05,0.29,0.2720306513409962,0.23400988810824877,0.0,0.0,0.38524590163934425,0.2619047619047619,0.28888888888888886,0.0,0.25268817204301075,0.0,0.8103448275862069
0.05,0.31,0.2796934865900383,0.24798634951565263,0.0,0.0,0.3829787234042553,0.27906976744186046,0.32989690721649484,0.0,0.2542372881355932,0.0,0.7758620689655172
0.05,0.33,0.28735632183908044,0.2633172114253502,0.0,0.0,0.37554585152838427,0.34782608695652173,0.32989690721649484,0.0,0.25146198830409355,0.0,0.7413793103448276
0.05,0.35,0.2950191570881226,0.27153840816109265,0.0,0.0,0.38392857142857145,0.3655913978494624,0.33663366336633666,0.0,0.25903614457831325,0.0,0.7413793103448276
0.05,0.37,0.30268199233716475,0.2820896431270189,0.0,0.0,0.3835616438356164,0.40816326530612246,0.33663366336633666,0.0,0.2608695652173913,0.0,0.7241379310344828
0.05,0.39,0.3065134099616858,0.28561096400902225,0.0,0.0,0.3888888888888889,0.40404040404040403,0.34951456310679613,0.0,0.26582278481012656,0.0,0.7241379310344828
0.05,0.41,0.2988505747126437,0.2799964054636952,0.0,0.0,0.37383177570093457,0.4,0.34615384615384615,0.0,0.2564102564102564,0.0,0.6896551724137931
0.05,0.43,0.3065134099616858,0.2876171389068731,0.0,0.0,0.3827751196172249,0.4158415841584158,0.35185185185185186,0.0,0.26490066225165565,0.0,0.6896551724137931
0.05,0.45,0.31417624521072796,0.29526618302370133,0.0,0.0,0.3902439024390244,0.42718446601941745,0.36363636363636365,0.0,0.272108843537415,0.0,0.6896551724137931
0.05,0.47,0.31800766283524906,0.2985914579059541,0.0,0.0,0.39593908629441626,0.4444444444444444,0.35398230088495575,0.0,0.2805755395683453,0.0,0.6724137931034483
0.05,0.49,0.31417624521072796,0.29320555134072035,0.0,0.0,0.40425531914893614,0.43243243243243246,0.33613445378151263,0.0,0.2923076923076923,0.0,0.6551724137931034
0.05,0.51,0.3218390804597701,0.3019429397668425,0.0,0.0,0.40437158469945356,0.43243243243243246,0.3709677419354839,0.0,0.296,0.0,0.6379310344827587
0.05,0.53,0.31417624521072796,0.2956040669856459,0.0,0.0,0.38636363636363635,0.42105263157894735,0.375,0.0,0.288135593220339,0.0,0.5862068965517241
0.05,0.55,0.31417624521072796,0.29406206982855715,0.0,0.0,0.4,0.4098360655737705,0.366412213740458,0.0,0.308411214953271,0.0,0.5689655172413793
0.05,0.57,0.2988505747126437,0.2806268816695827,0.0,0.0,0.36477987421383645,0.3968253968253968,0.3609022556390977,0.0,0.2871287128712871,0.0,0.5
0.05,0.59,0.2950191570881226,0.2767857142857143,0.0,0.0,0.35526315789473684,0.39097744360902253,0.3609022556390977,0.0,0.2872340425531915,0.0,0.46551724137931033
0.05,0.61,0.28735632183908044,0.2692873073803731,0.0,0.0,0.3472222222222222,0.3795620437956204,0.35036496350364965,0.0,0.29069767441860467,0.0,0.43103448275862066
0.05,0.63,0.29118773946360155,0.27280950447782387,0.0,0.0,0.3546099290780142,0.391304347826087,0.34532374100719426,0.0,0.30120481927710846,0.0,0.43103448275862066
0.05,0.65,0.29118773946360155,0.2727313061669074,0.0,0.0,0.34782608695652173,0.38848920863309355,0.3546099290780142,0.0,0.3,0.0,0.41379310344827586
0.05,0.67,0.29118773946360155,0.27248862404237545,0.0,0.0,0.3458646616541353,0.3829787234042553,0.3611111111111111,0.0,0.30666666666666664,0.0,0.39655172413793105
0.05,0.69,0.28735632183908044,0.26867157031139494,0.0,0.0,0.34146341463414637,0.38028169014084506,0.35294117647058826,0.0,0.3230769230769231,0.0,0.3620689655172414
0.05,0.71,0.2835249042145594,0.2652111115148432,0.0,0.0,0.3448275862068966,0.3698630136986301,0.34615384615384615,0.0,0.3448275862068966,0.0,0.3448275862068966
0.05,0.73,0.26436781609195403,0.24389940296710066,0.0,0.0,0.2777777777777778,0.3624161073825503,0.33540372670807456,0.0,0.3,0.0,0.25862068965517243
0.05,0.75,0.25287356321839083,0.2299734738651315,0.0,0.0,0.23300970873786409,0.3576158940397351,0.32926829268292684,0.0,0.26666666666666666,0.0,0.20689655172413793
0.05,0.77,0.2413793103448276,0.2148956356736243,0.0,0.0,0.1935483870967742,0.34838709677419355,0.3176470588235294,0.0,0.2571428571428571,0.0,0.15517241379310345
0.05,0.79,0.2260536398467433,0.1912149430324277,0.0,0.0,0.125,0.3312883435582822,0.30857142857142855,0.0,0.22727272727272727,0.0,0.08620689655172414
0.05,0.81,0.2260536398467433,0.19114455438153055,0.0,0.0,0.1282051282051282,0.3312883435582822,0.3050847457627119,0.0,0.25,0.0,0.08620689655172414
0.05,0.83,0.2222222222222222,0.18434410019775874,0.0,0.0,0.10810810810810811,0.32926829268292684,0.3,0.0,0.25,0.0,0.06896551724137931
0.05,0.85,0.21839080459770116,0.1765917905623788,0.0,0.0,0.08823529411764706,0.32142857142857145,0.2967032967032967,0.0,0.3,0.0,0.05172413793103448
0.05,0.87,0.21839080459770116,0.1713475063938619,0.0,0.0,0.0625,0.32941176470588235,0.29347826086956524,0.0,0.3333333333333333,0.0,0.034482758620689655
0.05,0.89,0.21839080459770116,0.17097335026027727,0.0,0.0,0.06451612903225806,0.32748538011695905,0.2918918918918919,0.0,0.5,0.0,0.034482758620689655
0.05,0.91,0.21455938697318008,0.1625650431216577,0.0,0.0,0.03278688524590164,0.32558139534883723,0.2918918918918919,0.0,0.3333333333333333,0.0,0.017241379310344827
0.05,0.93,0.21455938697318008,0.1622311617976358,0.0,0.0,0.03333333333333333,0.3236994219653179,0.2918918918918919,0.0,0.5,0.0,0.017241379310344827
0.05,0.95,0.210727969348659,0.15311736886031344,0.0,0.0,0.0,0.3236994219653179,0.2887700534759358,0.0,0.0,0.0,0.0
0.07,0.05,0.21839080459770116,0.08990536277602523,0.0,0.0,0.35962145110410093,0.0,0.0,0.0,0.22007722007722008,0.0,0.9827586206896551
0.07,0.07,0.21839080459770116,0.09018987341772151,0.0,0.0,0.36075949367088606,0.0,0.0,0.0,0.22093023255813954,0.0,0.9827586206896551
0.07,0.09,0.21455938697318008,0.08945686900958466,0.0,0.0,0.35782747603833864,0.0,0.0,0.0,0.2196078431372549,0.0,0.9655172413793104
0.07,0.11,0.21839080459770116,0.099386816555953,0.0,0.0,0.36245954692556637,0.03508771929824561,0.0,0.0,0.22310756972111553,0.0,0.9655172413793104
0.07,0.13,0.21455938697318008,0.11333646984553176,0.0,0.0,0.34983498349834985,0.06779661016949153,0.03571428571428571,0.0,0.2163265306122449,0.0,0.9137931034482759
0.07,0.15,0.21839080459770116,0.12169542709232097,0.0,0.0,0.35333333333333333,0.09836065573770492,0.03508771929824561,0.0,0.2190082644628099,0.0,0.9137931034482759
0.07,0.17,0.22988505747126436,0.14557189113503105,0.0,0.0,0.36177474402730375,0.15384615384615385,0.06666666666666667,0.0,0.225531914893617,0.0,0.9137931034482759
0.07,0.19,0.23371647509578544,0.15297214315833862,0.0,0.0,0.3680555555555556,0.14705882352941177,0.0967741935483871,0.0,0.23043478260869565,0.0,0.9137931034482759
0.07,0.21,0.24904214559386972,0.18605895254908256,0.0,0.0,0.3727598566308244,0.2222222222222222,0.14925373134328357,0.0,0.23529411764705882,0.0,0.896551724137931
0.07,0.23,0.26053639846743293,0.20923896499238964,0.0,0.0,0.37777777777777777,0.24,0.2191780821917808,0.0,0.24056603773584906,0.0,0.8793103448275862
0.07,0.25,0.26053639846743293,0.2173780487804878,0.0,0.0,0.375,0.275,0.21951219512195122,0.0,0.24242424242424243,0.0,0.8275862068965517
0.07,0.27,0.26436781609195403,0.22502665910380035,0.0,0.0,0.376,0.2682926829268293,0.2558139534883721,0.0,0.24479166666666666,0.0,0.8103448275862069
0.07,0.29,0.2720306513409962,0.23400988810824877,0.0,0.0,0.38524590163934425,0.2619047619047619,0.28888888888888886,0.0,0.25268817204301075,0.0,0.8103448275862069
0.07,0.31,0.2796934865900383,0.24798634951565263,0.0,0.0,0.3829787234042553,0.27906976744186046,0.32989690721649484,0.0,0.2542372881355932,0.0,0.7758620689655172
0.07,0.33,0.28735632183908044,0.2633172114253502,0.0,0.0,0.37554585152838427,0.34782608695652173,0.32989690721649484,0.0,0.25146198830409355,0.0,0.7413793103448276
0.07,0.35,0.2950191570881226,0.27153840816109265,0.0,0.0,0.38392857142857145,0.3655913978494624,0.33663366336633666,0.0,0.25903614457831325,0.0,0.7413793103448276
0.07,0.37,0.30268199233716475,0.2820896431270189,0.0,0.0,0.3835616438356164,0.40816326530612246,0.33663366336633666,0.0,0.2608695652173913,0.0,0.7241379310344828
0.07,0.39,0.3065134099616858,0.28561096400902225,0.0,0.0,0.3888888888888889,0.40404040404040403,0.34951456310679613,0.0,0.26582278481012656,0.0,0.7241379310344828
0.07,0.41,0.2988505747126437,0.2799964054636952,0.0,0.0,0.37383177570093457,0.4,0.34615384615384615,0.0,0.2564102564102564,0.0,0.6896551724137931
0.07,0.43,0.3065134099616858,0.2876171389068731,0.0,0.0,0.3827751196172249,0.4158415841584158,0.35185185185185186,0.0,0.26490066225165565,0.0,0.6896551724137931
0.07,0.45,0.31417624521072796,0.29526618302370133,0.0,0.0,0.3902439024390244,0.42718446601941745,0.36363636363636365,0.0,0.272108843537415,0.0,0.6896551724137931
0.07,0.47,0.31800766283524906,0.2985914579059541,0.0,0.0,0.39593908629441626,0.4444444444444444,0.35398230088495575,0.0,0.2805755395683453,0.0,0.6724137931034483
0.07,0.49,0.31417624521072796,0.29320555134072035,0.0,0.0,0.40425531914893614,0.43243243243243246,0.33613445378151263,0.0,0.2923076923076923,0.0,0.6551724137931034
0.07,0.51,0.3218390804597701,0.3019429397668425,0.0,0.0,0.40437158469945356,0.43243243243243246,0.3709677419354839,0.0,0.296,0.0,0.6379310344827587
0.07,0.53,0.31417624521072796,0.2956040669856459,0.0,0.0,0.38636363636363635,0.42105263157894735,0.375,0.0,0.288135593220339,0.0,0.5862068965517241
0.07,0.55,0.31417624521072796,0.29406206982855715,0.0,0.0,0.4,0.4098360655737705,0.366412213740458,0.0,0.308411214953271,0.0,0.5689655172413793
0.07,0.57,0.2988505747126437,0.2806268816695827,0.0,0.0,0.36477987421383645,0.3968253968253968,0.3609022556390977,0.0,0.2871287128712871,0.0,0.5
0.07,0.59,0.2950191570881226,0.2767857142857143,0.0,0.0,0.35526315789473684,0.39097744360902253,0.3609022556390977,0.0,0.2872340425531915,0.0,0.46551724137931033
0.07,0.61,0.28735632183908044,0.2692873073803731,0.0,0.0,0.3472222222222222,0.3795620437956204,0.35036496350364965,0.0,0.29069767441860467,0.0,0.43103448275862066
0.07,0.63,0.29118773946360155,0.27280950447782387,0.0,0.0,0.3546099290780142,0.391304347826087,0.34532374100719426,0.0,0.30120481927710846,0.0,0.43103448275862066
0.07,0.65,0.29118773946360155,0.2727313061669074,0.0,0.0,0.34782608695652173,0.38848920863309355,0.3546099290780142,0.0,0.3,0.0,0.41379310344827586
0.07,0.67,0.29118773946360155,0.27248862404237545,0.0,0.0,0.3458646616541353,0.3829787234042553,0.3611111111111111,0.0,0.30666666666666664,0.0,0.39655172413793105
0.07,0.69,0.28735632183908044,0.26867157031139494,0.0,0.0,0.34146341463414637,0.38028169014084506,0.35294117647058826,0.0,0.3230769230769231,0.0,0.3620689655172414
0.07,0.71,0.2835249042145594,0.2652111115148432,0.0,0.0,0.3448275862068966,0.3698630136986301,0.34615384615384615,0.0,0.3448275862068966,0.0,0.3448275862068966
0.07,0.73,0.26436781609195403,0.24389940296710066,0.0,0.0,0.2777777777777778,0.3624161073825503,0.33540372670807456,0.0,0.3,0.0,0.25862068965517243
0.07,0.75,0.25287356321839083,0.2299734738651315,0.0,0.0,0.23300970873786409,0.3576158940397351,0.32926829268292684,0.0,0.26666666666666666,0.0,0.20689655172413793
0.07,0.77,0.2413793103448276,0.2148956356736243,0.0,0.0,0.1935483870967742,0.34838709677419355,0.3176470588235294,0.0,0.2571428571428571,0.0,0.15517241379310345
0.07,0.79,0.2260536398467433,0.1912149430324277,0.0,0.0,0.125,0.3312883435582822,0.30857142857142855,0.0,0.22727272727272727,0.0,0.08620689655172414
0.07,0.81,0.2260536398467433,0.19114455438153055,0.0,0.0,0.1282051282051282,0.3312883435582822,0.3050847457627119,0.0,0.25,0.0,0.08620689655172414
0.07,0.83,0.2222222222222222,0.18434410019775874,0.0,0.0,0.10810810810810811,0.32926829268292684,0.3,0.0,0.25,0.0,0.06896551724137931
0.07,0.85,0.21839080459770116,0.1765917905623788,0.0,0.0,0.08823529411764706,0.32142857142857145,0.2967032967032967,0.0,0.3,0.0,0.05172413793103448
0.07,0.87,0.21839080459770116,0.1713475063938619,0.0,0.0,0.0625,0.32941176470588235,0.29347826086956524,0.0,0.3333333333333333,0.0,0.034482758620689655
0.07,0.89,0.21839080459770116,0.17097335026027727,0.0,0.0,0.06451612903225806,0.32748538011695905,0.2918918918918919,0.0,0.5,0.0,0.034482758620689655
0.07,0.91,0.21455938697318008,0.1625650431216577,0.0,0.0,0.03278688524590164,0.32558139534883723,0.2918918918918919,0.0,0.3333333333333333,0.0,0.017241379310344827
0.07,0.93,0.21455938697318008,0.1622311617976358,0.0,0.0,0.03333333333333333,0.3236994219653179,0.2918918918918919,0.0,0.5,0.0,0.017241379310344827
0.07,0.95,0.210727969348659,0.15311736886031344,0.0,0.0,0.0,0.3236994219653179,0.2887700534759358,0.0,0.0,0.0,0.0
0.09,0.05,0.21839080459770116,0.08990536277602523,0.0,0.0,0.35962145110410093,0.0,0.0,0.0,0.22007722007722008,0.0,0.9827586206896551
0.09,0.07,0.21839080459770116,0.09018987341772151,0.0,0.0,0.36075949367088606,0.0,0.0,0.0,0.22093023255813954,0.0,0.9827586206896551
0.09,0.09,0.21455938697318008,0.08945686900958466,0.0,0.0,0.35782747603833864,0.0,0.0,0.0,0.2196078431372549,0.0,0.9655172413793104
0.09,0.11,0.21839080459770116,0.099386816555953,0.0,0.0,0.36245954692556637,0.03508771929824561,0.0,0.0,0.22310756972111553,0.0,0.9655172413793104
0.09,0.13,0.21455938697318008,0.11333646984553176,0.0,0.0,0.34983498349834985,0.06779661016949153,0.03571428571428571,0.0,0.2163265306122449,0.0,0.9137931034482759
0.09,0.15,0.21839080459770116,0.12169542709232097,0.0,0.0,0.35333333333333333,0.09836065573770492,0.03508771929824561,0.0,0.2190082644628099,0.0,0.9137931034482759
0.09,0.17,0.22988505747126436,0.14557189113503105,0.0,0.0,0.36177474402730375,0.15384615384615385,0.06666666666666667,0.0,0.225531914893617,0.0,0.9137931034482759
0.09,0.19,0.23371647509578544,0.15297214315833862,0.0,0.0,0.3680555555555556,0.14705882352941177,0.0967741935483871,0.0,0.23043478260869565,0.0,0.9137931034482759
0.09,0.21,0.24904214559386972,0.18605895254908256,0.0,0.0,0.3727598566308244,0.2222222222222222,0.14925373134328357,0.0,0.23529411764705882,0.0,0.896551724137931
0.09,0.23,0.26053639846743293,0.20923896499238964,0.0,0.0,0.37777777777777777,0.24,0.2191780821917808,0.0,0.24056603773584906,0.0,0.8793103448275862
0.09,0.25,0.26053639846743293,0.2173780487804878,0.0,0.0,0.375,0.275,0.21951219512195122,0.0,0.24242424242424243,0.0,0.8275862068965517
0.09,0.27,0.26436781609195403,0.22502665910380035,0.0,0.0,0.376,0.2682926829268293,0.2558139534883721,0.0,0.24479166666666666,0.0,0.8103448275862069
0.09,0.29,0.2720306513409962,0.23400988810824877,0.0,0.0,0.38524590163934425,0.2619047619047619,0.28888888888888886,0.0,0.25268817204301075,0.0,0.8103448275862069
0.09,0.31,0.2796934865900383,0.24798634951565263,0.0,0.0,0.3829787234042553,0.27906976744186046,0.32989690721649484,0.0,0.2542372881355932,0.0,0.7758620689655172
0.09,0.33,0.28735632183908044,0.2633172114253502,0.0,0.0,0.37554585152838427,0.34782608695652173,0.32989690721649484,0.0,0.25146198830409355,0.0,0.7413793103448276
0.09,0.35,0.2950191570881226,0.27153840816109265,0.0,0.0,0.38392857142857145,0.3655913978494624,0.33663366336633666,0.0,0.25903614457831325,0.0,0.7413793103448276
0.09,0.37,0.30268199233716475,0.2820896431270189,0.0,0.0,0.3835616438356164,0.40816326530612246,0.33663366336633666,0.0,0.2608695652173913,0.0,0.7241379310344828
0.09,0.39,0.3065134099616858,0.28561096400902225,0.0,0.0,0.3888888888888889,0.40404040404040403,0.34951456310679613,0.0,0.26582278481012656,0.0,0.7241379310344828
0.09,0.41,0.2988505747126437,0.2799964054636952,0.0,0.0,0.37383177570093457,0.4,0.34615384615384615,0.0,0.2564102564102564,0.0,0.6896551724137931
0.09,0.43,0.3065134099616858,0.2876171389068731,0.0,0.0,0.3827751196172249,0.4158415841584158,0.35185185185185186,0.0,0.26490066225165565,0.0,0.6896551724137931
0.09,0.45,0.31417624521072796,0.29526618302370133,0.0,0.0,0.3902439024390244,0.42718446601941745,0.36363636363636365,0.0,0.272108843537415,0.0,0.6896551724137931
0.09,0.47,0.31800766283524906,0.2985914579059541,0.0,0.0,0.39593908629441626,0.4444444444444444,0.35398230088495575,0.0,0.2805755395683453,0.0,0.6724137931034483
0.09,0.49,0.31417624521072796,0.29320555134072035,0.0,0.0,0.40425531914893614,0.43243243243243246,0.33613445378151263,0.0,0.2923076923076923,0.0,0.6551724137931034
0.09,0.51,0.3218390804597701,0.3019429397668425,0.0,0.0,0.40437158469945356,0.43243243243243246,0.3709677419354839,0.0,0.296,0.0,0.6379310344827587
0.09,0.53,0.31417624521072796,0.2956040669856459,0.0,0.0,0.38636363636363635,0.42105263157894735,0.375,0.0,0.288135593220339,0.0,0.5862068965517241
0.09,0.55,0.31417624521072796,0.29406206982855715,0.0,0.0,0.4,0.4098360655737705,0.366412213740458,0.0,0.308411214953271,0.0,0.5689655172413793
0.09,0.57,0.2988505747126437,0.2806268816695827,0.0,0.0,0.36477987421383645,0.3968253968253968,0.3609022556390977,0.0,0.2871287128712871,0.0,0.5
0.09,0.59,0.2950191570881226,0.2767857142857143,0.0,0.0,0.35526315789473684,0.39097744360902253,0.3609022556390977,0.0,0.2872340425531915,0.0,0.46551724137931033
0.09,0.61,0.28735632183908044,0.2692873073803731,0.0,0.0,0.3472222222222222,0.3795620437956204,0.35036496350364965,0.0,0.29069767441860467,0.0,0.43103448275862066
0.09,0.63,0.29118773946360155,0.27280950447782387,0.0,0.0,0.3546099290780142,0.391304347826087,0.34532374100719426,0.0,0.30120481927710846,0.0,0.43103448275862066
0.09,0.65,0.29118773946360155,0.2727313061669074,0.0,0.0,0.34782608695652173,0.38848920863309355,0.3546099290780142,0.0,0.3,0.0,0.41379310344827586
0.09,0.67,0.29118773946360155,0.27248862404237545,0.0,0.0,0.3458646616541353,0.3829787234042553,0.3611111111111111,0.0,0.30666666666666664,0.0,0.39655172413793105
0.09,0.69,0.28735632183908044,0.26867157031139494,0.0,0.0,0.34146341463414637,0.38028169014084506,0.35294117647058826,0.0,0.3230769230769231,0.0,0.3620689655172414
0.09,0.71,0.2835249042145594,0.2652111115148432,0.0,0.0,0.3448275862068966,0.3698630136986301,0.34615384615384615,0.0,0.3448275862068966,0.0,0.3448275862068966
0.09,0.73,0.26436781609195403,0.24389940296710066,0.0,0.0,0.2777777777777778,0.3624161073825503,0.33540372670807456,0.0,0.3,0.0,0.25862068965517243
0.09,0.75,0.25287356321839083,0.2299734738651315,0.0,0.0,0.23300970873786409,0.3576158940397351,0.32926829268292684,0.0,0.26666666666666666,0.0,0.20689655172413793
0.09,0.77,0.2413793103448276,0.2148956356736243,0.0,0.0,0.1935483870967742,0.34838709677419355,0.3176470588235294,0.0,0.2571428571428571,0.0,0.15517241379310345
0.09,0.79,0.2260536398467433,0.1912149430324277,0.0,0.0,0.125,0.3312883435582822,0.30857142857142855,0.0,0.22727272727272727,0.0,0.08620689655172414
0.09,0.81,0.2260536398467433,0.19114455438153055,0.0,0.0,0.1282051282051282,0.3312883435582822,0.3050847457627119,0.0,0.25,0.0,0.08620689655172414
0.09,0.83,0.2222222222222222,0.18434410019775874,0.0,0.0,0.10810810810810811,0.32926829268292684,0.3,0.0,0.25,0.0,0.06896551724137931
0.09,0.85,0.21839080459770116,0.1765917905623788,0.0,0.0,0.08823529411764706,0.32142857142857145,0.2967032967032967,0.0,0.3,0.0,0.05172413793103448
0.09,0.87,0.21839080459770116,0.1713475063938619,0.0,0.0,0.0625,0.32941176470588235,0.29347826086956524,0.0,0.3333333333333333,0.0,0.034482758620689655
0.09,0.89,0.21839080459770116,0.17097335026027727,0.0,0.0,0.06451612903225806,0.32748538011695905,0.2918918918918919,0.0,0.5,0.0,0.034482758620689655
0.09,0.91,0.21455938697318008,0.1625650431216577,0.0,0.0,0.03278688524590164,0.32558139534883723,0.2918918918918919,0.0,0.3333333333333333,0.0,0.017241379310344827
0.09,0.93,0.21455938697318008,0.1622311617976358,0.0,0.0,0.03333333333333333,0.3236994219653179,0.2918918918918919,0.0,0.5,0.0,0.017241379310344827
0.09,0.95,0.210727969348659,0.15311736886031344,0.0,0.0,0.0,0.3236994219653179,0.2887700534759358,0.0,0.0,0.0,0.0
0.11,0.05,0.21839080459770116,0.08990536277602523,0.0,0.0,0.35962145110410093,0.0,0.0,0.0,0.22007722007722008,0.0,0.9827586206896551
0.11,0.07,0.21839080459770116,0.09018987341772151,0.0,0.0,0.36075949367088606,0.0,0.0,0.0,0.22093023255813954,0.0,0.9827586206896551
0.11,0.09,0.21455938697318008,0.08945686900958466,0.0,0.0,0.35782747603833864,0.0,0.0,0.0,0.2196078431372549,0.0,0.9655172413793104
0.11,0.11,0.21839080459770116,0.099386816555953,0.0,0.0,0.36245954692556637,0.03508771929824561,0.0,0.0,0.22310756972111553,0.0,0.9655172413793104
0.11,0.13,0.21455938697318008,0.11333646984553176,0.0,0.0,0.34983498349834985,0.06779661016949153,0.03571428571428571,0.0,0.2163265306122449,0.0,0.9137931034482759
0.11,0.15,0.21839080459770116,0.12169542709232097,0.0,0.0,0.35333333333333333,0.09836065573770492,0.03508771929824561,0.0,0.2190082644628099,0.0,0.9137931034482759
0.11,0.17,0.22988505747126436,0.14557189113503105,0.0,0.0,0.36177474402730375,0.15384615384615385,0.06666666666666667,0.0,0.225531914893617,0.0,0.9137931034482759
0.11,0.19,0.23371647509578544,0.15297214315833862,0.0,0.0,0.3680555555555556,0.14705882352941177,0.0967741935483871,0.0,0.23043478260869565,0.0,0.9137931034482759
0.11,0.21,0.24904214559386972,0.18605895254908256,0.0,0.0,0.3727598566308244,0.2222222222222222,0.14925373134328357,0.0,0.23529411764705882,0.0,0.896551724137931
0.11,0.23,0.26053639846743293,0.20923896499238964,0.0,0.0,0.37777777777777777,0.24,0.2191780821917808,0.0,0.24056603773584906,0.0,0.8793103448275862
0.11,0.25,0.26053639846743293,0.2173780487804878,0.0,0.0,0.375,0.275,0.21951219512195122,0.0,0.24242424242424243,0.0,0.8275862068965517
0.11,0.27,0.26436781609195403,0.22502665910380035,0.0,0.0,0.376,0.2682926829268293,0.2558139534883721,0.0,0.24479166666666666,0.0,0.8103448275862069
0.11,0.29,0.2720306513409962,0.23400988810824877,0.0,0.0,0.38524590163934425,0.2619047619047619,0.28888888888888886,0.0,0.25268817204301075,0.0,0.8103448275862069
0.11,0.31,0.2796934865900383,0.24798634951565263,0.0,0.0,0.3829787234042553,0.27906976744186046,0.32989690721649484,0.0,0.2542372881355932,0.0,0.7758620689655172
0.11,0.33,0.28735632183908044,0.2633172114253502,0.0,0.0,0.37554585152838427,0.34782608695652173,0.32989690721649484,0.0,0.25146198830409355,0.0,0.7413793103448276
0.11,0.35,0.2950191570881226,0.27153840816109265,0.0,0.0,0.38392857142857145,0.3655913978494624,0.33663366336633666,0.0,0.25903614457831325,0.0,0.7413793103448276
0.11,0.37,0.30268199233716475,0.2820896431270189,0.0,0.0,0.3835616438356164,0.40816326530612246,0.33663366336633666,0.0,0.2608695652173913,0.0,0.7241379310344828
0.11,0.39,0.3065134099616858,0.28561096400902225,0.0,0.0,0.3888888888888889,0.40404040404040403,0.34951456310679613,0.0,0.26582278481012656,0.0,0.7241379310344828
0.11,0.41,0.2988505747126437,0.2799964054636952,0.0,0.0,0.37383177570093457,0.4,0.34615384615384615,0.0,0.2564102564102564,0.0,0.6896551724137931
0.11,0.43,0.3065134099616858,0.2876171389068731,0.0,0.0,0.3827751196172249,0.4158415841584158,0.35185185185185186,0.0,0.26490066225165565,0.0,0.6896551724137931
0.11,0.45,0.31417624521072796,0.29526618302370133,0.0,0.0,0.3902439024390244,0.42718446601941745,0.36363636363636365,0.0,0.272108843537415,0.0,0.6896551724137931
0.11,0.47,0.31800766283524906,0.2985914579059541,0.0,0.0,0.39593908629441626,0.4444444444444444,0.35398230088495575,0.0,0.2805755395683453,0.0,0.6724137931034483
0.11,0.49,0.31417624521072796,0.29320555134072035,0.0,0.0,0.40425531914893614,0.43243243243243246,0.33613445378151263,0.0,0.2923076923076923,0.0,0.6551724137931034
0.11,0.51,0.3218390804597701,0.3019429397668425,0.0,0.0,0.40437158469945356,0.43243243243243246,0.3709677419354839,0.0,0.296,0.0,0.6379310344827587
0.11,0.53,0.31417624521072796,0.2956040669856459,0.0,0.0,0.38636363636363635,0.42105263157894735,0.375,0.0,0.288135593220339,0.0,0.5862068965517241
0.11,0.55,0.31417624521072796,0.29406206982855715,0.0,0.0,0.4,0.4098360655737705,0.366412213740458,0.0,0.308411214953271,0.0,0.5689655172413793
0.11,0.57,0.2988505747126437,0.2806268816695827,0.0,0.0,0.36477987421383645,0.3968253968253968,0.3609022556390977,0.0,0.2871287128712871,0.0,0.5
0.11,0.59,0.2950191570881226,0.2767857142857143,0.0,0.0,0.35526315789473684,0.39097744360902253,0.3609022556390977,0.0,0.2872340425531915,0.0,0.46551724137931033
0.11,0.61,0.28735632183908044,0.2692873073803731,0.0,0.0,0.3472222222222222,0.3795620437956204,0.35036496350364965,0.0,0.29069767441860467,0.0,0.43103448275862066
0.11,0.63,0.29118773946360155,0.27280950447782387,0.0,0.0,0.3546099290780142,0.391304347826087,0.34532374100719426,0.0,0.30120481927710846,0.0,0.43103448275862066
0.11,0.65,0.29118773946360155,0.2727313061669074,0.0,0.0,0.34782608695652173,0.38848920863309355,0.3546099290780142,0.0,0.3,0.0,0.41379310344827586
0.11,0.67,0.29118773946360155,0.27248862404237545,0.0,0.0,0.3458646616541353,0.3829787234042553,0.3611111111111111,0.0,0.30666666666666664,0.0,0.39655172413793105
0.11,0.69,0.28735632183908044,0.26867157031139494,0.0,0.0,0.34146341463414637,0.38028169014084506,0.35294117647058826,0.0,0.3230769230769231,0.0,0.3620689655172414
0.11,0.71,0.2835249042145594,0.2652111115148432,0.0,0.0,0.3448275862068966,0.3698630136986301,0.34615384615384615,0.0,0.3448275862068966,0.0,0.3448275862068966
0.11,0.73,0.26436781609195403,0.24389940296710066,0.0,0.0,0.2777777777777778,0.3624161073825503,0.33540372670807456,0.0,0.3,0.0,0.25862068965517243
0.11,0.75,0.25287356321839083,0.2299734738651315,0.0,0.0,0.23300970873786409,0.3576158940397351,0.32926829268292684,0.0,0.26666666666666666,0.0,0.20689655172413793
0.11,0.77,0.2413793103448276,0.2148956356736243,0.0,0.0,0.1935483870967742,0.34838709677419355,0.3176470588235294,0.0,0.2571428571428571,0.0,0.15517241379310345
0.11,0.79,0.2260536398467433,0.1912149430324277,0.0,0.0,0.125,0.3312883435582822,0.30857142857142855,0.0,0.22727272727272727,0.0,0.08620689655172414
0.11,0.81,0.2260536398467433,0.19114455438153055,0.0,0.0,0.1282051282051282,0.3312883435582822,0.3050847457627119,0.0,0.25,0.0,0.08620689655172414
0.11,0.83,0.2222222222222222,0.18434410019775874,0.0,0.0,0.10810810810810811,0.32926829268292684,0.3,0.0,0.25,0.0,0.06896551724137931
0.11,0.85,0.21839080459770116,0.1765917905623788,0.0,0.0,0.08823529411764706,0.32142857142857145,0.2967032967032967,0.0,0.3,0.0,0.05172413793103448
0.11,0.87,0.21839080459770116,0.1713475063938619,0.0,0.0,0.0625,0.32941176470588235,0.29347826086956524,0.0,0.3333333333333333,0.0,0.034482758620689655
0.11,0.89,0.21839080459770116,0.17097335026027727,0.0,0.0,0.06451612903225806,0.32748538011695905,0.2918918918918919,0.0,0.5,0.0,0.034482758620689655
0.11,0.91,0.21455938697318008,0.1625650431216577,0.0,0.0,0.03278688524590164,0.32558139534883723,0.2918918918918919,0.0,0.3333333333333333,0.0,0.017241379310344827
0.11,0.93,0.21455938697318008,0.1622311617976358,0.0,0.0,0.03333333333333333,0.3236994219653179,0.2918918918918919,0.0,0.5,0.0,0.017241379310344827
0.11,0.95,0.210727969348659,0.15311736886031344,0.0,0.0,0.0,0.3236994219653179,0.2887700534759358,0.0,0.0,0.0,0.0
0.13,0.05,0.21839080459770116,0.08990536277602523,0.0,0.0,0.35962145110410093,0.0,0.0,0.0,0.22007722007722008,0.0,0.9827586206896551
0.13,0.07,0.21839080459770116,0.09018987341772151,0.0,0.0,0.36075949367088606,0.0,0.0,0.0,0.22093023255813954,0.0,0.9827586206896551
0.13,0.09,0.21455938697318008,0.08945686900958466,0.0,0.0,0.35782747603833864,0.0,0.0,0.0,0.2196078431372549,0.0,0.9655172413793104
0.13,0.11,0.21839080459770116,0.099386816555953,0.0,0.0,0.36245954692556637,0.03508771929824561,0.0,0.0,0.22310756972111553,0.0,0.9655172413793104
0.13,0.13,0.21455938697318008,0.11333646984553176,0.0,0.0,0.34983498349834985,0.06779661016949153,0.03571428571428571,0.0,0.2163265306122449,0.0,0.9137931034482759
0.13,0.15,0.21839080459770116,0.12169542709232097,0.0,0.0,0.35333333333333333,0.09836065573770492,0.03508771929824561,0.0,0.2190082644628099,0.0,0.9137931034482759
0.13,0.17,0.22988505747126436,0.14557189113503105,0.0,0.0,0.36177474402730375,0.15384615384615385,0.06666666666666667,0.0,0.225531914893617,0.0,0.9137931034482759
0.13,0.19,0.23371647509578544,0.15297214315833862,0.0,0.0,0.3680555555555556,0.14705882352941177,0.0967741935483871,0.0,0.23043478260869565,0.0,0.9137931034482759
0.13,0.21,0.24904214559386972,0.18605895254908256,0.0,0.0,0.3727598566308244,0.2222222222222222,0.14925373134328357,0.0,0.23529411764705882,0.0,0.896551724137931
0.13,0.23,0.26053639846743293,0.20923896499238964,0.0,0.0,0.37777777777777777,0.24,0.2191780821917808,0.0,0.24056603773584906,0.0,0.8793103448275862
0.13,0.25,0.26053639846743293,0.2173780487804878,0.0,0.0,0.375,0.275,0.21951219512195122,0.0,0.24242424242424243,0.0,0.8275862068965517
0.13,0.27,0.26436781609195403,0.22502665910380035,0.0,0.0,0.376,0.2682926829268293,0.2558139534883721,0.0,0.24479166666666666,0.0,0.8103448275862069
0.13,0.29,0.2720306513409962,0.23400988810824877,0.0,0.0,0.38524590163934425,0.2619047619047619,0.28888888888888886,0.0,0.25268817204301075,0.0,0.8103448275862069
0.13,0.31,0.2796934865900383,0.24798634951565263,0.0,0.0,0.3829787234042553,0.27906976744186046,0.32989690721649484,0.0,0.2542372881355932,0.0,0.7758620689655172
0.13,0.33,0.28735632183908044,0.2633172114253502,0.0,0.0,0.37554585152838427,0.34782608695652173,0.32989690721649484,0.0,0.25146198830409355,0.0,0.7413793103448276
0.13,0.35,0.2950191570881226,0.27153840816109265,0.0,0.0,0.38392857142857145,0.3655913978494624,0.33663366336633666,0.0,0.25903614457831325,0.0,0.7413793103448276
0.13,0.37,0.30268199233716475,0.2820896431270189,0.0,0.0,0.3835616438356164,0.40816326530612246,0.33663366336633666,0.0,0.2608695652173913,0.0,0.7241379310344828
0.13,0.39,0.3065134099616858,0.28561096400902225,0.0,0.0,0.3888888888888889,0.40404040404040403,0.34951456310679613,0.0,0.26582278481012656,0.0,0.7241379310344828
0.13,0.41,0.2988505747126437,0.2799964054636952,0.0,0.0,0.37383177570093457,0.4,0.34615384615384615,0.0,0.2564102564102564,0.0,0.6896551724137931
0.13,0.43,0.3065134099616858,0.2876171389068731,0.0,0.0,0.3827751196172249,0.4158415841584158,0.35185185185185186,0.0,0.26490066225165565,0.0,0.6896551724137931
0.13,0.45,0.31417624521072796,0.29526618302370133,0.0,0.0,0.3902439024390244,0.42718446601941745,0.36363636363636365,0.0,0.272108843537415,0.0,0.6896551724137931
0.13,0.47,0.31800766283524906,0.2985914579059541,0.0,0.0,0.39593908629441626,0.4444444444444444,0.35398230088495575,0.0,0.2805755395683453,0.0,0.6724137931034483
0.13,0.49,0.31417624521072796,0.29320555134072035,0.0,0.0,0.40425531914893614,0.43243243243243246,0.33613445378151263,0.0,0.2923076923076923,0.0,0.6551724137931034
0.13,0.51,0.3218390804597701,0.3019429397668425,0.0,0.0,0.40437158469945356,0.43243243243243246,0.3709677419354839,0.0,0.296,0.0,0.6379310344827587
0.13,0.53,0.31417624521072796,0.2956040669856459,0.0,0.0,0.38636363636363635,0.42105263157894735,0.375,0.0,0.288135593220339,0.0,0.5862068965517241
0.13,0.55,0.31417624521072796,0.29406206982855715,0.0,0.0,0.4,0.4098360655737705,0.366412213740458,0.0,0.308411214953271,0.0,0.5689655172413793
0.13,0.57,0.2988505747126437,0.2806268816695827,0.0,0.0,0.36477987421383645,0.3968253968253968,0.3609022556390977,0.0,0.2871287128712871,0.0,0.5
0.13,0.59,0.2950191570881226,0.2767857142857143,0.0,0.0,0.35526315789473684,0.39097744360902253,0.3609022556390977,0.0,0.2872340425531915,0.0,0.46551724137931033
0.13,0.61,0.28735632183908044,0.2692873073803731,0.0,0.0,0.3472222222222222,0.3795620437956204,0.35036496350364965,0.0,0.29069767441860467,0.0,0.43103448275862066
0.13,0.63,0.29118773946360155,0.27280950447782387,0.0,0.0,0.3546099290780142,0.391304347826087,0.34532374100719426,0.0,0.30120481927710846,0.0,0.43103448275862066
0.13,0.65,0.29118773946360155,0.2727313061669074,0.0,0.0,0.34782608695652173,0.38848920863309355,0.3546099290780142,0.0,0.3,0.0,0.41379310344827586
0.13,0.67,0.29118773946360155,0.27248862404237545,0.0,0.0,0.3458646616541353,0.3829787234042553,0.3611111111111111,0.0,0.30666666666666664,0.0,0.39655172413793105
0.13,0.69,0.28735632183908044,0.26867157031139494,0.0,0.0,0.34146341463414637,0.38028169014084506,0.35294117647058826,0.0,0.3230769230769231,0.0,0.3620689655172414
0.13,0.71,0.2835249042145594,0.2652111115148432,0.0,0.0,0.3448275862068966,0.3698630136986301,0.34615384615384615,0.0,0.3448275862068966,0.0,0.3448275862068966
0.13,0.73,0.26436781609195403,0.24389940296710066,0.0,0.0,0.2777777777777778,0.3624161073825503,0.33540372670807456,0.0,0.3,0.0,0.25862068965517243
0.13,0.75,0.25287356321839083,0.2299734738651315,0.0,0.0,0.23300970873786409,0.3576158940397351,0.32926829268292684,0.0,0.26666666666666666,0.0,0.20689655172413793
0.13,0.77,0.2413793103448276,0.2148956356736243,0.0,0.0,0.1935483870967742,0.34838709677419355,0.3176470588235294,0.0,0.2571428571428571,0.0,0.15517241379310345
0.13,0.79,0.2260536398467433,0.1912149430324277,0.0,0.0,0.125,0.3312883435582822,0.30857142857142855,0.0,0.22727272727272727,0.0,0.08620689655172414
0.13,0.81,0.2260536398467433,0.19114455438153055,0.0,0.0,0.1282051282051282,0.3312883435582822,0.3050847457627119,0.0,0.25,0.0,0.08620689655172414
0.13,0.83,0.2222222222222222,0.18434410019775874,0.0,0.0,0.10810810810810811,0.32926829268292684,0.3,0.0,0.25,0.0,0.06896551724137931
0.13,0.85,0.21839080459770116,0.1765917905623788,0.0,0.0,0.08823529411764706,0.32142857142857145,0.2967032967032967,0.0,0.3,0.0,0.05172413793103448
0.13,0.87,0.21839080459770116,0.1713475063938619,0.0,0.0,0.0625,0.32941176470588235,0.29347826086956524,0.0,0.3333333333333333,0.0,0.034482758620689655
0.13,0.89,0.21839080459770116,0.17097335026027727,0.0,0.0,0.06451612903225806,0.32748538011695905,0.2918918918918919,0.0,0.5,0.0,0.034482758620689655
0.13,0.91,0.21455938697318008,0.1625650431216577,0.0,0.0,0.03278688524590164,0.32558139534883723,0.2918918918918919,0.0,0.3333333333333333,0.0,0.017241379310344827
0.13,0.93,0.21455938697318008,0.1622311617976358,0.0,0.0,0.03333333333333333,0.3236994219653179,0.2918918918918919,0.0,0.5,0.0,0.017241379310344827
0.13,0.95,0.210727969348659,0.15311736886031344,0.0,0.0,0.0,0.3236994219653179,0.2887700534759358,0.0,0.0,0.0,0.0
0.15,0.05,0.21839080459770116,0.08990536277602523,0.0,0.0,0.35962145110410093,0.0,0.0,0.0,0.22007722007722008,0.0,0.9827586206896551
0.15,0.07,0.21839080459770116,0.09018987341772151,0.0,0.0,0.36075949367088606,0.0,0.0,0.0,0.22093023255813954,0.0,0.9827586206896551
0.15,0.09,0.21455938697318008,0.08945686900958466,0.0,0.0,0.35782747603833864,0.0,0.0,0.0,0.2196078431372549,0.0,0.9655172413793104
0.15,0.11,0.21839080459770116,0.099386816555953,0.0,0.0,0.36245954692556637,0.03508771929824561,0.0,0.0,0.22310756972111553,0.0,0.9655172413793104
0.15,0.13,0.21455938697318008,0.11333646984553176,0.0,0.0,0.34983498349834985,0.06779661016949153,0.03571428571428571,0.0,0.2163265306122449,0.0,0.9137931034482759
0.15,0.15,0.21839080459770116,0.12169542709232097,0.0,0.0,0.35333333333333333,0.09836065573770492,0.03508771929824561,0.0,0.2190082644628099,0.0,0.9137931034482759
0.15,0.17,0.22988505747126436,0.14557189113503105,0.0,0.0,0.36177474402730375,0.15384615384615385,0.06666666666666667,0.0,0.225531914893617,0.0,0.9137931034482759
0.15,0.19,0.23371647509578544,0.15297214315833862,0.0,0.0,0.3680555555555556,0.14705882352941177,0.0967741935483871,0.0,0.23043478260869565,0.0,0.9137931034482759
0.15,0.21,0.24904214559386972,0.18605895254908256,0.0,0.0,0.3727598566308244,0.2222222222222222,0.14925373134328357,0.0,0.23529411764705882,0.0,0.896551724137931
0.15,0.23,0.26053639846743293,0.20923896499238964,0.0,0.0,0.37777777777777777,0.24,0.2191780821917808,0.0,0.24056603773584906,0.0,0.8793103448275862
0.15,0.25,0.26053639846743293,0.2173780487804878,0.0,0.0,0.375,0.275,0.21951219512195122,0.0,0.24242424242424243,0.0,0.8275862068965517
0.15,0.27,0.26436781609195403,0.22502665910380035,0.0,0.0,0.376,0.2682926829268293,0.2558139534883721,0.0,0.24479166666666666,0.0,0.8103448275862069
0.15,0.29,0.2720306513409962,0.23400988810824877,0.0,0.0,0.38524590163934425,0.2619047619047619,0.28888888888888886,0.0,0.25268817204301075,0.0,0.8103448275862069
0.15,0.31,0.2796934865900383,0.24798634951565263,0.0,0.0,0.3829787234042553,0.27906976744186046,0.32989690721649484,0.0,0.2542372881355932,0.0,0.7758620689655172
0.15,0.33,0.28735632183908044,0.2633172114253502,0.0,0.0,0.37554585152838427,0.34782608695652173,0.32989690721649484,0.0,0.25146198830409355,0.0,0.7413793103448276
0.15,0.35,0.2950191570881226,0.27153840816109265,0.0,0.0,0.38392857142857145,0.3655913978494624,0.33663366336633666,0.0,0.25903614457831325,0.0,0.7413793103448276
0.15,0.37,0.30268199233716475,0.2820896431270189,0.0,0.0,0.3835616438356164,0.40816326530612246,0.33663366336633666,0.0,0.2608695652173913,0.0,0.7241379310344828
0.15,0.39,0.3065134099616858,0.28561096400902225,0.0,0.0,0.3888888888888889,0.40404040404040403,0.34951456310679613,0.0,0.26582278481012656,0.0,0.7241379310344828
0.15,0.41,0.2988505747126437,0.2799964054636952,0.0,0.0,0.37383177570093457,0.4,0.34615384615384615,0.0,0.2564102564102564,0.0,0.6896551724137931
0.15,0.43,0.3065134099616858,0.2876171389068731,0.0,0.0,0.3827751196172249,0.4158415841584158,0.35185185185185186,0.0,0.26490066225165565,0.0,0.6896551724137931
0.15,0.45,0.31417624521072796,0.29526618302370133,0.0,0.0,0.3902439024390244,0.42718446601941745,0.36363636363636365,0.0,0.272108843537415,0.0,0.6896551724137931
0.15,0.47,0.31800766283524906,0.2985914579059541,0.0,0.0,0.39593908629441626,0.4444444444444444,0.35398230088495575,0.0,0.2805755395683453,0.0,0.6724137931034483
0.15,0.49,0.31417624521072796,0.29320555134072035,0.0,0.0,0.40425531914893614,0.43243243243243246,0.33613445378151263,0.0,0.2923076923076923,0.0,0.6551724137931034
0.15,0.51,0.3218390804597701,0.3019429397668425,0.0,0.0,0.40437158469945356,0.43243243243243246,0.3709677419354839,0.0,0.296,0.0,0.6379310344827587
0.15,0.53,0.31417624521072796,0.2956040669856459,0.0,0.0,0.38636363636363635,0.42105263157894735,0.375,0.0,0.288135593220339,0.0,0.5862068965517241
0.15,0.55,0.31417624521072796,0.29406206982855715,0.0,0.0,0.4,0.4098360655737705,0.366412213740458,0.0,0.308411214953271,0.0,0.5689655172413793
0.15,0.57,0.2988505747126437,0.2806268816695827,0.0,0.0,0.36477987421383645,0.3968253968253968,0.3609022556390977,0.0,0.2871287128712871,0.0,0.5
0.15,0.59,0.2950191570881226,0.2767857142857143,0.0,0.0,0.35526315789473684,0.39097744360902253,0.3609022556390977,0.0,0.2872340425531915,0.0,0.46551724137931033
0.15,0.61,0.28735632183908044,0.2692873073803731,0.0,0.0,0.3472222222222222,0.3795620437956204,0.35036496350364965,0.0,0.29069767441860467,0.0,0.43103448275862066
0.15,0.63,0.29118773946360155,0.27280950447782387,0.0,0.0,0.3546099290780142,0.391304347826087,0.34532374100719426,0.0,0.30120481927710846,0.0,0.43103448275862066
0.15,0.65,0.29118773946360155,0.2727313061669074,0.0,0.0,0.34782608695652173,0.38848920863309355,0.3546099290780142,0.0,0.3,0.0,0.41379310344827586
0.15,0.67,0.29118773946360155,0.27248862404237545,0.0,0.0,0.3458646616541353,0.3829787234042553,0.3611111111111111,0.0,0.30666666666666664,0.0,0.39655172413793105
0.15,0.69,0.28735632183908044,0.26867157031139494,0.0,0.0,0.34146341463414637,0.38028169014084506,0.35294117647058826,0.0,0.3230769230769231,0.0,0.3620689655172414
0.15,0.71,0.2835249042145594,0.2652111115148432,0.0,0.0,0.3448275862068966,0.3698630136986301,0.34615384615384615,0.0,0.3448275862068966,0.0,0.3448275862068966
0.15,0.73,0.26436781609195403,0.24389940296710066,0.0,0.0,0.2777777777777778,0.3624161073825503,0.33540372670807456,0.0,0.3,0.0,0.25862068965517243
0.15,0.75,0.25287356321839083,0.2299734738651315,0.0,0.0,0.23300970873786409,0.3576158940397351,0.32926829268292684,0.0,0.26666666666666666,0.0,0.20689655172413793
0.15,0.77,0.2413793103448276,0.2148956356736243,0.0,0.0,0.1935483870967742,0.34838709677419355,0.3176470588235294,0.0,0.2571428571428571,0.0,0.15517241379310345
0.15,0.79,0.2260536398467433,0.1912149430324277,0.0,0.0,0.125,0.3312883435582822,0.30857142857142855,0.0,0.22727272727272727,0.0,0.08620689655172414
0.15,0.81,0.2260536398467433,0.19114455438153055,0.0,0.0,0.1282051282051282,0.3312883435582822,0.3050847457627119,0.0,0.25,0.0,0.08620689655172414
0.15,0.83,0.2222222222222222,0.18434410019775874,0.0,0.0,0.10810810810810811,0.32926829268292684,0.3,0.0,0.25,0.0,0.06896551724137931
0.15,0.85,0.21839080459770116,0.1765917905623788,0.0,0.0,0.08823529411764706,0.32142857142857145,0.2967032967032967,0.0,0.3,0.0,0.05172413793103448
0.15,0.87,0.21839080459770116,0.1713475063938619,0.0,0.0,0.0625,0.32941176470588235,0.29347826086956524,0.0,0.3333333333333333,0.0,0.034482758620689655
0.15,0.89,0.21839080459770116,0.17097335026027727,0.0,0.0,0.06451612903225806,0.32748538011695905,0.2918918918918919,0.0,0.5,0.0,0.034482758620689655
0.15,0.91,0.21455938697318008,0.1625650431216577,0.0,0.0,0.03278688524590164,0.32558139534883723,0.2918918918918919,0.0,0.3333333333333333,0.0,0.017241379310344827
0.15,0.93,0.21455938697318008,0.1622311617976358,0.0,0.0,0.03333333333333333,0.3236994219653179,0.2918918918918919,0.0,0.5,0.0,0.017241379310344827
0.15,0.95,0.210727969348659,0.15311736886031344,0.0,0.0,0.0,0.3236994219653179,0.2887700534759358,0.0,0.0,0.0,0.0
0.17,0.05,0.2222222222222222,0.09495177817962627,0.0,0.01904761904761905,0.36075949367088606,0.0,0.0,1.0,0.22093023255813954,0.009615384615384616,0.9827586206896551
0.17,0.07,0.2222222222222222,0.09523809523809523,0.0,0.01904761904761905,0.3619047619047619,0.0,0.0,1.0,0.22178988326848248,0.009615384615384616,0.9827586206896551
0.17,0.09,0.21839080459770116,0.0945054945054945,0.0,0.01904761904761905,0.358974358974359,0.0,0.0,1.0,0.2204724409448819,0.009615384615384616,0.9655172413793104
0.17,0.11,0.2222222222222222,0.10444292549555707,0.0,0.01904761904761905,0.36363636363636365,0.03508771929824561,0.0,1.0,0.224,0.009615384615384616,0.9655172413793104
0.17,0.13,0.21839080459770116,0.11838797310370999,0.01904761904761905,0.01904761904761905,0.3509933774834437,0.06779661016949153,0.03571428571428571,1.0,0.21721311475409835,0.009615384615384616,0.9137931034482759
0.17,0.15,0.2222222222222222,0.1267527610626984,0.01904761904761905,0.01904761904761905,0.35451505016722407,0.09836065573770492,0.03508771929824561,1.0,0.21991701244813278,0.009615384615384616,0.9137931034482759
0.17,0.17,0.23371647509578544,0.15064353454764412,0.01904761904761905,0.01904761904761905,0.363013698630137,0.15384615384615385,0.06666666666666667,1.0,0.2264957264957265,0.009615384615384616,0.9137931034482759
0.17,0.19,0.23754789272030652,0.15805465380487366,0.01904761904761905,0.01904761904761905,0.3693379790940767,0.14705882352941177,0.0967741935483871,1.0,0.2314410480349345,0.009615384615384616,0.9137931034482759
0.17,0.21,0.25287356321839083,0.1911560730093963,0.01904761904761905,0.01904761904761905,0.37410071942446044,0.2222222222222222,0.14925373134328357,1.0,0.23636363636363636,0.009615384615384616,0.896551724137931
0.17,0.23,0.26436781609195403,0.21435196434330722,0.01904761904761905,0.01904761904761905,0.379182156133829,0.24,0.2191780821917808,1.0,0.24170616113744076,0.009615384615384616,0.8793103448275862
0.17,0.25,0.26436781609195403,0.2225076006012161,0.01904761904761905,0.01904761904761905,0.3764705882352941,0.275,0.21951219512195122,1.0,0.2436548223350254,0.009615384615384616,0.8275862068965517
0.17,0.27,0.2681992337164751,0.23016607390586574,0.01904761904761905,0.01904761904761905,0.37751004016064255,0.2682926829268293,0.2558139534883721,1.0,0.24607329842931938,0.009615384615384616,0.8103448275862069
0.17,0.29,0.27586206896551724,0.2391681363903586,0.01904761904761905,0.01904761904761905,0.3868312757201646,0.2619047619047619,0.28888888888888886,1.0,0.25405405405405407,0.009615384615384616,0.8103448275862069
0.17,0.31,0.2835249042145594,0.2531574195803397,0.01904761904761905,0.01904761904761905,0.38461538461538464,0.27906976744186046,0.32989690721649484,1.0,0.2556818181818182,0.009615384615384616,0.7758620689655172
0.17,0.33,0.29118773946360155,0.268490898919194,0.01904761904761905,0.01904761904761905,0.37719298245614036,0.34782608695652173,0.32989690721649484,1.0,0.2529411764705882,0.009615384615384616,0.7413793103448276
0.17,0.35,0.2988505747126437,0.2767307261196662,0.01904761904761905,0.01904761904761905,0.38565022421524664,0.3655913978494624,0.33663366336633666,1.0,0.2606060606060606,0.009615384615384616,0.7413793103448276
0.17,0.37,0.3065134099616858,0.28729141215937737,0.01904761904761905,0.01904761904761905,0.3853211009174312,0.40816326530612246,0.33663366336633666,1.0,0.2625,0.009615384615384616,0.7241379310344828
0.17,0.39,0.3103448275862069,0.290825065153356,0.01904761904761905,0.01904761904761905,0.39069767441860465,0.40404040404040403,0.34951456310679613,1.0,0.267515923566879,0.009615384615384616,0.7241379310344828
0.17,0.41,0.30268199233716475,0.2851970799153898,0.01904761904761905,0.01904761904761905,0.3755868544600939,0.4,0.34615384615384615,1.0,0.25806451612903225,0.009615384615384616,0.6896551724137931
0.17,0.43,0.3103448275862069,0.29283910991831785,0.01904761904761905,0.01904761904761905,0.38461538461538464,0.4158415841584158,0.35185185185185186,1.0,0.26666666666666666,0.009615384615384616,0.6896551724137931
0.17,0.45,0.31800766283524906,0.3005063278621245,0.01904761904761905,0.01904761904761905,0.39215686274509803,0.42718446601941745,0.36363636363636365,1.0,0.273972602739726,0.009615384615384616,0.6896551724137931
0.17,0.47,0.3218390804597701,0.30385838701262213,0.01904761904761905,0.01904761904761905,0.3979591836734694,0.4444444444444444,0.35398230088495575,1.0,0.2826086956521739,0.009615384615384616,0.6724137931034483
0.17,0.49,0.31800766283524906,0.2985079043902573,0.01904761904761905,0.01904761904761905,0.40641711229946526,0.43243243243243246,0.33613445378151263,1.0,0.29457364341085274,0.009615384615384616,0.6551724137931034
0.17,0.51,0.32567049808429116,0.3072603000022355,0.01904761904761905,0.01904761904761905,0.4065934065934066,0.43243243243243246,0.3709677419354839,1.0,0.29838709677419356,0.009615384615384616,0.6379310344827587
0.17,0.53,0.31800766283524906,0.3009179197994987,0.01904761904761905,0.01904761904761905,0.38857142857142857,0.42105263157894735,0.375,1.0,0.2905982905982906,0.009615384615384616,0.5862068965517241
0.17,0.55,0.31800766283524906,0.29943373068802287,0.01904761904761905,0.01904761904761905,0.4024390243902439,0.4098360655737705,0.366412213740458,1.0,0.3113207547169811,0.009615384615384616,0.5689655172413793
0.17,0.57,0.30268199233716475,0.2859659697767626,0.01904761904761905,0.01904761904761905,0.3670886075949367,0.3968253968253968,0.3609022556390977,1.0,0.29,0.009615384615384616,0.5
0.17,0.59,0.2988505747126437,0.2821358030838686,0.01904761904761905,0.01904761904761905,0.3576158940397351,0.39097744360902253,0.3609022556390977,1.0,0.2903225806451613,0.009615384615384616,0.46551724137931033
0.17,0.61,0.29118773946360155,0.27465624399930966,0.01904761904761905,0.01904761904761905,0.34965034965034963,0.3795620437956204,0.35036496350364965,1.0,0.29411764705882354,0.009615384615384616,0.43103448275862066
0.17,0.63,0.2950191570881226,0.27820464125593936,0.01904761904761905,0.01904761904761905,0.35714285714285715,0.391304347826087,0.34532374100719426,1.0,0.3048780487804878,0.009615384615384616,0.43103448275862066
0.17,0.65,0.2950191570881226,0.2781279300655941,0.01904761904761905,0.01904761904761905,0.35036496350364965,0.38848920863309355,0.3546099290780142,1.0,0.3037974683544304,0.009615384615384616,0.41379310344827586
0.17,0.67,0.2950191570881226,0.2779055755119585,0.01904761904761905,0.01904761904761905,0.3484848484848485,0.3829787234042553,0.3611111111111111,1.0,0.3108108108108108,0.009615384615384616,0.39655172413793105
0.17,0.69,0.29118773946360155,0.2741331951852549,0.01904761904761905,0.01904761904761905,0.3442622950819672,0.38028169014084506,0.35294117647058826,1.0,0.328125,0.009615384615384616,0.3620689655172414
0.17,0.71,0.28735632183908044,0.27072264146415426,0.01904761904761905,0.01904761904761905,0.34782608695652173,0.3698630136986301,0.34615384615384615,1.0,0.3508771929824561,0.009615384615384616,0.3448275862068966
0.17,0.73,0.2681992337164751,0.24931032122848618,0.01904761904761905,0.01904761904761905,0.2803738317757009,0.3624161073825503,0.33540372670807456,1.0,0.30612244897959184,0.009615384615384616,0.25862068965517243
0.17,0.75,0.2567049808429119,0.23530648085433498,0.01904761904761905,0.01904761904761905,0.23529411764705882,0.3576158940397351,0.32926829268292684,1.0,0.2727272727272727,0.009615384615384616,0.20689655172413793
0.17,0.77,0.24521072796934865,0.22018348713959637,0.01904761904761905,0.01904761904761905,0.1956521739130435,0.34838709677419355,0.3176470588235294,1.0,0.2647058823529412,0.009615384615384616,0.15517241379310345
0.17,0.79,0.22988505747126436,0.1963724174145856,0.01904761904761905,0.01904761904761905,0.12658227848101267,0.3312883435582822,0.30857142857142855,1.0,0.23809523809523808,0.009615384615384616,0.08620689655172414
0.17,0.81,0.22988505747126436,0.19632270955968573,0.01904761904761905,0.01904761904761905,0.12987012987012986,0.3312883435582822,0.3050847457627119,1.0,0.2631578947368421,0.009615384615384616,0.08620689655172414
0.17,0.83,0.2260536398467433,0.18961101767850233,0.01904761904761905,0.01904761904761905,0.10810810810810811,0.3312883435582822,0.3,1.0,0.25,0.009615384615384616,0.06896551724137931
0.17,0.85,0.2222222222222222,0.18183487582043412,0.01904761904761905,0.01904761904761905,0.08823529411764706,0.32335329341317365,0.2967032967032967,1.0,0.3,0.009615384615384616,0.05172413793103448
0.17,0.87,0.2222222222222222,0.1765967066656866,0.01904761904761905,0.01904761904761905,0.0625,0.33136094674556216,0.29347826086956524,1.0,0.3333333333333333,0.009615384615384616,0.034482758620689655
0.17,0.89,0.2222222222222222,0.17621685116941282,0.01904761904761905,0.01904761904761905,0.06451612903225806,0.32941176470588235,0.2918918918918919,1.0,0.5,0.009615384615384616,0.034482758620689655
0.17,0.91,0.21839080459770116,0.16780294407559293,0.01904761904761905,0.01904761904761905,0.03278688524590164,0.32748538011695905,0.2918918918918919,1.0,0.3333333333333333,0.009615384615384616,0.017241379310344827
0.17,0.93,0.21839080459770116,0.1674635599054204,0.01904761904761905,0.01904761904761905,0.03333333333333333,0.32558139534883723,0.2918918918918919,1.0,0.5,0.009615384615384616,0.017241379310344827
0.17,0.95,0.21455938697318008,0.15834976696809802,0.0,0.01904761904761905,0.0,0.32558139534883723,0.2887700534759358,1.0,0.0,0.009615384615384616,0.0
0.19,0.05,0.2222222222222222,0.09851776891481635,0.0,0.037383177570093455,0.35668789808917195,0.0,0.0,0.6666666666666666,0.21875,0.019230769230769232,0.9655172413793104
0.19,0.07,0.2222222222222222,0.09880266340210803,0.0,0.037383177570093455,0.35782747603833864,0.0,0.0,0.6666666666666666,0.2196078431372549,0.019230769230769232,0.9655172413793104
0.19,0.09,0.21839080459770116,0.09805547181187821,0.0,0.037383177570093455,0.3548387096774194,0.0,0.0,0.6666666666666666,0.21825396825396826,0.019230769230769232,0.9482758620689655
0.19,0.11,0.2222222222222222,0.1079870052628364,0.0,0.037383177570093455,0.35947712418300654,0.03508771929824561,0.0,0.6666666666666666,0.2217741935483871,0.019230769230769232,0.9482758620689655
0.19,0.13,0.21839080459770116,0.12189018503013434,0.03571428571428571,0.037383177570093455,0.3466666666666667,0.06779661016949153,0.03571428571428571,0.6666666666666666,0.21487603305785125,0.019230769230769232,0.896551724137931
0.19,0.15,0.2222222222222222,0.13024997569359853,0.03508771929824561,0.037383177570093455,0.3501683501683502,0.09836065573770492,0.03508771929824561,0.6666666666666666,0.2175732217573222,0.019230769230769232,0.896551724137931
0.19,0.17,0.23371647509578544,0.15412917193452158,0.037383177570093455,0.037383177570093455,0.3586206896551724,0.15384615384615385,0.06666666666666667,0.6666666666666666,0.22413793103448276,0.019230769230769232,0.896551724137931
0.19,0.19,0.23754789272030652,0.1615321188374117,0.037383177570093455,0.037383177570093455,0.3649122807017544,0.14705882352941177,0.0967741935483871,0.6666666666666666,0.2290748898678414,0.019230769230769232,0.896551724137931
0.19,0.21,0.25287356321839083,0.1946060871317259,0.037383177570093455,0.037383177570093455,0.3695652173913043,0.2222222222222222,0.14925373134328357,0.6666666666666666,0.23394495412844038,0.019230769230769232,0.8793103448275862
0.19,0.23,0.26436781609195403,0.2177732737419667,0.037383177570093455,0.037383177570093455,0.37453183520599254,0.24,0.2191780821917808,0.6666666666666666,0.23923444976076555,0.019230769230769232,0.8620689655172413
0.19,0.25,0.26436781609195403,0.2258592186670823,0.037383177570093455,0.037383177570093455,0.3715415019762846,0.275,0.21951219512195122,0.6666666666666666,0.24102564102564103,0.019230769230769232,0.8103448275862069
0.19,0.27,0.2681992337164751,0.2334898624032063,0.037383177570093455,0.037383177570093455,0.3724696356275304,0.2682926829268293,0.2558139534883721,0.6666666666666666,0.24338624338624337,0.019230769230769232,0.7931034482758621
0.19,0.29,0.27586206896551724,0.24247989173823895,0.037383177570093455,0.037383177570093455,0.3817427385892116,0.2619047619047619,0.28888888888888886,0.6666666666666666,0.25136612021857924,0.019230769230769232,0.7931034482758621
0.19,0.31,0.2835249042145594,0.2564150492640087,0.037383177570093455,0.037383177570093455,0.3793103448275862,0.27906976744186046,0.32989690721649484,0.6666666666666666,0.25287356321839083,0.019230769230769232,0.7586206896551724
0.19,0.33,0.29118773946360155,0.2716968969180784,0.037383177570093455,0.037383177570093455,0.37168141592920356,0.34782608695652173,0.32989690721649484,0.6666666666666666,0.25,0.019230769230769232,0.7241379310344828
0.19,0.35,0.2988505747126437,0.27992468413086224,0.037383177570093455,0.037383177570093455,0.38009049773755654,0.3655913978494624,0.33663366336633666,0.6666666666666666,0.25766871165644173,0.019230769230769232,0.7241379310344828
0.19,0.37,0.3065134099616858,0.29045243396804554,0.037383177570093455,0.037383177570093455,0.37962962962962965,0.40816326530612246,0.33663366336633666,0.6666666666666666,0.25949367088607594,0.019230769230769232,0.7068965517241379
0.19,0.39,0.3103448275862069,0.29397866763472247,0.037383177570093455,0.037383177570093455,0.38497652582159625,0.40404040404040403,0.34951456310679613,0.6666666666666666,0.2645161290322581,0.019230769230769232,0.7068965517241379
0.19,0.41,0.30268199233716475,0.2883013175423593,0.037383177570093455,0.037383177570093455,0.3696682464454976,0.4,0.34615384615384615,0.6666666666666666,0.2549019607843137,0.019230769230769232,0.6724137931034483
0.19,0.43,0.3103448275862069,0.29592934756984757,0.037383177570093455,0.037383177570093455,0.3786407766990291,0.4158415841584158,0.35185185185185186,0.6666666666666666,0.2635135135135135,0.019230769230769232,0.6724137931034483
0.19,0.45,0.31800766283524906,0.30358565527181514,0.037383177570093455,0.037383177570093455,0.38613861386138615,0.42718446601941745,0.36363636363636365,0.6666666666666666,0.2708333333333333,0.019230769230769232,0.6724137931034483
0.19,0.47,0.3218390804597701,0.30689062505477027,0.037383177570093455,0.037383177570093455,0.3917525773195876,0.4444444444444444,0.35398230088495575,0.6666666666666666,0.27941176470588236,0.019230769230769232,0.6551724137931034
0.19,0.49,0.31800766283524906,0.30148751594600964,0.037383177570093455,0.037383177570093455,0.4,0.43243243243243246,0.33613445378151263,0.6666666666666666,0.29133858267716534,0.019230769230769232,0.6379310344827587
0.19,0.51,0.32567049808429116,0.31019583798450245,0.037383177570093455,0.037383177570093455,0.4,0.43243243243243246,0.3709677419354839,0.6666666666666666,0.29508196721311475,0.019230769230769232,0.6206896551724138
0.19,0.53,0.31800766283524906,0.3037346748306128,0.037383177570093455,0.037383177570093455,0.3815028901734104,0.42105263157894735,0.375,0.6666666666666666,0.28695652173913044,0.019230769230769232,0.5689655172413793
0.19,0.55,0.31800766283524906,0.3021732963198459,0.037383177570093455,0.037383177570093455,0.3950617283950617,0.4098360655737705,0.366412213740458,0.6666666666666666,0.3076923076923077,0.019230769230769232,0.5517241379310345
0.19,0.57,0.30268199233716475,0.28852129725223674,0.037383177570093455,0.037383177570093455,0.358974358974359,0.3968253968253968,0.3609022556390977,0.6666666666666666,0.2857142857142857,0.019230769230769232,0.4827586206896552
0.19,0.59,0.2988505747126437,0.2845640413522044,0.037383177570093455,0.037383177570093455,0.348993288590604,0.39097744360902253,0.3609022556390977,0.6666666666666666,0.2857142857142857,0.019230769230769232,0.4482758620689655
0.19,0.61,0.29118773946360155,0.2769339291960643,0.037383177570093455,0.037383177570093455,0.3404255319148936,0.3795620437956204,0.35036496350364965,0.6666666666666666,0.2891566265060241,0.019230769230769232,0.41379310344827586
0.19,0.63,0.2950191570881226,0.2804593383399741,0.037383177570093455,0.037383177570093455,0.34782608695652173,0.391304347826087,0.34532374100719426,0.6666666666666666,0.3,0.019230769230769232,0.41379310344827586
0.19,0.65,0.2950191570881226,0.2803057640054855,0.037383177570093455,0.037383177570093455,0.34074074074074073,0.38848920863309355,0.3546099290780142,0.6666666666666666,0.2987012987012987,0.019230769230769232,0.39655172413793105
0.19,0.67,0.2950191570881226,0.2799836376367496,0.037383177570093455,0.037383177570093455,0.3384615384615385,0.3829787234042553,0.3611111111111111,0.6666666666666666,0.3055555555555556,0.019230769230769232,0.3793103448275862
0.19,0.69,0.29118773946360155,0.2759703974604078,0.037383177570093455,0.037383177570093455,0.3305785123966942,0.3829787234042553,0.35294117647058826,0.6666666666666666,0.31746031746031744,0.019230769230769232,0.3448275862068966
0.19,0.71,0.28735632183908044,0.27232103754018033,0.037383177570093455,0.037383177570093455,0.3333333333333333,0.3724137931034483,0.34615384615384615,0.6666666666666666,0.3392857142857143,0.019230769230769232,0.3275862068965517
0.19,0.73,0.2681992337164751,0.2504506781348148,0.037383177570093455,0.037383177570093455,0.2641509433962264,0.36486486486486486,0.33540372670807456,0.6666666666666666,0.2916666666666667,0.019230769230769232,0.2413793103448276
0.19,0.75,0.2567049808429119,0.2361183131078095,0.037383177570093455,0.037383177570093455,0.21782178217821782,0.36,0.32926829268292684,0.6666666666666666,0.2558139534883721,0.019230769230769232,0.1896551724137931
0.19,0.77,0.24904214559386972,0.22590589669431366,0.037383177570093455,0.037383177570093455,0.1956521739130435,0.35294117647058826,0.3176470588235294,0.6666666666666666,0.2647058823529412,0.019230769230769232,0.15517241379310345
0.19,0.79,0.23371647509578544,0.2019851528326523,0.037383177570093455,0.037383177570093455,0.12658227848101267,0.33540372670807456,0.30857142857142855,0.6666666666666666,0.23809523809523808,0.019230769230769232,0.08620689655172414
0.19,0.81,0.23371647509578544,0.20193544497775245,0.037383177570093455,0.037383177570093455,0.12987012987012986,0.33540372670807456,0.3050847457627119,0.6666666666666666,0.2631578947368421,0.019230769230769232,0.08620689655172414
0.19,0.83,0.22988505747126436,0.19522375309656903,0.037383177570093455,0.037383177570093455,0.10810810810810811,0.33540372670807456,0.3,0.6666666666666666,0.25,0.019230769230769232,0.06896551724137931
0.19,0.85,0.2260536398467433,0.18739862391594114,0.037383177570093455,0.037383177570093455,0.08823529411764706,0.32727272727272727,0.2967032967032967,0.6666666666666666,0.3,0.019230769230769232,0.05172413793103448
0.19,0.87,0.2260536398467433,0.18217269493925597,0.037383177570093455,0.037383177570093455,0.0625,0.33532934131736525,0.29347826086956524,0.6666666666666666,0.3333333333333333,0.019230769230769232,0.034482758620689655
0.19,0.89,0.2260536398467433,0.1817811329568942,0.037383177570093455,0.037383177570093455,0.06451612903225806,0.3333333333333333,0.2918918918918919,0.6666666666666666,0.5,0.019230769230769232,0.034482758620689655
0.19,0.91,0.2222222222222222,0.1733557253633623,0.03278688524590164,0.037383177570093455,0.03278688524590164,0.33136094674556216,0.2918918918918919,0.6666666666666666,0.3333333333333333,0.019230769230769232,0.017241379310344827
0.19,0.93,0.2222222222222222,0.17300504187530025,0.03333333333333333,0.037383177570093455,0.03333333333333333,0.32941176470588235,0.2918918918918919,0.6666666666666666,0.5,0.019230769230769232,0.017241379310344827
0.19,0.95,0.21839080459770116,0.1638912489379779,0.0,0.037383177570093455,0.0,0.32941176470588235,0.2887700534759358,0.6666666666666666,0.0,0.019230769230769232,0.0
0.21,0.05,0.2260536398467433,0.10660625548085356,0.0,0.07272727272727272,0.3536977491961415,0.0,0.0,0.6666666666666666,0.21739130434782608,0.038461538461538464,0.9482758620689655
0.21,0.07,0.2260536398467433,0.10689149560117303,0.0,0.07272727272727272,0.3548387096774194,0.0,0.0,0.6666666666666666,0.21825396825396826,0.038461538461538464,0.9482758620689655
0.21,0.09,0.2222222222222222,0.10612970091797452,0.0,0.07272727272727272,0.3517915309446254,0.0,0.0,0.6666666666666666,0.21686746987951808,0.038461538461538464,0.9310344827586207
0.21,0.11,0.2260536398467433,0.1160626588974687,0.0,0.07272727272727272,0.3564356435643564,0.03508771929824561,0.0,0.6666666666666666,0.22040816326530613,0.038461538461538464,0.9310344827586207
0.21,0.13,0.2222222222222222,0.12991812801134836,0.03571428571428571,0.07272727272727272,0.3434343434343434,0.06779661016949153,0.03571428571428571,0.6666666666666666,0.21338912133891214,0.038461538461538464,0.8793103448275862
0.21,0.15,0.2260536398467433,0.13827860581835683,0.03508771929824561,0.07272727272727272,0.3469387755102041,0.09836065573770492,0.03508771929824561,0.6666666666666666,0.21610169491525424,0.038461538461538464,0.8793103448275862
0.21,0.17,0.23754789272030652,0.16216019752605118,0.06666666666666667,0.07272727272727272,0.3554006968641115,0.15384615384615385,0.06666666666666667,0.6666666666666666,0.22270742358078602,0.038461538461538464,0.8793103448275862
0.21,0.19,0.2413793103448276,0.16956560436616153,0.07272727272727272,0.07272727272727272,0.3617021276595745,0.14705882352941177,0.0967741935483871,0.6666666666666666,0.22767857142857142,0.038461538461538464,0.8793103448275862
0.21,0.21,0.2567049808429119,0.2026258981482862,0.07272727272727272,0.07272727272727272,0.3663003663003663,0.2222222222222222,0.14925373134328357,0.6666666666666666,0.23255813953488372,0.038461538461538464,0.8620689655172413
0.21,0.23,0.2681992337164751,0.2257793690327937,0.07272727272727272,0.07272727272727272,0.3712121212121212,0.24,0.2191780821917808,0.6666666666666666,0.23786407766990292,0.038461538461538464,0.8448275862068966
0.21,0.25,0.2681992337164751,0.233809866962306,0.07272727272727272,0.07272727272727272,0.368,0.275,0.21951219512195122,0.6666666666666666,0.23958333333333334,0.038461538461538464,0.7931034482758621
0.21,0.27,0.2720306513409962,0.2414215920397169,0.07272727272727272,0.07272727272727272,0.36885245901639346,0.2682926829268293,0.2558139534883721,0.6666666666666666,0.24193548387096775,0.038461538461538464,0.7758620689655172
0.21,0.29,0.2796934865900383,0.25041804600628126,0.07272727272727272,0.07272727272727272,0.37815126050420167,0.2619047619047619,0.28888888888888886,0.6666666666666666,0.25,0.038461538461538464,0.7758620689655172
0.21,0.31,0.28735632183908044,0.2643099497285031,0.07272727272727272,0.07272727272727272,0.37554585152838427,0.27906976744186046,0.32989690721649484,0.6666666666666666,0.25146198830409355,0.038461538461538464,0.7413793103448276
0.21,0.33,0.2950191570881226,0.27954081784614854,0.07272727272727272,0.07272727272727272,0.36771300448430494,0.34782608695652173,0.32989690721649484,0.6666666666666666,0.24848484848484848,0.038461538461538464,0.7068965517241379
0.21,0.35,0.30268199233716475,0.28777478073347434,0.07272727272727272,0.07272727272727272,0.3761467889908257,0.3655913978494624,0.33663366336633666,0.6666666666666666,0.25625,0.038461538461538464,0.7068965517241379
0.21,0.37,0.3103448275862069,0.2982777639649564,0.07272727272727272,0.07272727272727272,0.3755868544600939,0.40816326530612246,0.33663366336633666,0.6666666666666666,0.25806451612903225,0.038461538461538464,0.6896551724137931
0.21,0.39,0.31417624521072796,0.30180865520671346,0.07272727272727272,0.07272727272727272,0.38095238095238093,0.40404040404040403,0.34951456310679613,0.6666666666666666,0.2631578947368421,0.038461538461538464,0.6896551724137931
0.21,0.41,0.3065134099616858,0.2960664335664336,0.07272727272727272,0.07272727272727272,0.36538461538461536,0.4,0.34615384615384615,0.6666666666666666,0.25333333333333335,0.038461538461538464,0.6551724137931034
0.21,0.43,0.31417624521072796,0.3037012362976856,0.07272727272727272,0.07272727272727272,0.37438423645320196,0.4158415841584158,0.35185185185185186,0.6666666666666666,0.2620689655172414,0.038461538461538464,0.6551724137931034
0.21,0.45,0.3218390804597701,0.3113644125304368,0.07272727272727272,0.07272727272727272,0.38190954773869346,0.42718446601941745,0.36363636363636365,0.6666666666666666,0.2695035460992908,0.038461538461538464,0.6551724137931034
0.21,0.47,0.32567049808429116,0.3146471432576237,0.07272727272727272,0.07272727272727272,0.387434554973822,0.4444444444444444,0.35398230088495575,0.6666666666666666,0.2781954887218045,0.038461538461538464,0.6379310344827587
0.21,0.49,0.3218390804597701,0.30922463863640337,0.07272727272727272,0.07272727272727272,0.3956043956043956,0.43243243243243246,0.33613445378151263,0.6666666666666666,0.2903225806451613,0.038461538461538464,0.6206896551724138
0.21,0.51,0.32950191570881227,0.3179019182709724,0.07272727272727272,0.07272727272727272,0.3954802259887006,0.43243243243243246,0.3709677419354839,0.6666666666666666,0.29411764705882354,0.038461538461538464,0.603448275862069
0.21,0.53,0.3218390804597701,0.31131262313537855,0.07272727272727272,0.07272727272727272,0.3764705882352941,0.42105263157894735,0.375,0.6666666666666666,0.2857142857142857,0.038461538461538464,0.5517241379310345
0.21,0.55,0.3218390804597701,0.3097281647399351,0.07272727272727272,0.07272727272727272,0.389937106918239,0.4098360655737705,0.366412213740458,0.6666666666666666,0.3069306930693069,0.038461538461538464,0.5344827586206896
0.21,0.57,0.3065134099616858,0.2958490254155889,0.07272727272727272,0.07272727272727272,0.35294117647058826,0.3968253968253968,0.3609022556390977,0.6666666666666666,0.28421052631578947,0.038461538461538464,0.46551724137931033
0.21,0.59,0.30268199233716475,0.2917681813500126,0.07272727272727272,0.07272727272727272,0.3424657534246575,0.39097744360902253,0.3609022556390977,0.6666666666666666,0.2840909090909091,0.038461538461538464,0.43103448275862066
0.21,0.61,0.2950191570881226,0.2840951073014885,0.07272727272727272,0.07272727272727272,0.33093525179856115,0.38235294117647056,0.35036496350364965,0.6666666666666666,0.2839506172839506,0.038461538461538464,0.39655172413793105
0.21,0.63,0.2988505747126437,0.28761172294843,0.07272727272727272,0.07272727272727272,0.3382352941176471,0.39416058394160586,0.34532374100719426,0.6666666666666666,0.2948717948717949,0.038461538461538464,0.39655172413793105
0.21,0.65,0.2988505747126437,0.2873671543251367,0.07272727272727272,0.07272727272727272,0.3308270676691729,0.391304347826087,0.3546099290780142,0.6666666666666666,0.29333333333333333,0.038461538461538464,0.3793103448275862
0.21,0.67,0.30268199233716475,0.29079079834893784,0.07272727272727272,0.07272727272727272,0.34108527131782945,0.38571428571428573,0.36363636363636365,0.6666666666666666,0.30985915492957744,0.038461538461538464,0.3793103448275862
0.21,0.69,0.2988505747126437,0.28675951241740716,0.07272727272727272,0.07272727272727272,0.3333333333333333,0.38571428571428573,0.35526315789473684,0.6666666666666666,0.3225806451612903,0.038461538461538464,0.3448275862068966
0.21,0.71,0.2950191570881226,0.28309938883554353,0.07272727272727272,0.07272727272727272,0.336283185840708,0.375,0.34838709677419355,0.6666666666666666,0.34545454545454546,0.038461538461538464,0.3275862068965517
0.21,0.73,0.27586206896551724,0.26106021954236236,0.07272727272727272,0.07272727272727272,0.26666666666666666,0.3673469387755102,0.3375,0.6666666666666666,0.2978723404255319,0.038461538461538464,0.2413793103448276
0.21,0.75,0.26436781609195403,0.2466079309170263,0.07272727272727272,0.07272727272727272,0.22,0.3624161073825503,0.3312883435582822,0.6666666666666666,0.2619047619047619,0.038461538461538464,0.1896551724137931
0.21,0.77,0.2567049808429119,0.23632981391078556,0.07272727272727272,0.07272727272727272,0.1978021978021978,0.35526315789473684,0.31952662721893493,0.6666666666666666,0.2727272727272727,0.038461538461538464,0.15517241379310345
0.21,0.79,0.2413793103448276,0.21219430712965198,0.07272727272727272,0.07272727272727272,0.1282051282051282,0.3375,0.3103448275862069,0.6666666666666666,0.25,0.038461538461538464,0.08620689655172414
0.21,0.81,0.2413793103448276,0.2121561004784689,0.07272727272727272,0.07272727272727272,0.13157894736842105,0.3375,0.3068181818181818,0.6666666666666666,0.2777777777777778,0.038461538461538464,0.08620689655172414
0.21,0.83,0.23754789272030652,0.20537307286919862,0.07272727272727272,0.07272727272727272,0.1095890410958904,0.3375,0.3016759776536313,0.6666666666666666,0.26666666666666666,0.038461538461538464,0.06896551724137931
0.21,0.85,0.23371647509578544,0.19747258641315846,0.07272727272727272,0.07272727272727272,0.08955223880597014,0.32926829268292684,0.2983425414364641,0.6666666666666666,0.3333333333333333,0.038461538461538464,0.05172413793103448
0.21,0.87,0.23371647509578544,0.19231999175523273,0.0625,0.07272727272727272,0.0625,0.3373493975903614,0.2967032967032967,0.6666666666666666,0.3333333333333333,0.038461538461538464,0.034482758620689655
0.21,0.89,0.23371647509578544,0.1919136775725027,0.06451612903225806,0.07272727272727272,0.06451612903225806,0.33532934131736525,0.29508196721311475,0.6666666666666666,0.5,0.038461538461538464,0.034482758620689655
0.21,0.91,0.22988505747126436,0.1834823646299056,0.03278688524590164,0.07272727272727272,0.03278688524590164,0.3333333333333333,0.29508196721311475,0.6666666666666666,0.3333333333333333,0.038461538461538464,0.017241379310344827
0.21,0.93,0.22988505747126436,0.18312588000482075,0.03333333333333333,0.07272727272727272,0.03333333333333333,0.33136094674556216,0.29508196721311475,0.6666666666666666,0.5,0.038461538461538464,0.017241379310344827
0.21,0.95,0.2260536398467433,0.1739950278411817,0.0,0.07272727272727272,0.0,0.33136094674556216,0.2918918918918919,0.6666666666666666,0.0,0.038461538461538464,0.0
0.23,0.05,0.2260536398467433,0.11263500771472655,0.0,0.10526315789473684,0.34527687296416937,0.0,0.0,0.6,0.21285140562248997,0.057692307692307696,0.9137931034482759
0.23,0.07,0.2260536398467433,0.11291709666322669,0.0,0.10526315789473684,0.3464052287581699,0.0,0.0,0.6,0.21370967741935484,0.057692307692307696,0.9137931034482759
0.23,0.09,0.2222222222222222,0.11212437033177002,0.0,0.10526315789473684,0.3432343234323432,0.0,0.0,0.6,0.21224489795918366,0.057692307692307696,0.896551724137931
0.23,0.11,0.2260536398467433,0.12204424103737604,0.0,0.10526315789473684,0.34782608695652173,0.03508771929824561,0.0,0.6,0.2157676348547718,0.057692307692307696,0.896551724137931
0.23,0.13,0.2222222222222222,0.13581126088490156,0.03571428571428571,0.10526315789473684,0.33447098976109213,0.06779661016949153,0.03571428571428571,0.6,0.20851063829787234,0.057692307692307696,0.8448275862068966
0.23,0.15,0.2260536398467433,0.1441606418533615,0.03508771929824561,0.10526315789473684,0.33793103448275863,0.09836065573770492,0.03508771929824561,0.6,0.21120689655172414,0.057692307692307696,0.8448275862068966
0.23,0.17,0.23754789272030652,0.1680164327644335,0.06666666666666667,0.10526315789473684,0.3462897526501767,0.15384615384615385,0.06666666666666667,0.6,0.21777777777777776,0.057692307692307696,0.8448275862068966
0.23,0.19,0.2413793103448276,0.17540354014601162,0.0967741935483871,0.10526315789473684,0.35251798561151076,0.14705882352941177,0.0967741935483871,0.6,0.22272727272727272,0.057692307692307696,0.8448275862068966
0.23,0.21,0.2567049808429119,0.20840410872007925,0.10526315789473684,0.10526315789473684,0.35687732342007433,0.2222222222222222,0.14925373134328357,0.6,0.22748815165876776,0.057692307692307696,0.8275862068965517
0.23,0.23,0.2681992337164751,0.23149492540624478,0.10526315789473684,0.10526315789473684,0.36153846153846153,0.24,0.2191780821917808,0.6,0.23267326732673269,0.057692307692307696,0.8103448275862069
0.23,0.25,0.2681992337164751,0.2393747325631151,0.10526315789473684,0.10526315789473684,0.35772357723577236,0.275,0.21951219512195122,0.6,0.23404255319148937,0.057692307692307696,0.7586206896551724
0.23,0.27,0.2720306513409962,0.24692578191081788,0.10526315789473684,0.10526315789473684,0.35833333333333334,0.2682926829268293,0.2558139534883721,0.6,0.23626373626373626,0.057692307692307696,0.7413793103448276
0.23,0.29,0.2796934865900383,0.25589454405243883,0.10526315789473684,0.10526315789473684,0.36752136752136755,0.2619047619047619,0.28888888888888886,0.6,0.24431818181818182,0.057692307692307696,0.7413793103448276
0.23,0.31,0.28735632183908044,0.26966856924938415,0.10526315789473684,0.10526315789473684,0.36444444444444446,0.27906976744186046,0.32989690721649484,0.6,0.24550898203592814,0.057692307692307696,0.7068965517241379
0.23,0.33,0.2950191570881226,0.2847876339073493,0.10526315789473684,0.10526315789473684,0.3561643835616438,0.34782608695652173,0.32989690721649484,0.6,0.2422360248447205,0.057692307692307696,0.6724137931034483
0.23,0.35,0.30268199233716475,0.29299355010473677,0.10526315789473684,0.10526315789473684,0.3644859813084112,0.3655913978494624,0.33663366336633666,0.6,0.25,0.057692307692307696,0.6724137931034483
0.23,0.37,0.3103448275862069,0.3034241125508899,0.10526315789473684,0.10526315789473684,0.36363636363636365,0.40816326530612246,0.33663366336633666,0.6,0.25165562913907286,0.057692307692307696,0.6551724137931034
0.23,0.39,0.31417624521072796,0.3069375409692221,0.10526315789473684,0.10526315789473684,0.36893203883495146,0.40404040404040403,0.34951456310679613,0.6,0.25675675675675674,0.057692307692307696,0.6551724137931034
0.23,0.41,0.3065134099616858,0.3010895451297928,0.10526315789473684,0.10526315789473684,0.35294117647058826,0.4,0.34615384615384615,0.6,0.2465753424657534,0.057692307692307696,0.6206896551724138
0.23,0.43,0.31417624521072796,0.3086914097827838,0.10526315789473684,0.10526315789473684,0.36180904522613067,0.4158415841584158,0.35185185185185186,0.6,0.2553191489361702,0.057692307692307696,0.6206896551724138
0.23,0.45,0.3218390804597701,0.31632868919532176,0.10526315789473684,0.10526315789473684,0.36923076923076925,0.42718446601941745,0.36363636363636365,0.6,0.26277372262773724,0.057692307692307696,0.6206896551724138
0.23,0.47,0.32567049808429116,0.319505363506569,0.10526315789473684,0.10526315789473684,0.37433155080213903,0.4444444444444444,0.35398230088495575,0.6,0.2713178294573643,0.057692307692307696,0.603448275862069
0.23,0.49,0.3218390804597701,0.3139631290046986,0.10526315789473684,0.10526315789473684,0.38202247191011235,0.43243243243243246,0.33613445378151263,0.6,0.2833333333333333,0.057692307692307696,0.5862068965517241
0.23,0.51,0.32950191570881227,0.3225415556090159,0.10526315789473684,0.10526315789473684,0.3815028901734104,0.43243243243243246,0.3709677419354839,0.6,0.28695652173913044,0.057692307692307696,0.5689655172413793
0.23,0.53,0.3218390804597701,0.31569039315155356,0.10526315789473684,0.10526315789473684,0.3614457831325301,0.42105263157894735,0.375,0.6,0.2777777777777778,0.057692307692307696,0.5172413793103449
0.23,0.55,0.3218390804597701,0.3139262463990155,0.10526315789473684,0.10526315789473684,0.3741935483870968,0.4098360655737705,0.366412213740458,0.6,0.29896907216494845,0.057692307692307696,0.5
0.23,0.57,0.3065134099616858,0.2996403200394723,0.10526315789473684,0.10526315789473684,0.33557046979865773,0.3968253968253968,0.3609022556390977,0.6,0.27472527472527475,0.057692307692307696,0.43103448275862066
0.23,0.59,0.30268199233716475,0.29527162977867205,0.10526315789473684,0.10526315789473684,0.323943661971831,0.39097744360902253,0.3609022556390977,0.6,0.27380952380952384,0.057692307692307696,0.39655172413793105
0.23,0.61,0.2950191570881226,0.2873452012383901,0.10526315789473684,0.10526315789473684,0.3088235294117647,0.38235294117647056,0.35294117647058826,0.6,0.2692307692307692,0.057692307692307696,0.3620689655172414
0.23,0.63,0.2988505747126437,0.2907598256192687,0.10526315789473684,0.10526315789473684,0.3157894736842105,0.39416058394160586,0.34782608695652173,0.6,0.28,0.057692307692307696,0.3620689655172414
0.23,0.65,0.2988505747126437,0.2903506676389972,0.10526315789473684,0.10526315789473684,0.3076923076923077,0.391304347826087,0.35714285714285715,0.6,0.2777777777777778,0.057692307692307696,0.3448275862068966
0.23,0.67,0.30268199233716475,0.2936587360419829,0.10526315789473684,0.10526315789473684,0.31746031746031744,0.38571428571428573,0.36619718309859156,0.6,0.29411764705882354,0.057692307692307696,0.3448275862068966
0.23,0.69,0.2988505747126437,0.28907141133526637,0.10526315789473684,0.10526315789473684,0.3076923076923077,0.38571428571428573,0.3576158940397351,0.6,0.3050847457627119,0.057692307692307696,0.3103448275862069
0.23,0.71,0.2950191570881226,0.28487766016790783,0.10526315789473684,0.10526315789473684,0.3063063063063063,0.375,0.35294117647058826,0.6,0.32075471698113206,0.057692307692307696,0.29310344827586204
0.23,0.73,0.27586206896551724,0.26184798932671133,0.10526315789473684,0.10526315789473684,0.23300970873786409,0.3673469387755102,0.34177215189873417,0.6,0.26666666666666666,0.057692307692307696,0.20689655172413793
0.23,0.75,0.26436781609195403,0.2466891153432792,0.10526315789473684,0.10526315789473684,0.1836734693877551,0.3624161073825503,0.33540372670807456,0.6,0.225,0.057692307692307696,0.15517241379310345
0.23,0.77,0.2567049808429119,0.23529574499729103,0.10526315789473684,0.10526315789473684,0.15730337078651685,0.35526315789473684,0.32335329341317365,0.6,0.22580645161290322,0.057692307692307696,0.1206896551724138
0.23,0.79,0.24904214559386972,0.22229848159267304,0.10526315789473684,0.10526315789473684,0.1282051282051282,0.34177215189873417,0.313953488372093,0.6,0.25,0.057692307692307696,0.08620689655172414
0.23,0.81,0.24904214559386972,0.22223977118702476,0.10526315789473684,0.10526315789473684,0.13157894736842105,0.34177215189873417,0.3103448275862069,0.6,0.2777777777777778,0.057692307692307696,0.08620689655172414
0.23,0.83,0.24521072796934865,0.21542727416301832,0.10526315789473684,0.10526315789473684,0.1095890410958904,0.34177215189873417,0.3050847457627119,0.6,0.26666666666666666,0.057692307692307696,0.06896551724137931
0.23,0.85,0.2413793103448276,0.2074561769219179,0.08955223880597014,0.10526315789473684,0.08955223880597014,0.3333333333333333,0.3016759776536313,0.6,0.3333333333333333,0.057692307692307696,0.05172413793103448
0.23,0.87,0.2413793103448276,0.2023066431322208,0.0625,0.10526315789473684,0.0625,0.34146341463414637,0.3,0.6,0.3333333333333333,0.057692307692307696,0.034482758620689655
0.23,0.89,0.2413793103448276,0.2018789419393496,0.06451612903225806,0.10526315789473684,0.06451612903225806,0.3393939393939394,0.2983425414364641,0.6,0.5,0.057692307692307696,0.034482758620689655
0.23,0.91,0.23754789272030652,0.193435495541866,0.03278688524590164,0.10526315789473684,0.03278688524590164,0.3373493975903614,0.2983425414364641,0.6,0.3333333333333333,0.057692307692307696,0.017241379310344827
0.23,0.93,0.23754789272030652,0.19306709349547488,0.03333333333333333,0.10526315789473684,0.03333333333333333,0.33532934131736525,0.2983425414364641,0.6,0.5,0.057692307692307696,0.017241379310344827
0.23,0.95,0.23371647509578544,0.1839186166063042,0.0,0.10526315789473684,0.0,0.33532934131736525,0.29508196721311475,0.6,0.0,0.057692307692307696,0.0
0.25,0.05,0.22988505747126436,0.11971434997750788,0.0,0.13675213675213677,0.34210526315789475,0.0,0.0,0.6153846153846154,0.21138211382113822,0.07692307692307693,0.896551724137931
0.25,0.07,0.22988505747126436,0.11999661504612,0.0,0.13675213675213677,0.3432343234323432,0.0,0.0,0.6153846153846154,0.21224489795918366,0.07692307692307693,0.896551724137931
0.25,0.09,0.2260536398467433,0.1191880341880342,0.0,0.13675213675213677,0.34,0.0,0.0,0.6153846153846154,0.21074380165289255,0.07692307692307693,0.8793103448275862
0.25,0.11,0.22988505747126436,0.12910861266124424,0.0,0.13675213675213677,0.34459459459459457,0.03508771929824561,0.0,0.6153846153846154,0.21428571428571427,0.07692307692307693,0.8793103448275862
0.25,0.13,0.2260536398467433,0.14282437884863367,0.03571428571428571,0.13675213675213677,0.3310344827586207,0.06779661016949153,0.03571428571428571,0.6153846153846154,0.20689655172413793,0.07692307692307693,0.8275862068965517
0.25,0.15,0.22988505747126436,0.15117382132681276,0.03508771929824561,0.13675213675213677,0.3344947735191638,0.09836065573770492,0.03508771929824561,0.6153846153846154,0.2096069868995633,0.07692307692307693,0.8275862068965517
0.25,0.17,0.2413793103448276,0.17503052503052502,0.06666666666666667,0.13675213675213677,0.34285714285714286,0.15384615384615385,0.06666666666666667,0.6153846153846154,0.21621621621621623,0.07692307692307693,0.8275862068965517
0.25,0.19,0.24521072796934865,0.1824190157302112,0.0967741935483871,0.13675213675213677,0.3490909090909091,0.14705882352941177,0.0967741935483871,0.6153846153846154,0.22119815668202766,0.07692307692307693,0.8275862068965517
0.25,0.21,0.26053639846743293,0.21540288724106477,0.13675213675213677,0.13675213675213677,0.3533834586466165,0.2222222222222222,0.14925373134328357,0.6153846153846154,0.22596153846153846,0.07692307692307693,0.8103448275862069
0.25,0.23,0.2720306513409962,0.2384767181601039,0.13675213675213677,0.13675213675213677,0.35797665369649806,0.24,0.2191780821917808,0.6153846153846154,0.23115577889447236,0.07692307692307693,0.7931034482758621
0.25,0.25,0.2720306513409962,0.24629344922366603,0.13675213675213677,0.13675213675213677,0.35390946502057613,0.275,0.21951219512195122,0.6153846153846154,0.23243243243243245,0.07692307692307693,0.7413793103448276
0.25,0.27,0.27586206896551724,0.2538222882285434,0.13675213675213677,0.13675213675213677,0.35443037974683544,0.2682926829268293,0.2558139534883721,0.6153846153846154,0.2346368715083799,0.07692307692307693,0.7241379310344828
0.25,0.29,0.2835249042145594,0.26279553779553777,0.13675213675213677,0.13675213675213677,0.36363636363636365,0.2619047619047619,0.28888888888888886,0.6153846153846154,0.24277456647398843,0.07692307692307693,0.7241379310344828
0.25,0.31,0.29118773946360155,0.2765197929427131,0.13675213675213677,0.13675213675213677,0.36036036036036034,0.27906976744186046,0.32989690721649484,0.6153846153846154,0.24390243902439024,0.07692307692307693,0.6896551724137931
0.25,0.33,0.2988505747126437,0.29158174569425127,0.13675213675213677,0.13675213675213677,0.35185185185185186,0.34782608695652173,0.32989690721649484,0.6153846153846154,0.24050632911392406,0.07692307692307693,0.6551724137931034
0.25,0.35,0.3065134099616858,0.2997916928569129,0.13675213675213677,0.13675213675213677,0.36018957345971564,0.3655913978494624,0.33663366336633666,0.6153846153846154,0.24836601307189543,0.07692307692307693,0.6551724137931034
0.25,0.37,0.31417624521072796,0.31019309159886743,0.13675213675213677,0.13675213675213677,0.3592233009708738,0.40816326530612246,0.33663366336633666,0.6153846153846154,0.25,0.07692307692307693,0.6379310344827587
0.25,0.39,0.31800766283524906,0.3137097809009426,0.13675213675213677,0.13675213675213677,0.3645320197044335,0.40404040404040403,0.34951456310679613,0.6153846153846154,0.25517241379310346,0.07692307692307693,0.6379310344827587
0.25,0.41,0.3103448275862069,0.30779117234341113,0.13675213675213677,0.13675213675213677,0.3482587064676617,0.4,0.34615384615384615,0.6153846153846154,0.24475524475524477,0.07692307692307693,0.603448275862069
0.25,0.43,0.31800766283524906,0.3153971074763154,0.13675213675213677,0.13675213675213677,0.35714285714285715,0.4158415841584158,0.35185185185185186,0.6153846153846154,0.2536231884057971,0.07692307692307693,0.603448275862069
0.25,0.45,0.32567049808429116,0.3230390749353128,0.13675213675213677,0.13675213675213677,0.3645833333333333,0.42718446601941745,0.36363636363636365,0.6153846153846154,0.26119402985074625,0.07692307692307693,0.603448275862069
0.25,0.47,0.32950191570881227,0.32618602486821036,0.13675213675213677,0.13675213675213677,0.3695652173913043,0.4444444444444444,0.35398230088495575,0.6153846153846154,0.2698412698412698,0.07692307692307693,0.5862068965517241
0.25,0.49,0.32567049808429116,0.3206154700272348,0.13675213675213677,0.13675213675213677,0.37714285714285717,0.43243243243243246,0.33613445378151263,0.6153846153846154,0.28205128205128205,0.07692307692307693,0.5689655172413793
0.25,0.51,0.3333333333333333,0.3291557248388368,0.13675213675213677,0.13675213675213677,0.3764705882352941,0.43243243243243246,0.3709677419354839,0.6153846153846154,0.2857142857142857,0.07692307692307693,0.5517241379310345
0.25,0.53,0.32567049808429116,0.322158247297495,0.13675213675213677,0.13675213675213677,0.3558282208588957,0.42105263157894735,0.375,0.6153846153846154,0.2761904761904762,0.07692307692307693,0.5
0.25,0.55,0.32567049808429116,0.32035536717448604,0.13675213675213677,0.13675213675213677,0.3684210526315789,0.4098360655737705,0.366412213740458,0.6153846153846154,0.2978723404255319,0.07692307692307693,0.4827586206896552
0.25,0.57,0.3103448275862069,0.3058117281260756,0.13675213675213677,0.13675213675213677,0.3287671232876712,0.3968253968253968,0.3609022556390977,0.6153846153846154,0.2727272727272727,0.07692307692307693,0.41379310344827586
0.25,0.59,0.3065134099616858,0.30129464964754626,0.13675213675213677,0.13675213675213677,0.31654676258992803,0.39097744360902253,0.3609022556390977,0.6153846153846154,0.2716049382716049,0.07692307692307693,0.3793103448275862
0.25,0.61,0.2988505747126437,0.2931995335246109,0.13675213675213677,0.13675213675213677,0.3007518796992481,0.38235294117647056,0.35294117647058826,0.6153846153846154,0.26666666666666666,0.07692307692307693,0.3448275862068966
0.25,0.63,0.30268199233716475,0.29660777883564304,0.13675213675213677,0.13675213675213677,0.3076923076923077,0.39416058394160586,0.34782608695652173,0.6153846153846154,0.2777777777777778,0.07692307692307693,0.3448275862068966
0.25,0.65,0.30268199233716475,0.29610298503656945,0.13675213675213677,0.13675213675213677,0.2992125984251969,0.391304347826087,0.35714285714285715,0.6153846153846154,0.2753623188405797,0.07692307692307693,0.3275862068965517
0.25,0.67,0.3065134099616858,0.2994016737489771,0.13675213675213677,0.13675213675213677,0.3089430894308943,0.38571428571428573,0.36619718309859156,0.6153846153846154,0.2923076923076923,0.07692307692307693,0.3275862068965517
0.25,0.69,0.30268199233716475,0.2945819826353113,0.13675213675213677,0.13675213675213677,0.2982456140350877,0.38571428571428573,0.3576158940397351,0.6153846153846154,0.30357142857142855,0.07692307692307693,0.29310344827586204
0.25,0.71,0.2988505747126437,0.2902474023797553,0.13675213675213677,0.13675213675213677,0.2962962962962963,0.375,0.35294117647058826,0.6153846153846154,0.32,0.07692307692307693,0.27586206896551724
0.25,0.73,0.2835249042145594,0.27150276618143465,0.13675213675213677,0.13675213675213677,0.2376237623762376,0.3698630136986301,0.34177215189873417,0.6153846153846154,0.27906976744186046,0.07692307692307693,0.20689655172413793
0.25,0.75,0.2720306513409962,0.25613018208126903,0.13675213675213677,0.13675213675213677,0.1875,0.36486486486486486,0.33540372670807456,0.6153846153846154,0.23684210526315788,0.07692307692307693,0.15517241379310345
0.25,0.77,0.26436781609195403,0.24473603221277898,0.13675213675213677,0.13675213675213677,0.15730337078651685,0.3576158940397351,0.32727272727272727,0.6153846153846154,0.22580645161290322,0.07692307692307693,0.1206896551724138
0.25,0.79,0.2567049808429119,0.2316383420916954,0.1282051282051282,0.13675213675213677,0.1282051282051282,0.34394904458598724,0.3176470588235294,0.6153846153846154,0.25,0.07692307692307693,0.08620689655172414
0.25,0.81,0.2567049808429119,0.23155840426965954,0.13157894736842105,0.13675213675213677,0.13157894736842105,0.34394904458598724,0.313953488372093,0.6153846153846154,0.2777777777777778,0.07692307692307693,0.08620689655172414
0.25,0.83,0.25287356321839083,0.22471541275136075,0.1095890410958904,0.13675213675213677,0.1095890410958904,0.34394904458598724,0.30857142857142855,0.6153846153846154,0.26666666666666666,0.07692307692307693,0.06896551724137931
0.25,0.85,0.24904214559386972,0.21669821200722333,0.08955223880597014,0.13675213675213677,0.08955223880597014,0.33540372670807456,0.3050847457627119,0.6153846153846154,0.3333333333333333,0.07692307692307693,0.05172413793103448
0.25,0.87,0.24904214559386972,0.21154530136939492,0.0625,0.13675213675213677,0.0625,0.34355828220858897,0.30337078651685395,0.6153846153846154,0.3333333333333333,0.07692307692307693,0.034482758620689655
0.25,0.89,0.24904214559386972,0.2111019145180431,0.06451612903225806,0.13675213675213677,0.06451612903225806,0.34146341463414637,0.3016759776536313,0.6153846153846154,0.5,0.07692307692307693,0.034482758620689655
0.25,0.91,0.24521072796934865,0.2026522347614023,0.03278688524590164,0.13675213675213677,0.03278688524590164,0.3393939393939394,0.3016759776536313,0.6153846153846154,0.3333333333333333,0.07692307692307693,0.017241379310344827
0.25,0.93,0.24521072796934865,0.20227771133236572,0.03333333333333333,0.13675213675213677,0.03333333333333333,0.3373493975903614,0.3016759776536313,0.6153846153846154,0.5,0.07692307692307693,0.017241379310344827
0.25,0.95,0.2413793103448276,0.1931110189447406,0.0,0.13675213675213677,0.0,0.3373493975903614,0.2983425414364641,0.6153846153846154,0.0,0.07692307692307693,0.0
0.27,0.05,0.23754789272030652,0.13267310525454248,0.0,0.1951219512195122,0.33557046979865773,0.0,0.0,0.631578947368421,0.20833333333333334,0.11538461538461539,0.8620689655172413
0.27,0.07,0.23754789272030652,0.13295557197996222,0.0,0.1951219512195122,0.3367003367003367,0.0,0.0,0.631578947368421,0.20920502092050208,0.11538461538461539,0.8620689655172413
0.27,0.09,0.23371647509578544,0.13211382113821138,0.0,0.1951219512195122,0.3333333333333333,0.0,0.0,0.631578947368421,0.2076271186440678,0.11538461538461539,0.8448275862068966
0.27,0.11,0.23754789272030652,0.1420351762501291,0.0,0.1951219512195122,0.33793103448275863,0.03508771929824561,0.0,0.631578947368421,0.21120689655172414,0.11538461538461539,0.8448275862068966
0.27,0.13,0.23371647509578544,0.1556441272687801,0.03571428571428571,0.1951219512195122,0.323943661971831,0.06779661016949153,0.03571428571428571,0.631578947368421,0.20353982300884957,0.11538461538461539,0.7931034482758621
0.27,0.15,0.23754789272030652,0.16399311537169486,0.03508771929824561,0.1951219512195122,0.3274021352313167,0.09836065573770492,0.03508771929824561,0.631578947368421,0.2062780269058296,0.11538461538461539,0.7931034482758621
0.27,0.17,0.24904214559386972,0.18785029877249923,0.06666666666666667,0.1951219512195122,0.3357664233576642,0.15384615384615385,0.06666666666666667,0.631578947368421,0.21296296296296297,0.11538461538461539,0.7931034482758621
0.27,0.19,0.25287356321839083,0.19524060081038724,0.0967741935483871,0.1951219512195122,0.3420074349442379,0.14705882352941177,0.0967741935483871,0.631578947368421,0.21800947867298578,0.11538461538461539,0.7931034482758621
0.27,0.21,0.2681992337164751,0.22818793773471605,0.14925373134328357,0.1951219512195122,0.34615384615384615,0.2222222222222222,0.14925373134328357,0.631578947368421,0.22277227722772278,0.11538461538461539,0.7758620689655172
0.27,0.23,0.2796934865900383,0.2512244107432615,0.1951219512195122,0.1951219512195122,0.350597609561753,0.24,0.2191780821917808,0.631578947368421,0.22797927461139897,0.11538461538461539,0.7586206896551724
0.27,0.25,0.2796934865900383,0.2589064268807245,0.1951219512195122,0.1951219512195122,0.3459915611814346,0.275,0.21951219512195122,0.631578947368421,0.22905027932960895,0.11538461538461539,0.7068965517241379
0.27,0.27,0.2835249042145594,0.266387233488765,0.1951219512195122,0.1951219512195122,0.3463203463203463,0.2682926829268293,0.2558139534883721,0.631578947368421,0.23121387283236994,0.11538461538461539,0.6896551724137931
0.27,0.29,0.29118773946360155,0.27536778939217965,0.1951219512195122,0.1951219512195122,0.35555555555555557,0.2619047619047619,0.28888888888888886,0.631578947368421,0.23952095808383234,0.11538461538461539,0.6896551724137931
0.27,0.31,0.2988505747126437,0.2889851194324298,0.1951219512195122,0.1951219512195122,0.35185185185185186,0.27906976744186046,0.32989690721649484,0.631578947368421,0.24050632911392406,0.11538461538461539,0.6551724137931034
0.27,0.33,0.3065134099616858,0.3039255220624179,0.1951219512195122,0.1951219512195122,0.34285714285714286,0.34782608695652173,0.32989690721649484,0.631578947368421,0.23684210526315788,0.11538461538461539,0.6206896551724138
0.27,0.35,0.31417624521072796,0.3121416311576083,0.1951219512195122,0.1951219512195122,0.35121951219512193,0.3655913978494624,0.33663366336633666,0.631578947368421,0.24489795918367346,0.11538461538461539,0.6206896551724138
0.27,0.37,0.3218390804597701,0.32247971997299285,0.1951219512195122,0.1951219512195122,0.35,0.40816326530612246,0.33663366336633666,0.631578947368421,0.24647887323943662,0.11538461538461539,0.603448275862069
0.27,0.39,0.32567049808429116,0.3260017169013228,0.1951219512195122,0.1951219512195122,0.3553299492385787,0.40404040404040403,0.34951456310679613,0.631578947368421,0.2517985611510791,0.11538461538461539,0.603448275862069
0.27,0.41,0.31800766283524906,0.3199343339587242,0.1951219512195122,0.1951219512195122,0.3384615384615385,0.4,0.34615384615384615,0.631578947368421,0.24087591240875914,0.11538461538461539,0.5689655172413793
0.27,0.43,0.32567049808429116,0.3275459520706029,0.1951219512195122,0.1951219512195122,0.3473684210526316,0.4158415841584158,0.35185185185185186,0.631578947368421,0.25,0.11538461538461539,0.5689655172413793
0.27,0.45,0.3333333333333333,0.3351953726381782,0.1951219512195122,0.1951219512195122,0.3548387096774194,0.42718446601941745,0.36363636363636365,0.631578947368421,0.2578125,0.11538461538461539,0.5689655172413793
0.27,0.47,0.3371647509578544,0.3382748145866663,0.1951219512195122,0.1951219512195122,0.3595505617977528,0.4444444444444444,0.35398230088495575,0.631578947368421,0.26666666666666666,0.11538461538461539,0.5517241379310345
0.27,0.49,0.3333333333333333,0.33263818568972525,0.1951219512195122,0.1951219512195122,0.3668639053254438,0.43243243243243246,0.33613445378151263,0.631578947368421,0.27927927927927926,0.11538461538461539,0.5344827586206896
0.27,0.51,0.34099616858237547,0.3410939460310035,0.1951219512195122,0.1951219512195122,0.36585365853658536,0.43243243243243246,0.3709677419354839,0.631578947368421,0.2830188679245283,0.11538461538461539,0.5172413793103449
0.27,0.53,0.3333333333333333,0.3337809068461117,0.1951219512195122,0.1951219512195122,0.34394904458598724,0.42105263157894735,0.375,0.631578947368421,0.2727272727272727,0.11538461538461539,0.46551724137931033
0.27,0.55,0.3371647509578544,0.3353839311998905,0.1951219512195122,0.1951219512195122,0.3673469387755102,0.4098360655737705,0.36923076923076925,0.631578947368421,0.30337078651685395,0.11538461538461539,0.46551724137931033
0.27,0.57,0.3218390804597701,0.32045621160826143,0.1951219512195122,0.1951219512195122,0.3262411347517731,0.3968253968253968,0.36363636363636365,0.631578947368421,0.27710843373493976,0.11538461538461539,0.39655172413793105
0.27,0.59,0.31800766283524906,0.31579214857144844,0.1951219512195122,0.1951219512195122,0.31343283582089554,0.39097744360902253,0.36363636363636365,0.631578947368421,0.27631578947368424,0.11538461538461539,0.3620689655172414
0.27,0.61,0.3103448275862069,0.3074763619878846,0.1951219512195122,0.1951219512195122,0.296875,0.38235294117647056,0.35555555555555557,0.631578947368421,0.2714285714285714,0.11538461538461539,0.3275862068965517
0.27,0.63,0.31417624521072796,0.3109118746661919,0.1951219512195122,0.1951219512195122,0.304,0.39416058394160586,0.35036496350364965,0.631578947368421,0.2835820895522388,0.11538461538461539,0.3275862068965517
0.27,0.65,0.31417624521072796,0.3103051241186353,0.1951219512195122,0.1951219512195122,0.29508196721311475,0.391304347826087,0.3597122302158273,0.631578947368421,0.28125,0.11538461538461539,0.3103448275862069
0.27,0.67,0.31800766283524906,0.3136788272344111,0.1951219512195122,0.1951219512195122,0.3050847457627119,0.38571428571428573,0.36879432624113473,0.631578947368421,0.3,0.11538461538461539,0.3103448275862069
0.27,0.69,0.31417624521072796,0.3086035546462935,0.1951219512195122,0.1951219512195122,0.29357798165137616,0.38571428571428573,0.36,0.631578947368421,0.3137254901960784,0.11538461538461539,0.27586206896551724
0.27,0.71,0.3103448275862069,0.30416181125914477,0.1951219512195122,0.1951219512195122,0.2912621359223301,0.375,0.35526315789473684,0.631578947368421,0.3333333333333333,0.11538461538461539,0.25862068965517243
0.27,0.73,0.2950191570881226,0.28452516904269903,0.1951219512195122,0.1951219512195122,0.22916666666666666,0.3698630136986301,0.34394904458598724,0.631578947368421,0.2894736842105263,0.11538461538461539,0.1896551724137931
0.27,0.75,0.2835249042145594,0.2683277479771382,0.17582417582417584,0.1951219512195122,0.17582417582417584,0.36486486486486486,0.3375,0.631578947368421,0.24242424242424243,0.11538461538461539,0.13793103448275862
0.27,0.77,0.27586206896551724,0.25621582019982925,0.14285714285714285,0.1951219512195122,0.14285714285714285,0.3576158940397351,0.32926829268292684,0.631578947368421,0.23076923076923078,0.11538461538461539,0.10344827586206896
0.27,0.79,0.2681992337164751,0.24234275886714912,0.10666666666666667,0.1951219512195122,0.10666666666666667,0.34615384615384615,0.32142857142857145,0.631578947368421,0.23529411764705882,0.11538461538461539,0.06896551724137931
0.27,0.81,0.2681992337164751,0.24222763317510038,0.10810810810810811,0.1951219512195122,0.10810810810810811,0.34615384615384615,0.31952662721893493,0.631578947368421,0.25,0.11538461538461539,0.06896551724137931
0.27,0.83,0.2681992337164751,0.24204409554217,0.1111111111111111,0.1951219512195122,0.1111111111111111,0.34615384615384615,0.3157894736842105,0.631578947368421,0.2857142857142857,0.11538461538461539,0.06896551724137931
0.27,0.85,0.26436781609195403,0.23391744261307562,0.09090909090909091,0.1951219512195122,0.09090909090909091,0.3375,0.31213872832369943,0.631578947368421,0.375,0.11538461538461539,0.05172413793103448
0.27,0.87,0.26436781609195403,0.22865946366086537,0.06349206349206349,0.1951219512195122,0.06349206349206349,0.345679012345679,0.3103448275862069,0.631578947368421,0.4,0.11538461538461539,0.034482758620689655
0.27,0.89,0.26436781609195403,0.22838529751164155,0.06451612903225806,0.1951219512195122,0.06451612903225806,0.34355828220858897,0.3103448275862069,0.631578947368421,0.5,0.11538461538461539,0.034482758620689655
0.27,0.91,0.26053639846743293,0.21992926967144177,0.03278688524590164,0.1951219512195122,0.03278688524590164,0.34146341463414637,0.3103448275862069,0.631578947368421,0.3333333333333333,0.11538461538461539,0.017241379310344827
0.27,0.93,0.26053639846743293,0.21954851288324795,0.03333333333333333,0.1951219512195122,0.03333333333333333,0.3393939393939394,0.3103448275862069,0.631578947368421,0.5,0.11538461538461539,0.017241379310344827
0.27,0.95,0.2567049808429119,0.21033351810790835,0.0,0.1951219512195122,0.0,0.3393939393939394,0.3068181818181818,0.631578947368421,0.0,0.11538461538461539,0.0
0.29,0.05,0.2260536398467433,0.13088497431057985,0.0,0.21212121212121213,0.31141868512110726,0.0,0.0,0.5,0.19480519480519481,0.1346153846153846,0.7758620689655172
0.29,0.07,0.2260536398467433,0.13115530303030304,0.0,0.21212121212121213,0.3125,0.0,0.0,0.5,0.1956521739130435,0.1346153846153846,0.7758620689655172
0.29,0.09,0.2222222222222222,0.13022328548644338,0.0,0.21212121212121213,0.3087719298245614,0.0,0.0,0.5,0.19383259911894274,0.1346153846153846,0.7586206896551724
0.29,0.11,0.2260536398467433,0.14009404780148366,0.0,0.21212121212121213,0.31316725978647686,0.03508771929824561,0.0,0.5,0.19730941704035873,0.1346153846153846,0.7586206896551724
0.29,0.13,0.2222222222222222,0.15345348154670188,0.03571428571428571,0.21212121212121213,0.29818181818181816,0.06779661016949153,0.03571428571428571,0.5,0.1889400921658986,0.1346153846153846,0.7068965517241379
0.29,0.15,0.2260536398467433,0.16176004384811418,0.03508771929824561,0.21212121212121213,0.3014705882352941,0.09836065573770492,0.03508771929824561,0.5,0.19158878504672897,0.1346153846153846,0.7068965517241379
0.29,0.17,0.23754789272030652,0.18551699872454588,0.06666666666666667,0.21212121212121213,0.30943396226415093,0.15384615384615385,0.06666666666666667,0.5,0.19806763285024154,0.1346153846153846,0.7068965517241379
0.29,0.19,0.2413793103448276,0.1928347111459066,0.0967741935483871,0.21212121212121213,0.3153846153846154,0.14705882352941177,0.0967741935483871,0.5,0.20297029702970298,0.1346153846153846,0.7068965517241379
0.29,0.21,0.2567049808429119,0.22558056632207787,0.14925373134328357,0.21212121212121213,0.3187250996015936,0.2222222222222222,0.14925373134328357,0.5,0.20725388601036268,0.1346153846153846,0.6896551724137931
0.29,0.23,0.2681992337164751,0.24840333597494244,0.21212121212121213,0.21212121212121213,0.32231404958677684,0.24,0.2191780821917808,0.5,0.21195652173913043,0.1346153846153846,0.6724137931034483
0.29,0.25,0.2681992337164751,0.25560572023184347,0.21212121212121213,0.21212121212121213,0.3157894736842105,0.275,0.21951219512195122,0.5,0.21176470588235294,0.1346153846153846,0.6206896551724138
0.29,0.27,0.2720306513409962,0.2628857909629322,0.21212121212121213,0.21212121212121213,0.3153153153153153,0.2682926829268293,0.2558139534883721,0.5,0.21341463414634146,0.1346153846153846,0.603448275862069
0.29,0.29,0.2796934865900383,0.27174723424723424,0.21212121212121213,0.21212121212121213,0.32407407407407407,0.2619047619047619,0.28888888888888886,0.5,0.22151898734177214,0.1346153846153846,0.603448275862069
0.29,0.31,0.28735632183908044,0.28498211662242806,0.21212121212121213,0.21212121212121213,0.3188405797101449,0.27906976744186046,0.32989690721649484,0.5,0.2214765100671141,0.1346153846153846,0.5689655172413793
0.29,0.33,0.2950191570881226,0.29957547943425367,0.21212121212121213,0.21212121212121213,0.30845771144278605,0.34782608695652173,0.32989690721649484,0.5,0.21678321678321677,0.1346153846153846,0.5344827586206896
0.29,0.35,0.30268199233716475,0.307668200987314,0.21212121212121213,0.21212121212121213,0.3163265306122449,0.3655913978494624,0.33663366336633666,0.5,0.2246376811594203,0.1346153846153846,0.5344827586206896
0.29,0.37,0.3103448275862069,0.31776356661203037,0.21212121212121213,0.21212121212121213,0.31413612565445026,0.40816326530612246,0.33663366336633666,0.5,0.22556390977443608,0.1346153846153846,0.5172413793103449
0.29,0.39,0.31417624521072796,0.3212062788596563,0.21212121212121213,0.21212121212121213,0.3191489361702128,0.40404040404040403,0.34951456310679613,0.5,0.23076923076923078,0.1346153846153846,0.5172413793103449
0.29,0.41,0.3065134099616858,0.31483758177306564,0.21212121212121213,0.21212121212121213,0.3010752688172043,0.4,0.34615384615384615,0.5,0.21875,0.1346153846153846,0.4827586206896552
0.29,0.43,0.31417624521072796,0.3223017283312125,0.21212121212121213,0.21212121212121213,0.30939226519337015,0.4158415841584158,0.35185185185185186,0.5,0.22764227642276422,0.1346153846153846,0.4827586206896552
0.29,0.45,0.3218390804597701,0.3298315556419884,0.21212121212121213,0.21212121212121213,0.3163841807909605,0.42718446601941745,0.36363636363636365,0.5,0.23529411764705882,0.1346153846153846,0.4827586206896552
0.29,0.47,0.32567049808429116,0.3325186461673868,0.21212121212121213,0.21212121212121213,0.31952662721893493,0.4444444444444444,0.35398230088495575,0.5,0.24324324324324326,0.1346153846153846,0.46551724137931033
0.29,0.49,0.3218390804597701,0.3264220245837893,0.21212121212121213,0.21212121212121213,0.325,0.43243243243243246,0.33613445378151263,0.5,0.2549019607843137,0.1346153846153846,0.4482758620689655
0.29,0.51,0.32950191570881227,0.3345255079126047,0.21212121212121213,0.21212121212121213,0.3225806451612903,0.43243243243243246,0.3709677419354839,0.5,0.25773195876288657,0.1346153846153846,0.43103448275862066
0.29,0.53,0.3218390804597701,0.32636778524936416,0.21212121212121213,0.21212121212121213,0.2972972972972973,0.42105263157894735,0.375,0.5,0.24444444444444444,0.1346153846153846,0.3793103448275862
0.29,0.55,0.32567049808429116,0.32750715665897423,0.21212121212121213,0.21212121212121213,0.3188405797101449,0.4098360655737705,0.36923076923076925,0.5,0.275,0.1346153846153846,0.3793103448275862
0.29,0.57,0.3103448275862069,0.31132756132756134,0.21212121212121213,0.21212121212121213,0.2727272727272727,0.3968253968253968,0.36363636363636365,0.5,0.24324324324324326,0.1346153846153846,0.3103448275862069
0.29,0.59,0.3065134099616858,0.30568375484164956,0.21212121212121213,0.21212121212121213,0.256,0.39097744360902253,0.36363636363636365,0.5,0.23880597014925373,0.1346153846153846,0.27586206896551724
0.29,0.61,0.2988505747126437,0.29633095662507425,0.21212121212121213,0.21212121212121213,0.23529411764705882,0.38235294117647056,0.35555555555555557,0.5,0.22950819672131148,0.1346153846153846,0.2413793103448276
0.29,0.63,0.30268199233716475,0.2996348029624114,0.21212121212121213,0.21212121212121213,0.23931623931623933,0.39416058394160586,0.35294117647058826,0.5,0.23728813559322035,0.1346153846153846,0.2413793103448276
0.29,0.65,0.30268199233716475,0.29845364399140145,0.21212121212121213,0.21212121212121213,0.22807017543859648,0.391304347826087,0.36231884057971014,0.5,0.23214285714285715,0.1346153846153846,0.22413793103448276
0.29,0.67,0.3065134099616858,0.3014069264069264,0.21212121212121213,0.21212121212121213,0.23636363636363636,0.38571428571428573,0.37142857142857144,0.5,0.25,0.1346153846153846,0.22413793103448276
0.29,0.69,0.2988505747126437,0.2912182809241633,0.21212121212121213,0.21212121212121213,0.21568627450980393,0.38571428571428573,0.35135135135135137,0.5,0.25,0.1346153846153846,0.1896551724137931
0.29,0.71,0.2950191570881226,0.28557501693053133,0.20618556701030927,0.21212121212121213,0.20618556701030927,0.375,0.348993288590604,0.5,0.2564102564102564,0.1346153846153846,0.1724137931034483
0.29,0.73,0.2796934865900383,0.26324497420387827,0.13333333333333333,0.21212121212121213,0.13333333333333333,0.3698630136986301,0.33766233766233766,0.5,0.1875,0.1346153846153846,0.10344827586206896
0.29,0.75,0.2720306513409962,0.25083566653334094,0.09302325581395349,0.21212121212121213,0.09302325581395349,0.36486486486486486,0.3333333333333333,0.5,0.14285714285714285,0.1346153846153846,0.06896551724137931
0.29,0.77,0.2720306513409962,0.24948266734430258,0.09876543209876543,0.21212121212121213,0.09876543209876543,0.36,0.3270440251572327,0.5,0.17391304347826086,0.1346153846153846,0.06896551724137931
0.29,0.79,0.2681992337164751,0.24120982454315787,0.08108108108108109,0.21212121212121213,0.08108108108108109,0.35064935064935066,0.32098765432098764,0.5,0.1875,0.1346153846153846,0.05172413793103448
0.29,0.81,0.2681992337164751,0.24099518712511403,0.0821917808219178,0.21212121212121213,0.0821917808219178,0.35064935064935066,0.31901840490797545,0.5,0.2,0.1346153846153846,0.05172413793103448
0.29,0.83,0.2681992337164751,0.24060728004389975,0.08450704225352113,0.21212121212121213,0.08450704225352113,0.35064935064935066,0.3151515151515151,0.5,0.23076923076923078,0.1346153846153846,0.05172413793103448
0.29,0.85,0.26436781609195403,0.2317022677668475,0.06153846153846154,0.21212121212121213,0.06153846153846154,0.34177215189873417,0.31137724550898205,0.5,0.2857142857142857,0.1346153846153846,0.034482758620689655
0.29,0.87,0.26436781609195403,0.22597577154028767,0.03225806451612903,0.21212121212121213,0.03225806451612903,0.35,0.30952380952380953,0.5,0.25,0.1346153846153846,0.017241379310344827
0.29,0.89,0.26436781609195403,0.22556449846186127,0.03278688524590164,0.21212121212121213,0.03278688524590164,0.34782608695652173,0.30952380952380953,0.5,0.3333333333333333,0.1346153846153846,0.017241379310344827
0.29,0.91,0.26436781609195403,0.22556449846186127,0.03278688524590164,0.21212121212121213,0.03278688524590164,0.34782608695652173,0.30952380952380953,0.5,0.3333333333333333,0.1346153846153846,0.017241379310344827
0.29,0.93,0.26436781609195403,0.2251643418310085,0.03333333333333333,0.21212121212121213,0.03333333333333333,0.345679012345679,0.30952380952380953,0.5,0.5,0.1346153846153846,0.017241379310344827
0.29,0.95,0.26053639846743293,0.2159206443520169,0.0,0.21212121212121213,0.0,0.345679012345679,0.3058823529411765,0.5,0.0,0.1346153846153846,0.0
0.31,0.05,0.24521072796934865,0.1494934143870314,0.0,0.28368794326241137,0.3142857142857143,0.0,0.0,0.5405405405405406,0.1981981981981982,0.19230769230769232,0.7586206896551724
0.31,0.07,0.24521072796934865,0.14977503241058493,0.0,0.28368794326241137,0.3154121863799283,0.0,0.0,0.5405405405405406,0.19909502262443438,0.19230769230769232,0.7586206896551724
0.31,0.09,0.2413793103448276,0.14882053654024052,0.0,0.28368794326241137,0.3115942028985507,0.0,0.0,0.5405405405405406,0.19724770642201836,0.19230769230769232,0.7413793103448276
0.31,0.11,0.24521072796934865,0.15873803328722305,0.0,0.28368794326241137,0.3161764705882353,0.03508771929824561,0.0,0.5405405405405406,0.20093457943925233,0.19230769230769232,0.7413793103448276
0.31,0.13,0.2413793103448276,0.17198767971135917,0.03571428571428571,0.28368794326241137,0.3007518796992481,0.06779661016949153,0.03571428571428571,0.5405405405405406,0.19230769230769232,0.19230769230769232,0.6896551724137931
0.31,0.15,0.24521072796934865,0.18032970695101633,0.03508771929824561,0.28368794326241137,0.3041825095057034,0.09836065573770492,0.03508771929824561,0.5405405405405406,0.1951219512195122,0.19230769230769232,0.6896551724137931
0.31,0.17,0.2567049808429119,0.20417519094380795,0.06666666666666667,0.28368794326241137,0.3125,0.15384615384615385,0.06666666666666667,0.5405405405405406,0.20202020202020202,0.19230769230769232,0.6896551724137931
0.31,0.19,0.26053639846743293,0.21156151498545098,0.0967741935483871,0.28368794326241137,0.3187250996015936,0.14705882352941177,0.0967741935483871,0.5405405405405406,0.20725388601036268,0.19230769230769232,0.6896551724137931
0.31,0.21,0.27586206896551724,0.2443694866036735,0.14925373134328357,0.28368794326241137,0.32231404958677684,0.2222222222222222,0.14925373134328357,0.5405405405405406,0.21195652173913043,0.19230769230769232,0.6724137931034483
0.31,0.23,0.28735632183908044,0.26726157074123047,0.2191780821917808,0.28368794326241137,0.3261802575107296,0.24,0.2191780821917808,0.5405405405405406,0.21714285714285714,0.19230769230769232,0.6551724137931034
0.31,0.25,0.28735632183908044,0.27445871039517744,0.21951219512195122,0.28368794326241137,0.319634703196347,0.275,0.21951219512195122,0.5405405405405406,0.21739130434782608,0.19230769230769232,0.603448275862069
0.31,0.27,0.29118773946360155,0.2817608514921731,0.2558139534883721,0.28368794326241137,0.3192488262910798,0.2682926829268293,0.2558139534883721,0.5405405405405406,0.21935483870967742,0.19230769230769232,0.5862068965517241
0.31,0.29,0.2988505747126437,0.2907460023787498,0.2619047619047619,0.28368794326241137,0.3285024154589372,0.2619047619047619,0.28888888888888886,0.5405405405405406,0.22818791946308725,0.19230769230769232,0.5862068965517241
0.31,0.31,0.3065134099616858,0.3039717352882725,0.27906976744186046,0.28368794326241137,0.32323232323232326,0.27906976744186046,0.32989690721649484,0.5405405405405406,0.22857142857142856,0.19230769230769232,0.5517241379310345
0.31,0.33,0.31417624521072796,0.31847773435885696,0.28368794326241137,0.28368794326241137,0.3125,0.34782608695652173,0.32989690721649484,0.5405405405405406,0.22388059701492538,0.19230769230769232,0.5172413793103449
0.31,0.35,0.3218390804597701,0.3266921548628681,0.28368794326241137,0.28368794326241137,0.32085561497326204,0.3655913978494624,0.33663366336633666,0.5405405405405406,0.23255813953488372,0.19230769230769232,0.5172413793103449
0.31,0.37,0.32950191570881227,0.3367915476540473,0.28368794326241137,0.28368794326241137,0.31868131868131866,0.40816326530612246,0.33663366336633666,0.5405405405405406,0.23387096774193547,0.19230769230769232,0.5
0.31,0.39,0.3333333333333333,0.34031631419458164,0.28368794326241137,0.28368794326241137,0.3240223463687151,0.40404040404040403,0.34951456310679613,0.5405405405405406,0.2396694214876033,0.19230769230769232,0.5
0.31,0.41,0.32567049808429116,0.33373163379474236,0.28368794326241137,0.28368794326241137,0.3050847457627119,0.4,0.34615384615384615,0.5405405405405406,0.226890756302521,0.19230769230769232,0.46551724137931033
0.31,0.43,0.3333333333333333,0.341333716911193,0.28368794326241137,0.28368794326241137,0.313953488372093,0.4158415841584158,0.35185185185185186,0.5405405405405406,0.23684210526315788,0.19230769230769232,0.46551724137931033
0.31,0.45,0.34099616858237547,0.348984336086691,0.28368794326241137,0.28368794326241137,0.32142857142857145,0.42718446601941745,0.36363636363636365,0.5405405405405406,0.24545454545454545,0.19230769230769232,0.46551724137931033
0.31,0.47,0.34099616858237547,0.3476395381657673,0.28368794326241137,0.28368794326241137,0.32298136645962733,0.42990654205607476,0.35398230088495575,0.5405405405405406,0.2524271844660194,0.19230769230769232,0.4482758620689655
0.31,0.49,0.3371647509578544,0.3417378959116987,0.28368794326241137,0.28368794326241137,0.32894736842105265,0.41818181818181815,0.33613445378151263,0.5405405405405406,0.26595744680851063,0.19230769230769232,0.43103448275862066
0.31,0.51,0.3448275862068966,0.3498420289061528,0.28368794326241137,0.28368794326241137,0.32653061224489793,0.41818181818181815,0.3709677419354839,0.5405405405405406,0.2696629213483146,0.19230769230769232,0.41379310344827586
0.31,0.53,0.3371647509578544,0.3414418973200276,0.28368794326241137,0.28368794326241137,0.3,0.40707964601769914,0.375,0.5405405405405406,0.25609756097560976,0.19230769230769232,0.3620689655172414
0.31,0.55,0.34099616858237547,0.3431724626115342,0.28368794326241137,0.28368794326241137,0.3230769230769231,0.39669421487603307,0.36923076923076925,0.5405405405405406,0.2916666666666667,0.19230769230769232,0.3620689655172414
0.31,0.57,0.32567049808429116,0.32637946382146793,0.27419354838709675,0.28368794326241137,0.27419354838709675,0.384,0.36363636363636365,0.5405405405405406,0.25757575757575757,0.19230769230769232,0.29310344827586204
0.31,0.59,0.3218390804597701,0.32063061052422753,0.2564102564102564,0.28368794326241137,0.2564102564102564,0.3787878787878788,0.36363636363636365,0.5405405405405406,0.2542372881355932,0.19230769230769232,0.25862068965517243
0.31,0.61,0.31417624521072796,0.31096202585564287,0.23423423423423423,0.28368794326241137,0.23423423423423423,0.37037037037037035,0.35555555555555557,0.5405405405405406,0.24528301886792453,0.19230769230769232,0.22413793103448276
0.31,0.63,0.31800766283524906,0.31437854275030336,0.23853211009174313,0.28368794326241137,0.23853211009174313,0.38235294117647056,0.35294117647058826,0.5405405405405406,0.2549019607843137,0.19230769230769232,0.22413793103448276
0.31,0.65,0.31800766283524906,0.31299598049434113,0.22641509433962265,0.28368794326241137,0.22641509433962265,0.3795620437956204,0.36231884057971014,0.5405405405405406,0.25,0.19230769230769232,0.20689655172413793
0.31,0.67,0.3218390804597701,0.3161278379406255,0.23529411764705882,0.28368794326241137,0.23529411764705882,0.37410071942446044,0.37142857142857144,0.5405405405405406,0.2727272727272727,0.19230769230769232,0.20689655172413793
0.31,0.69,0.31417624521072796,0.30547649287125794,0.2127659574468085,0.28368794326241137,0.2127659574468085,0.37410071942446044,0.35135135135135137,0.5405405405405406,0.2777777777777778,0.19230769230769232,0.1724137931034483
0.31,0.71,0.3103448275862069,0.29975966887863803,0.1978021978021978,0.28368794326241137,0.1978021978021978,0.36619718309859156,0.35135135135135137,0.5405405405405406,0.2727272727272727,0.19230769230769232,0.15517241379310345
0.31,0.73,0.2950191570881226,0.276210161692014,0.11764705882352941,0.28368794326241137,0.11764705882352941,0.36363636363636365,0.33986928104575165,0.5405405405405406,0.18518518518518517,0.19230769230769232,0.08620689655172414
0.31,0.75,0.28735632183908044,0.26296664448984997,0.07407407407407407,0.28368794326241137,0.07407407407407407,0.3586206896551724,0.33548387096774196,0.5405405405405406,0.13043478260869565,0.19230769230769232,0.05172413793103448
0.31,0.77,0.28735632183908044,0.2616404272164828,0.07792207792207792,0.28368794326241137,0.07792207792207792,0.35374149659863946,0.33121019108280253,0.5405405405405406,0.15789473684210525,0.19230769230769232,0.05172413793103448
0.31,0.79,0.2835249042145594,0.25323854766046655,0.05555555555555555,0.28368794326241137,0.05555555555555555,0.3466666666666667,0.3270440251572327,0.5405405405405406,0.14285714285714285,0.19230769230769232,0.034482758620689655
0.31,0.81,0.2835249042145594,0.25292315952452304,0.056338028169014086,0.28368794326241137,0.056338028169014086,0.3466666666666667,0.325,0.5405405405405406,0.15384615384615385,0.19230769230769232,0.034482758620689655
0.31,0.83,0.2835249042145594,0.2523283196857048,0.057971014492753624,0.28368794326241137,0.057971014492753624,0.3466666666666667,0.32098765432098764,0.5405405405405406,0.18181818181818182,0.19230769230769232,0.034482758620689655
0.31,0.85,0.2796934865900383,0.24254237085062202,0.031746031746031744,0.28368794326241137,0.031746031746031744,0.33766233766233766,0.3170731707317073,0.5405405405405406,0.2,0.19230769230769232,0.017241379310344827
0.31,0.87,0.2796934865900383,0.24212576236949745,0.03225806451612903,0.28368794326241137,0.03225806451612903,0.33548387096774196,0.3170731707317073,0.5405405405405406,0.25,0.19230769230769232,0.017241379310344827
0.31,0.89,0.2796934865900383,0.2417203331433384,0.03278688524590164,0.28368794326241137,0.03278688524590164,0.3333333333333333,0.3170731707317073,0.5405405405405406,0.3333333333333333,0.19230769230769232,0.017241379310344827
0.31,0.91,0.2796934865900383,0.2417203331433384,0.03278688524590164,0.28368794326241137,0.03278688524590164,0.3333333333333333,0.3170731707317073,0.5405405405405406,0.3333333333333333,0.19230769230769232,0.017241379310344827
0.31,0.93,0.2796934865900383,0.24132615960256365,0.03333333333333333,0.28368794326241137,0.03333333333333333,0.33121019108280253,0.3170731707317073,0.5405405405405406,0.5,0.19230769230769232,0.017241379310344827
0.31,0.95,0.27586206896551724,0.23203778659835167,0.0,0.28368794326241137,0.0,0.33121019108280253,0.3132530120481928,0.5405405405405406,0.0,0.19230769230769232,0.0
0.33,0.05,0.2681992337164751,0.16842391842391843,0.0,0.35135135135135137,0.32234432234432236,0.0,0.0,0.5909090909090909,0.20465116279069767,0.25,0.7586206896551724
0.33,0.07,0.2681992337164751,0.16872019077901432,0.0,0.35135135135135137,0.3235294117647059,0.0,0.0,0.5909090909090909,0.205607476635514,0.25,0.7586206896551724
0.33,0.09,0.26436781609195403,0.16776348839545865,0.0,0.35135135135135137,0.31970260223048325,0.0,0.0,0.5909090909090909,0.2037914691943128,0.25,0.7413793103448276
0.33,0.11,0.2681992337164751,0.17774184313409735,0.0,0.35135135135135137,0.32452830188679244,0.03508771929824561,0.0,0.5909090909090909,0.20772946859903382,0.25,0.7413793103448276
0.33,0.13,0.26436781609195403,0.19093563902885938,0.03571428571428571,0.35135135135135137,0.3088803088803089,0.06779661016949153,0.03571428571428571,0.5909090909090909,0.19900497512437812,0.25,0.6896551724137931
0.33,0.15,0.2681992337164751,0.19932493159682546,0.03508771929824561,0.35135135135135137,0.3125,0.09836065573770492,0.03508771929824561,0.5909090909090909,0.20202020202020202,0.25,0.6896551724137931
0.33,0.17,0.2796934865900383,0.2232873281066052,0.06666666666666667,0.35135135135135137,0.321285140562249,0.15384615384615385,0.06666666666666667,0.5909090909090909,0.2094240837696335,0.25,0.6896551724137931
0.33,0.19,0.2835249042145594,0.23076330522204166,0.0967741935483871,0.35135135135135137,0.32786885245901637,0.14705882352941177,0.0967741935483871,0.5909090909090909,0.21505376344086022,0.25,0.6896551724137931
0.33,0.21,0.2988505747126437,0.2636855496334696,0.14925373134328357,0.35135135135135137,0.33191489361702126,0.2222222222222222,0.14925373134328357,0.5909090909090909,0.22033898305084745,0.25,0.6724137931034483
0.33,0.23,0.3103448275862069,0.28670315484596004,0.2191780821917808,0.35135135135135137,0.336283185840708,0.24,0.2191780821917808,0.5909090909090909,0.2261904761904762,0.25,0.6551724137931034
0.33,0.25,0.3103448275862069,0.2940130564296464,0.21951219512195122,0.35135135135135137,0.330188679245283,0.275,0.21951219512195122,0.5909090909090909,0.22727272727272727,0.25,0.603448275862069
0.33,0.27,0.31417624521072796,0.3013887687862984,0.2558139534883721,0.35135135135135137,0.3300970873786408,0.2682926829268293,0.2558139534883721,0.5909090909090909,0.22972972972972974,0.25,0.5862068965517241
0.33,0.29,0.3218390804597701,0.31053625053625056,0.2619047619047619,0.35135135135135137,0.34,0.2619047619047619,0.28888888888888886,0.5909090909090909,0.23943661971830985,0.25,0.5862068965517241
0.33,0.31,0.32950191570881227,0.3238491400102801,0.27906976744186046,0.35135135135135137,0.33507853403141363,0.27906976744186046,0.32989690721649484,0.5909090909090909,0.24060150375939848,0.25,0.5517241379310345
0.33,0.33,0.3371647509578544,0.33834966746217304,0.32432432432432434,0.35135135135135137,0.32432432432432434,0.34782608695652173,0.32989690721649484,0.5909090909090909,0.23622047244094488,0.25,0.5172413793103449
0.33,0.35,0.3448275862068966,0.34672743647512094,0.3333333333333333,0.35135135135135137,0.3333333333333333,0.3655913978494624,0.33663366336633666,0.5909090909090909,0.2459016393442623,0.25,0.5172413793103449
0.33,0.37,0.3524904214559387,0.3568942128630955,0.3314285714285714,0.35135135135135137,0.3314285714285714,0.40816326530612246,0.33663366336633666,0.5909090909090909,0.24786324786324787,0.25,0.5
0.33,0.39,0.3563218390804598,0.36052890520603326,0.3372093023255814,0.35135135135135137,0.3372093023255814,0.40404040404040403,0.34951456310679613,0.5909090909090909,0.2543859649122807,0.25,0.5
0.33,0.41,0.3486590038314176,0.3537880640821818,0.3176470588235294,0.35135135135135137,0.3176470588235294,0.4,0.34615384615384615,0.5909090909090909,0.24107142857142858,0.25,0.46551724137931033
0.33,0.43,0.3563218390804598,0.3615793786585866,0.32727272727272727,0.35135135135135137,0.32727272727272727,0.4158415841584158,0.35185185185185186,0.5909090909090909,0.2523364485981308,0.25,0.46551724137931033
0.33,0.45,0.36398467432950193,0.3693939769288017,0.33540372670807456,0.35135135135135137,0.33540372670807456,0.42718446601941745,0.36363636363636365,0.5909090909090909,0.2621359223300971,0.25,0.46551724137931033
0.33,0.47,0.36398467432950193,0.36822563298867994,0.33766233766233766,0.35135135135135137,0.33766233766233766,0.42990654205607476,0.35398230088495575,0.5909090909090909,0.2708333333333333,0.25,0.4482758620689655
0.33,0.49,0.36015325670498083,0.3626238023803947,0.33613445378151263,0.35135135135135137,0.3448275862068966,0.41818181818181815,0.33613445378151263,0.5909090909090909,0.28735632183908044,0.25,0.43103448275862066
0.33,0.51,0.367816091954023,0.37083951358144907,0.34285714285714286,0.35135135135135137,0.34285714285714286,0.41818181818181815,0.3709677419354839,0.5909090909090909,0.2926829268292683,0.25,0.41379310344827586
0.33,0.53,0.36015325670498083,0.36230511776331525,0.3157894736842105,0.35135135135135137,0.3157894736842105,0.40707964601769914,0.375,0.5909090909090909,0.28,0.25,0.3620689655172414
0.33,0.55,0.36398467432950193,0.364684937523075,0.34146341463414637,0.35135135135135137,0.34146341463414637,0.39669421487603307,0.36923076923076925,0.5909090909090909,0.3230769230769231,0.25,0.3620689655172414
0.33,0.57,0.3486590038314176,0.34739650139650147,0.2905982905982906,0.35135135135135137,0.2905982905982906,0.384,0.36363636363636365,0.5909090909090909,0.288135593220339,0.25,0.29310344827586204
0.33,0.59,0.3448275862068966,0.3416257166257166,0.2727272727272727,0.35135135135135137,0.2727272727272727,0.3787878787878788,0.36363636363636365,0.5909090909090909,0.28846153846153844,0.25,0.25862068965517243
0.33,0.61,0.3371647509578544,0.3318193193193193,0.25,0.35135135135135137,0.25,0.37037037037037035,0.35555555555555557,0.5909090909090909,0.2826086956521739,0.25,0.22413793103448276
0.33,0.63,0.3371647509578544,0.33177252066458235,0.2524271844660194,0.35135135135135137,0.2524271844660194,0.37037037037037035,0.35294117647058826,0.5909090909090909,0.28888888888888886,0.25,0.22413793103448276
0.33,0.65,0.3371647509578544,0.33032931268864774,0.24,0.35135135135135137,0.24,0.36764705882352944,0.36231884057971014,0.5909090909090909,0.2857142857142857,0.25,0.20689655172413793
0.33,0.67,0.34099616858237547,0.33379152671048223,0.24742268041237114,0.35135135135135137,0.24742268041237114,0.36496350364963503,0.37142857142857144,0.5909090909090909,0.3076923076923077,0.25,0.20689655172413793
0.33,0.69,0.3333333333333333,0.3230648645857125,0.21978021978021978,0.35135135135135137,0.21978021978021978,0.36496350364963503,0.3561643835616438,0.5909090909090909,0.30303030303030304,0.25,0.1724137931034483
0.33,0.71,0.32950191570881227,0.31736878903501464,0.20224719101123595,0.35135135135135137,0.20224719101123595,0.3597122302158273,0.3561643835616438,0.5909090909090909,0.2903225806451613,0.25,0.15517241379310345
0.33,0.73,0.31417624521072796,0.29333674928305103,0.12048192771084337,0.35135135135135137,0.12048192771084337,0.35714285714285715,0.3443708609271523,0.5909090909090909,0.2,0.25,0.08620689655172414
0.33,0.75,0.3065134099616858,0.27982066888551216,0.0759493670886076,0.35135135135135137,0.0759493670886076,0.352112676056338,0.33986928104575165,0.5909090909090909,0.14285714285714285,0.25,0.05172413793103448
0.33,0.77,0.3065134099616858,0.2785143611353289,0.08,0.35135135135135137,0.08,0.3472222222222222,0.33548387096774196,0.5909090909090909,0.17647058823529413,0.25,0.05172413793103448
0.33,0.79,0.30268199233716475,0.27034133100695634,0.056338028169014086,0.35135135135135137,0.056338028169014086,0.3424657534246575,0.33121019108280253,0.5909090909090909,0.15384615384615385,0.25,0.034482758620689655
0.33,0.81,0.30268199233716475,0.27034133100695634,0.056338028169014086,0.35135135135135137,0.056338028169014086,0.3424657534246575,0.33121019108280253,0.5909090909090909,0.15384615384615385,0.25,0.034482758620689655
0.33,0.83,0.30268199233716475,0.2697080361064988,0.057971014492753624,0.35135135135135137,0.057971014492753624,0.3424657534246575,0.3270440251572327,0.5909090909090909,0.18181818181818182,0.25,0.034482758620689655
0.33,0.85,0.2988505747126437,0.2598530207225859,0.031746031746031744,0.35135135135135137,0.031746031746031744,0.3333333333333333,0.32298136645962733,0.5909090909090909,0.2,0.25,0.017241379310344827
0.33,0.87,0.2988505747126437,0.2594291525354193,0.03225806451612903,0.35135135135135137,0.03225806451612903,0.33112582781456956,0.32298136645962733,0.5909090909090909,0.25,0.25,0.017241379310344827
0.33,0.89,0.2988505747126437,0.25901674286948323,0.03278688524590164,0.35135135135135137,0.03278688524590164,0.32894736842105265,0.32298136645962733,0.5909090909090909,0.3333333333333333,0.25,0.017241379310344827
0.33,0.91,0.2988505747126437,0.25901674286948323,0.03278688524590164,0.35135135135135137,0.03278688524590164,0.32894736842105265,0.32298136645962733,0.5909090909090909,0.3333333333333333,0.25,0.017241379310344827
0.33,0.93,0.2988505747126437,0.25861585919130675,0.03333333333333333,0.35135135135135137,0.03333333333333333,0.32679738562091504,0.32298136645962733,0.5909090909090909,0.5,0.25,0.017241379310344827
0.33,0.95,0.2950191570881226,0.24929178547006048,0.0,0.35135135135135137,0.0,0.32679738562091504,0.31901840490797545,0.5909090909090909,0.0,0.25,0.0
0.35,0.05,0.2720306513409962,0.1735123367198839,0.0,0.38461538461538464,0.30943396226415093,0.0,0.0,0.5769230769230769,0.19806763285024154,0.28846153846153844,0.7068965517241379
0.35,0.07,0.2720306513409962,0.1738053613053613,0.0,0.38461538461538464,0.3106060606060606,0.0,0.0,0.5769230769230769,0.19902912621359223,0.28846153846153844,0.7068965517241379
0.35,0.09,0.2681992337164751,0.1727821986442676,0.0,0.38461538461538464,0.3065134099616858,0.0,0.0,0.5769230769230769,0.19704433497536947,0.28846153846153844,0.6896551724137931
0.35,0.11,0.2720306513409962,0.1827467876515593,0.0,0.38461538461538464,0.311284046692607,0.03508771929824561,0.0,0.5769230769230769,0.20100502512562815,0.28846153846153844,0.6896551724137931
0.35,0.13,0.2681992337164751,0.195736749407659,0.03571428571428571,0.38461538461538464,0.2948207171314741,0.06779661016949153,0.03571428571428571,0.5769230769230769,0.19170984455958548,0.28846153846153844,0.6379310344827587
0.35,0.15,0.2720306513409962,0.20411271410638218,0.03508771929824561,0.38461538461538464,0.29838709677419356,0.09836065573770492,0.03508771929824561,0.5769230769230769,0.19473684210526315,0.28846153846153844,0.6379310344827587
0.35,0.17,0.2835249042145594,0.2280455367592297,0.06666666666666667,0.38461538461538464,0.3070539419087137,0.15384615384615385,0.06666666666666667,0.5769230769230769,0.20218579234972678,0.28846153846153844,0.6379310344827587
0.35,0.19,0.28735632183908044,0.23550193093177046,0.0967741935483871,0.38461538461538464,0.3135593220338983,0.14705882352941177,0.0967741935483871,0.5769230769230769,0.20786516853932585,0.28846153846153844,0.6379310344827587
0.35,0.21,0.30268199233716475,0.2683179887302446,0.14925373134328357,0.38461538461538464,0.31718061674008813,0.2222222222222222,0.14925373134328357,0.5769230769230769,0.21301775147928995,0.28846153846153844,0.6206896551724138
0.35,0.23,0.31417624521072796,0.29122359605958953,0.2191780821917808,0.38461538461538464,0.3211009174311927,0.24,0.2191780821917808,0.5769230769230769,0.21875,0.28846153846153844,0.603448275862069
0.35,0.25,0.31417624521072796,0.2982132674833536,0.21951219512195122,0.38461538461538464,0.3137254901960784,0.275,0.21951219512195122,0.5769230769230769,0.2191780821917808,0.28846153846153844,0.5517241379310345
0.35,0.27,0.31800766283524906,0.3054633335404748,0.2558139534883721,0.38461538461538464,0.31313131313131315,0.2682926829268293,0.2558139534883721,0.5769230769230769,0.22142857142857142,0.28846153846153844,0.5344827586206896
0.35,0.29,0.32567049808429116,0.31458142551892554,0.2619047619047619,0.38461538461538464,0.3229166666666667,0.2619047619047619,0.28888888888888886,0.5769230769230769,0.23134328358208955,0.28846153846153844,0.5344827586206896
0.35,0.31,0.3333333333333333,0.32763048749603063,0.27906976744186046,0.38461538461538464,0.31693989071038253,0.27906976744186046,0.32989690721649484,0.5769230769230769,0.232,0.28846153846153844,0.5
0.35,0.33,0.34099616858237547,0.34185578113777826,0.3050847457627119,0.38461538461538464,0.3050847457627119,0.34782608695652173,0.32989690721649484,0.5769230769230769,0.226890756302521,0.28846153846153844,0.46551724137931033
0.35,0.35,0.3486590038314176,0.35019848355081923,0.313953488372093,0.38461538461538464,0.313953488372093,0.3655913978494624,0.33663366336633666,0.5769230769230769,0.23684210526315788,0.28846153846153844,0.46551724137931033
0.35,0.37,0.3563218390804598,0.36019738969920645,0.31137724550898205,0.38461538461538464,0.31137724550898205,0.40816326530612246,0.33663366336633666,0.5769230769230769,0.23853211009174313,0.28846153846153844,0.4482758620689655
0.35,0.39,0.36015325670498083,0.36381088062357303,0.3170731707317073,0.38461538461538464,0.3170731707317073,0.40404040404040403,0.34951456310679613,0.5769230769230769,0.24528301886792453,0.28846153846153844,0.4482758620689655
0.35,0.41,0.3524904214559387,0.35676638176638176,0.2962962962962963,0.38461538461538464,0.2962962962962963,0.4,0.34615384615384615,0.5769230769230769,0.23076923076923078,0.28846153846153844,0.41379310344827586
0.35,0.43,0.36015325670498083,0.36451032617552137,0.3057324840764331,0.38461538461538464,0.3057324840764331,0.4158415841584158,0.35185185185185186,0.5769230769230769,0.24242424242424243,0.28846153846153844,0.41379310344827586
0.35,0.45,0.367816091954023,0.37229042611681107,0.3137254901960784,0.38461538461538464,0.3137254901960784,0.42718446601941745,0.36363636363636365,0.5769230769230769,0.25263157894736843,0.28846153846153844,0.41379310344827586
0.35,0.47,0.367816091954023,0.371147488470586,0.3129251700680272,0.38461538461538464,0.3129251700680272,0.42990654205607476,0.35714285714285715,0.5769230769230769,0.25842696629213485,0.28846153846153844,0.39655172413793105
0.35,0.49,0.36398467432950193,0.36515520833870135,0.3188405797101449,0.38461538461538464,0.3188405797101449,0.41818181818181815,0.3389830508474576,0.5769230769230769,0.275,0.28846153846153844,0.3793103448275862
0.35,0.51,0.3716475095785441,0.37314260407970296,0.3157894736842105,0.38461538461538464,0.3157894736842105,0.41818181818181815,0.37398373983739835,0.5769230769230769,0.28,0.28846153846153844,0.3620689655172414
0.35,0.53,0.36398467432950193,0.3638405180632203,0.2857142857142857,0.38461538461538464,0.2857142857142857,0.40707964601769914,0.3779527559055118,0.5769230769230769,0.2647058823529412,0.28846153846153844,0.3103448275862069
0.35,0.55,0.367816091954023,0.3661001788908766,0.3076923076923077,0.38461538461538464,0.3076923076923077,0.4,0.37209302325581395,0.5769230769230769,0.3050847457627119,0.28846153846153844,0.3103448275862069
0.35,0.57,0.3524904214559387,0.34759415620041084,0.25225225225225223,0.38461538461538464,0.25225225225225223,0.3870967741935484,0.366412213740458,0.5769230769230769,0.2641509433962264,0.28846153846153844,0.2413793103448276
0.35,0.59,0.3448275862068966,0.3372074490395101,0.22857142857142856,0.38461538461538464,0.22857142857142856,0.36923076923076925,0.366412213740458,0.5769230769230769,0.2553191489361702,0.28846153846153844,0.20689655172413793
0.35,0.61,0.3371647509578544,0.3266151758689072,0.2,0.38461538461538464,0.2,0.36363636363636365,0.3582089552238806,0.5769230769230769,0.23809523809523808,0.28846153846153844,0.1724137931034483
0.35,0.63,0.3371647509578544,0.3264568764568765,0.20202020202020202,0.38461538461538464,0.20202020202020202,0.36363636363636365,0.35555555555555557,0.5769230769230769,0.24390243902439024,0.28846153846153844,0.1724137931034483
0.35,0.65,0.3371647509578544,0.32449528597602934,0.1875,0.38461538461538464,0.1875,0.3609022556390977,0.36496350364963503,0.5769230769230769,0.23684210526315788,0.28846153846153844,0.15517241379310345
0.35,0.67,0.34099616858237547,0.3276183615901249,0.1935483870967742,0.38461538461538464,0.1935483870967742,0.3582089552238806,0.37410071942446044,0.5769230769230769,0.2571428571428571,0.28846153846153844,0.15517241379310345
0.35,0.69,0.3371647509578544,0.32143840819213954,0.18181818181818182,0.38461538461538464,0.18181818181818182,0.3582089552238806,0.3611111111111111,0.5769230769230769,0.26666666666666666,0.28846153846153844,0.13793103448275862
0.35,0.71,0.3333333333333333,0.3153645924678757,0.16279069767441862,0.38461538461538464,0.16279069767441862,0.35294117647058826,0.3611111111111111,0.5769230769230769,0.25,0.28846153846153844,0.1206896551724138
0.35,0.73,0.31800766283524906,0.2897434091774096,0.075,0.38461538461538464,0.075,0.35036496350364965,0.348993288590604,0.5769230769230769,0.13636363636363635,0.28846153846153844,0.05172413793103448
0.35,0.75,0.31800766283524906,0.2890685714923159,0.07692307692307693,0.38461538461538464,0.07692307692307693,0.35036496350364965,0.3443708609271523,0.5769230769230769,0.15,0.28846153846153844,0.05172413793103448
0.35,0.77,0.31800766283524906,0.28772237193735295,0.08108108108108109,0.38461538461538464,0.08108108108108109,0.34532374100719426,0.33986928104575165,0.5769230769230769,0.1875,0.28846153846153844,0.05172413793103448
0.35,0.79,0.31417624521072796,0.27941691116021933,0.05714285714285714,0.38461538461538464,0.05714285714285714,0.3404255319148936,0.33548387096774196,0.5769230769230769,0.16666666666666666,0.28846153846153844,0.034482758620689655
0.35,0.81,0.31417624521072796,0.27941691116021933,0.05714285714285714,0.38461538461538464,0.05714285714285714,0.3404255319148936,0.33548387096774196,0.5769230769230769,0.16666666666666666,0.28846153846153844,0.034482758620689655
0.35,0.83,0.31417624521072796,0.2790863160890913,0.057971014492753624,0.38461538461538464,0.057971014492753624,0.3404255319148936,0.3333333333333333,0.5769230769230769,0.18181818181818182,0.28846153846153844,0.034482758620689655
0.35,0.85,0.3103448275862069,0.2691274557926675,0.031746031746031744,0.38461538461538464,0.031746031746031744,0.3310344827586207,0.3291139240506329,0.5769230769230769,0.2,0.28846153846153844,0.017241379310344827
0.35,0.87,0.3103448275862069,0.2686886241174544,0.03225806451612903,0.38461538461538464,0.03225806451612903,0.3287671232876712,0.3291139240506329,0.5769230769230769,0.25,0.28846153846153844,0.017241379310344827
0.35,0.89,0.3103448275862069,0.26826170153920426,0.03278688524590164,0.38461538461538464,0.03278688524590164,0.32653061224489793,0.3291139240506329,0.5769230769230769,0.3333333333333333,0.28846153846153844,0.017241379310344827
0.35,0.91,0.3103448275862069,0.26826170153920426,0.03278688524590164,0.38461538461538464,0.03278688524590164,0.32653061224489793,0.3291139240506329,0.5769230769230769,0.3333333333333333,0.28846153846153844,0.017241379310344827
0.35,0.93,0.3103448275862069,0.2678467415809188,0.03333333333333333,0.38461538461538464,0.03333333333333333,0.32432432432432434,0.3291139240506329,0.5769230769230769,0.5,0.28846153846153844,0.017241379310344827
0.35,0.95,0.3065134099616858,0.2584849272349272,0.0,0.38461538461538464,0.0,0.32432432432432434,0.325,0.5769230769230769,0.0,0.28846153846153844,0.0
0.37,0.05,0.27586206896551724,0.17728919631093543,0.0,0.4166666666666667,0.2924901185770751,0.0,0.0,0.546875,0.18974358974358974,0.33653846153846156,0.6379310344827587
0.37,0.07,0.27586206896551724,0.1775793650793651,0.0,0.4166666666666667,0.29365079365079366,0.0,0.0,0.546875,0.19072164948453607,0.33653846153846156,0.6379310344827587
0.37,0.09,0.2720306513409962,0.1764558232931727,0.0,0.4166666666666667,0.2891566265060241,0.0,0.0,0.546875,0.18848167539267016,0.33653846153846156,0.6206896551724138
0.37,0.11,0.27586206896551724,0.18640798424633012,0.0,0.4166666666666667,0.2938775510204082,0.03508771929824561,0.0,0.546875,0.1925133689839572,0.33653846153846156,0.6206896551724138
0.37,0.13,0.2720306513409962,0.19908204754137668,0.03571428571428571,0.4166666666666667,0.27615062761506276,0.06779661016949153,0.03571428571428571,0.546875,0.18232044198895028,0.33653846153846156,0.5689655172413793
0.37,0.15,0.27586206896551724,0.20744401466294243,0.03508771929824561,0.4166666666666667,0.2796610169491525,0.09836065573770492,0.03508771929824561,0.546875,0.1853932584269663,0.33653846153846156,0.5689655172413793
0.37,0.17,0.28735632183908044,0.2313472735415967,0.06666666666666667,0.4166666666666667,0.28820960698689957,0.15384615384615385,0.06666666666666667,0.546875,0.19298245614035087,0.33653846153846156,0.5689655172413793
0.37,0.19,0.29118773946360155,0.2387856352218307,0.0967741935483871,0.4166666666666667,0.29464285714285715,0.14705882352941177,0.0967741935483871,0.546875,0.19879518072289157,0.33653846153846156,0.5689655172413793
0.37,0.21,0.3065134099616858,0.2714542597092059,0.14925373134328357,0.4166666666666667,0.29767441860465116,0.2222222222222222,0.14925373134328357,0.546875,0.20382165605095542,0.33653846153846156,0.5517241379310345
0.37,0.23,0.31800766283524906,0.2942039056612138,0.2191780821917808,0.4166666666666667,0.30097087378640774,0.24,0.2191780821917808,0.546875,0.20945945945945946,0.33653846153846156,0.5344827586206896
0.37,0.25,0.31800766283524906,0.30071138211382115,0.21951219512195122,0.4166666666666667,0.2916666666666667,0.275,0.21951219512195122,0.546875,0.208955223880597,0.33653846153846156,0.4827586206896552
0.37,0.27,0.3218390804597701,0.30777397093175735,0.2558139534883721,0.4166666666666667,0.2903225806451613,0.2682926829268293,0.2558139534883721,0.546875,0.2109375,0.33653846153846156,0.46551724137931033
0.37,0.29,0.32950191570881227,0.31686507936507935,0.2619047619047619,0.4166666666666667,0.3,0.2619047619047619,0.28888888888888886,0.546875,0.22131147540983606,0.33653846153846156,0.46551724137931033
0.37,0.31,0.3371647509578544,0.32950775053593384,0.27906976744186046,0.4166666666666667,0.29239766081871343,0.27906976744186046,0.32989690721649484,0.546875,0.22123893805309736,0.33653846153846156,0.43103448275862066
0.37,0.33,0.3448275862068966,0.3432943849068905,0.2787878787878788,0.4166666666666667,0.2787878787878788,0.34782608695652173,0.32989690721649484,0.546875,0.21495327102803738,0.33653846153846156,0.39655172413793105
0.37,0.35,0.3524904214559387,0.35159793197061645,0.2875,0.4166666666666667,0.2875,0.3655913978494624,0.33663366336633666,0.546875,0.22549019607843138,0.33653846153846156,0.39655172413793105
0.37,0.37,0.36015325670498083,0.36133364077026536,0.2838709677419355,0.4166666666666667,0.2838709677419355,0.40816326530612246,0.33663366336633666,0.546875,0.2268041237113402,0.33653846153846156,0.3793103448275862
0.37,0.39,0.36398467432950193,0.3649238295060983,0.2894736842105263,0.4166666666666667,0.2894736842105263,0.40404040404040403,0.34951456310679613,0.546875,0.23404255319148937,0.33653846153846156,0.3793103448275862
0.37,0.41,0.3563218390804598,0.35737179487179493,0.26666666666666666,0.4166666666666667,0.26666666666666666,0.4,0.34615384615384615,0.546875,0.21739130434782608,0.33653846153846156,0.3448275862068966
0.37,0.43,0.36398467432950193,0.3650555429106129,0.27586206896551724,0.4166666666666667,0.27586206896551724,0.4158415841584158,0.35185185185185186,0.546875,0.22988505747126436,0.33653846153846156,0.3448275862068966
0.37,0.45,0.3716475095785441,0.37279385989621483,0.28368794326241137,0.4166666666666667,0.28368794326241137,0.42718446601941745,0.36363636363636365,0.546875,0.24096385542168675,0.33653846153846156,0.3448275862068966
0.37,0.47,0.3716475095785441,0.37129938683677005,0.2814814814814815,0.4166666666666667,0.2814814814814815,0.42990654205607476,0.35714285714285715,0.546875,0.24675324675324675,0.33653846153846156,0.3275862068965517
0.37,0.49,0.367816091954023,0.3650483484144902,0.28346456692913385,0.4166666666666667,0.28346456692913385,0.41818181818181815,0.3418803418803419,0.546875,0.2608695652173913,0.33653846153846156,0.3103448275862069
0.37,0.51,0.3716475095785441,0.36872690317812273,0.2764227642276423,0.4166666666666667,0.2764227642276423,0.41818181818181815,0.36363636363636365,0.546875,0.26153846153846155,0.33653846153846156,0.29310344827586204
0.37,0.53,0.36398467432950193,0.3582814057572984,0.2413793103448276,0.4166666666666667,0.2413793103448276,0.40707964601769914,0.368,0.546875,0.2413793103448276,0.33653846153846156,0.2413793103448276
0.37,0.55,0.367816091954023,0.3603729987182975,0.25925925925925924,0.4166666666666667,0.25925925925925924,0.40336134453781514,0.36220472440944884,0.546875,0.28,0.33653846153846156,0.2413793103448276
0.37,0.57,0.3524904214559387,0.3398945369412654,0.19607843137254902,0.4166666666666667,0.19607843137254902,0.3902439024390244,0.35658914728682173,0.546875,0.22727272727272727,0.33653846153846156,0.1724137931034483
0.37,0.59,0.3448275862068966,0.3286184689953623,0.16326530612244897,0.4166666666666667,0.16326530612244897,0.3779527559055118,0.35658914728682173,0.546875,0.2,0.33653846153846156,0.13793103448275862
0.37,0.61,0.34099616858237547,0.32261817302741463,0.14736842105263157,0.4166666666666667,0.14736842105263157,0.3779527559055118,0.3484848484848485,0.546875,0.1891891891891892,0.33653846153846156,0.1206896551724138
0.37,0.63,0.34099616858237547,0.32235506360976995,0.14893617021276595,0.4166666666666667,0.14893617021276595,0.3779527559055118,0.3458646616541353,0.546875,0.19444444444444445,0.33653846153846156,0.1206896551724138
0.37,0.65,0.34099616858237547,0.31977258852258855,0.13186813186813187,0.4166666666666667,0.13186813186813187,0.375,0.35555555555555557,0.546875,0.18181818181818182,0.33653846153846156,0.10344827586206896
0.37,0.67,0.3448275862068966,0.322521707483938,0.13636363636363635,0.4166666666666667,0.13636363636363635,0.37209302325581395,0.36496350364963503,0.546875,0.2,0.33653846153846156,0.10344827586206896
0.37,0.69,0.34099616858237547,0.31560430951202845,0.11904761904761904,0.4166666666666667,0.11904761904761904,0.37209302325581395,0.3546099290780142,0.546875,0.19230769230769232,0.33653846153846156,0.08620689655172414
0.37,0.71,0.3371647509578544,0.3088124462737238,0.0975609756097561,0.4166666666666667,0.0975609756097561,0.366412213740458,0.3546099290780142,0.546875,0.16666666666666666,0.33653846153846156,0.06896551724137931
0.37,0.73,0.32567049808429116,0.2877761606209882,0.025974025974025976,0.4166666666666667,0.025974025974025976,0.36363636363636365,0.3448275862068966,0.546875,0.05263157894736842,0.33653846153846156,0.017241379310344827
0.37,0.75,0.32567049808429116,0.28677643784786644,0.02666666666666667,0.4166666666666667,0.02666666666666667,0.36363636363636365,0.3401360544217687,0.546875,0.058823529411764705,0.33653846153846156,0.017241379310344827
0.37,0.77,0.32567049808429116,0.284653776443428,0.028169014084507043,0.4166666666666667,0.028169014084507043,0.3582089552238806,0.33557046979865773,0.546875,0.07692307692307693,0.33653846153846156,0.017241379310344827
0.37,0.79,0.32567049808429116,0.28318995368566857,0.029411764705882353,0.4166666666666667,0.029411764705882353,0.35555555555555557,0.33112582781456956,0.546875,0.1,0.33653846153846156,0.017241379310344827
0.37,0.81,0.32567049808429116,0.28318995368566857,0.029411764705882353,0.4166666666666667,0.029411764705882353,0.35555555555555557,0.33112582781456956,0.546875,0.1,0.33653846153846156,0.017241379310344827
0.37,0.83,0.32567049808429116,0.2827550842279829,0.029850746268656716,0.4166666666666667,0.029850746268656716,0.35555555555555557,0.32894736842105265,0.546875,0.1111111111111111,0.33653846153846156,0.017241379310344827
0.37,0.85,0.3218390804597701,0.27166643308729643,0.0,0.4166666666666667,0.0,0.34532374100719426,0.3246753246753247,0.546875,0.0,0.33653846153846156,0.0
0.37,0.87,0.3218390804597701,0.27104978354978354,0.0,0.4166666666666667,0.0,0.34285714285714286,0.3246753246753247,0.546875,0.0,0.33653846153846156,0.0
0.37,0.89,0.3218390804597701,0.27104978354978354,0.0,0.4166666666666667,0.0,0.34285714285714286,0.3246753246753247,0.546875,0.0,0.33653846153846156,0.0
0.37,0.91,0.3218390804597701,0.27104978354978354,0.0,0.4166666666666667,0.0,0.34285714285714286,0.3246753246753247,0.546875,0.0,0.33653846153846156,0.0
0.37,0.93,0.3218390804597701,0.27044188081422127,0.0,0.4166666666666667,0.0,0.3404255319148936,0.3246753246753247,0.546875,0.0,0.33653846153846156,0.0
0.37,0.95,0.3218390804597701,0.26991821093571267,0.0,0.4166666666666667,0.0,0.3404255319148936,0.3225806451612903,0.546875,0.0,0.33653846153846156,0.0
0.39,0.05,0.2988505747126437,0.19241455959988885,0.0,0.4745762711864407,0.29508196721311475,0.0,0.0,0.5753424657534246,0.1935483870967742,0.40384615384615385,0.6206896551724138
0.39,0.07,0.2988505747126437,0.19271814187068426,0.0,0.4745762711864407,0.2962962962962963,0.0,0.0,0.5753424657534246,0.1945945945945946,0.40384615384615385,0.6206896551724138
0.39,0.09,0.2950191570881226,0.19156073446327684,0.0,0.4745762711864407,0.2916666666666667,0.0,0.0,0.5753424657534246,0.19230769230769232,0.40384615384615385,0.603448275862069
0.39,0.11,0.2988505747126437,0.20156853999405291,0.0,0.4745762711864407,0.2966101694915254,0.03508771929824561,0.0,0.5753424657534246,0.19662921348314608,0.40384615384615385,0.603448275862069
0.39,0.13,0.2950191570881226,0.21408700915885884,0.03571428571428571,0.4745762711864407,0.2782608695652174,0.06779661016949153,0.03571428571428571,0.5753424657534246,0.18604651162790697,0.40384615384615385,0.5517241379310345
0.39,0.15,0.2988505747126437,0.22249074305339517,0.03508771929824561,0.4745762711864407,0.28193832599118945,0.09836065573770492,0.03508771929824561,0.5753424657534246,0.1893491124260355,0.40384615384615385,0.5517241379310345
0.39,0.17,0.3103448275862069,0.246499545652088,0.06666666666666667,0.4745762711864407,0.2909090909090909,0.15384615384615385,0.06666666666666667,0.5753424657534246,0.19753086419753085,0.40384615384615385,0.5517241379310345
0.39,0.19,0.31417624521072796,0.2540209267172227,0.0967741935483871,0.4745762711864407,0.29767441860465116,0.14705882352941177,0.0967741935483871,0.5753424657534246,0.20382165605095542,0.40384615384615385,0.5517241379310345
0.39,0.21,0.32950191570881227,0.28675577463458857,0.14925373134328357,0.4745762711864407,0.30097087378640774,0.2222222222222222,0.14925373134328357,0.5753424657534246,0.20945945945945946,0.40384615384615385,0.5344827586206896
0.39,0.23,0.34099616858237547,0.3095807203242508,0.2191780821917808,0.4745762711864407,0.30456852791878175,0.24,0.2191780821917808,0.5753424657534246,0.2158273381294964,0.40384615384615385,0.5172413793103449
0.39,0.25,0.34099616858237547,0.3160426083803766,0.21951219512195122,0.4745762711864407,0.29508196721311475,0.275,0.21951219512195122,0.5753424657534246,0.216,0.40384615384615385,0.46551724137931033
0.39,0.27,0.3448275862068966,0.32311705458402634,0.2558139534883721,0.4745762711864407,0.2937853107344633,0.2682926829268293,0.2558139534883721,0.5753424657534246,0.2184873949579832,0.40384615384615385,0.4482758620689655
0.39,0.29,0.3524904214559387,0.3323658723078884,0.2619047619047619,0.4745762711864407,0.30409356725146197,0.2619047619047619,0.28888888888888886,0.5753424657534246,0.23008849557522124,0.40384615384615385,0.4482758620689655
0.39,0.31,0.36015325670498083,0.3449598105352731,0.27906976744186046,0.4745762711864407,0.2962962962962963,0.27906976744186046,0.32989690721649484,0.5753424657534246,0.23076923076923078,0.40384615384615385,0.41379310344827586
0.39,0.33,0.367816091954023,0.3585876368526848,0.28205128205128205,0.4745762711864407,0.28205128205128205,0.34782608695652173,0.32989690721649484,0.5753424657534246,0.22448979591836735,0.40384615384615385,0.3793103448275862
0.39,0.35,0.37547892720306514,0.3670480152197652,0.2913907284768212,0.4745762711864407,0.2913907284768212,0.3655913978494624,0.33663366336633666,0.5753424657534246,0.23655913978494625,0.40384615384615385,0.3793103448275862
0.39,0.37,0.3831417624521073,0.376761108183903,0.2876712328767123,0.4745762711864407,0.2876712328767123,0.40816326530612246,0.33663366336633666,0.5753424657534246,0.23863636363636365,0.40384615384615385,0.3620689655172414
0.39,0.39,0.38697318007662834,0.38045938300998366,0.2937062937062937,0.4745762711864407,0.2937062937062937,0.40404040404040403,0.34951456310679613,0.5753424657534246,0.24705882352941178,0.40384615384615385,0.3620689655172414
0.39,0.41,0.3793103448275862,0.37255841585989447,0.2695035460992908,0.4745762711864407,0.2695035460992908,0.4,0.34615384615384615,0.5753424657534246,0.2289156626506024,0.40384615384615385,0.3275862068965517
0.39,0.43,0.38697318007662834,0.38042036797564766,0.27941176470588236,0.4745762711864407,0.27941176470588236,0.4158415841584158,0.35185185185185186,0.5753424657534246,0.24358974358974358,0.40384615384615385,0.3275862068965517
0.39,0.45,0.3946360153256705,0.38831897218025246,0.2878787878787879,0.4745762711864407,0.2878787878787879,0.42718446601941745,0.36363636363636365,0.5753424657534246,0.25675675675675674,0.40384615384615385,0.3275862068965517
0.39,0.47,0.3946360153256705,0.3868349890249146,0.2857142857142857,0.4745762711864407,0.2857142857142857,0.42990654205607476,0.35714285714285715,0.5753424657534246,0.2647058823529412,0.40384615384615385,0.3103448275862069
0.39,0.49,0.39080459770114945,0.38069350611723496,0.288135593220339,0.4745762711864407,0.288135593220339,0.41818181818181815,0.3418803418803419,0.5753424657534246,0.2833333333333333,0.40384615384615385,0.29310344827586204
0.39,0.51,0.3946360153256705,0.38427405184764685,0.2807017543859649,0.4745762711864407,0.2807017543859649,0.41818181818181815,0.36363636363636365,0.5753424657534246,0.2857142857142857,0.40384615384615385,0.27586206896551724
0.39,0.53,0.38697318007662834,0.3731616428524368,0.24299065420560748,0.4745762711864407,0.24299065420560748,0.40707964601769914,0.368,0.5753424657534246,0.2653061224489796,0.40384615384615385,0.22413793103448276
0.39,0.55,0.38697318007662834,0.3716528760176165,0.26,0.4745762711864407,0.26,0.3898305084745763,0.36220472440944884,0.5753424657534246,0.30952380952380953,0.40384615384615385,0.22413793103448276
0.39,0.57,0.3716475095785441,0.3499259901258147,0.19148936170212766,0.4745762711864407,0.19148936170212766,0.3770491803278688,0.35658914728682173,0.5753424657534246,0.25,0.40384615384615385,0.15517241379310345
0.39,0.59,0.36398467432950193,0.33795008477704575,0.15555555555555556,0.4745762711864407,0.15555555555555556,0.36507936507936506,0.35658914728682173,0.5753424657534246,0.21875,0.40384615384615385,0.1206896551724138
0.39,0.61,0.36015325670498083,0.33179107769934524,0.13636363636363635,0.4745762711864407,0.13636363636363635,0.36507936507936506,0.3511450381679389,0.5753424657534246,0.2,0.40384615384615385,0.10344827586206896
0.39,0.63,0.36015325670498083,0.33179107769934524,0.13636363636363635,0.4745762711864407,0.13636363636363635,0.36507936507936506,0.3511450381679389,0.5753424657534246,0.2,0.40384615384615385,0.10344827586206896
0.39,0.65,0.36015325670498083,0.32883257751462913,0.11764705882352941,0.4745762711864407,0.11764705882352941,0.36220472440944884,0.3609022556390977,0.5753424657534246,0.18518518518518517,0.40384615384615385,0.08620689655172414
0.39,0.67,0.36398467432950193,0.33156821526725155,0.12195121951219512,0.4745762711864407,0.12195121951219512,0.359375,0.37037037037037035,0.5753424657534246,0.20833333333333334,0.40384615384615385,0.08620689655172414
0.39,0.69,0.36015325670498083,0.3240569009915927,0.10256410256410256,0.4745762711864407,0.10256410256410256,0.359375,0.3597122302158273,0.5753424657534246,0.2,0.40384615384615385,0.06896551724137931
0.39,0.71,0.36015325670498083,0.3236934381462984,0.1038961038961039,0.4745762711864407,0.1038961038961039,0.35658914728682173,0.3597122302158273,0.5753424657534246,0.21052631578947367,0.40384615384615385,0.06896551724137931
0.39,0.73,0.3486590038314176,0.3014626381151805,0.027777777777777776,0.4745762711864407,0.027777777777777776,0.35384615384615387,0.34965034965034963,0.5753424657534246,0.07142857142857142,0.40384615384615385,0.017241379310344827
0.39,0.75,0.3486590038314176,0.30045535995272993,0.02857142857142857,0.4745762711864407,0.02857142857142857,0.35384615384615387,0.3448275862068966,0.5753424657534246,0.08333333333333333,0.40384615384615385,0.017241379310344827
0.39,0.77,0.3486590038314176,0.29892702751120126,0.029850746268656716,0.4745762711864407,0.029850746268656716,0.3511450381679389,0.3401360544217687,0.5753424657534246,0.1111111111111111,0.40384615384615385,0.017241379310344827
0.39,0.79,0.3486590038314176,0.298015252480567,0.03076923076923077,0.4745762711864407,0.03076923076923077,0.3511450381679389,0.33557046979865773,0.5753424657534246,0.14285714285714285,0.40384615384615385,0.017241379310344827
0.39,0.81,0.3486590038314176,0.298015252480567,0.03076923076923077,0.4745762711864407,0.03076923076923077,0.3511450381679389,0.33557046979865773,0.5753424657534246,0.14285714285714285,0.40384615384615385,0.017241379310344827
0.39,0.83,0.3486590038314176,0.298015252480567,0.03076923076923077,0.4745762711864407,0.03076923076923077,0.3511450381679389,0.33557046979865773,0.5753424657534246,0.14285714285714285,0.40384615384615385,0.017241379310344827
0.39,0.85,0.3448275862068966,0.2871625863151287,0.0,0.4745762711864407,0.0,0.34074074074074073,0.3333333333333333,0.5753424657534246,0.0,0.40384615384615385,0.0
0.39,0.87,0.3448275862068966,0.28653622465935524,0.0,0.4745762711864407,0.0,0.3382352941176471,0.3333333333333333,0.5753424657534246,0.0,0.40384615384615385,0.0
0.39,0.89,0.3448275862068966,0.28653622465935524,0.0,0.4745762711864407,0.0,0.3382352941176471,0.3333333333333333,0.5753424657534246,0.0,0.40384615384615385,0.0
0.39,0.91,0.3448275862068966,0.28653622465935524,0.0,0.4745762711864407,0.0,0.3382352941176471,0.3333333333333333,0.5753424657534246,0.0,0.40384615384615385,0.0
0.39,0.93,0.3448275862068966,0.28653622465935524,0.0,0.4745762711864407,0.0,0.3382352941176471,0.3333333333333333,0.5753424657534246,0.0,0.40384615384615385,0.0
0.39,0.95,0.3448275862068966,0.28598434827966435,0.0,0.4745762711864407,0.0,0.3382352941176471,0.33112582781456956,0.5753424657534246,0.0,0.40384615384615385,0.0
0.41,0.05,0.3218390804597701,0.20638414969730323,0.0,0.5217391304347826,0.3037974683544304,0.0,0.0,0.6,0.2011173184357542,0.46153846153846156,0.6206896551724138
0.41,0.07,0.3218390804597701,0.2067059690493736,0.0,0.5217391304347826,0.3050847457627119,0.0,0.0,0.6,0.20224719101123595,0.46153846153846156,0.6206896551724138
0.41,0.09,0.31800766283524906,0.2055420787460347,0.0,0.5217391304347826,0.30042918454935624,0.0,0.0,0.6,0.2,0.46153846153846156,0.603448275862069
0.41,0.11,0.3218390804597701,0.21562592640705616,0.0,0.5217391304347826,0.3056768558951965,0.03508771929824561,0.0,0.6,0.2046783625730994,0.46153846153846156,0.603448275862069
0.41,0.13,0.31800766283524906,0.2280613855034068,0.03571428571428571,0.5217391304347826,0.28699551569506726,0.06779661016949153,0.03571428571428571,0.6,0.19393939393939394,0.46153846153846156,0.5517241379310345
0.41,0.15,0.3218390804597701,0.236524149094956,0.03508771929824561,0.5217391304347826,0.2909090909090909,0.09836065573770492,0.03508771929824561,0.6,0.19753086419753085,0.46153846153846156,0.5517241379310345
0.41,0.17,0.3333333333333333,0.2606803586289196,0.06666666666666667,0.5217391304347826,0.3004694835680751,0.15384615384615385,0.06666666666666667,0.6,0.2064516129032258,0.46153846153846156,0.5517241379310345
0.41,0.19,0.3371647509578544,0.2683161138012223,0.0967741935483871,0.5217391304347826,0.3076923076923077,0.14705882352941177,0.0967741935483871,0.6,0.21333333333333335,0.46153846153846156,0.5517241379310345
0.41,0.21,0.3524904214559387,0.301193218236253,0.14925373134328357,0.5217391304347826,0.31155778894472363,0.2222222222222222,0.14925373134328357,0.6,0.2198581560283688,0.46153846153846156,0.5344827586206896
0.41,0.23,0.36398467432950193,0.3241766715776935,0.2191780821917808,0.5217391304347826,0.3157894736842105,0.24,0.2191780821917808,0.6,0.22727272727272727,0.46153846153846156,0.5172413793103449
0.41,0.25,0.36398467432950193,0.33076737684372887,0.21951219512195122,0.5217391304347826,0.3068181818181818,0.275,0.21951219512195122,0.6,0.2288135593220339,0.46153846153846156,0.46551724137931033
0.41,0.27,0.367816091954023,0.33793202994779015,0.2558139534883721,0.5217391304347826,0.3058823529411765,0.2682926829268293,0.2558139534883721,0.6,0.23214285714285715,0.46153846153846156,0.4482758620689655
0.41,0.29,0.37547892720306514,0.3474014879900351,0.2619047619047619,0.5217391304347826,0.3170731707317073,0.2619047619047619,0.28888888888888886,0.6,0.24528301886792453,0.46153846153846156,0.4482758620689655
0.41,0.31,0.3831417624521073,0.36009580611199415,0.27906976744186046,0.5217391304347826,0.3096774193548387,0.27906976744186046,0.32989690721649484,0.6,0.24742268041237114,0.46153846153846156,0.41379310344827586
0.41,0.33,0.39080459770114945,0.37369103450765445,0.2953020134228188,0.5217391304347826,0.2953020134228188,0.34782608695652173,0.32989690721649484,0.6,0.24175824175824176,0.46153846153846156,0.3793103448275862
0.41,0.35,0.39846743295019155,0.3823799368015343,0.3055555555555556,0.5217391304347826,0.3055555555555556,0.3655913978494624,0.33663366336633666,0.6,0.2558139534883721,0.46153846153846156,0.3793103448275862
0.41,0.37,0.4061302681992337,0.3921735831221342,0.302158273381295,0.5217391304347826,0.302158273381295,0.40816326530612246,0.33663366336633666,0.6,0.25925925925925924,0.46153846153846156,0.3620689655172414
0.41,0.39,0.4099616858237548,0.3960294067484369,0.3088235294117647,0.5217391304347826,0.3088235294117647,0.40404040404040403,0.34951456310679613,0.6,0.2692307692307692,0.46153846153846156,0.3620689655172414
0.41,0.41,0.40229885057471265,0.38786876653521696,0.2835820895522388,0.5217391304347826,0.2835820895522388,0.4,0.34615384615384615,0.6,0.25,0.46153846153846156,0.3275862068965517
0.41,0.43,0.4099616858237548,0.3960015524639757,0.29457364341085274,0.5217391304347826,0.29457364341085274,0.4158415841584158,0.35185185185185186,0.6,0.2676056338028169,0.46153846153846156,0.3275862068965517
0.41,0.45,0.41762452107279696,0.4041399900226409,0.304,0.5217391304347826,0.304,0.42718446601941745,0.36363636363636365,0.6,0.2835820895522388,0.46153846153846156,0.3275862068965517
0.41,0.47,0.41379310344827586,0.3984940818000703,0.3,0.5217391304347826,0.3,0.41509433962264153,0.35714285714285715,0.6,0.2903225806451613,0.46153846153846156,0.3103448275862069
0.41,0.49,0.4099616858237548,0.39271515641429877,0.30357142857142855,0.5217391304347826,0.30357142857142855,0.4036697247706422,0.3418803418803419,0.6,0.3148148148148148,0.46153846153846156,0.29310344827586204
0.41,0.51,0.41379310344827586,0.3963353787845212,0.2962962962962963,0.5217391304347826,0.2962962962962963,0.4036697247706422,0.36363636363636365,0.6,0.32,0.46153846153846156,0.27586206896551724
0.41,0.53,0.4061302681992337,0.38500550396654576,0.25742574257425743,0.5217391304347826,0.25742574257425743,0.39285714285714285,0.368,0.6,0.3023255813953488,0.46153846153846156,0.22413793103448276
0.41,0.55,0.4061302681992337,0.38415199389836463,0.2765957446808511,0.5217391304347826,0.2765957446808511,0.37606837606837606,0.36220472440944884,0.6,0.3611111111111111,0.46153846153846156,0.22413793103448276
0.41,0.57,0.39080459770114945,0.3616275239758556,0.20454545454545456,0.5217391304347826,0.20454545454545456,0.36363636363636365,0.35658914728682173,0.6,0.3,0.46153846153846156,0.15517241379310345
0.41,0.59,0.3831417624521073,0.3494682174379912,0.16470588235294117,0.5217391304347826,0.16470588235294117,0.3548387096774194,0.35658914728682173,0.6,0.25925925925925924,0.46153846153846156,0.1206896551724138
0.41,0.61,0.3793103448275862,0.3430752978832882,0.14457831325301204,0.5217391304347826,0.14457831325301204,0.3548387096774194,0.3511450381679389,0.6,0.24,0.46153846153846156,0.10344827586206896
0.41,0.63,0.3793103448275862,0.3430752978832882,0.14457831325301204,0.5217391304347826,0.14457831325301204,0.3548387096774194,0.3511450381679389,0.6,0.24,0.46153846153846156,0.10344827586206896
0.41,0.65,0.3793103448275862,0.3399103465184701,0.125,0.5217391304347826,0.125,0.352,0.3609022556390977,0.6,0.22727272727272727,0.46153846153846156,0.08620689655172414
0.41,0.67,0.3831417624521073,0.34307865725257025,0.1282051282051282,0.5217391304347826,0.1282051282051282,0.352,0.37037037037037035,0.6,0.25,0.46153846153846156,0.08620689655172414
0.41,0.69,0.3793103448275862,0.3353898671896795,0.10810810810810811,0.5217391304347826,0.10810810810810811,0.352,0.3597122302158273,0.6,0.25,0.46153846153846156,0.06896551724137931
0.41,0.71,0.3793103448275862,0.3350616877382124,0.1095890410958904,0.5217391304347826,0.1095890410958904,0.3492063492063492,0.3597122302158273,0.6,0.26666666666666666,0.46153846153846156,0.06896551724137931
0.41,0.73,0.367816091954023,0.3118144844261001,0.029411764705882353,0.5217391304347826,0.029411764705882353,0.3464566929133858,0.34965034965034963,0.6,0.1,0.46153846153846156,0.017241379310344827
0.41,0.75,0.367816091954023,0.3108316099645238,0.030303030303030304,0.5217391304347826,0.030303030303030304,0.3464566929133858,0.3448275862068966,0.6,0.125,0.46153846153846156,0.017241379310344827
0.41,0.77,0.367816091954023,0.3108316099645238,0.030303030303030304,0.5217391304347826,0.030303030303030304,0.3464566929133858,0.3448275862068966,0.6,0.125,0.46153846153846156,0.017241379310344827
0.41,0.79,0.367816091954023,0.30989546944248425,0.03125,0.5217391304347826,0.03125,0.3464566929133858,0.3401360544217687,0.6,0.16666666666666666,0.46153846153846156,0.017241379310344827
0.41,0.81,0.367816091954023,0.30989546944248425,0.03125,0.5217391304347826,0.03125,0.3464566929133858,0.3401360544217687,0.6,0.16666666666666666,0.46153846153846156,0.017241379310344827
0.41,0.83,0.367816091954023,0.30989546944248425,0.03125,0.5217391304347826,0.03125,0.3464566929133858,0.3401360544217687,0.6,0.16666666666666666,0.46153846153846156,0.017241379310344827
0.41,0.85,0.36398467432950193,0.2988637077170101,0.0,0.5217391304347826,0.0,0.33587786259541985,0.33783783783783783,0.6,0.0,0.46153846153846156,0.0
0.41,0.87,0.36398467432950193,0.2982275754014885,0.0,0.5217391304347826,0.0,0.3333333333333333,0.33783783783783783,0.6,0.0,0.46153846153846156,0.0
0.41,0.89,0.36398467432950193,0.2982275754014885,0.0,0.5217391304347826,0.0,0.3333333333333333,0.33783783783783783,0.6,0.0,0.46153846153846156,0.0
0.41,0.91,0.36398467432950193,0.2982275754014885,0.0,0.5217391304347826,0.0,0.3333333333333333,0.33783783783783783,0.6,0.0,0.46153846153846156,0.0
0.41,0.93,0.36398467432950193,0.2982275754014885,0.0,0.5217391304347826,0.0,0.3333333333333333,0.33783783783783783,0.6,0.0,0.46153846153846156,0.0
0.41,0.95,0.36398467432950193,0.2982275754014885,0.0,0.5217391304347826,0.0,0.3333333333333333,0.33783783783783783,0.6,0.0,0.46153846153846156,0.0
0.43,0.05,0.3333333333333333,0.21102248005801305,0.0,0.5583756345177665,0.2857142857142857,0.0,0.0,0.5913978494623656,0.1927710843373494,0.5288461538461539,0.5517241379310345
0.43,0.07,0.3333333333333333,0.21134278755320846,0.0,0.5583756345177665,0.28699551569506726,0.0,0.0,0.5913978494623656,0.19393939393939394,0.5288461538461539,0.5517241379310345
0.43,0.09,0.32950191570881227,0.2100484540839871,0.0,0.5583756345177665,0.2818181818181818,0.0,0.0,0.5913978494623656,0.19135802469135801,0.5288461538461539,0.5344827586206896
0.43,0.11,0.3333333333333333,0.2201250977132623,0.0,0.5583756345177665,0.28703703703703703,0.03508771929824561,0.0,0.5913978494623656,0.1962025316455696,0.5288461538461539,0.5344827586206896
0.43,0.13,0.32950191570881227,0.23213829926705262,0.03571428571428571,0.5583756345177665,0.26666666666666666,0.06779661016949153,0.03571428571428571,0.5913978494623656,0.18421052631578946,0.5288461538461539,0.4827586206896552
0.43,0.15,0.3333333333333333,0.24058885262997515,0.03508771929824561,0.5583756345177665,0.27053140096618356,0.09836065573770492,0.03508771929824561,0.5913978494623656,0.18791946308724833,0.5288461538461539,0.4827586206896552
0.43,0.17,0.3448275862068966,0.26472211375764676,0.06666666666666667,0.5583756345177665,0.28,0.15384615384615385,0.06666666666666667,0.5913978494623656,0.19718309859154928,0.5288461538461539,0.4827586206896552
0.43,0.19,0.3486590038314176,0.27234703469376315,0.0967741935483871,0.5583756345177665,0.28717948717948716,0.14705882352941177,0.0967741935483871,0.5913978494623656,0.20437956204379562,0.5288461538461539,0.4827586206896552
0.43,0.21,0.36398467432950193,0.3050435421821084,0.14925373134328357,0.5583756345177665,0.2903225806451613,0.2222222222222222,0.14925373134328357,0.5913978494623656,0.2109375,0.5288461538461539,0.46551724137931033
0.43,0.23,0.37547892720306514,0.32783475686100266,0.2191780821917808,0.5583756345177665,0.2937853107344633,0.24,0.2191780821917808,0.5913978494623656,0.2184873949579832,0.5288461538461539,0.4482758620689655
0.43,0.25,0.37547892720306514,0.33377410464919327,0.21951219512195122,0.5583756345177665,0.2822085889570552,0.275,0.21951219512195122,0.5913978494623656,0.21904761904761905,0.5288461538461539,0.39655172413793105
0.43,0.27,0.3793103448275862,0.3406842620007579,0.2558139534883721,0.5583756345177665,0.2802547770700637,0.2682926829268293,0.2558139534883721,0.5913978494623656,0.2222222222222222,0.5288461538461539,0.3793103448275862
0.43,0.29,0.38697318007662834,0.35014000344705964,0.2619047619047619,0.5583756345177665,0.2913907284768212,0.2619047619047619,0.28888888888888886,0.5913978494623656,0.23655913978494625,0.5288461538461539,0.3793103448275862
0.43,0.31,0.3946360153256705,0.36225811250529805,0.27906976744186046,0.5583756345177665,0.28169014084507044,0.27906976744186046,0.32989690721649484,0.5913978494623656,0.23809523809523808,0.5288461538461539,0.3448275862068966
0.43,0.33,0.40229885057471265,0.37520112776093106,0.2647058823529412,0.5583756345177665,0.2647058823529412,0.34782608695652173,0.32989690721649484,0.5913978494623656,0.23076923076923078,0.5288461538461539,0.3103448275862069
0.43,0.35,0.4099616858237548,0.3838524640097273,0.2748091603053435,0.5583756345177665,0.2748091603053435,0.3655913978494624,0.33663366336633666,0.5913978494623656,0.2465753424657534,0.5288461538461539,0.3103448275862069
0.43,0.37,0.41762452107279696,0.3932534582578739,0.2698412698412698,0.5583756345177665,0.2698412698412698,0.40816326530612246,0.33663366336633666,0.5913978494623656,0.25,0.5288461538461539,0.29310344827586204
0.43,0.39,0.421455938697318,0.39708834147315225,0.2764227642276423,0.5583756345177665,0.2764227642276423,0.40404040404040403,0.34951456310679613,0.5913978494623656,0.26153846153846155,0.5288461538461539,0.29310344827586204
0.43,0.41,0.41379310344827586,0.3881158412422834,0.24793388429752067,0.5583756345177665,0.24793388429752067,0.4,0.34615384615384615,0.5913978494623656,0.23809523809523808,0.5288461538461539,0.25862068965517243
0.43,0.43,0.421455938697318,0.39617244004580165,0.25862068965517243,0.5583756345177665,0.25862068965517243,0.4158415841584158,0.35185185185185186,0.5913978494623656,0.25862068965517243,0.5288461538461539,0.25862068965517243
0.43,0.45,0.42528735632183906,0.39981585742505,0.26548672566371684,0.5583756345177665,0.26548672566371684,0.4117647058823529,0.36363636363636365,0.5913978494623656,0.2727272727272727,0.5288461538461539,0.25862068965517243
0.43,0.47,0.421455938697318,0.3936944377299707,0.25925925925925924,0.5583756345177665,0.25925925925925924,0.4,0.35714285714285715,0.5913978494623656,0.28,0.5288461538461539,0.2413793103448276
0.43,0.49,0.421455938697318,0.3923299580964573,0.27722772277227725,0.5583756345177665,0.27722772277227725,0.3888888888888889,0.3448275862068966,0.5913978494623656,0.32558139534883723,0.5288461538461539,0.2413793103448276
0.43,0.51,0.42528735632183906,0.39549310679668104,0.26804123711340205,0.5583756345177665,0.26804123711340205,0.3888888888888889,0.36666666666666664,0.5913978494623656,0.3333333333333333,0.5288461538461539,0.22413793103448276
0.43,0.53,0.41762452107279696,0.38248599426346275,0.2222222222222222,0.5583756345177665,0.2222222222222222,0.3783783783783784,0.3709677419354839,0.5913978494623656,0.3125,0.5288461538461539,0.1724137931034483
0.43,0.55,0.41762452107279696,0.38169190724917934,0.23809523809523808,0.5583756345177665,0.23809523809523808,0.3652173913043478,0.36507936507936506,0.5913978494623656,0.38461538461538464,0.5288461538461539,0.1724137931034483
0.43,0.57,0.40229885057471265,0.35613449120862717,0.15384615384615385,0.5583756345177665,0.15384615384615385,0.35294117647058826,0.359375,0.5913978494623656,0.3,0.5288461538461539,0.10344827586206896
0.43,0.59,0.39846743295019155,0.34910925497567913,0.13157894736842105,0.5583756345177665,0.13157894736842105,0.34710743801652894,0.359375,0.5913978494623656,0.2777777777777778,0.5288461538461539,0.08620689655172414
0.43,0.61,0.3946360153256705,0.3418593336221394,0.10810810810810811,0.5583756345177665,0.10810810810810811,0.34710743801652894,0.35384615384615387,0.5913978494623656,0.25,0.5288461538461539,0.06896551724137931
0.43,0.63,0.3946360153256705,0.3418593336221394,0.10810810810810811,0.5583756345177665,0.10810810810810811,0.34710743801652894,0.35384615384615387,0.5913978494623656,0.25,0.5288461538461539,0.06896551724137931
0.43,0.65,0.3946360153256705,0.3418593336221394,0.10810810810810811,0.5583756345177665,0.10810810810810811,0.34710743801652894,0.35384615384615387,0.5913978494623656,0.25,0.5288461538461539,0.06896551724137931
0.43,0.67,0.39846743295019155,0.34505763682044255,0.1111111111111111,0.5583756345177665,0.1111111111111111,0.34710743801652894,0.36363636363636365,0.5913978494623656,0.2857142857142857,0.5288461538461539,0.06896551724137931
0.43,0.69,0.3946360153256705,0.3369987874572454,0.08695652173913043,0.5583756345177665,0.08695652173913043,0.34710743801652894,0.35555555555555557,0.5913978494623656,0.2727272727272727,0.5288461538461539,0.05172413793103448
0.43,0.71,0.3946360153256705,0.3366071948182341,0.08823529411764706,0.5583756345177665,0.08823529411764706,0.3442622950819672,0.35555555555555557,0.5913978494623656,0.3,0.5288461538461539,0.05172413793103448
0.43,0.73,0.38697318007662834,0.32024331085619834,0.03076923076923077,0.5583756345177665,0.03076923076923077,0.34146341463414637,0.35036496350364965,0.5913978494623656,0.14285714285714285,0.5288461538461539,0.017241379310344827
0.43,0.75,0.38697318007662834,0.31972878402710864,0.03125,0.5583756345177665,0.03125,0.34146341463414637,0.34782608695652173,0.5913978494623656,0.16666666666666666,0.5288461538461539,0.017241379310344827
0.43,0.77,0.38697318007662834,0.31972878402710864,0.03125,0.5583756345177665,0.03125,0.34146341463414637,0.34782608695652173,0.5913978494623656,0.16666666666666666,0.5288461538461539,0.017241379310344827
0.43,0.79,0.38697318007662834,0.31922720547628475,0.031746031746031744,0.5583756345177665,0.031746031746031744,0.34146341463414637,0.34532374100719426,0.5913978494623656,0.2,0.5288461538461539,0.017241379310344827
0.43,0.81,0.38697318007662834,0.31922720547628475,0.031746031746031744,0.5583756345177665,0.031746031746031744,0.34146341463414637,0.34532374100719426,0.5913978494623656,0.2,0.5288461538461539,0.017241379310344827
0.43,0.83,0.38697318007662834,0.31922720547628475,0.031746031746031744,0.5583756345177665,0.031746031746031744,0.34146341463414637,0.34532374100719426,0.5913978494623656,0.2,0.5288461538461539,0.017241379310344827
0.43,0.85,0.3831417624521073,0.30864152767706066,0.0,0.5583756345177665,0.0,0.3333333333333333,0.34285714285714286,0.5913978494623656,0.0,0.5288461538461539,0.0
0.43,0.87,0.3831417624521073,0.30798535969805807,0.0,0.5583756345177665,0.0,0.33070866141732286,0.34285714285714286,0.5913978494623656,0.0,0.5288461538461539,0.0
0.43,0.89,0.3831417624521073,0.30798535969805807,0.0,0.5583756345177665,0.0,0.33070866141732286,0.34285714285714286,0.5913978494623656,0.0,0.5288461538461539,0.0
0.43,0.91,0.3831417624521073,0.30798535969805807,0.0,0.5583756345177665,0.0,0.33070866141732286,0.34285714285714286,0.5913978494623656,0.0,0.5288461538461539,0.0
0.43,0.93,0.3831417624521073,0.30798535969805807,0.0,0.5583756345177665,0.0,0.33070866141732286,0.34285714285714286,0.5913978494623656,0.0,0.5288461538461539,0.0
0.43,0.95,0.3831417624521073,0.30798535969805807,0.0,0.5583756345177665,0.0,0.33070866141732286,0.34285714285714286,0.5913978494623656,0.0,0.5288461538461539,0.0
0.45,0.05,0.3486590038314176,0.21743645311300736,0.0,0.5893719806763285,0.2803738317757009,0.0,0.0,0.5922330097087378,0.19230769230769232,0.5865384615384616,0.5172413793103449
0.45,0.07,0.3486590038314176,0.21776553038034974,0.0,0.5893719806763285,0.28169014084507044,0.0,0.0,0.5922330097087378,0.1935483870967742,0.5865384615384616,0.5172413793103449
0.45,0.09,0.3448275862068966,0.21639061421670117,0.0,0.5893719806763285,0.2761904761904762,0.0,0.0,0.5922330097087378,0.19078947368421054,0.5865384615384616,0.5
0.45,0.11,0.3486590038314176,0.22650327450820662,0.0,0.5893719806763285,0.2815533980582524,0.03508771929824561,0.0,0.5922330097087378,0.19594594594594594,0.5865384615384616,0.5
0.45,0.13,0.3448275862068966,0.23822071914002643,0.03571428571428571,0.5893719806763285,0.26,0.06779661016949153,0.03571428571428571,0.5922330097087378,0.18309859154929578,0.5865384615384616,0.4482758620689655
0.45,0.15,0.3486590038314176,0.2466949366438058,0.03508771929824561,0.5893719806763285,0.2639593908629442,0.09836065573770492,0.03508771929824561,0.5922330097087378,0.18705035971223022,0.5865384615384616,0.4482758620689655
0.45,0.17,0.36015325670498083,0.27089225292886615,0.06666666666666667,0.5893719806763285,0.2736842105263158,0.15384615384615385,0.06666666666666667,0.5922330097087378,0.19696969696969696,0.5865384615384616,0.4482758620689655
0.45,0.19,0.36398467432950193,0.27857151970880206,0.0967741935483871,0.5893719806763285,0.2810810810810811,0.14705882352941177,0.0967741935483871,0.5922330097087378,0.2047244094488189,0.5865384615384616,0.4482758620689655
0.45,0.21,0.3793103448275862,0.3112347108331859,0.14925373134328357,0.5893719806763285,0.2840909090909091,0.2222222222222222,0.14925373134328357,0.5922330097087378,0.211864406779661,0.5865384615384616,0.43103448275862066
0.45,0.23,0.39080459770114945,0.333993803142177,0.2191780821917808,0.5893719806763285,0.2874251497005988,0.24,0.2191780821917808,0.5922330097087378,0.22018348623853212,0.5865384615384616,0.41379310344827586
0.45,0.25,0.39080459770114945,0.3395984949299621,0.21951219512195122,0.5893719806763285,0.27450980392156865,0.275,0.21951219512195122,0.5922330097087378,0.22105263157894736,0.5865384615384616,0.3620689655172414
0.45,0.27,0.3946360153256705,0.3463968651572362,0.2558139534883721,0.5893719806763285,0.272108843537415,0.2682926829268293,0.2558139534883721,0.5922330097087378,0.2247191011235955,0.5865384615384616,0.3448275862068966
0.45,0.29,0.40229885057471265,0.3559633936830976,0.2619047619047619,0.5893719806763285,0.28368794326241137,0.2619047619047619,0.28888888888888886,0.5922330097087378,0.24096385542168675,0.5865384615384616,0.3448275862068966
0.45,0.31,0.4099616858237548,0.3677664820154891,0.2727272727272727,0.5893719806763285,0.2727272727272727,0.27906976744186046,0.32989690721649484,0.5922330097087378,0.24324324324324326,0.5865384615384616,0.3103448275862069
0.45,0.33,0.41762452107279696,0.38026580720439973,0.25396825396825395,0.5893719806763285,0.25396825396825395,0.34782608695652173,0.32989690721649484,0.5922330097087378,0.23529411764705882,0.5865384615384616,0.27586206896551724
0.45,0.35,0.42528735632183906,0.38901496295237076,0.2644628099173554,0.5893719806763285,0.2644628099173554,0.3655913978494624,0.33663366336633666,0.5922330097087378,0.25396825396825395,0.5865384615384616,0.27586206896551724
0.45,0.37,0.4329501915708812,0.39819739975099,0.25862068965517243,0.5893719806763285,0.25862068965517243,0.40816326530612246,0.33663366336633666,0.5922330097087378,0.25862068965517243,0.5865384615384616,0.25862068965517243
0.45,0.39,0.4367816091954023,0.40210341837181135,0.26548672566371684,0.5893719806763285,0.26548672566371684,0.40404040404040403,0.34951456310679613,0.5922330097087378,0.2727272727272727,0.5865384615384616,0.25862068965517243
0.45,0.41,0.42911877394636017,0.3924400152661023,0.23423423423423423,0.5893719806763285,0.23423423423423423,0.4,0.34615384615384615,0.5922330097087378,0.24528301886792453,0.5865384615384616,0.22413793103448276
0.45,0.43,0.4367816091954023,0.40058710888863014,0.24528301886792453,0.5893719806763285,0.24528301886792453,0.4158415841584158,0.35185185185185186,0.5922330097087378,0.2708333333333333,0.5865384615384616,0.22413793103448276
0.45,0.45,0.44061302681992337,0.4043000586652661,0.2524271844660194,0.5893719806763285,0.2524271844660194,0.4117647058823529,0.36363636363636365,0.5922330097087378,0.28888888888888886,0.5865384615384616,0.22413793103448276
0.45,0.47,0.4367816091954023,0.39785319925071483,0.24489795918367346,0.5893719806763285,0.24489795918367346,0.4,0.35714285714285715,0.5922330097087378,0.3,0.5865384615384616,0.20689655172413793
0.45,0.49,0.4367816091954023,0.3967391304347826,0.2608695652173913,0.5893719806763285,0.2608695652173913,0.3888888888888889,0.34782608695652173,0.5922330097087378,0.35294117647058826,0.5865384615384616,0.20689655172413793
0.45,0.51,0.44061302681992337,0.3995021921812203,0.25,0.5893719806763285,0.25,0.3888888888888889,0.3697478991596639,0.5922330097087378,0.36666666666666664,0.5865384615384616,0.1896551724137931
0.45,0.53,0.42911877394636017,0.38103945175710496,0.1927710843373494,0.5893719806763285,0.1927710843373494,0.3783783783783784,0.36363636363636365,0.5922330097087378,0.32,0.5865384615384616,0.13793103448275862
0.45,0.55,0.42911877394636017,0.3803271548527311,0.20253164556962025,0.5893719806763285,0.20253164556962025,0.37168141592920356,0.35772357723577236,0.5922330097087378,0.38095238095238093,0.5865384615384616,0.13793103448275862
0.45,0.57,0.41379310344827586,0.35248384518664444,0.1095890410958904,0.5893719806763285,0.1095890410958904,0.358974358974359,0.352,0.5922330097087378,0.26666666666666666,0.5865384615384616,0.06896551724137931
0.45,0.59,0.4099616858237548,0.34515937934987306,0.08333333333333333,0.5893719806763285,0.08333333333333333,0.3559322033898305,0.352,0.5922330097087378,0.21428571428571427,0.5865384615384616,0.05172413793103448
0.45,0.61,0.4061302681992337,0.3372259335306005,0.05714285714285714,0.5893719806763285,0.05714285714285714,0.3559322033898305,0.3464566929133858,0.5922330097087378,0.16666666666666666,0.5865384615384616,0.034482758620689655
0.45,0.63,0.4061302681992337,0.3372259335306005,0.05714285714285714,0.5893719806763285,0.05714285714285714,0.3559322033898305,0.3464566929133858,0.5922330097087378,0.16666666666666666,0.5865384615384616,0.034482758620689655
0.45,0.65,0.4061302681992337,0.3372259335306005,0.05714285714285714,0.5893719806763285,0.05714285714285714,0.3559322033898305,0.3464566929133858,0.5922330097087378,0.16666666666666666,0.5865384615384616,0.034482758620689655
0.45,0.67,0.4099616858237548,0.3401792151911863,0.058823529411764705,0.5893719806763285,0.058823529411764705,0.3559322033898305,0.35658914728682173,0.5922330097087378,0.2,0.5865384615384616,0.034482758620689655
0.45,0.69,0.4061302681992337,0.33113956583005955,0.03076923076923077,0.5893719806763285,0.03076923076923077,0.3559322033898305,0.3484848484848485,0.5922330097087378,0.14285714285714285,0.5865384615384616,0.017241379310344827
0.45,0.71,0.4061302681992337,0.33051200140794135,0.03125,0.5893719806763285,0.03125,0.35294117647058826,0.3484848484848485,0.5922330097087378,0.16666666666666666,0.5865384615384616,0.017241379310344827
0.45,0.73,0.40229885057471265,0.32130916058261594,0.0,0.5893719806763285,0.0,0.35,0.3458646616541353,0.5922330097087378,0.0,0.5865384615384616,0.0
0.45,0.75,0.40229885057471265,0.32066389069147017,0.0,0.5893719806763285,0.0,0.35,0.34328358208955223,0.5922330097087378,0.0,0.5865384615384616,0.0
0.45,0.77,0.40229885057471265,0.32066389069147017,0.0,0.5893719806763285,0.0,0.35,0.34328358208955223,0.5922330097087378,0.0,0.5865384615384616,0.0
0.45,0.79,0.40229885057471265,0.3200281803542673,0.0,0.5893719806763285,0.0,0.35,0.34074074074074073,0.5922330097087378,0.0,0.5865384615384616,0.0
0.45,0.81,0.40229885057471265,0.3200281803542673,0.0,0.5893719806763285,0.0,0.35,0.34074074074074073,0.5922330097087378,0.0,0.5865384615384616,0.0
0.45,0.83,0.40229885057471265,0.3200281803542673,0.0,0.5893719806763285,0.0,0.35,0.34074074074074073,0.5922330097087378,0.0,0.5865384615384616,0.0
0.45,0.85,0.40229885057471265,0.3186786782026261,0.0,0.5893719806763285,0.0,0.34710743801652894,0.3382352941176471,0.5922330097087378,0.0,0.5865384615384616,0.0
0.45,0.87,0.40229885057471265,0.3186786782026261,0.0,0.5893719806763285,0.0,0.34710743801652894,0.3382352941176471,0.5922330097087378,0.0,0.5865384615384616,0.0
0.45,0.89,0.40229885057471265,0.3186786782026261,0.0,0.5893719806763285,0.0,0.34710743801652894,0.3382352941176471,0.5922330097087378,0.0,0.5865384615384616,0.0
0.45,0.91,0.40229885057471265,0.3186786782026261,0.0,0.5893719806763285,0.0,0.34710743801652894,0.3382352941176471,0.5922330097087378,0.0,0.5865384615384616,0.0
0.45,0.93,0.40229885057471265,0.3186786782026261,0.0,0.5893719806763285,0.0,0.34710743801652894,0.3382352941176471,0.5922330097087378,0.0,0.5865384615384616,0.0
0.45,0.95,0.40229885057471265,0.3186786782026261,0.0,0.5893719806763285,0.0,0.34710743801652894,0.3382352941176471,0.5922330097087378,0.0,0.5865384615384616,0.0
0.47,0.05,0.3563218390804598,0.2203213866570371,0.0,0.6037735849056604,0.27751196172248804,0.0,0.0,0.5925925925925926,0.19205298013245034,0.6153846153846154,0.5
0.47,0.07,0.3563218390804598,0.22065493468795355,0.0,0.6037735849056604,0.27884615384615385,0.0,0.0,0.5925925925925926,0.19333333333333333,0.6153846153846154,0.5
0.47,0.09,0.3524904214559387,0.21923607915324436,0.0,0.6037735849056604,0.2731707317073171,0.0,0.0,0.5925925925925926,0.19047619047619047,0.6153846153846154,0.4827586206896552
0.47,0.11,0.3563218390804598,0.22936706734450882,0.0,0.6037735849056604,0.27860696517412936,0.03508771929824561,0.0,0.5925925925925926,0.1958041958041958,0.6153846153846154,0.4827586206896552
0.47,0.13,0.3524904214559387,0.2409236842999235,0.03571428571428571,0.6037735849056604,0.2564102564102564,0.06779661016949153,0.03571428571428571,0.5925925925925926,0.18248175182481752,0.6153846153846154,0.43103448275862066
0.47,0.15,0.3563218390804598,0.24940965665206938,0.03508771929824561,0.6037735849056604,0.2604166666666667,0.09836065573770492,0.03508771929824561,0.5925925925925926,0.1865671641791045,0.6153846153846154,0.43103448275862066
0.47,0.17,0.367816091954023,0.2736391689221878,0.06666666666666667,0.6037735849056604,0.2702702702702703,0.15384615384615385,0.06666666666666667,0.5925925925925926,0.1968503937007874,0.6153846153846154,0.43103448275862066
0.47,0.19,0.3716475095785441,0.2813460949403092,0.0967741935483871,0.6037735849056604,0.2777777777777778,0.14705882352941177,0.0967741935483871,0.5925925925925926,0.20491803278688525,0.6153846153846154,0.43103448275862066
0.47,0.21,0.38697318007662834,0.31398782321428276,0.14925373134328357,0.6037735849056604,0.2807017543859649,0.2222222222222222,0.14925373134328357,0.5925925925925926,0.21238938053097345,0.6153846153846154,0.41379310344827586
0.47,0.23,0.39846743295019155,0.33672557109534795,0.2191780821917808,0.6037735849056604,0.2839506172839506,0.24,0.2191780821917808,0.5925925925925926,0.22115384615384615,0.6153846153846154,0.39655172413793105
0.47,0.25,0.39846743295019155,0.3421390125744705,0.21951219512195122,0.6037735849056604,0.2702702702702703,0.275,0.21951219512195122,0.5925925925925926,0.2222222222222222,0.6153846153846154,0.3448275862068966
0.47,0.27,0.40229885057471265,0.34887146378091966,0.2558139534883721,0.6037735849056604,0.2676056338028169,0.2682926829268293,0.2558139534883721,0.5925925925925926,0.2261904761904762,0.6153846153846154,0.3275862068965517
0.47,0.29,0.4099616858237548,0.3584947501012984,0.2619047619047619,0.6037735849056604,0.27941176470588236,0.2619047619047619,0.28888888888888886,0.5925925925925926,0.24358974358974358,0.6153846153846154,0.3275862068965517
0.47,0.31,0.41762452107279696,0.37011419874927165,0.2677165354330709,0.6037735849056604,0.2677165354330709,0.27906976744186046,0.32989690721649484,0.5925925925925926,0.2463768115942029,0.6153846153846154,0.29310344827586204
0.47,0.33,0.42528735632183906,0.38235761584404937,0.24793388429752067,0.6037735849056604,0.24793388429752067,0.34782608695652173,0.32989690721649484,0.5925925925925926,0.23809523809523808,0.6153846153846154,0.25862068965517243
0.47,0.35,0.4329501915708812,0.391154833944158,0.25862068965517243,0.6037735849056604,0.25862068965517243,0.3655913978494624,0.33663366336633666,0.5925925925925926,0.25862068965517243,0.6153846153846154,0.25862068965517243
0.47,0.37,0.44061302681992337,0.40020569145759294,0.25225225225225223,0.6037735849056604,0.25225225225225223,0.40816326530612246,0.33663366336633666,0.5925925925925926,0.2641509433962264,0.6153846153846154,0.2413793103448276
0.47,0.39,0.4444444444444444,0.4041469528280299,0.25925925925925924,0.6037735849056604,0.25925925925925924,0.40404040404040403,0.34951456310679613,0.5925925925925926,0.28,0.6153846153846154,0.2413793103448276
0.47,0.41,0.4367816091954023,0.39408563134978236,0.22641509433962265,0.6037735849056604,0.22641509433962265,0.4,0.34615384615384615,0.5925925925925926,0.25,0.6153846153846154,0.20689655172413793
0.47,0.43,0.4444444444444444,0.4022726958230414,0.2376237623762376,0.6037735849056604,0.2376237623762376,0.4158415841584158,0.35185185185185186,0.5925925925925926,0.27906976744186046,0.6153846153846154,0.20689655172413793
0.47,0.45,0.4482758620689655,0.406233752569119,0.24242424242424243,0.6037735849056604,0.24242424242424243,0.4117647058823529,0.3669724770642202,0.5925925925925926,0.2926829268292683,0.6153846153846154,0.20689655172413793
0.47,0.47,0.4444444444444444,0.3995441246143775,0.23404255319148937,0.6037735849056604,0.23404255319148937,0.4,0.36036036036036034,0.5925925925925926,0.3055555555555556,0.6153846153846154,0.1896551724137931
0.47,0.49,0.4444444444444444,0.39838491669425136,0.25,0.6037735849056604,0.25,0.3888888888888889,0.3508771929824561,0.5925925925925926,0.36666666666666664,0.6153846153846154,0.1896551724137931
0.47,0.51,0.4482758620689655,0.401006241877496,0.23529411764705882,0.6037735849056604,0.23529411764705882,0.3888888888888889,0.37606837606837606,0.5925925925925926,0.37037037037037035,0.6153846153846154,0.1724137931034483
0.47,0.53,0.4367816091954023,0.3817249656109256,0.175,0.6037735849056604,0.175,0.3783783783783784,0.3697478991596639,0.5925925925925926,0.3181818181818182,0.6153846153846154,0.1206896551724138
0.47,0.55,0.4367816091954023,0.38082547269675426,0.18421052631578946,0.6037735849056604,0.18421052631578946,0.37168141592920356,0.36363636363636365,0.5925925925925926,0.3888888888888889,0.6153846153846154,0.1206896551724138
0.47,0.57,0.421455938697318,0.35154645170751936,0.08571428571428572,0.6037735849056604,0.08571428571428572,0.358974358974359,0.35772357723577236,0.5925925925925926,0.25,0.6153846153846154,0.05172413793103448
0.47,0.59,0.421455938697318,0.35154645170751936,0.08571428571428572,0.6037735849056604,0.08571428571428572,0.358974358974359,0.35772357723577236,0.5925925925925926,0.25,0.6153846153846154,0.05172413793103448
0.47,0.61,0.41762452107279696,0.343392868322946,0.058823529411764705,0.6037735849056604,0.058823529411764705,0.358974358974359,0.352,0.5925925925925926,0.2,0.6153846153846154,0.034482758620689655
0.47,0.63,0.41762452107279696,0.343392868322946,0.058823529411764705,0.6037735849056604,0.058823529411764705,0.358974358974359,0.352,0.5925925925925926,0.2,0.6153846153846154,0.034482758620689655
0.47,0.65,0.41762452107279696,0.343392868322946,0.058823529411764705,0.6037735849056604,0.058823529411764705,0.358974358974359,0.352,0.5925925925925926,0.2,0.6153846153846154,0.034482758620689655
0.47,0.67,0.41762452107279696,0.34291394640592043,0.05970149253731343,0.6037735849056604,0.05970149253731343,0.358974358974359,0.3492063492063492,0.5925925925925926,0.2222222222222222,0.6153846153846154,0.034482758620689655
0.47,0.69,0.41379310344827586,0.33377080379946217,0.03125,0.6037735849056604,0.03125,0.358974358974359,0.34108527131782945,0.5925925925925926,0.16666666666666666,0.6153846153846154,0.017241379310344827
0.47,0.71,0.41379310344827586,0.333134272839838,0.031746031746031744,0.6037735849056604,0.031746031746031744,0.3559322033898305,0.34108527131782945,0.5925925925925926,0.2,0.6153846153846154,0.017241379310344827
0.47,0.73,0.4099616858237548,0.3237940749594468,0.0,0.6037735849056604,0.0,0.35294117647058826,0.3384615384615385,0.5925925925925926,0.0,0.6153846153846154,0.0
0.47,0.75,0.4099616858237548,0.32314815599291713,0.0,0.6037735849056604,0.0,0.35294117647058826,0.33587786259541985,0.5925925925925926,0.0,0.6153846153846154,0.0
0.47,0.77,0.4099616858237548,0.32314815599291713,0.0,0.6037735849056604,0.0,0.35294117647058826,0.33587786259541985,0.5925925925925926,0.0,0.6153846153846154,0.0
0.47,0.79,0.4099616858237548,0.32251202367739545,0.0,0.6037735849056604,0.0,0.35294117647058826,0.3333333333333333,0.5925925925925926,0.0,0.6153846153846154,0.0
0.47,0.81,0.4099616858237548,0.32251202367739545,0.0,0.6037735849056604,0.0,0.35294117647058826,0.3333333333333333,0.5925925925925926,0.0,0.6153846153846154,0.0
0.47,0.83,0.4099616858237548,0.32251202367739545,0.0,0.6037735849056604,0.0,0.35294117647058826,0.3333333333333333,0.5925925925925926,0.0,0.6153846153846154,0.0
0.47,0.85,0.4099616858237548,0.3217767295597484,0.0,0.6037735849056604,0.0,0.35,0.3333333333333333,0.5925925925925926,0.0,0.6153846153846154,0.0
0.47,0.87,0.4099616858237548,0.3217767295597484,0.0,0.6037735849056604,0.0,0.35,0.3333333333333333,0.5925925925925926,0.0,0.6153846153846154,0.0
0.47,0.89,0.4099616858237548,0.3217767295597484,0.0,0.6037735849056604,0.0,0.35,0.3333333333333333,0.5925925925925926,0.0,0.6153846153846154,0.0
0.47,0.91,0.4099616858237548,0.3217767295597484,0.0,0.6037735849056604,0.0,0.35,0.3333333333333333,0.5925925925925926,0.0,0.6153846153846154,0.0
0.47,0.93,0.4099616858237548,0.3217767295597484,0.0,0.6037735849056604,0.0,0.35,0.3333333333333333,0.5925925925925926,0.0,0.6153846153846154,0.0
0.47,0.95,0.4099616858237548,0.3217767295597484,0.0,0.6037735849056604,0.0,0.35,0.3333333333333333,0.5925925925925926,0.0,0.6153846153846154,0.0
0.49,0.05,0.36398467432950193,0.22208282472082824,0.0,0.6210045662100456,0.26732673267326734,0.0,0.0,0.591304347826087,0.1875,0.6538461538461539,0.46551724137931033
0.49,0.07,0.36398467432950193,0.22241532065698902,0.0,0.6210045662100456,0.26865671641791045,0.0,0.0,0.591304347826087,0.1888111888111888,0.6538461538461539,0.46551724137931033
0.49,0.09,0.36015325670498083,0.22090770720907707,0.0,0.6210045662100456,0.26262626262626265,0.0,0.0,0.591304347826087,0.18571428571428572,0.6538461538461539,0.4482758620689655
0.49,0.11,0.36398467432950193,0.2310333806554233,0.0,0.6210045662100456,0.26804123711340205,0.03508771929824561,0.0,0.591304347826087,0.19117647058823528,0.6538461538461539,0.4482758620689655
0.49,0.13,0.36015325670498083,0.24229907828941316,0.03571428571428571,0.6210045662100456,0.24468085106382978,0.06779661016949153,0.03571428571428571,0.591304347826087,0.17692307692307693,0.6538461538461539,0.39655172413793105
0.49,0.15,0.36398467432950193,0.2507753974736612,0.03508771929824561,0.6210045662100456,0.24864864864864866,0.09836065573770492,0.03508771929824561,0.591304347826087,0.18110236220472442,0.6538461538461539,0.39655172413793105
0.49,0.17,0.37547892720306514,0.2749860882537502,0.06666666666666667,0.6210045662100456,0.25842696629213485,0.15384615384615385,0.06666666666666667,0.591304347826087,0.19166666666666668,0.6538461538461539,0.39655172413793105
0.49,0.19,0.3793103448275862,0.28268338426126743,0.0967741935483871,0.6210045662100456,0.2658959537572254,0.14705882352941177,0.0967741935483871,0.591304347826087,0.2,0.6538461538461539,0.39655172413793105
0.49,0.21,0.3946360153256705,0.31519330067559514,0.14925373134328357,0.6210045662100456,0.2682926829268293,0.2222222222222222,0.14925373134328357,0.591304347826087,0.20754716981132076,0.6538461538461539,0.3793103448275862
0.49,0.23,0.4061302681992337,0.3377875975843276,0.2191780821917808,0.6210045662100456,0.2709677419354839,0.24,0.2191780821917808,0.591304347826087,0.21649484536082475,0.6538461538461539,0.3620689655172414
0.49,0.25,0.4061302681992337,0.3427089775670417,0.21951219512195122,0.6210045662100456,0.2553191489361702,0.275,0.21951219512195122,0.591304347826087,0.21686746987951808,0.6538461538461539,0.3103448275862069
0.49,0.27,0.4099616858237548,0.3492407636192747,0.2518518518518518,0.6210045662100456,0.2518518518518518,0.2682926829268293,0.2558139534883721,0.591304347826087,0.22077922077922077,0.6538461538461539,0.29310344827586204
0.49,0.29,0.41762452107279696,0.3588410271191411,0.2619047619047619,0.6210045662100456,0.26356589147286824,0.2619047619047619,0.28888888888888886,0.591304347826087,0.23943661971830985,0.6538461538461539,0.29310344827586204
0.49,0.31,0.42528735632183906,0.36999281021710023,0.25,0.6210045662100456,0.25,0.27906976744186046,0.32989690721649484,0.591304347826087,0.24193548387096775,0.6538461538461539,0.25862068965517243
0.49,0.33,0.4329501915708812,0.38169943395541467,0.22807017543859648,0.6210045662100456,0.22807017543859648,0.34782608695652173,0.32989690721649484,0.591304347826087,0.23214285714285715,0.6538461538461539,0.22413793103448276
0.49,0.35,0.44061302681992337,0.39073990010578613,0.23636363636363636,0.6210045662100456,0.23636363636363636,0.3655913978494624,0.34,0.591304347826087,0.25,0.6538461538461539,0.22413793103448276
0.49,0.37,0.4482758620689655,0.3994348150218992,0.22857142857142856,0.6210045662100456,0.22857142857142856,0.40816326530612246,0.34,0.591304347826087,0.2553191489361702,0.6538461538461539,0.20689655172413793
0.49,0.39,0.4521072796934866,0.4033200660920242,0.23529411764705882,0.6210045662100456,0.23529411764705882,0.40404040404040403,0.35294117647058826,0.591304347826087,0.2727272727272727,0.6538461538461539,0.20689655172413793
0.49,0.41,0.4482758620689655,0.39794188121471297,0.21782178217821782,0.6210045662100456,0.21782178217821782,0.4,0.35294117647058826,0.591304347826087,0.2558139534883721,0.6538461538461539,0.1896551724137931
0.49,0.43,0.4521072796934866,0.40162685423423616,0.2268041237113402,0.6210045662100456,0.2268041237113402,0.4158415841584158,0.34285714285714286,0.591304347826087,0.28205128205128205,0.6538461538461539,0.1896551724137931
0.49,0.45,0.4559386973180077,0.4057096963746389,0.23157894736842105,0.6210045662100456,0.23157894736842105,0.4117647058823529,0.3584905660377358,0.591304347826087,0.2972972972972973,0.6538461538461539,0.1896551724137931
0.49,0.47,0.4521072796934866,0.39876966007102993,0.2222222222222222,0.6210045662100456,0.2222222222222222,0.4,0.35185185185185186,0.591304347826087,0.3125,0.6538461538461539,0.1724137931034483
0.49,0.49,0.4521072796934866,0.39758275888412875,0.23809523809523808,0.6210045662100456,0.23809523809523808,0.3888888888888889,0.34234234234234234,0.591304347826087,0.38461538461538464,0.6538461538461539,0.1724137931034483
0.49,0.51,0.4559386973180077,0.40013418248818394,0.2222222222222222,0.6210045662100456,0.2222222222222222,0.3888888888888889,0.3684210526315789,0.591304347826087,0.391304347826087,0.6538461538461539,0.15517241379310345
0.49,0.53,0.4444444444444444,0.3798366617369427,0.15789473684210525,0.6210045662100456,0.15789473684210525,0.3783783783783784,0.3620689655172414,0.591304347826087,0.3333333333333333,0.6538461538461539,0.10344827586206896
0.49,0.55,0.4444444444444444,0.37901097568936093,0.1643835616438356,0.6210045662100456,0.1643835616438356,0.37168141592920356,0.358974358974359,0.591304347826087,0.4,0.6538461538461539,0.10344827586206896
0.49,0.57,0.4329501915708812,0.3560625005788806,0.08823529411764706,0.6210045662100456,0.08823529411764706,0.3620689655172414,0.35294117647058826,0.591304347826087,0.3,0.6538461538461539,0.05172413793103448
0.49,0.59,0.4329501915708812,0.3560625005788806,0.08823529411764706,0.6210045662100456,0.08823529411764706,0.3620689655172414,0.35294117647058826,0.591304347826087,0.3,0.6538461538461539,0.05172413793103448
0.49,0.61,0.42911877394636017,0.3476967575874691,0.06060606060606061,0.6210045662100456,0.06060606060606061,0.3620689655172414,0.34710743801652894,0.591304347826087,0.25,0.6538461538461539,0.034482758620689655
0.49,0.63,0.42911877394636017,0.3476967575874691,0.06060606060606061,0.6210045662100456,0.06060606060606061,0.3620689655172414,0.34710743801652894,0.591304347826087,0.25,0.6538461538461539,0.034482758620689655
0.49,0.65,0.42911877394636017,0.3476967575874691,0.06060606060606061,0.6210045662100456,0.06060606060606061,0.3620689655172414,0.34710743801652894,0.591304347826087,0.25,0.6538461538461539,0.034482758620689655
0.49,0.67,0.42911877394636017,0.3472185720869289,0.06153846153846154,0.6210045662100456,0.06153846153846154,0.3620689655172414,0.3442622950819672,0.591304347826087,0.2857142857142857,0.6538461538461539,0.034482758620689655
0.49,0.69,0.42528735632183906,0.3383823102231684,0.031746031746031744,0.6210045662100456,0.031746031746031744,0.3620689655172414,0.3387096774193548,0.591304347826087,0.2,0.6538461538461539,0.017241379310344827
0.49,0.71,0.42528735632183906,0.3383823102231684,0.031746031746031744,0.6210045662100456,0.031746031746031744,0.3620689655172414,0.3387096774193548,0.591304347826087,0.2,0.6538461538461539,0.017241379310344827
0.49,0.73,0.421455938697318,0.3289947312961012,0.0,0.6210045662100456,0.0,0.358974358974359,0.336,0.591304347826087,0.0,0.6538461538461539,0.0
0.49,0.75,0.421455938697318,0.3283280646294345,0.0,0.6210045662100456,0.0,0.358974358974359,0.3333333333333333,0.591304347826087,0.0,0.6538461538461539,0.0
0.49,0.77,0.421455938697318,0.3283280646294345,0.0,0.6210045662100456,0.0,0.358974358974359,0.3333333333333333,0.591304347826087,0.0,0.6538461538461539,0.0
0.49,0.79,0.421455938697318,0.3276718966504319,0.0,0.6210045662100456,0.0,0.358974358974359,0.33070866141732286,0.591304347826087,0.0,0.6538461538461539,0.0
0.49,0.81,0.421455938697318,0.3276718966504319,0.0,0.6210045662100456,0.0,0.358974358974359,0.33070866141732286,0.591304347826087,0.0,0.6538461538461539,0.0
0.49,0.83,0.421455938697318,0.3276718966504319,0.0,0.6210045662100456,0.0,0.358974358974359,0.33070866141732286,0.591304347826087,0.0,0.6538461538461539,0.0
0.49,0.85,0.421455938697318,0.32691135775429975,0.0,0.6210045662100456,0.0,0.3559322033898305,0.33070866141732286,0.591304347826087,0.0,0.6538461538461539,0.0
0.49,0.87,0.421455938697318,0.32691135775429975,0.0,0.6210045662100456,0.0,0.3559322033898305,0.33070866141732286,0.591304347826087,0.0,0.6538461538461539,0.0
0.49,0.89,0.421455938697318,0.32691135775429975,0.0,0.6210045662100456,0.0,0.3559322033898305,0.33070866141732286,0.591304347826087,0.0,0.6538461538461539,0.0
0.49,0.91,0.421455938697318,0.32691135775429975,0.0,0.6210045662100456,0.0,0.3559322033898305,0.33070866141732286,0.591304347826087,0.0,0.6538461538461539,0.0
0.49,0.93,0.421455938697318,0.32691135775429975,0.0,0.6210045662100456,0.0,0.3559322033898305,0.33070866141732286,0.591304347826087,0.0,0.6538461538461539,0.0
0.49,0.95,0.421455938697318,0.32691135775429975,0.0,0.6210045662100456,0.0,0.3559322033898305,0.33070866141732286,0.591304347826087,0.0,0.6538461538461539,0.0
0.51,0.05,0.3716475095785441,0.22549685363755717,0.0,0.6306306306306306,0.271356783919598,0.0,0.0,0.5932203389830508,0.19148936170212766,0.6730769230769231,0.46551724137931033
0.51,0.07,0.3716475095785441,0.22583947583947583,0.0,0.6306306306306306,0.2727272727272727,0.0,0.0,0.5932203389830508,0.19285714285714287,0.6730769230769231,0.46551724137931033
0.51,0.09,0.367816091954023,0.2243243243243243,0.0,0.6306306306306306,0.26666666666666666,0.0,0.0,0.5932203389830508,0.1897810218978102,0.6730769230769231,0.4482758620689655
0.51,0.11,0.3716475095785441,0.23449241470734997,0.0,0.6306306306306306,0.27225130890052357,0.03508771929824561,0.0,0.5932203389830508,0.19548872180451127,0.6730769230769231,0.4482758620689655
0.51,0.13,0.367816091954023,0.24569754379076414,0.03571428571428571,0.6306306306306306,0.24864864864864866,0.06779661016949153,0.03571428571428571,0.5932203389830508,0.18110236220472442,0.6730769230769231,0.39655172413793105
0.51,0.15,0.3716475095785441,0.2542065646034585,0.03508771929824561,0.6306306306306306,0.25274725274725274,0.09836065573770492,0.03508771929824561,0.5932203389830508,0.18548387096774194,0.6730769230769231,0.39655172413793105
0.51,0.17,0.3831417624521073,0.27850014850014854,0.06666666666666667,0.6306306306306306,0.26285714285714284,0.15384615384615385,0.06666666666666667,0.5932203389830508,0.19658119658119658,0.6730769230769231,0.39655172413793105
0.51,0.19,0.38697318007662834,0.2862629707506367,0.0967741935483871,0.6306306306306306,0.27058823529411763,0.14705882352941177,0.0967741935483871,0.5932203389830508,0.20535714285714285,0.6730769230769231,0.39655172413793105
0.51,0.21,0.40229885057471265,0.3188496274154937,0.14925373134328357,0.6306306306306306,0.2732919254658385,0.2222222222222222,0.14925373134328357,0.5932203389830508,0.21359223300970873,0.6730769230769231,0.3793103448275862
0.51,0.23,0.41379310344827586,0.34153112557402393,0.2191780821917808,0.6306306306306306,0.27631578947368424,0.24,0.2191780821917808,0.5932203389830508,0.22340425531914893,0.6730769230769231,0.3620689655172414
0.51,0.25,0.41379310344827586,0.34650309774249327,0.21951219512195122,0.6306306306306306,0.2608695652173913,0.275,0.21951219512195122,0.5932203389830508,0.225,0.6730769230769231,0.3103448275862069
0.51,0.27,0.41762452107279696,0.3530782561553974,0.2558139534883721,0.6306306306306306,0.25757575757575757,0.2682926829268293,0.2558139534883721,0.5932203389830508,0.22972972972972974,0.6730769230769231,0.29310344827586204
0.51,0.29,0.42528735632183906,0.3628163878163878,0.2619047619047619,0.6306306306306306,0.2698412698412698,0.2619047619047619,0.28888888888888886,0.5932203389830508,0.25,0.6730769230769231,0.29310344827586204
0.51,0.31,0.42911877394636017,0.3691094215520211,0.2542372881355932,0.6306306306306306,0.2542372881355932,0.27906976744186046,0.3125,0.5932203389830508,0.25,0.6730769230769231,0.25862068965517243
0.51,0.33,0.4367816091954023,0.3807748936825024,0.23214285714285715,0.6306306306306306,0.23214285714285715,0.34782608695652173,0.3125,0.5932203389830508,0.24074074074074073,0.6730769230769231,0.22413793103448276
0.51,0.35,0.4444444444444444,0.3900487731132893,0.24074074074074073,0.6306306306306306,0.24074074074074073,0.3655913978494624,0.32323232323232326,0.5932203389830508,0.26,0.6730769230769231,0.22413793103448276
0.51,0.37,0.4521072796934866,0.39875898197673515,0.23300970873786409,0.6306306306306306,0.23300970873786409,0.40816326530612246,0.32323232323232326,0.5932203389830508,0.26666666666666666,0.6730769230769231,0.20689655172413793
0.51,0.39,0.4559386973180077,0.4028261745093428,0.24,0.6306306306306306,0.24,0.40404040404040403,0.33663366336633666,0.5932203389830508,0.2857142857142857,0.6730769230769231,0.20689655172413793
0.51,0.41,0.4521072796934866,0.3973716290547974,0.2222222222222222,0.6306306306306306,0.2222222222222222,0.4,0.33663366336633666,0.5932203389830508,0.2682926829268293,0.6730769230769231,0.1896551724137931
0.51,0.43,0.4559386973180077,0.4014339922085885,0.22916666666666666,0.6306306306306306,0.22916666666666666,0.4158415841584158,0.3300970873786408,0.5932203389830508,0.2894736842105263,0.6730769230769231,0.1896551724137931
0.51,0.45,0.45977011494252873,0.40564793396457977,0.23404255319148937,0.6306306306306306,0.23404255319148937,0.4117647058823529,0.34615384615384615,0.5932203389830508,0.3055555555555556,0.6730769230769231,0.1896551724137931
0.51,0.47,0.4559386973180077,0.398743093315915,0.2247191011235955,0.6306306306306306,0.2247191011235955,0.4,0.33962264150943394,0.5932203389830508,0.3225806451612903,0.6730769230769231,0.1724137931034483
0.51,0.49,0.4559386973180077,0.3976896510747511,0.24096385542168675,0.6306306306306306,0.24096385542168675,0.3888888888888889,0.3302752293577982,0.5932203389830508,0.4,0.6730769230769231,0.1724137931034483
0.51,0.51,0.45977011494252873,0.4004155941655942,0.225,0.6306306306306306,0.225,0.3888888888888889,0.35714285714285715,0.5932203389830508,0.4090909090909091,0.6730769230769231,0.15517241379310345
0.51,0.53,0.4482758620689655,0.3799715504978663,0.16,0.6306306306306306,0.16,0.3783783783783784,0.3508771929824561,0.5932203389830508,0.35294117647058826,0.6730769230769231,0.10344827586206896
0.51,0.55,0.4482758620689655,0.37920120004575564,0.16666666666666666,0.6306306306306306,0.16666666666666666,0.37168141592920356,0.34782608695652173,0.5932203389830508,0.42857142857142855,0.6730769230769231,0.10344827586206896
0.51,0.57,0.4367816091954023,0.356033044208546,0.08955223880597014,0.6306306306306306,0.08955223880597014,0.3620689655172414,0.3418803418803419,0.5932203389830508,0.3333333333333333,0.6730769230769231,0.05172413793103448
0.51,0.59,0.4367816091954023,0.356033044208546,0.08955223880597014,0.6306306306306306,0.08955223880597014,0.3620689655172414,0.3418803418803419,0.5932203389830508,0.3333333333333333,0.6730769230769231,0.05172413793103448
0.51,0.61,0.4329501915708812,0.3475931278669615,0.06153846153846154,0.6306306306306306,0.06153846153846154,0.3620689655172414,0.33613445378151263,0.5932203389830508,0.2857142857142857,0.6730769230769231,0.034482758620689655
0.51,0.63,0.4329501915708812,0.3475931278669615,0.06153846153846154,0.6306306306306306,0.06153846153846154,0.3620689655172414,0.33613445378151263,0.5932203389830508,0.2857142857142857,0.6730769230769231,0.034482758620689655
0.51,0.65,0.4329501915708812,0.3475931278669615,0.06153846153846154,0.6306306306306306,0.06153846153846154,0.3620689655172414,0.33613445378151263,0.5932203389830508,0.2857142857142857,0.6730769230769231,0.034482758620689655
0.51,0.67,0.4329501915708812,0.3471332323703013,0.0625,0.6306306306306306,0.0625,0.3620689655172414,0.3333333333333333,0.5932203389830508,0.3333333333333333,0.6730769230769231,0.034482758620689655
0.51,0.69,0.42911877394636017,0.3387560350726495,0.031746031746031744,0.6306306306306306,0.031746031746031744,0.3620689655172414,0.3305785123966942,0.5932203389830508,0.2,0.6730769230769231,0.017241379310344827
0.51,0.71,0.42911877394636017,0.3387560350726495,0.031746031746031744,0.6306306306306306,0.031746031746031744,0.3620689655172414,0.3305785123966942,0.5932203389830508,0.2,0.6730769230769231,0.017241379310344827
0.51,0.73,0.42528735632183906,0.3293684605160015,0.0,0.6306306306306306,0.0,0.358974358974359,0.32786885245901637,0.5932203389830508,0.0,0.6730769230769231,0.0
0.51,0.75,0.42528735632183906,0.3287020604093775,0.0,0.6306306306306306,0.0,0.358974358974359,0.3252032520325203,0.5932203389830508,0.0,0.6730769230769231,0.0
0.51,0.77,0.42528735632183906,0.3287020604093775,0.0,0.6306306306306306,0.0,0.358974358974359,0.3252032520325203,0.5932203389830508,0.0,0.6730769230769231,0.0
0.51,0.79,0.42528735632183906,0.32804640869157,0.0,0.6306306306306306,0.0,0.358974358974359,0.3225806451612903,0.5932203389830508,0.0,0.6730769230769231,0.0
0.51,0.81,0.42528735632183906,0.32804640869157,0.0,0.6306306306306306,0.0,0.358974358974359,0.3225806451612903,0.5932203389830508,0.0,0.6730769230769231,0.0
0.51,0.83,0.42528735632183906,0.32804640869157,0.0,0.6306306306306306,0.0,0.358974358974359,0.3225806451612903,0.5932203389830508,0.0,0.6730769230769231,0.0
0.51,0.85,0.42528735632183906,0.32728586979543783,0.0,0.6306306306306306,0.0,0.3559322033898305,0.3225806451612903,0.5932203389830508,0.0,0.6730769230769231,0.0
0.51,0.87,0.42528735632183906,0.32728586979543783,0.0,0.6306306306306306,0.0,0.3559322033898305,0.3225806451612903,0.5932203389830508,0.0,0.6730769230769231,0.0
0.51,0.89,0.42528735632183906,0.32728586979543783,0.0,0.6306306306306306,0.0,0.3559322033898305,0.3225806451612903,0.5932203389830508,0.0,0.6730769230769231,0.0
0.51,0.91,0.42528735632183906,0.32728586979543783,0.0,0.6306306306306306,0.0,0.3559322033898305,0.3225806451612903,0.5932203389830508,0.0,0.6730769230769231,0.0
0.51,0.93,0.42528735632183906,0.32728586979543783,0.0,0.6306306306306306,0.0,0.3559322033898305,0.3225806451612903,0.5932203389830508,0.0,0.6730769230769231,0.0
0.51,0.95,0.42528735632183906,0.32728586979543783,0.0,0.6306306306306306,0.0,0.3559322033898305,0.3225806451612903,0.5932203389830508,0.0,0.6730769230769231,0.0
0.53,0.05,0.3831417624521073,0.23109977324263037,0.0,0.6488888888888888,0.2755102040816326,0.0,0.0,0.6033057851239669,0.1956521739130435,0.7019230769230769,0.46551724137931033
0.53,0.07,0.3831417624521073,0.23145299145299145,0.0,0.6488888888888888,0.27692307692307694,0.0,0.0,0.6033057851239669,0.19708029197080293,0.7019230769230769,0.46551724137931033
0.53,0.09,0.3793103448275862,0.22993055555555553,0.0,0.6488888888888888,0.2708333333333333,0.0,0.0,0.6033057851239669,0.19402985074626866,0.7019230769230769,0.4482758620689655
0.53,0.11,0.3831417624521073,0.2401430882169964,0.0,0.6488888888888888,0.2765957446808511,0.03508771929824561,0.0,0.6033057851239669,0.2,0.7019230769230769,0.4482758620689655
0.53,0.13,0.3793103448275862,0.25128675937997974,0.03571428571428571,0.6488888888888888,0.25274725274725274,0.06779661016949153,0.03571428571428571,0.6033057851239669,0.18548387096774194,0.7019230769230769,0.39655172413793105
0.53,0.15,0.3831417624521073,0.2598301260370758,0.03508771929824561,0.6488888888888888,0.2569832402234637,0.09836065573770492,0.03508771929824561,0.6033057851239669,0.19008264462809918,0.7019230769230769,0.39655172413793105
0.53,0.17,0.3946360153256705,0.28421089246670644,0.06666666666666667,0.6488888888888888,0.26744186046511625,0.15384615384615385,0.06666666666666667,0.6033057851239669,0.20175438596491227,0.7019230769230769,0.39655172413793105
0.53,0.19,0.39846743295019155,0.29204275194077367,0.0967741935483871,0.6488888888888888,0.2754491017964072,0.14705882352941177,0.0967741935483871,0.6033057851239669,0.21100917431192662,0.7019230769230769,0.39655172413793105
0.53,0.21,0.41379310344827586,0.32471146377815563,0.14925373134328357,0.6488888888888888,0.27848101265822783,0.2222222222222222,0.14925373134328357,0.6033057851239669,0.22,0.7019230769230769,0.3793103448275862
0.53,0.23,0.42528735632183906,0.34748654142788554,0.2191780821917808,0.6488888888888888,0.28187919463087246,0.24,0.2191780821917808,0.6033057851239669,0.23076923076923078,0.7019230769230769,0.3620689655172414
0.53,0.25,0.42528735632183906,0.3525169376693767,0.21951219512195122,0.6488888888888888,0.26666666666666666,0.275,0.21951219512195122,0.6033057851239669,0.23376623376623376,0.7019230769230769,0.3103448275862069
0.53,0.27,0.42911877394636017,0.3591403541942396,0.2558139534883721,0.6488888888888888,0.26356589147286824,0.2682926829268293,0.2558139534883721,0.6033057851239669,0.23943661971830985,0.7019230769230769,0.29310344827586204
0.53,0.29,0.4367816091954023,0.3690263259775455,0.2619047619047619,0.6488888888888888,0.2764227642276423,0.2619047619047619,0.28888888888888886,0.6033057851239669,0.26153846153846155,0.7019230769230769,0.29310344827586204
0.53,0.31,0.44061302681992337,0.3753320553870352,0.2608695652173913,0.6488888888888888,0.2608695652173913,0.27906976744186046,0.3125,0.6033057851239669,0.2631578947368421,0.7019230769230769,0.25862068965517243
0.53,0.33,0.4482758620689655,0.3869367714842884,0.23853211009174313,0.6488888888888888,0.23853211009174313,0.34782608695652173,0.3125,0.6033057851239669,0.2549019607843137,0.7019230769230769,0.22413793103448276
0.53,0.35,0.4559386973180077,0.3963329143974305,0.24761904761904763,0.6488888888888888,0.24761904761904763,0.3655913978494624,0.32323232323232326,0.6033057851239669,0.2765957446808511,0.7019230769230769,0.22413793103448276
0.53,0.37,0.46360153256704983,0.40507111935683365,0.24,0.6488888888888888,0.24,0.40816326530612246,0.32323232323232326,0.6033057851239669,0.2857142857142857,0.7019230769230769,0.20689655172413793
0.53,0.39,0.4674329501915709,0.40924640917700017,0.24742268041237114,0.6488888888888888,0.24742268041237114,0.40404040404040403,0.33663366336633666,0.6033057851239669,0.3076923076923077,0.7019230769230769,0.20689655172413793
0.53,0.41,0.46360153256704983,0.40367230473047305,0.22916666666666666,0.6488888888888888,0.22916666666666666,0.4,0.33663366336633666,0.6033057851239669,0.2894736842105263,0.7019230769230769,0.1896551724137931
0.53,0.43,0.4674329501915709,0.40784667505272293,0.23655913978494625,0.6488888888888888,0.23655913978494625,0.4158415841584158,0.3300970873786408,0.6033057851239669,0.3142857142857143,0.7019230769230769,0.1896551724137931
0.53,0.45,0.47126436781609193,0.4121414206708325,0.24175824175824176,0.6488888888888888,0.24175824175824176,0.4117647058823529,0.34615384615384615,0.6033057851239669,0.3333333333333333,0.7019230769230769,0.1896551724137931
0.53,0.47,0.4674329501915709,0.4055606854289352,0.22988505747126436,0.6488888888888888,0.22988505747126436,0.40384615384615385,0.33962264150943394,0.6033057851239669,0.3448275862068966,0.7019230769230769,0.1724137931034483
0.53,0.49,0.4674329501915709,0.4046502657448955,0.24691358024691357,0.6488888888888888,0.24691358024691357,0.3925233644859813,0.3302752293577982,0.6033057851239669,0.43478260869565216,0.7019230769230769,0.1724137931034483
0.53,0.51,0.47126436781609193,0.40733108532173956,0.23076923076923078,0.6488888888888888,0.23076923076923078,0.3925233644859813,0.35714285714285715,0.6033057851239669,0.45,0.7019230769230769,0.15517241379310345
0.53,0.53,0.45977011494252873,0.3864919563333406,0.1643835616438356,0.6488888888888888,0.1643835616438356,0.38181818181818183,0.3508771929824561,0.6033057851239669,0.4,0.7019230769230769,0.10344827586206896
0.53,0.55,0.45977011494252873,0.3857858868184955,0.17142857142857143,0.6488888888888888,0.17142857142857143,0.375,0.34782608695652173,0.6033057851239669,0.5,0.7019230769230769,0.10344827586206896
0.53,0.57,0.4482758620689655,0.36207357859531775,0.09230769230769231,0.6488888888888888,0.09230769230769231,0.3652173913043478,0.3418803418803419,0.6033057851239669,0.42857142857142855,0.7019230769230769,0.05172413793103448
0.53,0.59,0.4482758620689655,0.36207357859531775,0.09230769230769231,0.6488888888888888,0.09230769230769231,0.3652173913043478,0.3418803418803419,0.6033057851239669,0.42857142857142855,0.7019230769230769,0.05172413793103448
0.53,0.61,0.4444444444444444,0.35343319936670325,0.06349206349206349,0.6488888888888888,0.06349206349206349,0.3652173913043478,0.33613445378151263,0.6033057851239669,0.4,0.7019230769230769,0.034482758620689655
0.53,0.63,0.4444444444444444,0.35343319936670325,0.06349206349206349,0.6488888888888888,0.06349206349206349,0.3652173913043478,0.33613445378151263,0.6033057851239669,0.4,0.7019230769230769,0.034482758620689655
0.53,0.65,0.4444444444444444,0.35343319936670325,0.06349206349206349,0.6488888888888888,0.06349206349206349,0.3652173913043478,0.33613445378151263,0.6033057851239669,0.4,0.7019230769230769,0.034482758620689655
0.53,0.67,0.4444444444444444,0.35343319936670325,0.06349206349206349,0.6488888888888888,0.06349206349206349,0.3652173913043478,0.33613445378151263,0.6033057851239669,0.4,0.7019230769230769,0.034482758620689655
0.53,0.69,0.44061302681992337,0.3449244195106747,0.03225806451612903,0.6488888888888888,0.03225806451612903,0.3652173913043478,0.3333333333333333,0.6033057851239669,0.25,0.7019230769230769,0.017241379310344827
0.53,0.71,0.44061302681992337,0.3449244195106747,0.03225806451612903,0.6488888888888888,0.03225806451612903,0.3652173913043478,0.3333333333333333,0.6033057851239669,0.25,0.7019230769230769,0.017241379310344827
0.53,0.73,0.4367816091954023,0.3361711981474827,0.0,0.6488888888888888,0.0,0.3652173913043478,0.3305785123966942,0.6033057851239669,0.0,0.7019230769230769,0.0
0.53,0.75,0.4367816091954023,0.3354937831630632,0.0,0.6488888888888888,0.0,0.3652173913043478,0.32786885245901637,0.6033057851239669,0.0,0.7019230769230769,0.0
0.53,0.77,0.4367816091954023,0.3354937831630632,0.0,0.6488888888888888,0.0,0.3652173913043478,0.32786885245901637,0.6033057851239669,0.0,0.7019230769230769,0.0
0.53,0.79,0.4367816091954023,0.3348273830564392,0.0,0.6488888888888888,0.0,0.3652173913043478,0.3252032520325203,0.6033057851239669,0.0,0.7019230769230769,0.0
0.53,0.81,0.4367816091954023,0.3348273830564392,0.0,0.6488888888888888,0.0,0.3652173913043478,0.3252032520325203,0.6033057851239669,0.0,0.7019230769230769,0.0
0.53,0.83,0.4367816091954023,0.3348273830564392,0.0,0.6488888888888888,0.0,0.3652173913043478,0.3252032520325203,0.6033057851239669,0.0,0.7019230769230769,0.0
0.53,0.85,0.4367816091954023,0.3340402766096626,0.0,0.6488888888888888,0.0,0.3620689655172414,0.3252032520325203,0.6033057851239669,0.0,0.7019230769230769,0.0
0.53,0.87,0.4367816091954023,0.3340402766096626,0.0,0.6488888888888888,0.0,0.3620689655172414,0.3252032520325203,0.6033057851239669,0.0,0.7019230769230769,0.0
0.53,0.89,0.4367816091954023,0.3340402766096626,0.0,0.6488888888888888,0.0,0.3620689655172414,0.3252032520325203,0.6033057851239669,0.0,0.7019230769230769,0.0
0.53,0.91,0.4367816091954023,0.3340402766096626,0.0,0.6488888888888888,0.0,0.3620689655172414,0.3252032520325203,0.6033057851239669,0.0,0.7019230769230769,0.0
0.53,0.93,0.4367816091954023,0.3340402766096626,0.0,0.6488888888888888,0.0,0.3620689655172414,0.3252032520325203,0.6033057851239669,0.0,0.7019230769230769,0.0
0.53,0.95,0.4367816091954023,0.3340402766096626,0.0,0.6488888888888888,0.0,0.3620689655172414,0.3252032520325203,0.6033057851239669,0.0,0.7019230769230769,0.0
0.55,0.05,0.39846743295019155,0.23807193262007742,0.0,0.6695652173913044,0.28272251308900526,0.0,0.0,0.6111111111111112,0.20300751879699247,0.7403846153846154,0.46551724137931033
0.55,0.07,0.39846743295019155,0.23844393592677346,0.0,0.6695652173913044,0.28421052631578947,0.0,0.0,0.6111111111111112,0.20454545454545456,0.7403846153846154,0.46551724137931033
0.55,0.09,0.3946360153256705,0.2369100209253662,0.0,0.6695652173913044,0.27807486631016043,0.0,0.0,0.6111111111111112,0.20155038759689922,0.7403846153846154,0.4482758620689655
0.55,0.11,0.39846743295019155,0.2472014855385077,0.0,0.6695652173913044,0.28415300546448086,0.03508771929824561,0.0,0.6111111111111112,0.208,0.7403846153846154,0.4482758620689655
0.55,0.13,0.3946360153256705,0.2582407797311998,0.03571428571428571,0.6695652173913044,0.2598870056497175,0.06779661016949153,0.03571428571428571,0.6111111111111112,0.19327731092436976,0.7403846153846154,0.39655172413793105
0.55,0.15,0.39846743295019155,0.2668453521298022,0.03508771929824561,0.6695652173913044,0.26436781609195403,0.09836065573770492,0.03508771929824561,0.6111111111111112,0.19827586206896552,0.7403846153846154,0.39655172413793105
0.55,0.17,0.4099616858237548,0.29138178492513306,0.06666666666666667,0.6695652173913044,0.2754491017964072,0.15384615384615385,0.06666666666666667,0.6111111111111112,0.21100917431192662,0.7403846153846154,0.39655172413793105
0.55,0.19,0.41379310344827586,0.29933721293826343,0.0967741935483871,0.6695652173913044,0.2839506172839506,0.14705882352941177,0.0967741935483871,0.6111111111111112,0.22115384615384615,0.7403846153846154,0.39655172413793105
0.55,0.21,0.42911877394636017,0.33215571757580387,0.14925373134328357,0.6695652173913044,0.2875816993464052,0.2222222222222222,0.14925373134328357,0.6111111111111112,0.23157894736842105,0.7403846153846154,0.3793103448275862
0.55,0.23,0.44061302681992337,0.35510249156243795,0.2191780821917808,0.6695652173913044,0.2916666666666667,0.24,0.2191780821917808,0.6111111111111112,0.2441860465116279,0.7403846153846154,0.3620689655172414
0.55,0.25,0.44061302681992337,0.3602501223590831,0.21951219512195122,0.6695652173913044,0.27692307692307694,0.275,0.21951219512195122,0.6111111111111112,0.25,0.7403846153846154,0.3103448275862069
0.55,0.27,0.4444444444444444,0.36696635054840065,0.2558139534883721,0.6695652173913044,0.27419354838709675,0.2682926829268293,0.2558139534883721,0.6111111111111112,0.25757575757575757,0.7403846153846154,0.29310344827586204
0.55,0.29,0.4521072796934866,0.37712361535132355,0.2619047619047619,0.6695652173913044,0.288135593220339,0.2619047619047619,0.28888888888888886,0.6111111111111112,0.2833333333333333,0.7403846153846154,0.29310344827586204
0.55,0.31,0.4559386973180077,0.38346556439010937,0.2727272727272727,0.6695652173913044,0.2727272727272727,0.27906976744186046,0.3125,0.6111111111111112,0.28846153846153844,0.7403846153846154,0.25862068965517243
0.55,0.33,0.46360153256704983,0.3949728260869565,0.25,0.6695652173913044,0.25,0.34782608695652173,0.3125,0.6111111111111112,0.2826086956521739,0.7403846153846154,0.22413793103448276
0.55,0.35,0.47126436781609193,0.4047782425149805,0.25742574257425743,0.6695652173913044,0.25742574257425743,0.3655913978494624,0.32653061224489793,0.6111111111111112,0.3023255813953488,0.7403846153846154,0.22413793103448276
0.55,0.37,0.4789272030651341,0.4135647737355812,0.25,0.6695652173913044,0.25,0.40816326530612246,0.32653061224489793,0.6111111111111112,0.3157894736842105,0.7403846153846154,0.20689655172413793
0.55,0.39,0.4827586206896552,0.4179175343901852,0.25806451612903225,0.6695652173913044,0.25806451612903225,0.40404040404040403,0.34,0.6111111111111112,0.34285714285714286,0.7403846153846154,0.20689655172413793
0.55,0.41,0.4789272030651341,0.41217391304347833,0.2391304347826087,0.6695652173913044,0.2391304347826087,0.4,0.34,0.6111111111111112,0.3235294117647059,0.7403846153846154,0.1896551724137931
0.55,0.43,0.4827586206896552,0.4164827865297521,0.24719101123595505,0.6695652173913044,0.24719101123595505,0.4158415841584158,0.3333333333333333,0.6111111111111112,0.3548387096774194,0.7403846153846154,0.1896551724137931
0.55,0.45,0.48659003831417624,0.42092951239971105,0.25287356321839083,0.6695652173913044,0.25287356321839083,0.4117647058823529,0.34951456310679613,0.6111111111111112,0.3793103448275862,0.7403846153846154,0.1896551724137931
0.55,0.47,0.4827586206896552,0.41430809237907196,0.24096385542168675,0.6695652173913044,0.24096385542168675,0.40384615384615385,0.34285714285714286,0.6111111111111112,0.4,0.7403846153846154,0.1724137931034483
0.55,0.49,0.4827586206896552,0.4137905437377197,0.2597402597402597,0.6695652173913044,0.2597402597402597,0.3925233644859813,0.3333333333333333,0.6111111111111112,0.5263157894736842,0.7403846153846154,0.1724137931034483
0.55,0.51,0.4827586206896552,0.41188578183295776,0.24,0.6695652173913044,0.24,0.3925233644859813,0.34545454545454546,0.6111111111111112,0.5294117647058824,0.7403846153846154,0.15517241379310345
0.55,0.53,0.47126436781609193,0.390524421230943,0.17142857142857143,0.6695652173913044,0.17142857142857143,0.38181818181818183,0.3392857142857143,0.6111111111111112,0.5,0.7403846153846154,0.10344827586206896
0.55,0.55,0.47126436781609193,0.39017434246142124,0.17647058823529413,0.6695652173913044,0.17647058823529413,0.3783783783783784,0.336283185840708,0.6111111111111112,0.6,0.7403846153846154,0.10344827586206896
0.55,0.57,0.45977011494252873,0.3659147869674185,0.09523809523809523,0.6695652173913044,0.09523809523809523,0.3684210526315789,0.33043478260869563,0.6111111111111112,0.6,0.7403846153846154,0.05172413793103448
0.55,0.59,0.45977011494252873,0.3659147869674185,0.09523809523809523,0.6695652173913044,0.09523809523809523,0.3684210526315789,0.33043478260869563,0.6111111111111112,0.6,0.7403846153846154,0.05172413793103448
0.55,0.61,0.4559386973180077,0.3575221514879233,0.06451612903225806,0.6695652173913044,0.06451612903225806,0.3684210526315789,0.3275862068965517,0.6111111111111112,0.5,0.7403846153846154,0.034482758620689655
0.55,0.63,0.4559386973180077,0.3575221514879233,0.06451612903225806,0.6695652173913044,0.06451612903225806,0.3684210526315789,0.3275862068965517,0.6111111111111112,0.5,0.7403846153846154,0.034482758620689655
0.55,0.65,0.4559386973180077,0.3575221514879233,0.06451612903225806,0.6695652173913044,0.06451612903225806,0.3684210526315789,0.3275862068965517,0.6111111111111112,0.5,0.7403846153846154,0.034482758620689655
0.55,0.67,0.4559386973180077,0.3575221514879233,0.06451612903225806,0.6695652173913044,0.06451612903225806,0.3684210526315789,0.3275862068965517,0.6111111111111112,0.5,0.7403846153846154,0.034482758620689655
0.55,0.69,0.4521072796934866,0.3488898700137774,0.03278688524590164,0.6695652173913044,0.03278688524590164,0.3684210526315789,0.3247863247863248,0.6111111111111112,0.3333333333333333,0.7403846153846154,0.017241379310344827
0.55,0.71,0.4521072796934866,0.3488898700137774,0.03278688524590164,0.6695652173913044,0.03278688524590164,0.3684210526315789,0.3247863247863248,0.6111111111111112,0.3333333333333333,0.7403846153846154,0.017241379310344827
0.55,0.73,0.4482758620689655,0.340005042081992,0.0,0.6695652173913044,0.0,0.3684210526315789,0.3220338983050847,0.6111111111111112,0.0,0.7403846153846154,0.0
0.55,0.75,0.4482758620689655,0.33932850027883005,0.0,0.6695652173913044,0.0,0.3684210526315789,0.31932773109243695,0.6111111111111112,0.0,0.7403846153846154,0.0
0.55,0.77,0.4482758620689655,0.33932850027883005,0.0,0.6695652173913044,0.0,0.3684210526315789,0.31932773109243695,0.6111111111111112,0.0,0.7403846153846154,0.0
0.55,0.79,0.4482758620689655,0.33932850027883005,0.0,0.6695652173913044,0.0,0.3684210526315789,0.31932773109243695,0.6111111111111112,0.0,0.7403846153846154,0.0
0.55,0.81,0.4482758620689655,0.33932850027883005,0.0,0.6695652173913044,0.0,0.3684210526315789,0.31932773109243695,0.6111111111111112,0.0,0.7403846153846154,0.0
0.55,0.83,0.4482758620689655,0.33932850027883005,0.0,0.6695652173913044,0.0,0.3684210526315789,0.31932773109243695,0.6111111111111112,0.0,0.7403846153846154,0.0
0.55,0.85,0.4482758620689655,0.3385275849470223,0.0,0.6695652173913044,0.0,0.3652173913043478,0.31932773109243695,0.6111111111111112,0.0,0.7403846153846154,0.0
0.55,0.87,0.4482758620689655,0.3385275849470223,0.0,0.6695652173913044,0.0,0.3652173913043478,0.31932773109243695,0.6111111111111112,0.0,0.7403846153846154,0.0
0.55,0.89,0.4482758620689655,0.3385275849470223,0.0,0.6695652173913044,0.0,0.3652173913043478,0.31932773109243695,0.6111111111111112,0.0,0.7403846153846154,0.0
0.55,0.91,0.4482758620689655,0.3385275849470223,0.0,0.6695652173913044,0.0,0.3652173913043478,0.31932773109243695,0.6111111111111112,0.0,0.7403846153846154,0.0
0.55,0.93,0.4482758620689655,0.3385275849470223,0.0,0.6695652173913044,0.0,0.3652173913043478,0.31932773109243695,0.6111111111111112,0.0,0.7403846153846154,0.0
0.55,0.95,0.4482758620689655,0.3385275849470223,0.0,0.6695652173913044,0.0,0.3652173913043478,0.31932773109243695,0.6111111111111112,0.0,0.7403846153846154,0.0
0.57,0.05,0.4099616858237548,0.24223289865019446,0.0,0.6893617021276596,0.27956989247311825,0.0,0.0,0.6183206106870229,0.203125,0.7788461538461539,0.4482758620689655
0.57,0.07,0.4099616858237548,0.24261069580218517,0.0,0.6893617021276596,0.2810810810810811,0.0,0.0,0.6183206106870229,0.2047244094488189,0.7788461538461539,0.4482758620689655
0.57,0.09,0.4061302681992337,0.24102174421323358,0.0,0.6893617021276596,0.27472527472527475,0.0,0.0,0.6183206106870229,0.20161290322580644,0.7788461538461539,0.43103448275862066
0.57,0.11,0.4099616858237548,0.2513370744575999,0.0,0.6893617021276596,0.2808988764044944,0.03508771929824561,0.0,0.6183206106870229,0.20833333333333334,0.7788461538461539,0.43103448275862066
0.57,0.13,0.4061302681992337,0.26217163787495223,0.03571428571428571,0.6893617021276596,0.2558139534883721,0.06779661016949153,0.03571428571428571,0.6183206106870229,0.19298245614035087,0.7788461538461539,0.3793103448275862
0.57,0.15,0.4099616858237548,0.27079127668735226,0.03508771929824561,0.6893617021276596,0.2603550295857988,0.09836065573770492,0.03508771929824561,0.6183206106870229,0.1981981981981982,0.7788461538461539,0.3793103448275862
0.57,0.17,0.421455938697318,0.2953698652280213,0.06666666666666667,0.6893617021276596,0.2716049382716049,0.15384615384615385,0.06666666666666667,0.6183206106870229,0.21153846153846154,0.7788461538461539,0.3793103448275862
0.57,0.19,0.42528735632183906,0.3033623740688805,0.0967741935483871,0.6893617021276596,0.2802547770700637,0.14705882352941177,0.0967741935483871,0.6183206106870229,0.2222222222222222,0.7788461538461539,0.3793103448275862
0.57,0.21,0.44061302681992337,0.3361553598692373,0.14925373134328357,0.6893617021276596,0.28378378378378377,0.2222222222222222,0.14925373134328357,0.6183206106870229,0.23333333333333334,0.7788461538461539,0.3620689655172414
0.57,0.23,0.4521072796934866,0.3590773921230256,0.2191780821917808,0.6893617021276596,0.28776978417266186,0.24,0.2191780821917808,0.6183206106870229,0.24691358024691357,0.7788461538461539,0.3448275862068966
0.57,0.25,0.4521072796934866,0.3639684743124027,0.21951219512195122,0.6893617021276596,0.272,0.275,0.21951219512195122,0.6183206106870229,0.2537313432835821,0.7788461538461539,0.29310344827586204
0.57,0.27,0.4559386973180077,0.37059397539201777,0.2558139534883721,0.6893617021276596,0.2689075630252101,0.2682926829268293,0.2558139534883721,0.6183206106870229,0.26229508196721313,0.7788461538461539,0.27586206896551724
0.57,0.29,0.46360153256704983,0.3808352984073188,0.2619047619047619,0.6893617021276596,0.2831858407079646,0.2619047619047619,0.28888888888888886,0.6183206106870229,0.2909090909090909,0.7788461538461539,0.27586206896551724
0.57,0.31,0.4674329501915709,0.3868995340590467,0.26666666666666666,0.6893617021276596,0.26666666666666666,0.27906976744186046,0.3125,0.6183206106870229,0.2978723404255319,0.7788461538461539,0.2413793103448276
0.57,0.33,0.47509578544061304,0.3980280078771059,0.24242424242424243,0.6893617021276596,0.24242424242424243,0.34782608695652173,0.3125,0.6183206106870229,0.2926829268292683,0.7788461538461539,0.20689655172413793
0.57,0.35,0.4827586206896552,0.40787092805550496,0.25,0.6893617021276596,0.25,0.3655913978494624,0.32653061224489793,0.6183206106870229,0.3157894736842105,0.7788461538461539,0.20689655172413793
0.57,0.37,0.4942528735632184,0.42228325340264183,0.2608695652173913,0.6893617021276596,0.2608695652173913,0.41237113402061853,0.32653061224489793,0.6183206106870229,0.35294117647058826,0.7788461538461539,0.20689655172413793
0.57,0.39,0.49808429118773945,0.4267969721955242,0.2696629213483146,0.6893617021276596,0.2696629213483146,0.40816326530612246,0.34,0.6183206106870229,0.3870967741935484,0.7788461538461539,0.20689655172413793
0.57,0.41,0.4942528735632184,0.42085052654201593,0.25,0.6893617021276596,0.25,0.40404040404040403,0.34,0.6183206106870229,0.36666666666666664,0.7788461538461539,0.1896551724137931
0.57,0.43,0.49808429118773945,0.4253796412181894,0.25882352941176473,0.6893617021276596,0.25882352941176473,0.42,0.3333333333333333,0.6183206106870229,0.4074074074074074,0.7788461538461539,0.1896551724137931
0.57,0.45,0.5019157088122606,0.42994452258918175,0.26506024096385544,0.6893617021276596,0.26506024096385544,0.4158415841584158,0.34951456310679613,0.6183206106870229,0.44,0.7788461538461539,0.1896551724137931
0.57,0.47,0.49808429118773945,0.4235484586026931,0.24691358024691357,0.6893617021276596,0.24691358024691357,0.4117647058823529,0.34615384615384615,0.6183206106870229,0.43478260869565216,0.7788461538461539,0.1724137931034483
0.57,0.49,0.49808429118773945,0.42303555959348393,0.2631578947368421,0.6893617021276596,0.2631578947368421,0.4,0.33962264150943394,0.6183206106870229,0.5555555555555556,0.7788461538461539,0.1724137931034483
0.57,0.51,0.49808429118773945,0.42111419930568866,0.24324324324324326,0.6893617021276596,0.24324324324324326,0.4,0.35185185185185186,0.6183206106870229,0.5625,0.7788461538461539,0.15517241379310345
0.57,0.53,0.48659003831417624,0.3994045449873387,0.17391304347826086,0.6893617021276596,0.17391304347826086,0.3888888888888889,0.34545454545454546,0.6183206106870229,0.5454545454545454,0.7788461538461539,0.10344827586206896
0.57,0.55,0.48659003831417624,0.39903240574984333,0.1791044776119403,0.6893617021276596,0.1791044776119403,0.3853211009174312,0.34234234234234234,0.6183206106870229,0.6666666666666666,0.7788461538461539,0.10344827586206896
0.57,0.57,0.47509578544061304,0.3743547703791887,0.0967741935483871,0.6893617021276596,0.0967741935483871,0.375,0.336283185840708,0.6183206106870229,0.75,0.7788461538461539,0.05172413793103448
0.57,0.59,0.47509578544061304,0.3743547703791887,0.0967741935483871,0.6893617021276596,0.0967741935483871,0.375,0.336283185840708,0.6183206106870229,0.75,0.7788461538461539,0.05172413793103448
0.57,0.61,0.47126436781609193,0.365817201488199,0.06557377049180328,0.6893617021276596,0.06557377049180328,0.375,0.3333333333333333,0.6183206106870229,0.6666666666666666,0.7788461538461539,0.034482758620689655
0.57,0.63,0.47126436781609193,0.365817201488199,0.06557377049180328,0.6893617021276596,0.06557377049180328,0.375,0.3333333333333333,0.6183206106870229,0.6666666666666666,0.7788461538461539,0.034482758620689655
0.57,0.65,0.47126436781609193,0.365817201488199,0.06557377049180328,0.6893617021276596,0.06557377049180328,0.375,0.3333333333333333,0.6183206106870229,0.6666666666666666,0.7788461538461539,0.034482758620689655
0.57,0.67,0.47126436781609193,0.365817201488199,0.06557377049180328,0.6893617021276596,0.06557377049180328,0.375,0.3333333333333333,0.6183206106870229,0.6666666666666666,0.7788461538461539,0.034482758620689655
0.57,0.69,0.4674329501915709,0.35703245451742216,0.03333333333333333,0.6893617021276596,0.03333333333333333,0.375,0.33043478260869563,0.6183206106870229,0.5,0.7788461538461539,0.017241379310344827
0.57,0.71,0.4674329501915709,0.35703245451742216,0.03333333333333333,0.6893617021276596,0.03333333333333333,0.375,0.33043478260869563,0.6183206106870229,0.5,0.7788461538461539,0.017241379310344827
0.57,0.73,0.46360153256704983,0.34798697725605277,0.0,0.6893617021276596,0.0,0.375,0.3275862068965517,0.6183206106870229,0.0,0.7788461538461539,0.0
0.57,0.75,0.46360153256704983,0.34728700672849605,0.0,0.6893617021276596,0.0,0.375,0.3247863247863248,0.6183206106870229,0.0,0.7788461538461539,0.0
0.57,0.77,0.46360153256704983,0.34728700672849605,0.0,0.6893617021276596,0.0,0.375,0.3247863247863248,0.6183206106870229,0.0,0.7788461538461539,0.0
0.57,0.79,0.46360153256704983,0.34728700672849605,0.0,0.6893617021276596,0.0,0.375,0.3247863247863248,0.6183206106870229,0.0,0.7788461538461539,0.0
0.57,0.81,0.46360153256704983,0.34728700672849605,0.0,0.6893617021276596,0.0,0.375,0.3247863247863248,0.6183206106870229,0.0,0.7788461538461539,0.0
0.57,0.83,0.46360153256704983,0.34728700672849605,0.0,0.6893617021276596,0.0,0.375,0.3247863247863248,0.6183206106870229,0.0,0.7788461538461539,0.0
0.57,0.85,0.46360153256704983,0.34728700672849605,0.0,0.6893617021276596,0.0,0.375,0.3247863247863248,0.6183206106870229,0.0,0.7788461538461539,0.0
0.57,0.87,0.46360153256704983,0.34728700672849605,0.0,0.6893617021276596,0.0,0.375,0.3247863247863248,0.6183206106870229,0.0,0.7788461538461539,0.0
0.57,0.89,0.46360153256704983,0.34728700672849605,0.0,0.6893617021276596,0.0,0.375,0.3247863247863248,0.6183206106870229,0.0,0.7788461538461539,0.0
0.57,0.91,0.46360153256704983,0.34728700672849605,0.0,0.6893617021276596,0.0,0.375,0.3247863247863248,0.6183206106870229,0.0,0.7788461538461539,0.0
0.57,0.93,0.46360153256704983,0.34728700672849605,0.0,0.6893617021276596,0.0,0.375,0.3247863247863248,0.6183206106870229,0.0,0.7788461538461539,0.0
0.57,0.95,0.46360153256704983,0.34728700672849605,0.0,0.6893617021276596,0.0,0.375,0.3247863247863248,0.6183206106870229,0.0,0.7788461538461539,0.0
0.59,0.05,0.4061302681992337,0.23882085855806273,0.0,0.6835443037974683,0.2717391304347826,0.0,0.0,0.6090225563909775,0.1984126984126984,0.7788461538461539,0.43103448275862066
0.59,0.07,0.4061302681992337,0.23919208687832882,0.0,0.6835443037974683,0.273224043715847,0.0,0.0,0.6090225563909775,0.2,0.7788461538461539,0.43103448275862066
0.59,0.09,0.40229885057471265,0.23755274261603376,0.0,0.6835443037974683,0.26666666666666666,0.0,0.0,0.6090225563909775,0.19672131147540983,0.7788461538461539,0.41379310344827586
0.59,0.11,0.4061302681992337,0.24783982395574666,0.0,0.6835443037974683,0.2727272727272727,0.03508771929824561,0.0,0.6090225563909775,0.2033898305084746,0.7788461538461539,0.41379310344827586
0.59,0.13,0.40229885057471265,0.25852850580266434,0.03571428571428571,0.6835443037974683,0.24705882352941178,0.06779661016949153,0.03571428571428571,0.6090225563909775,0.1875,0.7788461538461539,0.3620689655172414
0.59,0.15,0.4061302681992337,0.26712242120536067,0.03508771929824561,0.6835443037974683,0.25149700598802394,0.09836065573770492,0.03508771929824561,0.6090225563909775,0.1926605504587156,0.7788461538461539,0.3620689655172414
0.59,0.17,0.41762452107279696,0.29163928107757225,0.06666666666666667,0.6835443037974683,0.2625,0.15384615384615385,0.06666666666666667,0.6090225563909775,0.20588235294117646,0.7788461538461539,0.3620689655172414
0.59,0.19,0.421455938697318,0.29958626570268776,0.0967741935483871,0.6835443037974683,0.2709677419354839,0.14705882352941177,0.0967741935483871,0.6090225563909775,0.21649484536082475,0.7788461538461539,0.3620689655172414
0.59,0.21,0.4367816091954023,0.33224821502567503,0.14925373134328357,0.6835443037974683,0.273972602739726,0.2222222222222222,0.14925373134328357,0.6090225563909775,0.22727272727272727,0.7788461538461539,0.3448275862068966
0.59,0.23,0.4482758620689655,0.35502366219074294,0.2191780821917808,0.6835443037974683,0.2773722627737226,0.24,0.2191780821917808,0.6090225563909775,0.24050632911392406,0.7788461538461539,0.3275862068965517
0.59,0.25,0.4482758620689655,0.359554775136359,0.21951219512195122,0.6835443037974683,0.2601626016260163,0.275,0.21951219512195122,0.6090225563909775,0.24615384615384617,0.7788461538461539,0.27586206896551724
0.59,0.27,0.4521072796934866,0.3660152991557315,0.2558139534883721,0.6835443037974683,0.2564102564102564,0.2682926829268293,0.2558139534883721,0.6090225563909775,0.2542372881355932,0.7788461538461539,0.25862068965517243
0.59,0.29,0.45977011494252873,0.3761520562153473,0.2619047619047619,0.6835443037974683,0.2702702702702703,0.2619047619047619,0.28888888888888886,0.6090225563909775,0.2830188679245283,0.7788461538461539,0.25862068965517243
0.59,0.31,0.45977011494252873,0.376837728336148,0.25,0.6835443037974683,0.25,0.27906976744186046,0.29473684210526313,0.6090225563909775,0.2826086956521739,0.7788461538461539,0.22413793103448276
0.59,0.33,0.47126436781609193,0.3930884349938314,0.24242424242424243,0.6835443037974683,0.24242424242424243,0.3516483516483517,0.29473684210526313,0.6090225563909775,0.2926829268292683,0.7788461538461539,0.20689655172413793
0.59,0.35,0.4789272030651341,0.40309696792605915,0.25,0.6835443037974683,0.25,0.3695652173913043,0.30927835051546393,0.6090225563909775,0.3157894736842105,0.7788461538461539,0.20689655172413793
0.59,0.37,0.4904214559386973,0.41758972154924756,0.2608695652173913,0.6835443037974683,0.2608695652173913,0.4166666666666667,0.30927835051546393,0.6090225563909775,0.35294117647058826,0.7788461538461539,0.20689655172413793
0.59,0.39,0.4942528735632184,0.4222026705996812,0.2696629213483146,0.6835443037974683,0.2696629213483146,0.41237113402061853,0.32323232323232326,0.6090225563909775,0.3870967741935484,0.7788461538461539,0.20689655172413793
0.59,0.41,0.4904214559386973,0.41623497308397855,0.25,0.6835443037974683,0.25,0.40816326530612246,0.32323232323232326,0.6090225563909775,0.36666666666666664,0.7788461538461539,0.1896551724137931
0.59,0.43,0.4942528735632184,0.4208604851549936,0.25882352941176473,0.6835443037974683,0.25882352941176473,0.42424242424242425,0.31683168316831684,0.6090225563909775,0.4074074074074074,0.7788461538461539,0.1896551724137931
0.59,0.45,0.49808429118773945,0.42548446952366425,0.26506024096385544,0.6835443037974683,0.26506024096385544,0.42,0.3333333333333333,0.6090225563909775,0.44,0.7788461538461539,0.1896551724137931
0.59,0.47,0.4942528735632184,0.41909913889535966,0.24691358024691357,0.6835443037974683,0.24691358024691357,0.4158415841584158,0.3300970873786408,0.6090225563909775,0.43478260869565216,0.7788461538461539,0.1724137931034483
0.59,0.49,0.4942528735632184,0.418589469047497,0.2631578947368421,0.6835443037974683,0.2631578947368421,0.40384615384615385,0.3238095238095238,0.6090225563909775,0.5555555555555556,0.7788461538461539,0.1724137931034483
0.59,0.51,0.4942528735632184,0.4167705747544267,0.24324324324324326,0.6835443037974683,0.24324324324324326,0.40384615384615385,0.3364485981308411,0.6090225563909775,0.5625,0.7788461538461539,0.15517241379310345
0.59,0.53,0.4827586206896552,0.3950639852798772,0.17391304347826086,0.6835443037974683,0.17391304347826086,0.3925233644859813,0.3302752293577982,0.6090225563909775,0.5454545454545454,0.7788461538461539,0.10344827586206896
0.59,0.55,0.4827586206896552,0.3947025993927562,0.1791044776119403,0.6835443037974683,0.1791044776119403,0.3888888888888889,0.32727272727272727,0.6090225563909775,0.6666666666666666,0.7788461538461539,0.10344827586206896
0.59,0.57,0.47126436781609193,0.37003136178820134,0.0967741935483871,0.6835443037974683,0.0967741935483871,0.3783783783783784,0.32142857142857145,0.6090225563909775,0.75,0.7788461538461539,0.05172413793103448
0.59,0.59,0.47126436781609193,0.37003136178820134,0.0967741935483871,0.6835443037974683,0.0967741935483871,0.3783783783783784,0.32142857142857145,0.6090225563909775,0.75,0.7788461538461539,0.05172413793103448
0.59,0.61,0.4674329501915709,0.3615201308660275,0.06557377049180328,0.6835443037974683,0.06557377049180328,0.3783783783783784,0.3185840707964602,0.6090225563909775,0.6666666666666666,0.7788461538461539,0.034482758620689655
0.59,0.63,0.4674329501915709,0.3615201308660275,0.06557377049180328,0.6835443037974683,0.06557377049180328,0.3783783783783784,0.3185840707964602,0.6090225563909775,0.6666666666666666,0.7788461538461539,0.034482758620689655
0.59,0.65,0.4674329501915709,0.3615201308660275,0.06557377049180328,0.6835443037974683,0.06557377049180328,0.3783783783783784,0.3185840707964602,0.6090225563909775,0.6666666666666666,0.7788461538461539,0.034482758620689655
0.59,0.67,0.4674329501915709,0.3615201308660275,0.06557377049180328,0.6835443037974683,0.06557377049180328,0.3783783783783784,0.3185840707964602,0.6090225563909775,0.6666666666666666,0.7788461538461539,0.034482758620689655
0.59,0.69,0.46360153256704983,0.3527613722983477,0.03333333333333333,0.6835443037974683,0.03333333333333333,0.3783783783783784,0.3157894736842105,0.6090225563909775,0.5,0.7788461538461539,0.017241379310344827
0.59,0.71,0.46360153256704983,0.3527613722983477,0.03333333333333333,0.6835443037974683,0.03333333333333333,0.3783783783783784,0.3157894736842105,0.6090225563909775,0.5,0.7788461538461539,0.017241379310344827
0.59,0.73,0.45977011494252873,0.34374154010917907,0.0,0.6835443037974683,0.0,0.3783783783783784,0.3130434782608696,0.6090225563909775,0.0,0.7788461538461539,0.0
0.59,0.75,0.45977011494252873,0.3430668774405134,0.0,0.6835443037974683,0.0,0.3783783783783784,0.3103448275862069,0.6090225563909775,0.0,0.7788461538461539,0.0
0.59,0.77,0.45977011494252873,0.3430668774405134,0.0,0.6835443037974683,0.0,0.3783783783783784,0.3103448275862069,0.6090225563909775,0.0,0.7788461538461539,0.0
0.59,0.79,0.45977011494252873,0.3430668774405134,0.0,0.6835443037974683,0.0,0.3783783783783784,0.3103448275862069,0.6090225563909775,0.0,0.7788461538461539,0.0
0.59,0.81,0.45977011494252873,0.3430668774405134,0.0,0.6835443037974683,0.0,0.3783783783783784,0.3103448275862069,0.6090225563909775,0.0,0.7788461538461539,0.0
0.59,0.83,0.45977011494252873,0.3430668774405134,0.0,0.6835443037974683,0.0,0.3783783783783784,0.3103448275862069,0.6090225563909775,0.0,0.7788461538461539,0.0
0.59,0.85,0.45977011494252873,0.3430668774405134,0.0,0.6835443037974683,0.0,0.3783783783783784,0.3103448275862069,0.6090225563909775,0.0,0.7788461538461539,0.0
0.59,0.87,0.45977011494252873,0.3430668774405134,0.0,0.6835443037974683,0.0,0.3783783783783784,0.3103448275862069,0.6090225563909775,0.0,0.7788461538461539,0.0
0.59,0.89,0.45977011494252873,0.3430668774405134,0.0,0.6835443037974683,0.0,0.3783783783783784,0.3103448275862069,0.6090225563909775,0.0,0.7788461538461539,0.0
0.59,0.91,0.45977011494252873,0.3430668774405134,0.0,0.6835443037974683,0.0,0.3783783783783784,0.3103448275862069,0.6090225563909775,0.0,0.7788461538461539,0.0
0.59,0.93,0.45977011494252873,0.3430668774405134,0.0,0.6835443037974683,0.0,0.3783783783783784,0.3103448275862069,0.6090225563909775,0.0,0.7788461538461539,0.0
0.59,0.95,0.45977011494252873,0.3430668774405134,0.0,0.6835443037974683,0.0,0.3783783783783784,0.3103448275862069,0.6090225563909775,0.0,0.7788461538461539,0.0
0.61,0.05,0.40229885057471265,0.23401337021668972,0.0,0.6804979253112033,0.25555555555555554,0.0,0.0,0.5985401459854015,0.1885245901639344,0.7884615384615384,0.39655172413793105
0.61,0.07,0.40229885057471265,0.23437029138366677,0.0,0.6804979253112033,0.2569832402234637,0.0,0.0,0.5985401459854015,0.19008264462809918,0.7884615384615384,0.39655172413793105
0.61,0.09,0.39846743295019155,0.23262448132780084,0.0,0.6804979253112033,0.25,0.0,0.0,0.5985401459854015,0.1864406779661017,0.7884615384615384,0.3793103448275862
0.61,0.11,0.40229885057471265,0.24284989952445526,0.0,0.6804979253112033,0.2558139534883721,0.03508771929824561,0.0,0.5985401459854015,0.19298245614035087,0.7884615384615384,0.3793103448275862
0.61,0.13,0.39846743295019155,0.2532311209613958,0.03571428571428571,0.6804979253112033,0.2289156626506024,0.06779661016949153,0.03571428571428571,0.5985401459854015,0.17592592592592593,0.7884615384615384,0.3275862068965517
0.61,0.15,0.40229885057471265,0.2617687836757455,0.03508771929824561,0.6804979253112033,0.2331288343558282,0.09836065573770492,0.03508771929824561,0.5985401459854015,0.18095238095238095,0.7884615384615384,0.3275862068965517
0.61,0.17,0.41379310344827586,0.2861501223534419,0.06666666666666667,0.6804979253112033,0.24358974358974358,0.15384615384615385,0.06666666666666667,0.5985401459854015,0.19387755102040816,0.7884615384615384,0.3275862068965517
0.61,0.19,0.41762452107279696,0.2939966428820187,0.0967741935483871,0.6804979253112033,0.25165562913907286,0.14705882352941177,0.0967741935483871,0.5985401459854015,0.20430107526881722,0.7884615384615384,0.3275862068965517
0.61,0.21,0.4329501915708812,0.3263737514093181,0.14925373134328357,0.6804979253112033,0.2535211267605634,0.2222222222222222,0.14925373134328357,0.5985401459854015,0.21428571428571427,0.7884615384615384,0.3103448275862069
0.61,0.23,0.4444444444444444,0.3488287763118363,0.2191780821917808,0.6804979253112033,0.2556390977443609,0.24,0.2191780821917808,0.5985401459854015,0.22666666666666666,0.7884615384615384,0.29310344827586204
0.61,0.25,0.4482758620689655,0.35693003688335645,0.2222222222222222,0.6804979253112033,0.25,0.275,0.2222222222222222,0.5985401459854015,0.24193548387096775,0.7884615384615384,0.25862068965517243
0.61,0.27,0.4521072796934866,0.3633070431843791,0.24561403508771928,0.6804979253112033,0.24561403508771928,0.2682926829268293,0.25882352941176473,0.5985401459854015,0.25,0.7884615384615384,0.2413793103448276
0.61,0.29,0.45977011494252873,0.3734491944839747,0.25925925925925924,0.6804979253112033,0.25925925925925924,0.2619047619047619,0.29213483146067415,0.5985401459854015,0.28,0.7884615384615384,0.2413793103448276
0.61,0.31,0.45977011494252873,0.3740043311400662,0.23529411764705882,0.6804979253112033,0.23529411764705882,0.2823529411764706,0.2978723404255319,0.5985401459854015,0.2727272727272727,0.7884615384615384,0.20689655172413793
0.61,0.33,0.4674329501915709,0.38498467833512395,0.22448979591836735,0.6804979253112033,0.22448979591836735,0.33707865168539325,0.2978723404255319,0.5985401459854015,0.275,0.7884615384615384,0.1896551724137931
0.61,0.35,0.47509578544061304,0.395033107058795,0.23157894736842105,0.6804979253112033,0.23157894736842105,0.35555555555555557,0.3125,0.5985401459854015,0.2972972972972973,0.7884615384615384,0.1896551724137931
0.61,0.37,0.48659003831417624,0.40975287155459533,0.24175824175824176,0.6804979253112033,0.24175824175824176,0.40425531914893614,0.3125,0.5985401459854015,0.3333333333333333,0.7884615384615384,0.1896551724137931
0.61,0.39,0.4904214559386973,0.41425713438902534,0.25,0.6804979253112033,0.25,0.4,0.32653061224489793,0.5985401459854015,0.36666666666666664,0.7884615384615384,0.1896551724137931
0.61,0.41,0.48659003831417624,0.4081867320901747,0.22988505747126436,0.6804979253112033,0.22988505747126436,0.3958333333333333,0.32653061224489793,0.5985401459854015,0.3448275862068966,0.7884615384615384,0.1724137931034483
0.61,0.43,0.4904214559386973,0.41274107435676505,0.23809523809523808,0.6804979253112033,0.23809523809523808,0.41237113402061853,0.32,0.5985401459854015,0.38461538461538464,0.7884615384615384,0.1724137931034483
0.61,0.45,0.4942528735632184,0.4172993232520132,0.24390243902439024,0.6804979253112033,0.24390243902439024,0.40816326530612246,0.33663366336633666,0.5985401459854015,0.4166666666666667,0.7884615384615384,0.1724137931034483
0.61,0.47,0.4904214559386973,0.41071791567123517,0.225,0.6804979253112033,0.225,0.40404040404040403,0.3333333333333333,0.5985401459854015,0.4090909090909091,0.7884615384615384,0.15517241379310345
0.61,0.49,0.4904214559386973,0.40989446624484455,0.24,0.6804979253112033,0.24,0.39215686274509803,0.3269230769230769,0.5985401459854015,0.5294117647058824,0.7884615384615384,0.15517241379310345
0.61,0.51,0.4904214559386973,0.407863877939379,0.2191780821917808,0.6804979253112033,0.2191780821917808,0.39215686274509803,0.33962264150943394,0.5985401459854015,0.5333333333333333,0.7884615384615384,0.13793103448275862
0.61,0.53,0.4789272030651341,0.38546061578158236,0.14705882352941177,0.6804979253112033,0.14705882352941177,0.38095238095238093,0.3333333333333333,0.5985401459854015,0.5,0.7884615384615384,0.08620689655172414
0.61,0.55,0.4789272030651341,0.3849116991875477,0.15151515151515152,0.6804979253112033,0.15151515151515152,0.37735849056603776,0.3302752293577982,0.5985401459854015,0.625,0.7884615384615384,0.08620689655172414
0.61,0.57,0.4674329501915709,0.35934212429788776,0.06557377049180328,0.6804979253112033,0.06557377049180328,0.3669724770642202,0.32432432432432434,0.5985401459854015,0.6666666666666666,0.7884615384615384,0.034482758620689655
0.61,0.59,0.4674329501915709,0.35934212429788776,0.06557377049180328,0.6804979253112033,0.06557377049180328,0.3669724770642202,0.32432432432432434,0.5985401459854015,0.6666666666666666,0.7884615384615384,0.034482758620689655
0.61,0.61,0.4674329501915709,0.35934212429788776,0.06557377049180328,0.6804979253112033,0.06557377049180328,0.3669724770642202,0.32432432432432434,0.5985401459854015,0.6666666666666666,0.7884615384615384,0.034482758620689655
0.61,0.63,0.4674329501915709,0.35934212429788776,0.06557377049180328,0.6804979253112033,0.06557377049180328,0.3669724770642202,0.32432432432432434,0.5985401459854015,0.6666666666666666,0.7884615384615384,0.034482758620689655
0.61,0.65,0.4674329501915709,0.35934212429788776,0.06557377049180328,0.6804979253112033,0.06557377049180328,0.3669724770642202,0.32432432432432434,0.5985401459854015,0.6666666666666666,0.7884615384615384,0.034482758620689655
0.61,0.67,0.4674329501915709,0.35934212429788776,0.06557377049180328,0.6804979253112033,0.06557377049180328,0.3669724770642202,0.32432432432432434,0.5985401459854015,0.6666666666666666,0.7884615384615384,0.034482758620689655
0.61,0.69,0.46360153256704983,0.3505580767843321,0.03333333333333333,0.6804979253112033,0.03333333333333333,0.3669724770642202,0.32142857142857145,0.5985401459854015,0.5,0.7884615384615384,0.017241379310344827
0.61,0.71,0.46360153256704983,0.3505580767843321,0.03333333333333333,0.6804979253112033,0.03333333333333333,0.3669724770642202,0.32142857142857145,0.5985401459854015,0.5,0.7884615384615384,0.017241379310344827
0.61,0.73,0.45977011494252873,0.34151361829297094,0.0,0.6804979253112033,0.0,0.3669724770642202,0.3185840707964602,0.5985401459854015,0.0,0.7884615384615384,0.0
0.61,0.75,0.45977011494252873,0.3408149690149085,0.0,0.6804979253112033,0.0,0.3669724770642202,0.3157894736842105,0.5985401459854015,0.0,0.7884615384615384,0.0
0.61,0.77,0.45977011494252873,0.3408149690149085,0.0,0.6804979253112033,0.0,0.3669724770642202,0.3157894736842105,0.5985401459854015,0.0,0.7884615384615384,0.0
0.61,0.79,0.45977011494252873,0.3408149690149085,0.0,0.6804979253112033,0.0,0.3669724770642202,0.3157894736842105,0.5985401459854015,0.0,0.7884615384615384,0.0
0.61,0.81,0.45977011494252873,0.3408149690149085,0.0,0.6804979253112033,0.0,0.3669724770642202,0.3157894736842105,0.5985401459854015,0.0,0.7884615384615384,0.0
0.61,0.83,0.45977011494252873,0.3408149690149085,0.0,0.6804979253112033,0.0,0.3669724770642202,0.3157894736842105,0.5985401459854015,0.0,0.7884615384615384,0.0
0.61,0.85,0.45977011494252873,0.3408149690149085,0.0,0.6804979253112033,0.0,0.3669724770642202,0.3157894736842105,0.5985401459854015,0.0,0.7884615384615384,0.0
0.61,0.87,0.45977011494252873,0.3408149690149085,0.0,0.6804979253112033,0.0,0.3669724770642202,0.3157894736842105,0.5985401459854015,0.0,0.7884615384615384,0.0
0.61,0.89,0.45977011494252873,0.3408149690149085,0.0,0.6804979253112033,0.0,0.3669724770642202,0.3157894736842105,0.5985401459854015,0.0,0.7884615384615384,0.0
0.61,0.91,0.45977011494252873,0.3408149690149085,0.0,0.6804979253112033,0.0,0.3669724770642202,0.3157894736842105,0.5985401459854015,0.0,0.7884615384615384,0.0
0.61,0.93,0.45977011494252873,0.3408149690149085,0.0,0.6804979253112033,0.0,0.3669724770642202,0.3157894736842105,0.5985401459854015,0.0,0.7884615384615384,0.0
0.61,0.95,0.45977011494252873,0.3408149690149085,0.0,0.6804979253112033,0.0,0.3669724770642202,0.3157894736842105,0.5985401459854015,0.0,0.7884615384615384,0.0
0.63,0.05,0.39080459770114945,0.22189922480620156,0.0,0.6666666666666666,0.22093023255813954,0.0,0.0,0.5724137931034483,0.16666666666666666,0.7980769230769231,0.3275862068965517
0.63,0.07,0.39080459770114945,0.2222222222222222,0.0,0.6666666666666666,0.2222222222222222,0.0,0.0,0.5724137931034483,0.168141592920354,0.7980769230769231,0.3275862068965517
0.63,0.09,0.38697318007662834,0.22023809523809523,0.0,0.6666666666666666,0.21428571428571427,0.0,0.0,0.5724137931034483,0.16363636363636364,0.7980769230769231,0.3103448275862069
0.63,0.11,0.39080459770114945,0.23031664527171586,0.0,0.6666666666666666,0.21951219512195122,0.03508771929824561,0.0,0.5724137931034483,0.16981132075471697,0.7980769230769231,0.3103448275862069
0.63,0.13,0.38697318007662834,0.24001274506799072,0.03571428571428571,0.6666666666666666,0.189873417721519,0.06779661016949153,0.03571428571428571,0.5724137931034483,0.15,0.7980769230769231,0.25862068965517243
0.63,0.15,0.39080459770114945,0.24826232510658738,0.03571428571428571,0.6666666666666666,0.19230769230769232,0.09836065573770492,0.03571428571428571,0.5724137931034483,0.15306122448979592,0.7980769230769231,0.25862068965517243
0.63,0.17,0.40229885057471265,0.2724129281403767,0.06779661016949153,0.6666666666666666,0.20134228187919462,0.15384615384615385,0.06779661016949153,0.5724137931034483,0.16483516483516483,0.7980769230769231,0.25862068965517243
0.63,0.19,0.4061302681992337,0.2801048698167792,0.09836065573770492,0.6666666666666666,0.20833333333333334,0.14705882352941177,0.09836065573770492,0.5724137931034483,0.1744186046511628,0.7980769230769231,0.25862068965517243
0.63,0.21,0.421455938697318,0.3119528619528619,0.15151515151515152,0.6666666666666666,0.2074074074074074,0.2222222222222222,0.15151515151515152,0.5724137931034483,0.18181818181818182,0.7980769230769231,0.2413793103448276
0.63,0.23,0.4329501915708812,0.3338095238095238,0.20634920634920634,0.6666666666666666,0.20634920634920634,0.24,0.2222222222222222,0.5724137931034483,0.19117647058823528,0.7980769230769231,0.22413793103448276
0.63,0.25,0.44061302681992337,0.34501027093049075,0.21052631578947367,0.6666666666666666,0.21052631578947367,0.275,0.22784810126582278,0.5724137931034483,0.21428571428571427,0.7980769230769231,0.20689655172413793
0.63,0.27,0.4482758620689655,0.35585887968971436,0.22018348623853212,0.6666666666666666,0.22018348623853212,0.2682926829268293,0.2682926829268293,0.5724137931034483,0.23529411764705882,0.7980769230769231,0.20689655172413793
0.63,0.29,0.4559386973180077,0.3659766796761603,0.23300970873786409,0.6666666666666666,0.23300970873786409,0.2619047619047619,0.3023255813953488,0.5724137931034483,0.26666666666666666,0.7980769230769231,0.20689655172413793
0.63,0.31,0.45977011494252873,0.3711551287181539,0.22448979591836735,0.6666666666666666,0.22448979591836735,0.2823529411764706,0.3111111111111111,0.5724137931034483,0.275,0.7980769230769231,0.1896551724137931
0.63,0.33,0.4674329501915709,0.38190559672749486,0.2127659574468085,0.6666666666666666,0.2127659574468085,0.33707865168539325,0.3111111111111111,0.5724137931034483,0.2777777777777778,0.7980769230769231,0.1724137931034483
0.63,0.35,0.47509578544061304,0.3920223496310453,0.21978021978021978,0.6666666666666666,0.21978021978021978,0.35555555555555557,0.32608695652173914,0.5724137931034483,0.30303030303030304,0.7980769230769231,0.1724137931034483
0.63,0.37,0.48659003831417624,0.4067234999521516,0.22988505747126436,0.6666666666666666,0.22988505747126436,0.40425531914893614,0.32608695652173914,0.5724137931034483,0.3448275862068966,0.7980769230769231,0.1724137931034483
0.63,0.39,0.4904214559386973,0.41129685916919956,0.23809523809523808,0.6666666666666666,0.23809523809523808,0.4,0.3404255319148936,0.5724137931034483,0.38461538461538464,0.7980769230769231,0.1724137931034483
0.63,0.41,0.48659003831417624,0.40494825044860294,0.21686746987951808,0.6666666666666666,0.21686746987951808,0.3958333333333333,0.3404255319148936,0.5724137931034483,0.36,0.7980769230769231,0.15517241379310345
0.63,0.43,0.48659003831417624,0.40451388888888884,0.2222222222222222,0.6666666666666666,0.2222222222222222,0.3958333333333333,0.3333333333333333,0.5724137931034483,0.391304347826087,0.7980769230769231,0.15517241379310345
0.63,0.45,0.4904214559386973,0.40919570229240065,0.22784810126582278,0.6666666666666666,0.22784810126582278,0.3917525773195876,0.35051546391752575,0.5724137931034483,0.42857142857142855,0.7980769230769231,0.15517241379310345
0.63,0.47,0.48659003831417624,0.4022881880024737,0.2077922077922078,0.6666666666666666,0.2077922077922078,0.3877551020408163,0.3469387755102041,0.5724137931034483,0.42105263157894735,0.7980769230769231,0.13793103448275862
0.63,0.49,0.48659003831417624,0.40157930657930657,0.21621621621621623,0.6666666666666666,0.21621621621621623,0.38,0.3434343434343434,0.5724137931034483,0.5,0.7980769230769231,0.13793103448275862
0.63,0.51,0.48659003831417624,0.39938668866886684,0.19444444444444445,0.6666666666666666,0.19444444444444445,0.38,0.3564356435643564,0.5724137931034483,0.5,0.7980769230769231,0.1206896551724138
0.63,0.53,0.47509578544061304,0.3761290634207603,0.11940298507462686,0.6666666666666666,0.11940298507462686,0.36893203883495146,0.34951456310679613,0.5724137931034483,0.4444444444444444,0.7980769230769231,0.06896551724137931
0.63,0.55,0.47509578544061304,0.3753205128205128,0.12307692307692308,0.6666666666666666,0.12307692307692308,0.36538461538461536,0.34615384615384615,0.5724137931034483,0.5714285714285714,0.7980769230769231,0.06896551724137931
0.63,0.57,0.46360153256704983,0.34869070710633043,0.03333333333333333,0.6666666666666666,0.03333333333333333,0.35514018691588783,0.33962264150943394,0.5724137931034483,0.5,0.7980769230769231,0.017241379310344827
0.63,0.59,0.46360153256704983,0.34869070710633043,0.03333333333333333,0.6666666666666666,0.03333333333333333,0.35514018691588783,0.33962264150943394,0.5724137931034483,0.5,0.7980769230769231,0.017241379310344827
0.63,0.61,0.46360153256704983,0.34869070710633043,0.03333333333333333,0.6666666666666666,0.03333333333333333,0.35514018691588783,0.33962264150943394,0.5724137931034483,0.5,0.7980769230769231,0.017241379310344827
0.63,0.63,0.46360153256704983,0.34869070710633043,0.03333333333333333,0.6666666666666666,0.03333333333333333,0.35514018691588783,0.33962264150943394,0.5724137931034483,0.5,0.7980769230769231,0.017241379310344827
0.63,0.65,0.46360153256704983,0.34869070710633043,0.03333333333333333,0.6666666666666666,0.03333333333333333,0.35514018691588783,0.33962264150943394,0.5724137931034483,0.5,0.7980769230769231,0.017241379310344827
0.63,0.67,0.46360153256704983,0.34869070710633043,0.03333333333333333,0.6666666666666666,0.03333333333333333,0.35514018691588783,0.33962264150943394,0.5724137931034483,0.5,0.7980769230769231,0.017241379310344827
0.63,0.69,0.46360153256704983,0.34869070710633043,0.03333333333333333,0.6666666666666666,0.03333333333333333,0.35514018691588783,0.33962264150943394,0.5724137931034483,0.5,0.7980769230769231,0.017241379310344827
0.63,0.71,0.46360153256704983,0.34869070710633043,0.03333333333333333,0.6666666666666666,0.03333333333333333,0.35514018691588783,0.33962264150943394,0.5724137931034483,0.5,0.7980769230769231,0.017241379310344827
0.63,0.73,0.45977011494252873,0.3395638629283489,0.0,0.6666666666666666,0.0,0.35514018691588783,0.3364485981308411,0.5724137931034483,0.0,0.7980769230769231,0.0
0.63,0.75,0.45977011494252873,0.3387850467289719,0.0,0.6666666666666666,0.0,0.35514018691588783,0.3333333333333333,0.5724137931034483,0.0,0.7980769230769231,0.0
0.63,0.77,0.45977011494252873,0.3387850467289719,0.0,0.6666666666666666,0.0,0.35514018691588783,0.3333333333333333,0.5724137931034483,0.0,0.7980769230769231,0.0
0.63,0.79,0.45977011494252873,0.3387850467289719,0.0,0.6666666666666666,0.0,0.35514018691588783,0.3333333333333333,0.5724137931034483,0.0,0.7980769230769231,0.0
0.63,0.81,0.45977011494252873,0.3387850467289719,0.0,0.6666666666666666,0.0,0.35514018691588783,0.3333333333333333,0.5724137931034483,0.0,0.7980769230769231,0.0
0.63,0.83,0.45977011494252873,0.3387850467289719,0.0,0.6666666666666666,0.0,0.35514018691588783,0.3333333333333333,0.5724137931034483,0.0,0.7980769230769231,0.0
0.63,0.85,0.45977011494252873,0.3387850467289719,0.0,0.6666666666666666,0.0,0.35514018691588783,0.3333333333333333,0.5724137931034483,0.0,0.7980769230769231,0.0
0.63,0.87,0.45977011494252873,0.3387850467289719,0.0,0.6666666666666666,0.0,0.35514018691588783,0.3333333333333333,0.5724137931034483,0.0,0.7980769230769231,0.0
0.63,0.89,0.45977011494252873,0.3387850467289719,0.0,0.6666666666666666,0.0,0.35514018691588783,0.3333333333333333,0.5724137931034483,0.0,0.7980769230769231,0.0
0.63,0.91,0.45977011494252873,0.3387850467289719,0.0,0.6666666666666666,0.0,0.35514018691588783,0.3333333333333333,0.5724137931034483,0.0,0.7980769230769231,0.0
0.63,0.93,0.45977011494252873,0.3387850467289719,0.0,0.6666666666666666,0.0,0.35514018691588783,0.3333333333333333,0.5724137931034483,0.0,0.7980769230769231,0.0
0.63,0.95,0.45977011494252873,0.3387850467289719,0.0,0.6666666666666666,0.0,0.35514018691588783,0.3333333333333333,0.5724137931034483,0.0,0.7980769230769231,0.0
0.65,0.05,0.3946360153256705,0.22056107954545454,0.0,0.6640625,0.21818181818181817,0.0,0.0,0.5592105263157895,0.16822429906542055,0.8173076923076923,0.3103448275862069
0.65,0.07,0.3946360153256705,0.2208936737804878,0.0,0.6640625,0.21951219512195122,0.0,0.0,0.5592105263157895,0.16981132075471697,0.8173076923076923,0.3103448275862069
0.65,0.09,0.39080459770114945,0.2188106560559006,0.0,0.6640625,0.2111801242236025,0.0,0.0,0.5592105263157895,0.1650485436893204,0.8173076923076923,0.29310344827586204
0.65,0.11,0.3946360153256705,0.22892768221309642,0.0,0.6640625,0.21656050955414013,0.03508771929824561,0.0,0.5592105263157895,0.1717171717171717,0.8173076923076923,0.29310344827586204
0.65,0.13,0.39080459770114945,0.23825096486498407,0.03571428571428571,0.6640625,0.18543046357615894,0.06779661016949153,0.03571428571428571,0.5592105263157895,0.15053763440860216,0.8173076923076923,0.2413793103448276
0.65,0.15,0.3946360153256705,0.24651422613480972,0.03571428571428571,0.6640625,0.18791946308724833,0.09836065573770492,0.03571428571428571,0.5592105263157895,0.15384615384615385,0.8173076923076923,0.2413793103448276
0.65,0.17,0.4061302681992337,0.2707220906517987,0.06779661016949153,0.6640625,0.19718309859154928,0.15384615384615385,0.06779661016949153,0.5592105263157895,0.16666666666666666,0.8173076923076923,0.2413793103448276
0.65,0.19,0.4099616858237548,0.278465385327728,0.09836065573770492,0.6640625,0.20437956204379562,0.14705882352941177,0.09836065573770492,0.5592105263157895,0.17721518987341772,0.8173076923076923,0.2413793103448276
0.65,0.21,0.42528735632183906,0.3102312184343435,0.15151515151515152,0.6640625,0.203125,0.2222222222222222,0.15151515151515152,0.5592105263157895,0.18571428571428572,0.8173076923076923,0.22413793103448276
0.65,0.23,0.4367816091954023,0.33199134862278246,0.20168067226890757,0.6640625,0.20168067226890757,0.24,0.2222222222222222,0.5592105263157895,0.19672131147540983,0.8173076923076923,0.20689655172413793
0.65,0.25,0.44061302681992337,0.33791271525152056,0.2,0.6640625,0.2,0.2597402597402597,0.22784810126582278,0.5592105263157895,0.21153846153846154,0.8173076923076923,0.1896551724137931
0.65,0.27,0.4482758620689655,0.34876088735316607,0.20952380952380953,0.6640625,0.20952380952380953,0.25316455696202533,0.2682926829268293,0.5592105263157895,0.23404255319148937,0.8173076923076923,0.1896551724137931
0.65,0.29,0.4559386973180077,0.35888097096612115,0.2222222222222222,0.6640625,0.2222222222222222,0.24691358024691357,0.3023255813953488,0.5592105263157895,0.2682926829268293,0.8173076923076923,0.1896551724137931
0.65,0.31,0.45977011494252873,0.3640580628711872,0.2127659574468085,0.6640625,0.2127659574468085,0.2682926829268293,0.3111111111111111,0.5592105263157895,0.2777777777777778,0.8173076923076923,0.1724137931034483
0.65,0.33,0.4674329501915709,0.37518875161498705,0.2,0.6640625,0.2,0.32558139534883723,0.3111111111111111,0.5592105263157895,0.28125,0.8173076923076923,0.15517241379310345
0.65,0.35,0.47509578544061304,0.3854683986131934,0.20689655172413793,0.6640625,0.20689655172413793,0.3448275862068966,0.32608695652173914,0.5592105263157895,0.3103448275862069,0.8173076923076923,0.15517241379310345
0.65,0.37,0.48659003831417624,0.4006553305014132,0.21686746987951808,0.6640625,0.21686746987951808,0.3956043956043956,0.32608695652173914,0.5592105263157895,0.36,0.8173076923076923,0.15517241379310345
0.65,0.39,0.4904214559386973,0.40519809493524517,0.225,0.6640625,0.225,0.391304347826087,0.3404255319148936,0.5592105263157895,0.4090909090909091,0.8173076923076923,0.15517241379310345
0.65,0.41,0.48659003831417624,0.39852911291951554,0.20253164556962025,0.6640625,0.20253164556962025,0.3870967741935484,0.3404255319148936,0.5592105263157895,0.38095238095238093,0.8173076923076923,0.13793103448275862
0.65,0.43,0.48659003831417624,0.3980712038297724,0.2077922077922078,0.6640625,0.2077922077922078,0.3870967741935484,0.3333333333333333,0.5592105263157895,0.42105263157894735,0.8173076923076923,0.13793103448275862
0.65,0.45,0.4904214559386973,0.4027225051637786,0.21333333333333335,0.6640625,0.21333333333333335,0.3829787234042553,0.35051546391752575,0.5592105263157895,0.47058823529411764,0.8173076923076923,0.13793103448275862
0.65,0.47,0.48659003831417624,0.3954323664622662,0.1917808219178082,0.6640625,0.1917808219178082,0.37894736842105264,0.3469387755102041,0.5592105263157895,0.4666666666666667,0.8173076923076923,0.1206896551724138
0.65,0.49,0.48659003831417624,0.394657716013225,0.2,0.6640625,0.2,0.3711340206185567,0.3434343434343434,0.5592105263157895,0.5833333333333334,0.8173076923076923,0.1206896551724138
0.65,0.51,0.48659003831417624,0.39202568810455185,0.17647058823529413,0.6640625,0.17647058823529413,0.3711340206185567,0.3564356435643564,0.5592105263157895,0.6,0.8173076923076923,0.10344827586206896
0.65,0.53,0.47509578544061304,0.36720378958622285,0.09523809523809523,0.6640625,0.09523809523809523,0.36,0.34951456310679613,0.5592105263157895,0.6,0.8173076923076923,0.05172413793103448
0.65,0.55,0.47509578544061304,0.3662531613639769,0.09836065573770492,0.6640625,0.09836065573770492,0.3564356435643564,0.34615384615384615,0.5592105263157895,1.0,0.8173076923076923,0.05172413793103448
0.65,0.57,0.46360153256704983,0.33915657949500555,0.0,0.6640625,0.0,0.35294117647058826,0.33962264150943394,0.5592105263157895,0.0,0.8173076923076923,0.0
0.65,0.59,0.46360153256704983,0.33915657949500555,0.0,0.6640625,0.0,0.35294117647058826,0.33962264150943394,0.5592105263157895,0.0,0.8173076923076923,0.0
0.65,0.61,0.46360153256704983,0.33915657949500555,0.0,0.6640625,0.0,0.35294117647058826,0.33962264150943394,0.5592105263157895,0.0,0.8173076923076923,0.0
0.65,0.63,0.46360153256704983,0.33915657949500555,0.0,0.6640625,0.0,0.35294117647058826,0.33962264150943394,0.5592105263157895,0.0,0.8173076923076923,0.0
0.65,0.65,0.46360153256704983,0.33915657949500555,0.0,0.6640625,0.0,0.35294117647058826,0.33962264150943394,0.5592105263157895,0.0,0.8173076923076923,0.0
0.65,0.67,0.46360153256704983,0.33915657949500555,0.0,0.6640625,0.0,0.35294117647058826,0.33962264150943394,0.5592105263157895,0.0,0.8173076923076923,0.0
0.65,0.69,0.46360153256704983,0.33915657949500555,0.0,0.6640625,0.0,0.35294117647058826,0.33962264150943394,0.5592105263157895,0.0,0.8173076923076923,0.0
0.65,0.71,0.46360153256704983,0.33915657949500555,0.0,0.6640625,0.0,0.35294117647058826,0.33962264150943394,0.5592105263157895,0.0,0.8173076923076923,0.0
0.65,0.73,0.46360153256704983,0.33915657949500555,0.0,0.6640625,0.0,0.35294117647058826,0.33962264150943394,0.5592105263157895,0.0,0.8173076923076923,0.0
0.65,0.75,0.46360153256704983,0.33915657949500555,0.0,0.6640625,0.0,0.35294117647058826,0.33962264150943394,0.5592105263157895,0.0,0.8173076923076923,0.0
0.65,0.77,0.46360153256704983,0.33915657949500555,0.0,0.6640625,0.0,0.35294117647058826,0.33962264150943394,0.5592105263157895,0.0,0.8173076923076923,0.0
0.65,0.79,0.46360153256704983,0.33915657949500555,0.0,0.6640625,0.0,0.35294117647058826,0.33962264150943394,0.5592105263157895,0.0,0.8173076923076923,0.0
0.65,0.81,0.46360153256704983,0.33915657949500555,0.0,0.6640625,0.0,0.35294117647058826,0.33962264150943394,0.5592105263157895,0.0,0.8173076923076923,0.0
0.65,0.83,0.46360153256704983,0.33915657949500555,0.0,0.6640625,0.0,0.35294117647058826,0.33962264150943394,0.5592105263157895,0.0,0.8173076923076923,0.0
0.65,0.85,0.46360153256704983,0.33915657949500555,0.0,0.6640625,0.0,0.35294117647058826,0.33962264150943394,0.5592105263157895,0.0,0.8173076923076923,0.0
0.65,0.87,0.46360153256704983,0.33915657949500555,0.0,0.6640625,0.0,0.35294117647058826,0.33962264150943394,0.5592105263157895,0.0,0.8173076923076923,0.0
0.65,0.89,0.46360153256704983,0.33915657949500555,0.0,0.6640625,0.0,0.35294117647058826,0.33962264150943394,0.5592105263157895,0.0,0.8173076923076923,0.0
0.65,0.91,0.46360153256704983,0.33915657949500555,0.0,0.6640625,0.0,0.35294117647058826,0.33962264150943394,0.5592105263157895,0.0,0.8173076923076923,0.0
0.65,0.93,0.46360153256704983,0.33915657949500555,0.0,0.6640625,0.0,0.35294117647058826,0.33962264150943394,0.5592105263157895,0.0,0.8173076923076923,0.0
0.65,0.95,0.46360153256704983,0.33915657949500555,0.0,0.6640625,0.0,0.35294117647058826,0.33962264150943394,0.5592105263157895,0.0,0.8173076923076923,0.0
0.67,0.05,0.40229885057471265,0.21951602007334492,0.0,0.6742424242424242,0.20382165605095542,0.0,0.0,0.55625,0.16161616161616163,0.8557692307692307,0.27586206896551724
0.67,0.07,0.40229885057471265,0.21984265734265734,0.0,0.6742424242424242,0.20512820512820512,0.0,0.0,0.55625,0.16326530612244897,0.8557692307692307,0.27586206896551724
0.67,0.09,0.39846743295019155,0.2175802139037433,0.0,0.6742424242424242,0.19607843137254902,0.0,0.0,0.55625,0.15789473684210525,0.8557692307692307,0.25862068965517243
0.67,0.11,0.40229885057471265,0.22766810635496612,0.0,0.6742424242424242,0.20134228187919462,0.03508771929824561,0.0,0.55625,0.16483516483516483,0.8557692307692307,0.25862068965517243
0.67,0.13,0.40229885057471265,0.23973955658277693,0.03636363636363636,0.6742424242424242,0.18055555555555555,0.06779661016949153,0.03636363636363636,0.55625,0.1511627906976744,0.8557692307692307,0.22413793103448276
0.67,0.15,0.4061302681992337,0.2480163269732653,0.03636363636363636,0.6742424242424242,0.18309859154929578,0.09836065573770492,0.03636363636363636,0.55625,0.15476190476190477,0.8557692307692307,0.22413793103448276
0.67,0.17,0.41762452107279696,0.2724116719806375,0.06896551724137931,0.6742424242424242,0.1925925925925926,0.15384615384615385,0.06896551724137931,0.55625,0.16883116883116883,0.8557692307692307,0.22413793103448276
0.67,0.19,0.421455938697318,0.280325311942959,0.1,0.6742424242424242,0.2,0.14705882352941177,0.1,0.55625,0.18055555555555555,0.8557692307692307,0.22413793103448276
0.67,0.21,0.4367816091954023,0.31216447693720417,0.15384615384615385,0.6742424242424242,0.19834710743801653,0.2222222222222222,0.15384615384615385,0.55625,0.19047619047619047,0.8557692307692307,0.20689655172413793
0.67,0.23,0.4482758620689655,0.334005777086763,0.19642857142857142,0.6742424242424242,0.19642857142857142,0.24,0.22535211267605634,0.55625,0.2037037037037037,0.8557692307692307,0.1896551724137931
0.67,0.25,0.4521072796934866,0.33973166800836707,0.1941747572815534,0.6742424242424242,0.1941747572815534,0.2597402597402597,0.23076923076923078,0.55625,0.2222222222222222,0.8557692307692307,0.1724137931034483
0.67,0.27,0.45977011494252873,0.35077338803227887,0.20408163265306123,0.6742424242424242,0.20408163265306123,0.25316455696202533,0.2716049382716049,0.55625,0.25,0.8557692307692307,0.1724137931034483
0.67,0.29,0.4674329501915709,0.3611074154445851,0.21739130434782608,0.6742424242424242,0.21739130434782608,0.24691358024691357,0.3058823529411765,0.55625,0.29411764705882354,0.8557692307692307,0.1724137931034483
0.67,0.31,0.47126436781609193,0.3660096001166062,0.20689655172413793,0.6742424242424242,0.20689655172413793,0.2682926829268293,0.3146067415730337,0.55625,0.3103448275862069,0.8557692307692307,0.15517241379310345
0.67,0.33,0.47509578544061304,0.3713019273082062,0.19047619047619047,0.6742424242424242,0.19047619047619047,0.3058823529411765,0.3146067415730337,0.55625,0.3076923076923077,0.8557692307692307,0.13793103448275862
0.67,0.35,0.4827586206896552,0.3817562533647805,0.19753086419753085,0.6742424242424242,0.19753086419753085,0.32558139534883723,0.32967032967032966,0.55625,0.34782608695652173,0.8557692307692307,0.13793103448275862
0.67,0.37,0.4942528735632184,0.39737068487068483,0.2077922077922078,0.6742424242424242,0.2077922077922078,0.37777777777777777,0.32967032967032966,0.55625,0.42105263157894735,0.8557692307692307,0.13793103448275862
0.67,0.39,0.49808429118773945,0.40204275889759766,0.21621621621621623,0.6742424242424242,0.21621621621621623,0.37362637362637363,0.34408602150537637,0.55625,0.5,0.8557692307692307,0.13793103448275862
0.67,0.41,0.4942528735632184,0.3949186212642283,0.1917808219178082,0.6742424242424242,0.1917808219178082,0.3695652173913043,0.34408602150537637,0.55625,0.4666666666666667,0.8557692307692307,0.1206896551724138
0.67,0.43,0.4942528735632184,0.39466940449826665,0.19444444444444445,0.6742424242424242,0.19444444444444445,0.3695652173913043,0.3404255319148936,0.55625,0.5,0.8557692307692307,0.1206896551724138
0.67,0.45,0.49808429118773945,0.39943213973349795,0.2,0.6742424242424242,0.2,0.3655913978494624,0.35789473684210527,0.55625,0.5833333333333334,0.8557692307692307,0.1206896551724138
0.67,0.47,0.4942528735632184,0.3919380830555912,0.17391304347826086,0.6742424242424242,0.17391304347826086,0.3617021276595745,0.35789473684210527,0.55625,0.5454545454545454,0.8557692307692307,0.10344827586206896
0.67,0.49,0.4942528735632184,0.3913520763407841,0.1791044776119403,0.6742424242424242,0.1791044776119403,0.3541666666666667,0.35789473684210527,0.55625,0.6666666666666666,0.8557692307692307,0.10344827586206896
0.67,0.51,0.49808429118773945,0.3963068181818182,0.18181818181818182,0.6742424242424242,0.18181818181818182,0.3541666666666667,0.375,0.55625,0.75,0.8557692307692307,0.10344827586206896
0.67,0.53,0.48659003831417624,0.3713255830191314,0.0967741935483871,0.6742424242424242,0.0967741935483871,0.3469387755102041,0.3673469387755102,0.55625,0.75,0.8557692307692307,0.05172413793103448
0.67,0.55,0.48659003831417624,0.3708460905474957,0.09836065573770492,0.6742424242424242,0.09836065573770492,0.3434343434343434,0.3673469387755102,0.55625,1.0,0.8557692307692307,0.05172413793103448
0.67,0.57,0.47509578544061304,0.343560606060606,0.0,0.6742424242424242,0.0,0.34,0.36,0.55625,0.0,0.8557692307692307,0.0
0.67,0.59,0.47509578544061304,0.343560606060606,0.0,0.6742424242424242,0.0,0.34,0.36,0.55625,0.0,0.8557692307692307,0.0
0.67,0.61,0.47509578544061304,0.343560606060606,0.0,0.6742424242424242,0.0,0.34,0.36,0.55625,0.0,0.8557692307692307,0.0
0.67,0.63,0.47509578544061304,0.343560606060606,0.0,0.6742424242424242,0.0,0.34,0.36,0.55625,0.0,0.8557692307692307,0.0
0.67,0.65,0.47509578544061304,0.343560606060606,0.0,0.6742424242424242,0.0,0.34,0.36,0.55625,0.0,0.8557692307692307,0.0
0.67,0.67,0.47509578544061304,0.343560606060606,0.0,0.6742424242424242,0.0,0.34,0.36,0.55625,0.0,0.8557692307692307,0.0
0.67,0.69,0.47509578544061304,0.343560606060606,0.0,0.6742424242424242,0.0,0.34,0.36,0.55625,0.0,0.8557692307692307,0.0
0.67,0.71,0.47509578544061304,0.343560606060606,0.0,0.6742424242424242,0.0,0.34,0.36,0.55625,0.0,0.8557692307692307,0.0
0.67,0.73,0.47509578544061304,0.343560606060606,0.0,0.6742424242424242,0.0,0.34,0.36,0.55625,0.0,0.8557692307692307,0.0
0.67,0.75,0.47509578544061304,0.343560606060606,0.0,0.6742424242424242,0.0,0.34,0.36,0.55625,0.0,0.8557692307692307,0.0
0.67,0.77,0.47509578544061304,0.343560606060606,0.0,0.6742424242424242,0.0,0.34,0.36,0.55625,0.0,0.8557692307692307,0.0
0.67,0.79,0.47509578544061304,0.343560606060606,0.0,0.6742424242424242,0.0,0.34,0.36,0.55625,0.0,0.8557692307692307,0.0
0.67,0.81,0.47509578544061304,0.343560606060606,0.0,0.6742424242424242,0.0,0.34,0.36,0.55625,0.0,0.8557692307692307,0.0
0.67,0.83,0.47509578544061304,0.343560606060606,0.0,0.6742424242424242,0.0,0.34,0.36,0.55625,0.0,0.8557692307692307,0.0
0.67,0.85,0.47509578544061304,0.343560606060606,0.0,0.6742424242424242,0.0,0.34,0.36,0.55625,0.0,0.8557692307692307,0.0
0.67,0.87,0.47509578544061304,0.343560606060606,0.0,0.6742424242424242,0.0,0.34,0.36,0.55625,0.0,0.8557692307692307,0.0
0.67,0.89,0.47509578544061304,0.343560606060606,0.0,0.6742424242424242,0.0,0.34,0.36,0.55625,0.0,0.8557692307692307,0.0
0.67,0.91,0.47509578544061304,0.343560606060606,0.0,0.6742424242424242,0.0,0.34,0.36,0.55625,0.0,0.8557692307692307,0.0
0.67,0.93,0.47509578544061304,0.343560606060606,0.0,0.6742424242424242,0.0,0.34,0.36,0.55625,0.0,0.8557692307692307,0.0
0.67,0.95,0.47509578544061304,0.343560606060606,0.0,0.6742424242424242,0.0,0.34,0.36,0.55625,0.0,0.8557692307692307,0.0
0.69,0.05,0.39846743295019155,0.21242104224240033,0.0,0.6617647058823529,0.18791946308724833,0.0,0.0,0.5357142857142857,0.15384615384615385,0.8653846153846154,0.2413793103448276
0.69,0.07,0.39846743295019155,0.21273847376788552,0.0,0.6617647058823529,0.1891891891891892,0.0,0.0,0.5357142857142857,0.15555555555555556,0.8653846153846154,0.2413793103448276
0.69,0.09,0.3946360153256705,0.2102687626774848,0.0,0.6617647058823529,0.1793103448275862,0.0,0.0,0.5357142857142857,0.14942528735632185,0.8653846153846154,0.22413793103448276
0.69,0.11,0.39846743295019155,0.22031239707529146,0.0,0.6617647058823529,0.18439716312056736,0.03508771929824561,0.0,0.5357142857142857,0.1566265060240964,0.8653846153846154,0.22413793103448276
0.69,0.13,0.39846743295019155,0.23192241457445845,0.03636363636363636,0.6617647058823529,0.16176470588235295,0.06779661016949153,0.03636363636363636,0.5357142857142857,0.14102564102564102,0.8653846153846154,0.1896551724137931
0.69,0.15,0.40229885057471265,0.24016702561532655,0.03636363636363636,0.6617647058823529,0.16417910447761194,0.09836065573770492,0.03636363636363636,0.5357142857142857,0.14473684210526316,0.8653846153846154,0.1896551724137931
0.69,0.17,0.41379310344827586,0.26445118085664476,0.06896551724137931,0.6617647058823529,0.1732283464566929,0.15384615384615385,0.06896551724137931,0.5357142857142857,0.15942028985507245,0.8653846153846154,0.1896551724137931
0.69,0.19,0.41762452107279696,0.27228784956605595,0.1,0.6617647058823529,0.18032786885245902,0.14705882352941177,0.1,0.5357142857142857,0.171875,0.8653846153846154,0.1896551724137931
0.69,0.21,0.4329501915708812,0.30370605809830165,0.15384615384615385,0.6617647058823529,0.17699115044247787,0.2222222222222222,0.15384615384615385,0.5357142857142857,0.18181818181818182,0.8653846153846154,0.1724137931034483
0.69,0.23,0.4444444444444444,0.32504843540883305,0.17307692307692307,0.6617647058823529,0.17307692307692307,0.24,0.22535211267605634,0.5357142857142857,0.1956521739130435,0.8653846153846154,0.15517241379310345
0.69,0.25,0.4482758620689655,0.3305896245137731,0.16666666666666666,0.6617647058823529,0.16666666666666666,0.2631578947368421,0.23076923076923078,0.5357142857142857,0.21052631578947367,0.8653846153846154,0.13793103448275862
0.69,0.27,0.4559386973180077,0.3414010190970975,0.17582417582417584,0.6617647058823529,0.17582417582417584,0.2564102564102564,0.2716049382716049,0.5357142857142857,0.24242424242424243,0.8653846153846154,0.13793103448275862
0.69,0.29,0.45977011494252873,0.3458813758061364,0.18604651162790697,0.6617647058823529,0.18604651162790697,0.25,0.2857142857142857,0.5357142857142857,0.2857142857142857,0.8653846153846154,0.13793103448275862
0.69,0.31,0.46360153256704983,0.3504159239453357,0.1728395061728395,0.6617647058823529,0.1728395061728395,0.2716049382716049,0.29545454545454547,0.5357142857142857,0.30434782608695654,0.8653846153846154,0.1206896551724138
0.69,0.33,0.4674329501915709,0.35514730367671543,0.15384615384615385,0.6617647058823529,0.15384615384615385,0.30952380952380953,0.29545454545454547,0.5357142857142857,0.3,0.8653846153846154,0.10344827586206896
0.69,0.35,0.47509578544061304,0.3655718954248366,0.16,0.6617647058823529,0.16,0.32941176470588235,0.3111111111111111,0.5357142857142857,0.35294117647058826,0.8653846153846154,0.10344827586206896
0.69,0.37,0.4827586206896552,0.37579471182412355,0.16666666666666666,0.6617647058823529,0.16666666666666666,0.36363636363636365,0.3111111111111111,0.5357142857142857,0.42857142857142855,0.8653846153846154,0.10344827586206896
0.69,0.39,0.48659003831417624,0.38072914936725677,0.17142857142857143,0.6617647058823529,0.17142857142857143,0.36363636363636365,0.32608695652173914,0.5357142857142857,0.5,0.8653846153846154,0.10344827586206896
0.69,0.41,0.48659003831417624,0.38072914936725677,0.17142857142857143,0.6617647058823529,0.17142857142857143,0.36363636363636365,0.32608695652173914,0.5357142857142857,0.5,0.8653846153846154,0.10344827586206896
0.69,0.43,0.48659003831417624,0.38072914936725677,0.17142857142857143,0.6617647058823529,0.17142857142857143,0.36363636363636365,0.32608695652173914,0.5357142857142857,0.5,0.8653846153846154,0.10344827586206896
0.69,0.45,0.4904214559386973,0.3854679693551941,0.17647058823529413,0.6617647058823529,0.17647058823529413,0.3595505617977528,0.34408602150537637,0.5357142857142857,0.6,0.8653846153846154,0.10344827586206896
0.69,0.47,0.48659003831417624,0.3776650035716421,0.14925373134328357,0.6617647058823529,0.14925373134328357,0.35555555555555557,0.34408602150537637,0.5357142857142857,0.5555555555555556,0.8653846153846154,0.08620689655172414
0.69,0.49,0.48659003831417624,0.3772535576378081,0.15151515151515152,0.6617647058823529,0.15151515151515152,0.3516483516483517,0.34408602150537637,0.5357142857142857,0.625,0.8653846153846154,0.08620689655172414
0.69,0.51,0.4904214559386973,0.38224033475910824,0.15384615384615385,0.6617647058823529,0.15384615384615385,0.3516483516483517,0.3617021276595745,0.5357142857142857,0.7142857142857143,0.8653846153846154,0.08620689655172414
0.69,0.53,0.4789272030651341,0.35639779113654985,0.06557377049180328,0.6617647058823529,0.06557377049180328,0.34408602150537637,0.3541666666666667,0.5357142857142857,0.6666666666666666,0.8653846153846154,0.034482758620689655
0.69,0.55,0.4789272030651341,0.35575589278264497,0.06666666666666667,0.6617647058823529,0.06666666666666667,0.3404255319148936,0.3541666666666667,0.5357142857142857,1.0,0.8653846153846154,0.034482758620689655
0.69,0.57,0.47126436781609193,0.3372805687657592,0.0,0.6617647058823529,0.0,0.3368421052631579,0.35051546391752575,0.5357142857142857,0.0,0.8653846153846154,0.0
0.69,0.59,0.47126436781609193,0.3372805687657592,0.0,0.6617647058823529,0.0,0.3368421052631579,0.35051546391752575,0.5357142857142857,0.0,0.8653846153846154,0.0
0.69,0.61,0.47126436781609193,0.3372805687657592,0.0,0.6617647058823529,0.0,0.3368421052631579,0.35051546391752575,0.5357142857142857,0.0,0.8653846153846154,0.0
0.69,0.63,0.47126436781609193,0.3372805687657592,0.0,0.6617647058823529,0.0,0.3368421052631579,0.35051546391752575,0.5357142857142857,0.0,0.8653846153846154,0.0
0.69,0.65,0.47126436781609193,0.3372805687657592,0.0,0.6617647058823529,0.0,0.3368421052631579,0.35051546391752575,0.5357142857142857,0.0,0.8653846153846154,0.0
0.69,0.67,0.47126436781609193,0.3372805687657592,0.0,0.6617647058823529,0.0,0.3368421052631579,0.35051546391752575,0.5357142857142857,0.0,0.8653846153846154,0.0
0.69,0.69,0.47126436781609193,0.3372805687657592,0.0,0.6617647058823529,0.0,0.3368421052631579,0.35051546391752575,0.5357142857142857,0.0,0.8653846153846154,0.0
0.69,0.71,0.47126436781609193,0.3372805687657592,0.0,0.6617647058823529,0.0,0.3368421052631579,0.35051546391752575,0.5357142857142857,0.0,0.8653846153846154,0.0
0.69,0.73,0.47126436781609193,0.3372805687657592,0.0,0.6617647058823529,0.0,0.3368421052631579,0.35051546391752575,0.5357142857142857,0.0,0.8653846153846154,0.0
0.69,0.75,0.47126436781609193,0.3372805687657592,0.0,0.6617647058823529,0.0,0.3368421052631579,0.35051546391752575,0.5357142857142857,0.0,0.8653846153846154,0.0
0.69,0.77,0.47126436781609193,0.3372805687657592,0.0,0.6617647058823529,0.0,0.3368421052631579,0.35051546391752575,0.5357142857142857,0.0,0.8653846153846154,0.0
0.69,0.79,0.47126436781609193,0.3372805687657592,0.0,0.6617647058823529,0.0,0.3368421052631579,0.35051546391752575,0.5357142857142857,0.0,0.8653846153846154,0.0
0.69,0.81,0.47126436781609193,0.3372805687657592,0.0,0.6617647058823529,0.0,0.3368421052631579,0.35051546391752575,0.5357142857142857,0.0,0.8653846153846154,0.0
0.69,0.83,0.47126436781609193,0.3372805687657592,0.0,0.6617647058823529,0.0,0.3368421052631579,0.35051546391752575,0.5357142857142857,0.0,0.8653846153846154,0.0
0.69,0.85,0.47126436781609193,0.3372805687657592,0.0,0.6617647058823529,0.0,0.3368421052631579,0.35051546391752575,0.5357142857142857,0.0,0.8653846153846154,0.0
0.69,0.87,0.47126436781609193,0.3372805687657592,0.0,0.6617647058823529,0.0,0.3368421052631579,0.35051546391752575,0.5357142857142857,0.0,0.8653846153846154,0.0
0.69,0.89,0.47126436781609193,0.3372805687657592,0.0,0.6617647058823529,0.0,0.3368421052631579,0.35051546391752575,0.5357142857142857,0.0,0.8653846153846154,0.0
0.69,0.91,0.47126436781609193,0.3372805687657592,0.0,0.6617647058823529,0.0,0.3368421052631579,0.35051546391752575,0.5357142857142857,0.0,0.8653846153846154,0.0
0.69,0.93,0.47126436781609193,0.3372805687657592,0.0,0.6617647058823529,0.0,0.3368421052631579,0.35051546391752575,0.5357142857142857,0.0,0.8653846153846154,0.0
0.69,0.95,0.47126436781609193,0.3372805687657592,0.0,0.6617647058823529,0.0,0.3368421052631579,0.35051546391752575,0.5357142857142857,0.0,0.8653846153846154,0.0
0.71,0.05,0.39080459770114945,0.20412154031287605,0.0,0.6498194945848376,0.16666666666666666,0.0,0.0,0.5202312138728323,0.13953488372093023,0.8653846153846154,0.20689655172413793
0.71,0.07,0.39080459770114945,0.20441291560425134,0.0,0.6498194945848376,0.16783216783216784,0.0,0.0,0.5202312138728323,0.1411764705882353,0.8653846153846154,0.20689655172413793
0.71,0.09,0.38697318007662834,0.20174058793192368,0.0,0.6498194945848376,0.15714285714285714,0.0,0.0,0.5202312138728323,0.13414634146341464,0.8653846153846154,0.1896551724137931
0.71,0.11,0.39080459770114945,0.21166797994135902,0.0,0.6498194945848376,0.16176470588235295,0.03508771929824561,0.0,0.5202312138728323,0.14102564102564102,0.8653846153846154,0.1896551724137931
0.71,0.13,0.38697318007662834,0.21425738148319998,0.034482758620689655,0.6498194945848376,0.13636363636363635,0.034482758620689655,0.03636363636363636,0.5202312138728323,0.12162162162162163,0.8653846153846154,0.15517241379310345
0.71,0.15,0.39080459770114945,0.22282783401916978,0.03636363636363636,0.6498194945848376,0.13846153846153847,0.06666666666666667,0.03636363636363636,0.5202312138728323,0.125,0.8653846153846154,0.15517241379310345
0.71,0.17,0.40229885057471265,0.24753161881021277,0.06896551724137931,0.6498194945848376,0.14634146341463414,0.125,0.06896551724137931,0.5202312138728323,0.13846153846153847,0.8653846153846154,0.15517241379310345
0.71,0.19,0.4061302681992337,0.2554412131352051,0.1,0.6498194945848376,0.15254237288135594,0.11940298507462686,0.1,0.5202312138728323,0.15,0.8653846153846154,0.15517241379310345
0.71,0.21,0.421455938697318,0.2869094344620572,0.14678899082568808,0.6498194945848376,0.14678899082568808,0.19718309859154928,0.15384615384615385,0.5202312138728323,0.1568627450980392,0.8653846153846154,0.13793103448275862
0.71,0.23,0.4329501915708812,0.3078469558692775,0.14,0.6498194945848376,0.14,0.21621621621621623,0.22535211267605634,0.5202312138728323,0.16666666666666666,0.8653846153846154,0.1206896551724138
0.71,0.25,0.4367816091954023,0.312755876990691,0.13043478260869565,0.6498194945848376,0.13043478260869565,0.24,0.23076923076923078,0.5202312138728323,0.17647058823529413,0.8653846153846154,0.10344827586206896
0.71,0.27,0.4444444444444444,0.3232804252763587,0.13793103448275862,0.6498194945848376,0.13793103448275862,0.23376623376623376,0.2716049382716049,0.5202312138728323,0.20689655172413793,0.8653846153846154,0.10344827586206896
0.71,0.29,0.4482758620689655,0.327430836244895,0.14634146341463414,0.6498194945848376,0.14634146341463414,0.22784810126582278,0.2857142857142857,0.5202312138728323,0.25,0.8653846153846154,0.10344827586206896
0.71,0.31,0.4559386973180077,0.3381290557859088,0.15384615384615385,0.6498194945848376,0.15384615384615385,0.25,0.2988505747126437,0.5202312138728323,0.3,0.8653846153846154,0.10344827586206896
0.71,0.33,0.4559386973180077,0.3371354248981829,0.13157894736842105,0.6498194945848376,0.13157894736842105,0.2682926829268293,0.2988505747126437,0.5202312138728323,0.2777777777777778,0.8653846153846154,0.08620689655172414
0.71,0.35,0.46360153256704983,0.3476422910084396,0.136986301369863,0.6498194945848376,0.136986301369863,0.2891566265060241,0.3146067415730337,0.5202312138728323,0.3333333333333333,0.8653846153846154,0.08620689655172414
0.71,0.37,0.4674329501915709,0.3527884148803957,0.14084507042253522,0.6498194945848376,0.14084507042253522,0.3058823529411765,0.3146067415730337,0.5202312138728323,0.38461538461538464,0.8653846153846154,0.08620689655172414
0.71,0.39,0.47126436781609193,0.3575749283570569,0.14492753623188406,0.6498194945848376,0.14492753623188406,0.3058823529411765,0.32967032967032966,0.5202312138728323,0.45454545454545453,0.8653846153846154,0.08620689655172414
0.71,0.41,0.47126436781609193,0.3575749283570569,0.14492753623188406,0.6498194945848376,0.14492753623188406,0.3058823529411765,0.32967032967032966,0.5202312138728323,0.45454545454545453,0.8653846153846154,0.08620689655172414
0.71,0.43,0.47126436781609193,0.3575749283570569,0.14492753623188406,0.6498194945848376,0.14492753623188406,0.3058823529411765,0.32967032967032966,0.5202312138728323,0.45454545454545453,0.8653846153846154,0.08620689655172414
0.71,0.45,0.47509578544061304,0.3623062235699979,0.14925373134328357,0.6498194945848376,0.14925373134328357,0.3023255813953488,0.34782608695652173,0.5202312138728323,0.5555555555555556,0.8653846153846154,0.08620689655172414
0.71,0.47,0.47126436781609193,0.35442706936653107,0.12121212121212122,0.6498194945848376,0.12121212121212122,0.2988505747126437,0.34782608695652173,0.5202312138728323,0.5,0.8653846153846154,0.06896551724137931
0.71,0.49,0.47126436781609193,0.354044262518207,0.12307692307692308,0.6498194945848376,0.12307692307692308,0.29545454545454547,0.34782608695652173,0.5202312138728323,0.5714285714285714,0.8653846153846154,0.06896551724137931
0.71,0.51,0.47509578544061304,0.35896635947221134,0.125,0.6498194945848376,0.125,0.29545454545454547,0.3655913978494624,0.5202312138728323,0.6666666666666666,0.8653846153846154,0.06896551724137931
0.71,0.53,0.4674329501915709,0.34135570834485507,0.06557377049180328,0.6498194945848376,0.06557377049180328,0.29213483146067415,0.35789473684210527,0.5202312138728323,0.6666666666666666,0.8653846153846154,0.034482758620689655
0.71,0.55,0.4674329501915709,0.3408174467456246,0.06666666666666667,0.6498194945848376,0.06666666666666667,0.28888888888888886,0.35789473684210527,0.5202312138728323,1.0,0.8653846153846154,0.034482758620689655
0.71,0.57,0.45977011494252873,0.3224251117414475,0.0,0.6498194945848376,0.0,0.2857142857142857,0.3541666666666667,0.5202312138728323,0.0,0.8653846153846154,0.0
0.71,0.59,0.45977011494252873,0.3224251117414475,0.0,0.6498194945848376,0.0,0.2857142857142857,0.3541666666666667,0.5202312138728323,0.0,0.8653846153846154,0.0
0.71,0.61,0.45977011494252873,0.3224251117414475,0.0,0.6498194945848376,0.0,0.2857142857142857,0.3541666666666667,0.5202312138728323,0.0,0.8653846153846154,0.0
0.71,0.63,0.45977011494252873,0.3224251117414475,0.0,0.6498194945848376,0.0,0.2857142857142857,0.3541666666666667,0.5202312138728323,0.0,0.8653846153846154,0.0
0.71,0.65,0.45977011494252873,0.3224251117414475,0.0,0.6498194945848376,0.0,0.2857142857142857,0.3541666666666667,0.5202312138728323,0.0,0.8653846153846154,0.0
0.71,0.67,0.45977011494252873,0.3224251117414475,0.0,0.6498194945848376,0.0,0.2857142857142857,0.3541666666666667,0.5202312138728323,0.0,0.8653846153846154,0.0
0.71,0.69,0.45977011494252873,0.3224251117414475,0.0,0.6498194945848376,0.0,0.2857142857142857,0.3541666666666667,0.5202312138728323,0.0,0.8653846153846154,0.0
0.71,0.71,0.45977011494252873,0.3224251117414475,0.0,0.6498194945848376,0.0,0.2857142857142857,0.3541666666666667,0.5202312138728323,0.0,0.8653846153846154,0.0
0.71,0.73,0.45977011494252873,0.3224251117414475,0.0,0.6498194945848376,0.0,0.2857142857142857,0.3541666666666667,0.5202312138728323,0.0,0.8653846153846154,0.0
0.71,0.75,0.45977011494252873,0.3224251117414475,0.0,0.6498194945848376,0.0,0.2857142857142857,0.3541666666666667,0.5202312138728323,0.0,0.8653846153846154,0.0
0.71,0.77,0.45977011494252873,0.3224251117414475,0.0,0.6498194945848376,0.0,0.2857142857142857,0.3541666666666667,0.5202312138728323,0.0,0.8653846153846154,0.0
0.71,0.79,0.45977011494252873,0.3224251117414475,0.0,0.6498194945848376,0.0,0.2857142857142857,0.3541666666666667,0.5202312138728323,0.0,0.8653846153846154,0.0
0.71,0.81,0.45977011494252873,0.3224251117414475,0.0,0.6498194945848376,0.0,0.2857142857142857,0.3541666666666667,0.5202312138728323,0.0,0.8653846153846154,0.0
0.71,0.83,0.45977011494252873,0.3224251117414475,0.0,0.6498194945848376,0.0,0.2857142857142857,0.3541666666666667,0.5202312138728323,0.0,0.8653846153846154,0.0
0.71,0.85,0.45977011494252873,0.3224251117414475,0.0,0.6498194945848376,0.0,0.2857142857142857,0.3541666666666667,0.5202312138728323,0.0,0.8653846153846154,0.0
0.71,0.87,0.45977011494252873,0.3224251117414475,0.0,0.6498194945848376,0.0,0.2857142857142857,0.3541666666666667,0.5202312138728323,0.0,0.8653846153846154,0.0
0.71,0.89,0.45977011494252873,0.3224251117414475,0.0,0.6498194945848376,0.0,0.2857142857142857,0.3541666666666667,0.5202312138728323,0.0,0.8653846153846154,0.0
0.71,0.91,0.45977011494252873,0.3224251117414475,0.0,0.6498194945848376,0.0,0.2857142857142857,0.3541666666666667,0.5202312138728323,0.0,0.8653846153846154,0.0
0.71,0.93,0.45977011494252873,0.3224251117414475,0.0,0.6498194945848376,0.0,0.2857142857142857,0.3541666666666667,0.5202312138728323,0.0,0.8653846153846154,0.0
0.71,0.95,0.45977011494252873,0.3224251117414475,0.0,0.6498194945848376,0.0,0.2857142857142857,0.3541666666666667,0.5202312138728323,0.0,0.8653846153846154,0.0
0.73,0.05,0.38697318007662834,0.19859668962681198,0.0,0.6338028169014085,0.16058394160583941,0.0,0.0,0.5,0.13924050632911392,0.8653846153846154,0.1896551724137931
0.73,0.07,0.38697318007662834,0.19889188069594035,0.0,0.6338028169014085,0.16176470588235295,0.0,0.0,0.5,0.14102564102564102,0.8653846153846154,0.1896551724137931
0.73,0.09,0.3831417624521073,0.19604468918775814,0.0,0.6338028169014085,0.15037593984962405,0.0,0.0,0.5,0.13333333333333333,0.8653846153846154,0.1724137931034483
0.73,0.11,0.38697318007662834,0.20598232397239416,0.0,0.6338028169014085,0.15503875968992248,0.03508771929824561,0.0,0.5,0.14084507042253522,0.8653846153846154,0.1724137931034483
0.73,0.13,0.3831417624521073,0.20816230297143362,0.034482758620689655,0.6338028169014085,0.128,0.034482758620689655,0.03636363636363636,0.5,0.11940298507462686,0.8653846153846154,0.13793103448275862
0.73,0.15,0.38697318007662834,0.21672860518617992,0.03636363636363636,0.6338028169014085,0.13008130081300814,0.06666666666666667,0.03636363636363636,0.5,0.12307692307692308,0.8653846153846154,0.13793103448275862
0.73,0.17,0.39846743295019155,0.24142484215638663,0.06896551724137931,0.6338028169014085,0.13793103448275862,0.125,0.06896551724137931,0.5,0.13793103448275862,0.8653846153846154,0.13793103448275862
0.73,0.19,0.40229885057471265,0.24943946502185388,0.1016949152542373,0.6338028169014085,0.14285714285714285,0.11940298507462686,0.1016949152542373,0.5,0.14814814814814814,0.8653846153846154,0.13793103448275862
0.73,0.21,0.41762452107279696,0.28078956139751127,0.13592233009708737,0.6338028169014085,0.13592233009708737,0.19718309859154928,0.15625,0.5,0.15555555555555556,0.8653846153846154,0.1206896551724138
0.73,0.23,0.42911877394636017,0.3015625090392846,0.1276595744680851,0.6338028169014085,0.1276595744680851,0.21621621621621623,0.22857142857142856,0.5,0.16666666666666666,0.8653846153846154,0.10344827586206896
0.73,0.25,0.4329501915708812,0.3063968627250496,0.11494252873563218,0.6338028169014085,0.11494252873563218,0.24,0.23684210526315788,0.5,0.1724137931034483,0.8653846153846154,0.08620689655172414
0.73,0.27,0.4367816091954023,0.3111153086971855,0.12048192771084337,0.6338028169014085,0.12048192771084337,0.23376623376623376,0.2564102564102564,0.5,0.2,0.8653846153846154,0.08620689655172414
0.73,0.29,0.44061302681992337,0.3153652461609911,0.1282051282051282,0.6338028169014085,0.1282051282051282,0.22784810126582278,0.2716049382716049,0.5,0.25,0.8653846153846154,0.08620689655172414
0.73,0.31,0.4482758620689655,0.3265731941851915,0.13333333333333333,0.6338028169014085,0.13333333333333333,0.25,0.2891566265060241,0.5,0.29411764705882354,0.8653846153846154,0.08620689655172414
0.73,0.33,0.4482758620689655,0.3252102918575381,0.1095890410958904,0.6338028169014085,0.1095890410958904,0.2682926829268293,0.2891566265060241,0.5,0.26666666666666666,0.8653846153846154,0.06896551724137931
0.73,0.35,0.4559386973180077,0.33578187765858086,0.11428571428571428,0.6338028169014085,0.11428571428571428,0.2891566265060241,0.3058823529411765,0.5,0.3333333333333333,0.8653846153846154,0.06896551724137931
0.73,0.37,0.45977011494252873,0.34080364540182273,0.11764705882352941,0.6338028169014085,0.11764705882352941,0.3058823529411765,0.3058823529411765,0.5,0.4,0.8653846153846154,0.06896551724137931
0.73,0.39,0.46360153256704983,0.34616738756651233,0.11940298507462686,0.6338028169014085,0.11940298507462686,0.3058823529411765,0.32558139534883723,0.5,0.4444444444444444,0.8653846153846154,0.06896551724137931
0.73,0.41,0.46360153256704983,0.34616738756651233,0.11940298507462686,0.6338028169014085,0.11940298507462686,0.3058823529411765,0.32558139534883723,0.5,0.4444444444444444,0.8653846153846154,0.06896551724137931
0.73,0.43,0.46360153256704983,0.34616738756651233,0.11940298507462686,0.6338028169014085,0.11940298507462686,0.3058823529411765,0.32558139534883723,0.5,0.4444444444444444,0.8653846153846154,0.06896551724137931
0.73,0.45,0.4674329501915709,0.35100822689514427,0.12307692307692308,0.6338028169014085,0.12307692307692308,0.3023255813953488,0.3448275862068966,0.5,0.5714285714285714,0.8653846153846154,0.06896551724137931
0.73,0.47,0.46360153256704983,0.3428077444552372,0.09375,0.6338028169014085,0.09375,0.2988505747126437,0.3448275862068966,0.5,0.5,0.8653846153846154,0.05172413793103448
0.73,0.49,0.46360153256704983,0.3428077444552372,0.09375,0.6338028169014085,0.09375,0.2988505747126437,0.3448275862068966,0.5,0.5,0.8653846153846154,0.05172413793103448
0.73,0.51,0.4674329501915709,0.3478819626221278,0.09523809523809523,0.6338028169014085,0.09523809523809523,0.2988505747126437,0.36363636363636365,0.5,0.6,0.8653846153846154,0.05172413793103448
0.73,0.53,0.45977011494252873,0.32953656281121074,0.03333333333333333,0.6338028169014085,0.03333333333333333,0.29545454545454547,0.35555555555555557,0.5,0.5,0.8653846153846154,0.017241379310344827
0.73,0.55,0.45977011494252873,0.328847877250596,0.03389830508474576,0.6338028169014085,0.03389830508474576,0.29213483146067415,0.35555555555555557,0.5,1.0,0.8653846153846154,0.017241379310344827
0.73,0.57,0.4559386973180077,0.3193965000026086,0.0,0.6338028169014085,0.0,0.29213483146067415,0.3516483516483517,0.5,0.0,0.8653846153846154,0.0
0.73,0.59,0.4559386973180077,0.3193965000026086,0.0,0.6338028169014085,0.0,0.29213483146067415,0.3516483516483517,0.5,0.0,0.8653846153846154,0.0
0.73,0.61,0.4559386973180077,0.3193965000026086,0.0,0.6338028169014085,0.0,0.29213483146067415,0.3516483516483517,0.5,0.0,0.8653846153846154,0.0
0.73,0.63,0.4559386973180077,0.3193965000026086,0.0,0.6338028169014085,0.0,0.29213483146067415,0.3516483516483517,0.5,0.0,0.8653846153846154,0.0
0.73,0.65,0.4559386973180077,0.3193965000026086,0.0,0.6338028169014085,0.0,0.29213483146067415,0.3516483516483517,0.5,0.0,0.8653846153846154,0.0
0.73,0.67,0.4559386973180077,0.3193965000026086,0.0,0.6338028169014085,0.0,0.29213483146067415,0.3516483516483517,0.5,0.0,0.8653846153846154,0.0
0.73,0.69,0.4559386973180077,0.3193965000026086,0.0,0.6338028169014085,0.0,0.29213483146067415,0.3516483516483517,0.5,0.0,0.8653846153846154,0.0
0.73,0.71,0.4559386973180077,0.3193965000026086,0.0,0.6338028169014085,0.0,0.29213483146067415,0.3516483516483517,0.5,0.0,0.8653846153846154,0.0
0.73,0.73,0.4559386973180077,0.3193965000026086,0.0,0.6338028169014085,0.0,0.29213483146067415,0.3516483516483517,0.5,0.0,0.8653846153846154,0.0
0.73,0.75,0.4559386973180077,0.3193965000026086,0.0,0.6338028169014085,0.0,0.29213483146067415,0.3516483516483517,0.5,0.0,0.8653846153846154,0.0
0.73,0.77,0.4559386973180077,0.3193965000026086,0.0,0.6338028169014085,0.0,0.29213483146067415,0.3516483516483517,0.5,0.0,0.8653846153846154,0.0
0.73,0.79,0.4559386973180077,0.3193965000026086,0.0,0.6338028169014085,0.0,0.29213483146067415,0.3516483516483517,0.5,0.0,0.8653846153846154,0.0
0.73,0.81,0.4559386973180077,0.3193965000026086,0.0,0.6338028169014085,0.0,0.29213483146067415,0.3516483516483517,0.5,0.0,0.8653846153846154,0.0
0.73,0.83,0.4559386973180077,0.3193965000026086,0.0,0.6338028169014085,0.0,0.29213483146067415,0.3516483516483517,0.5,0.0,0.8653846153846154,0.0
0.73,0.85,0.4559386973180077,0.3193965000026086,0.0,0.6338028169014085,0.0,0.29213483146067415,0.3516483516483517,0.5,0.0,0.8653846153846154,0.0
0.73,0.87,0.4559386973180077,0.3193965000026086,0.0,0.6338028169014085,0.0,0.29213483146067415,0.3516483516483517,0.5,0.0,0.8653846153846154,0.0
0.73,0.89,0.4559386973180077,0.3193965000026086,0.0,0.6338028169014085,0.0,0.29213483146067415,0.3516483516483517,0.5,0.0,0.8653846153846154,0.0
0.73,0.91,0.4559386973180077,0.3193965000026086,0.0,0.6338028169014085,0.0,0.29213483146067415,0.3516483516483517,0.5,0.0,0.8653846153846154,0.0
0.73,0.93,0.4559386973180077,0.3193965000026086,0.0,0.6338028169014085,0.0,0.29213483146067415,0.3516483516483517,0.5,0.0,0.8653846153846154,0.0
0.73,0.95,0.4559386973180077,0.3193965000026086,0.0,0.6338028169014085,0.0,0.29213483146067415,0.3516483516483517,0.5,0.0,0.8653846153846154,0.0
0.75,0.05,0.38697318007662834,0.19413198350206223,0.0,0.6190476190476191,0.15748031496062992,0.0,0.0,0.4789473684210526,0.14492753623188406,0.875,0.1724137931034483
0.75,0.07,0.38697318007662834,0.19444444444444445,0.0,0.6190476190476191,0.15873015873015872,0.0,0.0,0.4789473684210526,0.14705882352941177,0.875,0.1724137931034483
0.75,0.09,0.3831417624521073,0.19105222734254992,0.0,0.6190476190476191,0.14516129032258066,0.0,0.0,0.4789473684210526,0.13636363636363635,0.875,0.15517241379310345
0.75,0.11,0.38697318007662834,0.2011904761904762,0.0,0.6190476190476191,0.15,0.03571428571428571,0.0,0.4789473684210526,0.14516129032258066,0.875,0.15517241379310345
0.75,0.13,0.3831417624521073,0.20279715747047872,0.03508771929824561,0.6190476190476191,0.1206896551724138,0.03508771929824561,0.03636363636363636,0.4789473684210526,0.1206896551724138,0.875,0.1206896551724138
0.75,0.15,0.3831417624521073,0.2029082861166819,0.034482758620689655,0.6190476190476191,0.12173913043478261,0.034482758620689655,0.03636363636363636,0.4789473684210526,0.12280701754385964,0.875,0.1206896551724138
0.75,0.17,0.39080459770114945,0.22050681843831968,0.06557377049180328,0.6190476190476191,0.12844036697247707,0.06557377049180328,0.06896551724137931,0.4789473684210526,0.13725490196078433,0.875,0.1206896551724138
0.75,0.19,0.3946360153256705,0.2291439669087974,0.0625,0.6190476190476191,0.13333333333333333,0.0625,0.1016949152542373,0.4789473684210526,0.14893617021276595,0.875,0.1206896551724138
0.75,0.21,0.4061302681992337,0.2543969200583459,0.12244897959183673,0.6190476190476191,0.12244897959183673,0.14705882352941177,0.12903225806451613,0.4789473684210526,0.15,0.875,0.10344827586206896
0.75,0.23,0.41762452107279696,0.2765759017644089,0.11235955056179775,0.6190476190476191,0.11235955056179775,0.16901408450704225,0.20588235294117646,0.4789473684210526,0.16129032258064516,0.875,0.08620689655172414
0.75,0.25,0.421455938697318,0.2818173138295089,0.0975609756097561,0.6190476190476191,0.0975609756097561,0.19444444444444445,0.21621621621621623,0.4789473684210526,0.16666666666666666,0.875,0.06896551724137931
0.75,0.27,0.42528735632183906,0.2869107540160172,0.10256410256410256,0.6190476190476191,0.10256410256410256,0.1891891891891892,0.23684210526315788,0.4789473684210526,0.2,0.875,0.06896551724137931
0.75,0.29,0.42911877394636017,0.29150293585533105,0.1095890410958904,0.6190476190476191,0.1095890410958904,0.18421052631578946,0.25316455696202533,0.4789473684210526,0.26666666666666666,0.875,0.06896551724137931
0.75,0.31,0.4367816091954023,0.3031826198492865,0.11428571428571428,0.6190476190476191,0.11428571428571428,0.2077922077922078,0.2716049382716049,0.4789473684210526,0.3333333333333333,0.875,0.06896551724137931
0.75,0.33,0.4329501915708812,0.2956843210466399,0.08695652173913043,0.6190476190476191,0.08695652173913043,0.20512820512820512,0.2716049382716049,0.4789473684210526,0.2727272727272727,0.875,0.05172413793103448
0.75,0.35,0.44061302681992337,0.30674035943213923,0.09090909090909091,0.6190476190476191,0.09090909090909091,0.22784810126582278,0.2891566265060241,0.4789473684210526,0.375,0.875,0.05172413793103448
0.75,0.37,0.44061302681992337,0.3063779844653339,0.09230769230769231,0.6190476190476191,0.09230769230769231,0.225,0.2891566265060241,0.4789473684210526,0.42857142857142855,0.875,0.05172413793103448
0.75,0.39,0.44061302681992337,0.3063779844653339,0.09230769230769231,0.6190476190476191,0.09230769230769231,0.225,0.2891566265060241,0.4789473684210526,0.42857142857142855,0.875,0.05172413793103448
0.75,0.41,0.44061302681992337,0.3063779844653339,0.09230769230769231,0.6190476190476191,0.09230769230769231,0.225,0.2891566265060241,0.4789473684210526,0.42857142857142855,0.875,0.05172413793103448
0.75,0.43,0.44061302681992337,0.3063779844653339,0.09230769230769231,0.6190476190476191,0.09230769230769231,0.225,0.2891566265060241,0.4789473684210526,0.42857142857142855,0.875,0.05172413793103448
0.75,0.45,0.4444444444444444,0.3118303571428571,0.09375,0.6190476190476191,0.09375,0.225,0.30952380952380953,0.4789473684210526,0.5,0.875,0.05172413793103448
0.75,0.47,0.44061302681992337,0.3035714285714286,0.06349206349206349,0.6190476190476191,0.06349206349206349,0.2222222222222222,0.30952380952380953,0.4789473684210526,0.4,0.875,0.034482758620689655
0.75,0.49,0.44061302681992337,0.3035714285714286,0.06349206349206349,0.6190476190476191,0.06349206349206349,0.2222222222222222,0.30952380952380953,0.4789473684210526,0.4,0.875,0.034482758620689655
0.75,0.51,0.4444444444444444,0.3087994337519954,0.06451612903225806,0.6190476190476191,0.06451612903225806,0.2222222222222222,0.32941176470588235,0.4789473684210526,0.5,0.875,0.034482758620689655
0.75,0.53,0.44061302681992337,0.2993686357129352,0.03333333333333333,0.6190476190476191,0.03333333333333333,0.21951219512195122,0.32558139534883723,0.4789473684210526,0.5,0.875,0.017241379310344827
0.75,0.55,0.44061302681992337,0.29884869734018005,0.03389830508474576,0.6190476190476191,0.03389830508474576,0.21686746987951808,0.32558139534883723,0.4789473684210526,1.0,0.875,0.017241379310344827
0.75,0.57,0.4367816091954023,0.28943854234672683,0.0,0.6190476190476191,0.0,0.21686746987951808,0.3218390804597701,0.4789473684210526,0.0,0.875,0.0
0.75,0.59,0.4367816091954023,0.28943854234672683,0.0,0.6190476190476191,0.0,0.21686746987951808,0.3218390804597701,0.4789473684210526,0.0,0.875,0.0
0.75,0.61,0.4367816091954023,0.28943854234672683,0.0,0.6190476190476191,0.0,0.21686746987951808,0.3218390804597701,0.4789473684210526,0.0,0.875,0.0
0.75,0.63,0.4367816091954023,0.28943854234672683,0.0,0.6190476190476191,0.0,0.21686746987951808,0.3218390804597701,0.4789473684210526,0.0,0.875,0.0
0.75,0.65,0.4367816091954023,0.28943854234672683,0.0,0.6190476190476191,0.0,0.21686746987951808,0.3218390804597701,0.4789473684210526,0.0,0.875,0.0
0.75,0.67,0.4367816091954023,0.28943854234672683,0.0,0.6190476190476191,0.0,0.21686746987951808,0.3218390804597701,0.4789473684210526,0.0,0.875,0.0
0.75,0.69,0.4367816091954023,0.28943854234672683,0.0,0.6190476190476191,0.0,0.21686746987951808,0.3218390804597701,0.4789473684210526,0.0,0.875,0.0
0.75,0.71,0.4367816091954023,0.28943854234672683,0.0,0.6190476190476191,0.0,0.21686746987951808,0.3218390804597701,0.4789473684210526,0.0,0.875,0.0
0.75,0.73,0.4367816091954023,0.28943854234672683,0.0,0.6190476190476191,0.0,0.21686746987951808,0.3218390804597701,0.4789473684210526,0.0,0.875,0.0
0.75,0.75,0.4367816091954023,0.28943854234672683,0.0,0.6190476190476191,0.0,0.21686746987951808,0.3218390804597701,0.4789473684210526,0.0,0.875,0.0
0.75,0.77,0.4367816091954023,0.28943854234672683,0.0,0.6190476190476191,0.0,0.21686746987951808,0.3218390804597701,0.4789473684210526,0.0,0.875,0.0
0.75,0.79,0.4367816091954023,0.28943854234672683,0.0,0.6190476190476191,0.0,0.21686746987951808,0.3218390804597701,0.4789473684210526,0.0,0.875,0.0
0.75,0.81,0.4367816091954023,0.28943854234672683,0.0,0.6190476190476191,0.0,0.21686746987951808,0.3218390804597701,0.4789473684210526,0.0,0.875,0.0
0.75,0.83,0.4367816091954023,0.28943854234672683,0.0,0.6190476190476191,0.0,0.21686746987951808,0.3218390804597701,0.4789473684210526,0.0,0.875,0.0
0.75,0.85,0.4367816091954023,0.28943854234672683,0.0,0.6190476190476191,0.0,0.21686746987951808,0.3218390804597701,0.4789473684210526,0.0,0.875,0.0
0.75,0.87,0.4367816091954023,0.28943854234672683,0.0,0.6190476190476191,0.0,0.21686746987951808,0.3218390804597701,0.4789473684210526,0.0,0.875,0.0
0.75,0.89,0.4367816091954023,0.28943854234672683,0.0,0.6190476190476191,0.0,0.21686746987951808,0.3218390804597701,0.4789473684210526,0.0,0.875,0.0
0.75,0.91,0.4367816091954023,0.28943854234672683,0.0,0.6190476190476191,0.0,0.21686746987951808,0.3218390804597701,0.4789473684210526,0.0,0.875,0.0
0.75,0.93,0.4367816091954023,0.28943854234672683,0.0,0.6190476190476191,0.0,0.21686746987951808,0.3218390804597701,0.4789473684210526,0.0,0.875,0.0
0.75,0.95,0.4367816091954023,0.28943854234672683,0.0,0.6190476190476191,0.0,0.21686746987951808,0.3218390804597701,0.4789473684210526,0.0,0.875,0.0
0.77,0.05,0.37547892720306514,0.18032945736434108,0.0,0.6046511627906976,0.11666666666666667,0.0,0.0,0.4619289340101523,0.11290322580645161,0.875,0.1206896551724138
0.77,0.07,0.37547892720306514,0.18057455540355677,0.0,0.6046511627906976,0.11764705882352941,0.0,0.0,0.4619289340101523,0.11475409836065574,0.875,0.1206896551724138
0.77,0.09,0.3716475095785441,0.17680381633870004,0.0,0.6046511627906976,0.10256410256410256,0.0,0.0,0.4619289340101523,0.1016949152542373,0.875,0.10344827586206896
0.77,0.11,0.37547892720306514,0.1866400346926175,0.0,0.6046511627906976,0.10619469026548672,0.03571428571428571,0.0,0.4619289340101523,0.10909090909090909,0.875,0.10344827586206896
0.77,0.13,0.3716475095785441,0.18737425346635592,0.03508771929824561,0.6046511627906976,0.07339449541284404,0.03508771929824561,0.03636363636363636,0.4619289340101523,0.0784313725490196,0.875,0.06896551724137931
0.77,0.15,0.3716475095785441,0.18739290796227442,0.034482758620689655,0.6046511627906976,0.07407407407407407,0.034482758620689655,0.03636363636363636,0.4619289340101523,0.08,0.875,0.06896551724137931
0.77,0.17,0.37547892720306514,0.1961549790695079,0.03333333333333333,0.6046511627906976,0.07766990291262135,0.03333333333333333,0.06896551724137931,0.4619289340101523,0.08888888888888889,0.875,0.06896551724137931
0.77,0.19,0.3793103448275862,0.20472504764976185,0.031746031746031744,0.6046511627906976,0.08080808080808081,0.031746031746031744,0.1016949152542373,0.4619289340101523,0.0975609756097561,0.875,0.06896551724137931
0.77,0.21,0.39080459770114945,0.2295759493085471,0.06521739130434782,0.6046511627906976,0.06521739130434782,0.11940298507462686,0.12903225806451613,0.4619289340101523,0.08823529411764706,0.875,0.05172413793103448
0.77,0.23,0.4061302681992337,0.2576081630152929,0.06976744186046512,0.6046511627906976,0.06976744186046512,0.14705882352941177,0.208955223880597,0.4619289340101523,0.10714285714285714,0.875,0.05172413793103448
0.77,0.25,0.4099616858237548,0.2620937999632861,0.05063291139240506,0.6046511627906976,0.05063291139240506,0.17391304347826086,0.2191780821917808,0.4619289340101523,0.09523809523809523,0.875,0.034482758620689655
0.77,0.27,0.41379310344827586,0.26674964515776833,0.05333333333333334,0.6046511627906976,0.05333333333333334,0.16901408450704225,0.24,0.4619289340101523,0.11764705882352941,0.875,0.034482758620689655
0.77,0.29,0.41762452107279696,0.2706469594969117,0.05714285714285714,0.6046511627906976,0.05714285714285714,0.1643835616438356,0.2564102564102564,0.4619289340101523,0.16666666666666666,0.875,0.034482758620689655
0.77,0.31,0.42528735632183906,0.2821354611293001,0.05970149253731343,0.6046511627906976,0.05970149253731343,0.1891891891891892,0.275,0.4619289340101523,0.2222222222222222,0.875,0.034482758620689655
0.77,0.33,0.42528735632183906,0.2821354611293001,0.05970149253731343,0.6046511627906976,0.05970149253731343,0.1891891891891892,0.275,0.4619289340101523,0.2222222222222222,0.875,0.034482758620689655
0.77,0.35,0.4329501915708812,0.29329185573832484,0.0625,0.6046511627906976,0.0625,0.21333333333333335,0.2926829268292683,0.4619289340101523,0.3333333333333333,0.875,0.034482758620689655
0.77,0.37,0.4329501915708812,0.2928381172253758,0.06349206349206349,0.6046511627906976,0.06349206349206349,0.21052631578947367,0.2926829268292683,0.4619289340101523,0.4,0.875,0.034482758620689655
0.77,0.39,0.4329501915708812,0.2928381172253758,0.06349206349206349,0.6046511627906976,0.06349206349206349,0.21052631578947367,0.2926829268292683,0.4619289340101523,0.4,0.875,0.034482758620689655
0.77,0.41,0.4329501915708812,0.2928381172253758,0.06349206349206349,0.6046511627906976,0.06349206349206349,0.21052631578947367,0.2926829268292683,0.4619289340101523,0.4,0.875,0.034482758620689655
0.77,0.43,0.4329501915708812,0.2928381172253758,0.06349206349206349,0.6046511627906976,0.06349206349206349,0.21052631578947367,0.2926829268292683,0.4619289340101523,0.4,0.875,0.034482758620689655
0.77,0.45,0.4329501915708812,0.2928381172253758,0.06349206349206349,0.6046511627906976,0.06349206349206349,0.21052631578947367,0.2926829268292683,0.4619289340101523,0.4,0.875,0.034482758620689655
0.77,0.47,0.4329501915708812,0.2928381172253758,0.06349206349206349,0.6046511627906976,0.06349206349206349,0.21052631578947367,0.2926829268292683,0.4619289340101523,0.4,0.875,0.034482758620689655
0.77,0.49,0.4329501915708812,0.2928381172253758,0.06349206349206349,0.6046511627906976,0.06349206349206349,0.21052631578947367,0.2926829268292683,0.4619289340101523,0.4,0.875,0.034482758620689655
0.77,0.51,0.4367816091954023,0.2982366549151555,0.06451612903225806,0.6046511627906976,0.06451612903225806,0.21052631578947367,0.3132530120481928,0.4619289340101523,0.5,0.875,0.034482758620689655
0.77,0.53,0.4329501915708812,0.28882512836001206,0.03333333333333333,0.6046511627906976,0.03333333333333333,0.2077922077922078,0.30952380952380953,0.4619289340101523,0.5,0.875,0.017241379310344827
0.77,0.55,0.4329501915708812,0.28830037063186453,0.03389830508474576,0.6046511627906976,0.03389830508474576,0.20512820512820512,0.30952380952380953,0.4619289340101523,1.0,0.875,0.017241379310344827
0.77,0.57,0.42911877394636017,0.2789154302150198,0.0,0.6046511627906976,0.0,0.20512820512820512,0.3058823529411765,0.4619289340101523,0.0,0.875,0.0
0.77,0.59,0.42911877394636017,0.2789154302150198,0.0,0.6046511627906976,0.0,0.20512820512820512,0.3058823529411765,0.4619289340101523,0.0,0.875,0.0
0.77,0.61,0.42911877394636017,0.2789154302150198,0.0,0.6046511627906976,0.0,0.20512820512820512,0.3058823529411765,0.4619289340101523,0.0,0.875,0.0
0.77,0.63,0.42911877394636017,0.2789154302150198,0.0,0.6046511627906976,0.0,0.20512820512820512,0.3058823529411765,0.4619289340101523,0.0,0.875,0.0
0.77,0.65,0.42911877394636017,0.2789154302150198,0.0,0.6046511627906976,0.0,0.20512820512820512,0.3058823529411765,0.4619289340101523,0.0,0.875,0.0
0.77,0.67,0.42911877394636017,0.2789154302150198,0.0,0.6046511627906976,0.0,0.20512820512820512,0.3058823529411765,0.4619289340101523,0.0,0.875,0.0
0.77,0.69,0.42911877394636017,0.2789154302150198,0.0,0.6046511627906976,0.0,0.20512820512820512,0.3058823529411765,0.4619289340101523,0.0,0.875,0.0
0.77,0.71,0.42911877394636017,0.2789154302150198,0.0,0.6046511627906976,0.0,0.20512820512820512,0.3058823529411765,0.4619289340101523,0.0,0.875,0.0
0.77,0.73,0.42911877394636017,0.2789154302150198,0.0,0.6046511627906976,0.0,0.20512820512820512,0.3058823529411765,0.4619289340101523,0.0,0.875,0.0
0.77,0.75,0.42911877394636017,0.2789154302150198,0.0,0.6046511627906976,0.0,0.20512820512820512,0.3058823529411765,0.4619289340101523,0.0,0.875,0.0
0.77,0.77,0.42911877394636017,0.2789154302150198,0.0,0.6046511627906976,0.0,0.20512820512820512,0.3058823529411765,0.4619289340101523,0.0,0.875,0.0
0.77,0.79,0.42911877394636017,0.2789154302150198,0.0,0.6046511627906976,0.0,0.20512820512820512,0.3058823529411765,0.4619289340101523,0.0,0.875,0.0
0.77,0.81,0.42911877394636017,0.2789154302150198,0.0,0.6046511627906976,0.0,0.20512820512820512,0.3058823529411765,0.4619289340101523,0.0,0.875,0.0
0.77,0.83,0.42911877394636017,0.2789154302150198,0.0,0.6046511627906976,0.0,0.20512820512820512,0.3058823529411765,0.4619289340101523,0.0,0.875,0.0
0.77,0.85,0.42911877394636017,0.2789154302150198,0.0,0.6046511627906976,0.0,0.20512820512820512,0.3058823529411765,0.4619289340101523,0.0,0.875,0.0
0.77,0.87,0.42911877394636017,0.2789154302150198,0.0,0.6046511627906976,0.0,0.20512820512820512,0.3058823529411765,0.4619289340101523,0.0,0.875,0.0
0.77,0.89,0.42911877394636017,0.2789154302150198,0.0,0.6046511627906976,0.0,0.20512820512820512,0.3058823529411765,0.4619289340101523,0.0,0.875,0.0
0.77,0.91,0.42911877394636017,0.2789154302150198,0.0,0.6046511627906976,0.0,0.20512820512820512,0.3058823529411765,0.4619289340101523,0.0,0.875,0.0
0.77,0.93,0.42911877394636017,0.2789154302150198,0.0,0.6046511627906976,0.0,0.20512820512820512,0.3058823529411765,0.4619289340101523,0.0,0.875,0.0
0.77,0.95,0.42911877394636017,0.2789154302150198,0.0,0.6046511627906976,0.0,0.20512820512820512,0.3058823529411765,0.4619289340101523,0.0,0.875,0.0
0.79,0.05,0.3831417624521073,0.17863993025283348,0.0,0.6064516129032258,0.10810810810810811,0.0,0.0,0.4563106796116505,0.11320754716981132,0.9038461538461539,0.10344827586206896
0.79,0.07,0.3831417624521073,0.17888563049853373,0.0,0.6064516129032258,0.10909090909090909,0.0,0.0,0.4563106796116505,0.11538461538461539,0.9038461538461539,0.10344827586206896
0.79,0.09,0.3793103448275862,0.1747610513739546,0.0,0.6064516129032258,0.09259259259259259,0.0,0.0,0.4563106796116505,0.1,0.9038461538461539,0.08620689655172414
0.79,0.11,0.3831417624521073,0.18451333612623935,0.0,0.6064516129032258,0.09523809523809523,0.03636363636363636,0.0,0.4563106796116505,0.10638297872340426,0.9038461538461539,0.08620689655172414
0.79,0.13,0.3793103448275862,0.18448386889380183,0.03571428571428571,0.6064516129032258,0.0594059405940594,0.03571428571428571,0.03636363636363636,0.4563106796116505,0.06976744186046512,0.9038461538461539,0.05172413793103448
0.79,0.15,0.3793103448275862,0.18447574214127696,0.03508771929824561,0.6064516129032258,0.06,0.03508771929824561,0.03636363636363636,0.4563106796116505,0.07142857142857142,0.9038461538461539,0.05172413793103448
0.79,0.17,0.3831417624521073,0.1932563391461157,0.03389830508474576,0.6064516129032258,0.0625,0.03389830508474576,0.07017543859649122,0.4563106796116505,0.07894736842105263,0.9038461538461539,0.05172413793103448
0.79,0.19,0.3831417624521073,0.193350311262026,0.03225806451612903,0.6064516129032258,0.06451612903225806,0.03225806451612903,0.07017543859649122,0.4563106796116505,0.08571428571428572,0.9038461538461539,0.05172413793103448
0.79,0.21,0.39846743295019155,0.22462351330538205,0.06896551724137931,0.6064516129032258,0.06896551724137931,0.12307692307692308,0.1,0.4563106796116505,0.10344827586206896,0.9038461538461539,0.05172413793103448
0.79,0.23,0.41379310344827586,0.254164055776959,0.07407407407407407,0.6064516129032258,0.07407407407407407,0.15151515151515152,0.18461538461538463,0.4563106796116505,0.13043478260869565,0.9038461538461539,0.05172413793103448
0.79,0.25,0.41379310344827586,0.252120799085815,0.05333333333333334,0.6064516129032258,0.05333333333333334,0.15151515151515152,0.19718309859154928,0.4563106796116505,0.11764705882352941,0.9038461538461539,0.034482758620689655
0.79,0.27,0.41762452107279696,0.25725663669835813,0.056338028169014086,0.6064516129032258,0.056338028169014086,0.14705882352941177,0.2191780821917808,0.4563106796116505,0.15384615384615385,0.9038461538461539,0.034482758620689655
0.79,0.29,0.421455938697318,0.2622525620744205,0.05970149253731343,0.6064516129032258,0.05970149253731343,0.14285714285714285,0.24,0.4563106796116505,0.2222222222222222,0.9038461538461539,0.034482758620689655
0.79,0.31,0.42528735632183906,0.2682681777758178,0.06060606060606061,0.6064516129032258,0.06060606060606061,0.14285714285714285,0.2631578947368421,0.4563106796116505,0.25,0.9038461538461539,0.034482758620689655
0.79,0.33,0.42528735632183906,0.2682681777758178,0.06060606060606061,0.6064516129032258,0.06060606060606061,0.14285714285714285,0.2631578947368421,0.4563106796116505,0.25,0.9038461538461539,0.034482758620689655
0.79,0.35,0.4329501915708812,0.28025226073840337,0.06349206349206349,0.6064516129032258,0.06349206349206349,0.16901408450704225,0.28205128205128205,0.4563106796116505,0.4,0.9038461538461539,0.034482758620689655
0.79,0.37,0.4329501915708812,0.2799214226633581,0.06451612903225806,0.6064516129032258,0.06451612903225806,0.16666666666666666,0.28205128205128205,0.4563106796116505,0.5,0.9038461538461539,0.034482758620689655
0.79,0.39,0.4329501915708812,0.2799214226633581,0.06451612903225806,0.6064516129032258,0.06451612903225806,0.16666666666666666,0.28205128205128205,0.4563106796116505,0.5,0.9038461538461539,0.034482758620689655
0.79,0.41,0.4329501915708812,0.2799214226633581,0.06451612903225806,0.6064516129032258,0.06451612903225806,0.16666666666666666,0.28205128205128205,0.4563106796116505,0.5,0.9038461538461539,0.034482758620689655
0.79,0.43,0.4329501915708812,0.2799214226633581,0.06451612903225806,0.6064516129032258,0.06451612903225806,0.16666666666666666,0.28205128205128205,0.4563106796116505,0.5,0.9038461538461539,0.034482758620689655
0.79,0.45,0.4329501915708812,0.2799214226633581,0.06451612903225806,0.6064516129032258,0.06451612903225806,0.16666666666666666,0.28205128205128205,0.4563106796116505,0.5,0.9038461538461539,0.034482758620689655
0.79,0.47,0.4329501915708812,0.2799214226633581,0.06451612903225806,0.6064516129032258,0.06451612903225806,0.16666666666666666,0.28205128205128205,0.4563106796116505,0.5,0.9038461538461539,0.034482758620689655
0.79,0.49,0.4329501915708812,0.2799214226633581,0.06451612903225806,0.6064516129032258,0.06451612903225806,0.16666666666666666,0.28205128205128205,0.4563106796116505,0.5,0.9038461538461539,0.034482758620689655
0.79,0.51,0.4367816091954023,0.28562237960403153,0.06557377049180328,0.6064516129032258,0.06557377049180328,0.16666666666666666,0.3037974683544304,0.4563106796116505,0.6666666666666666,0.9038461538461539,0.034482758620689655
0.79,0.53,0.4329501915708812,0.2761833699079518,0.03389830508474576,0.6064516129032258,0.03389830508474576,0.1643835616438356,0.3,0.4563106796116505,1.0,0.9038461538461539,0.017241379310344827
0.79,0.55,0.4329501915708812,0.2761833699079518,0.03389830508474576,0.6064516129032258,0.03389830508474576,0.1643835616438356,0.3,0.4563106796116505,1.0,0.9038461538461539,0.017241379310344827
0.79,0.57,0.42911877394636017,0.2667828677108394,0.0,0.6064516129032258,0.0,0.1643835616438356,0.2962962962962963,0.4563106796116505,0.0,0.9038461538461539,0.0
0.79,0.59,0.42911877394636017,0.2667828677108394,0.0,0.6064516129032258,0.0,0.1643835616438356,0.2962962962962963,0.4563106796116505,0.0,0.9038461538461539,0.0
0.79,0.61,0.42911877394636017,0.2667828677108394,0.0,0.6064516129032258,0.0,0.1643835616438356,0.2962962962962963,0.4563106796116505,0.0,0.9038461538461539,0.0
0.79,0.63,0.42911877394636017,0.2667828677108394,0.0,0.6064516129032258,0.0,0.1643835616438356,0.2962962962962963,0.4563106796116505,0.0,0.9038461538461539,0.0
0.79,0.65,0.42911877394636017,0.2667828677108394,0.0,0.6064516129032258,0.0,0.1643835616438356,0.2962962962962963,0.4563106796116505,0.0,0.9038461538461539,0.0
0.79,0.67,0.42911877394636017,0.2667828677108394,0.0,0.6064516129032258,0.0,0.1643835616438356,0.2962962962962963,0.4563106796116505,0.0,0.9038461538461539,0.0
0.79,0.69,0.42911877394636017,0.2667828677108394,0.0,0.6064516129032258,0.0,0.1643835616438356,0.2962962962962963,0.4563106796116505,0.0,0.9038461538461539,0.0
0.79,0.71,0.42911877394636017,0.2667828677108394,0.0,0.6064516129032258,0.0,0.1643835616438356,0.2962962962962963,0.4563106796116505,0.0,0.9038461538461539,0.0
0.79,0.73,0.42911877394636017,0.2667828677108394,0.0,0.6064516129032258,0.0,0.1643835616438356,0.2962962962962963,0.4563106796116505,0.0,0.9038461538461539,0.0
0.79,0.75,0.42911877394636017,0.2667828677108394,0.0,0.6064516129032258,0.0,0.1643835616438356,0.2962962962962963,0.4563106796116505,0.0,0.9038461538461539,0.0
0.79,0.77,0.42911877394636017,0.2667828677108394,0.0,0.6064516129032258,0.0,0.1643835616438356,0.2962962962962963,0.4563106796116505,0.0,0.9038461538461539,0.0
0.79,0.79,0.42911877394636017,0.2667828677108394,0.0,0.6064516129032258,0.0,0.1643835616438356,0.2962962962962963,0.4563106796116505,0.0,0.9038461538461539,0.0
0.79,0.81,0.42911877394636017,0.2667828677108394,0.0,0.6064516129032258,0.0,0.1643835616438356,0.2962962962962963,0.4563106796116505,0.0,0.9038461538461539,0.0
0.79,0.83,0.42911877394636017,0.2667828677108394,0.0,0.6064516129032258,0.0,0.1643835616438356,0.2962962962962963,0.4563106796116505,0.0,0.9038461538461539,0.0
0.79,0.85,0.42911877394636017,0.2667828677108394,0.0,0.6064516129032258,0.0,0.1643835616438356,0.2962962962962963,0.4563106796116505,0.0,0.9038461538461539,0.0
0.79,0.87,0.42911877394636017,0.2667828677108394,0.0,0.6064516129032258,0.0,0.1643835616438356,0.2962962962962963,0.4563106796116505,0.0,0.9038461538461539,0.0
0.79,0.89,0.42911877394636017,0.2667828677108394,0.0,0.6064516129032258,0.0,0.1643835616438356,0.2962962962962963,0.4563106796116505,0.0,0.9038461538461539,0.0
0.79,0.91,0.42911877394636017,0.2667828677108394,0.0,0.6064516129032258,0.0,0.1643835616438356,0.2962962962962963,0.4563106796116505,0.0,0.9038461538461539,0.0
0.79,0.93,0.42911877394636017,0.2667828677108394,0.0,0.6064516129032258,0.0,0.1643835616438356,0.2962962962962963,0.4563106796116505,0.0,0.9038461538461539,0.0
0.79,0.95,0.42911877394636017,0.2667828677108394,0.0,0.6064516129032258,0.0,0.1643835616438356,0.2962962962962963,0.4563106796116505,0.0,0.9038461538461539,0.0
0.81,0.05,0.3831417624521073,0.17641744548286603,0.0,0.5856697819314641,0.12,0.0,0.0,0.43317972350230416,0.14285714285714285,0.9038461538461539,0.10344827586206896
0.81,0.07,0.3831417624521073,0.17672047578589634,0.0,0.5856697819314641,0.12121212121212122,0.0,0.0,0.43317972350230416,0.14634146341463414,0.9038461538461539,0.10344827586206896
0.81,0.09,0.3793103448275862,0.17192764956449869,0.0,0.5856697819314641,0.10204081632653061,0.0,0.0,0.43317972350230416,0.125,0.9038461538461539,0.08620689655172414
0.81,0.11,0.3831417624521073,0.18182414404745934,0.0,0.5856697819314641,0.10526315789473684,0.03636363636363636,0.0,0.43317972350230416,0.13513513513513514,0.9038461538461539,0.08620689655172414
0.81,0.13,0.3793103448275862,0.18108879265421318,0.03571428571428571,0.5856697819314641,0.06593406593406594,0.03571428571428571,0.037037037037037035,0.43317972350230416,0.09090909090909091,0.9038461538461539,0.05172413793103448
0.81,0.15,0.3793103448275862,0.18108879265421318,0.03571428571428571,0.5856697819314641,0.06593406593406594,0.03571428571428571,0.037037037037037035,0.43317972350230416,0.09090909090909091,0.9038461538461539,0.05172413793103448
0.81,0.17,0.3831417624521073,0.19013665730552612,0.034482758620689655,0.5856697819314641,0.06896551724137931,0.034482758620689655,0.07142857142857142,0.43317972350230416,0.10344827586206896,0.9038461538461539,0.05172413793103448
0.81,0.19,0.3831417624521073,0.19025498049687162,0.03333333333333333,0.5856697819314641,0.07058823529411765,0.03333333333333333,0.07142857142857142,0.43317972350230416,0.1111111111111111,0.9038461538461539,0.05172413793103448
0.81,0.21,0.38697318007662834,0.19842703691156616,0.06557377049180328,0.5856697819314641,0.07228915662650602,0.06557377049180328,0.07017543859649122,0.43317972350230416,0.12,0.9038461538461539,0.05172413793103448
0.81,0.23,0.40229885057471265,0.23041409399564358,0.07792207792207792,0.5856697819314641,0.07792207792207792,0.0967741935483871,0.16129032258064516,0.43317972350230416,0.15789473684210525,0.9038461538461539,0.05172413793103448
0.81,0.25,0.40229885057471265,0.22927600216183677,0.05555555555555555,0.5856697819314641,0.05555555555555555,0.0967741935483871,0.1791044776119403,0.43317972350230416,0.14285714285714285,0.9038461538461539,0.034482758620689655
0.81,0.27,0.4061302681992337,0.23528546551696664,0.058823529411764705,0.5856697819314641,0.058823529411764705,0.09375,0.2028985507246377,0.43317972350230416,0.2,0.9038461538461539,0.034482758620689655
0.81,0.29,0.4099616858237548,0.2416721907376113,0.06153846153846154,0.5856697819314641,0.06153846153846154,0.09090909090909091,0.22857142857142856,0.43317972350230416,0.2857142857142857,0.9038461538461539,0.034482758620689655
0.81,0.31,0.4099616858237548,0.2416721907376113,0.06153846153846154,0.5856697819314641,0.06153846153846154,0.09090909090909091,0.22857142857142856,0.43317972350230416,0.2857142857142857,0.9038461538461539,0.034482758620689655
0.81,0.33,0.4099616858237548,0.2416721907376113,0.06153846153846154,0.5856697819314641,0.06153846153846154,0.09090909090909091,0.22857142857142856,0.43317972350230416,0.2857142857142857,0.9038461538461539,0.034482758620689655
0.81,0.35,0.41762452107279696,0.25489722400958725,0.06451612903225806,0.5856697819314641,0.06451612903225806,0.11940298507462686,0.25,0.43317972350230416,0.5,0.9038461538461539,0.034482758620689655
0.81,0.37,0.41762452107279696,0.2547226528116992,0.06557377049180328,0.5856697819314641,0.06557377049180328,0.11764705882352941,0.25,0.43317972350230416,0.6666666666666666,0.9038461538461539,0.034482758620689655
0.81,0.39,0.41762452107279696,0.2547226528116992,0.06557377049180328,0.5856697819314641,0.06557377049180328,0.11764705882352941,0.25,0.43317972350230416,0.6666666666666666,0.9038461538461539,0.034482758620689655
0.81,0.41,0.41762452107279696,0.2547226528116992,0.06557377049180328,0.5856697819314641,0.06557377049180328,0.11764705882352941,0.25,0.43317972350230416,0.6666666666666666,0.9038461538461539,0.034482758620689655
0.81,0.43,0.41762452107279696,0.2547226528116992,0.06557377049180328,0.5856697819314641,0.06557377049180328,0.11764705882352941,0.25,0.43317972350230416,0.6666666666666666,0.9038461538461539,0.034482758620689655
0.81,0.45,0.41762452107279696,0.2547226528116992,0.06557377049180328,0.5856697819314641,0.06557377049180328,0.11764705882352941,0.25,0.43317972350230416,0.6666666666666666,0.9038461538461539,0.034482758620689655
0.81,0.47,0.41762452107279696,0.2547226528116992,0.06557377049180328,0.5856697819314641,0.06557377049180328,0.11764705882352941,0.25,0.43317972350230416,0.6666666666666666,0.9038461538461539,0.034482758620689655
0.81,0.49,0.41762452107279696,0.2547226528116992,0.06557377049180328,0.5856697819314641,0.06557377049180328,0.11764705882352941,0.25,0.43317972350230416,0.6666666666666666,0.9038461538461539,0.034482758620689655
0.81,0.51,0.41762452107279696,0.2547226528116992,0.06557377049180328,0.5856697819314641,0.06557377049180328,0.11764705882352941,0.25,0.43317972350230416,0.6666666666666666,0.9038461538461539,0.034482758620689655
0.81,0.53,0.41379310344827586,0.24552136461686763,0.03389830508474576,0.5856697819314641,0.03389830508474576,0.11594202898550725,0.2465753424657534,0.43317972350230416,1.0,0.9038461538461539,0.017241379310344827
0.81,0.55,0.41379310344827586,0.24552136461686763,0.03389830508474576,0.5856697819314641,0.03389830508474576,0.11594202898550725,0.2465753424657534,0.43317972350230416,1.0,0.9038461538461539,0.017241379310344827
0.81,0.57,0.4099616858237548,0.23621376354005363,0.0,0.5856697819314641,0.0,0.11594202898550725,0.24324324324324326,0.43317972350230416,0.0,0.9038461538461539,0.0
0.81,0.59,0.4099616858237548,0.23621376354005363,0.0,0.5856697819314641,0.0,0.11594202898550725,0.24324324324324326,0.43317972350230416,0.0,0.9038461538461539,0.0
0.81,0.61,0.4099616858237548,0.23621376354005363,0.0,0.5856697819314641,0.0,0.11594202898550725,0.24324324324324326,0.43317972350230416,0.0,0.9038461538461539,0.0
0.81,0.63,0.4099616858237548,0.23621376354005363,0.0,0.5856697819314641,0.0,0.11594202898550725,0.24324324324324326,0.43317972350230416,0.0,0.9038461538461539,0.0
0.81,0.65,0.4099616858237548,0.23621376354005363,0.0,0.5856697819314641,0.0,0.11594202898550725,0.24324324324324326,0.43317972350230416,0.0,0.9038461538461539,0.0
0.81,0.67,0.4099616858237548,0.23621376354005363,0.0,0.5856697819314641,0.0,0.11594202898550725,0.24324324324324326,0.43317972350230416,0.0,0.9038461538461539,0.0
0.81,0.69,0.4099616858237548,0.23621376354005363,0.0,0.5856697819314641,0.0,0.11594202898550725,0.24324324324324326,0.43317972350230416,0.0,0.9038461538461539,0.0
0.81,0.71,0.4099616858237548,0.23621376354005363,0.0,0.5856697819314641,0.0,0.11594202898550725,0.24324324324324326,0.43317972350230416,0.0,0.9038461538461539,0.0
0.81,0.73,0.4099616858237548,0.23621376354005363,0.0,0.5856697819314641,0.0,0.11594202898550725,0.24324324324324326,0.43317972350230416,0.0,0.9038461538461539,0.0
0.81,0.75,0.4099616858237548,0.23621376354005363,0.0,0.5856697819314641,0.0,0.11594202898550725,0.24324324324324326,0.43317972350230416,0.0,0.9038461538461539,0.0
0.81,0.77,0.4099616858237548,0.23621376354005363,0.0,0.5856697819314641,0.0,0.11594202898550725,0.24324324324324326,0.43317972350230416,0.0,0.9038461538461539,0.0
0.81,0.79,0.4099616858237548,0.23621376354005363,0.0,0.5856697819314641,0.0,0.11594202898550725,0.24324324324324326,0.43317972350230416,0.0,0.9038461538461539,0.0
0.81,0.81,0.4099616858237548,0.23621376354005363,0.0,0.5856697819314641,0.0,0.11594202898550725,0.24324324324324326,0.43317972350230416,0.0,0.9038461538461539,0.0
0.81,0.83,0.4099616858237548,0.23621376354005363,0.0,0.5856697819314641,0.0,0.11594202898550725,0.24324324324324326,0.43317972350230416,0.0,0.9038461538461539,0.0
0.81,0.85,0.4099616858237548,0.23621376354005363,0.0,0.5856697819314641,0.0,0.11594202898550725,0.24324324324324326,0.43317972350230416,0.0,0.9038461538461539,0.0
0.81,0.87,0.4099616858237548,0.23621376354005363,0.0,0.5856697819314641,0.0,0.11594202898550725,0.24324324324324326,0.43317972350230416,0.0,0.9038461538461539,0.0
0.81,0.89,0.4099616858237548,0.23621376354005363,0.0,0.5856697819314641,0.0,0.11594202898550725,0.24324324324324326,0.43317972350230416,0.0,0.9038461538461539,0.0
0.81,0.91,0.4099616858237548,0.23621376354005363,0.0,0.5856697819314641,0.0,0.11594202898550725,0.24324324324324326,0.43317972350230416,0.0,0.9038461538461539,0.0
0.81,0.93,0.4099616858237548,0.23621376354005363,0.0,0.5856697819314641,0.0,0.11594202898550725,0.24324324324324326,0.43317972350230416,0.0,0.9038461538461539,0.0
0.81,0.95,0.4099616858237548,0.23621376354005363,0.0,0.5856697819314641,0.0,0.11594202898550725,0.24324324324324326,0.43317972350230416,0.0,0.9038461538461539,0.0
0.83,0.05,0.39846743295019155,0.18109354413702242,0.0,0.593939393939394,0.13043478260869565,0.0,0.0,0.4336283185840708,0.17647058823529413,0.9423076923076923,0.10344827586206896
0.83,0.07,0.39846743295019155,0.18145188145188146,0.0,0.593939393939394,0.13186813186813187,0.0,0.0,0.4336283185840708,0.18181818181818182,0.9423076923076923,0.10344827586206896
0.83,0.09,0.3946360153256705,0.1762626262626263,0.0,0.593939393939394,0.1111111111111111,0.0,0.0,0.4336283185840708,0.15625,0.9423076923076923,0.08620689655172414
0.83,0.11,0.39846743295019155,0.1859848484848485,0.0,0.593939393939394,0.11363636363636363,0.03636363636363636,0.0,0.4336283185840708,0.16666666666666666,0.9423076923076923,0.08620689655172414
0.83,0.13,0.3946360153256705,0.18488594738594738,0.03571428571428571,0.593939393939394,0.07142857142857142,0.03571428571428571,0.038461538461538464,0.4336283185840708,0.11538461538461539,0.9423076923076923,0.05172413793103448
0.83,0.15,0.3946360153256705,0.18488594738594738,0.03571428571428571,0.593939393939394,0.07142857142857142,0.03571428571428571,0.038461538461538464,0.4336283185840708,0.11538461538461539,0.9423076923076923,0.05172413793103448
0.83,0.17,0.3946360153256705,0.1849834235003901,0.03508771929824561,0.593939393939394,0.07317073170731707,0.03508771929824561,0.03773584905660377,0.4336283185840708,0.125,0.9423076923076923,0.05172413793103448
0.83,0.19,0.3946360153256705,0.18514338702018587,0.03389830508474576,0.593939393939394,0.075,0.03389830508474576,0.03773584905660377,0.4336283185840708,0.13636363636363635,0.9423076923076923,0.05172413793103448
0.83,0.21,0.39846743295019155,0.19364154364154362,0.037037037037037035,0.593939393939394,0.07692307692307693,0.06666666666666667,0.037037037037037035,0.4336283185840708,0.15,0.9423076923076923,0.05172413793103448
0.83,0.23,0.4099616858237548,0.21966107216322922,0.08108108108108109,0.593939393939394,0.08108108108108109,0.09836065573770492,0.10526315789473684,0.4336283185840708,0.1875,0.9423076923076923,0.05172413793103448
0.83,0.25,0.4099616858237548,0.21982583055859217,0.057971014492753624,0.593939393939394,0.057971014492753624,0.09836065573770492,0.12903225806451613,0.4336283185840708,0.18181818181818182,0.9423076923076923,0.034482758620689655
0.83,0.27,0.4099616858237548,0.21934980175230537,0.05970149253731343,0.593939393939394,0.05970149253731343,0.0967741935483871,0.12698412698412698,0.4336283185840708,0.2222222222222222,0.9423076923076923,0.034482758620689655
0.83,0.29,0.41379310344827586,0.2266098484848485,0.0625,0.593939393939394,0.0625,0.09375,0.15625,0.4336283185840708,0.3333333333333333,0.9423076923076923,0.034482758620689655
0.83,0.31,0.41379310344827586,0.2266098484848485,0.0625,0.593939393939394,0.0625,0.09375,0.15625,0.4336283185840708,0.3333333333333333,0.9423076923076923,0.034482758620689655
0.83,0.33,0.41379310344827586,0.2266098484848485,0.0625,0.593939393939394,0.0625,0.09375,0.15625,0.4336283185840708,0.3333333333333333,0.9423076923076923,0.034482758620689655
0.83,0.35,0.421455938697318,0.24153695766598993,0.06451612903225806,0.593939393939394,0.06451612903225806,0.12307692307692308,0.18461538461538463,0.4336283185840708,0.5,0.9423076923076923,0.034482758620689655
0.83,0.37,0.421455938697318,0.24133516756467577,0.06557377049180328,0.593939393939394,0.06557377049180328,0.12121212121212122,0.18461538461538463,0.4336283185840708,0.6666666666666666,0.9423076923076923,0.034482758620689655
0.83,0.39,0.421455938697318,0.24133516756467577,0.06557377049180328,0.593939393939394,0.06557377049180328,0.12121212121212122,0.18461538461538463,0.4336283185840708,0.6666666666666666,0.9423076923076923,0.034482758620689655
0.83,0.41,0.421455938697318,0.24133516756467577,0.06557377049180328,0.593939393939394,0.06557377049180328,0.12121212121212122,0.18461538461538463,0.4336283185840708,0.6666666666666666,0.9423076923076923,0.034482758620689655
0.83,0.43,0.421455938697318,0.24133516756467577,0.06557377049180328,0.593939393939394,0.06557377049180328,0.12121212121212122,0.18461538461538463,0.4336283185840708,0.6666666666666666,0.9423076923076923,0.034482758620689655
0.83,0.45,0.421455938697318,0.24133516756467577,0.06557377049180328,0.593939393939394,0.06557377049180328,0.12121212121212122,0.18461538461538463,0.4336283185840708,0.6666666666666666,0.9423076923076923,0.034482758620689655
0.83,0.47,0.421455938697318,0.24133516756467577,0.06557377049180328,0.593939393939394,0.06557377049180328,0.12121212121212122,0.18461538461538463,0.4336283185840708,0.6666666666666666,0.9423076923076923,0.034482758620689655
0.83,0.49,0.421455938697318,0.24133516756467577,0.06557377049180328,0.593939393939394,0.06557377049180328,0.12121212121212122,0.18461538461538463,0.4336283185840708,0.6666666666666666,0.9423076923076923,0.034482758620689655
0.83,0.51,0.421455938697318,0.24133516756467577,0.06557377049180328,0.593939393939394,0.06557377049180328,0.12121212121212122,0.18461538461538463,0.4336283185840708,0.6666666666666666,0.9423076923076923,0.034482758620689655
0.83,0.53,0.41762452107279696,0.23226471647923713,0.03389830508474576,0.593939393939394,0.03389830508474576,0.11940298507462686,0.18181818181818182,0.4336283185840708,1.0,0.9423076923076923,0.017241379310344827
0.83,0.55,0.41762452107279696,0.23226471647923713,0.03389830508474576,0.593939393939394,0.03389830508474576,0.11940298507462686,0.18181818181818182,0.4336283185840708,1.0,0.9423076923076923,0.017241379310344827
0.83,0.57,0.41379310344827586,0.22311171415649028,0.0,0.593939393939394,0.0,0.11940298507462686,0.1791044776119403,0.4336283185840708,0.0,0.9423076923076923,0.0
0.83,0.59,0.41379310344827586,0.22311171415649028,0.0,0.593939393939394,0.0,0.11940298507462686,0.1791044776119403,0.4336283185840708,0.0,0.9423076923076923,0.0
0.83,0.61,0.41379310344827586,0.22311171415649028,0.0,0.593939393939394,0.0,0.11940298507462686,0.1791044776119403,0.4336283185840708,0.0,0.9423076923076923,0.0
0.83,0.63,0.41379310344827586,0.22311171415649028,0.0,0.593939393939394,0.0,0.11940298507462686,0.1791044776119403,0.4336283185840708,0.0,0.9423076923076923,0.0
0.83,0.65,0.41379310344827586,0.22311171415649028,0.0,0.593939393939394,0.0,0.11940298507462686,0.1791044776119403,0.4336283185840708,0.0,0.9423076923076923,0.0
0.83,0.67,0.41379310344827586,0.22311171415649028,0.0,0.593939393939394,0.0,0.11940298507462686,0.1791044776119403,0.4336283185840708,0.0,0.9423076923076923,0.0
0.83,0.69,0.41379310344827586,0.22311171415649028,0.0,0.593939393939394,0.0,0.11940298507462686,0.1791044776119403,0.4336283185840708,0.0,0.9423076923076923,0.0
0.83,0.71,0.41379310344827586,0.22311171415649028,0.0,0.593939393939394,0.0,0.11940298507462686,0.1791044776119403,0.4336283185840708,0.0,0.9423076923076923,0.0
0.83,0.73,0.41379310344827586,0.22311171415649028,0.0,0.593939393939394,0.0,0.11940298507462686,0.1791044776119403,0.4336283185840708,0.0,0.9423076923076923,0.0
0.83,0.75,0.41379310344827586,0.22311171415649028,0.0,0.593939393939394,0.0,0.11940298507462686,0.1791044776119403,0.4336283185840708,0.0,0.9423076923076923,0.0
0.83,0.77,0.41379310344827586,0.22311171415649028,0.0,0.593939393939394,0.0,0.11940298507462686,0.1791044776119403,0.4336283185840708,0.0,0.9423076923076923,0.0
0.83,0.79,0.41379310344827586,0.22311171415649028,0.0,0.593939393939394,0.0,0.11940298507462686,0.1791044776119403,0.4336283185840708,0.0,0.9423076923076923,0.0
0.83,0.81,0.41379310344827586,0.22311171415649028,0.0,0.593939393939394,0.0,0.11940298507462686,0.1791044776119403,0.4336283185840708,0.0,0.9423076923076923,0.0
0.83,0.83,0.41379310344827586,0.22311171415649028,0.0,0.593939393939394,0.0,0.11940298507462686,0.1791044776119403,0.4336283185840708,0.0,0.9423076923076923,0.0
0.83,0.85,0.41379310344827586,0.22311171415649028,0.0,0.593939393939394,0.0,0.11940298507462686,0.1791044776119403,0.4336283185840708,0.0,0.9423076923076923,0.0
0.83,0.87,0.41379310344827586,0.22311171415649028,0.0,0.593939393939394,0.0,0.11940298507462686,0.1791044776119403,0.4336283185840708,0.0,0.9423076923076923,0.0
0.83,0.89,0.41379310344827586,0.22311171415649028,0.0,0.593939393939394,0.0,0.11940298507462686,0.1791044776119403,0.4336283185840708,0.0,0.9423076923076923,0.0
0.83,0.91,0.41379310344827586,0.22311171415649028,0.0,0.593939393939394,0.0,0.11940298507462686,0.1791044776119403,0.4336283185840708,0.0,0.9423076923076923,0.0
0.83,0.93,0.41379310344827586,0.22311171415649028,0.0,0.593939393939394,0.0,0.11940298507462686,0.1791044776119403,0.4336283185840708,0.0,0.9423076923076923,0.0
0.83,0.95,0.41379310344827586,0.22311171415649028,0.0,0.593939393939394,0.0,0.11940298507462686,0.1791044776119403,0.4336283185840708,0.0,0.9423076923076923,0.0
0.85,0.05,0.39080459770114945,0.15766656525707334,0.0,0.5780346820809249,0.05263157894736842,0.0,0.0,0.4132231404958678,0.1111111111111111,0.9615384615384616,0.034482758620689655
0.85,0.07,0.39080459770114945,0.15784200385356456,0.0,0.5780346820809249,0.05333333333333334,0.0,0.0,0.4132231404958678,0.11764705882352941,0.9615384615384616,0.034482758620689655
0.85,0.09,0.38697318007662834,0.151265427276988,0.0,0.5780346820809249,0.02702702702702703,0.0,0.0,0.4132231404958678,0.0625,0.9615384615384616,0.017241379310344827
0.85,0.11,0.38697318007662834,0.15135798558872438,0.0,0.5780346820809249,0.0273972602739726,0.0,0.0,0.4132231404958678,0.06666666666666667,0.9615384615384616,0.017241379310344827
0.85,0.13,0.38697318007662834,0.15412405513561583,0.0,0.5780346820809249,0.0,0.0,0.038461538461538464,0.4132231404958678,0.0,0.9615384615384616,0.0
0.85,0.15,0.38697318007662834,0.15412405513561583,0.0,0.5780346820809249,0.0,0.0,0.038461538461538464,0.4132231404958678,0.0,0.9615384615384616,0.0
0.85,0.17,0.38697318007662834,0.15412405513561583,0.0,0.5780346820809249,0.0,0.0,0.038461538461538464,0.4132231404958678,0.0,0.9615384615384616,0.0
0.85,0.19,0.38697318007662834,0.15412405513561583,0.0,0.5780346820809249,0.0,0.0,0.038461538461538464,0.4132231404958678,0.0,0.9615384615384616,0.0
0.85,0.21,0.38697318007662834,0.15394263278438217,0.0,0.5780346820809249,0.0,0.0,0.03773584905660377,0.4132231404958678,0.0,0.9615384615384616,0.0
0.85,0.23,0.39080459770114945,0.16253985960405187,0.0,0.5780346820809249,0.0,0.03508771929824561,0.037037037037037035,0.4132231404958678,0.0,0.9615384615384616,0.0
0.85,0.25,0.3946360153256705,0.17113774320193548,0.0,0.5780346820809249,0.0,0.03508771929824561,0.07142857142857142,0.4132231404958678,0.0,0.9615384615384616,0.0
0.85,0.27,0.3946360153256705,0.17113774320193548,0.0,0.5780346820809249,0.0,0.03508771929824561,0.07142857142857142,0.4132231404958678,0.0,0.9615384615384616,0.0
0.85,0.29,0.3946360153256705,0.17084038964856052,0.0,0.5780346820809249,0.0,0.03389830508474576,0.07142857142857142,0.4132231404958678,0.0,0.9615384615384616,0.0
0.85,0.31,0.3946360153256705,0.17084038964856052,0.0,0.5780346820809249,0.0,0.03389830508474576,0.07142857142857142,0.4132231404958678,0.0,0.9615384615384616,0.0
0.85,0.33,0.3946360153256705,0.17084038964856052,0.0,0.5780346820809249,0.0,0.03389830508474576,0.07142857142857142,0.4132231404958678,0.0,0.9615384615384616,0.0
0.85,0.35,0.40229885057471265,0.1874911266605821,0.0,0.5780346820809249,0.0,0.06666666666666667,0.10526315789473684,0.4132231404958678,0.0,0.9615384615384616,0.0
0.85,0.37,0.40229885057471265,0.1874911266605821,0.0,0.5780346820809249,0.0,0.06666666666666667,0.10526315789473684,0.4132231404958678,0.0,0.9615384615384616,0.0
0.85,0.39,0.40229885057471265,0.1874911266605821,0.0,0.5780346820809249,0.0,0.06666666666666667,0.10526315789473684,0.4132231404958678,0.0,0.9615384615384616,0.0
0.85,0.41,0.40229885057471265,0.1874911266605821,0.0,0.5780346820809249,0.0,0.06666666666666667,0.10526315789473684,0.4132231404958678,0.0,0.9615384615384616,0.0
0.85,0.43,0.40229885057471265,0.1874911266605821,0.0,0.5780346820809249,0.0,0.06666666666666667,0.10526315789473684,0.4132231404958678,0.0,0.9615384615384616,0.0
0.85,0.45,0.40229885057471265,0.1874911266605821,0.0,0.5780346820809249,0.0,0.06666666666666667,0.10526315789473684,0.4132231404958678,0.0,0.9615384615384616,0.0
0.85,0.47,0.40229885057471265,0.1874911266605821,0.0,0.5780346820809249,0.0,0.06666666666666667,0.10526315789473684,0.4132231404958678,0.0,0.9615384615384616,0.0
0.85,0.49,0.40229885057471265,0.1874911266605821,0.0,0.5780346820809249,0.0,0.06666666666666667,0.10526315789473684,0.4132231404958678,0.0,0.9615384615384616,0.0
0.85,0.51,0.40229885057471265,0.1874911266605821,0.0,0.5780346820809249,0.0,0.06666666666666667,0.10526315789473684,0.4132231404958678,0.0,0.9615384615384616,0.0
0.85,0.53,0.40229885057471265,0.18721790261686624,0.0,0.5780346820809249,0.0,0.06557377049180328,0.10526315789473684,0.4132231404958678,0.0,0.9615384615384616,0.0
0.85,0.55,0.40229885057471265,0.18721790261686624,0.0,0.5780346820809249,0.0,0.06557377049180328,0.10526315789473684,0.4132231404958678,0.0,0.9615384615384616,0.0
0.85,0.57,0.40229885057471265,0.18721790261686624,0.0,0.5780346820809249,0.0,0.06557377049180328,0.10526315789473684,0.4132231404958678,0.0,0.9615384615384616,0.0
0.85,0.59,0.40229885057471265,0.18721790261686624,0.0,0.5780346820809249,0.0,0.06557377049180328,0.10526315789473684,0.4132231404958678,0.0,0.9615384615384616,0.0
0.85,0.61,0.40229885057471265,0.18721790261686624,0.0,0.5780346820809249,0.0,0.06557377049180328,0.10526315789473684,0.4132231404958678,0.0,0.9615384615384616,0.0
0.85,0.63,0.40229885057471265,0.18721790261686624,0.0,0.5780346820809249,0.0,0.06557377049180328,0.10526315789473684,0.4132231404958678,0.0,0.9615384615384616,0.0
0.85,0.65,0.40229885057471265,0.18721790261686624,0.0,0.5780346820809249,0.0,0.06557377049180328,0.10526315789473684,0.4132231404958678,0.0,0.9615384615384616,0.0
0.85,0.67,0.40229885057471265,0.18721790261686624,0.0,0.5780346820809249,0.0,0.06557377049180328,0.10526315789473684,0.4132231404958678,0.0,0.9615384615384616,0.0
0.85,0.69,0.40229885057471265,0.18721790261686624,0.0,0.5780346820809249,0.0,0.06557377049180328,0.10526315789473684,0.4132231404958678,0.0,0.9615384615384616,0.0
0.85,0.71,0.40229885057471265,0.18721790261686624,0.0,0.5780346820809249,0.0,0.06557377049180328,0.10526315789473684,0.4132231404958678,0.0,0.9615384615384616,0.0
0.85,0.73,0.40229885057471265,0.18721790261686624,0.0,0.5780346820809249,0.0,0.06557377049180328,0.10526315789473684,0.4132231404958678,0.0,0.9615384615384616,0.0
0.85,0.75,0.40229885057471265,0.18721790261686624,0.0,0.5780346820809249,0.0,0.06557377049180328,0.10526315789473684,0.4132231404958678,0.0,0.9615384615384616,0.0
0.85,0.77,0.40229885057471265,0.18721790261686624,0.0,0.5780346820809249,0.0,0.06557377049180328,0.10526315789473684,0.4132231404958678,0.0,0.9615384615384616,0.0
0.85,0.79,0.40229885057471265,0.18721790261686624,0.0,0.5780346820809249,0.0,0.06557377049180328,0.10526315789473684,0.4132231404958678,0.0,0.9615384615384616,0.0
0.85,0.81,0.40229885057471265,0.18721790261686624,0.0,0.5780346820809249,0.0,0.06557377049180328,0.10526315789473684,0.4132231404958678,0.0,0.9615384615384616,0.0
0.85,0.83,0.40229885057471265,0.18721790261686624,0.0,0.5780346820809249,0.0,0.06557377049180328,0.10526315789473684,0.4132231404958678,0.0,0.9615384615384616,0.0
0.85,0.85,0.40229885057471265,0.18721790261686624,0.0,0.5780346820809249,0.0,0.06557377049180328,0.10526315789473684,0.4132231404958678,0.0,0.9615384615384616,0.0
0.85,0.87,0.40229885057471265,0.18721790261686624,0.0,0.5780346820809249,0.0,0.06557377049180328,0.10526315789473684,0.4132231404958678,0.0,0.9615384615384616,0.0
0.85,0.89,0.40229885057471265,0.18721790261686624,0.0,0.5780346820809249,0.0,0.06557377049180328,0.10526315789473684,0.4132231404958678,0.0,0.9615384615384616,0.0
0.85,0.91,0.40229885057471265,0.18721790261686624,0.0,0.5780346820809249,0.0,0.06557377049180328,0.10526315789473684,0.4132231404958678,0.0,0.9615384615384616,0.0
0.85,0.93,0.40229885057471265,0.18721790261686624,0.0,0.5780346820809249,0.0,0.06557377049180328,0.10526315789473684,0.4132231404958678,0.0,0.9615384615384616,0.0
0.85,0.95,0.40229885057471265,0.18721790261686624,0.0,0.5780346820809249,0.0,0.06557377049180328,0.10526315789473684,0.4132231404958678,0.0,0.9615384615384616,0.0
0.87,0.05,0.3946360153256705,0.1520292207792208,0.0,0.5795454545454546,0.02857142857142857,0.0,0.0,0.4112903225806452,0.08333333333333333,0.9807692307692307,0.017241379310344827
0.87,0.07,0.3946360153256705,0.15213274044795785,0.0,0.5795454545454546,0.028985507246376812,0.0,0.0,0.4112903225806452,0.09090909090909091,0.9807692307692307,0.017241379310344827
0.87,0.09,0.3946360153256705,0.15213274044795785,0.0,0.5795454545454546,0.028985507246376812,0.0,0.0,0.4112903225806452,0.09090909090909091,0.9807692307692307,0.017241379310344827
0.87,0.11,0.3946360153256705,0.15213274044795785,0.0,0.5795454545454546,0.028985507246376812,0.0,0.0,0.4112903225806452,0.09090909090909091,0.9807692307692307,0.017241379310344827
0.87,0.13,0.3946360153256705,0.15450174825174826,0.0,0.5795454545454546,0.0,0.0,0.038461538461538464,0.4112903225806452,0.0,0.9807692307692307,0.0
0.87,0.15,0.3946360153256705,0.15450174825174826,0.0,0.5795454545454546,0.0,0.0,0.038461538461538464,0.4112903225806452,0.0,0.9807692307692307,0.0
0.87,0.17,0.3946360153256705,0.15450174825174826,0.0,0.5795454545454546,0.0,0.0,0.038461538461538464,0.4112903225806452,0.0,0.9807692307692307,0.0
0.87,0.19,0.3946360153256705,0.15450174825174826,0.0,0.5795454545454546,0.0,0.0,0.038461538461538464,0.4112903225806452,0.0,0.9807692307692307,0.0
0.87,0.21,0.3946360153256705,0.1543203259005146,0.0,0.5795454545454546,0.0,0.0,0.03773584905660377,0.4112903225806452,0.0,0.9807692307692307,0.0
0.87,0.23,0.39846743295019155,0.16357958515977383,0.0,0.5795454545454546,0.0,0.03773584905660377,0.037037037037037035,0.4112903225806452,0.0,0.9807692307692307,0.0
0.87,0.25,0.40229885057471265,0.17217746875765744,0.0,0.5795454545454546,0.0,0.03773584905660377,0.07142857142857142,0.4112903225806452,0.0,0.9807692307692307,0.0
0.87,0.27,0.40229885057471265,0.17217746875765744,0.0,0.5795454545454546,0.0,0.03773584905660377,0.07142857142857142,0.4112903225806452,0.0,0.9807692307692307,0.0
0.87,0.29,0.40229885057471265,0.1718344155844156,0.0,0.5795454545454546,0.0,0.03636363636363636,0.07142857142857142,0.4112903225806452,0.0,0.9807692307692307,0.0
0.87,0.31,0.40229885057471265,0.1718344155844156,0.0,0.5795454545454546,0.0,0.03636363636363636,0.07142857142857142,0.4112903225806452,0.0,0.9807692307692307,0.0
0.87,0.33,0.40229885057471265,0.1718344155844156,0.0,0.5795454545454546,0.0,0.03636363636363636,0.07142857142857142,0.4112903225806452,0.0,0.9807692307692307,0.0
0.87,0.35,0.4061302681992337,0.18029306220095695,0.0,0.5795454545454546,0.0,0.03636363636363636,0.10526315789473684,0.4112903225806452,0.0,0.9807692307692307,0.0
0.87,0.37,0.4061302681992337,0.18029306220095695,0.0,0.5795454545454546,0.0,0.03636363636363636,0.10526315789473684,0.4112903225806452,0.0,0.9807692307692307,0.0
0.87,0.39,0.4061302681992337,0.18029306220095695,0.0,0.5795454545454546,0.0,0.03636363636363636,0.10526315789473684,0.4112903225806452,0.0,0.9807692307692307,0.0
0.87,0.41,0.4061302681992337,0.18029306220095695,0.0,0.5795454545454546,0.0,0.03636363636363636,0.10526315789473684,0.4112903225806452,0.0,0.9807692307692307,0.0
0.87,0.43,0.4061302681992337,0.18029306220095695,0.0,0.5795454545454546,0.0,0.03636363636363636,0.10526315789473684,0.4112903225806452,0.0,0.9807692307692307,0.0
0.87,0.45,0.4061302681992337,0.18029306220095695,0.0,0.5795454545454546,0.0,0.03636363636363636,0.10526315789473684,0.4112903225806452,0.0,0.9807692307692307,0.0
0.87,0.47,0.4061302681992337,0.18029306220095695,0.0,0.5795454545454546,0.0,0.03636363636363636,0.10526315789473684,0.4112903225806452,0.0,0.9807692307692307,0.0
0.87,0.49,0.4061302681992337,0.18029306220095695,0.0,0.5795454545454546,0.0,0.03636363636363636,0.10526315789473684,0.4112903225806452,0.0,0.9807692307692307,0.0
0.87,0.51,0.4061302681992337,0.18029306220095695,0.0,0.5795454545454546,0.0,0.03636363636363636,0.10526315789473684,0.4112903225806452,0.0,0.9807692307692307,0.0
0.87,0.53,0.4061302681992337,0.18029306220095695,0.0,0.5795454545454546,0.0,0.03636363636363636,0.10526315789473684,0.4112903225806452,0.0,0.9807692307692307,0.0
0.87,0.55,0.4061302681992337,0.18029306220095695,0.0,0.5795454545454546,0.0,0.03636363636363636,0.10526315789473684,0.4112903225806452,0.0,0.9807692307692307,0.0
0.87,0.57,0.4061302681992337,0.18029306220095695,0.0,0.5795454545454546,0.0,0.03636363636363636,0.10526315789473684,0.4112903225806452,0.0,0.9807692307692307,0.0
0.87,0.59,0.4061302681992337,0.18029306220095695,0.0,0.5795454545454546,0.0,0.03636363636363636,0.10526315789473684,0.4112903225806452,0.0,0.9807692307692307,0.0
0.87,0.61,0.4061302681992337,0.18029306220095695,0.0,0.5795454545454546,0.0,0.03636363636363636,0.10526315789473684,0.4112903225806452,0.0,0.9807692307692307,0.0
0.87,0.63,0.4061302681992337,0.18029306220095695,0.0,0.5795454545454546,0.0,0.03636363636363636,0.10526315789473684,0.4112903225806452,0.0,0.9807692307692307,0.0
0.87,0.65,0.4061302681992337,0.18029306220095695,0.0,0.5795454545454546,0.0,0.03636363636363636,0.10526315789473684,0.4112903225806452,0.0,0.9807692307692307,0.0
0.87,0.67,0.4061302681992337,0.18029306220095695,0.0,0.5795454545454546,0.0,0.03636363636363636,0.10526315789473684,0.4112903225806452,0.0,0.9807692307692307,0.0
0.87,0.69,0.4061302681992337,0.18029306220095695,0.0,0.5795454545454546,0.0,0.03636363636363636,0.10526315789473684,0.4112903225806452,0.0,0.9807692307692307,0.0
0.87,0.71,0.4061302681992337,0.18029306220095695,0.0,0.5795454545454546,0.0,0.03636363636363636,0.10526315789473684,0.4112903225806452,0.0,0.9807692307692307,0.0
0.87,0.73,0.4061302681992337,0.18029306220095695,0.0,0.5795454545454546,0.0,0.03636363636363636,0.10526315789473684,0.4112903225806452,0.0,0.9807692307692307,0.0
0.87,0.75,0.4061302681992337,0.18029306220095695,0.0,0.5795454545454546,0.0,0.03636363636363636,0.10526315789473684,0.4112903225806452,0.0,0.9807692307692307,0.0
0.87,0.77,0.4061302681992337,0.18029306220095695,0.0,0.5795454545454546,0.0,0.03636363636363636,0.10526315789473684,0.4112903225806452,0.0,0.9807692307692307,0.0
0.87,0.79,0.4061302681992337,0.18029306220095695,0.0,0.5795454545454546,0.0,0.03636363636363636,0.10526315789473684,0.4112903225806452,0.0,0.9807692307692307,0.0
0.87,0.81,0.4061302681992337,0.18029306220095695,0.0,0.5795454545454546,0.0,0.03636363636363636,0.10526315789473684,0.4112903225806452,0.0,0.9807692307692307,0.0
0.87,0.83,0.4061302681992337,0.18029306220095695,0.0,0.5795454545454546,0.0,0.03636363636363636,0.10526315789473684,0.4112903225806452,0.0,0.9807692307692307,0.0
0.87,0.85,0.4061302681992337,0.18029306220095695,0.0,0.5795454545454546,0.0,0.03636363636363636,0.10526315789473684,0.4112903225806452,0.0,0.9807692307692307,0.0
0.87,0.87,0.4061302681992337,0.18029306220095695,0.0,0.5795454545454546,0.0,0.03636363636363636,0.10526315789473684,0.4112903225806452,0.0,0.9807692307692307,0.0
0.87,0.89,0.4061302681992337,0.18029306220095695,0.0,0.5795454545454546,0.0,0.03636363636363636,0.10526315789473684,0.4112903225806452,0.0,0.9807692307692307,0.0
0.87,0.91,0.4061302681992337,0.18029306220095695,0.0,0.5795454545454546,0.0,0.03636363636363636,0.10526315789473684,0.4112903225806452,0.0,0.9807692307692307,0.0
0.87,0.93,0.4061302681992337,0.18029306220095695,0.0,0.5795454545454546,0.0,0.03636363636363636,0.10526315789473684,0.4112903225806452,0.0,0.9807692307692307,0.0
0.87,0.95,0.4061302681992337,0.18029306220095695,0.0,0.5795454545454546,0.0,0.03636363636363636,0.10526315789473684,0.4112903225806452,0.0,0.9807692307692307,0.0
0.89,0.05,0.39080459770114945,0.14206128133704735,0.0,0.5682451253481894,0.0,0.0,0.0,0.4,0.0,0.9807692307692307,0.0
0.89,0.07,0.39080459770114945,0.14206128133704735,0.0,0.5682451253481894,0.0,0.0,0.0,0.4,0.0,0.9807692307692307,0.0
0.89,0.09,0.39080459770114945,0.14206128133704735,0.0,0.5682451253481894,0.0,0.0,0.0,0.4,0.0,0.9807692307692307,0.0
0.89,0.11,0.39080459770114945,0.14206128133704735,0.0,0.5682451253481894,0.0,0.0,0.0,0.4,0.0,0.9807692307692307,0.0
0.89,0.13,0.3946360153256705,0.15206128133704735,0.0,0.5682451253481894,0.0,0.0,0.04,0.4,0.0,0.9807692307692307,0.0
0.89,0.15,0.3946360153256705,0.15206128133704735,0.0,0.5682451253481894,0.0,0.0,0.04,0.4,0.0,0.9807692307692307,0.0
0.89,0.17,0.3946360153256705,0.15206128133704735,0.0,0.5682451253481894,0.0,0.0,0.04,0.4,0.0,0.9807692307692307,0.0
0.89,0.19,0.3946360153256705,0.15206128133704735,0.0,0.5682451253481894,0.0,0.0,0.04,0.4,0.0,0.9807692307692307,0.0
0.89,0.21,0.3946360153256705,0.1518652029056748,0.0,0.5682451253481894,0.0,0.0,0.0392156862745098,0.4,0.0,0.9807692307692307,0.0
0.89,0.23,0.39846743295019155,0.16129916516982573,0.0,0.5682451253481894,0.0,0.03773584905660377,0.0392156862745098,0.4,0.0,0.9807692307692307,0.0
0.89,0.25,0.39846743295019155,0.16129916516982573,0.0,0.5682451253481894,0.0,0.03773584905660377,0.0392156862745098,0.4,0.0,0.9807692307692307,0.0
0.89,0.27,0.39846743295019155,0.16129916516982573,0.0,0.5682451253481894,0.0,0.03773584905660377,0.0392156862745098,0.4,0.0,0.9807692307692307,0.0
0.89,0.29,0.39846743295019155,0.16112446216493406,0.0,0.5682451253481894,0.0,0.037037037037037035,0.0392156862745098,0.4,0.0,0.9807692307692307,0.0
0.89,0.31,0.39846743295019155,0.16112446216493406,0.0,0.5682451253481894,0.0,0.037037037037037035,0.0392156862745098,0.4,0.0,0.9807692307692307,0.0
0.89,0.33,0.39846743295019155,0.16112446216493406,0.0,0.5682451253481894,0.0,0.037037037037037035,0.0392156862745098,0.4,0.0,0.9807692307692307,0.0
0.89,0.35,0.39846743295019155,0.16112446216493406,0.0,0.5682451253481894,0.0,0.037037037037037035,0.0392156862745098,0.4,0.0,0.9807692307692307,0.0
0.89,0.37,0.39846743295019155,0.16112446216493406,0.0,0.5682451253481894,0.0,0.037037037037037035,0.0392156862745098,0.4,0.0,0.9807692307692307,0.0
0.89,0.39,0.39846743295019155,0.16112446216493406,0.0,0.5682451253481894,0.0,0.037037037037037035,0.0392156862745098,0.4,0.0,0.9807692307692307,0.0
0.89,0.41,0.39846743295019155,0.16112446216493406,0.0,0.5682451253481894,0.0,0.037037037037037035,0.0392156862745098,0.4,0.0,0.9807692307692307,0.0
0.89,0.43,0.39846743295019155,0.16112446216493406,0.0,0.5682451253481894,0.0,0.037037037037037035,0.0392156862745098,0.4,0.0,0.9807692307692307,0.0
0.89,0.45,0.39846743295019155,0.16112446216493406,0.0,0.5682451253481894,0.0,0.037037037037037035,0.0392156862745098,0.4,0.0,0.9807692307692307,0.0
0.89,0.47,0.39846743295019155,0.16112446216493406,0.0,0.5682451253481894,0.0,0.037037037037037035,0.0392156862745098,0.4,0.0,0.9807692307692307,0.0
0.89,0.49,0.39846743295019155,0.16112446216493406,0.0,0.5682451253481894,0.0,0.037037037037037035,0.0392156862745098,0.4,0.0,0.9807692307692307,0.0
0.89,0.51,0.39846743295019155,0.16112446216493406,0.0,0.5682451253481894,0.0,0.037037037037037035,0.0392156862745098,0.4,0.0,0.9807692307692307,0.0
0.89,0.53,0.39846743295019155,0.16112446216493406,0.0,0.5682451253481894,0.0,0.037037037037037035,0.0392156862745098,0.4,0.0,0.9807692307692307,0.0
0.89,0.55,0.39846743295019155,0.16112446216493406,0.0,0.5682451253481894,0.0,0.037037037037037035,0.0392156862745098,0.4,0.0,0.9807692307692307,0.0
0.89,0.57,0.39846743295019155,0.16112446216493406,0.0,0.5682451253481894,0.0,0.037037037037037035,0.0392156862745098,0.4,0.0,0.9807692307692307,0.0
0.89,0.59,0.39846743295019155,0.16112446216493406,0.0,0.5682451253481894,0.0,0.037037037037037035,0.0392156862745098,0.4,0.0,0.9807692307692307,0.0
0.89,0.61,0.39846743295019155,0.16112446216493406,0.0,0.5682451253481894,0.0,0.037037037037037035,0.0392156862745098,0.4,0.0,0.9807692307692307,0.0
0.89,0.63,0.39846743295019155,0.16112446216493406,0.0,0.5682451253481894,0.0,0.037037037037037035,0.0392156862745098,0.4,0.0,0.9807692307692307,0.0
0.89,0.65,0.39846743295019155,0.16112446216493406,0.0,0.5682451253481894,0.0,0.037037037037037035,0.0392156862745098,0.4,0.0,0.9807692307692307,0.0
0.89,0.67,0.39846743295019155,0.16112446216493406,0.0,0.5682451253481894,0.0,0.037037037037037035,0.0392156862745098,0.4,0.0,0.9807692307692307,0.0
0.89,0.69,0.39846743295019155,0.16112446216493406,0.0,0.5682451253481894,0.0,0.037037037037037035,0.0392156862745098,0.4,0.0,0.9807692307692307,0.0
0.89,0.71,0.39846743295019155,0.16112446216493406,0.0,0.5682451253481894,0.0,0.037037037037037035,0.0392156862745098,0.4,0.0,0.9807692307692307,0.0
0.89,0.73,0.39846743295019155,0.16112446216493406,0.0,0.5682451253481894,0.0,0.037037037037037035,0.0392156862745098,0.4,0.0,0.9807692307692307,0.0
0.89,0.75,0.39846743295019155,0.16112446216493406,0.0,0.5682451253481894,0.0,0.037037037037037035,0.0392156862745098,0.4,0.0,0.9807692307692307,0.0
0.89,0.77,0.39846743295019155,0.16112446216493406,0.0,0.5682451253481894,0.0,0.037037037037037035,0.0392156862745098,0.4,0.0,0.9807692307692307,0.0
0.89,0.79,0.39846743295019155,0.16112446216493406,0.0,0.5682451253481894,0.0,0.037037037037037035,0.0392156862745098,0.4,0.0,0.9807692307692307,0.0
0.89,0.81,0.39846743295019155,0.16112446216493406,0.0,0.5682451253481894,0.0,0.037037037037037035,0.0392156862745098,0.4,0.0,0.9807692307692307,0.0
0.89,0.83,0.39846743295019155,0.16112446216493406,0.0,0.5682451253481894,0.0,0.037037037037037035,0.0392156862745098,0.4,0.0,0.9807692307692307,0.0
0.89,0.85,0.39846743295019155,0.16112446216493406,0.0,0.5682451253481894,0.0,0.037037037037037035,0.0392156862745098,0.4,0.0,0.9807692307692307,0.0
0.89,0.87,0.39846743295019155,0.16112446216493406,0.0,0.5682451253481894,0.0,0.037037037037037035,0.0392156862745098,0.4,0.0,0.9807692307692307,0.0
0.89,0.89,0.39846743295019155,0.16112446216493406,0.0,0.5682451253481894,0.0,0.037037037037037035,0.0392156862745098,0.4,0.0,0.9807692307692307,0.0
0.89,0.91,0.39846743295019155,0.16112446216493406,0.0,0.5682451253481894,0.0,0.037037037037037035,0.0392156862745098,0.4,0.0,0.9807692307692307,0.0
0.89,0.93,0.39846743295019155,0.16112446216493406,0.0,0.5682451253481894,0.0,0.037037037037037035,0.0392156862745098,0.4,0.0,0.9807692307692307,0.0
0.89,0.95,0.39846743295019155,0.16112446216493406,0.0,0.5682451253481894,0.0,0.037037037037037035,0.0392156862745098,0.4,0.0,0.9807692307692307,0.0
0.91,0.05,0.3946360153256705,0.14226519337016574,0.0,0.569060773480663,0.0,0.0,0.0,0.3992248062015504,0.0,0.9903846153846154,0.0
0.91,0.07,0.3946360153256705,0.14226519337016574,0.0,0.569060773480663,0.0,0.0,0.0,0.3992248062015504,0.0,0.9903846153846154,0.0
0.91,0.09,0.3946360153256705,0.14226519337016574,0.0,0.569060773480663,0.0,0.0,0.0,0.3992248062015504,0.0,0.9903846153846154,0.0
0.91,0.11,0.3946360153256705,0.14226519337016574,0.0,0.569060773480663,0.0,0.0,0.0,0.3992248062015504,0.0,0.9903846153846154,0.0
0.91,0.13,0.39846743295019155,0.15246927500281882,0.0,0.569060773480663,0.0,0.0,0.04081632653061224,0.3992248062015504,0.0,0.9903846153846154,0.0
0.91,0.15,0.39846743295019155,0.15246927500281882,0.0,0.569060773480663,0.0,0.0,0.04081632653061224,0.3992248062015504,0.0,0.9903846153846154,0.0
0.91,0.17,0.39846743295019155,0.15246927500281882,0.0,0.569060773480663,0.0,0.0,0.04081632653061224,0.3992248062015504,0.0,0.9903846153846154,0.0
0.91,0.19,0.39846743295019155,0.15246927500281882,0.0,0.569060773480663,0.0,0.0,0.04081632653061224,0.3992248062015504,0.0,0.9903846153846154,0.0
0.91,0.21,0.39846743295019155,0.15226519337016575,0.0,0.569060773480663,0.0,0.0,0.04,0.3992248062015504,0.0,0.9903846153846154,0.0
0.91,0.23,0.39846743295019155,0.15226519337016575,0.0,0.569060773480663,0.0,0.0,0.04,0.3992248062015504,0.0,0.9903846153846154,0.0
0.91,0.25,0.39846743295019155,0.15226519337016575,0.0,0.569060773480663,0.0,0.0,0.04,0.3992248062015504,0.0,0.9903846153846154,0.0
0.91,0.27,0.39846743295019155,0.15226519337016575,0.0,0.569060773480663,0.0,0.0,0.04,0.3992248062015504,0.0,0.9903846153846154,0.0
0.91,0.29,0.39846743295019155,0.15226519337016575,0.0,0.569060773480663,0.0,0.0,0.04,0.3992248062015504,0.0,0.9903846153846154,0.0
0.91,0.31,0.39846743295019155,0.15226519337016575,0.0,0.569060773480663,0.0,0.0,0.04,0.3992248062015504,0.0,0.9903846153846154,0.0
0.91,0.33,0.39846743295019155,0.15226519337016575,0.0,0.569060773480663,0.0,0.0,0.04,0.3992248062015504,0.0,0.9903846153846154,0.0
0.91,0.35,0.39846743295019155,0.15226519337016575,0.0,0.569060773480663,0.0,0.0,0.04,0.3992248062015504,0.0,0.9903846153846154,0.0
0.91,0.37,0.39846743295019155,0.15226519337016575,0.0,0.569060773480663,0.0,0.0,0.04,0.3992248062015504,0.0,0.9903846153846154,0.0
0.91,0.39,0.39846743295019155,0.15226519337016575,0.0,0.569060773480663,0.0,0.0,0.04,0.3992248062015504,0.0,0.9903846153846154,0.0
0.91,0.41,0.39846743295019155,0.15226519337016575,0.0,0.569060773480663,0.0,0.0,0.04,0.3992248062015504,0.0,0.9903846153846154,0.0
0.91,0.43,0.39846743295019155,0.15226519337016575,0.0,0.569060773480663,0.0,0.0,0.04,0.3992248062015504,0.0,0.9903846153846154,0.0
0.91,0.45,0.39846743295019155,0.15226519337016575,0.0,0.569060773480663,0.0,0.0,0.04,0.3992248062015504,0.0,0.9903846153846154,0.0
0.91,0.47,0.39846743295019155,0.15226519337016575,0.0,0.569060773480663,0.0,0.0,0.04,0.3992248062015504,0.0,0.9903846153846154,0.0
0.91,0.49,0.39846743295019155,0.15226519337016575,0.0,0.569060773480663,0.0,0.0,0.04,0.3992248062015504,0.0,0.9903846153846154,0.0
0.91,0.51,0.39846743295019155,0.15226519337016575,0.0,0.569060773480663,0.0,0.0,0.04,0.3992248062015504,0.0,0.9903846153846154,0.0
0.91,0.53,0.39846743295019155,0.15226519337016575,0.0,0.569060773480663,0.0,0.0,0.04,0.3992248062015504,0.0,0.9903846153846154,0.0
0.91,0.55,0.39846743295019155,0.15226519337016575,0.0,0.569060773480663,0.0,0.0,0.04,0.3992248062015504,0.0,0.9903846153846154,0.0
0.91,0.57,0.39846743295019155,0.15226519337016575,0.0,0.569060773480663,0.0,0.0,0.04,0.3992248062015504,0.0,0.9903846153846154,0.0
0.91,0.59,0.39846743295019155,0.15226519337016575,0.0,0.569060773480663,0.0,0.0,0.04,0.3992248062015504,0.0,0.9903846153846154,0.0
0.91,0.61,0.39846743295019155,0.15226519337016575,0.0,0.569060773480663,0.0,0.0,0.04,0.3992248062015504,0.0,0.9903846153846154,0.0
0.91,0.63,0.39846743295019155,0.15226519337016575,0.0,0.569060773480663,0.0,0.0,0.04,0.3992248062015504,0.0,0.9903846153846154,0.0
0.91,0.65,0.39846743295019155,0.15226519337016575,0.0,0.569060773480663,0.0,0.0,0.04,0.3992248062015504,0.0,0.9903846153846154,0.0
0.91,0.67,0.39846743295019155,0.15226519337016575,0.0,0.569060773480663,0.0,0.0,0.04,0.3992248062015504,0.0,0.9903846153846154,0.0
0.91,0.69,0.39846743295019155,0.15226519337016575,0.0,0.569060773480663,0.0,0.0,0.04,0.3992248062015504,0.0,0.9903846153846154,0.0
0.91,0.71,0.39846743295019155,0.15226519337016575,0.0,0.569060773480663,0.0,0.0,0.04,0.3992248062015504,0.0,0.9903846153846154,0.0
0.91,0.73,0.39846743295019155,0.15226519337016575,0.0,0.569060773480663,0.0,0.0,0.04,0.3992248062015504,0.0,0.9903846153846154,0.0
0.91,0.75,0.39846743295019155,0.15226519337016575,0.0,0.569060773480663,0.0,0.0,0.04,0.3992248062015504,0.0,0.9903846153846154,0.0
0.91,0.77,0.39846743295019155,0.15226519337016575,0.0,0.569060773480663,0.0,0.0,0.04,0.3992248062015504,0.0,0.9903846153846154,0.0
0.91,0.79,0.39846743295019155,0.15226519337016575,0.0,0.569060773480663,0.0,0.0,0.04,0.3992248062015504,0.0,0.9903846153846154,0.0
0.91,0.81,0.39846743295019155,0.15226519337016575,0.0,0.569060773480663,0.0,0.0,0.04,0.3992248062015504,0.0,0.9903846153846154,0.0
0.91,0.83,0.39846743295019155,0.15226519337016575,0.0,0.569060773480663,0.0,0.0,0.04,0.3992248062015504,0.0,0.9903846153846154,0.0
0.91,0.85,0.39846743295019155,0.15226519337016575,0.0,0.569060773480663,0.0,0.0,0.04,0.3992248062015504,0.0,0.9903846153846154,0.0
0.91,0.87,0.39846743295019155,0.15226519337016575,0.0,0.569060773480663,0.0,0.0,0.04,0.3992248062015504,0.0,0.9903846153846154,0.0
0.91,0.89,0.39846743295019155,0.15226519337016575,0.0,0.569060773480663,0.0,0.0,0.04,0.3992248062015504,0.0,0.9903846153846154,0.0
0.91,0.91,0.39846743295019155,0.15226519337016575,0.0,0.569060773480663,0.0,0.0,0.04,0.3992248062015504,0.0,0.9903846153846154,0.0
0.91,0.93,0.39846743295019155,0.15226519337016575,0.0,0.569060773480663,0.0,0.0,0.04,0.3992248062015504,0.0,0.9903846153846154,0.0
0.91,0.95,0.39846743295019155,0.15226519337016575,0.0,0.569060773480663,0.0,0.0,0.04,0.3992248062015504,0.0,0.9903846153846154,0.0
0.93,0.05,0.39846743295019155,0.14246575342465753,0.0,0.5698630136986301,0.0,0.0,0.0,0.39846743295019155,0.0,1.0,0.0
0.93,0.07,0.39846743295019155,0.14246575342465753,0.0,0.5698630136986301,0.0,0.0,0.0,0.39846743295019155,0.0,1.0,0.0
0.93,0.09,0.39846743295019155,0.14246575342465753,0.0,0.5698630136986301,0.0,0.0,0.0,0.39846743295019155,0.0,1.0,0.0
0.93,0.11,0.39846743295019155,0.14246575342465753,0.0,0.5698630136986301,0.0,0.0,0.0,0.39846743295019155,0.0,1.0,0.0
0.93,0.13,0.39846743295019155,0.14246575342465753,0.0,0.5698630136986301,0.0,0.0,0.0,0.39846743295019155,0.0,1.0,0.0
0.93,0.15,0.39846743295019155,0.14246575342465753,0.0,0.5698630136986301,0.0,0.0,0.0,0.39846743295019155,0.0,1.0,0.0
0.93,0.17,0.39846743295019155,0.14246575342465753,0.0,0.5698630136986301,0.0,0.0,0.0,0.39846743295019155,0.0,1.0,0.0
0.93,0.19,0.39846743295019155,0.14246575342465753,0.0,0.5698630136986301,0.0,0.0,0.0,0.39846743295019155,0.0,1.0,0.0
0.93,0.21,0.39846743295019155,0.14246575342465753,0.0,0.5698630136986301,0.0,0.0,0.0,0.39846743295019155,0.0,1.0,0.0
0.93,0.23,0.39846743295019155,0.14246575342465753,0.0,0.5698630136986301,0.0,0.0,0.0,0.39846743295019155,0.0,1.0,0.0
0.93,0.25,0.39846743295019155,0.14246575342465753,0.0,0.5698630136986301,0.0,0.0,0.0,0.39846743295019155,0.0,1.0,0.0
0.93,0.27,0.39846743295019155,0.14246575342465753,0.0,0.5698630136986301,0.0,0.0,0.0,0.39846743295019155,0.0,1.0,0.0
0.93,0.29,0.39846743295019155,0.14246575342465753,0.0,0.5698630136986301,0.0,0.0,0.0,0.39846743295019155,0.0,1.0,0.0
0.93,0.31,0.39846743295019155,0.14246575342465753,0.0,0.5698630136986301,0.0,0.0,0.0,0.39846743295019155,0.0,1.0,0.0
0.93,0.33,0.39846743295019155,0.14246575342465753,0.0,0.5698630136986301,0.0,0.0,0.0,0.39846743295019155,0.0,1.0,0.0
0.93,0.35,0.39846743295019155,0.14246575342465753,0.0,0.5698630136986301,0.0,0.0,0.0,0.39846743295019155,0.0,1.0,0.0
0.93,0.37,0.39846743295019155,0.14246575342465753,0.0,0.5698630136986301,0.0,0.0,0.0,0.39846743295019155,0.0,1.0,0.0
0.93,0.39,0.39846743295019155,0.14246575342465753,0.0,0.5698630136986301,0.0,0.0,0.0,0.39846743295019155,0.0,1.0,0.0
0.93,0.41,0.39846743295019155,0.14246575342465753,0.0,0.5698630136986301,0.0,0.0,0.0,0.39846743295019155,0.0,1.0,0.0
0.93,0.43,0.39846743295019155,0.14246575342465753,0.0,0.5698630136986301,0.0,0.0,0.0,0.39846743295019155,0.0,1.0,0.0
0.93,0.45,0.39846743295019155,0.14246575342465753,0.0,0.5698630136986301,0.0,0.0,0.0,0.39846743295019155,0.0,1.0,0.0
0.93,0.47,0.39846743295019155,0.14246575342465753,0.0,0.5698630136986301,0.0,0.0,0.0,0.39846743295019155,0.0,1.0,0.0
0.93,0.49,0.39846743295019155,0.14246575342465753,0.0,0.5698630136986301,0.0,0.0,0.0,0.39846743295019155,0.0,1.0,0.0
0.93,0.51,0.39846743295019155,0.14246575342465753,0.0,0.5698630136986301,0.0,0.0,0.0,0.39846743295019155,0.0,1.0,0.0
0.93,0.53,0.39846743295019155,0.14246575342465753,0.0,0.5698630136986301,0.0,0.0,0.0,0.39846743295019155,0.0,1.0,0.0
0.93,0.55,0.39846743295019155,0.14246575342465753,0.0,0.5698630136986301,0.0,0.0,0.0,0.39846743295019155,0.0,1.0,0.0
0.93,0.57,0.39846743295019155,0.14246575342465753,0.0,0.5698630136986301,0.0,0.0,0.0,0.39846743295019155,0.0,1.0,0.0
0.93,0.59,0.39846743295019155,0.14246575342465753,0.0,0.5698630136986301,0.0,0.0,0.0,0.39846743295019155,0.0,1.0,0.0
0.93,0.61,0.39846743295019155,0.14246575342465753,0.0,0.5698630136986301,0.0,0.0,0.0,0.39846743295019155,0.0,1.0,0.0
0.93,0.63,0.39846743295019155,0.14246575342465753,0.0,0.5698630136986301,0.0,0.0,0.0,0.39846743295019155,0.0,1.0,0.0
0.93,0.65,0.39846743295019155,0.14246575342465753,0.0,0.5698630136986301,0.0,0.0,0.0,0.39846743295019155,0.0,1.0,0.0
0.93,0.67,0.39846743295019155,0.14246575342465753,0.0,0.5698630136986301,0.0,0.0,0.0,0.39846743295019155,0.0,1.0,0.0
0.93,0.69,0.39846743295019155,0.14246575342465753,0.0,0.5698630136986301,0.0,0.0,0.0,0.39846743295019155,0.0,1.0,0.0
0.93,0.71,0.39846743295019155,0.14246575342465753,0.0,0.5698630136986301,0.0,0.0,0.0,0.39846743295019155,0.0,1.0,0.0
0.93,0.73,0.39846743295019155,0.14246575342465753,0.0,0.5698630136986301,0.0,0.0,0.0,0.39846743295019155,0.0,1.0,0.0
0.93,0.75,0.39846743295019155,0.14246575342465753,0.0,0.5698630136986301,0.0,0.0,0.0,0.39846743295019155,0.0,1.0,0.0
0.93,0.77,0.39846743295019155,0.14246575342465753,0.0,0.5698630136986301,0.0,0.0,0.0,0.39846743295019155,0.0,1.0,0.0
0.93,0.79,0.39846743295019155,0.14246575342465753,0.0,0.5698630136986301,0.0,0.0,0.0,0.39846743295019155,0.0,1.0,0.0
0.93,0.81,0.39846743295019155,0.14246575342465753,0.0,0.5698630136986301,0.0,0.0,0.0,0.39846743295019155,0.0,1.0,0.0
0.93,0.83,0.39846743295019155,0.14246575342465753,0.0,0.5698630136986301,0.0,0.0,0.0,0.39846743295019155,0.0,1.0,0.0
0.93,0.85,0.39846743295019155,0.14246575342465753,0.0,0.5698630136986301,0.0,0.0,0.0,0.39846743295019155,0.0,1.0,0.0
0.93,0.87,0.39846743295019155,0.14246575342465753,0.0,0.5698630136986301,0.0,0.0,0.0,0.39846743295019155,0.0,1.0,0.0
0.93,0.89,0.39846743295019155,0.14246575342465753,0.0,0.5698630136986301,0.0,0.0,0.0,0.39846743295019155,0.0,1.0,0.0
0.93,0.91,0.39846743295019155,0.14246575342465753,0.0,0.5698630136986301,0.0,0.0,0.0,0.39846743295019155,0.0,1.0,0.0
0.93,0.93,0.39846743295019155,0.14246575342465753,0.0,0.5698630136986301,0.0,0.0,0.0,0.39846743295019155,0.0,1.0,0.0
0.93,0.95,0.39846743295019155,0.14246575342465753,0.0,0.5698630136986301,0.0,0.0,0.0,0.39846743295019155,0.0,1.0,0.0
0.95,0.05,0.39846743295019155,0.14246575342465753,0.0,0.5698630136986301,0.0,0.0,0.0,0.39846743295019155,0.0,1.0,0.0
0.95,0.07,0.39846743295019155,0.14246575342465753,0.0,0.5698630136986301,0.0,0.0,0.0,0.39846743295019155,0.0,1.0,0.0
0.95,0.09,0.39846743295019155,0.14246575342465753,0.0,0.5698630136986301,0.0,0.0,0.0,0.39846743295019155,0.0,1.0,0.0
0.95,0.11,0.39846743295019155,0.14246575342465753,0.0,0.5698630136986301,0.0,0.0,0.0,0.39846743295019155,0.0,1.0,0.0
0.95,0.13,0.39846743295019155,0.14246575342465753,0.0,0.5698630136986301,0.0,0.0,0.0,0.39846743295019155,0.0,1.0,0.0
0.95,0.15,0.39846743295019155,0.14246575342465753,0.0,0.5698630136986301,0.0,0.0,0.0,0.39846743295019155,0.0,1.0,0.0
0.95,0.17,0.39846743295019155,0.14246575342465753,0.0,0.5698630136986301,0.0,0.0,0.0,0.39846743295019155,0.0,1.0,0.0
0.95,0.19,0.39846743295019155,0.14246575342465753,0.0,0.5698630136986301,0.0,0.0,0.0,0.39846743295019155,0.0,1.0,0.0
0.95,0.21,0.39846743295019155,0.14246575342465753,0.0,0.5698630136986301,0.0,0.0,0.0,0.39846743295019155,0.0,1.0,0.0
0.95,0.23,0.39846743295019155,0.14246575342465753,0.0,0.5698630136986301,0.0,0.0,0.0,0.39846743295019155,0.0,1.0,0.0
0.95,0.25,0.39846743295019155,0.14246575342465753,0.0,0.5698630136986301,0.0,0.0,0.0,0.39846743295019155,0.0,1.0,0.0
0.95,0.27,0.39846743295019155,0.14246575342465753,0.0,0.5698630136986301,0.0,0.0,0.0,0.39846743295019155,0.0,1.0,0.0
0.95,0.29,0.39846743295019155,0.14246575342465753,0.0,0.5698630136986301,0.0,0.0,0.0,0.39846743295019155,0.0,1.0,0.0
0.95,0.31,0.39846743295019155,0.14246575342465753,0.0,0.5698630136986301,0.0,0.0,0.0,0.39846743295019155,0.0,1.0,0.0
0.95,0.33,0.39846743295019155,0.14246575342465753,0.0,0.5698630136986301,0.0,0.0,0.0,0.39846743295019155,0.0,1.0,0.0
0.95,0.35,0.39846743295019155,0.14246575342465753,0.0,0.5698630136986301,0.0,0.0,0.0,0.39846743295019155,0.0,1.0,0.0
0.95,0.37,0.39846743295019155,0.14246575342465753,0.0,0.5698630136986301,0.0,0.0,0.0,0.39846743295019155,0.0,1.0,0.0
0.95,0.39,0.39846743295019155,0.14246575342465753,0.0,0.5698630136986301,0.0,0.0,0.0,0.39846743295019155,0.0,1.0,0.0
0.95,0.41,0.39846743295019155,0.14246575342465753,0.0,0.5698630136986301,0.0,0.0,0.0,0.39846743295019155,0.0,1.0,0.0
0.95,0.43,0.39846743295019155,0.14246575342465753,0.0,0.5698630136986301,0.0,0.0,0.0,0.39846743295019155,0.0,1.0,0.0
0.95,0.45,0.39846743295019155,0.14246575342465753,0.0,0.5698630136986301,0.0,0.0,0.0,0.39846743295019155,0.0,1.0,0.0
0.95,0.47,0.39846743295019155,0.14246575342465753,0.0,0.5698630136986301,0.0,0.0,0.0,0.39846743295019155,0.0,1.0,0.0
0.95,0.49,0.39846743295019155,0.14246575342465753,0.0,0.5698630136986301,0.0,0.0,0.0,0.39846743295019155,0.0,1.0,0.0
0.95,0.51,0.39846743295019155,0.14246575342465753,0.0,0.5698630136986301,0.0,0.0,0.0,0.39846743295019155,0.0,1.0,0.0
0.95,0.53,0.39846743295019155,0.14246575342465753,0.0,0.5698630136986301,0.0,0.0,0.0,0.39846743295019155,0.0,1.0,0.0
0.95,0.55,0.39846743295019155,0.14246575342465753,0.0,0.5698630136986301,0.0,0.0,0.0,0.39846743295019155,0.0,1.0,0.0
0.95,0.57,0.39846743295019155,0.14246575342465753,0.0,0.5698630136986301,0.0,0.0,0.0,0.39846743295019155,0.0,1.0,0.0
0.95,0.59,0.39846743295019155,0.14246575342465753,0.0,0.5698630136986301,0.0,0.0,0.0,0.39846743295019155,0.0,1.0,0.0
0.95,0.61,0.39846743295019155,0.14246575342465753,0.0,0.5698630136986301,0.0,0.0,0.0,0.39846743295019155,0.0,1.0,0.0
0.95,0.63,0.39846743295019155,0.14246575342465753,0.0,0.5698630136986301,0.0,0.0,0.0,0.39846743295019155,0.0,1.0,0.0
0.95,0.65,0.39846743295019155,0.14246575342465753,0.0,0.5698630136986301,0.0,0.0,0.0,0.39846743295019155,0.0,1.0,0.0
0.95,0.67,0.39846743295019155,0.14246575342465753,0.0,0.5698630136986301,0.0,0.0,0.0,0.39846743295019155,0.0,1.0,0.0
0.95,0.69,0.39846743295019155,0.14246575342465753,0.0,0.5698630136986301,0.0,0.0,0.0,0.39846743295019155,0.0,1.0,0.0
0.95,0.71,0.39846743295019155,0.14246575342465753,0.0,0.5698630136986301,0.0,0.0,0.0,0.39846743295019155,0.0,1.0,0.0
0.95,0.73,0.39846743295019155,0.14246575342465753,0.0,0.5698630136986301,0.0,0.0,0.0,0.39846743295019155,0.0,1.0,0.0
0.95,0.75,0.39846743295019155,0.14246575342465753,0.0,0.5698630136986301,0.0,0.0,0.0,0.39846743295019155,0.0,1.0,0.0
0.95,0.77,0.39846743295019155,0.14246575342465753,0.0,0.5698630136986301,0.0,0.0,0.0,0.39846743295019155,0.0,1.0,0.0
0.95,0.79,0.39846743295019155,0.14246575342465753,0.0,0.5698630136986301,0.0,0.0,0.0,0.39846743295019155,0.0,1.0,0.0
0.95,0.81,0.39846743295019155,0.14246575342465753,0.0,0.5698630136986301,0.0,0.0,0.0,0.39846743295019155,0.0,1.0,0.0
0.95,0.83,0.39846743295019155,0.14246575342465753,0.0,0.5698630136986301,0.0,0.0,0.0,0.39846743295019155,0.0,1.0,0.0
0.95,0.85,0.39846743295019155,0.14246575342465753,0.0,0.5698630136986301,0.0,0.0,0.0,0.39846743295019155,0.0,1.0,0.0
0.95,0.87,0.39846743295019155,0.14246575342465753,0.0,0.5698630136986301,0.0,0.0,0.0,0.39846743295019155,0.0,1.0,0.0
0.95,0.89,0.39846743295019155,0.14246575342465753,0.0,0.5698630136986301,0.0,0.0,0.0,0.39846743295019155,0.0,1.0,0.0
0.95,0.91,0.39846743295019155,0.14246575342465753,0.0,0.5698630136986301,0.0,0.0,0.0,0.39846743295019155,0.0,1.0,0.0
0.95,0.93,0.39846743295019155,0.14246575342465753,0.0,0.5698630136986301,0.0,0.0,0.0,0.39846743295019155,0.0,1.0,0.0
0.95,0.95,0.39846743295019155,0.14246575342465753,0.0,0.5698630136986301,0.0,0.0,0.0,0.39846743295019155,0.0,1.0,0.0
