encounter_id,arrival_day_of_festival,arrival_dow,arrival_is_weekend,arrival_is_peak_festival_day,arrival_same_day_volume,vts_n_records,vts_heart_rate_min,vts_heart_rate_max,vts_heart_rate_mean,vts_heart_rate_last,vts_heart_rate_range,vts_heart_rate_cv,vts_heart_rate_slope,vts_heart_rate_slope_first60,vts_heart_rate_slope_60_240,vts_heart_rate_accel_sign,vts_heart_rate_peak_value,vts_heart_rate_peak_minute,vts_heart_rate_nadir_value,vts_heart_rate_nadir_minute,vts_heart_rate_n_critical,vts_heart_rate_time_to_first_critical,vts_heart_rate_last30_mean,vts_heart_rate_recovery_halftime,vts_respiratory_rate_min,vts_respiratory_rate_max,vts_respiratory_rate_mean,vts_respiratory_rate_last,vts_respiratory_rate_range,vts_respiratory_rate_cv,vts_respiratory_rate_slope,vts_respiratory_rate_slope_first60,vts_respiratory_rate_slope_60_240,vts_respiratory_rate_accel_sign,vts_respiratory_rate_peak_value,vts_respiratory_rate_peak_minute,vts_respiratory_rate_nadir_value,vts_respiratory_rate_nadir_minute,vts_respiratory_rate_n_critical,vts_respiratory_rate_time_to_first_critical,vts_respiratory_rate_last30_mean,vts_respiratory_rate_recovery_halftime,vts_systolic_bp_min,vts_systolic_bp_max,vts_systolic_bp_mean,vts_systolic_bp_last,vts_systolic_bp_range,vts_systolic_bp_cv,vts_systolic_bp_slope,vts_systolic_bp_slope_first60,vts_systolic_bp_slope_60_240,vts_systolic_bp_accel_sign,vts_systolic_bp_peak_value,vts_systolic_bp_peak_minute,vts_systolic_bp_nadir_value,vts_systolic_bp_nadir_minute,vts_systolic_bp_n_critical,vts_systolic_bp_time_to_first_critical,vts_systolic_bp_last30_mean,vts_systolic_bp_recovery_halftime,vts_diastolic_bp_min,vts_diastolic_bp_max,vts_diastolic_bp_mean,vts_diastolic_bp_last,vts_diastolic_bp_range,vts_diastolic_bp_cv,vts_diastolic_bp_slope,vts_diastolic_bp_slope_first60,vts_diastolic_bp_slope_60_240,vts_diastolic_bp_accel_sign,vts_diastolic_bp_peak_value,vts_diastolic_bp_peak_minute,vts_diastolic_bp_nadir_value,vts_diastolic_bp_nadir_minute,vts_diastolic_bp_n_critical,vts_diastolic_bp_time_to_first_critical,vts_diastolic_bp_last30_mean,vts_diastolic_bp_recovery_halftime,vts_oxygen_saturation_min,vts_oxygen_saturation_max,vts_oxygen_saturation_mean,vts_oxygen_saturation_last,vts_oxygen_saturation_range,vts_oxygen_saturation_cv,vts_oxygen_saturation_slope,vts_oxygen_saturation_slope_first60,vts_oxygen_saturation_slope_60_240,vts_oxygen_saturation_accel_sign,vts_oxygen_saturation_peak_value,vts_oxygen_saturation_peak_minute,vts_oxygen_saturation_nadir_value,vts_oxygen_saturation_nadir_minute,vts_oxygen_saturation_n_critical,vts_oxygen_saturation_time_to_first_critical,vts_oxygen_saturation_last30_mean,vts_oxygen_saturation_recovery_halftime,vts_temperature_c_min,vts_temperature_c_max,vts_temperature_c_mean,vts_temperature_c_last,vts_temperature_c_range,vts_temperature_c_cv,vts_temperature_c_slope,vts_temperature_c_slope_first60,vts_temperature_c_slope_60_240,vts_temperature_c_accel_sign,vts_temperature_c_peak_value,vts_temperature_c_peak_minute,vts_temperature_c_nadir_value,vts_temperature_c_nadir_minute,vts_temperature_c_n_critical,vts_temperature_c_time_to_first_critical,vts_temperature_c_last30_mean,vts_temperature_c_recovery_halftime,vts_gcs_min,vts_gcs_max,vts_gcs_mean,vts_gcs_last,vts_gcs_range,vts_gcs_cv,vts_gcs_slope,vts_gcs_slope_first60,vts_gcs_slope_60_240,vts_gcs_accel_sign,vts_gcs_peak_value,vts_gcs_peak_minute,vts_gcs_nadir_value,vts_gcs_nadir_minute,vts_gcs_n_critical,vts_gcs_time_to_first_critical,vts_gcs_last30_mean,vts_gcs_recovery_halftime,vts_end_tidal_co2_min,vts_end_tidal_co2_max,vts_end_tidal_co2_mean,vts_end_tidal_co2_last,vts_end_tidal_co2_range,vts_end_tidal_co2_cv,vts_end_tidal_co2_slope,vts_end_tidal_co2_slope_first60,vts_end_tidal_co2_slope_60_240,vts_end_tidal_co2_accel_sign,vts_end_tidal_co2_peak_value,vts_end_tidal_co2_peak_minute,vts_end_tidal_co2_nadir_value,vts_end_tidal_co2_nadir_minute,vts_end_tidal_co2_n_critical,vts_end_tidal_co2_time_to_first_critical,vts_end_tidal_co2_last30_mean,vts_end_tidal_co2_recovery_halftime,lts_n_records,lts_any_drawn,lts_cbc_wbc_was_drawn,lts_bmp_sodium_was_drawn,lts_bmp_potassium_was_drawn,lts_bmp_bicarb_was_drawn,lts_lft_ast_was_drawn,lts_vbg_ph_was_drawn,lts_troponin_was_drawn,lts_lactate_was_drawn,lts_cpk_was_drawn,lts_esr_was_drawn,lts_crp_was_drawn,lts_poct_glucose_was_drawn,lts_serum_osm_was_drawn,itv_n_total,itv_any,itv_first_minute,itv_last_minute,itv_density_first_hour,itv_benzo_count,itv_time_to_first_benzo,itv_fluid_count,itv_time_to_first_fluid,itv_intubation_count,itv_time_to_first_intubation,itv_reversal_count,itv_time_to_first_reversal,itv_antipyretic_count,itv_time_to_first_antipyretic,itv_vasopressor_count,itv_time_to_first_vasopressor,itv_nippv_count,itv_time_to_first_nippv,itv_cooling_count,itv_time_to_first_cooling,itv_monitor_count,itv_time_to_first_monitor,itv_physostig_count,itv_time_to_first_physostig,itv_escalation_max_rung,itv_intubation_after_benzo,xmod_first_lab_to_first_itv_min,xmod_hr_crit_to_benzo_min,stab_total_critical_breaches,stab_max_consecutive_critical_min,stab_hr_oscillations,arc_time_to_min_gcs_min,arc_time_to_gcs_recovery_min,arc_steady_state_last60,arc_trajectory_class,lts_cbc_wbc_first_minute,lts_cbc_wbc_last_minute,lts_cbc_wbc_n_draws,lts_cbc_wbc_first_value,lts_cbc_wbc_last_value,lts_cbc_wbc_max_value,lts_cbc_wbc_max_minute,lts_cbc_wbc_delta,lts_cbc_wbc_pct_change,lts_bmp_sodium_first_minute,lts_bmp_sodium_last_minute,lts_bmp_sodium_n_draws,lts_bmp_sodium_first_value,lts_bmp_sodium_last_value,lts_bmp_sodium_max_value,lts_bmp_sodium_max_minute,lts_bmp_sodium_delta,lts_bmp_sodium_pct_change,lts_bmp_potassium_first_minute,lts_bmp_potassium_last_minute,lts_bmp_potassium_n_draws,lts_bmp_potassium_first_value,lts_bmp_potassium_last_value,lts_bmp_potassium_max_value,lts_bmp_potassium_max_minute,lts_bmp_potassium_delta,lts_bmp_potassium_pct_change,lts_bmp_bicarb_first_minute,lts_bmp_bicarb_last_minute,lts_bmp_bicarb_n_draws,lts_bmp_bicarb_first_value,lts_bmp_bicarb_last_value,lts_bmp_bicarb_max_value,lts_bmp_bicarb_max_minute,lts_bmp_bicarb_delta,lts_bmp_bicarb_pct_change,lts_lft_ast_first_minute,lts_lft_ast_last_minute,lts_lft_ast_n_draws,lts_lft_ast_first_value,lts_lft_ast_last_value,lts_lft_ast_max_value,lts_lft_ast_max_minute,lts_lft_ast_delta,lts_lft_ast_pct_change,lts_vbg_ph_first_minute,lts_vbg_ph_last_minute,lts_vbg_ph_n_draws,lts_vbg_ph_first_value,lts_vbg_ph_last_value,lts_vbg_ph_max_value,lts_vbg_ph_max_minute,lts_vbg_ph_delta,lts_vbg_ph_pct_change,lts_troponin_first_minute,lts_troponin_last_minute,lts_troponin_n_draws,lts_troponin_first_value,lts_troponin_last_value,lts_troponin_max_value,lts_troponin_max_minute,lts_troponin_delta,lts_troponin_pct_change,lts_lactate_first_minute,lts_lactate_last_minute,lts_lactate_n_draws,lts_lactate_first_value,lts_lactate_last_value,lts_lactate_max_value,lts_lactate_max_minute,lts_lactate_delta,lts_lactate_pct_change,lts_cpk_first_minute,lts_cpk_last_minute,lts_cpk_n_draws,lts_cpk_first_value,lts_cpk_last_value,lts_cpk_max_value,lts_cpk_max_minute,lts_cpk_delta,lts_cpk_pct_change,lts_esr_first_minute,lts_esr_last_minute,lts_esr_n_draws,lts_esr_first_value,lts_esr_last_value,lts_esr_max_value,lts_esr_max_minute,lts_esr_delta,lts_esr_pct_change,lts_crp_first_minute,lts_crp_last_minute,lts_crp_n_draws,lts_crp_first_value,lts_crp_last_value,lts_crp_max_value,lts_crp_max_minute,lts_crp_delta,lts_crp_pct_change,lts_poct_glucose_first_minute,lts_poct_glucose_last_minute,lts_poct_glucose_n_draws,lts_poct_glucose_first_value,lts_poct_glucose_last_value,lts_poct_glucose_max_value,lts_poct_glucose_max_minute,lts_poct_glucose_delta,lts_poct_glucose_pct_change,lts_serum_osm_first_minute,lts_serum_osm_last_minute,lts_serum_osm_n_draws,lts_serum_osm_first_value,lts_serum_osm_last_value,lts_serum_osm_max_value,lts_serum_osm_max_minute,lts_serum_osm_delta,lts_serum_osm_pct_change,lts_panel_completeness
E000143,4,3,0,0,74,7.0,65.5,84.9,75.6857142857143,71.8,19.400000000000006,0.08488820334705112,-0.021955518802228312,0.0,0.03388079918726731,1.0,84.9,0.0,65.5,68.0,0.0,-1.0,71.8,78.0,9.9,16.5,13.314285714285717,9.9,6.6,0.15597478248393623,-0.0038141248839368386,0.0,-0.0023253188847499255,-1.0,16.5,174.0,9.9,240.0,0.0,-1.0,9.9,-1.0,108.7,132.9,123.84285714285714,113.1,24.200000000000003,0.07003167652981125,-0.022075208913648777,0.0,-0.043176430748391226,-1.0,132.9,198.0,108.7,128.0,0.0,-1.0,113.1,18.0,74.7,86.3,82.65714285714284,81.0,11.599999999999994,0.046600306818917255,-0.033074367455895815,0.0,-0.05250028219889364,1.0,86.3,128.0,74.7,198.0,0.0,-1.0,81.0,42.0,95.8,98.7,97.28571428571429,96.5,2.9000000000000057,0.011049377733575411,-0.008276027158774372,0.0,-0.008398239078902588,1.0,98.7,174.0,95.8,198.0,0.0,-1.0,96.5,-1.0,36.59,36.93,36.771428571428565,36.74,0.3399999999999963,0.0026859962731069957,-0.000239235143918245,0.0,-0.0007241223614402638,1.0,36.93,174.0,36.59,198.0,0.0,-1.0,36.74,24.0,13.0,15.0,14.571428571428571,15.0,2.0,0.04999038738816456,0.0003264275766016854,0.0,-0.004402302742973222,1.0,15.0,68.0,13.0,198.0,0.0,-1.0,15.0,130.0,30.1,39.9,35.94285714285714,30.1,9.799999999999997,0.0926678500527446,-0.03111870357474458,0.0,-0.033666328027994054,1.0,39.9,0.0,30.1,240.0,0.0,-1.0,30.1,-1.0,0.0,0.0,0.0,0.0,0.0,0.0,0.0,0.0,0.0,0.0,0.0,0.0,0.0,0.0,0.0,3.0,1.0,90.0,193.0,0.0,1.0,193.0,1.0,122.0,0.0,-1.0,0.0,-1.0,1.0,90.0,0.0,-1.0,0.0,-1.0,0.0,-1.0,0.0,-1.0,0.0,-1.0,4.0,0.0,,,0.0,0.0,4.0,198.0,198.0,0.0,0.0,,,,,,,,,,,,,,,,,,,,,,,,,,,,,,,,,,,,,,,,,,,,,,,,,,,,,,,,,,,,,,,,,,,,,,,,,,,,,,,,,,,,,,,,,,,,,,,,,,,,,,,,,,,,,,,,,,,,,,
E001622,2,1,0,1,43,6.0,102.0,143.5,124.01666666666665,122.8,41.5,0.0989181011585305,-0.09664550486521635,-0.5666666666666681,0.02277652305669109,1.0,143.5,0.0,102.0,152.0,1.0,0.0,122.8,88.0,25.5,29.2,27.083333333333332,26.4,3.6999999999999993,0.054907345301401504,-0.00224018287906094,0.15416666666666656,-0.005917836416135475,-1.0,29.2,24.0,25.5,0.0,6.0,0.0,26.4,94.0,88.0,124.1,115.28333333333332,120.8,36.099999999999994,0.10783287800505093,-0.02123186513525411,-0.20000000000000107,0.02222762228765807,1.0,124.1,137.0,88.0,152.0,1.0,152.0,120.8,88.0,71.0,79.1,74.36666666666667,75.0,8.099999999999994,0.035122434825925086,0.01888551650920187,-0.06666666666666689,-0.0016295491580663704,-1.0,79.1,152.0,71.0,24.0,0.0,-1.0,75.0,88.0,90.8,93.8,92.53333333333335,93.4,3.0,0.011362975717282075,0.005518050317427088,-0.0875000000000009,0.004045284313445171,1.0,93.8,118.0,90.8,24.0,1.0,24.0,93.4,94.0,37.59,38.47,38.00333333333334,37.96,0.8799999999999955,0.008158122275820478,-0.0026894181004036718,0.005416666666666048,0.0016046770919694473,1.0,38.47,24.0,37.59,152.0,0.0,-1.0,37.96,-1.0,10.0,12.0,11.0,11.0,2.0,0.07422696190252055,0.00631857429675896,-8.934384944363104e-17,-0.006117956488178626,-1.0,12.0,118.0,10.0,0.0,6.0,0.0,11.0,19.0,39.1,47.7,44.33333333333334,39.1,8.600000000000001,0.06191947305237076,-0.019281069534283265,0.10416666666666631,-0.04760284742273944,-1.0,47.7,152.0,39.1,240.0,0.0,-1.0,39.1,-1.0,3.0,1.0,1.0,1.0,1.0,1.0,1.0,1.0,1.0,1.0,1.0,1.0,1.0,1.0,1.0,3.0,1.0,35.0,137.0,1.0,1.0,35.0,1.0,137.0,0.0,-1.0,0.0,-1.0,1.0,116.0,0.0,-1.0,0.0,-1.0,0.0,-1.0,0.0,-1.0,0.0,-1.0,4.0,0.0,35.0,35.0,15.0,240.0,3.0,0.0,-1.0,0.0,0.0,0.0,240.0,3.0,14.39,9.1,14.39,0.0,-5.290000000000001,-0.3676164002779709,0.0,240.0,3.0,144.2,140.0,144.2,0.0,-4.199999999999989,-0.029126213592232934,0.0,240.0,3.0,4.64,4.73,4.73,240.0,0.09000000000000075,0.019396551724138095,0.0,240.0,3.0,17.9,19.2,19.2,240.0,1.3000000000000007,0.0726256983240224,0.0,240.0,3.0,60.5,61.0,67.9,120.0,0.5,0.008264462809917356,0.0,240.0,3.0,7.276,7.308,7.308,240.0,0.03200000000000003,0.004398020890599234,0.0,240.0,3.0,0.183,0.138,0.183,0.0,-0.044999999999999984,-0.2459016393442622,0.0,240.0,3.0,4.1,4.66,4.66,240.0,0.5600000000000005,0.13658536585365866,0.0,240.0,3.0,1041.5,1008.0,1041.5,0.0,-33.5,-0.03216514642342775,0.0,240.0,3.0,18.5,21.4,31.5,120.0,2.8999999999999986,0.15675675675675668,0.0,240.0,3.0,13.11,6.33,13.35,120.0,-6.779999999999999,-0.517162471395881,0.0,240.0,3.0,153.5,90.0,153.5,0.0,-63.5,-0.41368078175895767,0.0,240.0,3.0,302.1,304.2,304.5,120.0,2.099999999999966,0.006951340615690056,1.0
E001562,2,1,0,1,43,8.0,83.6,120.8,94.7125,106.0,37.2,0.12510037503148255,-0.00305082314549479,0.0,-0.12290112870418368,-1.0,120.8,82.0,83.6,176.0,0.0,-1.0,106.0,85.0,13.8,21.8,17.5625,17.0,8.0,0.1453892367639063,-0.008868574638930673,0.0,-0.03532684561081643,-1.0,21.8,82.0,13.8,176.0,0.0,-1.0,17.0,85.0,116.7,134.0,124.725,116.7,17.299999999999997,0.04294819064340334,0.02038723250386228,0.0,-0.008845172097475549,-1.0,134.0,174.0,116.7,240.0,0.0,-1.0,116.7,2.0,63.9,82.2,72.875,77.5,18.300000000000004,0.09099578377152048,0.0364730105698514,0.0,-0.004572647868224926,1.0,82.2,195.0,63.9,0.0,0.0,-1.0,77.5,12.0,94.5,98.3,97.17500000000001,94.5,3.799999999999997,0.012216835678501427,-0.005851818869142471,0.0,-0.006875922306863614,-1.0,98.3,195.0,94.5,240.0,0.0,-1.0,94.5,-1.0,36.97,37.32,37.167500000000004,37.14,0.3500000000000014,0.0027920249654291057,-0.0002452253377601384,0.0,-0.0010562158497187412,-1.0,37.32,174.0,36.97,195.0,0.0,-1.0,37.14,2.0,12.0,15.0,14.0,14.0,3.0,0.07142857142857142,0.003036180150673403,0.0,-0.0035097515255454142,-1.0,15.0,167.0,12.0,195.0,1.0,195.0,14.0,28.0,34.8,42.8,37.325,36.1,8.0,0.06478315402412838,-0.004662449085709363,0.0,-0.04485602042037247,-1.0,42.8,82.0,34.8,0.0,0.0,-1.0,36.1,85.0,1.0,1.0,1.0,1.0,1.0,1.0,1.0,1.0,1.0,1.0,1.0,1.0,1.0,1.0,1.0,1.0,1.0,43.0,43.0,1.0,0.0,-1.0,0.0,-1.0,0.0,-1.0,0.0,-1.0,0.0,-1.0,0.0,-1.0,0.0,-1.0,0.0,-1.0,0.0,-1.0,0.0,-1.0,0.0,0.0,-77.0,,1.0,12.0,4.0,195.0,207.0,1.0,0.0,120.0,120.0,1.0,6.82,6.82,6.82,120.0,0.0,0.0,120.0,120.0,1.0,144.1,144.1,144.1,120.0,0.0,0.0,120.0,120.0,1.0,3.74,3.74,3.74,120.0,0.0,0.0,120.0,120.0,1.0,23.8,23.8,23.8,120.0,0.0,0.0,120.0,120.0,1.0,24.3,24.3,24.3,120.0,0.0,0.0,120.0,120.0,1.0,7.351,7.351,7.351,120.0,0.0,0.0,120.0,120.0,1.0,0.038,0.038,0.038,120.0,0.0,0.0,120.0,120.0,1.0,1.69,1.69,1.69,120.0,0.0,0.0,120.0,120.0,1.0,278.6,278.6,278.6,120.0,0.0,0.0,120.0,120.0,1.0,5.4,5.4,5.4,120.0,0.0,0.0,120.0,120.0,1.0,1.6,1.6,1.6,120.0,0.0,0.0,120.0,120.0,1.0,91.1,91.1,91.1,120.0,0.0,0.0,120.0,120.0,1.0,285.7,285.7,285.7,120.0,0.0,0.0,1.0
E000424,2,1,0,1,43,8.0,113.4,126.9,118.875,113.4,13.5,0.03404537585499532,0.004121205302882108,0.012484548825711966,-0.0617916334100195,-1.0,126.9,202.0,113.4,240.0,0.0,-1.0,113.4,38.0,21.4,29.1,24.0375,22.5,7.700000000000003,0.09468235086573235,-0.015408614874027499,-0.020086526576019732,0.01182215127470766,1.0,29.1,33.0,21.4,138.0,4.0,0.0,22.5,59.0,106.8,134.3,122.4625,128.5,27.500000000000014,0.07606765972323375,0.023610042449579653,-0.30414091470951715,0.23561200056340648,-1.0,134.3,202.0,106.8,138.0,0.0,-1.0,128.5,59.0,63.8,88.4,74.25,79.8,24.60000000000001,0.0962680375762426,0.043971577063163826,-0.203831891223733,0.03873421287384394,1.0,88.4,197.0,63.8,56.0,0.0,-1.0,79.8,82.0,92.2,95.1,93.86250000000001,94.9,2.8999999999999915,0.01119846028933813,0.008438285382518049,-0.037700865265760136,0.008587257617728532,1.0,95.1,202.0,92.2,33.0,0.0,-1.0,94.9,105.0,37.54,37.93,37.75625,37.86,0.39000000000000057,0.003565590255228606,2.1596449744468854e-05,0.00418417799752801,0.0031959246912999584,-1.0,37.93,23.0,37.54,138.0,0.0,-1.0,37.86,10.0,10.0,13.0,11.5,11.0,3.0,0.09722034684781695,0.006790325594103248,0.011124845488257148,-0.017700361519320244,-1.0,13.0,138.0,10.0,0.0,6.0,0.0,11.0,102.0,34.0,44.9,39.75,44.8,10.899999999999999,0.08771724966848371,0.00038009751550404633,0.10407911001236077,0.019648809803276997,1.0,44.9,56.0,34.0,202.0,0.0,-1.0,44.8,82.0,3.0,1.0,1.0,1.0,1.0,1.0,1.0,1.0,1.0,1.0,1.0,1.0,1.0,1.0,1.0,2.0,1.0,96.0,135.0,0.0,1.0,135.0,1.0,96.0,0.0,-1.0,0.0,-1.0,0.0,-1.0,0.0,-1.0,0.0,-1.0,0.0,-1.0,0.0,-1.0,0.0,-1.0,4.0,0.0,96.0,,10.0,138.0,4.0,0.0,202.0,1.0,0.0,0.0,240.0,3.0,10.28,8.92,10.28,0.0,-1.3599999999999994,-0.13229571984435792,0.0,240.0,3.0,136.2,135.8,138.2,120.0,-0.39999999999997726,-0.0029368575624080565,0.0,240.0,3.0,4.16,4.48,4.48,240.0,0.3200000000000003,0.07692307692307698,0.0,240.0,3.0,21.3,20.3,21.9,120.0,-1.0,-0.046948356807511735,0.0,240.0,3.0,46.1,26.7,47.9,120.0,-19.400000000000002,-0.420824295010846,0.0,240.0,3.0,7.323,7.388,7.388,240.0,0.0649999999999995,0.008876143656971118,0.0,240.0,3.0,0.082,0.108,0.108,240.0,0.025999999999999995,0.31707317073170727,0.0,240.0,3.0,2.51,2.49,2.55,120.0,-0.019999999999999574,-0.007968127490039672,0.0,240.0,3.0,568.9,568.0,684.3,120.0,-0.8999999999999773,-0.0015820003515555937,0.0,240.0,3.0,31.0,16.8,31.0,0.0,-14.2,-0.45806451612903226,0.0,240.0,3.0,4.64,3.36,4.64,0.0,-1.2799999999999998,-0.27586206896551724,0.0,240.0,3.0,120.5,119.8,120.5,0.0,-0.7000000000000028,-0.005809128630705418,0.0,240.0,3.0,297.0,295.2,301.2,120.0,-1.8000000000000114,-0.006060606060606099,1.0
E001532,3,2,0,1,65,6.0,89.5,115.4,105.2,113.1,25.900000000000006,0.09718003147283949,-0.06288820072047038,0.0,-0.055437711076537735,1.0,115.4,0.0,89.5,215.0,0.0,-1.0,101.3,25.0,21.2,24.7,23.033333333333335,24.7,3.5,0.05291607901239427,-9.100676230801211e-05,0.0,0.007919401965620666,1.0,24.7,240.0,21.2,169.0,1.0,240.0,23.2,33.0,101.3,128.3,115.46666666666665,121.0,27.000000000000014,0.07335858763839206,-0.0004525058459205183,0.0,0.013053542291200796,1.0,128.3,169.0,101.3,215.0,0.0,-1.0,111.15,25.0,61.0,92.2,77.41666666666667,66.9,31.200000000000003,0.14959227130477584,-0.057552929280161834,0.0,-0.07111524304633203,-1.0,92.2,215.0,61.0,169.0,0.0,-1.0,79.55000000000001,46.0,94.0,95.8,94.46666666666668,94.3,1.7999999999999972,0.006429381495514676,0.001918725905327685,0.0,0.0042499905134141215,-1.0,95.8,215.0,94.0,169.0,0.0,-1.0,95.05,25.0,37.23,37.76,37.526666666666664,37.65,0.5300000000000011,0.0043966490214121905,-0.00017695759337677932,0.0,-7.399537054602745e-05,1.0,37.76,169.0,37.23,202.0,0.0,-1.0,37.56,13.0,11.0,12.0,11.666666666666666,11.0,1.0,0.04040610178208843,-0.003311634961764524,0.0,-0.00652677114560008,-1.0,12.0,0.0,11.0,202.0,6.0,0.0,11.5,13.0,39.7,43.7,41.666666666666664,41.2,4.0,0.035750244754406926,-0.0004752575364974887,0.0,0.021819147725116745,1.0,43.7,215.0,39.7,107.0,0.0,-1.0,42.45,95.0,3.0,1.0,1.0,1.0,1.0,1.0,1.0,1.0,1.0,1.0,1.0,1.0,1.0,1.0,1.0,2.0,1.0,75.0,113.0,0.0,0.0,-1.0,1.0,113.0,0.0,-1.0,1.0,75.0,0.0,-1.0,0.0,-1.0,0.0,-1.0,0.0,-1.0,0.0,-1.0,0.0,-1.0,5.0,0.0,75.0,,7.0,240.0,3.0,202.0,-1.0,1.0,0.0,0.0,240.0,3.0,11.85,5.75,11.85,0.0,-6.1,-0.5147679324894514,0.0,240.0,3.0,137.5,142.0,142.0,240.0,4.5,0.03272727272727273,0.0,240.0,3.0,3.84,4.68,4.68,240.0,0.8399999999999999,0.21874999999999997,0.0,240.0,3.0,21.6,19.8,21.6,0.0,-1.8000000000000007,-0.08333333333333336,0.0,240.0,3.0,46.9,31.7,50.7,120.0,-15.2,-0.32409381663113007,0.0,240.0,3.0,7.265,7.321,7.321,240.0,0.05600000000000005,0.00770818995182382,0.0,240.0,3.0,0.102,0.046,0.102,0.0,-0.055999999999999994,-0.5490196078431372,0.0,240.0,3.0,3.83,2.73,3.83,0.0,-1.1,-0.28720626631853785,0.0,240.0,3.0,704.6,512.1,704.6,0.0,-192.5,-0.2732046551234743,0.0,240.0,3.0,22.6,14.1,23.3,120.0,-8.500000000000002,-0.3761061946902655,0.0,240.0,3.0,0.58,5.44,5.44,240.0,4.86,8.379310344827587,0.0,240.0,3.0,127.7,129.4,129.4,240.0,1.7000000000000028,0.013312451057165253,0.0,240.0,3.0,292.1,302.2,302.2,240.0,10.099999999999966,0.034577199589181665,1.0
E000894,1,0,0,1,38,6.0,73.8,90.7,84.08333333333333,80.4,16.900000000000006,0.07454215142308729,0.0045605746315690015,0.3159999999999998,-0.0823197348874416,-1.0,90.7,141.0,73.8,0.0,0.0,-1.0,80.4,53.0,10.6,19.6,14.483333333333334,11.0,9.000000000000002,0.21980491474933544,-0.014719299490394275,0.11599999999999996,-0.008527025482801973,-1.0,19.6,50.0,10.6,141.0,0.0,-1.0,11.0,52.0,108.2,132.6,120.48333333333333,117.5,24.39999999999999,0.062371653883404383,-0.05109538099391866,-0.2819999999999999,-0.020674208661867557,1.0,132.6,0.0,108.2,141.0,0.0,-1.0,117.5,-1.0,65.2,85.6,74.64999999999999,65.2,20.39999999999999,0.093268035590761,0.00684524430606398,0.18399999999999983,-0.06329105245114852,-1.0,85.6,194.0,65.2,240.0,0.0,-1.0,65.2,46.0,97.3,99.7,97.98333333333333,98.3,2.4000000000000057,0.008465635065915515,-0.0038886129625995683,-0.048000000000000424,0.0049160095989028785,1.0,99.7,0.0,97.3,50.0,0.0,-1.0,98.3,-1.0,36.52,37.0,36.791666666666664,36.78,0.4799999999999969,0.00411134404369706,0.0005849405460001761,0.009599999999999862,0.0002031767797965659,-1.0,37.0,50.0,36.52,0.0,0.0,-1.0,36.78,91.0,14.0,15.0,14.5,14.0,1.0,0.034482758620689655,-0.003017566997917327,-0.02000000000000002,-0.008730430807907707,1.0,15.0,0.0,14.0,50.0,0.0,-1.0,14.0,52.0,28.7,40.3,35.46666666666666,36.9,11.599999999999998,0.1101870977306479,0.023229840106512262,0.10799999999999979,-0.03479373785853056,-1.0,40.3,102.0,28.7,0.0,1.0,0.0,36.9,92.0,1.0,1.0,1.0,1.0,1.0,1.0,1.0,1.0,1.0,1.0,1.0,1.0,1.0,1.0,1.0,1.0,1.0,38.0,38.0,1.0,0.0,-1.0,0.0,-1.0,0.0,-1.0,0.0,-1.0,1.0,38.0,0.0,-1.0,0.0,-1.0,0.0,-1.0,0.0,-1.0,0.0,-1.0,3.0,0.0,-82.0,,1.0,50.0,3.0,50.0,194.0,1.0,0.0,120.0,120.0,1.0,5.27,5.27,5.27,120.0,0.0,0.0,120.0,120.0,1.0,138.4,138.4,138.4,120.0,0.0,0.0,120.0,120.0,1.0,3.45,3.45,3.45,120.0,0.0,0.0,120.0,120.0,1.0,23.0,23.0,23.0,120.0,0.0,0.0,120.0,120.0,1.0,37.3,37.3,37.3,120.0,0.0,0.0,120.0,120.0,1.0,7.416,7.416,7.416,120.0,0.0,0.0,120.0,120.0,1.0,0.007,0.007,0.007,120.0,0.0,0.0,120.0,120.0,1.0,2.51,2.51,2.51,120.0,0.0,0.0,120.0,120.0,1.0,82.4,82.4,82.4,120.0,0.0,0.0,120.0,120.0,1.0,16.7,16.7,16.7,120.0,0.0,0.0,120.0,120.0,1.0,0.1,0.1,0.1,120.0,0.0,0.0,120.0,120.0,1.0,136.9,136.9,136.9,120.0,0.0,0.0,120.0,120.0,1.0,288.7,288.7,288.7,120.0,0.0,0.0,1.0
E002007,3,2,0,1,65,6.0,77.5,93.4,85.2,78.5,15.900000000000006,0.08293286924189693,-0.04086191732629723,0.0,-0.028700943864878304,-1.0,93.4,153.0,77.5,129.0,0.0,-1.0,78.5,24.0,13.6,22.9,16.883333333333333,17.5,9.299999999999999,0.1754187403910507,-0.0007827616534740427,0.0,-0.007470193740685614,1.0,22.9,75.0,13.6,129.0,0.0,-1.0,17.5,54.0,105.7,135.1,119.73333333333333,118.1,29.39999999999999,0.08847051547253273,0.011609498680738996,0.0,-0.018337059115747973,1.0,135.1,75.0,105.7,69.0,0.0,-1.0,118.1,78.0,72.2,85.0,78.06666666666666,74.6,12.799999999999997,0.059642092742462405,-0.019058927000879612,0.0,-0.0072187034277199965,-1.0,85.0,153.0,72.2,129.0,0.0,-1.0,74.6,24.0,96.5,98.7,98.0,98.7,2.200000000000003,0.00714285714285714,0.007475813544415242,0.0,0.002856433184301673,-1.0,98.7,240.0,96.5,0.0,0.0,-1.0,98.7,-1.0,36.68,37.26,36.983333333333334,37.02,0.5799999999999983,0.004664208754550915,-0.0012418645558486317,0.0,-0.0002850223546945823,1.0,37.26,0.0,36.68,153.0,0.0,-1.0,37.02,87.0,13.0,14.0,13.5,14.0,1.0,0.037037037037037035,-0.0005277044854881225,0.0,0.002514903129657197,1.0,14.0,0.0,13.0,69.0,0.0,-1.0,14.0,6.0,36.7,43.4,38.73333333333334,37.3,6.699999999999996,0.060265546987991706,-0.023913808267370242,0.0,-0.010044088425236072,1.0,43.4,0.0,36.7,129.0,0.0,-1.0,37.3,-1.0,2.0,1.0,1.0,1.0,1.0,1.0,1.0,1.0,1.0,1.0,1.0,1.0,1.0,1.0,1.0,2.0,1.0,11.0,27.0,2.0,0.0,-1.0,1.0,11.0,0.0,-1.0,0.0,-1.0,1.0,27.0,0.0,-1.0,0.0,-1.0,0.0,-1.0,0.0,-1.0,0.0,-1.0,3.0,0.0,11.0,,0.0,0.0,3.0,69.0,240.0,0.0,0.0,0.0,240.0,2.0,12.15,5.15,12.15,0.0,-7.0,-0.5761316872427983,0.0,240.0,2.0,140.1,140.2,140.2,240.0,0.09999999999999432,0.0007137758743754056,0.0,240.0,2.0,4.05,3.7,4.05,0.0,-0.34999999999999964,-0.08641975308641967,0.0,240.0,2.0,20.9,25.1,25.1,240.0,4.200000000000003,0.20095693779904322,0.0,240.0,2.0,24.9,29.9,29.9,240.0,5.0,0.20080321285140562,0.0,240.0,2.0,7.354,7.339,7.354,0.0,-0.01499999999999968,-0.002039706282295306,0.0,240.0,2.0,0.06,0.0,0.06,0.0,-0.06,-1.0,0.0,240.0,2.0,2.68,1.46,2.68,0.0,-1.2200000000000002,-0.45522388059701496,0.0,240.0,2.0,308.6,534.2,534.2,240.0,225.60000000000002,0.7310434219053792,0.0,240.0,2.0,3.6,14.9,14.9,240.0,11.3,3.138888888888889,0.0,240.0,2.0,5.73,0.1,5.73,0.0,-5.630000000000001,-0.9825479930191973,0.0,240.0,2.0,113.8,125.7,125.7,240.0,11.900000000000006,0.10456942003514944,0.0,240.0,2.0,293.2,293.9,293.9,240.0,0.6999999999999886,0.002387448840381953,1.0
E000130,4,3,0,0,74,8.0,109.9,148.0,133.4375,147.0,38.099999999999994,0.1115495001064932,-0.031925875143044506,-0.13059082444557182,0.03086441268734733,1.0,148.0,33.0,109.9,124.0,5.0,0.0,147.0,116.0,23.0,34.9,29.825,25.7,11.899999999999999,0.14023898617078095,-0.04775365397799404,-0.04911122397155928,-0.018504705472290012,1.0,34.9,0.0,23.0,187.0,7.0,0.0,25.7,-1.0,106.0,125.0,114.65,117.8,19.0,0.04783710144196107,0.00028048370405298095,-0.09419332994752042,-0.03707912164517264,1.0,125.0,83.0,106.0,33.0,0.0,-1.0,117.8,13.0,64.0,82.5,73.46249999999999,79.3,18.5,0.08246718979255029,-0.005857052366516145,-0.26485525647536806,0.04700592540955027,1.0,82.5,0.0,64.0,46.0,0.0,-1.0,79.3,2.0,90.7,93.3,91.9625,90.7,2.5999999999999943,0.009064269481978617,0.0005930301363576523,0.01902827154223771,-0.009254095503659946,-1.0,93.3,187.0,90.7,240.0,2.0,0.0,90.7,53.0,37.62,38.51,38.15375,37.62,0.8900000000000006,0.00860136686546157,-0.003804438211473284,-0.0018960555273405373,-0.003819100731962435,1.0,38.51,0.0,37.62,240.0,0.0,-1.0,37.62,-1.0,10.0,12.0,10.875,12.0,2.0,0.07178158618848733,0.007509977243283101,-0.010496021669205973,0.012931334959916337,1.0,12.0,187.0,10.0,33.0,8.0,0.0,12.0,15.0,40.8,48.4,44.7875,40.8,7.600000000000001,0.054307611503817556,-0.024605146198220768,-0.07657017098357868,-0.02002788428023704,-1.0,48.4,0.0,40.8,240.0,0.0,-1.0,40.8,-1.0,3.0,1.0,1.0,1.0,1.0,1.0,1.0,1.0,1.0,1.0,1.0,1.0,1.0,1.0,1.0,3.0,1.0,31.0,151.0,2.0,1.0,52.0,1.0,151.0,0.0,-1.0,0.0,-1.0,1.0,31.0,0.0,-1.0,0.0,-1.0,0.0,-1.0,0.0,-1.0,0.0,-1.0,4.0,0.0,31.0,52.0,22.0,240.0,4.0,33.0,-1.0,1.0,0.0,0.0,240.0,3.0,11.42,10.21,11.42,0.0,-1.209999999999999,-0.10595446584938696,0.0,240.0,3.0,140.0,141.8,141.8,240.0,1.8000000000000114,0.012857142857142938,0.0,240.0,3.0,4.7,4.81,4.81,240.0,0.10999999999999943,0.023404255319148814,0.0,240.0,3.0,20.2,19.1,20.2,0.0,-1.0999999999999979,-0.05445544554455435,0.0,240.0,3.0,53.4,55.2,55.2,240.0,1.8000000000000043,0.03370786516853941,0.0,240.0,3.0,7.28,7.313,7.328,120.0,0.032999999999999474,0.0045329670329669605,0.0,240.0,3.0,0.147,0.105,0.147,0.0,-0.041999999999999996,-0.2857142857142857,0.0,240.0,3.0,5.22,3.42,5.22,0.0,-1.7999999999999998,-0.3448275862068965,0.0,240.0,3.0,1153.7,800.4,1153.7,0.0,-353.30000000000007,-0.30623212273554656,0.0,240.0,3.0,33.4,27.3,33.4,0.0,-6.099999999999998,-0.1826347305389221,0.0,240.0,3.0,7.41,4.72,7.41,0.0,-2.6900000000000004,-0.36302294197031043,0.0,240.0,3.0,154.3,143.4,154.3,0.0,-10.900000000000006,-0.0706416072585872,0.0,240.0,3.0,296.5,294.0,296.5,0.0,-2.5,-0.008431703204047217,1.0
E000265,3,2,0,1,65,6.0,106.8,127.1,113.16666666666667,112.0,20.299999999999997,0.0574071896643392,0.03904955474070203,-0.007754362858083606,-0.011236980564801498,-1.0,127.1,176.0,106.8,57.0,0.0,-1.0,112.0,64.0,19.1,27.8,23.099999999999998,23.1,8.7,0.12277390055645476,-0.006638030382399137,0.10839644385907138,-0.0031354021260603993,-1.0,27.8,57.0,19.1,176.0,2.0,53.0,23.1,72.0,99.9,124.1,116.16666666666667,124.1,24.19999999999999,0.07276563814608378,0.021473860660031513,-0.12800460981231468,0.05785461183292157,1.0,124.1,240.0,99.9,53.0,0.0,-1.0,124.1,4.0,65.0,78.9,73.96666666666667,72.5,13.900000000000006,0.060711232291058057,0.014378208486118513,0.22268686203490312,-0.04357349940942762,-1.0,78.9,57.0,65.0,0.0,0.0,-1.0,72.5,-1.0,92.4,96.4,94.10000000000001,96.4,4.0,0.0141249748759312,0.0136758512310113,0.02156733618702677,0.022184043809728327,-1.0,96.4,240.0,92.4,0.0,0.0,-1.0,96.4,-1.0,37.19,38.08,37.64666666666667,37.9,0.8900000000000006,0.008314992999176688,-0.0008040230487165347,0.003447481066842147,0.00657038548265858,1.0,38.08,53.0,37.19,129.0,0.0,-1.0,37.9,111.0,11.0,13.0,12.166666666666666,13.0,2.0,0.05648089898106386,0.007715034049240444,0.018109976950938484,0.00848276602598521,-1.0,13.0,176.0,11.0,0.0,4.0,0.0,13.0,-1.0,32.6,45.6,40.166666666666664,32.6,13.0,0.10217247281365673,-0.04497181770560496,0.02186368126440536,-0.07100289917319866,-1.0,45.6,57.0,32.6,240.0,0.0,-1.0,32.6,-1.0,1.0,1.0,1.0,1.0,1.0,1.0,1.0,1.0,1.0,1.0,1.0,1.0,1.0,1.0,1.0,3.0,1.0,57.0,203.0,1.0,1.0,57.0,1.0,67.0,0.0,-1.0,0.0,-1.0,1.0,203.0,0.0,-1.0,0.0,-1.0,0.0,-1.0,0.0,-1.0,0.0,-1.0,4.0,0.0,-183.0,,6.0,176.0,3.0,0.0,240.0,0.0,0.0,240.0,240.0,1.0,4.02,4.02,4.02,240.0,0.0,0.0,240.0,240.0,1.0,139.3,139.3,139.3,240.0,0.0,0.0,240.0,240.0,1.0,4.38,4.38,4.38,240.0,0.0,0.0,240.0,240.0,1.0,17.7,17.7,17.7,240.0,0.0,0.0,240.0,240.0,1.0,48.4,48.4,48.4,240.0,0.0,0.0,240.0,240.0,1.0,7.359,7.359,7.359,240.0,0.0,0.0,240.0,240.0,1.0,0.051,0.051,0.051,240.0,0.0,0.0,240.0,240.0,1.0,2.4,2.4,2.4,240.0,0.0,0.0,240.0,240.0,1.0,720.8,720.8,720.8,240.0,0.0,0.0,240.0,240.0,1.0,14.0,14.0,14.0,240.0,0.0,0.0,240.0,240.0,1.0,5.55,5.55,5.55,240.0,0.0,0.0,240.0,240.0,1.0,130.4,130.4,130.4,240.0,0.0,0.0,240.0,240.0,1.0,291.8,291.8,291.8,240.0,0.0,0.0,1.0
E000924,1,0,0,1,38,8.0,76.9,97.7,85.7125,87.7,20.799999999999997,0.07642145925409266,-0.021330473298604567,0.6581395348837219,-0.004931689436854006,-1.0,97.7,24.0,76.9,0.0,0.0,-1.0,83.23333333333333,116.0,14.4,19.6,16.5625,14.4,5.200000000000001,0.09527087537039444,-0.012028860350447158,-0.09331395348837176,-0.002632455848050593,1.0,19.6,0.0,14.4,240.0,0.0,-1.0,15.966666666666667,-1.0,112.9,128.3,122.45,119.6,15.400000000000006,0.03792855375984687,0.0041814079170958375,-0.1863372093023241,0.009830056647784335,1.0,128.3,216.0,112.9,24.0,0.0,-1.0,123.06666666666668,4.0,65.5,85.2,75.8625,77.3,19.700000000000003,0.06736869532788783,0.031963673844610775,0.3706395348837214,-0.01569476841052974,-1.0,85.2,199.0,65.5,0.0,0.0,-1.0,76.3,26.0,94.8,97.3,96.1625,96.0,2.5,0.007184720449985957,0.0036326155389026283,-0.039534883720929136,-0.002899033655448062,1.0,97.3,199.0,94.8,24.0,0.0,-1.0,96.23333333333333,4.0,36.52,37.26,36.91375,37.07,0.7399999999999949,0.0060846512799710446,-0.0015175362843692466,-0.008749999999999475,0.00020493168943693782,1.0,37.26,0.0,36.52,216.0,0.0,-1.0,36.74666666666667,24.0,14.0,15.0,14.625,14.0,1.0,0.033102421762456556,0.0019221661977323534,0.02325581395348866,-0.005998000666444516,-1.0,15.0,28.0,14.0,0.0,0.0,-1.0,14.666666666666666,212.0,31.7,39.3,35.699999999999996,33.2,7.599999999999998,0.07453296748263341,-0.006029751789843246,-0.07645348837209266,0.0052482505831389255,1.0,39.3,28.0,31.7,24.0,0.0,-1.0,36.0,4.0,1.0,1.0,1.0,1.0,1.0,1.0,1.0,1.0,1.0,1.0,1.0,1.0,1.0,1.0,1.0,2.0,1.0,29.0,48.0,2.0,1.0,48.0,1.0,29.0,0.0,-1.0,0.0,-1.0,0.0,-1.0,0.0,-1.0,0.0,-1.0,0.0,-1.0,0.0,-1.0,0.0,-1.0,4.0,0.0,29.0,,0.0,0.0,5.0,0.0,199.0,1.0,0.0,0.0,0.0,1.0,5.74,5.74,5.74,0.0,0.0,0.0,0.0,0.0,1.0,139.0,139.0,139.0,0.0,0.0,0.0,0.0,0.0,1.0,3.68,3.68,3.68,0.0,0.0,0.0,0.0,0.0,1.0,20.5,20.5,20.5,0.0,0.0,0.0,0.0,0.0,1.0,26.3,26.3,26.3,0.0,0.0,0.0,0.0,0.0,1.0,7.411,7.411,7.411,0.0,0.0,0.0,0.0,0.0,1.0,0.017,0.017,0.017,0.0,0.0,0.0,0.0,0.0,1.0,1.69,1.69,1.69,0.0,0.0,0.0,0.0,0.0,1.0,191.1,191.1,191.1,0.0,0.0,0.0,0.0,0.0,1.0,6.1,6.1,6.1,0.0,0.0,0.0,0.0,0.0,1.0,0.77,0.77,0.77,0.0,0.0,0.0,0.0,0.0,1.0,86.9,86.9,86.9,0.0,0.0,0.0,0.0,0.0,1.0,288.6,288.6,288.6,0.0,0.0,0.0,1.0
E000974,4,3,0,0,74,7.0,90.1,123.1,107.67142857142859,105.7,33.0,0.0964531875626389,-0.027578889023871553,0.43913043478260827,-0.016323091308413307,-1.0,123.1,46.0,90.1,147.0,0.0,-1.0,105.7,19.0,17.5,26.6,22.37142857142857,26.6,9.100000000000001,0.11562166332318037,0.016492665370831595,0.026086956521739063,0.021550655620066562,1.0,26.6,240.0,17.5,140.0,1.0,240.0,26.6,-1.0,107.7,131.6,119.37142857142858,131.6,23.89999999999999,0.05884480971339742,0.042201072101074925,-0.1608695652173917,0.08244177702394144,1.0,131.6,240.0,107.7,87.0,0.0,-1.0,131.6,53.0,60.8,76.0,70.68571428571428,72.9,15.200000000000003,0.06572133704761836,0.014508670959120399,0.12826086956521704,0.036582077543653675,-1.0,76.0,87.0,60.8,65.0,0.0,-1.0,72.9,22.0,93.5,97.1,95.52857142857144,97.1,3.5999999999999943,0.012595466839686287,0.005872638644232449,-0.050000000000000266,0.01883140887642167,1.0,97.1,240.0,93.5,65.0,0.0,-1.0,97.1,75.0,37.06,37.71,37.34428571428571,37.71,0.6499999999999986,0.006469352559308261,0.0008082138735346079,0.010869565217391172,0.0017114619348947225,1.0,37.71,240.0,37.06,147.0,0.0,-1.0,37.71,-1.0,11.0,13.0,11.714285714285714,13.0,2.0,0.05974365226300435,0.00693980440988884,-1.7651842545586027e-17,0.005436318959705993,1.0,13.0,240.0,11.0,0.0,6.0,0.0,13.0,-1.0,36.9,42.4,38.92857142857143,38.3,5.5,0.05292552330956313,-0.003561395249954479,-0.021739130434782778,-0.024782003609715768,1.0,42.4,87.0,36.9,46.0,0.0,-1.0,38.3,53.0,3.0,1.0,1.0,1.0,1.0,1.0,1.0,1.0,1.0,1.0,1.0,1.0,1.0,1.0,1.0,2.0,1.0,134.0,144.0,0.0,1.0,144.0,1.0,134.0,0.0,-1.0,0.0,-1.0,0.0,-1.0,0.0,-1.0,0.0,-1.0,0.0,-1.0,0.0,-1.0,0.0,-1.0,4.0,0.0,134.0,,7.0,240.0,4.0,0.0,240.0,0.0,0.0,0.0,240.0,3.0,10.9,9.42,10.9,0.0,-1.4800000000000004,-0.1357798165137615,0.0,240.0,3.0,140.2,143.0,143.0,240.0,2.8000000000000114,0.019971469329529326,0.0,240.0,3.0,4.87,4.05,4.87,0.0,-0.8200000000000003,-0.16837782340862428,0.0,240.0,3.0,22.1,20.7,22.1,0.0,-1.4000000000000021,-0.06334841628959285,0.0,240.0,3.0,47.2,42.6,47.2,0.0,-4.600000000000001,-0.09745762711864409,0.0,240.0,3.0,7.364,7.368,7.368,240.0,0.004000000000000448,0.0005431830526888169,0.0,240.0,3.0,0.112,0.09,0.112,0.0,-0.022000000000000006,-0.19642857142857148,0.0,240.0,3.0,2.99,1.69,3.3,120.0,-1.3000000000000003,-0.4347826086956522,0.0,240.0,3.0,746.2,517.3,746.2,0.0,-228.9000000000001,-0.30675422138836783,0.0,240.0,3.0,17.4,22.8,22.8,240.0,5.400000000000002,0.310344827586207,0.0,240.0,3.0,12.71,6.57,12.92,120.0,-6.140000000000001,-0.4830841856805665,0.0,240.0,3.0,130.7,132.3,132.3,240.0,1.6000000000000227,0.012241775057383495,0.0,240.0,3.0,293.8,291.9,293.8,0.0,-1.900000000000034,-0.006466984343090653,1.0
E001372,4,3,0,0,74,8.0,92.9,135.3,108.53750000000001,92.9,42.400000000000006,0.1190803145290436,-0.09110943402966946,-0.8444444444444449,-0.24454018929227334,1.0,135.3,66.0,92.9,240.0,1.0,66.0,92.9,-1.0,14.6,28.3,21.9125,26.2,13.700000000000001,0.1831484224615266,-0.018040583386176312,-0.2037037037037038,0.012487639497104156,1.0,28.3,0.0,14.6,165.0,2.0,0.0,26.2,42.0,107.5,144.5,126.9125,130.6,37.0,0.09696795202803461,0.024732733751908605,0.7777777777777769,-0.09792626077129565,1.0,144.5,163.0,107.5,0.0,0.0,-1.0,130.6,44.0,70.5,89.0,77.01249999999999,73.1,18.5,0.08143419171477131,0.03149008189913084,-0.06666666666666732,0.00013843763243364966,-1.0,89.0,165.0,70.5,27.0,0.0,-1.0,73.1,29.0,92.0,97.4,95.0,95.5,5.400000000000006,0.01645105221903978,0.01367188546625338,0.025925925925925797,0.025644865093939782,-1.0,97.4,207.0,92.0,66.0,0.0,-1.0,95.5,33.0,37.21,37.93,37.533750000000005,37.65,0.7199999999999989,0.006412172640511549,-0.001724124072271356,0.004444444444444157,0.0004963977962988546,1.0,37.93,27.0,37.21,194.0,0.0,-1.0,37.65,46.0,12.0,14.0,13.0,14.0,2.0,0.038461538461538464,0.0038046924540266177,-0.03703703703703706,0.0038140980364458105,1.0,14.0,240.0,12.0,27.0,1.0,27.0,14.0,39.0,35.0,44.1,40.3125,43.1,9.100000000000001,0.07316186913280928,0.015956933739405293,0.05555555555555524,0.010476055940104525,-1.0,44.1,207.0,35.0,163.0,0.0,-1.0,43.1,-1.0,2.0,1.0,1.0,1.0,1.0,1.0,1.0,1.0,1.0,1.0,1.0,1.0,1.0,1.0,1.0,4.0,1.0,18.0,81.0,2.0,1.0,18.0,1.0,81.0,0.0,-1.0,1.0,52.0,0.0,-1.0,0.0,-1.0,0.0,-1.0,0.0,-1.0,0.0,-1.0,0.0,-1.0,5.0,0.0,18.0,-48.0,4.0,97.0,2.0,27.0,194.0,1.0,0.0,0.0,240.0,2.0,9.94,4.55,9.94,0.0,-5.39,-0.5422535211267605,0.0,240.0,2.0,138.3,142.5,142.5,240.0,4.199999999999989,0.030368763557483646,0.0,240.0,2.0,4.55,4.44,4.55,0.0,-0.10999999999999943,-0.024175824175824052,0.0,240.0,2.0,18.3,23.7,23.7,240.0,5.399999999999999,0.29508196721311464,0.0,240.0,2.0,49.7,29.0,49.7,0.0,-20.700000000000003,-0.4164989939637827,0.0,240.0,2.0,7.371,7.379,7.379,240.0,0.007999999999999119,0.0010853344186676323,0.0,240.0,2.0,0.083,0.039,0.083,0.0,-0.044000000000000004,-0.5301204819277109,0.0,240.0,2.0,3.98,3.15,3.98,0.0,-0.8300000000000001,-0.2085427135678392,0.0,240.0,2.0,456.5,828.0,828.0,240.0,371.5,0.8138006571741512,0.0,240.0,2.0,28.3,10.1,28.3,0.0,-18.200000000000003,-0.6431095406360425,0.0,240.0,2.0,3.37,4.03,4.03,240.0,0.6600000000000001,0.1958456973293769,0.0,240.0,2.0,135.2,112.8,135.2,0.0,-22.39999999999999,-0.16568047337278102,0.0,240.0,2.0,292.9,278.6,292.9,0.0,-14.299999999999955,-0.04882212359166936,1.0
E000485,3,2,0,1,65,7.0,86.7,102.0,90.65714285714286,102.0,15.299999999999997,0.05298564971186813,0.03714506668223069,0.013540753724802455,0.1357530806517547,1.0,102.0,240.0,86.7,58.0,0.0,-1.0,102.0,-1.0,10.3,18.8,13.528571428571428,14.4,8.5,0.20695860153403686,0.01807307321913213,0.04631901840490788,0.020878350756292675,-1.0,18.8,206.0,10.3,0.0,0.0,-1.0,14.4,34.0,113.8,137.5,126.44285714285714,133.2,23.700000000000003,0.05607757582169844,0.03111856888551662,0.03917616126205017,0.09882614027915644,-1.0,137.5,206.0,113.8,190.0,0.0,-1.0,133.2,-1.0,69.7,86.5,78.45714285714287,81.0,16.799999999999997,0.07168431055341046,0.05391834709779094,-0.08146362839614386,0.014541844302984015,1.0,86.5,206.0,69.7,58.0,0.0,-1.0,81.0,34.0,95.2,98.4,96.72857142857143,95.2,3.200000000000003,0.009275036755638816,-0.006154317565004413,0.00898334794040269,-0.01586754657478262,-1.0,98.4,58.0,95.2,240.0,0.0,-1.0,95.2,-1.0,36.64,36.96,36.83857142857143,36.95,0.3200000000000003,0.0030760510358013057,0.0006579507981439804,0.004469763365468673,0.0023599836477253538,-1.0,36.96,59.0,36.64,0.0,0.0,-1.0,36.95,90.0,12.0,15.0,14.0,14.0,3.0,0.07636035483212125,0.007537864417661318,-0.025854513584575023,-0.010220171698884598,0.0,15.0,149.0,12.0,59.0,1.0,59.0,14.0,90.0,30.1,40.8,35.48571428571429,30.1,10.699999999999996,0.10643105235202069,-0.00618787754982928,-0.04833479404031568,-0.10219587689073173,-1.0,40.8,149.0,30.1,240.0,0.0,-1.0,30.1,-1.0,1.0,1.0,1.0,1.0,1.0,1.0,1.0,1.0,1.0,1.0,1.0,1.0,1.0,1.0,1.0,2.0,1.0,109.0,118.0,0.0,1.0,109.0,0.0,-1.0,0.0,-1.0,1.0,118.0,0.0,-1.0,0.0,-1.0,0.0,-1.0,0.0,-1.0,0.0,-1.0,0.0,-1.0,5.0,0.0,-131.0,,1.0,90.0,5.0,59.0,190.0,1.0,0.0,240.0,240.0,1.0,4.61,4.61,4.61,240.0,0.0,0.0,240.0,240.0,1.0,138.0,138.0,138.0,240.0,0.0,0.0,240.0,240.0,1.0,3.58,3.58,3.58,240.0,0.0,0.0,240.0,240.0,1.0,20.2,20.2,20.2,240.0,0.0,0.0,240.0,240.0,1.0,17.1,17.1,17.1,240.0,0.0,0.0,240.0,240.0,1.0,7.363,7.363,7.363,240.0,0.0,0.0,240.0,240.0,1.0,0.054,0.054,0.054,240.0,0.0,0.0,240.0,240.0,1.0,2.77,2.77,2.77,240.0,0.0,0.0,240.0,240.0,1.0,97.2,97.2,97.2,240.0,0.0,0.0,240.0,240.0,1.0,8.1,8.1,8.1,240.0,0.0,0.0,240.0,240.0,1.0,2.53,2.53,2.53,240.0,0.0,0.0,240.0,240.0,1.0,98.7,98.7,98.7,240.0,0.0,0.0,240.0,240.0,1.0,289.8,289.8,289.8,240.0,0.0,0.0,1.0
E001311,4,3,0,0,74,8.0,69.3,97.3,83.35,97.3,28.0,0.10554479462741248,0.04601213897359009,-0.0671232876712342,0.10675085453854885,1.0,97.3,240.0,69.3,38.0,0.0,-1.0,97.3,12.0,9.3,15.0,12.1625,15.0,5.699999999999999,0.16708749846883691,0.011568921486721211,-0.08997064579256374,0.0416824914546145,1.0,15.0,240.0,9.3,50.0,0.0,-1.0,15.0,114.0,110.3,136.1,128.5375,133.2,25.799999999999997,0.0632705680302925,0.012692158686903715,-0.23840508806262325,-0.016729965818458425,1.0,136.1,0.0,110.3,38.0,0.0,-1.0,133.2,12.0,63.6,87.5,78.07499999999999,63.6,23.9,0.09764255477264401,-0.05744955052063714,-0.16071428571428617,-0.1428313710596283,-1.0,87.5,38.0,63.6,240.0,0.0,-1.0,63.6,-1.0,96.6,99.6,98.1,98.2,3.0,0.010206414064475441,0.005682072744235514,0.02773972602739641,-0.001528674515761684,-1.0,99.6,139.0,96.6,0.0,0.0,-1.0,98.2,25.0,36.41,37.21,36.849999999999994,36.96,0.8000000000000043,0.007073872671770507,0.0010075927883006286,0.0045107632093930395,-0.00022882643372583328,-1.0,37.21,188.0,36.41,164.0,0.0,-1.0,36.96,-1.0,14.0,15.0,14.625,14.0,1.0,0.033102421762456556,-0.0017473164329444056,-0.015166340508806442,-0.004272692745917237,-1.0,15.0,0.0,14.0,50.0,0.0,-1.0,14.0,54.0,30.8,37.6,34.05,31.4,6.800000000000001,0.07306816625330238,-0.012050421806930743,-0.11179060665362055,-0.0326148879605015,1.0,37.6,0.0,30.8,188.0,0.0,-1.0,31.4,-1.0,0.0,0.0,0.0,0.0,0.0,0.0,0.0,0.0,0.0,0.0,0.0,0.0,0.0,0.0,0.0,1.0,1.0,187.0,187.0,0.0,0.0,-1.0,1.0,187.0,0.0,-1.0,0.0,-1.0,0.0,-1.0,0.0,-1.0,0.0,-1.0,0.0,-1.0,0.0,-1.0,0.0,-1.0,2.0,0.0,,,0.0,0.0,5.0,50.0,188.0,1.0,0.0,,,,,,,,,,,,,,,,,,,,,,,,,,,,,,,,,,,,,,,,,,,,,,,,,,,,,,,,,,,,,,,,,,,,,,,,,,,,,,,,,,,,,,,,,,,,,,,,,,,,,,,,,,,,,,,,,,,,,,
E000393,0,6,1,0,41,6.0,108.9,134.1,122.94999999999999,108.9,25.19999999999999,0.07651834933985074,-0.10978675057625499,-0.15183392766174064,-0.0853380423814329,1.0,134.1,0.0,108.9,240.0,2.0,0.0,108.9,-1.0,23.4,29.9,27.36666666666667,27.4,6.5,0.07555694235941934,0.006263295944941337,0.1003056546102907,-0.010928355196770928,-1.0,29.9,65.0,23.4,0.0,5.0,41.0,27.4,-1.0,99.3,123.6,113.36666666666666,114.5,24.299999999999997,0.06978332821253187,-0.007979203388800385,-0.12024961793173625,0.006165489404641955,1.0,123.6,47.0,99.3,41.0,0.0,-1.0,114.5,6.0,59.5,77.1,71.39999999999999,77.1,17.599999999999994,0.09075226789570262,0.03500451185472275,-0.28201732042791566,0.029919273461150423,1.0,77.1,240.0,59.5,41.0,0.0,-1.0,77.1,24.0,90.7,94.4,92.3,91.6,3.700000000000003,0.012758051088953207,-0.008932069702311142,-0.0510697911360151,-0.004672048435923299,1.0,94.4,0.0,90.7,110.0,1.0,110.0,91.6,-1.0,37.86,38.36,38.074999999999996,37.94,0.5,0.0042478103896548625,-0.0002335410812555277,-0.0009704533876717512,-0.0011200807265388613,-1.0,38.36,110.0,37.86,41.0,0.0,-1.0,37.94,130.0,10.0,13.0,11.833333333333334,10.0,3.0,0.09018484841454716,-0.011730822279678886,0.022414671421294094,-0.010595358224016123,-1.0,13.0,41.0,10.0,240.0,4.0,0.0,10.0,-1.0,39.3,49.8,43.68333333333334,49.8,10.5,0.08046383396532059,0.03849383535704427,0.05980641874681654,0.03379414732593334,1.0,49.8,240.0,39.3,0.0,0.0,-1.0,49.8,-1.0,3.0,1.0,1.0,1.0,1.0,1.0,1.0,1.0,1.0,1.0,1.0,1.0,1.0,1.0,1.0,1.0,1.0,97.0,97.0,0.0,0.0,-1.0,0.0,-1.0,1.0,97.0,0.0,-1.0,0.0,-1.0,0.0,-1.0,0.0,-1.0,0.0,-1.0,0.0,-1.0,0.0,-1.0,7.0,0.0,97.0,,12.0,199.0,2.0,240.0,-1.0,0.0,0.0,0.0,240.0,3.0,12.13,9.88,12.13,0.0,-2.25,-0.18549051937345423,0.0,240.0,3.0,134.5,142.4,142.4,240.0,7.900000000000006,0.058736059479553945,0.0,240.0,3.0,4.73,4.77,4.77,240.0,0.03999999999999915,0.008456659619450135,0.0,240.0,3.0,20.5,20.8,20.8,240.0,0.3000000000000007,0.014634146341463448,0.0,240.0,3.0,59.7,62.2,70.4,120.0,2.5,0.041876046901172526,0.0,240.0,3.0,7.307,7.278,7.307,0.0,-0.029000000000000803,-0.003968797043930587,0.0,240.0,3.0,0.11,0.172,0.172,240.0,0.061999999999999986,0.5636363636363635,0.0,240.0,3.0,4.37,4.27,5.02,120.0,-0.10000000000000053,-0.02288329519450813,0.0,240.0,3.0,847.6,995.1,995.1,240.0,147.5,0.17402076451156206,0.0,240.0,3.0,26.4,20.3,26.4,0.0,-6.099999999999998,-0.231060606060606,0.0,240.0,3.0,10.37,10.68,10.68,240.0,0.3100000000000005,0.029893924783028016,0.0,240.0,3.0,120.4,128.2,135.6,120.0,7.799999999999983,0.06478405315614603,0.0,240.0,3.0,295.0,300.6,300.6,240.0,5.600000000000023,0.018983050847457703,1.0
E001578,3,2,0,1,65,6.0,88.8,128.5,110.21666666666665,113.7,39.7,0.10857033514702032,-0.05288919462376949,0.0,-0.08162973469435192,1.0,128.5,119.0,88.8,216.0,0.0,-1.0,101.25,24.0,21.6,26.0,23.233333333333334,21.6,4.399999999999999,0.06468981530901288,-0.002367975447137248,0.0,-0.019214313948892003,-1.0,26.0,99.0,21.6,240.0,2.0,99.0,22.35,20.0,117.2,131.1,125.28333333333335,126.7,13.899999999999991,0.03428944505248147,0.014673510424383761,0.0,0.04883972376589877,-1.0,131.1,216.0,117.2,119.0,0.0,-1.0,128.9,97.0,72.4,84.5,79.75,77.1,12.099999999999994,0.05021809204823685,-0.018721557836807942,0.0,0.002272885809286888,1.0,84.5,0.0,72.4,99.0,0.0,-1.0,78.69999999999999,13.0,93.6,96.6,95.46666666666665,95.8,3.0,0.010381332924105115,-0.0036300137580694866,0.0,0.0023810077429255623,1.0,96.6,0.0,93.6,119.0,0.0,-1.0,95.5,97.0,37.32,37.77,37.56666666666667,37.32,0.45000000000000284,0.004362288750055704,-0.0017814054397290529,0.0,-0.002329969539842276,1.0,37.77,119.0,37.32,240.0,0.0,-1.0,37.36,-1.0,11.0,13.0,11.833333333333334,12.0,2.0,0.058071910219967056,0.0007143613080749548,0.0,-0.006045527472271947,0.0,13.0,112.0,11.0,0.0,5.0,0.0,11.5,7.0,38.1,44.6,40.63333333333333,42.3,6.5,0.05443404865030054,0.0016536141390624066,0.0,-0.0012404957332526967,1.0,44.6,119.0,38.1,216.0,0.0,-1.0,40.2,97.0,2.0,1.0,1.0,1.0,1.0,1.0,1.0,1.0,1.0,1.0,1.0,1.0,1.0,1.0,1.0,3.0,1.0,19.0,222.0,1.0,1.0,19.0,1.0,183.0,0.0,-1.0,0.0,-1.0,0.0,-1.0,0.0,-1.0,0.0,-1.0,0.0,-1.0,0.0,-1.0,0.0,-1.0,4.0,0.0,-101.0,,7.0,121.0,3.0,0.0,-1.0,1.0,0.0,120.0,240.0,2.0,8.34,6.24,8.34,120.0,-2.0999999999999996,-0.2517985611510791,120.0,240.0,2.0,139.9,141.6,141.6,240.0,1.6999999999999886,0.012151536812008496,120.0,240.0,2.0,4.77,3.91,4.77,120.0,-0.8599999999999994,-0.18029350104821792,120.0,240.0,2.0,18.1,17.3,18.1,120.0,-0.8000000000000007,-0.04419889502762434,120.0,240.0,2.0,66.2,48.8,66.2,120.0,-17.400000000000006,-0.26283987915407864,120.0,240.0,2.0,7.342,7.351,7.351,240.0,0.009000000000000341,0.0012258240261509591,120.0,240.0,2.0,0.091,0.036,0.091,120.0,-0.055,-0.6043956043956045,120.0,240.0,2.0,3.49,2.47,3.49,120.0,-1.02,-0.2922636103151862,120.0,240.0,2.0,574.5,361.5,574.5,120.0,-213.0,-0.370757180156658,120.0,240.0,2.0,25.0,22.1,25.0,120.0,-2.8999999999999986,-0.11599999999999994,120.0,240.0,2.0,7.78,7.95,7.95,240.0,0.16999999999999993,0.02185089974293058,120.0,240.0,2.0,149.0,114.7,149.0,120.0,-34.3,-0.23020134228187916,120.0,240.0,2.0,296.1,298.4,298.4,240.0,2.2999999999999545,0.007767646065518252,1.0
E001464,2,1,0,1,43,9.0,83.6,103.0,92.34444444444445,92.6,19.400000000000006,0.0750414853111793,-0.03704655323360359,0.08536585365853605,0.012299187299187369,1.0,103.0,41.0,83.6,98.0,0.0,-1.0,92.6,1.0,10.3,21.4,17.766666666666666,20.7,11.099999999999998,0.17160570472463973,0.00285771382893685,0.08536585365853651,0.017624267624267602,-1.0,21.4,41.0,10.3,99.0,0.0,-1.0,20.7,18.0,115.4,144.3,128.86666666666667,144.3,28.900000000000006,0.06540498967109823,0.07233641658102079,-0.004878048780488386,0.0916698166698163,1.0,144.3,240.0,115.4,98.0,0.0,-1.0,144.3,-1.0,69.3,84.1,75.92222222222222,77.4,14.799999999999997,0.0554616794639757,0.013074302462791669,-0.05853658536585402,0.028959553959553856,1.0,84.1,97.0,69.3,63.0,0.0,-1.0,77.4,34.0,95.2,98.4,96.82222222222221,96.3,3.200000000000003,0.010210225577018691,-0.001499752578889293,-0.0390243902439026,-0.008041958041958014,1.0,98.4,70.0,95.2,41.0,0.0,-1.0,96.3,27.0,36.53,37.42,36.998888888888885,37.21,0.8900000000000006,0.007232655514599686,0.0005546039358988265,-0.0063414634146344104,0.000574088074088072,1.0,37.42,70.0,36.53,99.0,0.0,-1.0,37.21,18.0,13.0,15.0,13.88888888888889,15.0,2.0,0.040792156108742275,0.004701001103878789,-8.29347891120528e-17,0.008741258741258725,1.0,15.0,240.0,13.0,70.0,0.0,-1.0,15.0,28.0,34.8,38.1,36.04444444444445,35.3,3.3000000000000043,0.025632079538825438,-0.0012152183015492967,-0.019512195121951268,-0.004214704214704201,-1.0,38.1,98.0,34.8,70.0,0.0,-1.0,35.3,1.0,1.0,1.0,1.0,1.0,1.0,1.0,1.0,1.0,1.0,1.0,1.0,1.0,1.0,1.0,1.0,0.0,0.0,-1.0,-1.0,0.0,0.0,-1.0,0.0,-1.0,0.0,-1.0,0.0,-1.0,0.0,-1.0,0.0,-1.0,0.0,-1.0,0.0,-1.0,0.0,-1.0,0.0,-1.0,0.0,0.0,,,0.0,0.0,6.0,70.0,240.0,0.0,0.0,0.0,0.0,1.0,6.8,6.8,6.8,0.0,0.0,0.0,0.0,0.0,1.0,139.7,139.7,139.7,0.0,0.0,0.0,0.0,0.0,1.0,4.3,4.3,4.3,0.0,0.0,0.0,0.0,0.0,1.0,21.2,21.2,21.2,0.0,0.0,0.0,0.0,0.0,1.0,8.0,8.0,8.0,0.0,0.0,0.0,0.0,0.0,1.0,7.357,7.357,7.357,0.0,0.0,0.0,0.0,0.0,1.0,0.043,0.043,0.043,0.0,0.0,0.0,0.0,0.0,1.0,1.6,1.6,1.6,0.0,0.0,0.0,0.0,0.0,1.0,430.7,430.7,430.7,0.0,0.0,0.0,0.0,0.0,1.0,10.1,10.1,10.1,0.0,0.0,0.0,0.0,0.0,1.0,0.1,0.1,0.1,0.0,0.0,0.0,0.0,0.0,1.0,83.9,83.9,83.9,0.0,0.0,0.0,0.0,0.0,1.0,278.1,278.1,278.1,0.0,0.0,0.0,1.0
E001652,4,3,0,0,74,9.0,80.7,104.5,93.76666666666667,80.7,23.799999999999997,0.07951435113047124,-0.06315802728931366,0.0,-0.058311376544294136,-1.0,104.5,0.0,80.7,240.0,0.0,-1.0,91.36666666666666,-1.0,11.8,22.5,17.65555555555555,20.7,10.7,0.21539709153157077,0.013674878832312885,0.0,-0.0012237250424498327,-1.0,22.5,223.0,11.8,218.0,0.0,-1.0,18.333333333333332,-1.0,116.0,138.9,126.11111111111111,124.3,22.900000000000006,0.05579715579707955,0.009057914236783355,0.0,-0.026102230809766643,-1.0,138.9,223.0,116.0,218.0,0.0,-1.0,126.39999999999999,17.0,67.3,85.2,77.67777777777776,73.3,17.900000000000006,0.08773606946188492,-0.025285989321573034,0.0,-0.05130276948299079,-1.0,85.2,178.0,67.3,218.0,0.0,-1.0,74.76666666666667,5.0,93.9,97.8,96.11111111111113,96.6,3.8999999999999915,0.011338913142417755,0.009302208442001688,0.0,-0.005231570935066519,-1.0,97.8,169.0,93.9,0.0,0.0,-1.0,96.06666666666668,9.0,36.82,37.38,37.236666666666665,37.26,0.5600000000000023,0.0042499606017256195,-0.0006174515049418956,0.0,0.0002719714268984831,1.0,37.38,0.0,36.82,178.0,0.0,-1.0,37.276666666666664,40.0,12.0,15.0,13.777777777777779,15.0,3.0,0.07478724593141697,-0.0034783241361555283,0.0,0.010627085894958725,1.0,15.0,0.0,12.0,149.0,1.0,149.0,14.0,1.0,33.6,41.9,37.52222222222222,37.7,8.299999999999997,0.061429191179700325,0.00803932213255132,0.0,-0.024503776567714707,1.0,41.9,178.0,33.6,223.0,0.0,-1.0,36.233333333333334,40.0,1.0,1.0,1.0,1.0,1.0,1.0,1.0,1.0,1.0,1.0,1.0,1.0,1.0,1.0,1.0,3.0,1.0,113.0,214.0,0.0,1.0,113.0,1.0,214.0,0.0,-1.0,1.0,206.0,0.0,-1.0,0.0,-1.0,0.0,-1.0,0.0,-1.0,0.0,-1.0,0.0,-1.0,5.0,0.0,-127.0,,1.0,1.0,4.0,149.0,218.0,1.0,0.0,240.0,240.0,1.0,10.1,10.1,10.1,240.0,0.0,0.0,240.0,240.0,1.0,140.5,140.5,140.5,240.0,0.0,0.0,240.0,240.0,1.0,4.0,4.0,4.0,240.0,0.0,0.0,240.0,240.0,1.0,22.2,22.2,22.2,240.0,0.0,0.0,240.0,240.0,1.0,27.7,27.7,27.7,240.0,0.0,0.0,240.0,240.0,1.0,7.407,7.407,7.407,240.0,0.0,0.0,240.0,240.0,1.0,0.066,0.066,0.066,240.0,0.0,0.0,240.0,240.0,1.0,3.03,3.03,3.03,240.0,0.0,0.0,240.0,240.0,1.0,276.1,276.1,276.1,240.0,0.0,0.0,240.0,240.0,1.0,10.4,10.4,10.4,240.0,0.0,0.0,240.0,240.0,1.0,4.78,4.78,4.78,240.0,0.0,0.0,240.0,240.0,1.0,102.0,102.0,102.0,240.0,0.0,0.0,240.0,240.0,1.0,275.2,275.2,275.2,240.0,0.0,0.0,1.0
E000915,3,2,0,1,65,7.0,49.9,92.1,72.02857142857142,69.2,42.199999999999996,0.15893670090460804,0.029377567360579414,0.6274999999999996,-0.13143769533904043,-1.0,92.1,80.0,49.9,0.0,0.0,-1.0,69.2,160.0,7.0,15.2,10.914285714285715,14.0,8.2,0.2849978731940243,0.019054008721905408,0.16249999999999992,0.03660823481451288,-1.0,15.2,165.0,7.0,0.0,2.0,0.0,14.0,33.0,113.4,153.7,128.48571428571427,137.3,40.29999999999998,0.0995023991358296,0.004436905432519428,0.009999999999999424,-0.07079766272591362,1.0,153.7,80.0,113.4,165.0,0.0,-1.0,137.3,57.0,70.4,92.7,81.60000000000001,87.6,22.299999999999997,0.10016515032975934,0.03550220579392782,-0.1775000000000005,-0.02333197445305072,1.0,92.7,137.0,70.4,198.0,0.0,-1.0,87.6,61.0,95.0,99.1,97.42857142857143,98.6,4.099999999999994,0.012781012804892007,0.0011946731817233393,0.02499999999999957,-0.00021062644380998952,1.0,99.1,165.0,95.0,198.0,0.0,-1.0,98.6,33.0,36.22,36.87,36.604285714285716,36.74,0.6499999999999986,0.005226180299624772,-0.00021456646813459922,0.00199999999999973,-0.0016333740997417374,1.0,36.87,80.0,36.22,198.0,0.0,-1.0,36.74,57.0,14.0,15.0,14.571428571428571,14.0,1.0,0.03396178054056622,0.00018988183020770278,-0.02500000000000003,0.0005435521130588663,0.0,15.0,0.0,14.0,40.0,0.0,-1.0,14.0,97.0,34.1,41.9,36.4,36.2,7.799999999999997,0.0652931962512348,0.010733070452488553,0.045,0.016775377089278613,-1.0,41.9,198.0,34.1,165.0,0.0,-1.0,36.2,42.0,0.0,0.0,0.0,0.0,0.0,0.0,0.0,0.0,0.0,0.0,0.0,0.0,0.0,0.0,0.0,1.0,1.0,139.0,139.0,0.0,0.0,-1.0,1.0,139.0,0.0,-1.0,0.0,-1.0,0.0,-1.0,0.0,-1.0,0.0,-1.0,0.0,-1.0,0.0,-1.0,0.0,-1.0,2.0,0.0,,,2.0,57.0,3.0,40.0,198.0,1.0,0.0,,,,,,,,,,,,,,,,,,,,,,,,,,,,,,,,,,,,,,,,,,,,,,,,,,,,,,,,,,,,,,,,,,,,,,,,,,,,,,,,,,,,,,,,,,,,,,,,,,,,,,,,,,,,,,,,,,,,,,
E001666,4,3,0,0,74,8.0,69.3,107.0,87.9,107.0,37.7,0.14188359117282126,0.0731969550116074,0.00628513030148179,0.2767318913701576,1.0,107.0,240.0,69.3,37.0,0.0,-1.0,107.0,12.0,14.3,20.3,17.1625,16.1,6.0,0.1049581927817281,0.0017597893908737443,-0.034670413898824776,0.0004518931250822514,-1.0,20.3,186.0,14.3,129.0,0.0,-1.0,16.1,50.0,114.7,137.3,129.38750000000002,136.8,22.60000000000001,0.06847930794604173,0.09965652613203657,0.06096065406234062,0.0035603036019829404,1.0,137.3,186.0,114.7,37.0,0.0,-1.0,136.8,-1.0,63.8,79.0,73.02499999999999,77.2,15.200000000000003,0.07244777211553803,-0.007132224584605017,-0.046934082779764665,0.09274996709516095,-1.0,79.0,37.0,63.8,123.0,0.0,-1.0,77.2,6.0,95.2,98.0,96.16250000000001,95.8,2.799999999999997,0.00996002223033434,0.006167361241441984,0.004036791006642736,-0.00036853419909624606,-1.0,98.0,186.0,95.2,129.0,0.0,-1.0,95.8,54.0,36.49,37.26,36.8775,36.49,0.769999999999996,0.006898482844493353,-0.0014872726992264823,0.008035258048032581,-0.005519677093844639,-1.0,37.26,123.0,36.49,240.0,0.0,-1.0,36.49,6.0,13.0,15.0,13.875,13.0,2.0,0.04320568939921369,-0.0013600125460514793,-6.993897316215814e-17,-0.0013820032466108259,-1.0,15.0,179.0,13.0,123.0,0.0,-1.0,13.0,6.0,34.2,40.6,37.487500000000004,35.9,6.399999999999999,0.06253751028179744,-0.0036962004488813502,0.08300970873786408,-0.021609704733909607,-1.0,40.6,129.0,34.2,186.0,0.0,-1.0,35.9,57.0,1.0,1.0,1.0,1.0,1.0,1.0,1.0,1.0,1.0,1.0,1.0,1.0,1.0,1.0,1.0,1.0,1.0,166.0,166.0,0.0,1.0,166.0,0.0,-1.0,0.0,-1.0,0.0,-1.0,0.0,-1.0,0.0,-1.0,0.0,-1.0,0.0,-1.0,0.0,-1.0,0.0,-1.0,4.0,0.0,166.0,,0.0,0.0,5.0,123.0,186.0,1.0,0.0,0.0,0.0,1.0,3.39,3.39,3.39,0.0,0.0,0.0,0.0,0.0,1.0,136.3,136.3,136.3,0.0,0.0,0.0,0.0,0.0,1.0,4.17,4.17,4.17,0.0,0.0,0.0,0.0,0.0,1.0,22.9,22.9,22.9,0.0,0.0,0.0,0.0,0.0,1.0,17.0,17.0,17.0,0.0,0.0,0.0,0.0,0.0,1.0,7.396,7.396,7.396,0.0,0.0,0.0,0.0,0.0,1.0,0.013,0.013,0.013,0.0,0.0,0.0,0.0,0.0,1.0,0.86,0.86,0.86,0.0,0.0,0.0,0.0,0.0,1.0,305.4,305.4,305.4,0.0,0.0,0.0,0.0,0.0,1.0,9.5,9.5,9.5,0.0,0.0,0.0,0.0,0.0,1.0,5.54,5.54,5.54,0.0,0.0,0.0,0.0,0.0,1.0,91.7,91.7,91.7,0.0,0.0,0.0,0.0,0.0,1.0,281.3,281.3,281.3,0.0,0.0,0.0,1.0
E000218,1,0,0,1,38,7.0,64.8,85.8,74.54285714285716,84.9,21.0,0.10107052637797959,0.056198095847668106,0.0,0.1656423173803528,-1.0,85.8,208.0,64.8,179.0,0.0,-1.0,84.9,-1.0,12.7,17.4,15.014285714285714,17.4,4.699999999999999,0.11416904507830136,0.015694455556444557,0.0,0.018123425692695167,-1.0,17.4,240.0,12.7,0.0,0.0,-1.0,17.4,-1.0,120.5,135.3,127.2142857142857,122.8,14.800000000000011,0.03651517676219762,-0.003389071125689198,0.0,0.02523929471032747,1.0,135.3,177.0,120.5,135.0,0.0,-1.0,122.8,42.0,71.4,87.9,77.78571428571429,71.7,16.5,0.07029491218014641,-0.07211896951756078,0.0,-0.0950755667506297,1.0,87.9,0.0,71.4,208.0,0.0,-1.0,71.7,-1.0,96.0,98.1,97.07142857142857,98.0,2.0999999999999943,0.00734067044199552,0.0017769421553731459,0.0,0.004105793450881897,1.0,98.1,135.0,96.0,141.0,0.0,-1.0,98.0,6.0,36.42,37.04,36.73142857142857,37.04,0.6199999999999974,0.004675824107696126,0.001081646531722719,0.0,0.003925692695214221,1.0,37.04,240.0,36.42,141.0,0.0,-1.0,37.04,-1.0,13.0,15.0,14.142857142857142,14.0,2.0,0.0451730904545412,-0.004376350108008557,0.0,-0.0002518891687656884,1.0,15.0,0.0,13.0,179.0,0.0,-1.0,14.0,29.0,31.4,41.7,36.357142857142854,34.2,10.300000000000004,0.08895443837775406,-0.029136730938474884,0.0,-0.009924433249370132,-1.0,41.7,0.0,31.4,177.0,0.0,-1.0,34.2,31.0,2.0,1.0,1.0,1.0,1.0,1.0,1.0,1.0,1.0,1.0,1.0,1.0,1.0,1.0,1.0,0.0,0.0,-1.0,-1.0,0.0,0.0,-1.0,0.0,-1.0,0.0,-1.0,0.0,-1.0,0.0,-1.0,0.0,-1.0,0.0,-1.0,0.0,-1.0,0.0,-1.0,0.0,-1.0,0.0,0.0,,,0.0,0.0,5.0,179.0,208.0,1.0,0.0,0.0,240.0,2.0,8.91,6.82,8.91,0.0,-2.09,-0.2345679012345679,0.0,240.0,2.0,136.6,133.1,136.6,0.0,-3.5,-0.02562225475841874,0.0,240.0,2.0,4.23,4.05,4.23,0.0,-0.1800000000000006,-0.04255319148936184,0.0,240.0,2.0,26.8,22.3,26.8,0.0,-4.5,-0.16791044776119401,0.0,240.0,2.0,8.0,38.0,38.0,240.0,30.0,3.75,0.0,240.0,2.0,7.389,7.392,7.392,240.0,0.0030000000000001137,0.0004060089321965237,0.0,240.0,2.0,0.0,0.0,0.0,0.0,0.0,0.0,0.0,240.0,2.0,0.53,2.79,2.79,240.0,2.26,4.264150943396226,0.0,240.0,2.0,138.9,257.8,257.8,240.0,118.9,0.8560115190784737,0.0,240.0,2.0,3.9,13.3,13.3,240.0,9.4,2.4102564102564106,0.0,240.0,2.0,3.12,1.78,3.12,0.0,-1.34,-0.4294871794871795,0.0,240.0,2.0,74.5,99.9,99.9,240.0,25.400000000000006,0.3409395973154363,0.0,240.0,2.0,290.9,292.9,292.9,240.0,2.0,0.006875214850464078,1.0
E000617,2,1,0,1,43,7.0,75.2,97.2,83.11428571428571,83.7,22.0,0.08059118519092483,0.004125910244474661,0.17499999999999957,0.0008251318579737971,1.0,97.2,143.0,75.2,187.0,0.0,-1.0,83.7,28.0,8.3,17.6,13.314285714285715,12.3,9.3,0.2154275589089474,-0.00796806651958223,0.09749999999999992,-0.03860583981295206,1.0,17.6,75.0,8.3,187.0,0.0,-1.0,12.3,68.0,119.4,142.8,131.22857142857143,136.9,23.400000000000006,0.060792974916862724,-0.023249652481093754,-0.36000000000000093,0.03386303083029762,1.0,142.8,0.0,119.4,143.0,0.0,-1.0,136.9,28.0,59.2,93.8,77.17142857142856,93.8,34.599999999999994,0.13686967828514984,-0.0020140155331387086,0.15249999999999952,0.10779321407210046,1.0,93.8,240.0,59.2,187.0,0.0,-1.0,93.8,53.0,95.7,97.8,97.02857142857142,97.4,2.0999999999999943,0.008165738883310954,0.001161478326297861,-0.05250000000000036,0.000969224076994131,1.0,97.8,0.0,95.7,40.0,0.0,-1.0,97.4,35.0,36.47,36.82,36.635714285714286,36.54,0.3500000000000014,0.002802143766538784,-0.0007940966421384368,-1.0867327548101288e-16,-0.0017509923332064364,-1.0,36.82,75.0,36.47,171.0,0.0,-1.0,36.54,16.0,14.0,15.0,14.857142857142858,15.0,1.0,0.023552785988299785,0.0010553097062987128,-2.0299618927423932e-17,0.005994780055461861,0.0,15.0,0.0,14.0,75.0,0.0,-1.0,15.0,68.0,29.1,39.1,33.871428571428574,35.1,10.0,0.11311428075222443,-0.011338362261359747,-0.24749999999999991,-0.015650318090370364,1.0,39.1,0.0,29.1,171.0,2.0,40.0,35.1,16.0,0.0,0.0,0.0,0.0,0.0,0.0,0.0,0.0,0.0,0.0,0.0,0.0,0.0,0.0,0.0,2.0,1.0,41.0,127.0,1.0,0.0,-1.0,1.0,127.0,1.0,41.0,0.0,-1.0,0.0,-1.0,0.0,-1.0,0.0,-1.0,0.0,-1.0,0.0,-1.0,0.0,-1.0,7.0,0.0,,,2.0,35.0,4.0,75.0,187.0,1.0,0.0,,,,,,,,,,,,,,,,,,,,,,,,,,,,,,,,,,,,,,,,,,,,,,,,,,,,,,,,,,,,,,,,,,,,,,,,,,,,,,,,,,,,,,,,,,,,,,,,,,,,,,,,,,,,,,,,,,,,,,
E000701,4,3,0,0,74,7.0,54.0,79.1,68.45714285714284,65.6,25.099999999999994,0.10250641675042892,-0.027141210588935195,-0.048837209302326,-0.035442000273261255,-1.0,79.1,78.0,54.0,116.0,0.0,-1.0,65.6,27.0,9.5,20.3,15.471428571428572,14.8,10.8,0.23426453752760082,-0.013383402736466361,-0.10697674418604657,-0.041706517283781906,1.0,20.3,116.0,9.5,163.0,0.0,-1.0,14.8,77.0,127.5,153.0,137.21428571428572,134.2,25.5,0.061325144499343474,-0.05605220107079123,0.28372093023255773,0.002356879355103305,-1.0,153.0,43.0,127.5,163.0,0.0,-1.0,134.2,77.0,72.7,85.5,80.2,80.7,12.799999999999997,0.052867158245654605,-0.014262343842950716,0.02325581395348838,0.021587648585872456,1.0,85.5,143.0,72.7,116.0,0.0,-1.0,80.7,27.0,94.7,99.1,97.02857142857144,99.1,4.3999999999999915,0.015868308109902782,0.013950773349196765,-0.04418604651162778,0.015582729881131449,1.0,99.1,240.0,94.7,43.0,0.0,-1.0,99.1,-1.0,36.21,36.7,36.53142857142858,36.64,0.490000000000002,0.004276979841062387,-0.000774241522903,-0.0030232558139535763,-5.123650771955936e-05,1.0,36.7,0.0,36.21,163.0,0.0,-1.0,36.64,77.0,14.0,15.0,14.428571428571429,14.0,1.0,0.034298035793443114,0.0005577037477691814,-7.907735706032942e-17,-0.005943434895477494,-1.0,15.0,78.0,14.0,0.0,0.0,-1.0,14.0,65.0,33.3,40.1,35.82857142857143,34.8,6.800000000000004,0.058768196739689665,-0.0028230963712076044,0.15813953488372087,-0.00233638475201534,-1.0,40.1,43.0,33.3,0.0,0.0,-1.0,34.8,35.0,1.0,1.0,1.0,1.0,1.0,1.0,1.0,1.0,1.0,1.0,1.0,1.0,1.0,1.0,1.0,0.0,0.0,-1.0,-1.0,0.0,0.0,-1.0,0.0,-1.0,0.0,-1.0,0.0,-1.0,0.0,-1.0,0.0,-1.0,0.0,-1.0,0.0,-1.0,0.0,-1.0,0.0,-1.0,0.0,0.0,,,0.0,0.0,4.0,0.0,240.0,0.0,0.0,0.0,0.0,1.0,10.35,10.35,10.35,0.0,0.0,0.0,0.0,0.0,1.0,133.6,133.6,133.6,0.0,0.0,0.0,0.0,0.0,1.0,4.08,4.08,4.08,0.0,0.0,0.0,0.0,0.0,1.0,20.3,20.3,20.3,0.0,0.0,0.0,0.0,0.0,1.0,18.2,18.2,18.2,0.0,0.0,0.0,0.0,0.0,1.0,7.423,7.423,7.423,0.0,0.0,0.0,0.0,0.0,1.0,0.031,0.031,0.031,0.0,0.0,0.0,0.0,0.0,1.0,1.06,1.06,1.06,0.0,0.0,0.0,0.0,0.0,1.0,194.1,194.1,194.1,0.0,0.0,0.0,0.0,0.0,1.0,19.0,19.0,19.0,0.0,0.0,0.0,0.0,0.0,1.0,0.1,0.1,0.1,0.0,0.0,0.0,0.0,0.0,1.0,78.7,78.7,78.7,0.0,0.0,0.0,0.0,0.0,1.0,287.7,287.7,287.7,0.0,0.0,0.0,1.0
E000910,0,6,1,0,41,8.0,75.6,96.5,85.225,85.6,20.900000000000006,0.07861050408600323,-0.023761718485457484,0.0,-0.019463051568314783,1.0,96.5,148.0,75.6,204.0,0.0,-1.0,85.6,36.0,12.9,18.9,15.3875,14.1,5.999999999999998,0.1266611301427096,-0.017509602143914487,0.0,-0.017517278043593817,-1.0,18.9,94.0,12.9,148.0,0.0,-1.0,14.1,56.0,109.4,139.9,125.05,130.6,30.5,0.08161635834955522,0.09365758641929496,0.0,0.07779904306220113,-1.0,139.9,204.0,109.4,100.0,0.0,-1.0,130.6,-1.0,70.3,84.1,76.5625,75.5,13.799999999999997,0.05241172344700704,-0.021848384485644395,0.0,0.015486443381180213,1.0,84.1,0.0,70.3,148.0,0.0,-1.0,75.5,56.0,96.1,97.9,96.88749999999999,97.6,1.8000000000000114,0.006223582554608374,-0.00035054678203237736,0.0,0.007405635300372166,1.0,97.9,0.0,96.1,165.0,0.0,-1.0,97.6,39.0,36.42,37.27,36.88250000000001,36.64,0.8500000000000014,0.007391436447597049,-0.0014922908732066696,0.0,-0.004219032429558677,-1.0,37.27,106.0,36.42,165.0,0.0,-1.0,36.64,42.0,13.0,15.0,14.0,15.0,2.0,0.05050762722761054,0.003921480100745888,0.0,0.008080808080808103,1.0,15.0,106.0,13.0,94.0,0.0,-1.0,15.0,12.0,33.2,39.7,36.125,34.1,6.5,0.05455728117232457,-0.008295091377581179,0.0,-0.006858054226475273,1.0,39.7,106.0,33.2,94.0,0.0,-1.0,34.1,6.0,2.0,1.0,1.0,1.0,1.0,1.0,1.0,1.0,1.0,1.0,1.0,1.0,1.0,1.0,1.0,1.0,1.0,87.0,87.0,0.0,0.0,-1.0,1.0,87.0,0.0,-1.0,0.0,-1.0,0.0,-1.0,0.0,-1.0,0.0,-1.0,0.0,-1.0,0.0,-1.0,0.0,-1.0,2.0,0.0,87.0,,0.0,0.0,3.0,94.0,204.0,1.0,0.0,0.0,240.0,2.0,8.46,6.32,8.46,0.0,-2.1400000000000006,-0.2529550827423168,0.0,240.0,2.0,135.8,139.9,139.9,240.0,4.099999999999994,0.030191458026509528,0.0,240.0,2.0,3.79,4.09,4.09,240.0,0.2999999999999998,0.07915567282321895,0.0,240.0,2.0,19.8,23.3,23.3,240.0,3.5,0.17676767676767677,0.0,240.0,2.0,44.6,14.3,44.6,0.0,-30.3,-0.679372197309417,0.0,240.0,2.0,7.423,7.387,7.423,0.0,-0.036000000000000476,-0.00484979118954607,0.0,240.0,2.0,0.0,0.012,0.012,240.0,0.012,12000000.0,0.0,240.0,2.0,1.42,1.25,1.42,0.0,-0.16999999999999993,-0.11971830985915488,0.0,240.0,2.0,97.9,234.7,234.7,240.0,136.79999999999998,1.3973442288049027,0.0,240.0,2.0,16.4,6.4,16.4,0.0,-9.999999999999998,-0.6097560975609756,0.0,240.0,2.0,5.2,0.1,5.2,0.0,-5.1000000000000005,-0.9807692307692308,0.0,240.0,2.0,113.3,90.7,113.3,0.0,-22.599999999999994,-0.19947043248014118,0.0,240.0,2.0,297.1,287.2,297.1,0.0,-9.900000000000034,-0.03332211376640873,1.0
E000154,0,6,1,0,41,7.0,100.4,125.2,108.41428571428571,105.4,24.799999999999997,0.06771217383717579,-0.02989389938806781,0.0,-0.05724508475382168,-1.0,125.2,86.0,100.4,102.0,0.0,-1.0,104.65,16.0,19.6,27.2,23.17142857142857,23.0,7.599999999999998,0.10030581726272118,-0.012988489019175795,0.0,0.003941706487887107,1.0,27.2,0.0,19.6,86.0,2.0,0.0,22.45,21.0,108.0,138.4,121.78571428571429,138.4,30.400000000000006,0.08183699423198428,0.06654885409953058,0.0,0.02983857547012809,-1.0,138.4,240.0,108.0,0.0,0.0,-1.0,129.95,-1.0,58.0,83.7,78.18571428571428,58.0,25.700000000000003,0.10750049987739195,-0.05674442296097642,0.0,-0.07901718850296004,-1.0,83.7,216.0,58.0,240.0,0.0,-1.0,70.85,-1.0,92.0,96.5,94.07142857142857,93.1,4.5,0.01677626664193346,-0.012874488035094457,0.0,-0.0075125407127408055,1.0,96.5,0.0,92.0,216.0,0.0,-1.0,92.55,-1.0,37.53,38.1,37.699999999999996,37.59,0.5700000000000003,0.005018803164038329,0.00027845346750097084,0.0,0.0015676485272090983,-1.0,38.1,216.0,37.53,102.0,0.0,-1.0,37.845,114.0,10.0,13.0,12.142857142857142,13.0,3.0,0.08150827329735894,0.006801943214342606,0.0,0.01229108717875565,0.0,13.0,170.0,10.0,107.0,4.0,0.0,13.0,63.0,36.7,46.9,41.714285714285715,36.7,10.199999999999996,0.08132966813144618,-0.009410105546199985,0.0,-0.032418039607255984,-1.0,46.9,107.0,36.7,240.0,0.0,-1.0,38.3,109.0,3.0,1.0,1.0,1.0,1.0,1.0,1.0,1.0,1.0,1.0,1.0,1.0,1.0,1.0,1.0,1.0,1.0,188.0,188.0,0.0,0.0,-1.0,0.0,-1.0,0.0,-1.0,1.0,188.0,0.0,-1.0,0.0,-1.0,0.0,-1.0,0.0,-1.0,0.0,-1.0,0.0,-1.0,5.0,0.0,188.0,,6.0,170.0,4.0,107.0,216.0,1.0,0.0,0.0,240.0,3.0,8.64,8.23,12.18,120.0,-0.41000000000000014,-0.04745370370370372,0.0,240.0,3.0,137.5,144.3,144.3,240.0,6.800000000000011,0.049454545454545536,0.0,240.0,3.0,4.67,4.5,4.67,0.0,-0.16999999999999993,-0.036402569593147735,0.0,240.0,3.0,18.3,20.6,20.6,240.0,2.3000000000000007,0.12568306010928965,0.0,240.0,3.0,49.8,59.9,59.9,240.0,10.100000000000001,0.20281124497991973,0.0,240.0,3.0,7.339,7.353,7.353,240.0,0.013999999999999346,0.0019076168415314545,0.0,240.0,3.0,0.119,0.138,0.138,240.0,0.019000000000000017,0.15966386554621864,0.0,240.0,3.0,3.26,3.69,3.69,240.0,0.43000000000000016,0.13190184049079762,0.0,240.0,3.0,717.2,683.2,717.2,0.0,-34.0,-0.047406581148912434,0.0,240.0,3.0,21.7,27.8,27.8,240.0,6.100000000000001,0.2811059907834102,0.0,240.0,3.0,1.4,3.75,3.85,120.0,2.35,1.6785714285714288,0.0,240.0,3.0,130.6,114.1,130.6,0.0,-16.5,-0.12633996937212863,0.0,240.0,3.0,287.9,280.4,296.6,120.0,-7.5,-0.02605071205279611,1.0
E001219,0,6,1,0,41,9.0,92.1,150.6,125.43333333333332,133.1,58.5,0.12601545626931915,-0.09350364032373153,-0.2146428571428567,0.06890521779065265,1.0,150.6,0.0,92.1,130.0,4.0,0.0,133.1,51.0,24.6,30.7,26.833333333333332,28.5,6.099999999999998,0.06585022748173203,0.0016767694902601678,-0.020714285714285526,0.006228141449111594,1.0,30.7,116.0,24.6,181.0,9.0,0.0,28.5,3.0,99.8,131.0,115.53333333333333,118.3,31.200000000000003,0.07584541282516537,0.011237757314900674,-0.14285714285714315,0.04213975341788298,1.0,131.0,116.0,99.8,119.0,0.0,-1.0,118.3,11.0,71.5,92.0,78.69999999999999,78.3,20.5,0.08544156671847351,0.009543979173852135,-0.09571428571428522,-0.028114953898328757,1.0,92.0,116.0,71.5,181.0,0.0,-1.0,78.3,3.0,92.3,94.7,93.55555555555556,92.3,2.4000000000000057,0.009029253115794875,-0.004478708476450056,-0.0010714285714281222,-0.015715194121595114,-1.0,94.7,116.0,92.3,240.0,0.0,-1.0,92.3,65.0,37.47,38.3,37.81,37.8,0.8299999999999983,0.0059087000194361205,-0.0017686870738979562,-0.006499999999999657,-0.000180344084501959,1.0,38.3,0.0,37.47,116.0,0.0,-1.0,37.8,-1.0,11.0,14.0,12.333333333333334,13.0,3.0,0.07644397634449163,0.008582281710503303,0.014285714285714372,0.00782491963118665,-1.0,14.0,119.0,11.0,0.0,5.0,0.0,13.0,11.0,38.9,46.7,43.24444444444444,44.1,7.800000000000004,0.05984709162245155,-0.014687914881152099,-0.09678571428571411,-0.00718550181933781,1.0,46.7,0.0,38.9,119.0,0.0,-1.0,44.1,11.0,3.0,1.0,1.0,1.0,1.0,1.0,1.0,1.0,1.0,1.0,1.0,1.0,1.0,1.0,1.0,2.0,1.0,66.0,176.0,0.0,1.0,176.0,0.0,-1.0,0.0,-1.0,1.0,66.0,0.0,-1.0,0.0,-1.0,0.0,-1.0,0.0,-1.0,0.0,-1.0,0.0,-1.0,5.0,0.0,66.0,176.0,18.0,240.0,1.0,0.0,181.0,1.0,0.0,0.0,240.0,3.0,11.04,12.7,12.7,240.0,1.6600000000000001,0.15036231884057974,0.0,240.0,3.0,142.6,136.5,142.6,0.0,-6.099999999999994,-0.04277699859747542,0.0,240.0,3.0,4.25,4.34,4.79,120.0,0.08999999999999986,0.021176470588235262,0.0,240.0,3.0,19.4,19.7,21.5,120.0,0.3000000000000007,0.015463917525773233,0.0,240.0,3.0,49.6,61.6,61.6,240.0,12.0,0.24193548387096772,0.0,240.0,3.0,7.335,7.341,7.341,240.0,0.006000000000000227,0.0008179959100204809,0.0,240.0,3.0,0.124,0.103,0.14,120.0,-0.021000000000000005,-0.16935483870967746,0.0,240.0,3.0,2.99,3.49,4.35,120.0,0.5,0.16722408026755853,0.0,240.0,3.0,931.4,1038.6,1038.6,240.0,107.19999999999993,0.11509555507837657,0.0,240.0,3.0,24.2,22.8,24.2,0.0,-1.3999999999999986,-0.057851239669421434,0.0,240.0,3.0,5.18,9.09,9.09,240.0,3.91,0.7548262548262549,0.0,240.0,3.0,127.1,128.5,128.5,240.0,1.4000000000000057,0.011014948859166056,0.0,240.0,3.0,304.1,295.2,305.6,120.0,-8.900000000000034,-0.029266688589279954,1.0
E001014,3,2,0,1,65,6.0,80.5,92.2,86.85000000000001,91.2,11.700000000000003,0.05209310668654145,0.0065285576971722235,0.0,0.07920504207750953,1.0,92.2,229.0,80.5,178.0,0.0,-1.0,91.7,51.0,9.7,17.7,13.15,16.3,8.0,0.22489243440858533,-0.012381747356705596,0.0,0.031724274930472786,1.0,17.7,0.0,9.7,168.0,0.0,-1.0,14.7,72.0,93.8,133.7,119.91666666666667,130.7,39.89999999999999,0.11706045349506616,0.1585141903171954,0.0,0.13005562177195096,-1.0,133.7,168.0,93.8,0.0,0.0,-1.0,128.64999999999998,-1.0,68.6,89.4,77.23333333333333,71.8,20.80000000000001,0.0882435326233725,0.024419487023827638,0.0,0.041561021417994184,-1.0,89.4,178.0,68.6,109.0,0.0,-1.0,76.69999999999999,51.0,96.2,99.8,97.73333333333335,98.1,3.5999999999999943,0.011646228566823897,0.008185359437446478,0.0,0.003633474193665053,-1.0,99.8,168.0,96.2,0.0,0.0,-1.0,98.1,10.0,36.56,37.3,36.86333333333333,36.56,0.7399999999999949,0.006083330569329616,9.485506146611526e-05,0.0,-0.0015525336800664327,-1.0,37.3,168.0,36.56,240.0,0.0,-1.0,36.735,10.0,14.0,15.0,14.333333333333334,14.0,1.0,0.03288868749704872,0.0007588404917286759,0.0,-0.0028533246650051768,-1.0,15.0,109.0,14.0,0.0,0.0,-1.0,14.5,59.0,29.9,39.2,35.03333333333333,39.2,9.300000000000004,0.08769583660973936,0.021925431274346156,0.0,-0.00738974970202607,-1.0,39.2,240.0,29.9,0.0,1.0,0.0,36.05,-1.0,1.0,1.0,1.0,1.0,1.0,1.0,1.0,1.0,1.0,1.0,1.0,1.0,1.0,1.0,1.0,3.0,1.0,31.0,153.0,1.0,0.0,-1.0,1.0,31.0,0.0,-1.0,0.0,-1.0,1.0,122.0,0.0,-1.0,0.0,-1.0,0.0,-1.0,0.0,-1.0,0.0,-1.0,3.0,0.0,-89.0,,1.0,109.0,4.0,0.0,229.0,1.0,0.0,120.0,120.0,1.0,8.41,8.41,8.41,120.0,0.0,0.0,120.0,120.0,1.0,139.4,139.4,139.4,120.0,0.0,0.0,120.0,120.0,1.0,3.76,3.76,3.76,120.0,0.0,0.0,120.0,120.0,1.0,20.7,20.7,20.7,120.0,0.0,0.0,120.0,120.0,1.0,25.9,25.9,25.9,120.0,0.0,0.0,120.0,120.0,1.0,7.384,7.384,7.384,120.0,0.0,0.0,120.0,120.0,1.0,0.0,0.0,0.0,120.0,0.0,0.0,120.0,120.0,1.0,0.4,0.4,0.4,120.0,0.0,0.0,120.0,120.0,1.0,151.0,151.0,151.0,120.0,0.0,0.0,120.0,120.0,1.0,14.6,14.6,14.6,120.0,0.0,0.0,120.0,120.0,1.0,0.68,0.68,0.68,120.0,0.0,0.0,120.0,120.0,1.0,90.3,90.3,90.3,120.0,0.0,0.0,120.0,120.0,1.0,281.4,281.4,281.4,120.0,0.0,0.0,1.0
E000697,3,2,0,1,65,8.0,70.0,90.6,80.425,85.6,20.599999999999994,0.0853804450036522,0.057861639502776493,0.0,0.03135277691591696,1.0,90.6,145.0,70.0,0.0,0.0,-1.0,85.6,7.0,11.2,19.5,14.7125,14.3,8.3,0.16819640526360705,-0.000668344052486981,0.0,-0.008462612472851348,1.0,19.5,145.0,11.2,207.0,0.0,-1.0,14.3,7.0,93.3,127.3,117.0375,127.3,34.0,0.09028663591774137,0.011649206192481783,0.0,-0.06841452063295021,1.0,127.3,240.0,93.3,207.0,0.0,-1.0,127.3,-1.0,60.0,86.1,74.4375,68.9,26.099999999999994,0.11685135854300108,-0.04050818661881913,0.0,-0.02752869996897279,-1.0,86.1,207.0,60.0,178.0,0.0,-1.0,68.9,29.0,96.1,99.7,97.725,98.0,3.6000000000000085,0.012340493318180965,0.009073545083432328,0.0,0.005041886441203997,-1.0,99.7,145.0,96.1,0.0,0.0,-1.0,98.0,33.0,36.55,36.94,36.72375,36.55,0.39000000000000057,0.0029920472453927997,-0.001299270371215258,0.0,-0.000932361154204073,1.0,36.94,0.0,36.55,240.0,0.0,-1.0,36.55,-1.0,14.0,15.0,14.25,14.0,1.0,0.030386856273138196,0.0011235534249653659,0.0,3.4577634821873895e-17,0.0,15.0,152.0,14.0,0.0,0.0,-1.0,14.0,55.0,28.3,41.7,35.462500000000006,37.3,13.400000000000002,0.10499972001788324,-0.020735689163837938,0.0,0.020780328886131006,1.0,41.7,0.0,28.3,122.0,1.0,122.0,37.3,30.0,2.0,1.0,1.0,1.0,1.0,1.0,1.0,1.0,1.0,1.0,1.0,1.0,1.0,1.0,1.0,3.0,1.0,199.0,225.0,0.0,1.0,225.0,1.0,199.0,0.0,-1.0,0.0,-1.0,1.0,201.0,0.0,-1.0,0.0,-1.0,0.0,-1.0,0.0,-1.0,0.0,-1.0,4.0,0.0,199.0,,1.0,23.0,6.0,0.0,207.0,1.0,0.0,0.0,120.0,2.0,4.9,4.55,4.9,0.0,-0.35000000000000053,-0.07142857142857154,0.0,120.0,2.0,138.8,138.6,138.8,0.0,-0.20000000000001705,-0.0014409221902018517,0.0,120.0,2.0,4.18,3.96,4.18,0.0,-0.21999999999999975,-0.05263157894736836,0.0,120.0,2.0,20.5,25.4,25.4,120.0,4.899999999999999,0.23902439024390237,0.0,120.0,2.0,47.4,32.1,47.4,0.0,-15.299999999999997,-0.3227848101265822,0.0,120.0,2.0,7.419,7.366,7.419,0.0,-0.052999999999999936,-0.00714381992182234,0.0,120.0,2.0,0.0,0.011,0.011,120.0,0.011,10999999.999999998,0.0,120.0,2.0,1.39,1.2,1.39,0.0,-0.18999999999999995,-0.13669064748201437,0.0,120.0,2.0,301.1,169.8,301.1,0.0,-131.3,-0.436067751577549,0.0,120.0,2.0,12.5,17.9,17.9,120.0,5.399999999999999,0.4319999999999999,0.0,120.0,2.0,4.6,0.1,4.6,0.0,-4.5,-0.9782608695652175,0.0,120.0,2.0,99.2,102.3,102.3,120.0,3.0999999999999943,0.03124999999999994,0.0,120.0,2.0,293.3,295.0,295.0,120.0,1.6999999999999886,0.005796113194681175,1.0
E001706,0,6,1,0,41,6.0,65.9,84.8,73.2,84.8,18.89999999999999,0.09800266263121264,0.02659398701653518,0.0,0.02194843134764367,1.0,84.8,240.0,65.9,207.0,0.0,-1.0,84.8,-1.0,11.5,15.9,13.516666666666667,15.9,4.4,0.11878908364119693,0.009120949171946342,0.0,0.014752953130953865,1.0,15.9,240.0,11.5,89.0,0.0,-1.0,15.9,-1.0,116.8,142.8,129.11666666666665,126.3,26.000000000000014,0.06124444901669208,-0.05716497326551066,0.0,0.00385494728819984,1.0,142.8,0.0,116.8,174.0,0.0,-1.0,126.3,33.0,72.4,89.9,81.28333333333333,89.8,17.5,0.0880747287495024,0.027191122328177175,0.0,-0.008903848596469198,1.0,89.9,89.0,72.4,207.0,0.0,-1.0,89.8,26.0,96.0,100.0,98.06666666666666,98.2,4.0,0.013727274307483817,-0.002245436923517243,0.0,0.014778356407976364,1.0,100.0,0.0,96.0,89.0,0.0,-1.0,98.2,118.0,36.36,36.59,36.50833333333333,36.56,0.23000000000000398,0.0021358936435133123,-8.807420609626463e-05,0.0,0.0003264321097421005,1.0,36.59,89.0,36.36,115.0,0.0,-1.0,36.56,59.0,14.0,15.0,14.333333333333334,15.0,1.0,0.03288868749704872,0.004475262466337946,0.0,0.007430458529150209,0.0,15.0,207.0,14.0,0.0,0.0,-1.0,15.0,-1.0,30.5,39.0,34.86666666666667,37.3,8.5,0.081098700039956,-0.009312188585478805,0.0,-0.013997205639527551,1.0,39.0,89.0,30.5,207.0,0.0,-1.0,37.3,33.0,1.0,1.0,1.0,1.0,1.0,1.0,1.0,1.0,1.0,1.0,1.0,1.0,1.0,1.0,1.0,0.0,0.0,-1.0,-1.0,0.0,0.0,-1.0,0.0,-1.0,0.0,-1.0,0.0,-1.0,0.0,-1.0,0.0,-1.0,0.0,-1.0,0.0,-1.0,0.0,-1.0,0.0,-1.0,0.0,0.0,,,0.0,0.0,4.0,0.0,207.0,0.0,0.0,120.0,120.0,1.0,4.36,4.36,4.36,120.0,0.0,0.0,120.0,120.0,1.0,146.1,146.1,146.1,120.0,0.0,0.0,120.0,120.0,1.0,3.58,3.58,3.58,120.0,0.0,0.0,120.0,120.0,1.0,27.4,27.4,27.4,120.0,0.0,0.0,120.0,120.0,1.0,31.9,31.9,31.9,120.0,0.0,0.0,120.0,120.0,1.0,7.375,7.375,7.375,120.0,0.0,0.0,120.0,120.0,1.0,0.016,0.016,0.016,120.0,0.0,0.0,120.0,120.0,1.0,0.73,0.73,0.73,120.0,0.0,0.0,120.0,120.0,1.0,20.0,20.0,20.0,120.0,0.0,0.0,120.0,120.0,1.0,17.0,17.0,17.0,120.0,0.0,0.0,120.0,120.0,1.0,0.1,0.1,0.1,120.0,0.0,0.0,120.0,120.0,1.0,85.2,85.2,85.2,120.0,0.0,0.0,120.0,120.0,1.0,285.8,285.8,285.8,120.0,0.0,0.0,1.0
E001504,0,6,1,0,41,8.0,75.1,105.2,93.5875,85.9,30.10000000000001,0.10482168752715372,-0.08784328264961855,-0.08448043184885287,-0.12918525309871795,-1.0,105.2,33.0,75.1,205.0,0.0,-1.0,86.1,-1.0,14.0,23.4,18.724999999999998,16.2,9.399999999999999,0.14108681853576827,0.005215581606379456,0.0956140350877193,-0.019871467108627045,-1.0,23.4,75.0,14.0,0.0,0.0,-1.0,18.549999999999997,27.0,95.4,135.7,120.9625,134.5,40.29999999999998,0.09959100810599657,0.04723704451741253,0.4461538461538459,-0.003356136608071446,-1.0,135.7,33.0,95.4,0.0,0.0,-1.0,126.7,21.0,67.7,80.2,74.25,78.6,12.5,0.06045248030512143,-0.0055134158556793015,-0.13663967611336053,-0.010539168150642457,1.0,80.2,0.0,67.7,33.0,0.0,-1.0,75.8,21.0,95.8,98.3,97.0125,98.2,2.5,0.009080910525111528,0.0013263251473297146,0.04210526315789459,-0.001268579085635469,1.0,98.3,54.0,95.8,224.0,0.0,-1.0,97.0,48.0,36.77,37.43,37.057500000000005,36.77,0.6599999999999966,0.005441946836571022,-0.0016421031932173707,0.0069635627530364435,-0.002415413368125878,-1.0,37.43,54.0,36.77,240.0,0.0,-1.0,36.855000000000004,21.0,12.0,14.0,13.25,14.0,2.0,0.049919836057822464,0.002994729521847003,0.016869095816464234,0.008498333832889641,0.0,14.0,54.0,12.0,102.0,1.0,102.0,14.0,21.0,34.9,39.0,37.3125,37.4,4.100000000000001,0.030066885028445428,-0.006770505806129119,-0.013900134952766544,-0.005793677380679481,-1.0,39.0,33.0,34.9,205.0,0.0,-1.0,37.25,19.0,3.0,1.0,1.0,1.0,1.0,1.0,1.0,1.0,1.0,1.0,1.0,1.0,1.0,1.0,1.0,3.0,1.0,59.0,169.0,1.0,1.0,169.0,1.0,85.0,0.0,-1.0,0.0,-1.0,1.0,59.0,0.0,-1.0,0.0,-1.0,0.0,-1.0,0.0,-1.0,0.0,-1.0,4.0,0.0,59.0,,1.0,103.0,5.0,102.0,205.0,1.0,0.0,0.0,240.0,3.0,11.96,9.15,11.96,0.0,-2.8100000000000005,-0.23494983277591977,0.0,240.0,3.0,136.3,139.6,140.9,120.0,3.299999999999983,0.024211298606016014,0.0,240.0,3.0,4.57,4.09,4.57,0.0,-0.4800000000000004,-0.10503282275711169,0.0,240.0,3.0,20.8,24.0,24.0,240.0,3.1999999999999993,0.1538461538461538,0.0,240.0,3.0,31.2,36.7,36.7,240.0,5.5000000000000036,0.1762820512820514,0.0,240.0,3.0,7.401,7.423,7.423,240.0,0.02200000000000024,0.0029725712741521743,0.0,240.0,3.0,0.064,0.011,0.064,0.0,-0.053000000000000005,-0.8281250000000001,0.0,240.0,3.0,2.16,1.53,2.78,120.0,-0.6300000000000001,-0.2916666666666667,0.0,240.0,3.0,491.2,259.3,491.2,0.0,-231.89999999999998,-0.4721091205211726,0.0,240.0,3.0,12.1,12.6,12.6,240.0,0.5,0.04132231404958678,0.0,240.0,3.0,6.53,2.7,8.46,120.0,-3.83,-0.5865237366003063,0.0,240.0,3.0,129.5,77.0,129.5,0.0,-52.5,-0.40540540540540543,0.0,240.0,3.0,289.1,282.4,294.6,120.0,-6.7000000000000455,-0.02317537184365287,1.0
E000608,4,3,0,0,74,8.0,49.9,73.7,67.05,67.0,23.800000000000004,0.10322929751782274,-0.02800859573659909,0.0,-0.03276949372310938,-1.0,73.7,107.0,49.9,136.0,0.0,-1.0,67.0,10.0,7.0,14.0,10.2875,7.2,7.0,0.25998739248163033,0.0033197691390546794,0.0,-0.011343342959863292,-1.0,14.0,136.0,7.0,107.0,3.0,0.0,7.2,104.0,123.1,141.1,132.225,129.0,18.0,0.05125446352109822,-0.05340822362983488,0.0,-0.035709760122590785,1.0,141.1,0.0,123.1,136.0,0.0,-1.0,129.0,10.0,67.3,82.1,76.08749999999999,80.8,14.799999999999997,0.06605280562378475,0.05791606143630387,0.0,0.05999882124123305,-1.0,82.1,165.0,67.3,88.0,0.0,-1.0,80.8,-1.0,95.4,99.5,97.325,97.9,4.099999999999994,0.01179092465196866,-0.0004494824620948765,0.0,-0.002400247539341076,1.0,99.5,107.0,95.4,136.0,0.0,-1.0,97.9,29.0,36.2,36.63,36.456250000000004,36.37,0.4299999999999997,0.003733264825097119,-0.0011472354014919633,0.0,-0.0008853951788766922,-1.0,36.63,0.0,36.2,136.0,0.0,-1.0,36.37,29.0,14.0,15.0,14.375,14.0,1.0,0.03367811605397754,-0.00015826847256856624,0.0,-0.0029174279483703642,-1.0,15.0,69.0,14.0,0.0,0.0,-1.0,14.0,19.0,30.3,34.6,32.55,33.4,4.300000000000001,0.04020354017911645,0.0018837465312826268,0.0,0.0017010962456533699,1.0,34.6,107.0,30.3,165.0,0.0,-1.0,33.4,29.0,1.0,1.0,1.0,1.0,1.0,1.0,1.0,1.0,1.0,1.0,1.0,1.0,1.0,1.0,1.0,1.0,1.0,39.0,39.0,1.0,0.0,-1.0,0.0,-1.0,0.0,-1.0,0.0,-1.0,0.0,-1.0,0.0,-1.0,0.0,-1.0,0.0,-1.0,0.0,-1.0,0.0,-1.0,0.0,0.0,39.0,,3.0,69.0,6.0,0.0,240.0,0.0,0.0,0.0,0.0,1.0,1.84,1.84,1.84,0.0,0.0,0.0,0.0,0.0,1.0,135.7,135.7,135.7,0.0,0.0,0.0,0.0,0.0,1.0,3.42,3.42,3.42,0.0,0.0,0.0,0.0,0.0,1.0,24.0,24.0,24.0,0.0,0.0,0.0,0.0,0.0,1.0,46.1,46.1,46.1,0.0,0.0,0.0,0.0,0.0,1.0,7.467,7.467,7.467,0.0,0.0,0.0,0.0,0.0,1.0,0.001,0.001,0.001,0.0,0.0,0.0,0.0,0.0,1.0,1.51,1.51,1.51,0.0,0.0,0.0,0.0,0.0,1.0,164.5,164.5,164.5,0.0,0.0,0.0,0.0,0.0,1.0,13.2,13.2,13.2,0.0,0.0,0.0,0.0,0.0,1.0,0.19,0.19,0.19,0.0,0.0,0.0,0.0,0.0,1.0,89.6,89.6,89.6,0.0,0.0,0.0,0.0,0.0,1.0,286.0,286.0,286.0,0.0,0.0,0.0,1.0
E000133,2,1,0,1,43,8.0,67.1,88.2,75.58749999999999,72.5,21.10000000000001,0.09832221846094708,-0.02453457973540361,0.29529713552800185,-0.012698551230581211,-1.0,88.2,20.0,67.1,223.0,0.0,-1.0,69.8,8.0,8.3,17.7,12.575,12.3,9.399999999999999,0.2572460136582638,-0.0189251907570965,0.24053014108593399,0.004067027404433597,-1.0,17.7,31.0,8.3,160.0,0.0,-1.0,10.95,74.0,118.9,145.5,133.175,118.9,26.599999999999994,0.06866836708333962,0.012824828081917818,0.31329628046173236,-0.02146098795601335,-1.0,145.5,223.0,118.9,240.0,0.0,-1.0,132.2,17.0,74.0,89.1,79.6625,85.5,15.099999999999994,0.06424409999783008,0.005514710854943515,-0.45425395468148944,0.021042066678303502,1.0,89.1,0.0,74.0,160.0,0.0,-1.0,82.35,80.0,95.3,98.7,97.01249999999999,97.3,3.4000000000000057,0.01065561740189943,0.0014068396249199279,0.0900812312954232,0.0012218537266538811,-1.0,98.7,31.0,95.3,0.0,0.0,-1.0,96.8,74.0,36.18,36.77,36.495000000000005,36.22,0.5900000000000034,0.005570229168449426,-0.002146063225664396,-0.001265498076101251,-0.00213998952696804,1.0,36.77,31.0,36.18,223.0,0.0,-1.0,36.2,-1.0,13.0,15.0,14.125,14.0,2.0,0.042440986931970966,-0.004094345783828617,0.03334758443779356,-0.0035782859137720386,1.0,15.0,28.0,13.0,223.0,0.0,-1.0,13.5,77.0,30.6,38.8,34.95,33.9,8.199999999999996,0.06341676755164946,-0.004212983269023072,0.22954253954681417,-0.008596613719671862,-1.0,38.8,31.0,30.6,0.0,0.0,-1.0,34.0,192.0,2.0,1.0,1.0,1.0,1.0,1.0,1.0,1.0,1.0,1.0,1.0,1.0,1.0,1.0,1.0,2.0,1.0,126.0,170.0,0.0,0.0,-1.0,1.0,170.0,0.0,-1.0,1.0,126.0,0.0,-1.0,0.0,-1.0,0.0,-1.0,0.0,-1.0,0.0,-1.0,0.0,-1.0,5.0,0.0,126.0,,0.0,0.0,6.0,223.0,223.0,1.0,0.0,0.0,240.0,2.0,5.74,7.32,7.32,240.0,1.58,0.27526132404181186,0.0,240.0,2.0,138.3,144.4,144.4,240.0,6.099999999999994,0.044107013738250135,0.0,240.0,2.0,4.16,3.73,4.16,0.0,-0.43000000000000016,-0.10336538461538465,0.0,240.0,2.0,22.1,23.5,23.5,240.0,1.3999999999999986,0.06334841628959269,0.0,240.0,2.0,26.6,28.0,28.0,240.0,1.3999999999999986,0.05263157894736836,0.0,240.0,2.0,7.407,7.435,7.435,240.0,0.02799999999999958,0.0037802079114350722,0.0,240.0,2.0,0.013,0.03,0.03,240.0,0.017,1.307692307692308,0.0,240.0,2.0,3.23,2.13,3.23,0.0,-1.1,-0.3405572755417957,0.0,240.0,2.0,204.1,324.3,324.3,240.0,120.20000000000002,0.5889269965703088,0.0,240.0,2.0,1.0,11.5,11.5,240.0,10.5,10.5,0.0,240.0,2.0,4.72,0.99,4.72,0.0,-3.7299999999999995,-0.7902542372881355,0.0,240.0,2.0,73.7,58.7,73.7,0.0,-15.0,-0.20352781546811397,0.0,240.0,2.0,290.1,282.7,290.1,0.0,-7.400000000000034,-0.025508445363667816,1.0
E001885,2,1,0,1,43,7.0,92.6,144.7,125.2,121.4,52.099999999999994,0.12138097587660411,-0.10422855117755085,0.05174184903974939,-0.15815602836879505,-1.0,144.7,38.0,92.6,220.0,2.0,38.0,112.53333333333335,8.0,23.5,30.3,26.285714285714285,30.3,6.800000000000001,0.09883836167769293,0.0030816070105351067,-0.11277355962483276,-0.004728132387706922,1.0,30.3,240.0,23.5,53.0,4.0,0.0,26.599999999999998,43.0,104.6,121.1,114.47142857142856,119.2,16.5,0.05572890398240906,-0.012223331937240213,-0.06534167038856717,-0.05759456264775452,1.0,121.1,96.0,104.6,38.0,0.0,-1.0,112.5,15.0,68.7,76.0,72.28571428571428,68.7,7.299999999999997,0.03976901389386847,-0.00999065691549343,0.06121036176864638,-0.039804964539007524,-1.0,76.0,96.0,68.7,240.0,0.0,-1.0,70.69999999999999,124.0,90.8,95.0,92.79999999999998,90.8,4.200000000000003,0.015075207108799369,-0.0014594542349948205,-0.054823581956231104,-0.006767139479905942,1.0,95.0,220.0,90.8,240.0,1.0,240.0,92.8,-1.0,37.61,38.68,38.13285714285714,37.95,1.0700000000000003,0.008745666168280325,6.862334482421645e-05,0.011266190263510455,-0.002378841607565115,-1.0,38.68,38.0,37.61,0.0,0.0,-1.0,38.083333333333336,15.0,10.0,13.0,11.428571428571429,13.0,3.0,0.07905694150420947,0.004381584458262194,-0.035506922733363165,0.008274231678486947,1.0,13.0,240.0,10.0,53.0,6.0,0.0,12.0,43.0,40.1,49.4,44.92857142857143,40.1,9.299999999999997,0.0568544224780226,-0.01788073069364355,-0.08794104510942416,-0.01950354609929096,-1.0,49.4,0.0,40.1,240.0,0.0,-1.0,43.300000000000004,-1.0,3.0,1.0,1.0,1.0,1.0,1.0,1.0,1.0,1.0,1.0,1.0,1.0,1.0,1.0,1.0,0.0,0.0,-1.0,-1.0,0.0,0.0,-1.0,0.0,-1.0,0.0,-1.0,0.0,-1.0,0.0,-1.0,0.0,-1.0,0.0,-1.0,0.0,-1.0,0.0,-1.0,0.0,-1.0,0.0,0.0,,,13.0,240.0,5.0,53.0,240.0,1.0,1.0,0.0,240.0,3.0,9.3,11.61,11.78,120.0,2.3099999999999987,0.2483870967741934,0.0,240.0,3.0,134.5,138.5,141.6,120.0,4.0,0.02973977695167286,0.0,240.0,3.0,4.65,4.82,4.82,240.0,0.16999999999999993,0.03655913978494622,0.0,240.0,3.0,19.9,18.7,19.9,0.0,-1.1999999999999993,-0.06030150753768841,0.0,240.0,3.0,50.5,63.1,63.1,120.0,12.600000000000001,0.24950495049504953,0.0,240.0,3.0,7.294,7.304,7.304,240.0,0.010000000000000675,0.001370989854675168,0.0,240.0,3.0,0.146,0.145,0.146,0.0,-0.0010000000000000009,-0.006849315068493157,0.0,240.0,3.0,4.5,2.3,4.5,0.0,-2.2,-0.48888888888888893,0.0,240.0,3.0,1044.9,857.4,1044.9,0.0,-187.5000000000001,-0.17944300890037335,0.0,240.0,3.0,36.2,20.6,36.2,0.0,-15.600000000000001,-0.430939226519337,0.0,240.0,3.0,5.51,11.17,11.17,240.0,5.66,1.0272232304900182,0.0,240.0,3.0,145.2,143.5,145.2,0.0,-1.6999999999999886,-0.011707988980716176,0.0,240.0,3.0,295.1,307.9,307.9,240.0,12.799999999999955,0.04337512707556745,1.0
E000818,3,2,0,1,65,9.0,68.5,94.7,83.45555555555556,80.6,26.200000000000003,0.0945863258066201,0.0004213107546428373,0.08799999999999962,-0.009301889622075855,1.0,94.7,207.0,68.5,140.0,0.0,-1.0,77.5,12.0,11.4,21.6,16.400000000000002,15.8,10.200000000000001,0.16577193905775353,0.021953259209232162,0.05599999999999993,-0.008247100579884046,-1.0,21.6,146.0,11.4,0.0,0.0,-1.0,17.05,94.0,104.7,132.9,121.77777777777777,125.8,28.200000000000003,0.06874284021538567,0.03474782545632566,-0.2820000000000003,-0.08831858628274376,1.0,132.9,164.0,104.7,50.0,0.0,-1.0,120.05,43.0,67.7,91.6,79.44444444444444,81.6,23.89999999999999,0.10069075332800262,0.037329402006155483,-0.10400000000000023,-0.07308663267346538,1.0,91.6,140.0,67.7,50.0,0.0,-1.0,76.44999999999999,24.0,94.8,99.0,97.28888888888889,97.1,4.200000000000003,0.012489925184552162,0.005490637790600341,-0.03600000000000022,-0.015008248350330183,1.0,99.0,129.0,94.8,50.0,0.0,-1.0,97.3,17.0,36.56,37.35,36.86555555555555,36.78,0.7899999999999991,0.006107256776503693,-0.0019292361107962873,0.005199999999999876,0.0006363727254548256,-1.0,37.35,50.0,36.56,129.0,0.0,-1.0,36.785,17.0,13.0,15.0,14.222222222222221,15.0,2.0,0.05524271728019902,0.0048794085785125165,0.019999999999999973,-0.0005748850229954465,0.0,15.0,129.0,13.0,0.0,0.0,-1.0,14.5,17.0,31.8,40.4,36.71111111111111,39.4,8.599999999999998,0.08412954795686044,0.0037226737255294114,-0.10599999999999998,0.03929589082183555,1.0,40.4,219.0,31.8,146.0,0.0,-1.0,39.9,73.0,0.0,0.0,0.0,0.0,0.0,0.0,0.0,0.0,0.0,0.0,0.0,0.0,0.0,0.0,0.0,1.0,1.0,115.0,115.0,0.0,0.0,-1.0,1.0,115.0,0.0,-1.0,0.0,-1.0,0.0,-1.0,0.0,-1.0,0.0,-1.0,0.0,-1.0,0.0,-1.0,0.0,-1.0,2.0,0.0,,,0.0,0.0,4.0,0.0,207.0,1.0,0.0,,,,,,,,,,,,,,,,,,,,,,,,,,,,,,,,,,,,,,,,,,,,,,,,,,,,,,,,,,,,,,,,,,,,,,,,,,,,,,,,,,,,,,,,,,,,,,,,,,,,,,,,,,,,,,,,,,,,,,
E001640,3,2,0,1,65,9.0,51.6,82.3,69.22222222222223,51.6,30.699999999999996,0.15718425076663967,-0.1275633013301604,0.0,-0.18003293713303722,-1.0,82.3,141.0,51.6,240.0,0.0,-1.0,51.6,-1.0,7.2,16.8,13.066666666666668,7.2,9.600000000000001,0.2357452051458759,-0.031396586449503563,0.0,-0.041410568523557206,-1.0,16.8,75.0,7.2,240.0,1.0,240.0,7.2,-1.0,119.5,133.7,125.96666666666667,124.7,14.199999999999989,0.0334783861513963,0.03124102810420791,0.0,0.012942861234426685,-1.0,133.7,179.0,119.5,0.0,0.0,-1.0,124.7,11.0,69.6,86.3,77.58888888888889,83.5,16.700000000000003,0.06895135030321826,0.022505471833023195,0.0,0.04795646570242019,1.0,86.3,153.0,69.6,190.0,0.0,-1.0,83.5,37.0,96.1,99.7,97.61111111111111,97.3,3.6000000000000085,0.00994958378299929,-0.001490358111685337,0.0,-0.00821137047114386,-1.0,99.7,153.0,96.1,191.0,0.0,-1.0,97.3,26.0,36.06,36.69,36.34111111111112,36.16,0.6299999999999955,0.00602930276941009,-0.0020587191817085606,0.0,-0.0015686667621365538,1.0,36.69,0.0,36.06,190.0,0.0,-1.0,36.16,1.0,13.0,15.0,14.222222222222221,13.0,2.0,0.044194173824159216,-0.002961066748175595,0.0,-0.008964628383216365,-1.0,15.0,75.0,13.0,240.0,0.0,-1.0,13.0,50.0,30.4,35.2,33.22222222222222,34.2,4.800000000000004,0.045930339532047906,-0.008010981873359151,0.0,-0.009623371043963809,1.0,35.2,125.0,30.4,190.0,0.0,-1.0,34.2,50.0,0.0,0.0,0.0,0.0,0.0,0.0,0.0,0.0,0.0,0.0,0.0,0.0,0.0,0.0,0.0,3.0,1.0,122.0,224.0,0.0,1.0,122.0,1.0,224.0,0.0,-1.0,0.0,-1.0,1.0,129.0,0.0,-1.0,0.0,-1.0,0.0,-1.0,0.0,-1.0,0.0,-1.0,4.0,0.0,,,1.0,0.0,4.0,240.0,190.0,0.0,0.0,,,,,,,,,,,,,,,,,,,,,,,,,,,,,,,,,,,,,,,,,,,,,,,,,,,,,,,,,,,,,,,,,,,,,,,,,,,,,,,,,,,,,,,,,,,,,,,,,,,,,,,,,,,,,,,,,,,,,,
E002190,3,2,0,1,65,9.0,76.5,120.3,99.43333333333332,120.3,43.8,0.15123429760506,0.0789875436086782,0.0,-0.006552541833202886,-1.0,120.3,240.0,76.5,149.0,0.0,-1.0,120.3,-1.0,13.8,21.1,18.51111111111111,14.4,7.300000000000001,0.13639061163720317,-0.015104293299106024,0.0,-0.0277033424666716,-1.0,21.1,125.0,13.8,149.0,0.0,-1.0,14.4,30.0,124.7,137.1,128.85555555555555,127.9,12.399999999999991,0.027758302296604937,0.016250982432134808,0.0,-0.0011027039709069993,-1.0,137.1,125.0,124.7,108.0,0.0,-1.0,127.9,1.0,71.6,84.7,78.9,78.9,13.100000000000009,0.05622261256914456,0.013577070740768077,0.0,-0.045278734404195956,-1.0,84.7,108.0,71.6,0.0,0.0,-1.0,78.9,71.0,94.1,96.9,95.52222222222223,96.5,2.8000000000000114,0.011497418907201667,0.004998671242868838,0.0,0.0029302095640301143,1.0,96.9,190.0,94.1,208.0,0.0,-1.0,96.5,18.0,37.11,37.74,37.35888888888889,37.36,0.6300000000000026,0.005783029284828437,9.420039919266777e-05,0.0,0.0007046077273070412,1.0,37.74,125.0,37.11,190.0,0.0,-1.0,37.36,1.0,12.0,14.0,12.777777777777779,12.0,2.0,0.0717061847933506,0.003624397111790888,0.0,0.0009133338360859408,-1.0,14.0,126.0,12.0,0.0,5.0,0.0,12.0,23.0,36.1,44.3,40.111111111111114,42.7,8.199999999999996,0.07585982706032525,0.006301984088840258,0.0,0.04201503230185277,1.0,44.3,179.0,36.1,190.0,0.0,-1.0,42.7,18.0,1.0,1.0,1.0,1.0,1.0,1.0,1.0,1.0,1.0,1.0,1.0,1.0,1.0,1.0,1.0,1.0,1.0,168.0,168.0,0.0,1.0,168.0,0.0,-1.0,0.0,-1.0,0.0,-1.0,0.0,-1.0,0.0,-1.0,0.0,-1.0,0.0,-1.0,0.0,-1.0,0.0,-1.0,4.0,0.0,48.0,,5.0,125.0,4.0,0.0,190.0,1.0,0.0,120.0,120.0,1.0,10.3,10.3,10.3,120.0,0.0,0.0,120.0,120.0,1.0,142.3,142.3,142.3,120.0,0.0,0.0,120.0,120.0,1.0,3.74,3.74,3.74,120.0,0.0,0.0,120.0,120.0,1.0,23.0,23.0,23.0,120.0,0.0,0.0,120.0,120.0,1.0,44.6,44.6,44.6,120.0,0.0,0.0,120.0,120.0,1.0,7.395,7.395,7.395,120.0,0.0,0.0,120.0,120.0,1.0,0.039,0.039,0.039,120.0,0.0,0.0,120.0,120.0,1.0,1.36,1.36,1.36,120.0,0.0,0.0,120.0,120.0,1.0,649.4,649.4,649.4,120.0,0.0,0.0,120.0,120.0,1.0,4.1,4.1,4.1,120.0,0.0,0.0,120.0,120.0,1.0,1.74,1.74,1.74,120.0,0.0,0.0,120.0,120.0,1.0,123.0,123.0,123.0,120.0,0.0,0.0,120.0,120.0,1.0,295.0,295.0,295.0,120.0,0.0,0.0,1.0
E000457,2,1,0,1,43,6.0,51.4,82.9,69.86666666666666,73.8,31.500000000000007,0.15446893676108855,-0.053522603057664486,0.0,0.010815890529504128,1.0,82.9,0.0,51.4,152.0,0.0,-1.0,73.8,15.0,7.8,15.5,10.966666666666667,7.8,7.7,0.22389479465900178,0.0017878801491397354,0.0,-0.01481827032289466,-1.0,15.5,152.0,7.8,240.0,1.0,240.0,7.8,15.0,109.5,144.6,124.61666666666667,118.5,35.099999999999994,0.09698984589255204,-0.056959106359403024,0.0,0.07325707177240526,1.0,144.6,0.0,109.5,86.0,0.0,-1.0,118.5,81.0,70.3,87.8,77.33333333333333,85.9,17.5,0.08903236094856805,-0.005276791997963626,0.0,0.09380712856292954,1.0,87.8,0.0,70.3,102.0,0.0,-1.0,85.9,138.0,97.3,99.5,98.05,97.4,2.200000000000003,0.008827579243650375,-0.007982570414626607,0.0,-0.008425279896154334,-1.0,99.5,86.0,97.3,102.0,0.0,-1.0,97.4,-1.0,36.23,36.84,36.5,36.4,0.6100000000000065,0.005224670224799243,-0.0015731548447959173,0.0,-0.002339363946130079,-1.0,36.84,86.0,36.23,167.0,0.0,-1.0,36.4,-1.0,13.0,15.0,14.333333333333334,13.0,2.0,0.05200158087208813,-0.0070676669212224675,0.0,-0.00922169938882576,-1.0,15.0,0.0,13.0,240.0,0.0,-1.0,13.0,-1.0,30.3,36.5,33.31666666666667,31.6,6.199999999999999,0.07476522213557162,-0.005997035173622096,0.0,-0.03693817945805606,-1.0,36.5,102.0,30.3,167.0,0.0,-1.0,31.6,65.0,0.0,0.0,0.0,0.0,0.0,0.0,0.0,0.0,0.0,0.0,0.0,0.0,0.0,0.0,0.0,2.0,1.0,57.0,88.0,1.0,1.0,57.0,1.0,88.0,0.0,-1.0,0.0,-1.0,0.0,-1.0,0.0,-1.0,0.0,-1.0,0.0,-1.0,0.0,-1.0,0.0,-1.0,4.0,0.0,,,1.0,0.0,1.0,240.0,240.0,0.0,0.0,,,,,,,,,,,,,,,,,,,,,,,,,,,,,,,,,,,,,,,,,,,,,,,,,,,,,,,,,,,,,,,,,,,,,,,,,,,,,,,,,,,,,,,,,,,,,,,,,,,,,,,,,,,,,,,,,,,,,,
E002070,1,0,0,1,38,9.0,71.5,102.0,87.04444444444445,95.1,30.5,0.10784963954573289,-0.04634987659460599,-0.34378698224852133,-0.03542628885282768,1.0,102.0,0.0,71.5,222.0,0.0,-1.0,86.66666666666667,18.0,8.9,19.2,14.722222222222221,10.0,10.299999999999999,0.2454443591290423,-0.021603378036813507,0.061538461538461486,-0.025839470727749288,-1.0,19.2,222.0,8.9,192.0,0.0,-1.0,14.366666666666667,26.0,112.2,148.8,129.66666666666666,112.2,36.60000000000001,0.0911491419818095,-0.031521900740432617,-0.39230769230769286,-0.2317220072400445,1.0,148.8,109.0,112.2,240.0,0.0,-1.0,124.0,-1.0,66.8,89.4,78.28888888888889,80.2,22.60000000000001,0.097893546487617,0.012050611079722764,0.2535502958579883,-0.017426039196105633,-1.0,89.4,39.0,66.8,0.0,0.0,-1.0,79.26666666666667,13.0,96.0,99.1,97.35555555555555,98.0,3.0999999999999943,0.009440354131435819,0.0015388503969786444,0.027218934911241912,0.004921358132567939,-1.0,99.1,222.0,96.0,218.0,0.0,-1.0,97.7,-1.0,36.48,37.18,36.82444444444444,36.9,0.7000000000000028,0.005470425892660493,-0.001321478485830767,0.00349112426035472,0.0006285107976532315,1.0,37.18,39.0,36.48,192.0,0.0,-1.0,36.75333333333333,5.0,13.0,15.0,13.777777777777779,14.0,2.0,0.04561979233461597,0.004460435933271853,-0.020710059171597725,0.010204718512045947,1.0,15.0,218.0,13.0,39.0,0.0,-1.0,14.333333333333334,153.0,31.0,42.7,37.31111111111111,38.9,11.700000000000003,0.08814670089408637,-0.006238663058669613,0.03313609467455598,-0.05988640619148668,1.0,42.7,109.0,31.0,222.0,0.0,-1.0,34.56666666666666,83.0,1.0,1.0,1.0,1.0,1.0,1.0,1.0,1.0,1.0,1.0,1.0,1.0,1.0,1.0,1.0,1.0,1.0,160.0,160.0,0.0,0.0,-1.0,1.0,160.0,0.0,-1.0,0.0,-1.0,0.0,-1.0,0.0,-1.0,0.0,-1.0,0.0,-1.0,0.0,-1.0,0.0,-1.0,2.0,0.0,160.0,,0.0,0.0,5.0,39.0,192.0,1.0,0.0,0.0,0.0,1.0,5.35,5.35,5.35,0.0,0.0,0.0,0.0,0.0,1.0,140.8,140.8,140.8,0.0,0.0,0.0,0.0,0.0,1.0,3.77,3.77,3.77,0.0,0.0,0.0,0.0,0.0,1.0,22.1,22.1,22.1,0.0,0.0,0.0,0.0,0.0,1.0,47.8,47.8,47.8,0.0,0.0,0.0,0.0,0.0,1.0,7.322,7.322,7.322,0.0,0.0,0.0,0.0,0.0,1.0,0.002,0.002,0.002,0.0,0.0,0.0,0.0,0.0,1.0,0.5,0.5,0.5,0.0,0.0,0.0,0.0,0.0,1.0,355.0,355.0,355.0,0.0,0.0,0.0,0.0,0.0,1.0,9.8,9.8,9.8,0.0,0.0,0.0,0.0,0.0,1.0,2.2,2.2,2.2,0.0,0.0,0.0,0.0,0.0,1.0,101.6,101.6,101.6,0.0,0.0,0.0,0.0,0.0,1.0,292.2,292.2,292.2,0.0,0.0,0.0,1.0
E000749,4,3,0,0,74,8.0,66.0,101.5,80.1625,66.0,35.5,0.14540331315827917,-0.12581993302940603,0.0,-0.1000421990046858,-1.0,101.5,0.0,66.0,240.0,0.0,-1.0,74.15,-1.0,7.7,17.8,14.137500000000001,12.1,10.100000000000001,0.2071891799553456,-0.016986722922726905,0.0,-0.04581502284566809,-1.0,17.8,78.0,7.7,220.0,1.0,220.0,9.9,20.0,120.1,139.5,128.9375,131.6,19.400000000000006,0.0425185055977036,-0.02110886860803375,0.0,-0.025392159715957336,1.0,139.5,123.0,120.1,171.0,0.0,-1.0,129.4,23.0,75.9,88.2,81.1875,82.8,12.299999999999997,0.04949692123355313,-0.013943643074709699,0.0,-0.0030667035301653093,1.0,88.2,171.0,75.9,123.0,0.0,-1.0,80.44999999999999,14.0,95.7,98.8,97.05,95.7,3.0999999999999943,0.011554694225659854,-0.0025954673525490418,0.0,-0.013826722155932713,-1.0,98.8,137.0,95.7,240.0,0.0,-1.0,95.95,34.0,36.41,36.83,36.64625,36.76,0.4200000000000017,0.003984731552860011,0.0007413296489039008,0.0,0.0006695817933120473,1.0,36.83,137.0,36.41,78.0,0.0,-1.0,36.61,83.0,13.0,15.0,14.25,15.0,2.0,0.04641668966779984,-0.002460726856464255,0.0,0.0008585314746369085,1.0,15.0,0.0,13.0,194.0,0.0,-1.0,14.5,26.0,31.4,39.0,35.5,33.3,7.600000000000001,0.06934385140896436,-0.013579101520683553,0.0,-0.0006671808154594578,-1.0,39.0,0.0,31.4,123.0,0.0,-1.0,35.05,71.0,0.0,0.0,0.0,0.0,0.0,0.0,0.0,0.0,0.0,0.0,0.0,0.0,0.0,0.0,0.0,1.0,1.0,227.0,227.0,0.0,1.0,227.0,0.0,-1.0,0.0,-1.0,0.0,-1.0,0.0,-1.0,0.0,-1.0,0.0,-1.0,0.0,-1.0,0.0,-1.0,0.0,-1.0,4.0,0.0,,,1.0,20.0,4.0,194.0,194.0,1.0,0.0,,,,,,,,,,,,,,,,,,,,,,,,,,,,,,,,,,,,,,,,,,,,,,,,,,,,,,,,,,,,,,,,,,,,,,,,,,,,,,,,,,,,,,,,,,,,,,,,,,,,,,,,,,,,,,,,,,,,,,
E001401,0,6,1,0,41,6.0,72.7,101.1,81.95,77.3,28.39999999999999,0.11528623493393593,-0.035897689584417546,0.2347156398104269,0.0054687017240313785,1.0,101.1,58.0,72.7,32.0,0.0,-1.0,77.3,36.0,12.6,20.6,16.933333333333334,19.7,8.000000000000002,0.15837589831110774,0.007868576025190453,0.054146919431279736,0.04799789902984611,1.0,20.6,58.0,12.6,94.0,0.0,-1.0,19.7,59.0,110.3,129.6,120.68333333333332,111.9,19.299999999999997,0.05913318214792163,-0.03916350137007508,-0.08092417061611361,-0.07953407897176033,1.0,129.6,0.0,110.3,32.0,0.0,-1.0,111.9,26.0,72.6,90.2,79.80000000000001,83.1,17.60000000000001,0.07641028180163481,-0.005605908744821692,-0.07902843601895668,0.019217697583884356,-1.0,90.2,32.0,72.6,153.0,0.0,-1.0,83.1,26.0,94.8,100.0,97.59999999999998,100.0,5.200000000000003,0.01637208307951761,0.017150673853288143,0.05367298578199101,0.011490452944447777,1.0,100.0,240.0,94.8,0.0,0.0,-1.0,100.0,-1.0,36.73,37.1,36.828333333333326,37.1,0.37000000000000455,0.0033491766506002657,0.0012696316498114334,-5.9241706160942354e-05,0.0021769758388432868,1.0,37.1,240.0,36.73,32.0,0.0,-1.0,37.1,-1.0,14.0,15.0,14.666666666666666,15.0,1.0,0.03214121732666125,-0.0004817846680632738,-0.016587677725118346,0.0008651053574738821,1.0,15.0,0.0,14.0,58.0,0.0,-1.0,15.0,36.0,32.6,40.2,35.18333333333333,36.8,7.600000000000001,0.07466744096140861,0.00396999169781787,0.12310426540284393,0.02136810232960513,1.0,40.2,58.0,32.6,153.0,0.0,-1.0,36.8,36.0,1.0,1.0,1.0,1.0,1.0,1.0,1.0,1.0,1.0,1.0,1.0,1.0,1.0,1.0,1.0,1.0,1.0,113.0,113.0,0.0,0.0,-1.0,1.0,113.0,0.0,-1.0,0.0,-1.0,0.0,-1.0,0.0,-1.0,0.0,-1.0,0.0,-1.0,0.0,-1.0,0.0,-1.0,2.0,0.0,-127.0,,0.0,0.0,4.0,58.0,240.0,0.0,0.0,240.0,240.0,1.0,4.5,4.5,4.5,240.0,0.0,0.0,240.0,240.0,1.0,138.8,138.8,138.8,240.0,0.0,0.0,240.0,240.0,1.0,4.11,4.11,4.11,240.0,0.0,0.0,240.0,240.0,1.0,25.3,25.3,25.3,240.0,0.0,0.0,240.0,240.0,1.0,14.5,14.5,14.5,240.0,0.0,0.0,240.0,240.0,1.0,7.406,7.406,7.406,240.0,0.0,0.0,240.0,240.0,1.0,0.012,0.012,0.012,240.0,0.0,0.0,240.0,240.0,1.0,1.22,1.22,1.22,240.0,0.0,0.0,240.0,240.0,1.0,135.6,135.6,135.6,240.0,0.0,0.0,240.0,240.0,1.0,6.0,6.0,6.0,240.0,0.0,0.0,240.0,240.0,1.0,0.17,0.17,0.17,240.0,0.0,0.0,240.0,240.0,1.0,102.0,102.0,102.0,240.0,0.0,0.0,240.0,240.0,1.0,291.3,291.3,291.3,240.0,0.0,0.0,1.0
E000841,4,3,0,0,74,7.0,67.7,96.6,82.25714285714285,81.1,28.89999999999999,0.09638998147776995,-0.052699285542265384,-0.1344827586206903,-0.08563161950231919,1.0,96.6,62.0,67.7,217.0,0.0,-1.0,74.4,23.0,8.7,16.2,11.185714285714285,9.1,7.5,0.2551275373882988,-0.0102030986593883,0.24482758620689637,-0.009076555819118547,-1.0,16.2,29.0,8.7,62.0,0.0,-1.0,9.7,33.0,119.7,130.8,125.74285714285715,129.3,11.100000000000009,0.027354436800993337,0.019236172433169794,0.1344827586206891,-0.005105987580642333,1.0,130.8,85.0,119.7,0.0,0.0,-1.0,126.7,132.0,70.4,89.1,79.10000000000001,79.9,18.69999999999999,0.07199887085954312,0.022049851489122498,0.09999999999999934,-0.029480864822397014,-1.0,89.1,85.0,70.4,0.0,0.0,-1.0,79.55000000000001,17.0,96.0,98.9,97.65714285714286,96.6,2.9000000000000057,0.010526378184614434,-0.009841855984587115,-0.006896551724138632,-0.01226071585054444,1.0,98.9,62.0,96.0,217.0,0.0,-1.0,96.3,-1.0,36.27,37.06,36.597142857142856,36.33,0.7899999999999991,0.007159288469274093,-0.00087581279601831,0.015517241379310093,-0.0028724674029643005,-1.0,37.06,102.0,36.27,0.0,0.0,-1.0,36.355000000000004,115.0,13.0,14.0,13.857142857142858,14.0,1.0,0.025252471575084305,0.0008629686120253693,-1.172526328825574e-16,0.00299152401529001,0.0,14.0,0.0,13.0,62.0,0.0,-1.0,14.0,23.0,27.5,42.2,34.41428571428572,34.9,14.700000000000003,0.11927750951779169,-0.020065023681464345,-0.07586206896551749,-0.02999607173614153,1.0,42.2,85.0,27.5,217.0,1.0,217.0,31.2,23.0,0.0,0.0,0.0,0.0,0.0,0.0,0.0,0.0,0.0,0.0,0.0,0.0,0.0,0.0,0.0,3.0,1.0,10.0,191.0,1.0,0.0,-1.0,1.0,171.0,0.0,-1.0,0.0,-1.0,1.0,10.0,0.0,-1.0,0.0,-1.0,0.0,-1.0,0.0,-1.0,0.0,-1.0,3.0,0.0,,,1.0,23.0,5.0,62.0,217.0,1.0,0.0,,,,,,,,,,,,,,,,,,,,,,,,,,,,,,,,,,,,,,,,,,,,,,,,,,,,,,,,,,,,,,,,,,,,,,,,,,,,,,,,,,,,,,,,,,,,,,,,,,,,,,,,,,,,,,,,,,,,,,
E001261,3,2,0,1,65,6.0,65.5,100.8,78.73333333333333,66.2,35.3,0.15084514185911005,-0.13448875045694192,0.0,-0.07952477249747215,1.0,100.8,0.0,65.5,165.0,0.0,-1.0,66.2,-1.0,8.1,18.8,14.266666666666666,12.3,10.700000000000001,0.25590245925407606,-0.03450527549237089,0.0,-0.041028587186322296,-1.0,18.8,82.0,8.1,157.0,0.0,-1.0,12.3,-1.0,125.9,135.4,129.04999999999998,135.4,9.5,0.024153608310871866,0.02584665768639522,0.0,0.03546281827373822,1.0,135.4,240.0,125.9,165.0,0.0,-1.0,135.4,-1.0,66.9,86.7,77.39999999999999,77.9,19.799999999999997,0.09469206049459306,0.06588681853007321,0.0,0.0617611912859638,-1.0,86.7,165.0,66.9,82.0,0.0,-1.0,77.9,-1.0,96.1,99.4,97.69999999999999,97.9,3.3000000000000114,0.011863076527269709,-0.002848315197523995,0.0,0.00705947237797588,1.0,99.4,135.0,96.1,82.0,0.0,-1.0,97.9,53.0,36.44,37.08,36.663333333333334,36.44,0.6400000000000006,0.006030775143841099,-0.0006296539256973012,0.0,-0.0037932408003187785,-1.0,37.08,82.0,36.44,240.0,0.0,-1.0,36.44,53.0,13.0,15.0,14.333333333333334,15.0,2.0,0.06577737499409744,0.005688618256658873,0.0,-0.0014094432699083936,0.0,15.0,82.0,13.0,0.0,0.0,-1.0,15.0,83.0,30.7,39.3,35.21666666666666,30.7,8.599999999999998,0.08258230870863739,-0.03194689955282237,0.0,-0.032715935900971396,1.0,39.3,0.0,30.7,240.0,0.0,-1.0,30.7,-1.0,0.0,0.0,0.0,0.0,0.0,0.0,0.0,0.0,0.0,0.0,0.0,0.0,0.0,0.0,0.0,2.0,1.0,146.0,150.0,0.0,0.0,-1.0,0.0,-1.0,1.0,150.0,1.0,146.0,0.0,-1.0,0.0,-1.0,0.0,-1.0,0.0,-1.0,0.0,-1.0,0.0,-1.0,7.0,0.0,,,0.0,0.0,3.0,0.0,240.0,0.0,1.0,,,,,,,,,,,,,,,,,,,,,,,,,,,,,,,,,,,,,,,,,,,,,,,,,,,,,,,,,,,,,,,,,,,,,,,,,,,,,,,,,,,,,,,,,,,,,,,,,,,,,,,,,,,,,,,,,,,,,,
E000444,0,6,1,0,41,9.0,47.6,84.9,67.9,76.1,37.300000000000004,0.17882358408827823,-0.07302450065000449,0.3767441860465119,-0.0400072934345063,-1.0,84.9,22.0,47.6,199.0,0.0,-1.0,69.55,10.0,7.9,14.4,10.044444444444444,8.4,6.5,0.2181252125462429,-0.01281693565734632,0.1576411960132892,-0.005907681950152146,-1.0,14.4,40.0,7.9,188.0,1.0,188.0,8.7,59.0,118.8,145.4,136.65555555555557,136.7,26.60000000000001,0.06717666359084719,0.021965164745750037,0.6000000000000013,-0.027844088811590496,-1.0,145.4,216.0,118.8,0.0,0.0,-1.0,141.05,-1.0,65.1,87.3,76.13333333333334,79.5,22.200000000000003,0.08889749019426614,0.014877153821932861,0.3609634551495022,0.04325427437339617,-1.0,87.3,199.0,65.1,209.0,0.0,-1.0,80.3,10.0,94.4,98.1,96.78888888888889,97.4,3.6999999999999886,0.012003876567254991,-0.0017188488840810775,-0.0200996677740858,-0.009913460594414305,1.0,98.1,99.0,94.4,216.0,0.0,-1.0,95.9,24.0,36.07,36.68,36.346666666666664,36.68,0.6099999999999994,0.005942037308483161,-0.00024587940779445614,0.0017109634551497892,-0.0013024390928088145,1.0,36.68,240.0,36.07,216.0,0.0,-1.0,36.375,-1.0,13.0,15.0,14.11111111111111,14.0,2.0,0.04014975994954949,-0.004219573709265629,-0.024086378737541336,0.00032259421855061044,0.0,15.0,0.0,13.0,188.0,0.0,-1.0,14.0,11.0,26.5,32.5,29.399999999999995,31.3,6.0,0.06838530090703052,-0.0031859574083368766,-0.10240863787375387,0.03101953798897577,1.0,32.5,0.0,26.5,99.0,5.0,40.0,29.6,100.0,0.0,0.0,0.0,0.0,0.0,0.0,0.0,0.0,0.0,0.0,0.0,0.0,0.0,0.0,0.0,1.0,1.0,154.0,154.0,0.0,1.0,154.0,0.0,-1.0,0.0,-1.0,0.0,-1.0,0.0,-1.0,0.0,-1.0,0.0,-1.0,0.0,-1.0,0.0,-1.0,0.0,-1.0,4.0,0.0,,,6.0,169.0,4.0,188.0,188.0,1.0,0.0,,,,,,,,,,,,,,,,,,,,,,,,,,,,,,,,,,,,,,,,,,,,,,,,,,,,,,,,,,,,,,,,,,,,,,,,,,,,,,,,,,,,,,,,,,,,,,,,,,,,,,,,,,,,,,,,,,,,,,
E000859,4,3,0,0,74,7.0,77.1,93.9,88.77142857142857,77.1,16.80000000000001,0.06047085364678449,-0.049751949172130196,-0.11312154696132441,-0.12073662966700313,-1.0,93.9,0.0,77.1,240.0,0.0,-1.0,77.1,-1.0,13.5,20.5,17.12857142857143,20.5,7.0,0.17247658025720833,0.008562827328436239,0.1964088397790057,0.07093844601412713,-1.0,20.5,240.0,13.5,0.0,0.0,-1.0,20.5,-1.0,112.2,137.2,123.38571428571429,119.2,24.999999999999986,0.05784715294885661,-0.020632755111819938,0.04627071823204605,-0.132526067944837,1.0,137.2,141.0,112.2,180.0,0.0,-1.0,119.2,10.0,68.6,95.3,80.24285714285713,73.0,26.700000000000003,0.10418265710014114,-0.010030273476037738,-0.0970994475138111,-0.1486377396569122,1.0,95.3,151.0,68.6,22.0,0.0,-1.0,73.0,8.0,94.1,98.8,96.72857142857143,95.9,4.700000000000003,0.013878020925515894,-0.009013828833653528,0.02831491712707184,0.002320887991927181,-1.0,98.8,30.0,94.1,151.0,0.0,-1.0,95.9,29.0,36.83,37.27,37.037142857142854,37.21,0.44000000000000483,0.004246350056166921,0.0004130328159970824,-0.0011325966850826564,0.0027632021527076184,-1.0,37.27,22.0,36.83,30.0,0.0,-1.0,37.21,8.0,12.0,15.0,13.714285714285714,13.0,3.0,0.07511565157216644,-0.0018096435396852911,-0.08839779005524848,-0.012108980827447026,0.0,15.0,0.0,12.0,30.0,1.0,30.0,13.0,111.0,35.3,43.0,37.91428571428571,37.5,7.700000000000003,0.06285051834813278,-0.00818877795504635,0.15317679558011085,-0.005028590649176044,-1.0,43.0,22.0,35.3,0.0,0.0,-1.0,37.5,8.0,1.0,1.0,1.0,1.0,1.0,1.0,1.0,1.0,1.0,1.0,1.0,1.0,1.0,1.0,1.0,1.0,1.0,124.0,124.0,0.0,0.0,-1.0,0.0,-1.0,0.0,-1.0,0.0,-1.0,1.0,124.0,0.0,-1.0,0.0,-1.0,0.0,-1.0,0.0,-1.0,0.0,-1.0,3.0,0.0,4.0,,1.0,111.0,4.0,30.0,180.0,1.0,0.0,120.0,120.0,1.0,9.34,9.34,9.34,120.0,0.0,0.0,120.0,120.0,1.0,140.3,140.3,140.3,120.0,0.0,0.0,120.0,120.0,1.0,4.23,4.23,4.23,120.0,0.0,0.0,120.0,120.0,1.0,22.0,22.0,22.0,120.0,0.0,0.0,120.0,120.0,1.0,35.1,35.1,35.1,120.0,0.0,0.0,120.0,120.0,1.0,7.351,7.351,7.351,120.0,0.0,0.0,120.0,120.0,1.0,0.0,0.0,0.0,120.0,0.0,0.0,120.0,120.0,1.0,1.89,1.89,1.89,120.0,0.0,0.0,120.0,120.0,1.0,65.8,65.8,65.8,120.0,0.0,0.0,120.0,120.0,1.0,11.5,11.5,11.5,120.0,0.0,0.0,120.0,120.0,1.0,0.1,0.1,0.1,120.0,0.0,0.0,120.0,120.0,1.0,90.6,90.6,90.6,120.0,0.0,0.0,120.0,120.0,1.0,292.6,292.6,292.6,120.0,0.0,0.0,1.0
E001012,0,6,1,0,41,9.0,78.8,128.0,101.51111111111112,114.4,49.2,0.15423347229246184,0.03262079530010669,-0.6102657444484908,0.15949751574034948,1.0,128.0,28.0,78.8,35.0,0.0,-1.0,108.9,138.0,16.0,25.2,19.533333333333335,18.9,9.2,0.14532197171360933,-0.012540082341174217,-0.07644703312704795,0.0030535272463942495,-1.0,25.2,22.0,16.0,95.0,1.0,22.0,19.049999999999997,133.0,108.2,144.4,120.4888888888889,144.4,36.2,0.10270743263661032,0.050686841029696665,0.007426283218055026,0.05438517088085598,1.0,144.4,240.0,108.2,35.0,0.0,-1.0,128.55,-1.0,69.2,87.4,77.57777777777778,79.7,18.200000000000003,0.07960448648627848,0.010568612660869446,0.3256643611212229,-0.02877617524591172,1.0,87.4,173.0,69.2,228.0,0.0,-1.0,74.45,55.0,92.8,96.4,94.66666666666669,94.1,3.6000000000000085,0.010349956659647256,0.002817643208182378,0.0012377138696758622,-0.008472632912920356,1.0,96.4,95.0,92.8,22.0,0.0,-1.0,94.8,78.0,36.96,37.66,37.34888888888889,37.35,0.6999999999999957,0.00460723762303942,-0.0012989004562325866,0.005012741172187168,-0.001097399070665634,1.0,37.66,35.0,36.96,228.0,0.0,-1.0,37.155,12.0,12.0,14.0,13.11111111111111,13.0,2.0,0.04321202977621004,0.0021166799028387406,-0.0010921004732437228,-0.003329109086154539,1.0,14.0,92.0,12.0,22.0,1.0,22.0,13.0,6.0,37.3,47.0,40.97777777777778,40.7,9.700000000000003,0.0709034364638572,-0.006775369422116444,0.06610848198034167,0.004612475610001386,1.0,47.0,28.0,37.3,173.0,0.0,-1.0,41.35,7.0,1.0,1.0,1.0,1.0,1.0,1.0,1.0,1.0,1.0,1.0,1.0,1.0,1.0,1.0,1.0,2.0,1.0,57.0,113.0,1.0,1.0,57.0,1.0,113.0,0.0,-1.0,0.0,-1.0,0.0,-1.0,0.0,-1.0,0.0,-1.0,0.0,-1.0,0.0,-1.0,0.0,-1.0,4.0,0.0,-183.0,,2.0,6.0,5.0,22.0,228.0,1.0,0.0,240.0,240.0,1.0,7.05,7.05,7.05,240.0,0.0,0.0,240.0,240.0,1.0,138.8,138.8,138.8,240.0,0.0,0.0,240.0,240.0,1.0,4.07,4.07,4.07,240.0,0.0,0.0,240.0,240.0,1.0,21.8,21.8,21.8,240.0,0.0,0.0,240.0,240.0,1.0,32.4,32.4,32.4,240.0,0.0,0.0,240.0,240.0,1.0,7.334,7.334,7.334,240.0,0.0,0.0,240.0,240.0,1.0,0.037,0.037,0.037,240.0,0.0,0.0,240.0,240.0,1.0,2.14,2.14,2.14,240.0,0.0,0.0,240.0,240.0,1.0,490.4,490.4,490.4,240.0,0.0,0.0,240.0,240.0,1.0,17.1,17.1,17.1,240.0,0.0,0.0,240.0,240.0,1.0,0.1,0.1,0.1,240.0,0.0,0.0,240.0,240.0,1.0,77.1,77.1,77.1,240.0,0.0,0.0,240.0,240.0,1.0,285.7,285.7,285.7,240.0,0.0,0.0,1.0
E000803,1,0,0,1,38,9.0,75.4,93.1,85.01111111111112,80.5,17.69999999999999,0.0678386769826861,-0.03087843619730388,-0.09058219178082172,-0.00012558511245579023,-1.0,93.1,0.0,75.4,173.0,0.0,-1.0,86.75,40.0,12.6,22.6,17.466666666666665,18.4,10.000000000000002,0.1459642990532286,-0.013201286673104726,0.010616438356164387,-0.04014727708642542,1.0,22.6,68.0,12.6,213.0,0.0,-1.0,15.5,27.0,103.5,140.1,127.04444444444442,126.1,36.599999999999994,0.08458919409657631,0.06349150981328773,0.053253424657533945,0.041814134033565147,1.0,140.1,213.0,103.5,28.0,0.0,-1.0,133.1,28.0,63.1,91.8,79.75555555555556,84.1,28.699999999999996,0.09142390769844724,0.05249928689992165,-0.11969178082191806,0.03123644251626891,-1.0,91.8,213.0,63.1,56.0,0.0,-1.0,87.94999999999999,4.0,94.2,97.5,96.21111111111111,97.1,3.299999999999997,0.010445011252657344,0.00600670829567339,0.014383561643834988,0.016651444228793326,1.0,97.5,173.0,94.2,68.0,0.0,-1.0,97.15,105.0,36.52,37.14,36.95,36.95,0.6199999999999974,0.004747928684507245,-0.0007992219476739808,-0.0005136986301369119,-0.0006930014841876573,1.0,37.14,56.0,36.52,213.0,0.0,-1.0,36.735,27.0,12.0,15.0,13.555555555555555,14.0,3.0,0.06133864568481871,-0.0015069608877494956,-0.03595890410958906,0.005537161776458504,1.0,15.0,0.0,12.0,60.0,1.0,60.0,14.0,153.0,34.8,41.9,38.2,37.6,7.100000000000001,0.054521812746294265,-0.007624156737678992,-0.05821917808219188,-0.0017353579175705225,1.0,41.9,0.0,34.8,213.0,0.0,-1.0,36.2,-1.0,1.0,1.0,1.0,1.0,1.0,1.0,1.0,1.0,1.0,1.0,1.0,1.0,1.0,1.0,1.0,4.0,1.0,58.0,156.0,1.0,1.0,58.0,1.0,156.0,0.0,-1.0,1.0,83.0,1.0,139.0,0.0,-1.0,0.0,-1.0,0.0,-1.0,0.0,-1.0,0.0,-1.0,5.0,0.0,-62.0,,1.0,8.0,4.0,60.0,196.0,1.0,0.0,120.0,120.0,1.0,8.82,8.82,8.82,120.0,0.0,0.0,120.0,120.0,1.0,141.0,141.0,141.0,120.0,0.0,0.0,120.0,120.0,1.0,4.05,4.05,4.05,120.0,0.0,0.0,120.0,120.0,1.0,18.9,18.9,18.9,120.0,0.0,0.0,120.0,120.0,1.0,31.0,31.0,31.0,120.0,0.0,0.0,120.0,120.0,1.0,7.382,7.382,7.382,120.0,0.0,0.0,120.0,120.0,1.0,0.039,0.039,0.039,120.0,0.0,0.0,120.0,120.0,1.0,1.64,1.64,1.64,120.0,0.0,0.0,120.0,120.0,1.0,270.9,270.9,270.9,120.0,0.0,0.0,120.0,120.0,1.0,16.2,16.2,16.2,120.0,0.0,0.0,120.0,120.0,1.0,10.03,10.03,10.03,120.0,0.0,0.0,120.0,120.0,1.0,115.1,115.1,115.1,120.0,0.0,0.0,120.0,120.0,1.0,295.3,295.3,295.3,120.0,0.0,0.0,1.0
E002114,4,3,0,0,74,8.0,69.6,100.1,84.29999999999998,100.1,30.5,0.10643650262619223,0.026646176286726324,0.14847051403342804,0.02015622518373071,1.0,100.1,240.0,69.6,205.0,0.0,-1.0,100.1,-1.0,10.6,17.9,15.1375,16.5,7.299999999999999,0.14499387694676963,-0.007717753698687226,0.025922421948911988,-0.01995841695664101,1.0,17.9,66.0,10.6,205.0,0.0,-1.0,16.5,35.0,109.1,128.8,122.8375,126.3,19.700000000000017,0.054274013318711165,-0.01903782037924561,-0.11005991800693729,-0.054628279357195456,1.0,128.8,66.0,109.1,205.0,0.0,-1.0,126.3,35.0,66.9,85.5,76.5,70.9,18.599999999999994,0.08875422325107424,-0.018043689657567395,0.3616524755597605,0.030540435178099526,-1.0,85.5,33.0,66.9,148.0,0.0,-1.0,70.9,33.0,95.5,97.9,96.7625,96.4,2.4000000000000057,0.0075579912033639386,-0.003321004375911548,0.028350678019552805,-0.003823329819951157,1.0,97.9,33.0,95.5,205.0,0.0,-1.0,96.4,33.0,36.56,37.4,36.93125,37.11,0.8399999999999963,0.006574885329699406,-0.0002471869139403918,-0.0011321349731941764,-0.0018657502996000787,1.0,37.4,66.0,36.56,148.0,0.0,-1.0,37.11,82.0,13.0,15.0,14.375,14.0,2.0,0.04841534228547845,0.0012763075640758567,-0.02554399243140955,0.0013572243318558086,1.0,15.0,0.0,13.0,30.0,0.0,-1.0,14.0,3.0,32.6,41.1,36.775000000000006,36.0,8.5,0.07246592340311878,-0.009198096825727517,0.22431409649952677,0.001332678785428602,-1.0,41.1,33.0,32.6,0.0,0.0,-1.0,36.0,33.0,1.0,1.0,1.0,1.0,1.0,1.0,1.0,1.0,1.0,1.0,1.0,1.0,1.0,1.0,1.0,1.0,1.0,131.0,131.0,0.0,1.0,131.0,0.0,-1.0,0.0,-1.0,0.0,-1.0,0.0,-1.0,0.0,-1.0,0.0,-1.0,0.0,-1.0,0.0,-1.0,0.0,-1.0,4.0,0.0,-109.0,,0.0,0.0,4.0,30.0,205.0,0.0,0.0,240.0,240.0,1.0,3.57,3.57,3.57,240.0,0.0,0.0,240.0,240.0,1.0,142.7,142.7,142.7,240.0,0.0,0.0,240.0,240.0,1.0,3.74,3.74,3.74,240.0,0.0,0.0,240.0,240.0,1.0,26.2,26.2,26.2,240.0,0.0,0.0,240.0,240.0,1.0,26.8,26.8,26.8,240.0,0.0,0.0,240.0,240.0,1.0,7.378,7.378,7.378,240.0,0.0,0.0,240.0,240.0,1.0,0.026,0.026,0.026,240.0,0.0,0.0,240.0,240.0,1.0,2.21,2.21,2.21,240.0,0.0,0.0,240.0,240.0,1.0,317.7,317.7,317.7,240.0,0.0,0.0,240.0,240.0,1.0,13.6,13.6,13.6,240.0,0.0,0.0,240.0,240.0,1.0,0.1,0.1,0.1,240.0,0.0,0.0,240.0,240.0,1.0,112.7,112.7,112.7,240.0,0.0,0.0,240.0,240.0,1.0,288.8,288.8,288.8,240.0,0.0,0.0,1.0
E002058,3,2,0,1,65,7.0,70.7,105.3,93.15714285714286,98.3,34.599999999999994,0.11064973919175206,0.0540573280473223,0.6724999999999992,-0.036087467331623116,-1.0,105.3,67.0,70.7,0.0,0.0,-1.0,98.3,-1.0,14.8,23.1,19.185714285714287,14.8,8.3,0.1488756448230074,-0.014997168208419903,0.14999999999999994,-0.03938907137890522,-1.0,23.1,67.0,14.8,240.0,0.0,-1.0,14.8,65.0,114.2,132.6,123.47142857142858,130.6,18.39999999999999,0.046959894110584065,0.05096752878988097,-0.03750000000000048,0.09992567194955287,-1.0,132.6,185.0,114.2,67.0,0.0,-1.0,130.6,-1.0,63.6,86.6,77.25714285714287,83.7,22.999999999999993,0.1030100021216194,-0.0013797117865458827,0.11499999999999974,0.10876711343419576,1.0,86.6,40.0,63.6,132.0,0.0,-1.0,83.7,43.0,94.9,96.2,95.51428571428572,95.2,1.2999999999999972,0.0054092555548983295,-0.002087659681580938,-0.025000000000000182,-0.003046251228810229,0.0,96.2,185.0,94.9,175.0,0.0,-1.0,95.2,10.0,36.81,37.36,37.098571428571425,36.81,0.5499999999999972,0.005197792761029498,-0.0014039078723806296,0.007999999999999924,-0.002504495648212426,-1.0,37.36,40.0,36.81,240.0,0.0,-1.0,36.81,27.0,13.0,15.0,13.857142857142858,13.0,2.0,0.04610449438143895,-0.0016990749480838279,-8.500815883985413e-17,-0.0022298415134150047,-1.0,15.0,175.0,13.0,132.0,0.0,-1.0,13.0,43.0,32.4,42.0,37.37142857142857,35.3,9.600000000000001,0.07511054489795192,-0.009008872946951102,0.007499999999999757,-0.02858872611312245,1.0,42.0,132.0,32.4,185.0,0.0,-1.0,35.3,43.0,2.0,1.0,1.0,1.0,1.0,1.0,1.0,1.0,1.0,1.0,1.0,1.0,1.0,1.0,1.0,1.0,1.0,78.0,78.0,0.0,0.0,-1.0,0.0,-1.0,0.0,-1.0,0.0,-1.0,0.0,-1.0,0.0,-1.0,0.0,-1.0,0.0,-1.0,0.0,-1.0,0.0,-1.0,0.0,0.0,-42.0,,0.0,0.0,4.0,132.0,185.0,1.0,0.0,120.0,240.0,2.0,7.12,5.58,7.12,120.0,-1.54,-0.21629213483146068,120.0,240.0,2.0,139.0,137.9,139.0,120.0,-1.0999999999999943,-0.00791366906474816,120.0,240.0,2.0,3.51,4.22,4.22,240.0,0.71,0.2022792022792023,120.0,240.0,2.0,24.2,27.5,27.5,240.0,3.3000000000000007,0.1363636363636364,120.0,240.0,2.0,18.2,27.1,27.1,240.0,8.900000000000002,0.48901098901098916,120.0,240.0,2.0,7.372,7.385,7.385,240.0,0.0129999999999999,0.0017634291915355263,120.0,240.0,2.0,0.029,0.028,0.029,120.0,-0.0010000000000000009,-0.03448275862068968,120.0,240.0,2.0,3.64,1.87,3.64,120.0,-1.77,-0.48626373626373626,120.0,240.0,2.0,352.3,473.2,473.2,240.0,120.89999999999998,0.34317343173431725,120.0,240.0,2.0,12.8,17.1,17.1,240.0,4.300000000000001,0.33593750000000006,120.0,240.0,2.0,0.1,2.59,2.59,240.0,2.4899999999999998,24.899999999999995,120.0,240.0,2.0,111.3,123.9,123.9,240.0,12.600000000000009,0.1132075471698114,120.0,240.0,2.0,290.7,290.7,290.7,120.0,0.0,0.0,1.0
E001427,4,3,0,0,74,8.0,49.5,77.0,65.9625,49.5,27.5,0.12671169422787573,-0.059953799229526095,-0.11248113492303013,-0.06596009975062327,-1.0,77.0,59.0,49.5,240.0,0.0,-1.0,58.75,-1.0,7.0,16.3,11.0,8.4,9.3,0.2845904698636096,-0.01965146544509738,0.08593419861153034,-0.03788803852437867,-1.0,16.3,56.0,7.0,174.0,1.0,174.0,9.4,3.0,116.3,144.0,129.53750000000002,132.7,27.700000000000003,0.0663327215645025,0.06400028587303082,0.17775430123754937,0.03868203055579454,-1.0,144.0,174.0,116.3,0.0,0.0,-1.0,132.5,-1.0,71.8,92.6,78.1125,71.8,20.799999999999997,0.07992425889779271,0.02132174779082373,0.05220344099003926,0.0068177258004413575,-1.0,92.6,225.0,71.8,240.0,0.0,-1.0,82.19999999999999,15.0,95.4,99.3,97.125,97.3,3.8999999999999915,0.013362519796568757,0.0024147049398398498,-0.006700875339571463,0.0004887207269186258,1.0,99.3,174.0,95.4,225.0,0.0,-1.0,96.35,51.0,36.06,36.7,36.41375,36.42,0.6400000000000006,0.005362047048276334,-0.0019607431776631937,-0.0021234530636885917,-0.0009652592656289404,1.0,36.7,0.0,36.06,225.0,0.0,-1.0,36.24,15.0,14.0,15.0,14.375,14.0,1.0,0.03367811605397754,0.001399394594694278,0.009357078176878966,0.0026800814056812563,-1.0,15.0,59.0,14.0,0.0,0.0,-1.0,14.5,30.0,29.0,35.1,30.625,29.2,6.100000000000001,0.06274041640013617,-0.0172736473479513,-0.08194989435556879,-0.015094447788574534,1.0,35.1,0.0,29.0,174.0,4.0,56.0,29.25,-1.0,0.0,0.0,0.0,0.0,0.0,0.0,0.0,0.0,0.0,0.0,0.0,0.0,0.0,0.0,0.0,1.0,1.0,223.0,223.0,0.0,0.0,-1.0,1.0,223.0,0.0,-1.0,0.0,-1.0,0.0,-1.0,0.0,-1.0,0.0,-1.0,0.0,-1.0,0.0,-1.0,0.0,-1.0,2.0,0.0,,,5.0,15.0,6.0,0.0,225.0,1.0,0.0,,,,,,,,,,,,,,,,,,,,,,,,,,,,,,,,,,,,,,,,,,,,,,,,,,,,,,,,,,,,,,,,,,,,,,,,,,,,,,,,,,,,,,,,,,,,,,,,,,,,,,,,,,,,,,,,,,,,,,
E000557,0,6,1,0,41,8.0,84.9,114.9,98.2125,84.9,30.0,0.11138762306405381,-0.04832133518416873,-0.40769230769230796,-0.1451689189189193,1.0,114.9,174.0,84.9,240.0,0.0,-1.0,84.9,-1.0,15.8,24.7,20.7125,17.0,8.899999999999999,0.16660871643526773,-0.011296015323196747,-0.007692307692307711,-0.005587837837837774,-1.0,24.7,158.0,15.8,161.0,2.0,158.0,17.0,41.0,112.2,135.3,122.7875,125.7,23.10000000000001,0.0525651787677963,-0.018993123930658096,-0.44423076923076965,0.006716216216216216,1.0,135.3,0.0,112.2,52.0,0.0,-1.0,125.7,109.0,60.0,84.1,73.5375,81.0,24.099999999999994,0.11258037569497766,0.014330524797968399,0.36730769230769195,0.10149324324324349,-1.0,84.1,52.0,60.0,174.0,0.0,-1.0,81.0,109.0,94.1,97.7,95.9,94.1,3.6000000000000085,0.01178587544886061,0.0028515780525336554,-0.02115384615384617,-0.030378378378378482,-1.0,97.7,161.0,94.1,240.0,0.0,-1.0,94.1,42.0,36.99,37.47,37.20375,37.04,0.4799999999999969,0.004794980301286648,-0.0006239575599100429,0.004230769230769042,-0.0013135135135136577,-1.0,37.47,161.0,36.99,158.0,0.0,-1.0,37.04,13.0,12.0,15.0,13.25,13.0,3.0,0.07307515747561164,0.0008285717360192112,-0.03846153846153851,0.0017567567567567256,1.0,15.0,202.0,12.0,52.0,2.0,52.0,13.0,106.0,33.9,42.1,38.9875,42.0,8.200000000000003,0.08113474882727742,-0.007554529704834702,-0.02307692307692321,0.06206756756756749,1.0,42.1,203.0,33.9,202.0,0.0,-1.0,42.0,1.0,3.0,1.0,1.0,1.0,1.0,1.0,1.0,1.0,1.0,1.0,1.0,1.0,1.0,1.0,1.0,2.0,1.0,66.0,217.0,0.0,1.0,217.0,1.0,66.0,0.0,-1.0,0.0,-1.0,0.0,-1.0,0.0,-1.0,0.0,-1.0,0.0,-1.0,0.0,-1.0,0.0,-1.0,4.0,0.0,66.0,,4.0,106.0,2.0,52.0,202.0,1.0,0.0,0.0,240.0,3.0,11.58,6.34,11.58,0.0,-5.24,-0.4525043177892919,0.0,240.0,3.0,141.7,141.3,141.7,0.0,-0.39999999999997726,-0.002822865208186149,0.0,240.0,3.0,4.08,4.65,4.65,240.0,0.5700000000000003,0.13970588235294124,0.0,240.0,3.0,21.4,20.2,21.4,0.0,-1.1999999999999993,-0.05607476635514016,0.0,240.0,3.0,41.9,66.9,73.3,120.0,25.000000000000007,0.596658711217184,0.0,240.0,3.0,7.317,7.365,7.365,240.0,0.04800000000000004,0.006560065600656012,0.0,240.0,3.0,0.088,0.055,0.101,120.0,-0.032999999999999995,-0.37499999999999994,0.0,240.0,3.0,3.19,3.03,3.19,0.0,-0.16000000000000014,-0.05015673981191227,0.0,240.0,3.0,543.1,664.8,664.8,240.0,121.69999999999993,0.2240839624378566,0.0,240.0,3.0,17.8,25.3,25.3,240.0,7.5,0.42134831460674155,0.0,240.0,3.0,5.35,6.17,6.17,240.0,0.8200000000000003,0.15327102803738324,0.0,240.0,3.0,127.4,128.9,128.9,240.0,1.5,0.011773940345368916,0.0,240.0,3.0,293.0,295.1,297.7,120.0,2.1000000000000227,0.0071672354948806236,1.0
E000311,2,1,0,1,43,8.0,64.3,99.9,84.5,80.4,35.60000000000001,0.1654848803203766,-0.13836230887601086,0.03199999999999975,-0.17534859466281746,1.0,99.9,80.0,64.3,226.0,0.0,-1.0,72.35,-1.0,7.0,18.4,14.95,7.0,11.399999999999999,0.21739130434782608,-0.02544609239432931,-0.11599999999999994,-0.03969935835909225,-1.0,18.4,0.0,7.0,240.0,1.0,240.0,10.75,-1.0,114.7,141.7,125.61249999999998,137.6,26.999999999999986,0.07922929962866358,0.0676636217791307,-0.02800000000000142,0.08345866366377687,1.0,141.7,180.0,114.7,209.0,0.0,-1.0,135.14999999999998,29.0,64.4,82.6,74.07499999999999,68.0,18.19999999999999,0.08697902094077521,0.027556232197230048,0.21999999999999986,-0.027691830981657894,-1.0,82.6,80.0,64.4,0.0,0.0,-1.0,73.85,100.0,96.5,98.4,97.5125,98.4,1.9000000000000057,0.005900858498389404,-0.0013210883017386636,0.03199999999999958,7.633183944607278e-05,1.0,98.4,240.0,96.5,180.0,0.0,-1.0,97.85,-1.0,36.72,37.26,36.95875,36.8,0.5399999999999991,0.005073561729857227,-0.0014569623154242041,-0.011200000000000125,-0.0021103108444116433,1.0,37.26,104.0,36.72,180.0,0.0,-1.0,36.87,-1.0,14.0,15.0,14.875,15.0,1.0,0.022233204294660427,0.0008676292440166231,-3.2479390283878295e-17,0.0042247027970706355,0.0,15.0,0.0,14.0,80.0,0.0,-1.0,15.0,24.0,33.9,42.2,37.075,42.2,8.300000000000004,0.06503847648764381,0.0022083619814687065,0.06799999999999982,0.014989003680554992,1.0,42.2,240.0,33.9,226.0,0.0,-1.0,38.05,-1.0,2.0,1.0,1.0,1.0,1.0,1.0,1.0,1.0,1.0,1.0,1.0,1.0,1.0,1.0,1.0,4.0,1.0,13.0,217.0,1.0,1.0,13.0,1.0,112.0,1.0,83.0,0.0,-1.0,1.0,217.0,0.0,-1.0,0.0,-1.0,0.0,-1.0,0.0,-1.0,0.0,-1.0,7.0,1.0,13.0,,1.0,0.0,4.0,80.0,180.0,1.0,1.0,0.0,240.0,2.0,8.89,5.64,8.89,0.0,-3.250000000000001,-0.3655793025871767,0.0,240.0,2.0,138.9,139.1,139.1,240.0,0.19999999999998863,0.001439884809215181,0.0,240.0,2.0,4.59,4.07,4.59,0.0,-0.5199999999999996,-0.11328976034858379,0.0,240.0,2.0,23.5,28.1,28.1,240.0,4.600000000000001,0.1957446808510639,0.0,240.0,2.0,45.4,47.8,47.8,240.0,2.3999999999999986,0.05286343612334799,0.0,240.0,2.0,7.332,7.405,7.405,240.0,0.0730000000000004,0.009956355701036607,0.0,240.0,2.0,0.054,0.023,0.054,0.0,-0.031,-0.5740740740740741,0.0,240.0,2.0,1.67,2.05,2.05,240.0,0.3799999999999999,0.22754491017964065,0.0,240.0,2.0,231.7,165.5,231.7,0.0,-66.19999999999999,-0.2857142857142857,0.0,240.0,2.0,17.3,13.4,17.3,0.0,-3.9000000000000004,-0.2254335260115607,0.0,240.0,2.0,2.65,0.1,2.65,0.0,-2.55,-0.9622641509433962,0.0,240.0,2.0,95.0,101.7,101.7,240.0,6.700000000000003,0.07052631578947371,0.0,240.0,2.0,280.1,289.8,289.8,240.0,9.699999999999989,0.03463048911103173,1.0
E001363,1,0,0,1,38,9.0,83.9,108.8,90.34444444444445,87.0,24.89999999999999,0.08834854577818309,-0.06142642815227974,0.0,0.026231394210500074,1.0,108.8,0.0,83.9,122.0,0.0,-1.0,87.0,30.0,13.4,21.8,18.322222222222223,21.6,8.4,0.15410912857689452,-0.0008889843376627841,0.0,0.008038987301973019,1.0,21.8,122.0,13.4,152.0,0.0,-1.0,21.6,3.0,97.8,140.2,122.94444444444444,118.5,42.39999999999999,0.09130689952604412,0.013965130277494095,0.0,0.00876642633072017,1.0,140.2,95.0,97.8,79.0,0.0,-1.0,118.5,16.0,57.8,81.6,72.25555555555555,66.5,23.799999999999997,0.11434567749659588,-0.0076384897853007646,0.0,0.03816125136662781,1.0,81.6,166.0,57.8,79.0,0.0,-1.0,66.5,16.0,95.1,97.9,96.85555555555555,96.5,2.8000000000000114,0.008936258847837792,0.005404081040042189,0.0,0.0016292347598666002,-1.0,97.9,152.0,95.1,95.0,0.0,-1.0,96.5,88.0,37.01,37.8,37.27444444444445,37.24,0.7899999999999991,0.006044232713533561,0.0004948850884144542,0.0,0.0010859421335830265,1.0,37.8,166.0,37.01,79.0,0.0,-1.0,37.24,2.0,12.0,15.0,13.666666666666666,12.0,3.0,0.05974365226300435,-0.007858391661272456,0.0,-0.005287867203075526,0.0,15.0,0.0,12.0,240.0,1.0,240.0,12.0,-1.0,34.8,44.2,38.766666666666666,38.0,9.400000000000006,0.062301705701588335,0.003956418896437498,0.0,-0.002345240562228828,-1.0,44.2,122.0,34.8,95.0,0.0,-1.0,38.0,30.0,2.0,1.0,1.0,1.0,1.0,1.0,1.0,1.0,1.0,1.0,1.0,1.0,1.0,1.0,1.0,1.0,1.0,112.0,112.0,0.0,1.0,112.0,0.0,-1.0,0.0,-1.0,0.0,-1.0,0.0,-1.0,0.0,-1.0,0.0,-1.0,0.0,-1.0,0.0,-1.0,0.0,-1.0,4.0,0.0,-8.0,,1.0,0.0,6.0,240.0,-1.0,0.0,0.0,120.0,240.0,2.0,7.71,8.97,8.97,240.0,1.2600000000000007,0.16342412451361876,120.0,240.0,2.0,134.9,138.6,138.6,240.0,3.6999999999999886,0.027427724240177823,120.0,240.0,2.0,4.53,4.5,4.53,120.0,-0.03000000000000025,-0.006622516556291445,120.0,240.0,2.0,21.2,21.9,21.9,240.0,0.6999999999999993,0.03301886792452827,120.0,240.0,2.0,8.0,32.2,32.2,240.0,24.200000000000003,3.0250000000000004,120.0,240.0,2.0,7.392,7.395,7.395,240.0,0.0029999999999992255,0.00040584415584405103,120.0,240.0,2.0,0.025,0.047,0.047,240.0,0.022,0.8799999999999999,120.0,240.0,2.0,2.34,1.66,2.34,120.0,-0.6799999999999999,-0.29059829059829057,120.0,240.0,2.0,318.2,453.3,453.3,240.0,135.10000000000002,0.424575738529227,120.0,240.0,2.0,14.7,13.9,14.7,120.0,-0.7999999999999989,-0.05442176870748292,120.0,240.0,2.0,0.1,6.92,6.92,240.0,6.82,68.2,120.0,240.0,2.0,110.1,97.5,110.1,120.0,-12.599999999999994,-0.11444141689373293,120.0,240.0,2.0,289.1,288.8,289.1,120.0,-0.30000000000001137,-0.0010377032168800116,1.0
E001841,2,1,0,1,43,8.0,76.1,95.6,86.13749999999999,90.0,19.5,0.0712225009788269,0.021650726404581305,0.1286644951140072,0.005115599967851796,-1.0,95.6,34.0,76.1,36.0,0.0,-1.0,90.0,2.0,10.7,17.8,15.2,16.0,7.100000000000001,0.13658249665807037,-0.004024685826017827,-0.03672638436482095,0.006570311034907685,1.0,17.8,107.0,10.7,113.0,0.0,-1.0,16.0,55.0,102.3,128.2,120.925,125.6,25.89999999999999,0.06229935877620187,0.06754849728962245,0.5429967426710091,0.022781096793205818,-1.0,128.2,113.0,102.3,0.0,0.0,-1.0,125.6,-1.0,62.4,85.6,77.17500000000001,85.6,23.199999999999996,0.09691086320462815,0.04127397949831112,-0.2776872964169376,0.06035845366624679,1.0,85.6,240.0,62.4,34.0,0.0,-1.0,85.6,2.0,95.4,99.2,97.0625,97.6,3.799999999999997,0.011746111040642434,0.003735753421070393,0.041693811074918465,0.003722506496637781,1.0,99.2,36.0,95.4,34.0,0.0,-1.0,97.6,71.0,36.61,37.25,36.92375,36.99,0.6400000000000006,0.005480407670892802,7.125835445286874e-05,0.003672638436482398,0.0016879202721890077,-1.0,37.25,36.0,36.61,113.0,0.0,-1.0,36.99,55.0,14.0,15.0,14.5,15.0,1.0,0.034482758620689655,0.004923198682491539,-1.4975704644815385e-17,0.0020628499477589705,0.0,15.0,91.0,14.0,0.0,0.0,-1.0,15.0,22.0,31.9,39.9,36.0375,37.1,8.0,0.06376111158713821,0.016359742666849104,-0.07760586319218246,-0.006866343397540616,1.0,39.9,91.0,31.9,36.0,0.0,-1.0,37.1,16.0,0.0,0.0,0.0,0.0,0.0,0.0,0.0,0.0,0.0,0.0,0.0,0.0,0.0,0.0,0.0,0.0,0.0,-1.0,-1.0,0.0,0.0,-1.0,0.0,-1.0,0.0,-1.0,0.0,-1.0,0.0,-1.0,0.0,-1.0,0.0,-1.0,0.0,-1.0,0.0,-1.0,0.0,-1.0,0.0,0.0,,,0.0,0.0,4.0,0.0,240.0,0.0,0.0,,,,,,,,,,,,,,,,,,,,,,,,,,,,,,,,,,,,,,,,,,,,,,,,,,,,,,,,,,,,,,,,,,,,,,,,,,,,,,,,,,,,,,,,,,,,,,,,,,,,,,,,,,,,,,,,,,,,,,
E000901,2,1,0,1,43,6.0,83.5,107.1,92.18333333333334,83.5,23.599999999999994,0.0884433060926784,-0.06976065564561167,0.4159999999999988,-0.02638497652582161,-1.0,107.1,25.0,83.5,240.0,0.0,-1.0,88.55,-1.0,12.5,25.4,19.583333333333332,12.5,12.899999999999999,0.22299983658366707,-0.021759457207326683,-0.19600000000000012,-0.17413145539906116,-1.0,25.4,177.0,12.5,240.0,1.0,177.0,16.45,-1.0,113.9,141.7,131.01666666666665,141.7,27.799999999999983,0.06925019581758622,0.01834765321440519,0.15199999999999853,0.012441314553990682,1.0,141.7,240.0,113.9,216.0,0.0,-1.0,127.8,-1.0,63.1,80.2,75.06666666666666,78.4,17.1,0.08681030330502408,0.020612514317280447,-0.6640000000000008,-0.05887323943661973,1.0,80.2,199.0,63.1,25.0,0.0,-1.0,73.9,152.0,94.4,97.8,96.36666666666666,97.3,3.3999999999999915,0.01209665060535847,0.01121226401845102,0.043999999999999415,0.01460093896713606,-1.0,97.8,199.0,94.4,0.0,0.0,-1.0,97.19999999999999,-1.0,36.91,37.21,37.01166666666667,36.91,0.30000000000000426,0.003696097177281145,-0.00045219198731644573,0.011999999999999955,-0.0042253521126760524,-1.0,37.21,25.0,36.91,0.0,0.0,-1.0,36.915,174.0,13.0,14.0,13.666666666666666,14.0,1.0,0.034493013716416956,0.0011547452226317802,-0.0400000000000001,0.004225352112676069,1.0,14.0,0.0,13.0,25.0,0.0,-1.0,14.0,152.0,36.0,43.8,38.583333333333336,36.5,7.799999999999997,0.06774149228550137,-0.024431600071157182,-0.1720000000000001,-0.024366197183098483,1.0,43.8,0.0,36.0,199.0,0.0,-1.0,36.85,-1.0,1.0,1.0,1.0,1.0,1.0,1.0,1.0,1.0,1.0,1.0,1.0,1.0,1.0,1.0,1.0,2.0,1.0,169.0,213.0,0.0,1.0,213.0,1.0,169.0,0.0,-1.0,0.0,-1.0,0.0,-1.0,0.0,-1.0,0.0,-1.0,0.0,-1.0,0.0,-1.0,0.0,-1.0,4.0,0.0,-71.0,,1.0,22.0,3.0,25.0,199.0,1.0,0.0,240.0,240.0,1.0,8.71,8.71,8.71,240.0,0.0,0.0,240.0,240.0,1.0,139.3,139.3,139.3,240.0,0.0,0.0,240.0,240.0,1.0,3.48,3.48,3.48,240.0,0.0,0.0,240.0,240.0,1.0,26.1,26.1,26.1,240.0,0.0,0.0,240.0,240.0,1.0,12.0,12.0,12.0,240.0,0.0,0.0,240.0,240.0,1.0,7.336,7.336,7.336,240.0,0.0,0.0,240.0,240.0,1.0,0.023,0.023,0.023,240.0,0.0,0.0,240.0,240.0,1.0,1.52,1.52,1.52,240.0,0.0,0.0,240.0,240.0,1.0,276.4,276.4,276.4,240.0,0.0,0.0,240.0,240.0,1.0,17.0,17.0,17.0,240.0,0.0,0.0,240.0,240.0,1.0,7.81,7.81,7.81,240.0,0.0,0.0,240.0,240.0,1.0,92.4,92.4,92.4,240.0,0.0,0.0,240.0,240.0,1.0,284.9,284.9,284.9,240.0,0.0,0.0,1.0
E001167,3,2,0,1,65,7.0,83.7,112.8,102.24285714285713,104.7,29.099999999999994,0.08679823091357441,-0.019943479108259315,0.0,-0.002364059319569635,1.0,112.8,189.0,83.7,181.0,0.0,-1.0,104.7,8.0,17.1,22.6,20.24285714285714,20.3,5.5,0.0826562216347287,-0.004555778773931459,0.0,0.021110788019773122,1.0,22.6,0.0,17.1,95.0,0.0,-1.0,20.3,64.0,93.5,128.5,115.48571428571428,93.5,35.0,0.09751965704201203,-0.06159502856029157,0.0,-0.09075021808665351,-1.0,128.5,189.0,93.5,240.0,0.0,-1.0,93.5,-1.0,62.8,86.4,74.65714285714286,74.2,23.60000000000001,0.1006334938379497,0.034273848967781705,0.0,-0.06843268391974432,-1.0,86.4,159.0,62.8,0.0,0.0,-1.0,74.2,22.0,94.9,96.8,95.61428571428571,94.9,1.8999999999999915,0.006947155498319209,0.0008050853810288288,0.0,0.0009188717650477563,-1.0,96.8,189.0,94.9,181.0,0.0,-1.0,94.9,51.0,37.22,37.62,37.392857142857146,37.22,0.3999999999999986,0.003265078986700502,-0.0015907932414806886,0.0,-0.001795289328293077,1.0,37.62,0.0,37.22,240.0,0.0,-1.0,37.22,-1.0,13.0,14.0,13.285714285714286,13.0,1.0,0.03400298559320838,0.0009894904124375943,0.0,-0.0011049723756906466,0.0,14.0,159.0,13.0,0.0,0.0,-1.0,13.0,30.0,38.2,43.9,40.84285714285714,42.8,5.699999999999996,0.05007249254652897,0.008698895069039458,0.0,0.0005757487641756617,-1.0,43.9,181.0,38.2,159.0,0.0,-1.0,42.8,8.0,3.0,1.0,1.0,1.0,1.0,1.0,1.0,1.0,1.0,1.0,1.0,1.0,1.0,1.0,1.0,1.0,1.0,102.0,102.0,0.0,1.0,102.0,0.0,-1.0,0.0,-1.0,0.0,-1.0,0.0,-1.0,0.0,-1.0,0.0,-1.0,0.0,-1.0,0.0,-1.0,0.0,-1.0,4.0,0.0,102.0,,0.0,0.0,5.0,0.0,181.0,1.0,0.0,0.0,240.0,3.0,9.5,7.85,10.18,120.0,-1.6500000000000004,-0.17368421052631583,0.0,240.0,3.0,138.6,139.3,139.3,240.0,0.700000000000017,0.005050505050505174,0.0,240.0,3.0,4.21,4.29,4.29,240.0,0.08000000000000007,0.019002375296912132,0.0,240.0,3.0,20.9,17.3,20.9,0.0,-3.599999999999998,-0.1722488038277511,0.0,240.0,3.0,48.5,25.0,48.5,0.0,-23.5,-0.4845360824742268,0.0,240.0,3.0,7.353,7.312,7.38,120.0,-0.04099999999999948,-0.005575955392356791,0.0,240.0,3.0,0.073,0.053,0.11,120.0,-0.019999999999999997,-0.273972602739726,0.0,240.0,3.0,3.04,3.08,3.08,240.0,0.040000000000000036,0.013157894736842117,0.0,240.0,3.0,529.0,657.9,688.5,120.0,128.89999999999998,0.24366729678638938,0.0,240.0,3.0,26.7,15.8,26.7,0.0,-10.899999999999999,-0.4082397003745318,0.0,240.0,3.0,0.1,7.39,12.06,120.0,7.29,72.89999999999999,0.0,240.0,3.0,108.5,108.1,112.4,120.0,-0.4000000000000057,-0.0036866359447005133,0.0,240.0,3.0,299.3,295.8,299.3,0.0,-3.5,-0.011693952555963916,1.0
E001648,3,2,0,1,65,7.0,121.8,158.8,135.04285714285714,141.3,37.000000000000014,0.08661778264701471,0.08155974779100221,0.0,0.24050863275781637,1.0,158.8,211.0,121.8,134.0,4.0,183.0,145.66666666666669,10.0,23.0,34.4,28.300000000000004,31.7,11.399999999999999,0.12252293957619836,-0.019410982082170354,0.0,0.05857676154923002,1.0,34.4,0.0,23.0,134.0,6.0,0.0,28.433333333333334,106.0,97.3,134.6,116.91428571428571,134.6,37.3,0.11700485730353585,0.13775578822542622,0.0,0.22839944003733112,-1.0,134.6,240.0,97.3,0.0,0.0,-1.0,126.8,-1.0,67.9,85.1,76.62857142857145,83.2,17.19999999999999,0.09094860870404263,0.03231753170689399,0.0,-0.03965002333177769,1.0,85.1,183.0,67.9,221.0,0.0,-1.0,76.43333333333334,38.0,89.5,92.3,91.31428571428572,91.9,2.799999999999997,0.009207721507861177,0.00850699214739187,0.0,-0.0023005132991134117,-1.0,92.3,183.0,89.5,0.0,1.0,0.0,91.43333333333334,-1.0,38.08,38.64,38.332857142857144,38.08,0.5600000000000023,0.005119101057263178,-0.0013542495191542728,0.0,-0.00022351843210447533,1.0,38.64,211.0,38.08,240.0,0.0,-1.0,38.333333333333336,-1.0,9.0,12.0,10.714285714285714,11.0,3.0,0.09614803401237304,-0.004551765029139951,0.0,-0.017405506299579987,1.0,12.0,134.0,9.0,221.0,7.0,0.0,10.0,19.0,39.9,47.1,44.05714285714286,43.4,7.200000000000003,0.050417099158435334,0.009947721586718557,0.0,0.03714885674288385,1.0,47.1,183.0,39.9,134.0,0.0,-1.0,44.76666666666667,28.0,3.0,1.0,1.0,1.0,1.0,1.0,1.0,1.0,1.0,1.0,1.0,1.0,1.0,1.0,1.0,2.0,1.0,160.0,192.0,0.0,0.0,-1.0,1.0,160.0,1.0,192.0,0.0,-1.0,0.0,-1.0,0.0,-1.0,0.0,-1.0,0.0,-1.0,0.0,-1.0,0.0,-1.0,7.0,0.0,160.0,,18.0,240.0,3.0,221.0,-1.0,1.0,0.0,0.0,240.0,3.0,11.32,13.71,13.71,240.0,2.3900000000000006,0.21113074204947002,0.0,240.0,3.0,134.7,137.2,141.2,120.0,2.5,0.018559762435040834,0.0,240.0,3.0,5.2,4.6,5.2,0.0,-0.6000000000000005,-0.11538461538461549,0.0,240.0,3.0,17.5,13.7,18.4,120.0,-3.8000000000000007,-0.2171428571428572,0.0,240.0,3.0,104.6,48.1,104.6,0.0,-56.49999999999999,-0.5401529636711281,0.0,240.0,3.0,7.296,7.284,7.296,0.0,-0.012000000000000455,-0.0016447368421053255,0.0,240.0,3.0,0.196,0.18,0.196,0.0,-0.016000000000000014,-0.08163265306122455,0.0,240.0,3.0,4.58,3.74,4.58,0.0,-0.8399999999999999,-0.18340611353711786,0.0,240.0,3.0,1181.8,1204.0,1204.0,240.0,22.200000000000045,0.018784904383144396,0.0,240.0,3.0,29.0,40.4,40.4,240.0,11.399999999999999,0.393103448275862,0.0,240.0,3.0,9.73,7.3,9.73,0.0,-2.4300000000000006,-0.24974306269270302,0.0,240.0,3.0,178.7,111.5,178.7,0.0,-67.19999999999999,-0.37604924454392835,0.0,240.0,3.0,302.1,298.7,302.3,120.0,-3.400000000000034,-0.01125455147302229,1.0
E000353,0,6,1,0,41,6.0,82.6,105.3,98.13333333333334,100.2,22.700000000000003,0.07817888618933994,0.001362921917041955,0.0,-0.011670306173513686,1.0,105.3,73.0,82.6,124.0,0.0,-1.0,100.2,116.0,18.8,28.7,21.7,20.3,9.899999999999999,0.15390141296795337,-0.025104829901164197,0.0,0.006374823711387089,1.0,28.7,0.0,18.8,73.0,1.0,0.0,20.3,-1.0,102.4,141.5,130.51666666666668,141.5,39.099999999999994,0.1033341985297206,0.13621173775208462,0.0,0.03731973067649321,-1.0,141.5,240.0,102.4,0.0,0.0,-1.0,141.5,-1.0,62.5,95.6,75.98333333333333,74.5,33.099999999999994,0.13540777890004035,-0.0034627167861043667,0.0,-0.06290318911787476,1.0,95.6,84.0,62.5,124.0,0.0,-1.0,74.5,36.0,94.6,97.8,96.0,96.7,3.200000000000003,0.010673907047874584,0.003666782108319892,0.0,0.0021484463855147955,1.0,97.8,84.0,94.6,120.0,0.0,-1.0,96.7,36.0,37.0,37.37,37.19166666666667,37.27,0.36999999999999744,0.0035379498477392927,-0.00045517755814262063,0.0,0.0004904235476092495,1.0,37.37,0.0,37.0,124.0,0.0,-1.0,37.27,116.0,12.0,14.0,13.166666666666666,14.0,2.0,0.052191210450856465,0.00029304419639288785,0.0,0.0065966061598653255,1.0,14.0,0.0,12.0,124.0,1.0,124.0,14.0,116.0,34.7,43.3,39.983333333333334,42.6,8.599999999999994,0.07250745882881672,-0.00030743000239764884,0.0,0.010510213366088868,1.0,43.3,73.0,34.7,124.0,0.0,-1.0,42.6,116.0,2.0,1.0,1.0,1.0,1.0,1.0,1.0,1.0,1.0,1.0,1.0,1.0,1.0,1.0,1.0,3.0,1.0,40.0,180.0,1.0,1.0,180.0,1.0,152.0,0.0,-1.0,0.0,-1.0,0.0,-1.0,0.0,-1.0,0.0,-1.0,0.0,-1.0,0.0,-1.0,0.0,-1.0,4.0,0.0,40.0,,2.0,116.0,4.0,124.0,240.0,0.0,0.0,0.0,240.0,2.0,9.72,7.23,9.72,0.0,-2.49,-0.25617283950617287,0.0,240.0,2.0,141.9,139.3,141.9,0.0,-2.5999999999999943,-0.01832276250880898,0.0,240.0,2.0,4.23,4.57,4.57,240.0,0.33999999999999986,0.08037825059101651,0.0,240.0,2.0,19.7,26.2,26.2,240.0,6.5,0.3299492385786802,0.0,240.0,2.0,29.8,29.2,29.8,0.0,-0.6000000000000014,-0.02013422818791951,0.0,240.0,2.0,7.386,7.378,7.386,0.0,-0.008000000000000007,-0.001083130246412132,0.0,240.0,2.0,0.065,0.002,0.065,0.0,-0.063,-0.9692307692307692,0.0,240.0,2.0,2.99,1.4,2.99,0.0,-1.5900000000000003,-0.5317725752508362,0.0,240.0,2.0,680.6,157.2,680.6,0.0,-523.4000000000001,-0.7690273288275052,0.0,240.0,2.0,16.1,15.2,16.1,0.0,-0.9000000000000021,-0.05590062111801255,0.0,240.0,2.0,4.52,0.1,4.52,0.0,-4.42,-0.9778761061946903,0.0,240.0,2.0,105.2,131.5,131.5,240.0,26.299999999999997,0.24999999999999997,0.0,240.0,2.0,294.1,274.4,294.1,0.0,-19.700000000000045,-0.06698401904114262,1.0
E000166,4,3,0,0,74,9.0,67.2,103.4,88.46666666666667,92.0,36.2,0.11885790750164571,-0.05739120637793314,-0.0850877192982481,-0.05253557033107091,1.0,103.4,98.0,67.2,147.0,0.0,-1.0,88.45,67.0,15.5,22.2,18.166666666666668,15.7,6.699999999999999,0.14710974130515556,-0.012563262503174251,0.2175438596491227,-0.02762083577359007,-1.0,22.2,147.0,15.5,180.0,0.0,-1.0,15.8,33.0,103.1,136.2,120.25555555555555,129.3,33.099999999999994,0.0831895998055099,0.07055499322219425,0.40701754385964733,0.08559789161814894,1.0,136.2,180.0,103.1,98.0,0.0,-1.0,126.15,-1.0,69.6,90.9,77.8777777777778,83.7,21.30000000000001,0.09212060094141256,0.03853352599708873,-0.5061403508771937,0.048105212388466025,1.0,90.9,147.0,69.6,85.0,0.0,-1.0,83.1,13.0,93.3,96.4,95.54444444444444,95.9,3.1000000000000085,0.010709026103706347,0.0017005318521116192,-0.05526315789473781,0.00844386261067302,1.0,96.4,0.0,93.3,85.0,0.0,-1.0,96.15,13.0,36.96,37.56,37.30444444444444,36.99,0.6000000000000014,0.005245535226723364,-0.001651585005132431,-0.0028947368421056176,-0.0020398249905259546,-1.0,37.56,24.0,36.96,180.0,0.0,-1.0,37.175,34.0,12.0,15.0,13.222222222222221,14.0,3.0,0.0692958928675237,0.005436551509537226,-0.061403508771929995,0.013521893409584193,1.0,15.0,214.0,12.0,21.0,2.0,21.0,14.5,3.0,36.2,44.6,39.400000000000006,42.2,8.399999999999999,0.06920866780445874,0.0008771804327066023,-0.05263157894736896,-0.016577669066730864,1.0,44.6,85.0,36.2,214.0,0.0,-1.0,39.2,13.0,2.0,1.0,1.0,1.0,1.0,1.0,1.0,1.0,1.0,1.0,1.0,1.0,1.0,1.0,1.0,0.0,0.0,-1.0,-1.0,0.0,0.0,-1.0,0.0,-1.0,0.0,-1.0,0.0,-1.0,0.0,-1.0,0.0,-1.0,0.0,-1.0,0.0,-1.0,0.0,-1.0,0.0,-1.0,0.0,0.0,,,2.0,13.0,3.0,21.0,180.0,1.0,0.0,0.0,120.0,2.0,13.57,12.49,13.57,0.0,-1.08,-0.07958732498157702,0.0,120.0,2.0,138.7,137.3,138.7,0.0,-1.3999999999999773,-0.010093727469358164,0.0,120.0,2.0,3.76,4.27,4.27,120.0,0.5099999999999998,0.13563829787234039,0.0,120.0,2.0,23.4,23.8,23.8,120.0,0.40000000000000213,0.017094017094017186,0.0,120.0,2.0,50.6,37.0,50.6,0.0,-13.600000000000001,-0.26877470355731226,0.0,120.0,2.0,7.377,7.331,7.377,0.0,-0.045999999999999375,-0.006235597126202979,0.0,120.0,2.0,0.046,0.054,0.054,120.0,0.008,0.17391304347826086,0.0,120.0,2.0,2.34,3.24,3.24,120.0,0.9000000000000004,0.3846153846153848,0.0,120.0,2.0,322.9,310.3,322.9,0.0,-12.599999999999966,-0.0390213688448435,0.0,120.0,2.0,16.2,7.4,16.2,0.0,-8.799999999999999,-0.5432098765432098,0.0,120.0,2.0,0.1,1.61,1.61,120.0,1.51,15.1,0.0,120.0,2.0,87.1,96.4,96.4,120.0,9.300000000000011,0.10677382319173377,0.0,120.0,2.0,285.1,291.6,291.6,120.0,6.5,0.02279901788846019,1.0
E001006,4,3,0,0,74,9.0,75.1,116.0,96.62222222222222,104.9,40.900000000000006,0.10788836331811234,-0.010811283290887779,0.06756756756756711,-0.07337423420885848,1.0,116.0,93.0,75.1,168.0,0.0,-1.0,100.1,25.0,15.5,22.5,19.91111111111111,19.8,7.0,0.10162380410409134,0.008481676522639967,0.13243243243243227,0.023870678121259023,-1.0,22.5,37.0,15.5,93.0,0.0,-1.0,20.6,56.0,122.6,143.9,132.7555555555556,132.9,21.30000000000001,0.04917367096210418,0.016131350628048605,0.2594594594594592,0.07594711640025338,-1.0,143.9,212.0,122.6,149.0,0.0,-1.0,138.4,28.0,67.9,80.8,73.95555555555556,67.9,12.899999999999991,0.05150112406968426,-0.0005054603530883519,-0.016216216216216547,-0.04235441166115075,-1.0,80.8,93.0,67.9,240.0,0.0,-1.0,70.85,25.0,94.7,99.1,96.30000000000001,97.1,4.3999999999999915,0.01385427213304913,-0.0008391246169119216,0.018918918918918302,-0.013563305401028349,1.0,99.1,118.0,94.7,212.0,0.0,-1.0,95.9,50.0,36.79,37.52,37.08555555555555,37.2,0.730000000000004,0.005418507711839113,0.0013242974921224332,0.005405405405405374,0.0003804309555665925,-1.0,37.52,168.0,36.79,0.0,0.0,-1.0,37.145,25.0,12.0,15.0,13.555555555555555,14.0,3.0,0.0705108628446117,0.0010251651055380384,-0.054054054054054126,-0.004673966622068861,1.0,15.0,93.0,12.0,37.0,1.0,37.0,13.5,56.0,32.5,41.1,37.82222222222222,39.8,8.600000000000001,0.0783110505602497,0.00377044934605253,0.15405405405405384,0.00964720794310255,1.0,41.1,168.0,32.5,212.0,0.0,-1.0,36.15,44.0,1.0,1.0,1.0,1.0,1.0,1.0,1.0,1.0,1.0,1.0,1.0,1.0,1.0,1.0,1.0,1.0,1.0,105.0,105.0,0.0,0.0,-1.0,1.0,105.0,0.0,-1.0,0.0,-1.0,0.0,-1.0,0.0,-1.0,0.0,-1.0,0.0,-1.0,0.0,-1.0,0.0,-1.0,2.0,0.0,105.0,,1.0,56.0,4.0,37.0,193.0,1.0,0.0,0.0,0.0,1.0,12.11,12.11,12.11,0.0,0.0,0.0,0.0,0.0,1.0,135.0,135.0,135.0,0.0,0.0,0.0,0.0,0.0,1.0,3.76,3.76,3.76,0.0,0.0,0.0,0.0,0.0,1.0,23.5,23.5,23.5,0.0,0.0,0.0,0.0,0.0,1.0,53.6,53.6,53.6,0.0,0.0,0.0,0.0,0.0,1.0,7.33,7.33,7.33,0.0,0.0,0.0,0.0,0.0,1.0,0.056,0.056,0.056,0.0,0.0,0.0,0.0,0.0,1.0,2.24,2.24,2.24,0.0,0.0,0.0,0.0,0.0,1.0,464.5,464.5,464.5,0.0,0.0,0.0,0.0,0.0,1.0,15.3,15.3,15.3,0.0,0.0,0.0,0.0,0.0,1.0,0.1,0.1,0.1,0.0,0.0,0.0,0.0,0.0,1.0,104.7,104.7,104.7,0.0,0.0,0.0,0.0,0.0,1.0,283.2,283.2,283.2,0.0,0.0,0.0,1.0
E001238,4,3,0,0,74,9.0,72.1,101.4,86.75555555555555,87.8,29.30000000000001,0.1193341059031963,-0.05472227972124481,0.0,-0.07501828541616634,1.0,101.4,99.0,72.1,143.0,0.0,-1.0,80.35,7.0,10.8,19.9,15.61111111111111,19.9,9.099999999999998,0.19880470058657296,-0.009310011729800607,0.0,-0.017807693684754357,1.0,19.9,240.0,10.8,150.0,0.0,-1.0,15.799999999999999,37.0,110.8,129.3,120.07777777777778,122.5,18.500000000000014,0.04799598289852462,0.009731594562892366,0.0,-0.03157571696733229,1.0,129.3,187.0,110.8,214.0,0.0,-1.0,116.65,21.0,68.7,83.4,74.14444444444445,74.1,14.700000000000003,0.06701233994679828,-0.02059545987718197,0.0,0.02135071683946148,1.0,83.4,0.0,68.7,143.0,0.0,-1.0,76.44999999999999,7.0,95.4,98.0,97.06666666666666,98.0,2.5999999999999943,0.008298795311534718,0.0015152142413580071,0.0,0.0025481942192508286,-1.0,98.0,70.0,95.4,143.0,0.0,-1.0,97.9,7.0,36.43,37.06,36.75111111111111,36.58,0.6300000000000026,0.005794095600383399,-0.00044704340026218824,0.0,-0.0007570418032746571,1.0,37.06,208.0,36.43,143.0,0.0,-1.0,36.565,7.0,14.0,15.0,14.555555555555555,14.0,1.0,0.03413844240457694,0.001172980059338983,0.0,-0.0014065704742956217,-1.0,15.0,70.0,14.0,0.0,0.0,-1.0,14.5,29.0,30.0,40.4,35.12222222222222,34.2,10.399999999999999,0.08195868988441771,0.012783412681984383,0.0,0.015733130105211376,-1.0,40.4,208.0,30.0,143.0,0.0,-1.0,35.55,6.0,1.0,1.0,1.0,1.0,1.0,1.0,1.0,1.0,1.0,1.0,1.0,1.0,1.0,1.0,1.0,3.0,1.0,19.0,144.0,1.0,0.0,-1.0,1.0,115.0,0.0,-1.0,0.0,-1.0,1.0,19.0,0.0,-1.0,0.0,-1.0,0.0,-1.0,0.0,-1.0,0.0,-1.0,3.0,0.0,-221.0,,0.0,0.0,6.0,0.0,187.0,1.0,0.0,240.0,240.0,1.0,7.82,7.82,7.82,240.0,0.0,0.0,240.0,240.0,1.0,140.9,140.9,140.9,240.0,0.0,0.0,240.0,240.0,1.0,3.83,3.83,3.83,240.0,0.0,0.0,240.0,240.0,1.0,26.7,26.7,26.7,240.0,0.0,0.0,240.0,240.0,1.0,52.5,52.5,52.5,240.0,0.0,0.0,240.0,240.0,1.0,7.366,7.366,7.366,240.0,0.0,0.0,240.0,240.0,1.0,0.021,0.021,0.021,240.0,0.0,0.0,240.0,240.0,1.0,1.03,1.03,1.03,240.0,0.0,0.0,240.0,240.0,1.0,413.0,413.0,413.0,240.0,0.0,0.0,240.0,240.0,1.0,8.3,8.3,8.3,240.0,0.0,0.0,240.0,240.0,1.0,1.76,1.76,1.76,240.0,0.0,0.0,240.0,240.0,1.0,94.4,94.4,94.4,240.0,0.0,0.0,240.0,240.0,1.0,290.1,290.1,290.1,240.0,0.0,0.0,1.0
E001864,3,2,0,1,65,7.0,56.0,82.5,73.71428571428571,80.8,26.5,0.11613912767601242,-0.004243564837299549,0.09666666666666596,-0.04516959515994082,1.0,82.5,124.0,56.0,198.0,0.0,-1.0,80.8,74.0,9.7,17.5,13.457142857142857,14.2,7.800000000000001,0.17453727315978437,0.005893030597377381,-0.13666666666666674,-0.0033178863358434706,1.0,17.5,66.0,9.7,30.0,0.0,-1.0,14.2,36.0,121.3,145.2,128.3285714285714,128.4,23.89999999999999,0.060273719678925856,0.015013355998057663,0.03666666666666569,-0.027624380511038056,-1.0,145.2,66.0,121.3,124.0,0.0,-1.0,128.4,58.0,66.9,88.7,76.81428571428572,72.5,21.799999999999997,0.0879198762295356,-0.02265298688683809,0.23333333333333278,-0.027395893673167228,-1.0,88.7,64.0,66.9,124.0,0.0,-1.0,72.5,2.0,96.2,99.0,97.82857142857142,97.5,2.799999999999997,0.009105407282780309,0.0047419864011658906,0.039999999999999605,-0.001958228744288034,-1.0,99.0,66.0,96.2,0.0,0.0,-1.0,97.5,174.0,36.14,36.71,36.502857142857145,36.47,0.5700000000000003,0.00452218435368011,-0.0013837421078193076,-0.007000000000000309,-0.0014788891034305822,1.0,36.71,0.0,36.14,198.0,0.0,-1.0,36.47,42.0,14.0,15.0,14.571428571428571,15.0,1.0,0.03396178054056622,-0.001669499757163626,-2.7066158569898578e-17,0.0010941623221985958,1.0,15.0,0.0,14.0,66.0,0.0,-1.0,15.0,174.0,30.1,37.2,33.728571428571435,37.2,7.100000000000001,0.06320684624974275,0.009969038368139907,-0.026666666666666797,0.03098571152732187,1.0,37.2,240.0,30.1,64.0,0.0,-1.0,37.2,60.0,0.0,0.0,0.0,0.0,0.0,0.0,0.0,0.0,0.0,0.0,0.0,0.0,0.0,0.0,0.0,1.0,1.0,143.0,143.0,0.0,1.0,143.0,0.0,-1.0,0.0,-1.0,0.0,-1.0,0.0,-1.0,0.0,-1.0,0.0,-1.0,0.0,-1.0,0.0,-1.0,0.0,-1.0,4.0,0.0,,,0.0,0.0,4.0,66.0,198.0,1.0,0.0,,,,,,,,,,,,,,,,,,,,,,,,,,,,,,,,,,,,,,,,,,,,,,,,,,,,,,,,,,,,,,,,,,,,,,,,,,,,,,,,,,,,,,,,,,,,,,,,,,,,,,,,,,,,,,,,,,,,,,
E000435,0,6,1,0,41,6.0,63.1,84.4,72.2,84.4,21.300000000000004,0.10730273655538265,0.010384945825974698,0.34130434782608665,0.294740740740741,1.0,84.4,240.0,63.1,228.0,0.0,-1.0,72.93333333333334,-1.0,9.8,17.4,14.033333333333331,9.8,7.599999999999998,0.16273817703525548,-0.017875041764116292,-0.049999999999999954,-0.07770370370370354,-1.0,17.4,0.0,9.8,240.0,0.0,-1.0,12.766666666666666,-1.0,109.0,138.4,125.66666666666667,109.0,29.400000000000006,0.08284486766168989,-0.04340723593145918,0.21304347826086942,-0.3842962962962965,-1.0,138.4,228.0,109.0,240.0,0.0,-1.0,121.2,-1.0,73.6,95.7,81.94999999999999,76.4,22.10000000000001,0.0903120163819273,-0.006636914705742056,0.1695652173913042,-0.06881481481481361,-1.0,95.7,226.0,73.6,228.0,0.0,-1.0,81.9,2.0,96.5,97.8,97.0,96.5,1.2999999999999972,0.004724304840160658,-0.0019116032647607916,-4.489349336565806e-16,-0.038814814814814816,0.0,97.8,204.0,96.5,228.0,0.0,-1.0,96.60000000000001,-1.0,36.32,37.08,36.665,36.32,0.759999999999998,0.006954861584617482,-0.0013599589518400433,-0.012391304347826284,-0.015525925925925624,1.0,37.08,0.0,36.32,240.0,0.0,-1.0,36.50333333333333,-1.0,14.0,15.0,14.666666666666666,15.0,1.0,0.03214121732666125,0.004808839673523925,-7.392013812161229e-17,5.1257260157349956e-17,0.0,15.0,204.0,14.0,0.0,0.0,-1.0,15.0,-1.0,32.4,38.5,34.449999999999996,36.7,6.100000000000001,0.06690525730981778,-0.008745405947210176,-0.1326086956521741,0.08103703703703748,1.0,38.5,0.0,32.4,46.0,0.0,-1.0,34.233333333333334,194.0,1.0,1.0,1.0,1.0,1.0,1.0,1.0,1.0,1.0,1.0,1.0,1.0,1.0,1.0,1.0,4.0,1.0,22.0,188.0,2.0,1.0,36.0,1.0,188.0,1.0,63.0,0.0,-1.0,1.0,22.0,0.0,-1.0,0.0,-1.0,0.0,-1.0,0.0,-1.0,0.0,-1.0,7.0,1.0,-218.0,,0.0,0.0,4.0,0.0,204.0,1.0,0.0,240.0,240.0,1.0,5.28,5.28,5.28,240.0,0.0,0.0,240.0,240.0,1.0,134.8,134.8,134.8,240.0,0.0,0.0,240.0,240.0,1.0,3.83,3.83,3.83,240.0,0.0,0.0,240.0,240.0,1.0,23.9,23.9,23.9,240.0,0.0,0.0,240.0,240.0,1.0,19.8,19.8,19.8,240.0,0.0,0.0,240.0,240.0,1.0,7.411,7.411,7.411,240.0,0.0,0.0,240.0,240.0,1.0,0.0,0.0,0.0,240.0,0.0,0.0,240.0,240.0,1.0,1.37,1.37,1.37,240.0,0.0,0.0,240.0,240.0,1.0,236.8,236.8,236.8,240.0,0.0,0.0,240.0,240.0,1.0,7.3,7.3,7.3,240.0,0.0,0.0,240.0,240.0,1.0,1.81,1.81,1.81,240.0,0.0,0.0,240.0,240.0,1.0,86.0,86.0,86.0,240.0,0.0,0.0,240.0,240.0,1.0,288.5,288.5,288.5,240.0,0.0,0.0,1.0
E001418,2,1,0,1,43,6.0,65.4,100.0,86.53333333333332,82.3,34.599999999999994,0.14797353530479804,-0.022121027044193928,0.0,-0.15711389402256373,-1.0,100.0,86.0,65.4,179.0,0.0,-1.0,82.3,93.0,15.5,20.2,17.616666666666664,15.5,4.699999999999999,0.09850531971144971,-0.01712017198837122,0.0,-0.028811408711003204,-1.0,20.2,111.0,15.5,240.0,0.0,-1.0,15.5,-1.0,115.7,144.4,128.21666666666667,135.5,28.700000000000003,0.07920981942909666,0.07510566046954809,0.0,0.09927040520784494,-1.0,144.4,179.0,115.7,151.0,0.0,-1.0,135.5,-1.0,71.3,94.5,81.81666666666666,80.4,23.200000000000003,0.10121392034362266,0.037182224610949846,0.0,-0.02378699693818445,-1.0,94.5,151.0,71.3,0.0,0.0,-1.0,80.4,28.0,94.4,96.8,95.48333333333333,95.9,2.3999999999999915,0.008452644449504797,0.0061998876212350056,0.0,0.003123879403083785,1.0,96.8,111.0,94.4,0.0,0.0,-1.0,95.9,40.0,36.78,37.26,37.02333333333333,36.82,0.4799999999999969,0.004574897277721237,-0.0017949331834948544,0.0,-0.0017186163903677451,-1.0,37.26,0.0,36.78,151.0,0.0,-1.0,36.82,28.0,13.0,15.0,14.333333333333334,15.0,2.0,0.052001580872088136,0.005960960594141702,0.0,0.010495683115880063,0.0,15.0,151.0,13.0,111.0,0.0,-1.0,15.0,40.0,34.5,40.0,37.86666666666667,40.0,5.5,0.04916197889240563,0.002819241199032621,0.0,0.0016950321352715903,1.0,40.0,240.0,34.5,151.0,0.0,-1.0,40.0,28.0,1.0,1.0,1.0,1.0,1.0,1.0,1.0,1.0,1.0,1.0,1.0,1.0,1.0,1.0,1.0,2.0,1.0,126.0,205.0,0.0,0.0,-1.0,1.0,205.0,0.0,-1.0,0.0,-1.0,0.0,-1.0,0.0,-1.0,0.0,-1.0,0.0,-1.0,0.0,-1.0,0.0,-1.0,2.0,0.0,6.0,,0.0,0.0,4.0,111.0,240.0,0.0,0.0,120.0,120.0,1.0,7.04,7.04,7.04,120.0,0.0,0.0,120.0,120.0,1.0,140.9,140.9,140.9,120.0,0.0,0.0,120.0,120.0,1.0,3.88,3.88,3.88,120.0,0.0,0.0,120.0,120.0,1.0,25.6,25.6,25.6,120.0,0.0,0.0,120.0,120.0,1.0,8.0,8.0,8.0,120.0,0.0,0.0,120.0,120.0,1.0,7.338,7.338,7.338,120.0,0.0,0.0,120.0,120.0,1.0,0.0,0.0,0.0,120.0,0.0,0.0,120.0,120.0,1.0,2.75,2.75,2.75,120.0,0.0,0.0,120.0,120.0,1.0,266.7,266.7,266.7,120.0,0.0,0.0,120.0,120.0,1.0,13.5,13.5,13.5,120.0,0.0,0.0,120.0,120.0,1.0,4.77,4.77,4.77,120.0,0.0,0.0,120.0,120.0,1.0,92.4,92.4,92.4,120.0,0.0,0.0,120.0,120.0,1.0,284.1,284.1,284.1,120.0,0.0,0.0,1.0
E001688,0,6,1,0,41,6.0,91.0,102.3,96.58333333333333,91.2,11.299999999999997,0.04378636668638893,-0.022182418860602973,0.04705882352941152,-0.036106489184691996,-1.0,102.3,85.0,91.0,89.0,0.0,-1.0,91.2,4.0,13.7,19.2,16.500000000000004,19.2,5.5,0.10117158808524374,0.014048686081801622,-0.06862745098039219,0.021118648406502,1.0,19.2,240.0,13.7,51.0,0.0,-1.0,19.2,34.0,109.5,145.9,128.66666666666666,145.9,36.400000000000006,0.09338255306072989,0.11221452762966892,0.1411764705882351,0.14502111864840692,1.0,145.9,240.0,109.5,89.0,0.0,-1.0,145.9,-1.0,68.4,88.7,80.08333333333333,88.7,20.299999999999997,0.0967356955190669,0.08363283598137,0.04509803921568592,0.025751951875080118,1.0,88.7,240.0,68.4,0.0,0.0,-1.0,88.7,-1.0,95.2,99.0,97.05,95.4,3.799999999999997,0.014174978353629651,-0.009364324567362563,-0.021568627450980555,-0.01137847177780603,-1.0,99.0,85.0,95.2,89.0,0.0,-1.0,95.4,53.0,36.86,37.09,36.973333333333336,36.91,0.23000000000000398,0.002685047351575109,0.0001201268711787862,0.003529411764705732,-0.0003705362856776802,-1.0,37.09,89.0,36.86,0.0,0.0,-1.0,36.91,151.0,14.0,15.0,14.666666666666666,14.0,1.0,0.03214121732666125,-0.003714256391208958,-1.5921269746999163e-17,-0.0032637911173684355,-1.0,15.0,0.0,14.0,89.0,0.0,-1.0,14.0,53.0,33.0,39.8,35.583333333333336,39.8,6.799999999999997,0.0664131622161553,0.02394571321053475,-0.013725490196078579,0.02095865864584671,1.0,39.8,240.0,33.0,51.0,0.0,-1.0,39.8,-1.0,3.0,1.0,1.0,1.0,1.0,1.0,1.0,1.0,1.0,1.0,1.0,1.0,1.0,1.0,1.0,1.0,1.0,203.0,203.0,0.0,0.0,-1.0,0.0,-1.0,0.0,-1.0,0.0,-1.0,1.0,203.0,0.0,-1.0,0.0,-1.0,0.0,-1.0,0.0,-1.0,0.0,-1.0,3.0,0.0,203.0,,0.0,0.0,3.0,89.0,240.0,0.0,0.0,0.0,240.0,3.0,8.8,7.54,8.8,0.0,-1.2600000000000007,-0.14318181818181824,0.0,240.0,3.0,138.2,139.3,139.3,240.0,1.1000000000000227,0.007959479015919124,0.0,240.0,3.0,4.47,3.91,4.47,0.0,-0.5599999999999996,-0.12527964205816547,0.0,240.0,3.0,20.8,19.3,22.4,120.0,-1.5,-0.07211538461538461,0.0,240.0,3.0,40.6,28.7,40.6,0.0,-11.900000000000002,-0.2931034482758621,0.0,240.0,3.0,7.399,7.404,7.404,240.0,0.004999999999999893,0.0006757669955399235,0.0,240.0,3.0,0.007,0.004,0.024,120.0,-0.003,-0.42857142857142855,0.0,240.0,3.0,1.85,2.52,2.52,240.0,0.6699999999999999,0.3621621621621621,0.0,240.0,3.0,269.1,312.3,338.9,120.0,43.19999999999999,0.16053511705685614,0.0,240.0,3.0,3.6,1.0,3.6,0.0,-2.6,-0.7222222222222222,0.0,240.0,3.0,3.33,2.35,3.33,0.0,-0.98,-0.29429429429429427,0.0,240.0,3.0,104.5,81.6,104.5,0.0,-22.900000000000006,-0.2191387559808613,0.0,240.0,3.0,291.2,278.4,291.2,0.0,-12.800000000000011,-0.043956043956043994,1.0
E000995,0,6,1,0,41,7.0,121.5,138.8,130.79999999999998,130.2,17.30000000000001,0.04158065639415034,0.004598915294622941,0.21428571428571344,0.04825907445023408,-1.0,138.8,42.0,121.5,103.0,4.0,42.0,130.2,32.0,23.1,30.4,25.814285714285717,24.8,7.299999999999997,0.08875873375469086,-0.005624744581667967,0.08095238095238079,-0.014189040007065265,-1.0,30.4,124.0,23.1,188.0,6.0,0.0,24.8,64.0,109.0,124.1,115.38571428571429,109.0,15.099999999999994,0.05030337767628198,0.0064562827714710076,-0.0928571428571434,-0.036380597014925325,-1.0,124.1,188.0,109.0,240.0,0.0,-1.0,109.0,52.0,69.1,83.4,74.74285714285715,75.2,14.300000000000011,0.06273307316333625,-0.0053757333536511,-0.23333333333333386,-0.011114545615119497,1.0,83.4,103.0,69.1,42.0,0.0,-1.0,75.2,61.0,91.8,95.4,93.34285714285714,95.4,3.6000000000000085,0.011042640959625032,0.004231805556517712,-0.01190476190476214,0.013068533074273631,1.0,95.4,240.0,91.8,124.0,0.0,-1.0,95.4,64.0,37.62,38.23,37.92142857142857,38.04,0.6099999999999994,0.0050418429155989,-0.00015906934218079893,0.003571428571428354,6.42497571315126e-05,1.0,38.23,124.0,37.62,188.0,0.0,-1.0,38.04,64.0,10.0,12.0,11.142857142857142,12.0,2.0,0.0747557935236577,0.0064209571174266514,-1.9332970407070414e-17,0.012651240837233959,0.0,12.0,124.0,10.0,74.0,7.0,0.0,12.0,50.0,38.8,44.0,41.68571428571429,44.0,5.200000000000003,0.035173158528636624,0.003251345491823249,0.03333333333333334,0.0032213194383114013,1.0,44.0,240.0,38.8,188.0,0.0,-1.0,44.0,-1.0,2.0,1.0,1.0,1.0,1.0,1.0,1.0,1.0,1.0,1.0,1.0,1.0,1.0,1.0,1.0,1.0,1.0,13.0,13.0,1.0,0.0,-1.0,1.0,13.0,0.0,-1.0,0.0,-1.0,0.0,-1.0,0.0,-1.0,0.0,-1.0,0.0,-1.0,0.0,-1.0,0.0,-1.0,2.0,0.0,-107.0,,17.0,240.0,3.0,74.0,-1.0,1.0,0.0,120.0,240.0,2.0,10.02,9.79,10.02,120.0,-0.23000000000000043,-0.02295409181636731,120.0,240.0,2.0,139.0,136.9,139.0,120.0,-2.0999999999999943,-0.015107913669064707,120.0,240.0,2.0,4.55,3.97,4.55,120.0,-0.5799999999999996,-0.1274725274725274,120.0,240.0,2.0,16.7,22.4,22.4,240.0,5.699999999999999,0.34131736526946105,120.0,240.0,2.0,53.0,47.6,53.0,120.0,-5.399999999999999,-0.10188679245283017,120.0,240.0,2.0,7.329,7.296,7.329,120.0,-0.032999999999999474,-0.004502660663119044,120.0,240.0,2.0,0.13,0.146,0.146,240.0,0.015999999999999986,0.12307692307692297,120.0,240.0,2.0,3.47,4.15,4.15,240.0,0.6800000000000002,0.19596541786743518,120.0,240.0,2.0,944.2,778.9,944.2,120.0,-165.30000000000007,-0.17506884134717227,120.0,240.0,2.0,29.5,21.6,29.5,120.0,-7.899999999999999,-0.26779661016949147,120.0,240.0,2.0,6.75,4.7,6.75,120.0,-2.05,-0.3037037037037037,120.0,240.0,2.0,151.7,118.7,151.7,120.0,-32.999999999999986,-0.21753460777851014,120.0,240.0,2.0,297.7,294.6,297.7,120.0,-3.099999999999966,-0.010413167618407678,1.0
E001239,3,2,0,1,65,9.0,86.1,107.1,97.08888888888889,94.5,21.0,0.07158605911238854,0.014195656088015457,0.0,-0.01810405379652068,-1.0,107.1,219.0,86.1,189.0,0.0,-1.0,100.8,21.0,12.3,20.8,16.6,12.3,8.5,0.16785995617675795,-0.029242516133311892,0.0,-0.02971549916963869,1.0,20.8,0.0,12.3,240.0,0.0,-1.0,13.55,-1.0,106.5,132.9,121.55555555555556,129.0,26.400000000000006,0.06901394722820905,0.016762060894368196,0.0,0.03313277612915538,1.0,132.9,195.0,106.5,165.0,0.0,-1.0,121.9,24.0,63.7,83.2,74.04444444444444,70.4,19.5,0.08297763028706294,-0.0025341855638840887,0.0,-0.004065231003784185,-1.0,83.2,86.0,63.7,93.0,0.0,-1.0,75.45,33.0,95.2,97.8,96.57777777777777,96.3,2.5999999999999943,0.007972441849549197,0.005097510589706869,0.0,0.004853665840843331,-1.0,97.8,219.0,95.2,86.0,0.0,-1.0,97.05,21.0,36.73,37.35,37.07999999999999,36.9,0.6200000000000045,0.005990050790707567,-0.0013215101348470325,0.0,-0.0016989463940540119,-1.0,37.35,93.0,36.73,195.0,0.0,-1.0,37.105000000000004,24.0,12.0,14.0,13.11111111111111,14.0,2.0,0.04321202977621004,0.0055246524586124975,0.0,0.0033432250687430378,0.0,14.0,165.0,12.0,0.0,1.0,0.0,13.5,24.0,34.5,42.8,38.2,40.2,8.299999999999997,0.060000395943005526,-0.007517981180171974,0.0,-0.01178459611772075,1.0,42.8,86.0,34.5,219.0,0.0,-1.0,37.35,21.0,2.0,1.0,1.0,1.0,1.0,1.0,1.0,1.0,1.0,1.0,1.0,1.0,1.0,1.0,1.0,2.0,1.0,187.0,226.0,0.0,1.0,226.0,0.0,-1.0,0.0,-1.0,0.0,-1.0,1.0,187.0,0.0,-1.0,0.0,-1.0,0.0,-1.0,0.0,-1.0,0.0,-1.0,4.0,0.0,187.0,,1.0,86.0,3.0,0.0,189.0,1.0,0.0,0.0,240.0,2.0,9.23,8.56,9.23,0.0,-0.6699999999999999,-0.07258938244853737,0.0,240.0,2.0,141.9,137.8,141.9,0.0,-4.099999999999994,-0.028893587033121875,0.0,240.0,2.0,3.95,4.55,4.55,240.0,0.5999999999999996,0.15189873417721508,0.0,240.0,2.0,22.0,23.3,23.3,240.0,1.3000000000000007,0.059090909090909124,0.0,240.0,2.0,46.0,31.0,46.0,0.0,-15.0,-0.32608695652173914,0.0,240.0,2.0,7.382,7.381,7.382,0.0,-0.0009999999999994458,-0.00013546464372791192,0.0,240.0,2.0,0.061,0.004,0.061,0.0,-0.056999999999999995,-0.9344262295081966,0.0,240.0,2.0,2.73,1.73,2.73,0.0,-1.0,-0.3663003663003663,0.0,240.0,2.0,491.1,434.8,491.1,0.0,-56.30000000000001,-0.11464060272856853,0.0,240.0,2.0,19.4,19.2,19.4,0.0,-0.1999999999999993,-0.010309278350515427,0.0,240.0,2.0,4.91,0.1,4.91,0.0,-4.8100000000000005,-0.979633401221996,0.0,240.0,2.0,101.5,82.6,101.5,0.0,-18.900000000000006,-0.1862068965517242,0.0,240.0,2.0,289.6,283.2,289.6,0.0,-6.400000000000034,-0.022099447513812272,1.0
E001927,4,3,0,0,74,6.0,67.2,88.7,79.78333333333332,73.9,21.5,0.09390822068063745,-0.01229038832752799,0.3058823529411762,0.027768725361366757,-1.0,88.7,34.0,67.2,101.0,0.0,-1.0,79.2,22.0,10.1,22.4,14.966666666666667,12.7,12.299999999999999,0.2826753572781211,-0.02154834952712682,0.27352941176470563,-0.021117827420061363,-1.0,22.4,34.0,10.1,123.0,0.0,-1.0,12.7,89.0,112.3,145.8,132.93333333333337,143.6,33.500000000000014,0.09668345002037049,0.02550819035705447,-0.9852941176470594,0.0391116951379758,1.0,145.8,0.0,112.3,34.0,0.0,-1.0,137.85,67.0,68.7,80.0,73.48333333333333,76.2,11.299999999999997,0.05030504657479904,0.002921353161294325,0.038235294117646534,-0.01216995181778377,1.0,80.0,123.0,68.7,219.0,0.0,-1.0,72.45,96.0,95.8,97.9,96.8,96.1,2.1000000000000085,0.007182043255721183,-0.004557267796098265,-0.0058823529411770326,-0.012415243101182786,1.0,97.9,123.0,95.8,219.0,0.0,-1.0,95.94999999999999,-1.0,36.65,36.94,36.75333333333333,36.72,0.28999999999999915,0.002728389072463517,-0.00026700887513345654,0.004705882352941005,-0.0013455978975033325,-1.0,36.94,101.0,36.65,219.0,0.0,-1.0,36.685,22.0,14.0,15.0,14.5,14.0,1.0,0.034482758620689655,-9.705492230214996e-05,0.029411764705882297,-0.0015067893123084015,-1.0,15.0,34.0,14.0,0.0,0.0,-1.0,14.5,89.0,33.4,41.0,36.25,33.6,7.600000000000001,0.07534199999954758,-0.011757664642891767,0.08235294117647038,-0.05123959702146298,-1.0,41.0,101.0,33.4,219.0,0.0,-1.0,33.5,118.0,1.0,1.0,1.0,1.0,1.0,1.0,1.0,1.0,1.0,1.0,1.0,1.0,1.0,1.0,1.0,2.0,1.0,31.0,102.0,1.0,1.0,102.0,0.0,-1.0,0.0,-1.0,0.0,-1.0,1.0,31.0,0.0,-1.0,0.0,-1.0,0.0,-1.0,0.0,-1.0,0.0,-1.0,4.0,0.0,-209.0,,0.0,0.0,3.0,0.0,219.0,1.0,0.0,240.0,240.0,1.0,2.53,2.53,2.53,240.0,0.0,0.0,240.0,240.0,1.0,141.2,141.2,141.2,240.0,0.0,0.0,240.0,240.0,1.0,4.18,4.18,4.18,240.0,0.0,0.0,240.0,240.0,1.0,26.3,26.3,26.3,240.0,0.0,0.0,240.0,240.0,1.0,46.7,46.7,46.7,240.0,0.0,0.0,240.0,240.0,1.0,7.419,7.419,7.419,240.0,0.0,0.0,240.0,240.0,1.0,0.055,0.055,0.055,240.0,0.0,0.0,240.0,240.0,1.0,1.66,1.66,1.66,240.0,0.0,0.0,240.0,240.0,1.0,261.8,261.8,261.8,240.0,0.0,0.0,240.0,240.0,1.0,1.0,1.0,1.0,240.0,0.0,0.0,240.0,240.0,1.0,3.41,3.41,3.41,240.0,0.0,0.0,240.0,240.0,1.0,91.0,91.0,91.0,240.0,0.0,0.0,240.0,240.0,1.0,288.3,288.3,288.3,240.0,0.0,0.0,1.0
E000120,0,6,1,0,41,7.0,68.2,90.2,79.34285714285714,86.3,22.0,0.09503728773527839,-0.0008575812373279673,0.2579999999999995,0.03494362298291788,1.0,90.2,50.0,68.2,162.0,0.0,-1.0,86.3,29.0,9.7,17.8,15.299999999999999,15.8,8.100000000000001,0.16009736880935807,-0.016757082579867445,-0.01600000000000007,-0.007150091148470741,1.0,17.8,0.0,9.7,162.0,0.0,-1.0,15.8,78.0,116.9,145.8,130.34285714285713,137.5,28.900000000000006,0.06499998488286667,0.05421392953038499,-0.18000000000000005,0.012689892647356503,1.0,145.8,88.0,116.9,50.0,0.0,-1.0,137.5,21.0,75.8,84.1,80.08571428571429,81.7,8.299999999999997,0.0359390945685709,-0.0031481177050797196,-0.12200000000000066,-0.0008180856570567323,1.0,84.1,109.0,75.8,162.0,0.0,-1.0,81.7,78.0,96.2,98.4,96.89999999999999,98.4,2.200000000000003,0.007234465072319225,0.007151076771329993,0.011999999999999818,0.00886278216640779,1.0,98.4,240.0,96.2,0.0,0.0,-1.0,98.4,-1.0,36.37,36.89,36.63571428571429,36.72,0.5200000000000031,0.00487814232918574,0.0004441339251465482,-0.002800000000000073,0.001660139986046407,-1.0,36.89,162.0,36.37,109.0,0.0,-1.0,36.72,53.0,13.0,15.0,14.428571428571429,14.0,2.0,0.050485341718740445,-0.0033152501506931763,-1.6239695141939147e-17,0.000303828235770693,-1.0,15.0,0.0,13.0,109.0,0.0,-1.0,14.0,53.0,31.9,40.7,36.228571428571435,34.8,8.800000000000004,0.08602723782143226,0.011869143514713094,0.13199999999999992,0.002288839376139359,-1.0,40.7,162.0,31.9,0.0,0.0,-1.0,34.8,78.0,0.0,0.0,0.0,0.0,0.0,0.0,0.0,0.0,0.0,0.0,0.0,0.0,0.0,0.0,0.0,1.0,1.0,114.0,114.0,0.0,0.0,-1.0,0.0,-1.0,0.0,-1.0,1.0,114.0,0.0,-1.0,0.0,-1.0,0.0,-1.0,0.0,-1.0,0.0,-1.0,0.0,-1.0,5.0,0.0,,,0.0,0.0,4.0,109.0,240.0,0.0,0.0,,,,,,,,,,,,,,,,,,,,,,,,,,,,,,,,,,,,,,,,,,,,,,,,,,,,,,,,,,,,,,,,,,,,,,,,,,,,,,,,,,,,,,,,,,,,,,,,,,,,,,,,,,,,,,,,,,,,,,
E000335,0,6,1,0,41,6.0,112.3,153.9,124.66666666666667,153.9,41.60000000000001,0.11212521495168656,0.11502446786615034,-0.04062681369704119,0.4064078401809283,1.0,153.9,240.0,112.3,41.0,1.0,240.0,138.55,-1.0,22.3,32.2,25.8,22.3,9.900000000000002,0.14386407885467606,-0.020291279732374035,0.18792803250145076,-0.0018469656992085492,-1.0,32.2,42.0,22.3,240.0,3.0,41.0,23.75,139.0,103.4,115.2,110.86666666666667,115.2,11.799999999999997,0.04014815619789382,-0.019507325000230346,-0.022431804991294903,0.19019977384093442,1.0,115.2,240.0,103.4,181.0,0.0,-1.0,110.9,59.0,66.3,82.6,74.86666666666667,66.3,16.299999999999997,0.0773391677775533,-0.006745328373201702,0.0648868253047003,-0.1967583867320023,-1.0,82.6,42.0,66.3,240.0,0.0,-1.0,72.55,198.0,90.0,95.5,92.53333333333332,93.1,5.5,0.020243546568050604,0.005891948182804032,-0.07071967498549044,0.04885035808518625,-1.0,95.5,217.0,90.0,42.0,2.0,42.0,94.3,175.0,37.95,38.22,38.050000000000004,38.09,0.269999999999996,0.002345760462373331,0.00011298532542414011,0.002887405687754045,0.0005446664153788762,1.0,38.22,42.0,37.95,41.0,0.0,-1.0,38.05500000000001,139.0,11.0,13.0,11.5,13.0,2.0,0.06641414050660638,0.006202212398895333,-7.058948901020773e-17,0.033358462118356615,1.0,13.0,240.0,11.0,0.0,5.0,0.0,12.5,-1.0,37.3,45.6,42.43333333333334,37.3,8.300000000000004,0.0639870458198843,-0.019923263365168673,-0.030818340104469093,-0.0681492649830383,-1.0,45.6,42.0,37.3,240.0,0.0,-1.0,40.2,-1.0,3.0,1.0,1.0,1.0,1.0,1.0,1.0,1.0,1.0,1.0,1.0,1.0,1.0,1.0,1.0,3.0,1.0,68.0,147.0,0.0,1.0,72.0,1.0,147.0,0.0,-1.0,0.0,-1.0,0.0,-1.0,0.0,-1.0,0.0,-1.0,0.0,-1.0,0.0,-1.0,0.0,-1.0,4.0,0.0,68.0,-168.0,11.0,240.0,3.0,0.0,240.0,1.0,0.0,0.0,240.0,3.0,9.0,13.0,13.0,240.0,4.0,0.4444444444444444,0.0,240.0,3.0,140.2,136.8,140.2,0.0,-3.3999999999999773,-0.024251069900142492,0.0,240.0,3.0,4.81,4.18,4.81,0.0,-0.6299999999999999,-0.13097713097713096,0.0,240.0,3.0,20.4,21.6,21.6,240.0,1.2000000000000028,0.05882352941176485,0.0,240.0,3.0,70.8,49.2,70.8,0.0,-21.599999999999994,-0.3050847457627118,0.0,240.0,3.0,7.294,7.302,7.307,120.0,0.008000000000000007,0.0010967918837400613,0.0,240.0,3.0,0.157,0.113,0.157,0.0,-0.044,-0.2802547770700637,0.0,240.0,3.0,4.01,3.9,4.43,120.0,-0.10999999999999988,-0.02743142144638401,0.0,240.0,3.0,969.0,828.4,969.0,0.0,-140.60000000000002,-0.1450980392156863,0.0,240.0,3.0,21.8,24.6,24.6,240.0,2.8000000000000007,0.1284403669724771,0.0,240.0,3.0,7.2,10.76,10.76,240.0,3.5599999999999996,0.49444444444444435,0.0,240.0,3.0,125.9,113.7,125.9,0.0,-12.200000000000003,-0.09690230341540908,0.0,240.0,3.0,303.8,296.7,303.8,0.0,-7.100000000000023,-0.023370638578011922,1.0
E001188,4,3,0,0,74,7.0,76.8,109.4,90.15714285714286,87.5,32.60000000000001,0.1246919262613383,-0.044734588307839884,0.07333799860042049,-0.14874678819023648,1.0,109.4,142.0,76.8,185.0,0.0,-1.0,87.5,55.0,12.4,20.1,16.25714285714286,20.1,7.700000000000001,0.1524142340651938,-0.0021234077296837465,-0.03310006997900634,0.07952683376157463,1.0,20.1,240.0,12.4,142.0,0.0,-1.0,20.1,43.0,109.1,141.1,123.68571428571428,129.8,32.0,0.08767394587010376,0.005839513997133975,0.29331700489852996,0.15592185000242426,1.0,141.1,43.0,109.1,142.0,0.0,-1.0,129.8,99.0,68.5,88.4,77.58571428571429,69.9,19.900000000000006,0.09460496627097213,-0.0246615622662625,-0.25076976906927934,-0.19165656663596245,1.0,88.4,142.0,68.5,185.0,0.0,-1.0,69.9,-1.0,95.2,97.8,96.75714285714285,97.3,2.5999999999999943,0.008247004307555842,0.0008081967306715768,-0.013750874737579412,-0.004251708925195141,1.0,97.8,142.0,95.2,185.0,0.0,-1.0,97.3,55.0,36.99,37.17,37.08428571428571,37.02,0.17999999999999972,0.0015447388309074587,1.0905374465407687e-05,0.002869139258222591,-0.001444223590439599,-1.0,37.17,142.0,36.99,0.0,0.0,-1.0,37.02,43.0,13.0,15.0,13.571428571428571,14.0,2.0,0.05367388961676616,0.006343387974398083,-2.568652527484463e-17,0.008338585349299472,-1.0,15.0,185.0,13.0,0.0,0.0,-1.0,14.0,55.0,33.2,39.4,35.614285714285714,35.2,6.199999999999996,0.04871293376096352,-0.00983424972736563,0.0682995101469559,0.00858583410093562,1.0,39.4,43.0,33.2,168.0,0.0,-1.0,35.2,99.0,2.0,1.0,1.0,1.0,1.0,1.0,1.0,1.0,1.0,1.0,1.0,1.0,1.0,1.0,1.0,2.0,1.0,145.0,171.0,0.0,0.0,-1.0,1.0,171.0,0.0,-1.0,0.0,-1.0,1.0,145.0,0.0,-1.0,0.0,-1.0,0.0,-1.0,0.0,-1.0,0.0,-1.0,3.0,0.0,145.0,,0.0,0.0,3.0,0.0,185.0,1.0,0.0,0.0,240.0,2.0,6.96,8.87,8.87,240.0,1.9099999999999993,0.2744252873563217,0.0,240.0,2.0,134.9,133.8,134.9,0.0,-1.0999999999999943,-0.008154188287620417,0.0,240.0,2.0,4.02,4.04,4.04,240.0,0.020000000000000462,0.004975124378109568,0.0,240.0,2.0,23.3,20.5,23.3,0.0,-2.8000000000000007,-0.12017167381974252,0.0,240.0,2.0,38.9,22.5,38.9,0.0,-16.4,-0.42159383033419023,0.0,240.0,2.0,7.358,7.396,7.396,240.0,0.038000000000000256,0.00516444686055997,0.0,240.0,2.0,0.0,0.03,0.03,240.0,0.03,29999999.999999996,0.0,240.0,2.0,3.06,1.7,3.06,0.0,-1.36,-0.4444444444444445,0.0,240.0,2.0,279.3,333.2,333.2,240.0,53.89999999999998,0.19298245614035078,0.0,240.0,2.0,11.0,12.9,12.9,240.0,1.9000000000000004,0.17272727272727276,0.0,240.0,2.0,1.23,3.88,3.88,240.0,2.65,2.154471544715447,0.0,240.0,2.0,114.7,108.1,114.7,0.0,-6.6000000000000085,-0.05754141238012213,0.0,240.0,2.0,296.4,289.5,296.4,0.0,-6.899999999999977,-0.023279352226720573,1.0
E001813,3,2,0,1,65,8.0,96.7,115.0,104.57500000000002,98.4,18.299999999999997,0.06341027243779343,-0.05446929495237557,-0.24242424242424285,-0.08589792455293034,1.0,115.0,87.0,96.7,223.0,0.0,-1.0,97.55000000000001,-1.0,18.5,25.9,22.599999999999998,21.9,7.399999999999999,0.09247152453100162,-0.01489568129856328,-0.09090909090909093,-0.011030413784101292,1.0,25.9,0.0,18.5,223.0,2.0,0.0,20.2,-1.0,105.4,146.2,120.575,121.0,40.79999999999998,0.10115612872450985,-0.0015531801807125046,-0.21818181818181842,0.004397337162250162,1.0,146.2,65.0,105.4,83.0,0.0,-1.0,123.9,18.0,59.1,82.8,71.97500000000001,76.8,23.699999999999996,0.09845377144980767,0.034059444364765185,-0.6030303030303035,0.049025975721185215,1.0,82.8,223.0,59.1,33.0,0.0,-1.0,79.8,32.0,92.0,97.0,94.5,95.7,5.0,0.02028602064833949,0.005348811703267489,-0.09696969696969737,0.0048850019579690495,1.0,97.0,83.0,92.0,87.0,0.0,-1.0,94.30000000000001,116.0,37.07,37.81,37.4775,37.47,0.740000000000002,0.006469861261673679,-0.0013981996271018177,-0.006060606060606149,-0.0005454118261323244,1.0,37.81,0.0,37.07,87.0,0.0,-1.0,37.474999999999994,136.0,12.0,14.0,12.625,14.0,2.0,0.05512637983000021,0.006905366528587421,-3.806284748324303e-17,0.007586476961232211,1.0,14.0,240.0,12.0,0.0,4.0,0.0,13.5,-1.0,34.4,43.9,38.824999999999996,39.4,9.5,0.07719195477727232,0.018358910327256055,0.030303030303030106,0.012422399164599978,-1.0,43.9,87.0,34.4,65.0,0.0,-1.0,40.9,116.0,2.0,1.0,1.0,1.0,1.0,1.0,1.0,1.0,1.0,1.0,1.0,1.0,1.0,1.0,1.0,4.0,1.0,11.0,159.0,1.0,1.0,115.0,1.0,11.0,0.0,-1.0,1.0,159.0,1.0,132.0,0.0,-1.0,0.0,-1.0,0.0,-1.0,0.0,-1.0,0.0,-1.0,5.0,0.0,11.0,,6.0,87.0,3.0,0.0,203.0,1.0,0.0,0.0,240.0,2.0,6.17,3.42,6.17,0.0,-2.75,-0.44570502431118314,0.0,240.0,2.0,136.6,143.0,143.0,240.0,6.400000000000006,0.04685212298682288,0.0,240.0,2.0,4.67,3.88,4.67,0.0,-0.79,-0.16916488222698073,0.0,240.0,2.0,19.6,21.9,21.9,240.0,2.299999999999997,0.11734693877551006,0.0,240.0,2.0,34.9,44.6,44.6,240.0,9.700000000000003,0.27793696275071644,0.0,240.0,2.0,7.331,7.413,7.413,240.0,0.08199999999999985,0.011185377165461717,0.0,240.0,2.0,0.073,0.032,0.073,0.0,-0.040999999999999995,-0.5616438356164383,0.0,240.0,2.0,2.69,3.08,3.08,240.0,0.3900000000000001,0.14498141263940525,0.0,240.0,2.0,364.4,349.0,364.4,0.0,-15.399999999999977,-0.04226125137211849,0.0,240.0,2.0,22.8,16.4,22.8,0.0,-6.400000000000002,-0.280701754385965,0.0,240.0,2.0,0.92,3.2,3.2,240.0,2.2800000000000002,2.4782608695652177,0.0,240.0,2.0,126.4,92.9,126.4,0.0,-33.5,-0.2650316455696202,0.0,240.0,2.0,298.8,290.1,298.8,0.0,-8.699999999999989,-0.029116465863453775,1.0
E000812,4,3,0,0,74,8.0,106.5,140.6,119.65,121.4,34.099999999999994,0.08758166282964766,0.04117733608276417,-0.3843750000000005,0.0990057611900036,1.0,140.6,191.0,106.5,69.0,1.0,191.0,117.5,94.0,23.1,31.6,27.25,25.1,8.5,0.08749812122984488,-0.018257800850742335,0.14687499999999995,-0.020981136438081683,-1.0,31.6,32.0,23.1,214.0,7.0,0.0,24.1,37.0,102.2,133.4,112.63749999999999,102.8,31.200000000000003,0.0944624255191311,-0.09602738011318313,-0.20625000000000054,-0.014780631611399088,-1.0,133.4,0.0,102.2,191.0,0.0,-1.0,107.5,-1.0,68.6,84.4,77.4125,79.3,15.800000000000011,0.066603300762152,0.016867493691901377,-0.4125000000000003,0.020838551802539487,1.0,84.4,214.0,68.6,32.0,0.0,-1.0,81.85,42.0,91.6,93.7,92.425,91.6,2.1000000000000085,0.007607444474127833,0.00360544352137955,0.01562499999999944,0.0012851885392781322,-1.0,93.7,163.0,91.6,0.0,0.0,-1.0,92.4,77.0,37.75,38.33,38.07,38.06,0.5799999999999983,0.004957863432670556,-0.00041900269452981986,-0.004375000000000264,0.0012539740650108534,1.0,38.33,0.0,37.75,163.0,0.0,-1.0,38.085,28.0,10.0,12.0,11.375,12.0,2.0,0.0753368637406708,0.002413437952245146,-3.925231146709437e-17,0.012158230409063758,0.0,12.0,0.0,10.0,69.0,8.0,0.0,12.0,94.0,37.7,45.6,42.25,45.6,7.899999999999999,0.06413502440160582,0.016571249124332724,0.031249999999999896,0.01431626813618748,1.0,45.6,240.0,37.7,69.0,0.0,-1.0,43.55,-1.0,3.0,1.0,1.0,1.0,1.0,1.0,1.0,1.0,1.0,1.0,1.0,1.0,1.0,1.0,1.0,3.0,1.0,80.0,215.0,0.0,0.0,-1.0,1.0,215.0,0.0,-1.0,1.0,103.0,0.0,-1.0,0.0,-1.0,0.0,-1.0,0.0,-1.0,0.0,-1.0,0.0,-1.0,5.0,0.0,80.0,,16.0,240.0,3.0,69.0,-1.0,1.0,0.0,0.0,240.0,3.0,10.85,7.96,11.64,120.0,-2.8899999999999997,-0.2663594470046083,0.0,240.0,3.0,140.6,141.2,141.2,240.0,0.5999999999999943,0.004267425320056859,0.0,240.0,3.0,4.59,4.1,5.24,120.0,-0.4900000000000002,-0.10675381263616562,0.0,240.0,3.0,19.1,18.6,21.5,120.0,-0.5,-0.026178010471204185,0.0,240.0,3.0,64.0,58.0,72.8,120.0,-6.0,-0.09375,0.0,240.0,3.0,7.272,7.304,7.318,120.0,0.03200000000000003,0.0044004400440044045,0.0,240.0,3.0,0.179,0.138,0.179,0.0,-0.04099999999999998,-0.22905027932960884,0.0,240.0,3.0,3.7,4.92,5.0,120.0,1.2199999999999998,0.32972972972972964,0.0,240.0,3.0,1076.1,809.5,1076.1,0.0,-266.5999999999999,-0.24774649196171353,0.0,240.0,3.0,25.6,23.0,25.6,0.0,-2.6000000000000014,-0.10156250000000006,0.0,240.0,3.0,6.31,10.25,10.25,240.0,3.9400000000000004,0.6244057052297941,0.0,240.0,3.0,174.7,104.7,174.7,0.0,-69.99999999999999,-0.40068689181453915,0.0,240.0,3.0,301.4,293.5,308.9,120.0,-7.899999999999977,-0.02621101526211008,1.0
E001811,3,2,0,1,65,7.0,57.3,84.8,75.68571428571428,77.3,27.5,0.11252599650100999,-0.0450365772311563,-0.10967741935483857,0.05811709479723581,1.0,84.8,0.0,57.3,168.0,0.0,-1.0,74.25,24.0,12.7,21.6,16.342857142857145,12.7,8.900000000000002,0.19224410900547237,-0.01941956041169375,-0.2258064516129032,-0.04446146824879382,1.0,21.6,0.0,12.7,240.0,0.0,-1.0,13.2,-1.0,105.7,156.1,125.22857142857143,134.1,50.39999999999999,0.1348122217451493,0.12410513955578067,-0.07096774193548419,0.13599882644412586,1.0,156.1,168.0,105.7,144.0,0.0,-1.0,133.8,24.0,73.2,91.9,80.61428571428571,91.9,18.700000000000003,0.08166010739711306,0.06215097272832509,-0.07741935483870978,0.17070348154909382,1.0,91.9,240.0,73.2,31.0,0.0,-1.0,89.45,-1.0,95.1,99.3,97.3142857142857,98.5,4.200000000000003,0.015086845479361058,0.0097562252958978,0.03870967741935437,-0.01423262485330543,1.0,99.3,168.0,95.1,0.0,0.0,-1.0,97.65,24.0,36.12,37.33,36.80428571428571,36.64,1.2100000000000009,0.009907728752523609,-0.0019278709129700148,-0.011612903225806485,-0.004606206806624089,1.0,37.33,168.0,36.12,192.0,0.0,-1.0,36.655,31.0,13.0,15.0,14.0,14.0,2.0,0.038180177416060626,-0.0015242809969294175,-1.0968794689013436e-16,-0.012876515843004277,1.0,15.0,144.0,13.0,223.0,0.0,-1.0,13.5,24.0,32.3,39.6,35.08571428571429,37.0,7.300000000000004,0.06564093782579236,-0.009640457118916068,0.16774193548387092,0.016439561872473574,-1.0,39.6,31.0,32.3,192.0,0.0,-1.0,35.15,113.0,1.0,1.0,1.0,1.0,1.0,1.0,1.0,1.0,1.0,1.0,1.0,1.0,1.0,1.0,1.0,2.0,1.0,55.0,216.0,1.0,1.0,216.0,0.0,-1.0,0.0,-1.0,0.0,-1.0,0.0,-1.0,0.0,-1.0,0.0,-1.0,0.0,-1.0,0.0,-1.0,0.0,-1.0,4.0,0.0,55.0,,0.0,0.0,3.0,223.0,192.0,1.0,0.0,0.0,0.0,1.0,6.66,6.66,6.66,0.0,0.0,0.0,0.0,0.0,1.0,137.9,137.9,137.9,0.0,0.0,0.0,0.0,0.0,1.0,3.98,3.98,3.98,0.0,0.0,0.0,0.0,0.0,1.0,23.0,23.0,23.0,0.0,0.0,0.0,0.0,0.0,1.0,38.7,38.7,38.7,0.0,0.0,0.0,0.0,0.0,1.0,7.352,7.352,7.352,0.0,0.0,0.0,0.0,0.0,1.0,0.003,0.003,0.003,0.0,0.0,0.0,0.0,0.0,1.0,1.66,1.66,1.66,0.0,0.0,0.0,0.0,0.0,1.0,417.7,417.7,417.7,0.0,0.0,0.0,0.0,0.0,1.0,6.7,6.7,6.7,0.0,0.0,0.0,0.0,0.0,1.0,1.06,1.06,1.06,0.0,0.0,0.0,0.0,0.0,1.0,120.9,120.9,120.9,0.0,0.0,0.0,0.0,0.0,1.0,286.5,286.5,286.5,0.0,0.0,0.0,1.0
E001159,0,6,1,0,41,9.0,68.8,97.3,83.66666666666667,74.8,28.5,0.1145915360720977,-0.03435331638150259,0.0,-0.012929489830074479,-1.0,97.3,191.0,68.8,106.0,0.0,-1.0,81.35,21.0,11.5,18.7,14.833333333333334,12.1,7.199999999999999,0.16711004442766925,-0.021682541050726232,0.0,-0.021662039498296776,1.0,18.7,180.0,11.5,214.0,0.0,-1.0,11.8,-1.0,103.0,144.4,124.6222222222222,123.9,41.400000000000006,0.08555922086466729,0.04256274332342061,0.0,-0.05313367594069369,-1.0,144.4,127.0,103.0,0.0,0.0,-1.0,120.7,64.0,68.6,89.8,80.47777777777779,83.2,21.200000000000003,0.07119489433797717,-0.0159347210849173,0.0,-0.021720125228897057,-1.0,89.8,80.0,68.6,127.0,0.0,-1.0,82.1,64.0,95.5,99.1,97.1,97.4,3.5999999999999943,0.0116516050452984,0.0014330043528853142,0.0,0.0014078405891270367,1.0,99.1,106.0,95.5,127.0,0.0,-1.0,96.7,21.0,36.49,37.3,36.77777777777778,36.66,0.8099999999999952,0.006476118160189098,-0.0010060480684969798,0.0,0.001323370153779523,1.0,37.3,0.0,36.49,106.0,0.0,-1.0,36.825,108.0,14.0,15.0,14.88888888888889,15.0,1.0,0.021107665110046196,0.00020830639716126225,0.0,0.0010534191820741584,0.0,15.0,0.0,14.0,127.0,0.0,-1.0,15.0,53.0,26.3,42.8,34.577777777777776,36.3,16.499999999999996,0.1444586554819346,-0.03847275495984724,0.0,-0.020524937484001853,1.0,42.8,0.0,26.3,191.0,2.0,106.0,33.75,49.0,1.0,1.0,1.0,1.0,1.0,1.0,1.0,1.0,1.0,1.0,1.0,1.0,1.0,1.0,1.0,3.0,1.0,110.0,160.0,0.0,1.0,134.0,1.0,110.0,0.0,-1.0,0.0,-1.0,1.0,160.0,0.0,-1.0,0.0,-1.0,0.0,-1.0,0.0,-1.0,0.0,-1.0,4.0,0.0,110.0,,2.0,23.0,6.0,127.0,180.0,1.0,0.0,0.0,0.0,1.0,6.64,6.64,6.64,0.0,0.0,0.0,0.0,0.0,1.0,141.0,141.0,141.0,0.0,0.0,0.0,0.0,0.0,1.0,4.32,4.32,4.32,0.0,0.0,0.0,0.0,0.0,1.0,19.0,19.0,19.0,0.0,0.0,0.0,0.0,0.0,1.0,8.5,8.5,8.5,0.0,0.0,0.0,0.0,0.0,1.0,7.382,7.382,7.382,0.0,0.0,0.0,0.0,0.0,1.0,0.018,0.018,0.018,0.0,0.0,0.0,0.0,0.0,1.0,1.06,1.06,1.06,0.0,0.0,0.0,0.0,0.0,1.0,435.9,435.9,435.9,0.0,0.0,0.0,0.0,0.0,1.0,9.3,9.3,9.3,0.0,0.0,0.0,0.0,0.0,1.0,3.4,3.4,3.4,0.0,0.0,0.0,0.0,0.0,1.0,103.9,103.9,103.9,0.0,0.0,0.0,0.0,0.0,1.0,285.4,285.4,285.4,0.0,0.0,0.0,1.0
E000087,4,3,0,0,74,8.0,105.2,127.1,116.275,123.5,21.89999999999999,0.05905274740955334,0.02974480860645488,0.07241379310344803,0.01039590865003086,1.0,127.1,97.0,105.2,139.0,0.0,-1.0,123.5,42.0,20.8,27.4,24.7,20.8,6.599999999999998,0.0825503988020392,-0.016795096322241642,-0.02586206896551732,-0.02093289833348032,-1.0,27.4,67.0,20.8,240.0,6.0,0.0,20.8,-1.0,106.1,126.7,113.48750000000001,107.2,20.60000000000001,0.06268506864831881,-0.0612722041531148,-0.08620689655172475,-0.046605237633365645,1.0,126.7,67.0,106.1,70.0,0.0,-1.0,107.2,-1.0,56.1,94.1,73.9375,67.1,37.99999999999999,0.1386832673186641,0.030111333500124893,0.10517241379310342,0.030984921964553307,-1.0,94.1,173.0,56.1,70.0,0.0,-1.0,67.1,67.0,91.5,96.2,93.8625,94.8,4.700000000000003,0.017170091048297486,0.005868151113335033,-0.08103448275862106,0.01623754519001831,1.0,96.2,0.0,91.5,58.0,0.0,-1.0,94.8,81.0,37.3,38.02,37.57625,37.62,0.720000000000006,0.005749385870397181,0.00037440580435333016,0.006724137931034433,-0.0005696146724275421,-1.0,38.02,70.0,37.3,0.0,0.0,-1.0,37.62,27.0,10.0,13.0,11.375,12.0,3.0,0.0753368637406708,0.005066299724793607,-0.01724137931034482,0.011330570496428874,0.0,13.0,173.0,10.0,67.0,7.0,0.0,12.0,3.0,36.1,43.5,41.2625,36.1,7.399999999999999,0.05581883409078195,-0.01955591693770312,-0.044827586206896745,-0.03619610263645191,-1.0,43.5,67.0,36.1,240.0,0.0,-1.0,36.1,-1.0,2.0,1.0,1.0,1.0,1.0,1.0,1.0,1.0,1.0,1.0,1.0,1.0,1.0,1.0,1.0,0.0,0.0,-1.0,-1.0,0.0,0.0,-1.0,0.0,-1.0,0.0,-1.0,0.0,-1.0,0.0,-1.0,0.0,-1.0,0.0,-1.0,0.0,-1.0,0.0,-1.0,0.0,-1.0,0.0,0.0,,,13.0,173.0,4.0,67.0,-1.0,0.0,0.0,120.0,240.0,2.0,14.72,12.76,14.72,120.0,-1.9600000000000009,-0.13315217391304354,120.0,240.0,2.0,139.8,138.1,139.8,120.0,-1.700000000000017,-0.012160228898426445,120.0,240.0,2.0,4.28,4.6,4.6,240.0,0.3199999999999994,0.07476635514018677,120.0,240.0,2.0,20.7,22.1,22.1,240.0,1.4000000000000021,0.067632850241546,120.0,240.0,2.0,44.6,64.7,64.7,240.0,20.1,0.45067264573991034,120.0,240.0,2.0,7.332,7.301,7.332,120.0,-0.030999999999999694,-0.004228041462083974,120.0,240.0,2.0,0.108,0.157,0.157,240.0,0.049,0.4537037037037037,120.0,240.0,2.0,2.95,2.83,2.95,120.0,-0.1200000000000001,-0.04067796610169495,120.0,240.0,2.0,744.9,544.3,744.9,120.0,-200.60000000000002,-0.2692978923345416,120.0,240.0,2.0,17.2,27.4,27.4,240.0,10.2,0.5930232558139534,120.0,240.0,2.0,4.81,9.44,9.44,240.0,4.63,0.9625779625779627,120.0,240.0,2.0,133.1,83.2,133.1,120.0,-49.89999999999999,-0.37490608564988726,120.0,240.0,2.0,302.1,293.8,302.1,120.0,-8.300000000000011,-0.02747434624296594,1.0
E001160,3,2,0,1,65,7.0,77.1,95.0,81.71428571428571,83.9,17.900000000000006,0.07062071538741942,-0.0351663877750767,-0.31964285714285723,0.04235587874540054,1.0,95.0,0.0,77.1,56.0,0.0,-1.0,83.9,-1.0,11.4,18.0,14.12857142857143,14.2,6.6,0.16345817727521958,-0.020694282196192366,-0.021428571428571474,0.017373401086385132,1.0,18.0,0.0,11.4,154.0,0.0,-1.0,14.2,-1.0,114.3,133.3,122.44285714285715,118.9,19.000000000000014,0.051074044988702216,0.029448583967416835,0.16071428571428567,-0.017456632206062632,-1.0,133.3,164.0,114.3,0.0,0.0,-1.0,118.9,76.0,71.6,86.9,76.75714285714287,80.7,15.300000000000011,0.06400596619911122,-0.026813058440943494,-0.22142857142857175,0.04710881373751534,1.0,86.9,0.0,71.6,164.0,0.0,-1.0,80.7,76.0,94.8,99.0,96.54285714285713,96.9,4.200000000000003,0.013343829911329397,0.009055031099043254,0.04107142857142816,0.011494655685999972,-1.0,99.0,164.0,94.8,0.0,0.0,-1.0,96.9,76.0,36.63,37.17,36.92714285714286,37.03,0.5399999999999991,0.00463815303191642,0.00039584188425472453,-0.0008928571428573459,-0.000388557911336964,1.0,37.17,114.0,36.63,164.0,0.0,-1.0,37.03,22.0,12.0,15.0,13.857142857142858,15.0,3.0,0.06011290613242577,0.0025258106273481997,-6.072011345703866e-17,0.014193096197652022,1.0,15.0,240.0,12.0,136.0,1.0,136.0,15.0,18.0,30.6,35.0,32.971428571428575,35.0,4.399999999999999,0.04276058853197687,0.003532977615003259,-0.01964285714285726,0.03138251270369722,1.0,35.0,240.0,30.6,136.0,0.0,-1.0,35.0,18.0,2.0,1.0,1.0,1.0,1.0,1.0,1.0,1.0,1.0,1.0,1.0,1.0,1.0,1.0,1.0,0.0,0.0,-1.0,-1.0,0.0,0.0,-1.0,0.0,-1.0,0.0,-1.0,0.0,-1.0,0.0,-1.0,0.0,-1.0,0.0,-1.0,0.0,-1.0,0.0,-1.0,0.0,-1.0,0.0,0.0,,,1.0,18.0,3.0,136.0,240.0,0.0,0.0,0.0,120.0,2.0,10.86,7.27,10.86,0.0,-3.59,-0.3305709023941068,0.0,120.0,2.0,138.1,137.4,138.1,0.0,-0.6999999999999886,-0.005068790731354009,0.0,120.0,2.0,3.53,3.74,3.74,120.0,0.2100000000000004,0.059490084985835814,0.0,120.0,2.0,21.9,22.7,22.7,120.0,0.8000000000000007,0.036529680365296836,0.0,120.0,2.0,32.7,31.5,32.7,0.0,-1.2000000000000028,-0.036697247706422104,0.0,120.0,2.0,7.392,7.44,7.44,120.0,0.04800000000000004,0.006493506493506499,0.0,120.0,2.0,0.008,0.007,0.008,0.0,-0.001,-0.125,0.0,120.0,2.0,0.94,3.01,3.01,120.0,2.07,2.202127659574468,0.0,120.0,2.0,513.2,203.0,513.2,0.0,-310.20000000000005,-0.6044427123928293,0.0,120.0,2.0,1.0,8.6,8.6,120.0,7.6,7.6,0.0,120.0,2.0,3.18,0.72,3.18,0.0,-2.46,-0.7735849056603773,0.0,120.0,2.0,96.8,104.0,104.0,120.0,7.200000000000003,0.07438016528925623,0.0,120.0,2.0,290.5,293.4,293.4,120.0,2.8999999999999773,0.009982788296041229,1.0
E001729,0,6,1,0,41,7.0,72.8,89.9,78.75714285714285,72.8,17.10000000000001,0.0691667226199206,0.001816608996539703,-0.16747777257838128,0.009536934950385748,-1.0,89.9,209.0,72.8,240.0,0.0,-1.0,72.8,-1.0,9.2,16.8,13.185714285714287,16.1,7.600000000000001,0.21077532445169533,0.01470227797001153,0.07000467945718294,0.02982359426681363,1.0,16.8,209.0,9.2,186.0,0.0,-1.0,16.1,-1.0,110.8,152.5,128.3857142857143,118.6,41.7,0.10367263404924018,-0.06310553633217995,-0.7660037435657464,-0.22084580248858104,1.0,152.5,0.0,110.8,53.0,0.0,-1.0,118.6,78.0,70.5,92.7,77.58571428571429,74.1,22.200000000000003,0.08490364576201301,0.017252378892733407,-0.011651848385587568,0.028390297684674614,-1.0,92.7,186.0,70.5,131.0,0.0,-1.0,74.1,23.0,96.9,98.8,97.92857142857143,98.6,1.8999999999999915,0.006898083394623996,0.0026275951557092397,0.01300889096864745,0.012537407465742237,-1.0,98.8,21.0,96.9,0.0,0.0,-1.0,98.6,32.0,36.34,36.91,36.705714285714286,36.66,0.5699999999999932,0.005094454191584608,0.0006372549019607309,-0.0034861956013103185,-0.0025074814931486033,1.0,36.91,131.0,36.34,21.0,0.0,-1.0,36.66,32.0,14.0,15.0,14.428571428571429,14.0,1.0,0.034298035793443114,0.0005947231833910126,0.019887693027608785,-0.006772720113403715,-1.0,15.0,53.0,14.0,0.0,0.0,-1.0,14.0,133.0,31.8,38.5,35.1,38.5,6.699999999999999,0.06729921259839157,0.0030348904267589022,-0.012915301824988294,0.037305087415340846,1.0,38.5,240.0,31.8,21.0,0.0,-1.0,38.5,32.0,0.0,0.0,0.0,0.0,0.0,0.0,0.0,0.0,0.0,0.0,0.0,0.0,0.0,0.0,0.0,0.0,0.0,-1.0,-1.0,0.0,0.0,-1.0,0.0,-1.0,0.0,-1.0,0.0,-1.0,0.0,-1.0,0.0,-1.0,0.0,-1.0,0.0,-1.0,0.0,-1.0,0.0,-1.0,0.0,0.0,,,0.0,0.0,2.0,0.0,186.0,1.0,0.0,,,,,,,,,,,,,,,,,,,,,,,,,,,,,,,,,,,,,,,,,,,,,,,,,,,,,,,,,,,,,,,,,,,,,,,,,,,,,,,,,,,,,,,,,,,,,,,,,,,,,,,,,,,,,,,,,,,,,,
E001380,3,2,0,1,65,8.0,72.8,100.9,85.9375,95.9,28.10000000000001,0.13424619298355733,0.0009950936992770192,0.4153846153846144,0.12727740607308277,-1.0,100.9,214.0,72.8,88.0,0.0,-1.0,98.4,126.0,14.5,19.0,16.5625,17.2,4.5,0.10125309571189631,0.0022345801977276007,0.16538461538461527,0.007272902727740588,-1.0,19.0,26.0,14.5,83.0,0.0,-1.0,17.7,57.0,114.8,140.4,125.16250000000001,114.8,25.60000000000001,0.06838117093021939,0.005060314298361849,0.5807692307692304,-0.03514861039629427,-1.0,140.4,172.0,114.8,240.0,0.0,-1.0,117.55,42.0,65.7,82.8,76.1125,65.7,17.099999999999994,0.07820256000266007,-0.010508890364468153,0.22307692307692223,-0.029873262995368008,-1.0,82.8,173.0,65.7,240.0,0.0,-1.0,71.05000000000001,41.0,95.8,98.5,96.78750000000001,96.5,2.700000000000003,0.008288704114539611,-0.0023157370517928122,-0.10384615384615437,0.000836335563561617,1.0,98.5,0.0,95.8,26.0,0.0,-1.0,96.45,146.0,36.56,36.88,36.676249999999996,36.6,0.3200000000000003,0.00281687276792664,-0.0005060314298362349,-0.007307692307692384,-0.0015094248584663383,1.0,36.88,88.0,36.56,26.0,0.0,-1.0,36.615,57.0,14.0,15.0,14.5,14.0,1.0,0.034482758620689655,0.0016046923417441174,0.03846153846153839,0.0035705095213587183,-1.0,15.0,26.0,14.0,0.0,0.0,-1.0,14.5,57.0,31.3,39.3,35.575,33.1,7.9999999999999964,0.07400830411619584,0.006520215434558054,0.08461538461538447,-0.029873262995367925,-1.0,39.3,83.0,31.3,0.0,0.0,-1.0,35.150000000000006,89.0,1.0,1.0,1.0,1.0,1.0,1.0,1.0,1.0,1.0,1.0,1.0,1.0,1.0,1.0,1.0,2.0,1.0,15.0,168.0,1.0,0.0,-1.0,1.0,15.0,0.0,-1.0,0.0,-1.0,1.0,168.0,0.0,-1.0,0.0,-1.0,0.0,-1.0,0.0,-1.0,0.0,-1.0,3.0,0.0,-105.0,,0.0,0.0,5.0,0.0,214.0,1.0,0.0,120.0,120.0,1.0,10.04,10.04,10.04,120.0,0.0,0.0,120.0,120.0,1.0,137.4,137.4,137.4,120.0,0.0,0.0,120.0,120.0,1.0,3.43,3.43,3.43,120.0,0.0,0.0,120.0,120.0,1.0,19.7,19.7,19.7,120.0,0.0,0.0,120.0,120.0,1.0,16.4,16.4,16.4,120.0,0.0,0.0,120.0,120.0,1.0,7.383,7.383,7.383,120.0,0.0,0.0,120.0,120.0,1.0,0.022,0.022,0.022,120.0,0.0,0.0,120.0,120.0,1.0,0.87,0.87,0.87,120.0,0.0,0.0,120.0,120.0,1.0,20.0,20.0,20.0,120.0,0.0,0.0,120.0,120.0,1.0,18.2,18.2,18.2,120.0,0.0,0.0,120.0,120.0,1.0,0.75,0.75,0.75,120.0,0.0,0.0,120.0,120.0,1.0,81.1,81.1,81.1,120.0,0.0,0.0,120.0,120.0,1.0,283.1,283.1,283.1,120.0,0.0,0.0,1.0
E000507,2,1,0,1,43,6.0,60.8,80.9,70.5,70.2,20.10000000000001,0.08992281339344947,0.008714717091892598,0.0,-0.020127127867996294,-1.0,80.9,65.0,60.8,110.0,0.0,-1.0,70.2,45.0,9.2,16.2,12.899999999999999,9.8,7.0,0.21622210358110627,0.0005496729090416165,0.0,-0.0293645783447255,-1.0,16.2,110.0,9.2,0.0,0.0,-1.0,9.8,78.0,119.0,146.5,131.41666666666666,122.8,27.5,0.08527199619241259,-0.020677218370459716,0.0,0.018662109800165003,-1.0,146.5,188.0,119.0,154.0,0.0,-1.0,122.8,34.0,69.8,87.6,78.61666666666666,79.0,17.799999999999997,0.07672641490623587,-0.0024926510155161255,0.0,-0.027467456136532165,-1.0,87.6,65.0,69.8,110.0,0.0,-1.0,79.0,45.0,95.5,99.7,97.7,95.5,4.200000000000003,0.013279768308446668,-0.00842387074681667,0.0,-0.013061082328355938,-1.0,99.7,154.0,95.5,240.0,0.0,-1.0,95.5,-1.0,36.38,36.72,36.55166666666667,36.53,0.3399999999999963,0.0035015241739542896,0.00016058809664647227,0.0,0.000560973486002823,-1.0,36.72,188.0,36.38,154.0,0.0,-1.0,36.53,34.0,14.0,15.0,14.5,14.0,1.0,0.034482758620689655,-0.005430021213104975,0.0,-0.006955026339849404,0.0,15.0,0.0,14.0,154.0,0.0,-1.0,14.0,-1.0,31.0,39.2,35.11666666666667,33.8,8.200000000000003,0.0781318526754726,0.013135670480874924,0.0,-0.007128085680700207,-1.0,39.2,154.0,31.0,0.0,0.0,-1.0,33.8,86.0,1.0,1.0,1.0,1.0,1.0,1.0,1.0,1.0,1.0,1.0,1.0,1.0,1.0,1.0,1.0,1.0,1.0,74.0,74.0,0.0,0.0,-1.0,0.0,-1.0,0.0,-1.0,0.0,-1.0,1.0,74.0,0.0,-1.0,0.0,-1.0,0.0,-1.0,0.0,-1.0,0.0,-1.0,3.0,0.0,74.0,,0.0,0.0,3.0,154.0,188.0,1.0,0.0,0.0,0.0,1.0,6.81,6.81,6.81,0.0,0.0,0.0,0.0,0.0,1.0,142.1,142.1,142.1,0.0,0.0,0.0,0.0,0.0,1.0,4.43,4.43,4.43,0.0,0.0,0.0,0.0,0.0,1.0,24.2,24.2,24.2,0.0,0.0,0.0,0.0,0.0,1.0,8.0,8.0,8.0,0.0,0.0,0.0,0.0,0.0,1.0,7.448,7.448,7.448,0.0,0.0,0.0,0.0,0.0,1.0,0.012,0.012,0.012,0.0,0.0,0.0,0.0,0.0,1.0,1.79,1.79,1.79,0.0,0.0,0.0,0.0,0.0,1.0,376.6,376.6,376.6,0.0,0.0,0.0,0.0,0.0,1.0,10.1,10.1,10.1,0.0,0.0,0.0,0.0,0.0,1.0,4.29,4.29,4.29,0.0,0.0,0.0,0.0,0.0,1.0,85.7,85.7,85.7,0.0,0.0,0.0,0.0,0.0,1.0,285.9,285.9,285.9,0.0,0.0,0.0,1.0
E000660,0,6,1,0,41,6.0,71.9,98.2,82.95,73.0,26.299999999999997,0.10960247568293795,-0.036902977549830476,0.0,-0.0946918968742374,-1.0,98.2,112.0,71.9,109.0,0.0,-1.0,73.0,31.0,12.7,17.8,15.083333333333334,13.5,5.100000000000001,0.14071379603295855,-0.020766543306099575,0.0,-0.01766611543362155,1.0,17.8,0.0,12.7,143.0,0.0,-1.0,13.5,-1.0,118.6,142.4,134.03333333333333,121.2,23.80000000000001,0.07534659170414697,-0.061204645915203026,0.0,-0.05430910618917189,1.0,142.4,112.0,118.6,85.0,0.0,-1.0,121.2,24.0,63.7,82.6,76.0,80.7,18.89999999999999,0.08778725437894885,-0.008201751756389411,0.0,0.017557676146067902,1.0,82.6,112.0,63.7,143.0,0.0,-1.0,80.7,97.0,95.5,98.4,97.14999999999999,97.0,2.9000000000000057,0.008829719836992824,-0.0011789200590824897,0.0,-0.0010423726516113688,-1.0,98.4,109.0,95.5,112.0,0.0,-1.0,97.0,31.0,36.52,37.23,36.781666666666666,36.62,0.7099999999999937,0.007294175239578127,-0.0008963171692838646,0.0,-0.0029004798438473233,-1.0,37.23,85.0,36.52,112.0,0.0,-1.0,36.62,27.0,14.0,15.0,14.5,14.0,1.0,0.034482758620689655,-0.004921705101023053,0.0,-0.005530403665247902,0.0,15.0,0.0,14.0,112.0,0.0,-1.0,14.0,-1.0,31.7,38.6,34.68333333333334,37.0,6.900000000000002,0.06831928424801818,-0.004268202950842937,0.0,0.027733347791905123,1.0,38.6,0.0,31.7,109.0,0.0,-1.0,37.0,131.0,3.0,1.0,1.0,1.0,1.0,1.0,1.0,1.0,1.0,1.0,1.0,1.0,1.0,1.0,1.0,1.0,1.0,39.0,39.0,1.0,0.0,-1.0,1.0,39.0,0.0,-1.0,0.0,-1.0,0.0,-1.0,0.0,-1.0,0.0,-1.0,0.0,-1.0,0.0,-1.0,0.0,-1.0,2.0,0.0,39.0,,0.0,0.0,3.0,112.0,240.0,0.0,0.0,0.0,240.0,3.0,5.43,3.96,8.42,120.0,-1.4699999999999998,-0.27071823204419887,0.0,240.0,3.0,141.1,139.7,141.1,0.0,-1.4000000000000057,-0.009922041105598908,0.0,240.0,3.0,4.13,3.49,4.13,0.0,-0.6399999999999997,-0.15496368038740913,0.0,240.0,3.0,23.2,22.5,24.0,120.0,-0.6999999999999993,-0.03017241379310342,0.0,240.0,3.0,60.2,8.2,60.2,0.0,-52.0,-0.8637873754152824,0.0,240.0,3.0,7.344,7.448,7.448,240.0,0.10400000000000009,0.014161220043572996,0.0,240.0,3.0,0.016,0.021,0.021,240.0,0.005000000000000001,0.31250000000000006,0.0,240.0,3.0,1.55,2.27,2.27,240.0,0.72,0.46451612903225803,0.0,240.0,3.0,186.7,224.3,481.5,120.0,37.60000000000002,0.20139260846277462,0.0,240.0,3.0,8.7,14.5,14.5,240.0,5.800000000000001,0.6666666666666669,0.0,240.0,3.0,4.82,0.41,4.82,0.0,-4.41,-0.9149377593360996,0.0,240.0,3.0,126.0,78.6,132.0,120.0,-47.400000000000006,-0.37619047619047624,0.0,240.0,3.0,292.7,277.5,292.7,0.0,-15.199999999999989,-0.051930304065596136,1.0
E000798,4,3,0,0,74,6.0,88.4,113.4,100.93333333333332,90.0,25.0,0.09756890915305205,-0.09627544890468885,0.0,-0.09678802048541549,1.0,113.4,116.0,88.4,143.0,0.0,-1.0,90.0,-1.0,13.2,21.4,16.683333333333334,15.0,8.2,0.16644987585484897,-0.024439177734985735,0.0,-0.006173458027165476,1.0,21.4,0.0,13.2,90.0,0.0,-1.0,15.0,14.0,113.1,133.3,122.7,132.4,20.200000000000017,0.0630029277590471,0.09200941424315776,0.0,0.10191494099309696,-1.0,133.3,143.0,113.1,0.0,0.0,-1.0,132.4,-1.0,72.4,92.5,80.43333333333335,75.3,20.099999999999994,0.09043042510508531,-0.011813887654503752,0.0,-0.051334613671788036,1.0,92.5,104.0,72.4,90.0,0.0,-1.0,75.3,39.0,95.3,97.9,96.58333333333333,97.8,2.6000000000000085,0.010412545188297226,0.008020210997547806,0.0,0.0065060676909372344,1.0,97.9,116.0,95.3,143.0,0.0,-1.0,97.8,27.0,36.7,37.37,37.08166666666667,36.7,0.6699999999999946,0.006028944611149943,-0.0020643855231323926,0.0,-0.004283567134268677,-1.0,37.37,90.0,36.7,240.0,0.0,-1.0,36.7,-1.0,12.0,15.0,13.833333333333334,14.0,3.0,0.07714607514979335,0.001168551161144898,0.0,-0.005566688933422441,0.0,15.0,90.0,12.0,143.0,1.0,143.0,14.0,14.0,37.4,41.6,39.800000000000004,39.3,4.200000000000003,0.03217650370569273,0.0055728369459668884,0.0,-0.011365787129815313,-1.0,41.6,90.0,37.4,0.0,0.0,-1.0,39.3,150.0,1.0,1.0,1.0,1.0,1.0,1.0,1.0,1.0,1.0,1.0,1.0,1.0,1.0,1.0,1.0,2.0,1.0,27.0,38.0,2.0,1.0,38.0,0.0,-1.0,0.0,-1.0,0.0,-1.0,1.0,27.0,0.0,-1.0,0.0,-1.0,0.0,-1.0,0.0,-1.0,0.0,-1.0,4.0,0.0,-93.0,,1.0,97.0,3.0,143.0,240.0,0.0,0.0,120.0,120.0,1.0,7.17,7.17,7.17,120.0,0.0,0.0,120.0,120.0,1.0,142.6,142.6,142.6,120.0,0.0,0.0,120.0,120.0,1.0,4.19,4.19,4.19,120.0,0.0,0.0,120.0,120.0,1.0,21.7,21.7,21.7,120.0,0.0,0.0,120.0,120.0,1.0,32.6,32.6,32.6,120.0,0.0,0.0,120.0,120.0,1.0,7.379,7.379,7.379,120.0,0.0,0.0,120.0,120.0,1.0,0.032,0.032,0.032,120.0,0.0,0.0,120.0,120.0,1.0,2.52,2.52,2.52,120.0,0.0,0.0,120.0,120.0,1.0,411.8,411.8,411.8,120.0,0.0,0.0,120.0,120.0,1.0,17.7,17.7,17.7,120.0,0.0,0.0,120.0,120.0,1.0,6.87,6.87,6.87,120.0,0.0,0.0,120.0,120.0,1.0,96.6,96.6,96.6,120.0,0.0,0.0,120.0,120.0,1.0,287.1,287.1,287.1,120.0,0.0,0.0,1.0
E001357,3,2,0,1,65,9.0,72.9,104.6,89.6,72.9,31.69999999999999,0.10942433896879844,-0.06327523341834063,-0.2896551724137929,-0.04386246848476702,1.0,104.6,0.0,72.9,240.0,0.0,-1.0,78.65,-1.0,12.3,22.3,16.46666666666667,17.4,10.0,0.1697027685436007,-0.007304149893565486,-0.08103448275862071,-0.018768163359571998,1.0,22.3,105.0,12.3,216.0,0.0,-1.0,14.85,24.0,102.8,131.5,121.32222222222224,126.8,28.700000000000003,0.06212006813278314,0.05077265159019505,0.2948275862068961,-0.005239708231490687,-1.0,131.5,105.0,102.8,0.0,0.0,-1.0,122.94999999999999,-1.0,59.2,82.2,71.76666666666668,82.2,23.0,0.09140233504293258,0.0493681370792672,0.09655172413793092,0.06114580727111744,1.0,82.2,240.0,59.2,108.0,0.0,-1.0,77.4,-1.0,94.0,98.0,96.26666666666668,96.7,4.0,0.011015217258024138,0.0015920922292237216,-0.037931034482758766,0.009973248137954657,1.0,98.0,0.0,94.0,68.0,0.0,-1.0,96.6,17.0,36.88,37.44,37.128888888888895,36.92,0.5599999999999952,0.004796908093147359,-0.001391700212869201,0.0018965517241378244,-0.002451403991608835,-1.0,37.44,68.0,36.88,201.0,0.0,-1.0,36.985,17.0,13.0,15.0,14.333333333333334,15.0,2.0,0.04651162790697674,-0.0009547495099795929,0.017241379310344796,-0.001356839046171057,0.0,15.0,58.0,13.0,201.0,0.0,-1.0,14.5,10.0,30.8,43.2,37.300000000000004,35.6,12.400000000000002,0.10029660658872708,0.00966446772187903,0.09482758620689641,0.010604515098442884,-1.0,43.2,216.0,30.8,108.0,0.0,-1.0,39.400000000000006,24.0,2.0,1.0,1.0,1.0,1.0,1.0,1.0,1.0,1.0,1.0,1.0,1.0,1.0,1.0,1.0,2.0,1.0,66.0,178.0,0.0,0.0,-1.0,1.0,66.0,0.0,-1.0,1.0,178.0,0.0,-1.0,0.0,-1.0,0.0,-1.0,0.0,-1.0,0.0,-1.0,0.0,-1.0,5.0,0.0,66.0,,0.0,0.0,2.0,201.0,201.0,1.0,0.0,0.0,120.0,2.0,5.39,7.3,7.3,120.0,1.9100000000000001,0.3543599257884973,0.0,120.0,2.0,139.6,135.4,139.6,0.0,-4.199999999999989,-0.03008595988538674,0.0,120.0,2.0,4.27,3.83,4.27,0.0,-0.4399999999999995,-0.10304449648711933,0.0,120.0,2.0,22.5,21.2,22.5,0.0,-1.3000000000000007,-0.05777777777777781,0.0,120.0,2.0,30.4,24.6,30.4,0.0,-5.799999999999997,-0.19078947368421045,0.0,120.0,2.0,7.344,7.37,7.37,120.0,0.0259999999999998,0.003540305010893219,0.0,120.0,2.0,0.012,0.003,0.012,0.0,-0.009000000000000001,-0.7500000000000001,0.0,120.0,2.0,3.19,3.4,3.4,120.0,0.20999999999999996,0.06583072100313479,0.0,120.0,2.0,254.3,228.4,254.3,0.0,-25.900000000000006,-0.1018482107746756,0.0,120.0,2.0,17.3,13.4,17.3,0.0,-3.9000000000000004,-0.2254335260115607,0.0,120.0,2.0,5.06,5.5,5.5,120.0,0.4400000000000004,0.08695652173913052,0.0,120.0,2.0,71.9,109.9,109.9,120.0,38.0,0.5285118219749652,0.0,120.0,2.0,292.6,276.4,292.6,0.0,-16.200000000000045,-0.055365686944634465,1.0
E002149,3,2,0,1,65,6.0,62.7,91.8,77.41666666666667,91.8,29.099999999999994,0.13094034199984467,0.08942861361287488,0.46816380449141315,0.14301801801801803,1.0,91.8,240.0,62.7,0.0,0.0,-1.0,91.8,-1.0,7.0,15.7,12.450000000000001,13.1,8.7,0.2465549474404952,0.010964659141242688,-0.0556803170409511,-0.010672210672210634,-1.0,15.7,26.0,7.0,55.0,1.0,55.0,13.1,29.0,119.7,140.0,131.25,134.2,20.299999999999997,0.05943793170078953,0.030239050776478982,0.28322324966974893,0.05878378378378418,-1.0,140.0,126.0,119.7,96.0,0.0,-1.0,134.2,-1.0,63.1,85.6,75.64999999999999,63.1,22.499999999999993,0.09207311054744609,-0.06291692951961628,-0.059643328929987485,-0.09894317394317356,-1.0,85.6,26.0,63.1,240.0,0.0,-1.0,63.1,-1.0,94.7,98.6,97.55,98.6,3.8999999999999915,0.013427967348797896,0.0010804934029506328,0.005482166446498611,0.022020097020097336,1.0,98.6,240.0,94.7,96.0,0.0,-1.0,98.6,30.0,36.21,36.78,36.571666666666665,36.21,0.5700000000000003,0.005082317751184858,-0.001992805658832492,0.0014002642007926482,-0.0030388080388079083,-1.0,36.78,55.0,36.21,240.0,0.0,-1.0,36.21,-1.0,13.0,15.0,14.0,13.0,2.0,0.05832118435198043,-0.0023891655369581957,0.036327608982826935,-0.012474012474012428,-1.0,15.0,55.0,13.0,0.0,0.0,-1.0,13.0,71.0,25.4,35.9,32.61666666666667,34.0,10.5,0.10603548567576546,-0.0006724561427055756,-0.05118890356671062,0.04029799029799031,1.0,35.9,0.0,25.4,96.0,1.0,96.0,34.0,30.0,1.0,1.0,1.0,1.0,1.0,1.0,1.0,1.0,1.0,1.0,1.0,1.0,1.0,1.0,1.0,1.0,1.0,97.0,97.0,0.0,0.0,-1.0,0.0,-1.0,0.0,-1.0,0.0,-1.0,1.0,97.0,0.0,-1.0,0.0,-1.0,0.0,-1.0,0.0,-1.0,0.0,-1.0,3.0,0.0,97.0,,2.0,41.0,2.0,0.0,240.0,0.0,0.0,0.0,0.0,1.0,4.61,4.61,4.61,0.0,0.0,0.0,0.0,0.0,1.0,138.1,138.1,138.1,0.0,0.0,0.0,0.0,0.0,1.0,3.97,3.97,3.97,0.0,0.0,0.0,0.0,0.0,1.0,25.2,25.2,25.2,0.0,0.0,0.0,0.0,0.0,1.0,41.9,41.9,41.9,0.0,0.0,0.0,0.0,0.0,1.0,7.391,7.391,7.391,0.0,0.0,0.0,0.0,0.0,1.0,0.0,0.0,0.0,0.0,0.0,0.0,0.0,0.0,1.0,0.76,0.76,0.76,0.0,0.0,0.0,0.0,0.0,1.0,157.2,157.2,157.2,0.0,0.0,0.0,0.0,0.0,1.0,13.3,13.3,13.3,0.0,0.0,0.0,0.0,0.0,1.0,0.1,0.1,0.1,0.0,0.0,0.0,0.0,0.0,1.0,71.8,71.8,71.8,0.0,0.0,0.0,0.0,0.0,1.0,290.2,290.2,290.2,0.0,0.0,0.0,1.0
E001732,2,1,0,1,43,7.0,64.3,85.9,72.9,69.9,21.60000000000001,0.08992125667066425,-0.05145426302174737,-0.030188679245283394,-0.07714533371857862,1.0,85.9,77.0,64.3,209.0,0.0,-1.0,69.9,-1.0,10.1,16.9,13.242857142857142,16.9,6.799999999999999,0.15709780723536165,0.014683669357459456,0.09811320754716978,0.017990946739863217,-1.0,16.9,240.0,10.1,0.0,0.0,-1.0,16.9,-1.0,117.0,137.6,129.44285714285712,122.5,20.599999999999994,0.05765793103725623,0.020277463635299937,0.3773584905660376,-0.011653664644129941,-1.0,137.6,134.0,117.0,0.0,0.0,-1.0,122.5,106.0,61.4,86.8,74.94285714285715,79.9,25.4,0.10007715628729814,0.00544105603868493,0.2603773584905657,0.05287007608590975,-1.0,86.8,53.0,61.4,77.0,0.0,-1.0,79.9,24.0,94.6,98.3,97.0,96.1,3.700000000000003,0.012757824935321198,-0.004372213339573147,-1.0266756331934827e-16,0.00620726187036519,-1.0,98.3,0.0,94.6,90.0,0.0,-1.0,96.1,44.0,36.33,36.69,36.53,36.57,0.35999999999999943,0.003384489699021366,-0.00011487865434364525,0.002830188679245164,0.00045747857074063595,-1.0,36.69,90.0,36.33,77.0,0.0,-1.0,36.57,13.0,14.0,15.0,14.285714285714286,14.0,1.0,0.03162277660168379,-0.0001234904912321827,-6.415710101121067e-17,-0.0036598285659250667,0.0,15.0,90.0,14.0,0.0,0.0,-1.0,14.0,119.0,26.0,37.5,32.8,34.0,11.5,0.0990066023054851,-0.01027083414577079,-0.03396226415094355,-0.023013579890205166,1.0,37.5,134.0,26.0,209.0,1.0,209.0,34.0,31.0,1.0,1.0,1.0,1.0,1.0,1.0,1.0,1.0,1.0,1.0,1.0,1.0,1.0,1.0,1.0,1.0,1.0,121.0,121.0,0.0,1.0,121.0,0.0,-1.0,0.0,-1.0,0.0,-1.0,0.0,-1.0,0.0,-1.0,0.0,-1.0,0.0,-1.0,0.0,-1.0,0.0,-1.0,4.0,0.0,121.0,,1.0,31.0,3.0,0.0,209.0,1.0,0.0,0.0,0.0,1.0,5.66,5.66,5.66,0.0,0.0,0.0,0.0,0.0,1.0,140.1,140.1,140.1,0.0,0.0,0.0,0.0,0.0,1.0,3.41,3.41,3.41,0.0,0.0,0.0,0.0,0.0,1.0,19.8,19.8,19.8,0.0,0.0,0.0,0.0,0.0,1.0,26.8,26.8,26.8,0.0,0.0,0.0,0.0,0.0,1.0,7.413,7.413,7.413,0.0,0.0,0.0,0.0,0.0,1.0,0.017,0.017,0.017,0.0,0.0,0.0,0.0,0.0,1.0,1.98,1.98,1.98,0.0,0.0,0.0,0.0,0.0,1.0,413.1,413.1,413.1,0.0,0.0,0.0,0.0,0.0,1.0,16.1,16.1,16.1,0.0,0.0,0.0,0.0,0.0,1.0,0.1,0.1,0.1,0.0,0.0,0.0,0.0,0.0,1.0,66.1,66.1,66.1,0.0,0.0,0.0,0.0,0.0,1.0,282.1,282.1,282.1,0.0,0.0,0.0,1.0
E000099,1,0,0,1,38,6.0,57.2,77.6,65.44999999999999,77.6,20.39999999999999,0.11028933601647287,0.002666629144371081,-0.1522727272727273,0.0886849542809643,1.0,77.6,240.0,57.2,161.0,0.0,-1.0,77.6,79.0,9.1,18.1,13.683333333333335,10.4,9.000000000000002,0.24327931896432162,-0.0271780687542464,-0.045454545454545456,-0.0010872817955112283,1.0,18.1,0.0,9.1,122.0,0.0,-1.0,10.4,39.0,114.8,144.0,131.8166666666667,132.7,29.200000000000003,0.08282669508536632,0.025605348535223494,-0.5090909090909084,-0.03657855361596022,1.0,144.0,122.0,114.8,44.0,0.0,-1.0,132.7,78.0,75.6,90.2,79.8,79.7,14.600000000000009,0.0603892153212028,-0.03333587948910696,-0.281818181818182,0.0281562759767248,1.0,90.2,0.0,75.6,161.0,0.0,-1.0,79.7,-1.0,95.8,98.2,96.83333333333333,96.1,2.4000000000000057,0.008446020066358226,-0.0001005061489661988,0.018181818181818073,-0.004289276807980315,-1.0,98.2,194.0,95.8,161.0,0.0,-1.0,96.1,46.0,36.33,36.69,36.553333333333335,36.63,0.35999999999999943,0.0035093710386456126,-0.0007732541076863207,0.0004545454545452758,0.000976226101413111,1.0,36.69,44.0,36.33,194.0,0.0,-1.0,36.63,46.0,13.0,15.0,14.5,15.0,2.0,0.05267328385006713,-0.001242256001222144,-0.022727272727272752,-0.003923524522028234,1.0,15.0,0.0,13.0,194.0,0.0,-1.0,15.0,46.0,31.2,42.2,35.81666666666667,33.1,11.000000000000004,0.12136266112692158,0.002612757848525134,0.24999999999999983,0.019168744804655,-1.0,42.2,44.0,31.2,0.0,0.0,-1.0,33.1,78.0,1.0,1.0,1.0,1.0,1.0,1.0,1.0,1.0,1.0,1.0,1.0,1.0,1.0,1.0,1.0,2.0,1.0,15.0,148.0,1.0,1.0,15.0,1.0,148.0,0.0,-1.0,0.0,-1.0,0.0,-1.0,0.0,-1.0,0.0,-1.0,0.0,-1.0,0.0,-1.0,0.0,-1.0,4.0,0.0,15.0,,0.0,0.0,4.0,194.0,194.0,0.0,0.0,0.0,0.0,1.0,7.68,7.68,7.68,0.0,0.0,0.0,0.0,0.0,1.0,140.5,140.5,140.5,0.0,0.0,0.0,0.0,0.0,1.0,3.94,3.94,3.94,0.0,0.0,0.0,0.0,0.0,1.0,22.3,22.3,22.3,0.0,0.0,0.0,0.0,0.0,1.0,22.0,22.0,22.0,0.0,0.0,0.0,0.0,0.0,1.0,7.397,7.397,7.397,0.0,0.0,0.0,0.0,0.0,1.0,0.007,0.007,0.007,0.0,0.0,0.0,0.0,0.0,1.0,1.9,1.9,1.9,0.0,0.0,0.0,0.0,0.0,1.0,133.1,133.1,133.1,0.0,0.0,0.0,0.0,0.0,1.0,12.7,12.7,12.7,0.0,0.0,0.0,0.0,0.0,1.0,4.39,4.39,4.39,0.0,0.0,0.0,0.0,0.0,1.0,99.0,99.0,99.0,0.0,0.0,0.0,0.0,0.0,1.0,284.3,284.3,284.3,0.0,0.0,0.0,1.0
E001106,4,3,0,0,74,7.0,118.3,157.2,136.97142857142856,139.7,38.89999999999999,0.0890865224468721,0.017716253100828895,-0.6314285714285713,0.09773409846615855,1.0,157.2,134.0,118.3,72.0,5.0,0.0,139.7,62.0,22.8,36.8,28.200000000000006,36.8,13.999999999999996,0.164207208343114,0.015300350512597151,-0.12285714285714298,0.04079293145983046,1.0,36.8,240.0,22.8,134.0,5.0,0.0,36.8,106.0,97.2,132.5,119.52857142857144,132.5,35.3,0.09246040204436133,0.11820433640428189,0.7514285714285709,0.12065590475168933,-1.0,132.5,240.0,97.2,0.0,0.0,-1.0,132.5,-1.0,63.4,75.2,70.14285714285714,73.7,11.800000000000004,0.05794503162295075,0.012282210205111853,0.18571428571428553,0.04356832564625106,-1.0,75.2,156.0,63.4,134.0,0.0,-1.0,73.7,-1.0,90.7,94.2,92.58571428571429,90.7,3.5,0.012481869104247296,-0.008651221671777017,0.05428571428571372,-0.020327416067789674,-1.0,94.2,72.0,90.7,240.0,1.0,240.0,90.7,55.0,37.89,38.31,38.160000000000004,38.27,0.4200000000000017,0.003628431026194526,-0.00045691036683092473,-0.0011428571428571328,0.0010872305052021338,1.0,38.31,0.0,37.89,127.0,0.0,-1.0,38.27,29.0,10.0,13.0,11.285714285714286,11.0,3.0,0.0912797791256706,0.005294276912269378,-6.126435390420415e-17,-0.00825914405234372,0.0,13.0,127.0,10.0,0.0,6.0,0.0,11.0,29.0,41.6,49.1,45.057142857142864,41.6,7.5,0.050371279919430564,-0.019950313558763994,-0.12285714285714314,-0.014614394508205682,1.0,49.1,0.0,41.6,240.0,0.0,-1.0,41.6,-1.0,3.0,1.0,1.0,1.0,1.0,1.0,1.0,1.0,1.0,1.0,1.0,1.0,1.0,1.0,1.0,2.0,1.0,133.0,157.0,0.0,0.0,-1.0,1.0,133.0,0.0,-1.0,0.0,-1.0,1.0,157.0,0.0,-1.0,0.0,-1.0,0.0,-1.0,0.0,-1.0,0.0,-1.0,3.0,0.0,133.0,,17.0,134.0,3.0,0.0,-1.0,0.0,0.0,0.0,240.0,3.0,7.71,16.09,16.09,240.0,8.379999999999999,1.086900129701686,0.0,240.0,3.0,136.4,137.9,139.4,120.0,1.5,0.01099706744868035,0.0,240.0,3.0,4.8,4.57,4.8,0.0,-0.22999999999999954,-0.04791666666666657,0.0,240.0,3.0,19.5,22.4,22.4,240.0,2.8999999999999986,0.14871794871794863,0.0,240.0,3.0,81.3,63.0,81.3,0.0,-18.299999999999997,-0.2250922509225092,0.0,240.0,3.0,7.306,7.317,7.317,240.0,0.01100000000000012,0.00150561182589654,0.0,240.0,3.0,0.165,0.149,0.182,120.0,-0.016000000000000014,-0.09696969696969705,0.0,240.0,3.0,5.25,4.19,5.25,0.0,-1.0599999999999996,-0.20190476190476184,0.0,240.0,3.0,959.1,862.4,1097.8,120.0,-96.70000000000005,-0.10082368887498701,0.0,240.0,3.0,18.0,25.6,25.6,240.0,7.600000000000001,0.4222222222222223,0.0,240.0,3.0,6.61,4.06,7.54,120.0,-2.5500000000000007,-0.38577912254160374,0.0,240.0,3.0,112.2,110.9,135.2,120.0,-1.2999999999999972,-0.011586452762923326,0.0,240.0,3.0,295.2,300.6,303.6,120.0,5.400000000000034,0.018292682926829385,1.0
E000885,3,2,0,1,65,9.0,56.9,91.6,74.58888888888889,75.5,34.699999999999996,0.14924448623782943,-0.013556201420754794,0.603563714902808,-0.0850321159845846,-1.0,91.6,42.0,56.9,205.0,0.0,-1.0,77.2,161.0,9.4,17.4,13.466666666666665,13.1,7.999999999999998,0.20519189877289806,-0.007586389115573464,-0.0585853131749459,-0.03754450357863833,1.0,17.4,203.0,9.4,205.0,0.0,-1.0,12.399999999999999,35.0,104.3,135.6,121.75555555555555,129.7,31.299999999999997,0.07797100078199232,0.019518990220605006,-0.5416846652267813,0.19636997614241078,1.0,135.6,0.0,104.3,42.0,0.0,-1.0,130.25,163.0,66.0,86.5,75.78888888888889,75.7,20.5,0.06855930600347808,0.009157814820265125,0.32694384449244046,0.031040557900532183,-1.0,86.5,42.0,66.0,0.0,0.0,-1.0,76.80000000000001,2.0,96.4,98.1,97.14444444444445,97.6,1.6999999999999886,0.00506885961481418,0.00036555672985605933,0.006749460043196945,0.0022352725270687697,-1.0,98.1,42.0,96.4,44.0,0.0,-1.0,97.5,2.0,36.43,36.93,36.65222222222222,36.59,0.5,0.0049609227669874,3.94988561719836e-05,0.008990280777537775,0.0024804551293816433,-1.0,36.93,223.0,36.43,0.0,0.0,-1.0,36.760000000000005,17.0,13.0,15.0,14.333333333333334,15.0,2.0,0.056964877739143674,0.0028244525010368156,0.0016198704103672313,0.002532574784364096,1.0,15.0,44.0,13.0,42.0,0.0,-1.0,14.0,2.0,28.8,42.8,35.07777777777777,31.9,13.999999999999996,0.12418225053795312,-0.005218631687380365,0.2232181425485963,-0.0999779776105709,-1.0,42.8,42.0,28.8,0.0,1.0,0.0,33.099999999999994,2.0,1.0,1.0,1.0,1.0,1.0,1.0,1.0,1.0,1.0,1.0,1.0,1.0,1.0,1.0,1.0,1.0,1.0,18.0,18.0,1.0,0.0,-1.0,0.0,-1.0,0.0,-1.0,0.0,-1.0,1.0,18.0,0.0,-1.0,0.0,-1.0,0.0,-1.0,0.0,-1.0,0.0,-1.0,3.0,0.0,18.0,,1.0,42.0,5.0,42.0,195.0,1.0,0.0,0.0,0.0,1.0,7.69,7.69,7.69,0.0,0.0,0.0,0.0,0.0,1.0,140.7,140.7,140.7,0.0,0.0,0.0,0.0,0.0,1.0,3.39,3.39,3.39,0.0,0.0,0.0,0.0,0.0,1.0,22.3,22.3,22.3,0.0,0.0,0.0,0.0,0.0,1.0,8.1,8.1,8.1,0.0,0.0,0.0,0.0,0.0,1.0,7.425,7.425,7.425,0.0,0.0,0.0,0.0,0.0,1.0,0.0,0.0,0.0,0.0,0.0,0.0,0.0,0.0,1.0,1.87,1.87,1.87,0.0,0.0,0.0,0.0,0.0,1.0,20.0,20.0,20.0,0.0,0.0,0.0,0.0,0.0,1.0,12.8,12.8,12.8,0.0,0.0,0.0,0.0,0.0,1.0,0.66,0.66,0.66,0.0,0.0,0.0,0.0,0.0,1.0,81.7,81.7,81.7,0.0,0.0,0.0,0.0,0.0,1.0,287.5,287.5,287.5,0.0,0.0,0.0,1.0
E000400,1,0,0,1,38,9.0,71.0,105.9,88.44444444444443,105.9,34.900000000000006,0.1026539509252549,0.0687594708282771,0.46208031599736643,0.20282913512842796,1.0,105.9,240.0,71.0,0.0,0.0,-1.0,96.56666666666668,-1.0,14.3,23.8,17.188888888888886,17.1,9.5,0.17309133246432443,0.007897177457385213,0.04170506912442397,0.04412458121355006,-1.0,23.8,221.0,14.3,43.0,0.0,-1.0,19.366666666666667,5.0,101.3,140.7,123.95555555555555,126.7,39.39999999999999,0.09324759387045421,0.0528676567677518,-0.5977946017116517,-0.14828142449435391,1.0,140.7,206.0,101.3,43.0,0.0,-1.0,122.76666666666667,124.0,68.8,89.2,75.15555555555557,89.2,20.400000000000006,0.07900493364160036,0.01916314032230685,0.21122448979591904,0.14069983868966363,1.0,89.2,240.0,68.8,0.0,0.0,-1.0,77.5,-1.0,94.6,100.0,96.57777777777777,98.3,5.400000000000006,0.0170193760931683,0.00759316779949834,-0.059743252139565176,0.02981759523514064,1.0,100.0,221.0,94.6,43.0,0.0,-1.0,98.0,5.0,36.59,37.41,37.007777777777775,36.69,0.8199999999999932,0.007203190085989352,-0.001727919215799644,-0.0069749835418032894,0.0018649956570294007,1.0,37.41,0.0,36.59,179.0,0.0,-1.0,36.986666666666665,42.0,13.0,15.0,14.555555555555555,15.0,2.0,0.04705659544251127,0.004137297929464725,-0.009874917709019061,0.00012408487405382872,-1.0,15.0,33.0,13.0,43.0,0.0,-1.0,15.0,10.0,33.3,43.6,37.52222222222222,41.7,10.300000000000004,0.08653925067586782,0.005096956130809091,-0.021329822251481216,0.024333043801960594,1.0,43.6,179.0,33.3,167.0,0.0,-1.0,38.0,27.0,1.0,1.0,1.0,1.0,1.0,1.0,1.0,1.0,1.0,1.0,1.0,1.0,1.0,1.0,1.0,1.0,1.0,127.0,127.0,0.0,0.0,-1.0,1.0,127.0,0.0,-1.0,0.0,-1.0,0.0,-1.0,0.0,-1.0,0.0,-1.0,0.0,-1.0,0.0,-1.0,0.0,-1.0,2.0,0.0,127.0,,0.0,0.0,2.0,43.0,206.0,1.0,0.0,0.0,0.0,1.0,7.83,7.83,7.83,0.0,0.0,0.0,0.0,0.0,1.0,141.3,141.3,141.3,0.0,0.0,0.0,0.0,0.0,1.0,3.57,3.57,3.57,0.0,0.0,0.0,0.0,0.0,1.0,22.5,22.5,22.5,0.0,0.0,0.0,0.0,0.0,1.0,23.3,23.3,23.3,0.0,0.0,0.0,0.0,0.0,1.0,7.355,7.355,7.355,0.0,0.0,0.0,0.0,0.0,1.0,0.0,0.0,0.0,0.0,0.0,0.0,0.0,0.0,1.0,2.3,2.3,2.3,0.0,0.0,0.0,0.0,0.0,1.0,210.6,210.6,210.6,0.0,0.0,0.0,0.0,0.0,1.0,15.2,15.2,15.2,0.0,0.0,0.0,0.0,0.0,1.0,0.61,0.61,0.61,0.0,0.0,0.0,0.0,0.0,1.0,82.9,82.9,82.9,0.0,0.0,0.0,0.0,0.0,1.0,293.3,293.3,293.3,0.0,0.0,0.0,1.0
E000882,3,2,0,1,65,6.0,48.8,75.7,62.15,60.5,26.900000000000006,0.13560547576379609,-0.0637513282346614,-0.3809523809523809,-0.07329002044720004,1.0,75.7,0.0,48.8,199.0,0.0,-1.0,59.85,-1.0,8.0,17.2,11.733333333333334,10.0,9.2,0.2501129651802154,-0.0044792664209159175,0.21904761904761894,-0.009293582217531822,-1.0,17.2,42.0,8.0,0.0,0.0,-1.0,10.05,37.0,121.1,145.3,132.9,130.9,24.200000000000017,0.06486033204034278,-0.019640163192485897,-0.5761904761904767,-0.025921772970120584,1.0,145.3,0.0,121.1,42.0,0.0,-1.0,135.55,37.0,69.8,81.9,77.33333333333334,81.0,12.100000000000009,0.05382410965379532,0.0063197733146177805,-0.01190476190476231,-0.013986544423191086,1.0,81.9,199.0,69.8,212.0,0.0,-1.0,75.4,28.0,95.1,97.9,96.80000000000001,96.9,2.8000000000000114,0.009617245209207275,-0.0041854149995407255,-0.04047619047619114,-0.00634852582283504,1.0,97.9,0.0,95.1,199.0,0.0,-1.0,97.0,13.0,35.95,36.81,36.46333333333334,36.36,0.8599999999999994,0.007493327226007171,-0.0020221306851723065,0.0028571428571429326,-0.0008370160279664766,-1.0,36.81,42.0,35.95,199.0,0.0,-1.0,36.435,13.0,14.0,15.0,14.333333333333334,14.0,1.0,0.03288868749704872,0.00040666937779584725,-8.096015127605155e-17,-0.005738407756744279,0.0,15.0,79.0,14.0,0.0,0.0,-1.0,14.0,133.0,28.7,33.7,31.566666666666674,33.7,5.0000000000000036,0.058973609315493995,0.009174329979404214,-0.10476190476190488,0.022643625090693235,1.0,33.7,240.0,28.7,42.0,2.0,42.0,32.55,157.0,1.0,1.0,1.0,1.0,1.0,1.0,1.0,1.0,1.0,1.0,1.0,1.0,1.0,1.0,1.0,1.0,1.0,209.0,209.0,0.0,0.0,-1.0,1.0,209.0,0.0,-1.0,0.0,-1.0,0.0,-1.0,0.0,-1.0,0.0,-1.0,0.0,-1.0,0.0,-1.0,0.0,-1.0,2.0,0.0,89.0,,2.0,157.0,3.0,0.0,199.0,1.0,0.0,120.0,120.0,1.0,7.72,7.72,7.72,120.0,0.0,0.0,120.0,120.0,1.0,140.7,140.7,140.7,120.0,0.0,0.0,120.0,120.0,1.0,3.87,3.87,3.87,120.0,0.0,0.0,120.0,120.0,1.0,27.6,27.6,27.6,120.0,0.0,0.0,120.0,120.0,1.0,27.9,27.9,27.9,120.0,0.0,0.0,120.0,120.0,1.0,7.414,7.414,7.414,120.0,0.0,0.0,120.0,120.0,1.0,0.011,0.011,0.011,120.0,0.0,0.0,120.0,120.0,1.0,1.57,1.57,1.57,120.0,0.0,0.0,120.0,120.0,1.0,116.1,116.1,116.1,120.0,0.0,0.0,120.0,120.0,1.0,14.1,14.1,14.1,120.0,0.0,0.0,120.0,120.0,1.0,0.1,0.1,0.1,120.0,0.0,0.0,120.0,120.0,1.0,87.1,87.1,87.1,120.0,0.0,0.0,120.0,120.0,1.0,283.9,283.9,283.9,120.0,0.0,0.0,1.0
E000934,4,3,0,0,74,9.0,82.2,99.6,92.30000000000001,92.2,17.39999999999999,0.05737714379035574,0.013503857084855651,0.0,0.014625236376138936,-1.0,99.6,209.0,82.2,104.0,0.0,-1.0,94.05000000000001,31.0,16.1,22.4,18.944444444444443,17.5,6.299999999999997,0.10775200817515461,-0.00853836784409257,0.0,-0.008114148186350338,-1.0,22.4,104.0,16.1,119.0,0.0,-1.0,19.5,64.0,108.9,139.4,128.6888888888889,108.9,30.5,0.0757156790241258,-0.06585870889159559,0.0,-0.1378760529482553,-1.0,139.4,92.0,108.9,240.0,0.0,-1.0,116.15,-1.0,65.7,89.0,78.51111111111112,65.7,23.299999999999997,0.07801307945342198,-0.027488834754364637,0.0,-0.05313305827746266,-1.0,89.0,119.0,65.7,240.0,0.0,-1.0,73.75,-1.0,94.3,98.3,96.47777777777776,95.9,4.0,0.012776854311513227,0.006002842062525279,0.0,-0.0032963727007048146,-1.0,98.3,183.0,94.3,0.0,0.0,-1.0,95.55000000000001,41.0,36.61,37.53,37.156666666666666,36.61,0.9200000000000017,0.006804981167493624,-0.0013781973203410513,0.0,-0.00017405879319238782,-1.0,37.53,0.0,36.61,240.0,0.0,-1.0,37.01,-1.0,12.0,15.0,13.666666666666666,14.0,3.0,0.06898602743283391,0.00196914332115306,0.0,0.006618531889290013,1.0,15.0,183.0,12.0,119.0,1.0,119.0,13.5,64.0,33.4,41.8,38.400000000000006,38.9,8.399999999999999,0.06626852320830663,-0.01869062119366627,0.0,-0.03369004641567823,1.0,41.8,92.0,33.4,224.0,0.0,-1.0,36.15,16.0,3.0,1.0,1.0,1.0,1.0,1.0,1.0,1.0,1.0,1.0,1.0,1.0,1.0,1.0,1.0,3.0,1.0,45.0,160.0,1.0,1.0,45.0,1.0,147.0,0.0,-1.0,1.0,160.0,0.0,-1.0,0.0,-1.0,0.0,-1.0,0.0,-1.0,0.0,-1.0,0.0,-1.0,5.0,0.0,45.0,,1.0,64.0,5.0,119.0,183.0,1.0,0.0,0.0,240.0,3.0,6.91,11.52,11.52,240.0,4.609999999999999,0.667149059334298,0.0,240.0,3.0,140.0,145.0,145.0,240.0,5.0,0.03571428571428571,0.0,240.0,3.0,4.31,3.11,4.31,0.0,-1.1999999999999997,-0.27842227378190254,0.0,240.0,3.0,23.3,18.9,23.3,0.0,-4.400000000000002,-0.1888412017167383,0.0,240.0,3.0,62.1,33.9,62.1,0.0,-28.200000000000003,-0.45410628019323673,0.0,240.0,3.0,7.32,7.396,7.396,240.0,0.07599999999999962,0.010382513661202134,0.0,240.0,3.0,0.074,0.009,0.074,0.0,-0.065,-0.8783783783783784,0.0,240.0,3.0,3.04,1.7,3.72,120.0,-1.34,-0.44078947368421056,0.0,240.0,3.0,668.1,576.6,668.1,0.0,-91.5,-0.13695554557700942,0.0,240.0,3.0,10.2,16.3,18.2,120.0,6.100000000000001,0.5980392156862747,0.0,240.0,3.0,5.03,0.1,7.23,120.0,-4.930000000000001,-0.9801192842942347,0.0,240.0,3.0,94.4,113.2,116.1,120.0,18.799999999999997,0.19915254237288132,0.0,240.0,3.0,281.9,286.0,291.9,120.0,4.100000000000023,0.014544164597375037,1.0
E000629,4,3,0,0,74,8.0,102.4,143.0,127.3375,139.3,40.599999999999994,0.1118018426120944,-0.03456072620166899,0.0035357275083307796,0.13038558338904413,1.0,143.0,60.0,102.4,192.0,4.0,0.0,135.35000000000002,36.0,20.4,31.6,27.424999999999997,31.2,11.200000000000003,0.14813337071642843,-0.012532969455931174,-0.07813772676786393,0.011329584332848303,1.0,31.6,0.0,20.4,135.0,6.0,0.0,29.95,93.0,105.2,142.1,123.23750000000001,131.8,36.89999999999999,0.09117973868273194,0.032922445855208954,0.40001851166234714,0.11141020095166937,1.0,142.1,60.0,105.2,68.0,0.0,-1.0,123.55000000000001,8.0,57.7,88.3,71.95,68.2,30.599999999999994,0.1116564156686306,0.03494720726867305,0.27978526471677134,0.014479531243855377,-1.0,88.3,192.0,57.7,0.0,0.0,-1.0,69.30000000000001,36.0,92.0,94.1,92.9125,92.6,2.0999999999999943,0.007542373895013991,0.0005304234234983102,-0.018715290633098815,-0.0012348106492585662,1.0,94.1,192.0,92.0,31.0,0.0,-1.0,92.44999999999999,104.0,37.35,38.53,38.03375,38.02,1.1799999999999997,0.009835038978317239,-0.0031204289981445576,0.005623843021103351,-0.0036400369656691242,1.0,38.53,60.0,37.35,228.0,0.0,-1.0,37.685,12.0,10.0,12.0,11.125,12.0,2.0,0.07016851683593706,0.002541872249078514,0.016845612736023686,-0.0035982539620118925,1.0,12.0,68.0,10.0,0.0,8.0,0.0,11.0,67.0,40.4,48.3,44.0,43.7,7.899999999999999,0.05868523333488798,-0.016807142203399746,0.0582191780821917,-0.028226631011836995,1.0,48.3,68.0,40.4,228.0,0.0,-1.0,42.05,67.0,3.0,1.0,1.0,1.0,1.0,1.0,1.0,1.0,1.0,1.0,1.0,1.0,1.0,1.0,1.0,1.0,1.0,206.0,206.0,0.0,1.0,206.0,0.0,-1.0,0.0,-1.0,0.0,-1.0,0.0,-1.0,0.0,-1.0,0.0,-1.0,0.0,-1.0,0.0,-1.0,0.0,-1.0,4.0,0.0,206.0,206.0,18.0,240.0,5.0,0.0,-1.0,0.0,0.0,0.0,240.0,3.0,13.89,8.08,13.89,0.0,-5.8100000000000005,-0.41828653707703384,0.0,240.0,3.0,140.5,137.6,140.5,0.0,-2.9000000000000057,-0.020640569395017835,0.0,240.0,3.0,4.6,4.67,4.67,240.0,0.07000000000000028,0.01521739130434789,0.0,240.0,3.0,21.1,21.0,21.1,0.0,-0.10000000000000142,-0.004739336492891062,0.0,240.0,3.0,55.2,32.8,58.1,120.0,-22.400000000000006,-0.40579710144927544,0.0,240.0,3.0,7.359,7.281,7.359,0.0,-0.07800000000000029,-0.01059926620464741,0.0,240.0,3.0,0.153,0.127,0.171,120.0,-0.025999999999999995,-0.1699346405228758,0.0,240.0,3.0,4.52,3.71,4.9,120.0,-0.8099999999999996,-0.17920353982300877,0.0,240.0,3.0,1031.3,852.6,1300.6,120.0,-178.69999999999993,-0.17327644720255983,0.0,240.0,3.0,15.7,22.2,26.3,120.0,6.5,0.4140127388535032,0.0,240.0,3.0,5.51,13.78,13.78,240.0,8.27,1.5009074410163339,0.0,240.0,3.0,155.5,104.9,164.4,120.0,-50.599999999999994,-0.32540192926045014,0.0,240.0,3.0,292.4,287.3,292.4,0.0,-5.099999999999966,-0.017441860465116164,1.0
E000185,4,3,0,0,74,8.0,71.7,91.8,82.275,91.4,20.099999999999994,0.08114742445034907,0.0662466766847762,0.04374999999999966,0.090201458023046,1.0,91.8,153.0,71.7,125.0,0.0,-1.0,91.4,-1.0,13.1,21.2,16.8625,13.1,8.1,0.1691424609664432,-0.026933944694897224,0.07083333333333323,-0.02995022340675713,-1.0,21.2,48.0,13.1,240.0,0.0,-1.0,13.1,-1.0,109.5,135.4,124.125,131.8,25.900000000000006,0.06710395311186758,-0.01190999113782605,0.2958333333333335,-0.011668103786156967,-1.0,135.4,66.0,109.5,153.0,0.0,-1.0,131.8,44.0,61.6,87.4,75.0375,73.3,25.800000000000004,0.13072528856766044,0.0076221117661412425,-0.5000000000000003,0.042488437720466975,1.0,87.4,153.0,61.6,66.0,0.0,-1.0,73.3,44.0,95.3,97.7,96.65,97.5,2.4000000000000057,0.008563344726977175,0.0006319115323854529,-1.8853792413543574e-16,0.007672258367954545,1.0,97.7,153.0,95.3,156.0,0.0,-1.0,97.5,84.0,36.53,37.35,36.92375,36.92,0.8200000000000003,0.00646868607239632,-0.0017888105421339138,0.006250000000000003,-0.0006953045386847779,-1.0,37.35,48.0,36.53,153.0,0.0,-1.0,36.92,87.0,13.0,15.0,14.125,15.0,2.0,0.05526546901237521,0.0035641351674180104,-0.041666666666666706,0.00924982362624438,1.0,15.0,0.0,13.0,48.0,0.0,-1.0,15.0,62.0,32.7,42.0,37.0375,35.4,9.299999999999997,0.08862654639499702,-0.020002183434156728,-0.19375000000000006,-0.028333463980559814,1.0,42.0,0.0,32.7,48.0,0.0,-1.0,35.4,18.0,3.0,1.0,1.0,1.0,1.0,1.0,1.0,1.0,1.0,1.0,1.0,1.0,1.0,1.0,1.0,1.0,1.0,221.0,221.0,0.0,0.0,-1.0,1.0,221.0,0.0,-1.0,0.0,-1.0,0.0,-1.0,0.0,-1.0,0.0,-1.0,0.0,-1.0,0.0,-1.0,0.0,-1.0,2.0,0.0,221.0,,0.0,0.0,6.0,48.0,240.0,0.0,0.0,0.0,240.0,3.0,3.57,7.8,8.04,120.0,4.23,1.1848739495798322,0.0,240.0,3.0,139.8,134.8,139.8,0.0,-5.0,-0.035765379113018594,0.0,240.0,3.0,3.62,4.01,4.01,240.0,0.3899999999999997,0.10773480662983416,0.0,240.0,3.0,24.6,25.1,25.1,240.0,0.5,0.02032520325203252,0.0,240.0,3.0,37.6,15.8,37.6,0.0,-21.8,-0.5797872340425532,0.0,240.0,3.0,7.368,7.388,7.395,120.0,0.019999999999999574,0.002714440825189953,0.0,240.0,3.0,0.0,0.021,0.021,240.0,0.021,21000000.0,0.0,240.0,3.0,2.29,1.7,2.34,120.0,-0.5900000000000001,-0.25764192139737996,0.0,240.0,3.0,391.7,177.2,391.7,0.0,-214.5,-0.547612969109012,0.0,240.0,3.0,9.4,3.9,15.1,120.0,-5.5,-0.5851063829787234,0.0,240.0,3.0,6.26,1.63,6.26,0.0,-4.63,-0.7396166134185304,0.0,240.0,3.0,106.0,93.9,110.2,120.0,-12.099999999999994,-0.11415094339622636,0.0,240.0,3.0,298.4,293.7,298.4,0.0,-4.699999999999989,-0.015750670241286825,1.0
E000275,3,2,0,1,65,8.0,102.2,146.7,128.425,125.7,44.499999999999986,0.10445702764417937,-0.07119519319959564,0.0,0.028456156916605906,1.0,146.7,0.0,102.2,119.0,4.0,0.0,125.7,30.0,24.7,30.8,27.424999999999997,29.5,6.100000000000001,0.08215832926151621,-0.0060154227409284205,0.0,0.024604060260096944,1.0,30.8,0.0,24.7,119.0,8.0,0.0,29.5,38.0,106.9,133.2,119.6875,125.6,26.299999999999983,0.06895410590312454,-0.03112998574019489,0.0,0.07939396540624034,1.0,133.2,0.0,106.9,149.0,0.0,-1.0,125.6,8.0,61.4,82.2,73.7375,61.4,20.800000000000004,0.08268679653079455,-0.0526719829436116,0.0,-0.12151057985321231,-1.0,82.2,99.0,61.4,240.0,0.0,-1.0,61.4,-1.0,91.2,94.0,92.4125,92.7,2.799999999999997,0.008946812224619873,0.0023805568246318565,0.0,0.0014560710760117704,-1.0,94.0,149.0,91.2,119.0,0.0,-1.0,92.7,8.0,37.86,38.5,38.10875,38.13,0.6400000000000006,0.004594814798872949,-0.0013121097589678075,0.0,0.0011846001974334696,1.0,38.5,0.0,37.86,149.0,0.0,-1.0,38.13,47.0,8.0,13.0,11.25,8.0,5.0,0.1314684396244359,-0.00580083343716688,0.0,-0.030891883771835695,-1.0,13.0,99.0,8.0,240.0,7.0,0.0,8.0,97.0,38.4,48.7,44.2875,43.0,10.300000000000004,0.0669769655541453,-0.013328764657833976,0.0,-0.005692304390746406,1.0,48.7,170.0,38.4,149.0,0.0,-1.0,43.0,21.0,3.0,1.0,1.0,1.0,1.0,1.0,1.0,1.0,1.0,1.0,1.0,1.0,1.0,1.0,1.0,2.0,1.0,79.0,224.0,0.0,1.0,224.0,1.0,79.0,0.0,-1.0,0.0,-1.0,0.0,-1.0,0.0,-1.0,0.0,-1.0,0.0,-1.0,0.0,-1.0,0.0,-1.0,4.0,0.0,79.0,224.0,19.0,240.0,4.0,240.0,-1.0,1.0,0.0,0.0,240.0,3.0,9.21,8.12,13.04,120.0,-1.0900000000000016,-0.11834961997828464,0.0,240.0,3.0,142.3,138.0,142.3,0.0,-4.300000000000011,-0.0302178496134927,0.0,240.0,3.0,4.42,4.61,4.61,240.0,0.1900000000000004,0.042986425339366606,0.0,240.0,3.0,17.7,17.3,18.0,120.0,-0.3999999999999986,-0.022598870056497095,0.0,240.0,3.0,49.3,40.4,75.7,120.0,-8.899999999999999,-0.18052738336713994,0.0,240.0,3.0,7.279,7.284,7.318,120.0,0.004999999999999893,0.0006869075422447992,0.0,240.0,3.0,0.132,0.129,0.147,120.0,-0.0030000000000000027,-0.022727272727272745,0.0,240.0,3.0,5.0,3.77,5.0,0.0,-1.23,-0.246,0.0,240.0,3.0,1021.1,1109.9,1109.9,240.0,88.80000000000007,0.08696503770443646,0.0,240.0,3.0,39.6,23.3,39.6,0.0,-16.3,-0.4116161616161616,0.0,240.0,3.0,4.88,9.31,11.8,120.0,4.430000000000001,0.9077868852459018,0.0,240.0,3.0,150.2,138.5,150.2,0.0,-11.699999999999989,-0.0778961384820239,0.0,240.0,3.0,304.0,287.8,305.9,120.0,-16.19999999999999,-0.05328947368421049,1.0
E000363,2,1,0,1,43,8.0,64.8,84.9,76.11250000000001,73.9,20.10000000000001,0.08091202492307623,0.0010613480373254413,0.3234905117883845,-0.07408851627997642,-1.0,84.9,42.0,64.8,0.0,0.0,-1.0,73.9,139.0,8.2,17.1,12.1375,12.2,8.900000000000002,0.22064866544006947,-0.006284221485308886,-0.052127659574468084,-0.03564047572626243,1.0,17.1,140.0,8.2,177.0,0.0,-1.0,12.2,63.0,108.0,150.4,131.7,140.0,42.400000000000006,0.09080797661799583,0.033488856327600666,-0.009373202990223166,0.13712224605186188,1.0,150.4,56.0,108.0,40.0,0.0,-1.0,140.0,2.0,69.7,92.1,79.17500000000001,71.1,22.39999999999999,0.09809962391678223,0.012321662682193094,0.18093732029902299,-0.0654221095730168,-1.0,92.1,181.0,69.7,0.0,0.0,-1.0,71.1,59.0,95.6,98.1,96.9,98.1,2.5,0.009026241323289946,0.0015134572376030698,-0.02265669925244351,0.02298693702476124,1.0,98.1,240.0,95.6,42.0,0.0,-1.0,98.1,139.0,36.19,36.62,36.425,36.19,0.4299999999999997,0.003796655232927745,-0.0005041644173672025,0.004094307073030999,-0.0023922791967245687,-1.0,36.62,42.0,36.19,240.0,0.0,-1.0,36.19,98.0,14.0,15.0,14.625,14.0,1.0,0.033102421762456556,-0.00014459782524872008,-0.015526164462334546,-0.010820822772470309,0.0,15.0,0.0,14.0,40.0,0.0,-1.0,14.0,2.0,29.7,38.2,34.4375,29.7,8.500000000000004,0.0709495860597012,-0.01224936376956899,0.08798159861989656,-0.041109378046403036,-1.0,38.2,56.0,29.7,240.0,1.0,240.0,29.7,84.0,0.0,0.0,0.0,0.0,0.0,0.0,0.0,0.0,0.0,0.0,0.0,0.0,0.0,0.0,0.0,1.0,1.0,110.0,110.0,0.0,0.0,-1.0,0.0,-1.0,0.0,-1.0,1.0,110.0,0.0,-1.0,0.0,-1.0,0.0,-1.0,0.0,-1.0,0.0,-1.0,0.0,-1.0,5.0,0.0,,,1.0,0.0,4.0,40.0,181.0,1.0,0.0,,,,,,,,,,,,,,,,,,,,,,,,,,,,,,,,,,,,,,,,,,,,,,,,,,,,,,,,,,,,,,,,,,,,,,,,,,,,,,,,,,,,,,,,,,,,,,,,,,,,,,,,,,,,,,,,,,,,,,
E001953,4,3,0,0,74,8.0,65.7,91.4,78.2,68.4,25.700000000000003,0.10498986012716492,-0.04180469994048653,0.14117647058823524,0.008003211164973448,-1.0,91.4,51.0,65.7,74.0,0.0,-1.0,68.4,16.0,9.4,20.1,15.4,13.1,10.700000000000001,0.26448586823917275,-0.026255328046838517,-0.1470588235294118,-0.029314231018618624,1.0,20.1,0.0,9.4,83.0,0.0,-1.0,13.1,7.0,109.2,149.6,125.325,131.9,40.39999999999999,0.0911948353303014,0.05073297839828897,0.30588235294117594,-0.00667860561336345,-1.0,149.6,74.0,109.2,0.0,0.0,-1.0,131.9,9.0,68.3,86.2,78.86250000000001,82.4,17.900000000000006,0.0788882130851679,0.01756349423364618,0.005882352941176161,0.06267020718189413,-1.0,86.2,90.0,68.3,83.0,0.0,-1.0,82.4,7.0,94.9,97.6,96.525,96.9,2.6999999999999886,0.009920081845224311,-0.0015203229801675786,-0.049019607843137754,-0.003367091734337728,1.0,97.6,109.0,94.9,51.0,0.0,-1.0,96.9,23.0,36.7,37.08,36.84125,36.7,0.37999999999999545,0.0033832522211313127,-0.0013863376815555733,-0.006274509803921627,-0.0013644363479173144,1.0,37.08,0.0,36.7,240.0,0.0,-1.0,36.7,-1.0,14.0,15.0,14.75,14.0,1.0,0.029356793348625038,-0.003017484035965282,-1.5921269746999163e-17,-0.003041343749035114,-1.0,15.0,0.0,14.0,83.0,0.0,-1.0,14.0,7.0,29.8,36.7,33.2375,32.1,6.900000000000002,0.07569516579136382,-8.138842868855805e-05,0.13529411764705887,-0.008176120048167583,-1.0,36.7,51.0,29.8,0.0,1.0,0.0,32.1,32.0,2.0,1.0,1.0,1.0,1.0,1.0,1.0,1.0,1.0,1.0,1.0,1.0,1.0,1.0,1.0,1.0,1.0,175.0,175.0,0.0,0.0,-1.0,0.0,-1.0,0.0,-1.0,0.0,-1.0,0.0,-1.0,0.0,-1.0,0.0,-1.0,0.0,-1.0,0.0,-1.0,0.0,-1.0,0.0,0.0,55.0,,1.0,51.0,3.0,83.0,240.0,0.0,0.0,120.0,240.0,2.0,1.4,4.66,4.66,240.0,3.2600000000000002,2.3285714285714287,120.0,240.0,2.0,140.3,137.9,140.3,120.0,-2.4000000000000057,-0.017106200997861764,120.0,240.0,2.0,3.77,4.14,4.14,240.0,0.36999999999999966,0.09814323607427047,120.0,240.0,2.0,24.7,25.6,25.6,240.0,0.9000000000000021,0.03643724696356284,120.0,240.0,2.0,15.7,21.4,21.4,240.0,5.699999999999999,0.3630573248407643,120.0,240.0,2.0,7.377,7.452,7.452,240.0,0.07500000000000018,0.010166734444896323,120.0,240.0,2.0,0.006,0.0,0.006,120.0,-0.006,-1.0,120.0,240.0,2.0,1.6,2.08,2.08,240.0,0.48,0.3,120.0,240.0,2.0,330.4,335.4,335.4,240.0,5.0,0.015133171912832932,120.0,240.0,2.0,3.3,12.3,12.3,240.0,9.0,2.7272727272727275,120.0,240.0,2.0,3.96,0.1,3.96,120.0,-3.86,-0.9747474747474747,120.0,240.0,2.0,85.3,98.2,98.2,240.0,12.900000000000006,0.15123094958968356,120.0,240.0,2.0,284.0,286.3,286.3,240.0,2.3000000000000114,0.008098591549295814,1.0
E001918,2,1,0,1,43,6.0,86.1,102.9,92.73333333333333,87.1,16.80000000000001,0.06802701505209846,-0.05035531401077737,-0.24227809132888792,-0.011320754716981072,1.0,102.9,0.0,86.1,46.0,0.0,-1.0,87.1,-1.0,13.7,19.9,16.083333333333332,16.7,6.199999999999999,0.132403443929333,-0.004424917693668078,-0.09894817855310438,0.016352201257861628,1.0,19.9,0.0,13.7,46.0,0.0,-1.0,16.7,-1.0,124.1,155.2,134.61666666666665,129.1,31.099999999999994,0.07660775764399905,0.0014826683412674994,0.11031298101590516,-0.16415094339622618,-1.0,155.2,81.0,124.1,0.0,0.0,-1.0,129.1,159.0,69.5,89.9,81.35,82.2,20.400000000000006,0.09326902013887488,-0.017111867349435875,-0.2034633145202675,0.057861635220125884,1.0,89.9,29.0,69.5,59.0,0.0,-1.0,82.2,181.0,94.1,98.1,96.95,96.1,4.0,0.01483713073221471,-0.004525578453056438,-0.019343252950231964,-0.011949685534591132,-1.0,98.1,59.0,94.1,46.0,0.0,-1.0,96.1,13.0,36.75,37.24,36.965,37.07,0.490000000000002,0.004425260275869981,0.0011371433584677836,0.0032324268855818527,-0.0010691823899371174,-1.0,37.24,81.0,36.75,29.0,0.0,-1.0,37.07,-1.0,14.0,15.0,14.5,14.0,1.0,0.034482758620689655,-0.0019808929255802827,0.00410466906105691,-0.006289308176100627,-1.0,15.0,29.0,14.0,0.0,0.0,-1.0,14.0,30.0,31.8,39.4,36.25,35.0,7.599999999999998,0.0725636107565257,-0.014078192169701135,-0.09294510005130885,0.001257861635220158,-1.0,39.4,29.0,31.8,59.0,0.0,-1.0,35.0,-1.0,1.0,1.0,1.0,1.0,1.0,1.0,1.0,1.0,1.0,1.0,1.0,1.0,1.0,1.0,1.0,1.0,1.0,174.0,174.0,0.0,1.0,174.0,0.0,-1.0,0.0,-1.0,0.0,-1.0,0.0,-1.0,0.0,-1.0,0.0,-1.0,0.0,-1.0,0.0,-1.0,0.0,-1.0,4.0,0.0,-66.0,,0.0,0.0,2.0,0.0,240.0,0.0,0.0,240.0,240.0,1.0,9.27,9.27,9.27,240.0,0.0,0.0,240.0,240.0,1.0,140.2,140.2,140.2,240.0,0.0,0.0,240.0,240.0,1.0,3.76,3.76,3.76,240.0,0.0,0.0,240.0,240.0,1.0,22.8,22.8,22.8,240.0,0.0,0.0,240.0,240.0,1.0,38.9,38.9,38.9,240.0,0.0,0.0,240.0,240.0,1.0,7.391,7.391,7.391,240.0,0.0,0.0,240.0,240.0,1.0,0.0,0.0,0.0,240.0,0.0,0.0,240.0,240.0,1.0,2.06,2.06,2.06,240.0,0.0,0.0,240.0,240.0,1.0,332.7,332.7,332.7,240.0,0.0,0.0,240.0,240.0,1.0,1.0,1.0,1.0,240.0,0.0,0.0,240.0,240.0,1.0,3.75,3.75,3.75,240.0,0.0,0.0,240.0,240.0,1.0,91.4,91.4,91.4,240.0,0.0,0.0,240.0,240.0,1.0,286.4,286.4,286.4,240.0,0.0,0.0,1.0
E001007,4,3,0,0,74,7.0,88.0,114.6,98.67142857142858,99.6,26.599999999999994,0.08441047569557628,0.04186061483985181,0.0,-0.031551120901905,-1.0,114.6,149.0,88.0,177.0,0.0,-1.0,99.6,28.0,16.5,25.3,19.442857142857143,20.0,8.8,0.13372116488726274,0.011966441332689454,0.0,0.01615135415316835,0.0,25.3,177.0,16.5,149.0,1.0,177.0,20.0,11.0,102.9,137.6,120.05714285714286,102.9,34.69999999999999,0.0837101168868353,-0.06822951875100618,0.0,-0.18643773487106405,-1.0,137.6,177.0,102.9,240.0,0.0,-1.0,102.9,-1.0,71.7,85.7,75.55714285714285,71.7,14.0,0.058976417723643815,-0.011062288749396519,0.0,-0.10280160684203711,-1.0,85.7,149.0,71.7,240.0,0.0,-1.0,71.7,28.0,94.1,96.2,95.5,95.3,2.1000000000000085,0.007297717826567251,0.0016562047320134176,0.0,-0.0023117791888038067,-1.0,96.2,145.0,94.1,177.0,0.0,-1.0,95.3,4.0,36.91,37.58,37.372857142857136,37.57,0.6700000000000017,0.006315317129486935,0.00011190246257838621,0.0,0.005404431774005447,1.0,37.58,188.0,36.91,145.0,0.0,-1.0,37.57,4.0,12.0,15.0,13.571428571428571,12.0,3.0,0.06657426652986062,-0.0006880733944954432,0.0,-0.02016327588441104,-1.0,15.0,188.0,12.0,240.0,1.0,240.0,12.0,18.0,36.4,43.1,39.05714285714286,37.8,6.700000000000003,0.058446824028453616,0.005491308546595755,0.0,-0.028596604898276548,-1.0,43.1,188.0,36.4,206.0,0.0,-1.0,37.8,18.0,3.0,1.0,1.0,1.0,1.0,1.0,1.0,1.0,1.0,1.0,1.0,1.0,1.0,1.0,1.0,2.0,1.0,23.0,87.0,1.0,0.0,-1.0,1.0,87.0,0.0,-1.0,0.0,-1.0,1.0,23.0,0.0,-1.0,0.0,-1.0,0.0,-1.0,0.0,-1.0,0.0,-1.0,3.0,0.0,23.0,,2.0,11.0,3.0,240.0,188.0,1.0,0.0,0.0,240.0,3.0,5.27,7.98,11.9,120.0,2.710000000000001,0.5142314990512336,0.0,240.0,3.0,140.5,143.2,143.2,240.0,2.6999999999999886,0.019217081850533727,0.0,240.0,3.0,4.57,4.01,4.57,0.0,-0.5600000000000005,-0.1225382932166303,0.0,240.0,3.0,24.3,25.3,25.3,240.0,1.0,0.0411522633744856,0.0,240.0,3.0,49.5,49.1,49.5,0.0,-0.3999999999999986,-0.008080808080808051,0.0,240.0,3.0,7.352,7.272,7.36,120.0,-0.08000000000000007,-0.010881392818280749,0.0,240.0,3.0,0.047,0.081,0.081,240.0,0.034,0.723404255319149,0.0,240.0,3.0,2.97,2.73,2.97,0.0,-0.2400000000000002,-0.08080808080808087,0.0,240.0,3.0,265.3,476.8,587.0,120.0,211.5,0.7972107048624198,0.0,240.0,3.0,30.3,10.2,30.3,0.0,-20.1,-0.6633663366336634,0.0,240.0,3.0,4.5,2.54,6.72,120.0,-1.96,-0.43555555555555553,0.0,240.0,3.0,99.7,102.5,106.2,120.0,2.799999999999997,0.028084252758274794,0.0,240.0,3.0,295.2,289.6,295.6,120.0,-5.599999999999966,-0.018970189701896904,1.0
E000996,4,3,0,0,74,7.0,69.8,90.6,83.98571428571428,89.3,20.799999999999997,0.07967875915586889,-0.016318788336870275,0.08523985239852434,-0.031471666817846244,1.0,90.6,28.0,69.8,194.0,0.0,-1.0,89.3,46.0,8.5,16.4,12.971428571428572,13.4,7.899999999999999,0.21521751296811203,-0.004982702985551902,-0.06494464944649449,0.031054411631312288,-1.0,16.4,28.0,8.5,91.0,0.0,-1.0,13.4,103.0,109.8,139.5,125.08571428571429,126.0,29.700000000000003,0.07876519370567929,0.05003662897177236,0.7546125461254606,0.08553212994518648,-1.0,139.5,194.0,109.8,0.0,0.0,-1.0,126.0,-1.0,71.2,92.0,78.94285714285715,92.0,20.799999999999997,0.09110426196026326,0.06891508474083559,0.1512915129151291,0.08908916561920925,1.0,92.0,240.0,71.2,28.0,0.0,-1.0,92.0,-1.0,92.1,99.0,96.42857142857143,97.8,6.900000000000006,0.02105476561272671,0.006331870112503258,-0.11531365313653152,-0.002900053128766109,1.0,99.0,74.0,92.1,28.0,0.0,-1.0,97.8,1.0,36.32,36.96,36.65571428571429,36.48,0.6400000000000006,0.005317736163284855,-0.00031803250094480055,-0.010590405904059505,-0.002187479752756993,1.0,36.96,91.0,36.32,28.0,0.0,-1.0,36.48,1.0,14.0,15.0,14.571428571428571,14.0,1.0,0.03396178054056622,-0.0036803395447542173,-0.01660516605166054,-0.0069715307563722176,1.0,15.0,0.0,14.0,28.0,0.0,-1.0,14.0,1.0,33.9,39.3,36.17142857142857,35.4,5.399999999999999,0.05552310196142171,-0.0038695892322450883,0.1145756457564574,-0.016560625105285713,0.0,39.3,29.0,33.9,0.0,0.0,-1.0,35.4,45.0,0.0,0.0,0.0,0.0,0.0,0.0,0.0,0.0,0.0,0.0,0.0,0.0,0.0,0.0,0.0,1.0,1.0,202.0,202.0,0.0,0.0,-1.0,1.0,202.0,0.0,-1.0,0.0,-1.0,0.0,-1.0,0.0,-1.0,0.0,-1.0,0.0,-1.0,0.0,-1.0,0.0,-1.0,2.0,0.0,,,0.0,0.0,4.0,28.0,194.0,1.0,0.0,,,,,,,,,,,,,,,,,,,,,,,,,,,,,,,,,,,,,,,,,,,,,,,,,,,,,,,,,,,,,,,,,,,,,,,,,,,,,,,,,,,,,,,,,,,,,,,,,,,,,,,,,,,,,,,,,,,,,,
E001370,1,0,0,1,38,7.0,68.2,95.2,84.75714285714287,77.0,27.0,0.11566549756511785,0.029516435287830812,-0.5373287671232877,-0.0884028624680733,-1.0,95.2,189.0,68.2,36.0,0.0,-1.0,77.0,59.0,13.9,18.9,16.67142857142857,15.8,4.999999999999998,0.1030845123689636,-0.006769394321838332,-0.07140410958904092,-0.008435536942865692,1.0,18.9,0.0,13.9,167.0,0.0,-1.0,15.8,22.0,103.9,131.2,119.99999999999999,118.9,27.299999999999983,0.07964579324077559,0.0682243521961089,-0.30616438356164444,-0.03958443590510582,1.0,131.2,189.0,103.9,32.0,0.0,-1.0,118.9,63.0,68.8,82.5,76.24285714285715,77.6,13.700000000000003,0.05872704278894332,-0.02490221828063364,-0.04640410958904146,-0.040428910007133084,1.0,82.5,95.0,68.8,167.0,0.0,-1.0,77.6,73.0,94.9,97.7,96.31428571428572,96.1,2.799999999999997,0.009376138017964478,-0.002098043228615948,0.0023972602739726198,0.004726293748130192,-1.0,97.7,32.0,94.9,167.0,0.0,-1.0,96.1,22.0,36.76,37.07,36.85857142857143,36.92,0.3100000000000023,0.0026639029925103253,0.0006346147286556819,-0.0013356164383564783,0.0014328447502243216,-1.0,37.07,189.0,36.76,95.0,0.0,-1.0,36.92,51.0,14.0,15.0,14.571428571428571,15.0,1.0,0.03396178054056622,-0.0013274436902366079,-0.017123287671232897,-0.0009664281276605831,1.0,15.0,0.0,14.0,36.0,0.0,-1.0,15.0,59.0,32.8,43.4,38.128571428571426,43.4,10.600000000000001,0.08432038415407152,0.013421109481415793,0.06797945205479461,0.007678501576198284,1.0,43.4,240.0,32.8,189.0,0.0,-1.0,43.4,-1.0,1.0,1.0,1.0,1.0,1.0,1.0,1.0,1.0,1.0,1.0,1.0,1.0,1.0,1.0,1.0,1.0,1.0,11.0,11.0,1.0,1.0,11.0,0.0,-1.0,0.0,-1.0,0.0,-1.0,0.0,-1.0,0.0,-1.0,0.0,-1.0,0.0,-1.0,0.0,-1.0,0.0,-1.0,4.0,0.0,-229.0,,0.0,0.0,2.0,36.0,189.0,1.0,0.0,240.0,240.0,1.0,9.25,9.25,9.25,240.0,0.0,0.0,240.0,240.0,1.0,138.9,138.9,138.9,240.0,0.0,0.0,240.0,240.0,1.0,4.38,4.38,4.38,240.0,0.0,0.0,240.0,240.0,1.0,22.8,22.8,22.8,240.0,0.0,0.0,240.0,240.0,1.0,19.3,19.3,19.3,240.0,0.0,0.0,240.0,240.0,1.0,7.437,7.437,7.437,240.0,0.0,0.0,240.0,240.0,1.0,0.037,0.037,0.037,240.0,0.0,0.0,240.0,240.0,1.0,2.53,2.53,2.53,240.0,0.0,0.0,240.0,240.0,1.0,269.7,269.7,269.7,240.0,0.0,0.0,240.0,240.0,1.0,14.0,14.0,14.0,240.0,0.0,0.0,240.0,240.0,1.0,5.29,5.29,5.29,240.0,0.0,0.0,240.0,240.0,1.0,88.6,88.6,88.6,240.0,0.0,0.0,240.0,240.0,1.0,283.7,283.7,283.7,240.0,0.0,0.0,1.0
E000286,0,6,1,0,41,7.0,109.7,140.9,128.9,140.9,31.200000000000003,0.0893642555500643,-0.012729173132213532,0.24999999999999928,0.039668891170431396,1.0,140.9,240.0,109.7,206.0,4.0,20.0,140.9,34.0,23.2,32.7,28.142857142857142,28.8,9.500000000000004,0.11809205831428216,-0.013842320687212013,-0.060000000000000206,0.021445071868583,1.0,32.7,150.0,23.2,130.0,5.0,0.0,28.8,20.0,89.2,127.8,113.04285714285716,89.2,38.599999999999994,0.10686486349201867,-0.10546326495956708,-0.595,-0.26310318275154004,-1.0,127.8,0.0,89.2,240.0,1.0,240.0,89.2,-1.0,65.1,86.2,79.84285714285716,82.1,21.10000000000001,0.08465491930319137,-0.021410962834573825,-0.4800000000000013,-0.05420944558521567,1.0,86.2,0.0,65.1,206.0,0.0,-1.0,82.1,34.0,89.2,94.7,92.07142857142857,89.2,5.5,0.02321274625387501,-0.0007102830006384317,0.21999999999999903,-0.03488193018480502,-1.0,94.7,169.0,89.2,240.0,2.0,0.0,89.2,37.0,37.56,38.8,38.121428571428574,38.26,1.2399999999999949,0.00928756444424034,-0.001299091798075885,0.03949999999999983,0.003151950718685869,-1.0,38.8,20.0,37.56,169.0,0.0,-1.0,38.26,110.0,9.0,12.0,10.285714285714286,10.0,3.0,0.10015420209622193,0.008045579908301475,-8.500815883985413e-17,-0.005390143737166331,-1.0,12.0,169.0,9.0,0.0,7.0,0.0,10.0,71.0,43.2,50.8,46.528571428571425,43.8,7.599999999999994,0.06614077954729547,-0.031000954461080914,0.03999999999999941,-0.02722022587269003,-1.0,50.8,20.0,43.2,169.0,0.0,-1.0,43.8,-1.0,3.0,1.0,1.0,1.0,1.0,1.0,1.0,1.0,1.0,1.0,1.0,1.0,1.0,1.0,1.0,4.0,1.0,46.0,214.0,1.0,1.0,171.0,1.0,214.0,0.0,-1.0,1.0,78.0,1.0,46.0,0.0,-1.0,0.0,-1.0,0.0,-1.0,0.0,-1.0,0.0,-1.0,5.0,0.0,46.0,151.0,19.0,240.0,4.0,0.0,-1.0,1.0,0.0,0.0,240.0,3.0,12.31,13.24,13.24,240.0,0.9299999999999997,0.07554833468724612,0.0,240.0,3.0,144.1,136.8,144.1,0.0,-7.299999999999983,-0.0506592643997223,0.0,240.0,3.0,4.76,4.95,4.95,120.0,0.1900000000000004,0.03991596638655471,0.0,240.0,3.0,23.1,20.5,23.1,0.0,-2.6000000000000014,-0.11255411255411261,0.0,240.0,3.0,78.3,47.2,78.3,0.0,-31.099999999999994,-0.3971902937420178,0.0,240.0,3.0,7.251,7.338,7.338,240.0,0.08699999999999974,0.011998345055854329,0.0,240.0,3.0,0.197,0.141,0.197,0.0,-0.05600000000000002,-0.284263959390863,0.0,240.0,3.0,4.83,4.35,5.12,120.0,-0.4800000000000004,-0.09937888198757773,0.0,240.0,3.0,1115.2,846.5,1115.2,0.0,-268.70000000000005,-0.2409433285509326,0.0,240.0,3.0,21.6,24.0,25.2,120.0,2.3999999999999986,0.11111111111111104,0.0,240.0,3.0,16.84,6.92,16.84,0.0,-9.92,-0.5890736342042755,0.0,240.0,3.0,133.6,124.9,164.1,120.0,-8.699999999999989,-0.06511976047904183,0.0,240.0,3.0,294.2,283.5,309.0,120.0,-10.699999999999989,-0.036369816451393575,1.0
E000711,1,0,0,1,38,9.0,56.0,88.5,74.32222222222224,82.0,32.5,0.12742505214605862,0.04987521821445257,0.5147058823529407,-0.015303270837979971,-1.0,88.5,168.0,56.0,0.0,0.0,-1.0,75.6,21.0,7.0,14.6,12.222222222222223,10.9,7.6,0.1954439743441532,-0.016808045044380493,0.02352941176470582,-0.019108096406407808,-1.0,14.6,128.0,7.0,189.0,1.0,189.0,10.600000000000001,27.0,113.9,153.1,137.55555555555554,149.5,39.19999999999999,0.07628401480920848,0.07936551842836408,-0.7647058823529413,0.07784869914325865,1.0,153.1,189.0,113.9,34.0,0.0,-1.0,143.3,40.0,68.8,87.7,77.52222222222221,70.9,18.900000000000006,0.09158518385768374,0.0076700843352756854,0.15588235294117608,-0.0043919495139007805,-1.0,87.7,189.0,68.8,128.0,0.0,-1.0,78.25,51.0,96.0,98.8,97.16666666666667,96.7,2.799999999999997,0.009811560649108124,-0.0007173415947480902,-0.03235294117647174,-0.00509059420879307,1.0,98.8,189.0,96.0,216.0,0.0,-1.0,96.35,24.0,36.27,36.99,36.61777777777778,36.28,0.7199999999999989,0.006740899998816287,-0.0003917410439871532,0.007058823529411466,-0.0012651045015021722,-1.0,36.99,216.0,36.27,128.0,0.0,-1.0,36.635000000000005,24.0,14.0,15.0,14.444444444444445,15.0,1.0,0.034401045807689073,-0.002458754395023503,-2.3881904620498745e-17,0.0011808079350293461,1.0,15.0,0.0,14.0,74.0,0.0,-1.0,14.5,32.0,27.0,37.9,31.688888888888886,29.2,10.899999999999999,0.09057827744723473,-0.013687885717095715,0.026470588235294003,-0.016894081528227873,-1.0,37.9,128.0,27.0,189.0,2.0,189.0,30.45,27.0,1.0,1.0,1.0,1.0,1.0,1.0,1.0,1.0,1.0,1.0,1.0,1.0,1.0,1.0,1.0,2.0,1.0,13.0,124.0,1.0,0.0,-1.0,1.0,124.0,0.0,-1.0,0.0,-1.0,1.0,13.0,0.0,-1.0,0.0,-1.0,0.0,-1.0,0.0,-1.0,0.0,-1.0,3.0,0.0,-227.0,,3.0,27.0,5.0,74.0,189.0,1.0,0.0,240.0,240.0,1.0,4.46,4.46,4.46,240.0,0.0,0.0,240.0,240.0,1.0,135.5,135.5,135.5,240.0,0.0,0.0,240.0,240.0,1.0,3.87,3.87,3.87,240.0,0.0,0.0,240.0,240.0,1.0,25.7,25.7,25.7,240.0,0.0,0.0,240.0,240.0,1.0,18.0,18.0,18.0,240.0,0.0,0.0,240.0,240.0,1.0,7.42,7.42,7.42,240.0,0.0,0.0,240.0,240.0,1.0,0.018,0.018,0.018,240.0,0.0,0.0,240.0,240.0,1.0,2.2,2.2,2.2,240.0,0.0,0.0,240.0,240.0,1.0,149.7,149.7,149.7,240.0,0.0,0.0,240.0,240.0,1.0,1.0,1.0,1.0,240.0,0.0,0.0,240.0,240.0,1.0,1.22,1.22,1.22,240.0,0.0,0.0,240.0,240.0,1.0,86.7,86.7,86.7,240.0,0.0,0.0,240.0,240.0,1.0,283.4,283.4,283.4,240.0,0.0,0.0,1.0
E002083,4,3,0,0,74,9.0,94.0,118.4,106.55555555555556,94.0,24.400000000000006,0.07495833902384041,-0.05526136727505616,0.21646616541353328,-0.06105796649831552,-1.0,118.4,63.0,94.0,240.0,0.0,-1.0,94.0,9.0,17.5,23.4,20.222222222222225,23.4,5.899999999999999,0.09206535431442411,0.007300672430355393,-0.06413533834586482,0.006880839129591186,1.0,23.4,240.0,17.5,60.0,0.0,-1.0,23.4,3.0,109.0,135.5,119.66666666666667,118.7,26.5,0.07994574552458164,0.005567563240473753,0.1167669172932333,0.021532093531905664,-1.0,135.5,55.0,109.0,81.0,0.0,-1.0,118.7,5.0,66.2,85.4,77.82222222222224,79.5,19.200000000000003,0.07405414557055602,-0.022816602625680426,-0.01150375939849684,-0.025999964722690935,-1.0,85.4,55.0,66.2,163.0,0.0,-1.0,79.5,39.0,92.3,95.8,94.24444444444444,95.8,3.5,0.011385429998121083,0.006614233109189872,-0.016390977443609404,0.010740176739318385,1.0,95.8,240.0,92.3,81.0,0.0,-1.0,95.8,82.0,37.19,37.74,37.37444444444444,37.2,0.5500000000000043,0.00534546631441402,-0.00030339417227028773,0.0017443609022556232,4.6918821032324423e-05,1.0,37.74,60.0,37.19,55.0,0.0,-1.0,37.2,3.0,11.0,15.0,13.11111111111111,13.0,4.0,0.08389402488653953,0.006744316362471963,-4.7164221518630536e-17,0.010730181501755058,-1.0,15.0,202.0,11.0,72.0,2.0,63.0,13.0,9.0,37.7,44.3,41.56666666666666,37.7,6.599999999999994,0.05144832376053066,-0.010906980467499208,-0.03631578947368463,-0.004571939252473681,-1.0,44.3,163.0,37.7,240.0,0.0,-1.0,37.7,-1.0,2.0,1.0,1.0,1.0,1.0,1.0,1.0,1.0,1.0,1.0,1.0,1.0,1.0,1.0,1.0,1.0,1.0,13.0,13.0,1.0,0.0,-1.0,1.0,13.0,0.0,-1.0,0.0,-1.0,0.0,-1.0,0.0,-1.0,0.0,-1.0,0.0,-1.0,0.0,-1.0,0.0,-1.0,2.0,0.0,13.0,,2.0,18.0,7.0,72.0,202.0,1.0,0.0,0.0,240.0,2.0,8.68,10.3,10.3,240.0,1.620000000000001,0.18663594470046094,0.0,240.0,2.0,138.1,136.3,138.1,0.0,-1.799999999999983,-0.013034033309196112,0.0,240.0,2.0,4.98,4.32,4.98,0.0,-0.6600000000000001,-0.13253012048192772,0.0,240.0,2.0,23.7,21.8,23.7,0.0,-1.8999999999999986,-0.08016877637130795,0.0,240.0,2.0,35.5,21.8,35.5,0.0,-13.7,-0.38591549295774646,0.0,240.0,2.0,7.356,7.36,7.36,240.0,0.004000000000000448,0.0005437737901033779,0.0,240.0,2.0,0.087,0.087,0.087,0.0,0.0,0.0,0.0,240.0,2.0,3.06,3.06,3.06,0.0,0.0,0.0,0.0,240.0,2.0,593.4,772.3,772.3,240.0,178.89999999999998,0.3014829794405123,0.0,240.0,2.0,11.0,22.6,22.6,240.0,11.600000000000001,1.0545454545454547,0.0,240.0,2.0,5.62,0.1,5.62,0.0,-5.5200000000000005,-0.9822064056939502,0.0,240.0,2.0,91.4,116.3,116.3,240.0,24.89999999999999,0.2724288840262581,0.0,240.0,2.0,287.0,295.8,295.8,240.0,8.800000000000011,0.030662020905923383,1.0
E002152,1,0,0,1,38,6.0,65.8,96.3,82.30000000000001,82.5,30.5,0.11295329904726072,0.014658925979681063,0.6489361702127656,-0.04346281211476633,-1.0,96.3,47.0,65.8,0.0,0.0,-1.0,82.5,145.0,9.7,16.6,13.683333333333332,16.6,6.900000000000002,0.1889512528565557,0.012268549061001933,0.057446808510638235,0.0035290420826182252,-1.0,16.6,240.0,9.7,192.0,0.0,-1.0,16.6,-1.0,114.0,128.3,123.59999999999998,124.8,14.300000000000011,0.03825472242259316,-0.005572415006377006,0.1085106382978719,-0.009830557636992098,-1.0,128.3,200.0,114.0,192.0,0.0,-1.0,124.8,8.0,71.4,92.6,80.35000000000001,72.0,21.19999999999999,0.0988403197352308,-0.06331530105114994,0.15744680851063816,-0.16081554712238016,-1.0,92.6,101.0,71.4,200.0,0.0,-1.0,72.0,91.0,94.5,98.8,96.31666666666666,98.8,4.299999999999997,0.01489454026856226,0.0031490522056563048,0.04468085106382999,0.010103695825578258,1.0,98.8,240.0,94.5,192.0,0.0,-1.0,98.8,-1.0,36.4,37.1,36.73,36.88,0.7000000000000028,0.006180493999085774,0.0003865945375380247,0.011702127659574403,0.0033847381015687647,-1.0,37.1,47.0,36.4,101.0,0.0,-1.0,36.88,54.0,14.0,15.0,14.833333333333334,15.0,1.0,0.025124359297750445,-0.0015393411619826192,-1.7276271427594835e-17,-0.0016194919146261624,1.0,15.0,0.0,14.0,200.0,0.0,-1.0,15.0,40.0,32.5,39.4,35.55,32.9,6.899999999999999,0.06891701828410689,-0.018986673703654745,0.055319148936170084,-0.010613714921079976,-1.0,39.4,47.0,32.5,200.0,0.0,-1.0,32.9,-1.0,1.0,1.0,1.0,1.0,1.0,1.0,1.0,1.0,1.0,1.0,1.0,1.0,1.0,1.0,1.0,0.0,0.0,-1.0,-1.0,0.0,0.0,-1.0,0.0,-1.0,0.0,-1.0,0.0,-1.0,0.0,-1.0,0.0,-1.0,0.0,-1.0,0.0,-1.0,0.0,-1.0,0.0,-1.0,0.0,0.0,,,0.0,0.0,3.0,200.0,192.0,1.0,0.0,120.0,120.0,1.0,8.25,8.25,8.25,120.0,0.0,0.0,120.0,120.0,1.0,137.8,137.8,137.8,120.0,0.0,0.0,120.0,120.0,1.0,4.66,4.66,4.66,120.0,0.0,0.0,120.0,120.0,1.0,23.5,23.5,23.5,120.0,0.0,0.0,120.0,120.0,1.0,28.5,28.5,28.5,120.0,0.0,0.0,120.0,120.0,1.0,7.378,7.378,7.378,120.0,0.0,0.0,120.0,120.0,1.0,0.018,0.018,0.018,120.0,0.0,0.0,120.0,120.0,1.0,1.76,1.76,1.76,120.0,0.0,0.0,120.0,120.0,1.0,221.5,221.5,221.5,120.0,0.0,0.0,120.0,120.0,1.0,15.7,15.7,15.7,120.0,0.0,0.0,120.0,120.0,1.0,1.16,1.16,1.16,120.0,0.0,0.0,120.0,120.0,1.0,93.2,93.2,93.2,120.0,0.0,0.0,120.0,120.0,1.0,285.0,285.0,285.0,120.0,0.0,0.0,1.0
E001029,3,2,0,1,65,6.0,95.4,121.3,111.55,95.4,25.89999999999999,0.07821786605540039,-0.09027405708558987,-0.3620689655172423,-0.11145100813583306,-1.0,121.3,0.0,95.4,240.0,0.0,-1.0,95.4,-1.0,19.5,29.2,23.983333333333334,19.5,9.7,0.13633504941312388,-0.01825119972247382,-0.18275862068965518,-0.04061690838344538,-1.0,29.2,88.0,19.5,240.0,3.0,0.0,19.5,-1.0,93.4,138.4,117.21666666666665,118.4,45.0,0.11178209427076462,0.050074199703201094,-0.8413793103448274,-0.028229218252564327,1.0,138.4,99.0,93.4,29.0,0.0,-1.0,118.4,47.0,56.3,82.7,72.0,70.2,26.400000000000006,0.11618617987980212,-0.03595120164973881,-0.24482758620689726,-0.01607499115670339,1.0,82.7,76.0,56.3,99.0,0.0,-1.0,70.2,141.0,91.9,95.4,93.66666666666667,94.9,3.5,0.01415905072176354,0.010474685373985724,0.07241379310344767,0.009758754863813343,-1.0,95.4,99.0,91.9,0.0,0.0,-1.0,94.9,-1.0,37.55,38.21,37.806666666666665,37.66,0.6600000000000037,0.0059394003855049865,-0.0017058222676200139,0.010344827586206903,-0.00039561372479656154,-1.0,38.21,29.0,37.55,99.0,0.0,-1.0,37.66,-1.0,11.0,13.0,12.166666666666666,13.0,2.0,0.05648089898106386,0.006571973712105151,0.034482758620689634,0.0036505129112133113,0.0,13.0,76.0,11.0,0.0,4.0,0.0,13.0,12.0,38.0,44.6,40.58333333333333,41.1,6.600000000000001,0.05245271257912967,-0.00016863568909354946,0.18965517241379287,0.011107180756986197,-1.0,44.6,29.0,38.0,88.0,0.0,-1.0,41.1,47.0,2.0,1.0,1.0,1.0,1.0,1.0,1.0,1.0,1.0,1.0,1.0,1.0,1.0,1.0,1.0,3.0,1.0,37.0,135.0,1.0,1.0,37.0,1.0,135.0,0.0,-1.0,0.0,-1.0,0.0,-1.0,0.0,-1.0,0.0,-1.0,0.0,-1.0,0.0,-1.0,0.0,-1.0,4.0,0.0,37.0,,7.0,152.0,2.0,0.0,240.0,0.0,0.0,0.0,120.0,2.0,8.29,8.06,8.29,0.0,-0.22999999999999865,-0.027744270205066184,0.0,120.0,2.0,142.2,139.1,142.2,0.0,-3.0999999999999943,-0.02180028129395214,0.0,120.0,2.0,4.38,4.02,4.38,0.0,-0.3600000000000003,-0.08219178082191789,0.0,120.0,2.0,18.4,20.8,20.8,120.0,2.400000000000002,0.1304347826086958,0.0,120.0,2.0,50.6,52.5,52.5,120.0,1.8999999999999986,0.037549407114624477,0.0,120.0,2.0,7.354,7.288,7.354,0.0,-0.06599999999999984,-0.008974707642099516,0.0,120.0,2.0,0.103,0.059,0.103,0.0,-0.044,-0.42718446601941745,0.0,120.0,2.0,3.57,3.55,3.57,0.0,-0.020000000000000018,-0.005602240896358549,0.0,120.0,2.0,858.0,523.0,858.0,0.0,-335.0,-0.39044289044289043,0.0,120.0,2.0,25.4,15.3,25.4,0.0,-10.099999999999998,-0.3976377952755905,0.0,120.0,2.0,0.56,1.33,1.33,120.0,0.77,1.375,0.0,120.0,2.0,132.5,127.9,132.5,0.0,-4.599999999999994,-0.03471698113207543,0.0,120.0,2.0,291.8,298.6,298.6,120.0,6.800000000000011,0.023303632625085714,1.0
E001957,2,1,0,1,43,8.0,86.9,115.0,100.3,115.0,28.099999999999994,0.08617785922074185,-0.014230167858593367,-0.1470588235294122,0.04817130400557085,1.0,115.0,240.0,86.9,184.0,0.0,-1.0,115.0,56.0,16.3,23.5,21.237499999999997,16.3,7.199999999999999,0.10969586895048332,-0.020718608886803058,-0.019607843137255016,-0.026547882164158713,-1.0,23.5,179.0,16.3,240.0,0.0,-1.0,16.3,-1.0,109.9,125.6,117.4125,114.7,15.699999999999989,0.04478595320550088,-0.0049180646777179735,0.13529411764705837,0.039407793151473164,-1.0,125.6,51.0,109.9,69.0,0.0,-1.0,114.7,110.0,69.9,83.4,75.3375,81.6,13.5,0.05901507356599294,-0.005013872711489109,-0.26470588235294135,0.020241303097278097,1.0,83.4,0.0,69.9,51.0,0.0,-1.0,81.6,189.0,93.0,96.1,94.8,94.0,3.0999999999999943,0.011446484395680738,-0.003604716478738612,0.009803921568627444,0.00032698537648746584,-1.0,96.1,179.0,93.0,69.0,0.0,-1.0,94.0,26.0,37.08,37.59,37.3575,37.08,0.5100000000000051,0.004875136132399513,-0.0016807258066478042,-0.001372549019607946,-0.0013880226467648945,-1.0,37.59,0.0,37.08,240.0,0.0,-1.0,37.08,-1.0,12.0,14.0,13.375,13.0,2.0,0.052035180961028236,0.0044669887826786474,-0.019607843137254916,0.0007114959580974571,0.0,14.0,95.0,12.0,51.0,1.0,51.0,13.0,18.0,34.5,48.0,39.4625,48.0,13.5,0.11395441326358903,0.019796517353655573,0.08627450980392139,0.024186321111750408,1.0,48.0,240.0,34.5,179.0,0.0,-1.0,48.0,-1.0,1.0,1.0,1.0,1.0,1.0,1.0,1.0,1.0,1.0,1.0,1.0,1.0,1.0,1.0,1.0,3.0,1.0,28.0,72.0,2.0,1.0,72.0,1.0,35.0,0.0,-1.0,1.0,28.0,0.0,-1.0,0.0,-1.0,0.0,-1.0,0.0,-1.0,0.0,-1.0,0.0,-1.0,5.0,0.0,-212.0,,1.0,18.0,3.0,51.0,184.0,1.0,0.0,240.0,240.0,1.0,5.42,5.42,5.42,240.0,0.0,0.0,240.0,240.0,1.0,141.3,141.3,141.3,240.0,0.0,0.0,240.0,240.0,1.0,3.84,3.84,3.84,240.0,0.0,0.0,240.0,240.0,1.0,23.6,23.6,23.6,240.0,0.0,0.0,240.0,240.0,1.0,57.8,57.8,57.8,240.0,0.0,0.0,240.0,240.0,1.0,7.376,7.376,7.376,240.0,0.0,0.0,240.0,240.0,1.0,0.029,0.029,0.029,240.0,0.0,0.0,240.0,240.0,1.0,3.4,3.4,3.4,240.0,0.0,0.0,240.0,240.0,1.0,406.3,406.3,406.3,240.0,0.0,0.0,240.0,240.0,1.0,4.8,4.8,4.8,240.0,0.0,0.0,240.0,240.0,1.0,7.95,7.95,7.95,240.0,0.0,0.0,240.0,240.0,1.0,117.8,117.8,117.8,240.0,0.0,0.0,240.0,240.0,1.0,290.3,290.3,290.3,240.0,0.0,0.0,1.0
E001627,0,6,1,0,41,6.0,75.3,85.8,78.66666666666667,79.6,10.5,0.04755022745473296,-0.02684710223182122,0.19000000000000006,0.058347107438016674,-1.0,85.8,30.0,75.3,163.0,0.0,-1.0,79.6,133.0,12.4,20.2,14.600000000000001,13.9,7.799999999999999,0.1772018987391073,0.001392638588912895,-0.03333333333333345,-0.03633608815426996,1.0,20.2,163.0,12.4,172.0,0.0,-1.0,13.9,9.0,119.4,135.0,125.51666666666667,120.7,15.599999999999994,0.04263043956546332,-0.026977591792656207,0.0033333333333332837,-0.10705234159779584,1.0,135.0,163.0,119.4,181.0,0.0,-1.0,120.7,-1.0,73.7,84.5,78.38333333333334,79.3,10.799999999999997,0.04904942191070541,-0.01950593952483781,-0.23333333333333375,0.04093663911845741,1.0,84.5,0.0,73.7,181.0,0.0,-1.0,79.3,59.0,95.9,97.9,96.93333333333334,96.0,2.0,0.007826552047277183,-0.002801025917926625,-0.013333333333333737,-0.016666666666666462,-1.0,97.9,163.0,95.9,172.0,0.0,-1.0,96.0,9.0,36.52,37.28,36.88666666666666,36.73,0.759999999999998,0.0065377181448349605,-0.002191099712022992,-0.009666666666666749,-0.0018236914600551258,1.0,37.28,0.0,36.52,181.0,0.0,-1.0,36.73,-1.0,13.0,15.0,13.833333333333334,13.0,2.0,0.06488150370041572,-0.00197984161267095,0.06666666666666658,-0.016528925619834673,-1.0,15.0,30.0,13.0,0.0,0.0,-1.0,13.0,142.0,33.7,43.0,37.516666666666666,43.0,9.299999999999997,0.08877051140132955,0.014394348452123838,0.20999999999999955,0.08630853994490363,1.0,43.0,240.0,33.7,0.0,0.0,-1.0,43.0,-1.0,1.0,1.0,1.0,1.0,1.0,1.0,1.0,1.0,1.0,1.0,1.0,1.0,1.0,1.0,1.0,3.0,1.0,38.0,118.0,1.0,1.0,38.0,1.0,86.0,0.0,-1.0,0.0,-1.0,1.0,118.0,0.0,-1.0,0.0,-1.0,0.0,-1.0,0.0,-1.0,0.0,-1.0,4.0,0.0,-82.0,,0.0,0.0,4.0,0.0,181.0,1.0,0.0,120.0,120.0,1.0,7.47,7.47,7.47,120.0,0.0,0.0,120.0,120.0,1.0,144.6,144.6,144.6,120.0,0.0,0.0,120.0,120.0,1.0,3.74,3.74,3.74,120.0,0.0,0.0,120.0,120.0,1.0,21.7,21.7,21.7,120.0,0.0,0.0,120.0,120.0,1.0,23.9,23.9,23.9,120.0,0.0,0.0,120.0,120.0,1.0,7.332,7.332,7.332,120.0,0.0,0.0,120.0,120.0,1.0,0.0,0.0,0.0,120.0,0.0,0.0,120.0,120.0,1.0,1.29,1.29,1.29,120.0,0.0,0.0,120.0,120.0,1.0,305.2,305.2,305.2,120.0,0.0,0.0,120.0,120.0,1.0,14.1,14.1,14.1,120.0,0.0,0.0,120.0,120.0,1.0,0.1,0.1,0.1,120.0,0.0,0.0,120.0,120.0,1.0,75.5,75.5,75.5,120.0,0.0,0.0,120.0,120.0,1.0,284.9,284.9,284.9,120.0,0.0,0.0,1.0
E000047,4,3,0,0,74,7.0,61.0,86.8,80.08571428571427,84.6,25.799999999999997,0.10400994548832979,0.018882960986995722,0.0,0.06756257260534387,1.0,86.8,140.0,61.0,119.0,0.0,-1.0,84.6,5.0,15.0,21.1,16.74285714285714,15.0,6.100000000000001,0.12118444216778838,-0.0004668222740913786,0.0,-0.01737511880874428,-1.0,21.1,124.0,15.0,240.0,0.0,-1.0,15.0,11.0,96.1,143.2,124.84285714285716,143.2,47.099999999999994,0.12781798179218612,-0.0027609203067690585,0.0,0.16319041081423602,1.0,143.2,240.0,96.1,140.0,0.0,-1.0,143.2,100.0,66.8,87.9,78.12857142857142,71.4,21.10000000000001,0.09395082978187431,0.02550850283427796,0.0,-0.06712166015418722,-1.0,87.9,119.0,66.8,0.0,0.0,-1.0,71.4,5.0,96.3,99.8,97.68571428571428,96.3,3.5,0.011754039951687695,-0.012454151383794758,0.0,-0.00574770303094292,1.0,99.8,0.0,96.3,240.0,0.0,-1.0,96.3,-1.0,36.42,36.95,36.705714285714286,36.82,0.5300000000000011,0.0045954793552117216,0.001904634878292696,0.0,0.0013031999155138983,-1.0,36.95,135.0,36.42,0.0,0.0,-1.0,36.82,-1.0,12.0,15.0,13.571428571428571,13.0,3.0,0.06657426652986062,-0.008002667555851953,0.0,-0.002904213750131977,1.0,15.0,0.0,12.0,135.0,1.0,135.0,13.0,5.0,33.6,36.9,35.18571428571429,36.0,3.299999999999997,0.030926049764583092,0.0022574191397132194,0.0,0.007778012461717248,1.0,36.9,135.0,33.6,124.0,0.0,-1.0,36.0,11.0,1.0,1.0,1.0,1.0,1.0,1.0,1.0,1.0,1.0,1.0,1.0,1.0,1.0,1.0,1.0,3.0,1.0,49.0,163.0,1.0,0.0,-1.0,1.0,49.0,0.0,-1.0,1.0,163.0,0.0,-1.0,0.0,-1.0,0.0,-1.0,0.0,-1.0,0.0,-1.0,0.0,-1.0,5.0,0.0,49.0,,1.0,5.0,4.0,135.0,240.0,0.0,0.0,0.0,0.0,1.0,6.3,6.3,6.3,0.0,0.0,0.0,0.0,0.0,1.0,140.7,140.7,140.7,0.0,0.0,0.0,0.0,0.0,1.0,4.58,4.58,4.58,0.0,0.0,0.0,0.0,0.0,1.0,21.2,21.2,21.2,0.0,0.0,0.0,0.0,0.0,1.0,13.2,13.2,13.2,0.0,0.0,0.0,0.0,0.0,1.0,7.393,7.393,7.393,0.0,0.0,0.0,0.0,0.0,1.0,0.006,0.006,0.006,0.0,0.0,0.0,0.0,0.0,1.0,2.56,2.56,2.56,0.0,0.0,0.0,0.0,0.0,1.0,119.6,119.6,119.6,0.0,0.0,0.0,0.0,0.0,1.0,4.0,4.0,4.0,0.0,0.0,0.0,0.0,0.0,1.0,0.1,0.1,0.1,0.0,0.0,0.0,0.0,0.0,1.0,89.3,89.3,89.3,0.0,0.0,0.0,0.0,0.0,1.0,283.6,283.6,283.6,0.0,0.0,0.0,1.0
E001191,4,3,0,0,74,9.0,77.5,139.1,109.47777777777777,108.9,61.599999999999994,0.1612795249514384,-0.1440885066801843,-0.7151515151515156,-0.12684975273983057,1.0,139.1,0.0,77.5,206.0,1.0,0.0,105.7,34.0,16.9,23.4,20.900000000000002,21.8,6.5,0.09069899335319254,-0.002439002775582034,0.06666666666666651,-0.0180353094569673,-1.0,23.4,120.0,16.9,206.0,0.0,-1.0,20.8,86.0,103.1,134.5,120.21111111111112,117.8,31.400000000000006,0.08542460956240804,-0.06979277072558629,-0.03636363636363676,-0.14330635593718039,1.0,134.5,65.0,103.1,226.0,0.0,-1.0,110.44999999999999,14.0,65.4,86.1,76.06666666666666,84.1,20.69999999999999,0.09550410114551146,-0.0012149817619806714,-0.3151515151515151,0.06589219221688432,1.0,86.1,0.0,65.4,148.0,0.0,-1.0,84.4,58.0,92.8,97.4,95.09999999999998,95.8,4.6000000000000085,0.015197675000826374,0.005458644537633319,0.0666666666666664,0.0061656466939964145,1.0,97.4,206.0,92.8,226.0,0.0,-1.0,94.3,20.0,37.25,37.78,37.46777777777778,37.38,0.5300000000000011,0.004820210023019216,-0.0015153153280894377,0.009090909090908891,-0.002157271563318481,-1.0,37.78,65.0,37.25,226.0,0.0,-1.0,37.315,55.0,12.0,14.0,13.0,13.0,2.0,0.05128205128205128,0.0034934048911213047,-5.152009626657826e-17,0.00900355913687997,-1.0,14.0,206.0,12.0,65.0,2.0,65.0,13.5,55.0,36.3,46.7,40.711111111111116,39.6,10.400000000000006,0.07256643916636527,-0.016380364618596863,0.13333333333333305,-0.02995900532108584,-1.0,46.7,120.0,36.3,226.0,0.0,-1.0,37.95,28.0,3.0,1.0,1.0,1.0,1.0,1.0,1.0,1.0,1.0,1.0,1.0,1.0,1.0,1.0,1.0,2.0,1.0,160.0,163.0,0.0,1.0,160.0,1.0,163.0,0.0,-1.0,0.0,-1.0,0.0,-1.0,0.0,-1.0,0.0,-1.0,0.0,-1.0,0.0,-1.0,0.0,-1.0,4.0,0.0,160.0,160.0,3.0,55.0,5.0,65.0,202.0,1.0,1.0,0.0,240.0,3.0,13.05,7.19,13.05,0.0,-5.86,-0.44904214559386973,0.0,240.0,3.0,141.2,135.7,141.2,0.0,-5.5,-0.03895184135977337,0.0,240.0,3.0,4.38,3.87,4.77,120.0,-0.5099999999999998,-0.11643835616438351,0.0,240.0,3.0,21.7,24.1,24.1,240.0,2.400000000000002,0.11059907834101393,0.0,240.0,3.0,18.8,36.8,36.8,240.0,17.999999999999996,0.9574468085106381,0.0,240.0,3.0,7.316,7.379,7.379,240.0,0.06299999999999972,0.008611262985237797,0.0,240.0,3.0,0.11,0.077,0.11,0.0,-0.033,-0.3,0.0,240.0,3.0,4.02,2.8,4.02,0.0,-1.2199999999999998,-0.30348258706467657,0.0,240.0,3.0,665.2,485.2,770.6,120.0,-180.00000000000006,-0.2705953096812989,0.0,240.0,3.0,14.5,23.8,23.8,240.0,9.3,0.6413793103448276,0.0,240.0,3.0,4.35,5.27,13.5,120.0,0.9199999999999999,0.21149425287356322,0.0,240.0,3.0,113.2,128.4,128.4,240.0,15.200000000000003,0.13427561837455831,0.0,240.0,3.0,296.0,288.8,296.0,0.0,-7.199999999999989,-0.024324324324324288,1.0
E001412,2,1,0,1,43,9.0,94.8,136.2,117.32222222222224,124.5,41.39999999999999,0.11523475143665521,0.011465312795008521,1.57142857142857,-0.06367406038200837,-1.0,136.2,67.0,94.8,0.0,2.0,67.0,117.15,27.0,23.6,28.5,26.022222222222222,27.7,4.899999999999999,0.06285249507995627,-0.0014689967995210169,0.07142857142857124,0.008855206407886602,1.0,28.5,193.0,23.6,165.0,7.0,0.0,25.75,28.0,104.7,127.4,118.07777777777778,122.3,22.700000000000003,0.05504596816349458,0.020352398056687735,0.8571428571428558,-0.013559457794208073,-1.0,127.4,94.0,104.7,0.0,0.0,-1.0,122.69999999999999,71.0,60.8,80.4,75.34444444444445,80.4,19.60000000000001,0.0779980133087787,0.040928138886970306,-0.7000000000000002,0.016454097350585336,1.0,80.4,240.0,60.8,21.0,0.0,-1.0,80.15,46.0,90.7,95.6,93.56666666666666,93.5,4.8999999999999915,0.01358437902738696,0.00840298404365574,0.014285714285713373,0.014213801601971478,-1.0,95.6,210.0,90.7,67.0,1.0,67.0,94.55,30.0,37.5,38.14,37.785555555555554,37.75,0.6400000000000006,0.005721356900410089,-0.0013305012548639479,0.00047619047619017386,0.0011616142945163218,-1.0,38.14,21.0,37.5,94.0,0.0,-1.0,37.835,116.0,11.0,13.0,11.88888888888889,11.0,2.0,0.0735888586356244,-0.0020146899679952105,0.047619047619047596,-0.010480591497227344,-1.0,13.0,67.0,11.0,0.0,6.0,0.0,11.0,80.0,38.7,46.0,43.266666666666666,46.0,7.299999999999997,0.04871320480596991,0.005805760862057083,-0.1190476190476192,0.008995070856438813,1.0,46.0,240.0,38.7,193.0,0.0,-1.0,45.6,17.0,3.0,1.0,1.0,1.0,1.0,1.0,1.0,1.0,1.0,1.0,1.0,1.0,1.0,1.0,1.0,1.0,1.0,158.0,158.0,0.0,0.0,-1.0,1.0,158.0,0.0,-1.0,0.0,-1.0,0.0,-1.0,0.0,-1.0,0.0,-1.0,0.0,-1.0,0.0,-1.0,0.0,-1.0,2.0,0.0,158.0,,16.0,165.0,6.0,0.0,193.0,1.0,0.0,0.0,240.0,3.0,10.36,4.43,10.36,0.0,-5.93,-0.5723938223938224,0.0,240.0,3.0,136.4,140.0,140.0,240.0,3.5999999999999943,0.0263929618768328,0.0,240.0,3.0,4.45,4.26,4.7,120.0,-0.1900000000000004,-0.04269662921348323,0.0,240.0,3.0,17.0,18.2,21.0,120.0,1.1999999999999993,0.0705882352941176,0.0,240.0,3.0,43.0,49.1,49.1,240.0,6.100000000000001,0.14186046511627912,0.0,240.0,3.0,7.302,7.335,7.335,240.0,0.03300000000000036,0.004519309778143024,0.0,240.0,3.0,0.167,0.103,0.167,0.0,-0.06400000000000002,-0.3832335329341318,0.0,240.0,3.0,3.66,4.56,4.56,240.0,0.8999999999999995,0.24590163934426215,0.0,240.0,3.0,851.9,801.1,875.2,120.0,-50.799999999999955,-0.05963141213757478,0.0,240.0,3.0,30.4,14.2,30.4,0.0,-16.2,-0.5328947368421053,0.0,240.0,3.0,7.38,3.83,7.38,0.0,-3.55,-0.481029810298103,0.0,240.0,3.0,150.6,84.6,150.6,0.0,-66.0,-0.43824701195219123,0.0,240.0,3.0,300.3,300.5,303.5,120.0,0.19999999999998863,0.0006660006660006282,1.0
E001589,3,2,0,1,65,8.0,78.0,102.0,90.25,78.0,24.0,0.08090160370646787,-0.03603016458413567,0.0,-0.12383773628438208,-1.0,102.0,82.0,78.0,240.0,0.0,-1.0,85.03333333333335,87.0,11.6,22.2,15.9,18.5,10.6,0.2043783246449298,0.01548522045467057,0.0,-0.0038654229634634933,-1.0,22.2,151.0,11.6,0.0,0.0,-1.0,16.033333333333335,18.0,111.9,140.9,126.02499999999999,128.2,29.0,0.07841118691816054,0.023760664941927877,0.0,-0.04650950081576889,-1.0,140.9,174.0,111.9,151.0,0.0,-1.0,123.63333333333333,38.0,65.8,90.9,75.775,65.8,25.10000000000001,0.09063910833267012,-0.025914019926239755,0.0,-0.032496415563869105,-1.0,90.9,169.0,65.8,240.0,0.0,-1.0,72.33333333333333,-1.0,95.0,98.8,96.4625,98.4,3.799999999999997,0.013878807101164762,-0.00390543292783607,0.0,0.01392244433823871,1.0,98.8,0.0,95.0,82.0,0.0,-1.0,96.8,158.0,36.79,37.21,36.978750000000005,36.94,0.4200000000000017,0.003240702540091184,-0.0009809544778993464,0.0,-0.0001802930173536987,1.0,37.21,0.0,36.79,169.0,0.0,-1.0,36.96333333333333,5.0,13.0,15.0,14.5,15.0,2.0,0.048765984909417075,-0.00063852039412118,0.0,0.0034937952174557622,1.0,15.0,0.0,13.0,174.0,0.0,-1.0,14.666666666666666,38.0,35.5,42.2,38.3,35.8,6.700000000000003,0.05989592557156378,-0.01715197886277309,0.0,-0.004634222712965036,-1.0,42.2,0.0,35.5,174.0,0.0,-1.0,37.56666666666667,52.0,2.0,1.0,1.0,1.0,1.0,1.0,1.0,1.0,1.0,1.0,1.0,1.0,1.0,1.0,1.0,0.0,0.0,-1.0,-1.0,0.0,0.0,-1.0,0.0,-1.0,0.0,-1.0,0.0,-1.0,0.0,-1.0,0.0,-1.0,0.0,-1.0,0.0,-1.0,0.0,-1.0,0.0,-1.0,0.0,0.0,,,0.0,0.0,3.0,174.0,212.0,1.0,0.0,120.0,240.0,2.0,6.1,7.25,7.25,240.0,1.1500000000000004,0.1885245901639345,120.0,240.0,2.0,135.8,135.0,135.8,120.0,-0.8000000000000114,-0.005891016200294634,120.0,240.0,2.0,4.06,3.58,4.06,120.0,-0.47999999999999954,-0.11822660098522157,120.0,240.0,2.0,23.1,22.8,23.1,120.0,-0.3000000000000007,-0.012987012987013017,120.0,240.0,2.0,28.7,39.6,39.6,240.0,10.900000000000002,0.3797909407665506,120.0,240.0,2.0,7.345,7.383,7.383,240.0,0.038000000000000256,0.005173587474472465,120.0,240.0,2.0,0.027,0.008,0.027,120.0,-0.019,-0.7037037037037037,120.0,240.0,2.0,1.72,1.0,1.72,120.0,-0.72,-0.41860465116279066,120.0,240.0,2.0,281.6,445.1,445.1,240.0,163.5,0.5806107954545454,120.0,240.0,2.0,10.5,5.6,10.5,120.0,-4.9,-0.4666666666666667,120.0,240.0,2.0,5.03,0.1,5.03,120.0,-4.930000000000001,-0.9801192842942347,120.0,240.0,2.0,103.9,98.9,103.9,120.0,-5.0,-0.04812319538017324,120.0,240.0,2.0,283.4,284.1,284.1,240.0,0.7000000000000455,0.002470007057163181,1.0
E000826,2,1,0,1,43,8.0,88.0,141.0,110.725,90.6,53.0,0.17626461709807442,-0.0849010842685941,0.5965517241379306,-0.18173281990521314,-1.0,141.0,113.0,88.0,140.0,2.0,58.0,90.6,21.0,18.1,25.8,20.8125,19.1,7.699999999999999,0.11767940787424205,-0.020637958911926928,0.08103448275862063,-0.02392772511848338,-1.0,25.8,58.0,18.1,140.0,1.0,58.0,19.1,55.0,113.3,150.1,131.04999999999998,141.7,36.8,0.10131427820051049,0.10572807684991456,-0.20344827586206954,0.13209419431279634,1.0,150.1,140.0,113.3,58.0,0.0,-1.0,141.7,52.0,67.7,91.9,78.7625,81.0,24.200000000000003,0.08369501734696368,0.006378400228267179,-0.13448275862068992,0.044866706161137464,1.0,91.9,140.0,67.7,113.0,0.0,-1.0,81.0,21.0,92.5,97.5,94.88749999999999,94.3,5.0,0.015267051940637627,0.005643665588738946,0.0344827586206893,-0.0184212085308056,-1.0,97.5,140.0,92.5,0.0,0.0,-1.0,94.3,51.0,37.27,37.87,37.646249999999995,37.47,0.5999999999999943,0.005432354968955363,-0.0013578324139242738,-0.0008620689655171919,-0.0010145142180094553,-1.0,37.87,192.0,37.27,191.0,0.0,-1.0,37.47,1.0,11.0,13.0,12.25,12.0,2.0,0.06768622021133469,0.002877116225984415,0.017241379310344817,-0.010396919431279622,-1.0,13.0,113.0,11.0,0.0,4.0,0.0,12.0,78.0,35.3,44.0,38.9875,35.3,8.700000000000003,0.06750233487144196,-0.03068884344683276,-0.0689655172413793,-0.02978376777251184,1.0,44.0,0.0,35.3,240.0,0.0,-1.0,35.3,-1.0,2.0,1.0,1.0,1.0,1.0,1.0,1.0,1.0,1.0,1.0,1.0,1.0,1.0,1.0,1.0,3.0,1.0,97.0,184.0,0.0,1.0,97.0,0.0,-1.0,1.0,143.0,0.0,-1.0,0.0,-1.0,0.0,-1.0,0.0,-1.0,0.0,-1.0,0.0,-1.0,0.0,-1.0,7.0,1.0,-23.0,39.0,7.0,113.0,3.0,0.0,192.0,1.0,0.0,120.0,240.0,2.0,11.77,4.34,11.77,120.0,-7.43,-0.6312659303313509,120.0,240.0,2.0,139.2,137.6,139.2,120.0,-1.5999999999999943,-0.011494252873563178,120.0,240.0,2.0,4.67,4.16,4.67,120.0,-0.5099999999999998,-0.1092077087794432,120.0,240.0,2.0,23.0,20.5,23.0,120.0,-2.5,-0.10869565217391304,120.0,240.0,2.0,47.9,22.6,47.9,120.0,-25.299999999999997,-0.5281837160751566,120.0,240.0,2.0,7.351,7.338,7.351,120.0,-0.0129999999999999,-0.0017684668752550538,120.0,240.0,2.0,0.088,0.078,0.088,120.0,-0.009999999999999995,-0.11363636363636359,120.0,240.0,2.0,2.69,2.41,2.69,120.0,-0.2799999999999998,-0.10408921933085495,120.0,240.0,2.0,521.6,597.0,597.0,240.0,75.39999999999998,0.14455521472392632,120.0,240.0,2.0,17.5,20.8,20.8,240.0,3.3000000000000007,0.1885714285714286,120.0,240.0,2.0,2.98,0.1,2.98,120.0,-2.88,-0.9664429530201342,120.0,240.0,2.0,115.0,113.6,115.0,120.0,-1.4000000000000057,-0.012173913043478311,120.0,240.0,2.0,286.7,289.4,289.4,240.0,2.6999999999999886,0.009417509591907878,1.0
E001352,0,6,1,0,41,7.0,81.7,110.5,96.84285714285714,101.6,28.799999999999997,0.101748573415854,0.06748267990337882,0.32725788900979264,0.09815037593984988,-1.0,110.5,181.0,81.7,0.0,0.0,-1.0,101.6,-1.0,18.6,25.8,21.24285714285714,22.5,7.199999999999999,0.10695841480603117,0.011962811562657548,-0.003971708378672371,-0.009609022556390836,1.0,25.8,158.0,18.6,181.0,1.0,158.0,22.5,23.0,113.3,131.9,120.5142857142857,113.8,18.60000000000001,0.05282983944004431,0.011680115732752535,-0.1643090315560392,-0.0934135338345859,-1.0,131.9,181.0,113.3,53.0,0.0,-1.0,113.8,76.0,63.7,84.0,74.81428571428572,75.5,20.299999999999997,0.08897445592590501,-0.009272224139304262,0.2814472252448311,0.08974436090225592,-1.0,84.0,52.0,63.7,129.0,0.0,-1.0,75.5,77.0,93.5,97.3,95.4,97.0,3.799999999999997,0.0142187211386274,0.013378281527884194,0.0004896626768232172,0.018150375939849885,-1.0,97.3,158.0,93.5,53.0,0.0,-1.0,97.0,-1.0,37.28,37.64,37.46714285714285,37.3,0.35999999999999943,0.003246089397002006,-0.0009222453746716476,0.00019042437432003855,-0.0022105263157893742,1.0,37.64,158.0,37.28,181.0,0.0,-1.0,37.3,-1.0,11.0,13.0,12.428571428571429,13.0,2.0,0.05860941969646878,-7.963262814220845e-05,-0.00924918389553859,0.017293233082706794,1.0,13.0,0.0,11.0,129.0,3.0,52.0,13.0,29.0,33.9,42.0,38.614285714285714,37.3,8.100000000000001,0.06620514527049219,-0.0197565232394555,0.030250272034820617,0.020827067669173104,-1.0,42.0,52.0,33.9,129.0,0.0,-1.0,37.3,29.0,3.0,1.0,1.0,1.0,1.0,1.0,1.0,1.0,1.0,1.0,1.0,1.0,1.0,1.0,1.0,2.0,1.0,46.0,188.0,1.0,1.0,46.0,0.0,-1.0,0.0,-1.0,1.0,188.0,0.0,-1.0,0.0,-1.0,0.0,-1.0,0.0,-1.0,0.0,-1.0,0.0,-1.0,5.0,0.0,46.0,,4.0,52.0,3.0,129.0,181.0,1.0,0.0,0.0,240.0,3.0,9.56,11.4,11.4,240.0,1.8399999999999999,0.1924686192468619,0.0,240.0,3.0,136.4,137.3,139.2,120.0,0.9000000000000057,0.006598240469208252,0.0,240.0,3.0,4.58,4.14,4.58,0.0,-0.4400000000000004,-0.09606986899563327,0.0,240.0,3.0,21.7,22.2,22.2,240.0,0.5,0.02304147465437788,0.0,240.0,3.0,38.8,38.4,38.8,0.0,-0.3999999999999986,-0.010309278350515427,0.0,240.0,3.0,7.322,7.369,7.369,240.0,0.04699999999999971,0.006419011199125882,0.0,240.0,3.0,0.119,0.036,0.119,0.0,-0.08299999999999999,-0.6974789915966386,0.0,240.0,3.0,2.24,2.04,2.51,120.0,-0.20000000000000018,-0.08928571428571436,0.0,240.0,3.0,652.9,377.7,652.9,0.0,-275.2,-0.42150405881451986,0.0,240.0,3.0,12.2,9.4,17.4,120.0,-2.799999999999999,-0.2295081967213114,0.0,240.0,3.0,1.6,0.1,1.68,120.0,-1.5,-0.9375,0.0,240.0,3.0,113.4,117.7,117.7,240.0,4.299999999999997,0.037918871252204556,0.0,240.0,3.0,297.2,294.7,297.2,0.0,-2.5,-0.008411843876177659,1.0
E001371,3,2,0,1,65,9.0,100.7,153.3,130.05555555555554,125.9,52.60000000000001,0.1074044461285855,-0.003547531814012841,-0.055818576075171523,0.14720619707825405,-1.0,153.3,154.0,100.7,77.0,5.0,0.0,125.9,56.0,21.9,37.8,28.033333333333335,27.3,15.899999999999999,0.1508186444300397,-0.009886276494970427,0.08330321647994224,-0.0007350888620080492,1.0,37.8,59.0,21.9,42.0,7.0,0.0,27.3,18.0,84.8,135.2,118.89999999999999,122.6,50.39999999999999,0.12269237193415385,-0.02233997764623933,0.0996566678713399,0.03067367637480235,1.0,135.2,154.0,84.8,133.0,1.0,133.0,122.6,5.0,58.5,81.1,71.54444444444442,79.8,22.599999999999994,0.10132487020447005,0.02699492278930824,0.11564871702204546,0.02861263608448864,1.0,81.1,138.0,58.5,133.0,0.0,-1.0,79.8,34.0,90.7,93.9,92.08888888888889,91.8,3.200000000000003,0.00983922926538375,0.0033961677835192047,-0.0028189374774123415,-0.003759188610775215,-1.0,93.9,172.0,90.7,59.0,1.0,59.0,91.8,68.0,37.7,38.48,38.11666666666667,38.18,0.779999999999994,0.0072652624698079605,-0.0023933810815009297,-0.00022587640043370344,0.0012361589280729729,1.0,38.48,0.0,37.7,154.0,0.0,-1.0,38.18,86.0,10.0,13.0,11.0,11.0,3.0,0.07422696190252055,0.00394699251700339,-0.018250813155041592,-0.002000558295338249,1.0,13.0,138.0,10.0,42.0,8.0,0.0,11.0,16.0,41.4,48.4,45.94444444444444,45.2,7.0,0.044889452737390007,-0.0134651336464197,-0.0013733285146370863,-0.011121708383735017,-1.0,48.4,77.0,41.4,138.0,0.0,-1.0,45.2,16.0,2.0,1.0,1.0,1.0,1.0,1.0,1.0,1.0,1.0,1.0,1.0,1.0,1.0,1.0,1.0,2.0,1.0,36.0,212.0,1.0,0.0,-1.0,1.0,36.0,0.0,-1.0,0.0,-1.0,1.0,212.0,0.0,-1.0,0.0,-1.0,0.0,-1.0,0.0,-1.0,0.0,-1.0,3.0,0.0,-84.0,,22.0,138.0,3.0,42.0,-1.0,0.0,0.0,120.0,240.0,2.0,13.43,12.56,13.43,120.0,-0.8699999999999992,-0.06478034251675348,120.0,240.0,2.0,140.6,139.2,140.6,120.0,-1.4000000000000057,-0.009957325746799472,120.0,240.0,2.0,4.56,4.62,4.62,240.0,0.0600000000000005,0.013157894736842216,120.0,240.0,2.0,19.0,14.8,19.0,120.0,-4.199999999999999,-0.22105263157894733,120.0,240.0,2.0,71.7,63.3,71.7,120.0,-8.400000000000006,-0.11715481171548124,120.0,240.0,2.0,7.293,7.316,7.316,240.0,0.022999999999999687,0.0031537090360619345,120.0,240.0,2.0,0.167,0.145,0.167,120.0,-0.02200000000000002,-0.1317365269461079,120.0,240.0,2.0,3.49,4.61,4.61,240.0,1.12,0.3209169054441261,120.0,240.0,2.0,927.2,1042.3,1042.3,240.0,115.09999999999991,0.1241371872303709,120.0,240.0,2.0,26.6,29.2,29.2,240.0,2.599999999999998,0.09774436090225555,120.0,240.0,2.0,8.58,9.76,9.76,240.0,1.1799999999999997,0.1375291375291375,120.0,240.0,2.0,160.7,139.2,160.7,120.0,-21.5,-0.13378967019290605,120.0,240.0,2.0,307.0,302.2,307.0,120.0,-4.800000000000011,-0.015635179153094498,1.0
E001113,3,2,0,1,65,6.0,75.7,110.1,91.75,88.1,34.39999999999999,0.1196227698647486,0.04958102227152485,0.0,0.14374193548387093,-1.0,110.1,227.0,75.7,149.0,0.0,-1.0,99.1,13.0,12.7,18.0,15.316666666666668,15.5,5.300000000000001,0.11241590039946991,-0.003692294564382612,0.0,0.011861751152073734,1.0,18.0,188.0,12.7,149.0,0.0,-1.0,14.95,39.0,119.4,140.5,131.78333333333333,140.5,21.099999999999994,0.0685007570863863,-0.022291151122109325,0.0,0.06756682027649745,1.0,140.5,0.0,119.4,188.0,0.0,-1.0,134.7,52.0,67.7,83.7,74.56666666666666,83.7,16.0,0.07675732871168306,-0.009928321529140662,0.0,0.01060829493087545,1.0,83.7,240.0,67.7,227.0,0.0,-1.0,75.7,13.0,94.7,98.2,96.59999999999998,95.5,3.5,0.012350262365889075,0.001438689307961535,0.0,0.005179723502303967,1.0,98.2,188.0,94.7,116.0,0.0,-1.0,96.25,33.0,36.64,37.07,36.81666666666667,36.77,0.4299999999999997,0.003941294496999338,-0.0008520351565832735,0.0,-0.0018239631336405817,-1.0,37.07,116.0,36.64,149.0,0.0,-1.0,36.72,39.0,14.0,15.0,14.666666666666666,15.0,1.0,0.03214121732666125,0.0020394231589725936,0.0,-0.003963133640553001,0.0,15.0,116.0,14.0,0.0,0.0,-1.0,14.5,111.0,32.7,40.0,37.199999999999996,32.7,7.299999999999997,0.06524011343823437,-0.019222629917228368,0.0,-0.04885714285714291,-1.0,40.0,116.0,32.7,240.0,0.0,-1.0,34.1,-1.0,1.0,1.0,1.0,1.0,1.0,1.0,1.0,1.0,1.0,1.0,1.0,1.0,1.0,1.0,1.0,2.0,1.0,71.0,219.0,0.0,0.0,-1.0,1.0,71.0,0.0,-1.0,0.0,-1.0,1.0,219.0,0.0,-1.0,0.0,-1.0,0.0,-1.0,0.0,-1.0,0.0,-1.0,3.0,0.0,-169.0,,0.0,0.0,2.0,0.0,188.0,1.0,0.0,240.0,240.0,1.0,8.02,8.02,8.02,240.0,0.0,0.0,240.0,240.0,1.0,140.0,140.0,140.0,240.0,0.0,0.0,240.0,240.0,1.0,3.53,3.53,3.53,240.0,0.0,0.0,240.0,240.0,1.0,22.6,22.6,22.6,240.0,0.0,0.0,240.0,240.0,1.0,29.6,29.6,29.6,240.0,0.0,0.0,240.0,240.0,1.0,7.385,7.385,7.385,240.0,0.0,0.0,240.0,240.0,1.0,0.0,0.0,0.0,240.0,0.0,0.0,240.0,240.0,1.0,1.84,1.84,1.84,240.0,0.0,0.0,240.0,240.0,1.0,197.6,197.6,197.6,240.0,0.0,0.0,240.0,240.0,1.0,1.3,1.3,1.3,240.0,0.0,0.0,240.0,240.0,1.0,2.6,2.6,2.6,240.0,0.0,0.0,240.0,240.0,1.0,109.3,109.3,109.3,240.0,0.0,0.0,240.0,240.0,1.0,290.4,290.4,290.4,240.0,0.0,0.0,1.0
E002173,0,6,1,0,41,6.0,91.1,119.4,102.23333333333333,92.0,28.30000000000001,0.11491084239922841,-0.047574471294662975,0.0,-0.1206362097560141,-1.0,119.4,79.0,91.1,97.0,0.0,-1.0,92.0,18.0,17.7,23.0,20.283333333333335,19.7,5.300000000000001,0.08246864116295774,-0.00545361597995387,0.0,0.007008395027954954,1.0,23.0,0.0,17.7,80.0,0.0,-1.0,19.7,17.0,107.3,125.7,119.15000000000002,123.7,18.400000000000006,0.05243026418789638,0.024534357990186363,0.0,0.04980252021816823,-1.0,125.7,79.0,107.3,80.0,0.0,-1.0,123.7,17.0,67.3,85.0,75.31666666666666,85.0,17.700000000000003,0.08740647782427771,0.031462524460609535,0.0,0.0054490741532307475,1.0,85.0,240.0,67.3,0.0,0.0,-1.0,85.0,-1.0,95.1,96.0,95.55,96.0,0.9000000000000057,0.002882035869851452,0.0026260323739047725,0.0,0.0017679142373518049,1.0,96.0,240.0,95.1,0.0,0.0,-1.0,96.0,-1.0,37.03,37.65,37.37166666666667,37.03,0.6199999999999974,0.006684949875107382,-0.002717505625416407,0.0,-0.00361140082411476,-1.0,37.65,79.0,37.03,205.0,0.0,-1.0,37.03,-1.0,11.0,15.0,12.666666666666666,15.0,4.0,0.09846466807299846,0.011933844265008441,0.0,0.016294219228204586,1.0,15.0,240.0,11.0,80.0,3.0,0.0,15.0,-1.0,34.2,40.4,38.300000000000004,37.1,6.199999999999996,0.05911786839944886,-0.004050299812695669,0.0,0.005099423803580243,-1.0,40.4,205.0,34.2,97.0,0.0,-1.0,37.1,108.0,2.0,1.0,1.0,1.0,1.0,1.0,1.0,1.0,1.0,1.0,1.0,1.0,1.0,1.0,1.0,1.0,1.0,10.0,10.0,1.0,1.0,10.0,0.0,-1.0,0.0,-1.0,0.0,-1.0,0.0,-1.0,0.0,-1.0,0.0,-1.0,0.0,-1.0,0.0,-1.0,0.0,-1.0,4.0,0.0,-110.0,,3.0,97.0,3.0,80.0,205.0,1.0,0.0,120.0,240.0,2.0,8.21,10.99,10.99,240.0,2.7799999999999994,0.3386114494518878,120.0,240.0,2.0,136.2,136.7,136.7,240.0,0.5,0.0036710719530102793,120.0,240.0,2.0,4.14,4.16,4.16,240.0,0.020000000000000462,0.004830917874396247,120.0,240.0,2.0,20.4,20.4,20.4,120.0,0.0,0.0,120.0,240.0,2.0,40.6,28.6,40.6,120.0,-12.0,-0.29556650246305416,120.0,240.0,2.0,7.315,7.315,7.315,120.0,0.0,0.0,120.0,240.0,2.0,0.046,0.064,0.064,240.0,0.018000000000000002,0.39130434782608703,120.0,240.0,2.0,2.43,4.0,4.0,240.0,1.5699999999999998,0.6460905349794238,120.0,240.0,2.0,543.8,349.2,543.8,120.0,-194.59999999999997,-0.3578521515262964,120.0,240.0,2.0,14.6,21.3,21.3,240.0,6.700000000000001,0.45890410958904115,120.0,240.0,2.0,6.18,5.94,6.18,120.0,-0.23999999999999932,-0.03883495145631057,120.0,240.0,2.0,96.7,106.9,106.9,240.0,10.200000000000003,0.10548086866597728,120.0,240.0,2.0,292.4,290.4,292.4,120.0,-2.0,-0.006839945280437757,1.0
E001910,4,3,0,0,74,9.0,95.8,132.9,117.63333333333334,95.8,37.10000000000001,0.10948142131231373,-0.11127123582410683,0.0,-0.12497119759426673,-1.0,132.9,65.0,95.8,240.0,2.0,65.0,95.8,-1.0,23.5,30.4,26.76666666666667,27.8,6.899999999999999,0.0863149362448989,-0.021758034873817722,0.0,-0.01716135205326985,1.0,30.4,0.0,23.5,186.0,8.0,0.0,27.8,54.0,106.2,132.4,121.15555555555554,117.1,26.200000000000003,0.07778314314481202,0.0010332152942759472,0.0,0.018618070336450895,1.0,132.4,158.0,106.2,186.0,0.0,-1.0,117.1,17.0,51.1,75.3,67.85555555555555,67.3,24.199999999999996,0.11361790405994794,0.06770585862208077,0.0,0.022276464040928617,-1.0,75.3,186.0,51.1,0.0,0.0,-1.0,67.3,-1.0,91.4,93.5,92.57777777777778,91.6,2.0999999999999943,0.008517136341435501,-0.0036196154018556304,0.0,-0.002182148366561949,-1.0,93.5,158.0,91.4,90.0,0.0,-1.0,91.6,28.0,37.44,38.75,37.885555555555555,37.5,1.3100000000000023,0.009528426279985269,-0.0031541082074499002,0.0,-0.0048995333033918795,-1.0,38.75,65.0,37.44,158.0,0.0,-1.0,37.5,25.0,10.0,14.0,11.333333333333334,12.0,4.0,0.1176470588235294,0.011609664261060557,0.0,0.018326140868172833,-1.0,14.0,203.0,10.0,65.0,7.0,0.0,12.0,37.0,39.5,47.4,42.77777777777778,47.4,7.899999999999999,0.06461218427318904,0.01964453807880227,0.0,0.020649860381558527,1.0,47.4,240.0,39.5,110.0,0.0,-1.0,47.4,-1.0,3.0,1.0,1.0,1.0,1.0,1.0,1.0,1.0,1.0,1.0,1.0,1.0,1.0,1.0,1.0,3.0,1.0,117.0,154.0,0.0,1.0,117.0,0.0,-1.0,0.0,-1.0,1.0,154.0,1.0,129.0,0.0,-1.0,0.0,-1.0,0.0,-1.0,0.0,-1.0,0.0,-1.0,5.0,0.0,117.0,52.0,17.0,186.0,5.0,65.0,186.0,1.0,1.0,0.0,240.0,3.0,11.88,12.06,13.35,120.0,0.17999999999999972,0.015151515151515126,0.0,240.0,3.0,141.8,136.6,141.8,0.0,-5.200000000000017,-0.03667136812411859,0.0,240.0,3.0,4.62,4.56,4.62,0.0,-0.0600000000000005,-0.012987012987013094,0.0,240.0,3.0,17.3,22.4,22.4,240.0,5.099999999999998,0.29479768786127153,0.0,240.0,3.0,62.8,66.8,66.8,240.0,4.0,0.06369426751592357,0.0,240.0,3.0,7.378,7.377,7.378,0.0,-0.001000000000000334,-0.00013553808620226808,0.0,240.0,3.0,0.132,0.109,0.132,0.0,-0.023000000000000007,-0.17424242424242428,0.0,240.0,3.0,3.53,4.5,4.5,240.0,0.9700000000000002,0.27478753541076495,0.0,240.0,3.0,891.0,904.5,904.5,240.0,13.5,0.015151515151515152,0.0,240.0,3.0,23.8,26.7,26.7,240.0,2.8999999999999986,0.12184873949579826,0.0,240.0,3.0,6.56,9.56,9.56,240.0,3.000000000000001,0.4573170731707319,0.0,240.0,3.0,147.3,127.7,153.6,120.0,-19.60000000000001,-0.13306177868295999,0.0,240.0,3.0,300.9,303.3,303.3,240.0,2.400000000000034,0.007976071784646176,1.0
E000663,0,6,1,0,41,8.0,79.7,131.3,113.41250000000001,79.7,51.60000000000001,0.13365548060277227,-0.09324092361462939,0.6641335914811235,-0.20438687314306314,-1.0,131.3,37.0,79.7,240.0,1.0,37.0,79.7,-1.0,24.3,32.8,27.775000000000002,25.1,8.499999999999996,0.09996673731687188,-0.012020846474402016,0.10934172313649583,-0.017227874313496042,-1.0,32.8,96.0,24.3,82.0,8.0,0.0,25.1,26.0,104.9,130.9,118.4125,108.6,26.0,0.0737220324856641,-0.02785992740959822,0.05726040658276997,-0.05342126586837163,-1.0,130.9,21.0,104.9,122.0,0.0,-1.0,108.6,16.0,68.7,92.8,77.35,68.7,24.099999999999994,0.09572798198065573,-0.0738602169439646,-0.3282187802516933,-0.058577923831817966,1.0,92.8,0.0,68.7,240.0,0.0,-1.0,68.7,-1.0,91.2,93.8,92.6875,92.9,2.5999999999999943,0.007246232033450939,-0.0009549463844393837,-0.03368828654404572,0.005368236247411389,1.0,93.8,0.0,91.2,82.0,0.0,-1.0,92.9,14.0,37.53,38.41,37.98625,37.71,0.8799999999999955,0.007296598437118277,-0.0018737526756076532,-0.007855759922555269,-0.004287611416224051,1.0,38.41,96.0,37.53,188.0,0.0,-1.0,37.71,-1.0,10.0,13.0,11.375,13.0,3.0,0.0753368637406708,0.009270269990796954,-0.0024201355275895015,0.010218780948951092,1.0,13.0,240.0,10.0,21.0,7.0,0.0,13.0,-1.0,39.4,46.9,42.025,41.3,7.5,0.05038987015495961,-0.007346934554892595,0.1300096805421106,-0.004956333843522208,1.0,46.9,37.0,39.4,122.0,0.0,-1.0,41.3,45.0,2.0,1.0,1.0,1.0,1.0,1.0,1.0,1.0,1.0,1.0,1.0,1.0,1.0,1.0,1.0,3.0,1.0,69.0,120.0,0.0,1.0,120.0,1.0,119.0,0.0,-1.0,0.0,-1.0,1.0,69.0,0.0,-1.0,0.0,-1.0,0.0,-1.0,0.0,-1.0,0.0,-1.0,4.0,0.0,69.0,83.0,16.0,240.0,3.0,21.0,240.0,1.0,0.0,0.0,120.0,2.0,11.33,7.33,11.33,0.0,-4.0,-0.353045013239188,0.0,120.0,2.0,138.4,143.3,143.3,120.0,4.900000000000006,0.035404624277456685,0.0,120.0,2.0,4.11,4.56,4.56,120.0,0.4499999999999993,0.10948905109489034,0.0,120.0,2.0,15.7,17.0,17.0,120.0,1.3000000000000007,0.08280254777070069,0.0,120.0,2.0,86.4,61.9,86.4,0.0,-24.500000000000007,-0.2835648148148149,0.0,120.0,2.0,7.256,7.297,7.297,120.0,0.04099999999999948,0.0056504961411245145,0.0,120.0,2.0,0.169,0.133,0.169,0.0,-0.036000000000000004,-0.21301775147928995,0.0,120.0,2.0,4.06,3.93,4.06,0.0,-0.12999999999999945,-0.03201970443349741,0.0,120.0,2.0,1027.2,1011.5,1027.2,0.0,-15.700000000000045,-0.015284267912772629,0.0,120.0,2.0,17.0,24.1,24.1,120.0,7.100000000000001,0.4176470588235295,0.0,120.0,2.0,12.38,4.01,12.38,0.0,-8.370000000000001,-0.6760904684975768,0.0,120.0,2.0,144.2,150.1,150.1,120.0,5.900000000000006,0.04091539528432737,0.0,120.0,2.0,301.3,302.2,302.2,120.0,0.8999999999999773,0.0029870560902753975,1.0
E000600,0,6,1,0,41,9.0,61.0,78.9,72.14444444444445,70.9,17.900000000000006,0.06747976195235877,-0.04932833208044578,0.0,-0.06084995154999271,1.0,78.9,0.0,61.0,204.0,0.0,-1.0,69.9,36.0,10.9,18.9,14.633333333333333,16.1,7.999999999999998,0.14825640177925267,0.0040601283094254936,0.0,0.006422272346038946,-1.0,18.9,177.0,10.9,141.0,0.0,-1.0,15.3,15.0,102.8,147.2,126.60000000000001,143.9,44.39999999999999,0.10009214597325364,0.0042354467660049265,0.0,0.05454005064857889,1.0,147.2,177.0,102.8,223.0,0.0,-1.0,123.35,17.0,62.8,89.2,78.73333333333332,75.8,26.400000000000006,0.09898894589430954,0.031025188190589723,0.0,0.0015805287972184027,-1.0,89.2,204.0,62.8,177.0,0.0,-1.0,81.55,36.0,95.9,97.7,96.67777777777776,96.8,1.7999999999999972,0.005639739867318829,0.002723485979672109,0.0,0.004456586350940942,-1.0,97.7,223.0,95.9,192.0,0.0,-1.0,97.25,17.0,36.17,37.07,36.65222222222222,36.47,0.8999999999999986,0.006806639631359298,-0.0016113336559948086,0.0,0.00028337146905315253,1.0,37.07,0.0,36.17,192.0,0.0,-1.0,36.7,12.0,13.0,15.0,14.444444444444445,13.0,2.0,0.047418569253607504,-0.0021753905405266756,0.0,-0.011237144462449163,-1.0,15.0,107.0,13.0,240.0,0.0,-1.0,13.5,70.0,31.2,39.4,34.955555555555556,34.0,8.2,0.07522034053527801,-0.012718182660721522,0.0,-0.0018313288330468246,-1.0,39.4,223.0,31.2,177.0,0.0,-1.0,36.7,46.0,0.0,0.0,0.0,0.0,0.0,0.0,0.0,0.0,0.0,0.0,0.0,0.0,0.0,0.0,0.0,3.0,1.0,48.0,137.0,1.0,1.0,137.0,1.0,48.0,0.0,-1.0,1.0,68.0,0.0,-1.0,0.0,-1.0,0.0,-1.0,0.0,-1.0,0.0,-1.0,0.0,-1.0,5.0,0.0,,,0.0,0.0,5.0,240.0,192.0,1.0,0.0,,,,,,,,,,,,,,,,,,,,,,,,,,,,,,,,,,,,,,,,,,,,,,,,,,,,,,,,,,,,,,,,,,,,,,,,,,,,,,,,,,,,,,,,,,,,,,,,,,,,,,,,,,,,,,,,,,,,,,
E000048,1,0,0,1,38,6.0,73.8,85.9,81.18333333333334,85.9,12.100000000000009,0.04834071440250883,0.014173494954967083,-2.9074608632503665e-16,0.029754069968825566,1.0,85.9,240.0,73.8,175.0,0.0,-1.0,85.9,65.0,11.3,16.0,13.533333333333333,12.8,4.699999999999999,0.11227853517282248,0.0027466648608383375,-0.050847457627118654,-0.0048320055420852746,-1.0,16.0,175.0,11.3,59.0,0.0,-1.0,12.8,99.0,117.3,134.9,122.95,134.9,17.60000000000001,0.05365930141038713,0.06390329789395265,0.0033898305084744665,0.12208174575684054,1.0,134.9,240.0,117.3,0.0,0.0,-1.0,134.9,-1.0,73.2,91.9,81.75,91.9,18.700000000000003,0.0737766131629084,0.009067515405972833,-0.13728813559322067,0.11993418773813651,1.0,91.9,240.0,73.2,175.0,0.0,-1.0,91.9,65.0,95.8,98.2,97.36666666666667,98.2,2.4000000000000057,0.0087483275174123,0.0018338186496917488,0.023728813559321715,0.011430550744717296,-1.0,98.2,59.0,95.8,158.0,0.0,-1.0,98.2,99.0,36.44,37.03,36.675,36.44,0.5900000000000034,0.004914913422856525,-0.001140245141193263,0.0074576271186439355,-0.002594388638725495,-1.0,37.03,59.0,36.44,240.0,0.0,-1.0,36.44,80.0,13.0,15.0,14.166666666666666,15.0,2.0,0.048507125007266595,0.0025055867813367637,-5.763265006091805e-17,0.007447177000346322,1.0,15.0,139.0,13.0,158.0,0.0,-1.0,15.0,19.0,28.7,36.5,34.46666666666667,36.2,7.800000000000001,0.0778274643664631,-0.0067068463465835716,-0.022033898305084874,0.014340145479736728,1.0,36.5,158.0,28.7,175.0,1.0,175.0,36.2,65.0,0.0,0.0,0.0,0.0,0.0,0.0,0.0,0.0,0.0,0.0,0.0,0.0,0.0,0.0,0.0,2.0,1.0,49.0,199.0,1.0,1.0,199.0,1.0,49.0,0.0,-1.0,0.0,-1.0,0.0,-1.0,0.0,-1.0,0.0,-1.0,0.0,-1.0,0.0,-1.0,0.0,-1.0,4.0,0.0,,,1.0,65.0,3.0,158.0,240.0,0.0,0.0,,,,,,,,,,,,,,,,,,,,,,,,,,,,,,,,,,,,,,,,,,,,,,,,,,,,,,,,,,,,,,,,,,,,,,,,,,,,,,,,,,,,,,,,,,,,,,,,,,,,,,,,,,,,,,,,,,,,,,
E001002,2,1,0,1,43,8.0,61.3,117.0,88.15,66.3,55.7,0.20047177952391573,-0.15546203062142955,-0.37791586998087895,-0.01553353757903663,-1.0,117.0,0.0,61.3,108.0,0.0,-1.0,74.19999999999999,-1.0,11.9,21.1,16.35,18.3,9.200000000000001,0.186519274397271,-0.013280933814276542,0.01414913957935017,-0.015230428264128827,1.0,21.1,43.0,11.9,223.0,0.0,-1.0,15.100000000000001,17.0,107.5,146.6,125.85,146.6,39.099999999999994,0.08771300744172976,0.02572943182496725,-0.002963671128106265,-0.0044662451383007725,1.0,146.6,240.0,107.5,223.0,0.0,-1.0,127.05,-1.0,65.7,81.9,77.125,79.5,16.200000000000003,0.06191078260166803,0.02508144114895599,0.37772466539197,0.01907524498620246,-1.0,81.9,43.0,65.7,0.0,0.0,-1.0,78.45,-1.0,94.2,97.9,96.0875,94.2,3.700000000000003,0.011488480173883372,-0.00304511386279834,-0.01912045889101239,-0.008740195119831545,-1.0,97.9,108.0,94.2,240.0,0.0,-1.0,95.1,-1.0,36.74,37.27,36.985,36.74,0.5300000000000011,0.005000200624281997,-0.0014195640106420607,-0.006042065009559878,-0.0017620537557309053,1.0,37.27,0.0,36.74,240.0,0.0,-1.0,36.805,-1.0,13.0,15.0,13.625,13.0,2.0,0.05108040699844056,0.00011721333047305462,0.01720841300191215,0.0003367881276752673,-1.0,15.0,35.0,13.0,0.0,0.0,-1.0,13.5,8.0,29.5,42.9,38.425,36.8,13.399999999999999,0.10489085539048205,-0.03218058814553025,0.021319311663480334,-0.011228081611368353,-1.0,42.9,43.0,29.5,175.0,1.0,175.0,37.2,48.0,1.0,1.0,1.0,1.0,1.0,1.0,1.0,1.0,1.0,1.0,1.0,1.0,1.0,1.0,1.0,2.0,1.0,147.0,217.0,0.0,1.0,147.0,0.0,-1.0,0.0,-1.0,0.0,-1.0,1.0,217.0,0.0,-1.0,0.0,-1.0,0.0,-1.0,0.0,-1.0,0.0,-1.0,4.0,0.0,27.0,,1.0,48.0,2.0,0.0,223.0,0.0,1.0,120.0,120.0,1.0,3.2,3.2,3.2,120.0,0.0,0.0,120.0,120.0,1.0,142.1,142.1,142.1,120.0,0.0,0.0,120.0,120.0,1.0,4.07,4.07,4.07,120.0,0.0,0.0,120.0,120.0,1.0,20.5,20.5,20.5,120.0,0.0,0.0,120.0,120.0,1.0,22.0,22.0,22.0,120.0,0.0,0.0,120.0,120.0,1.0,7.382,7.382,7.382,120.0,0.0,0.0,120.0,120.0,1.0,0.024,0.024,0.024,120.0,0.0,0.0,120.0,120.0,1.0,3.28,3.28,3.28,120.0,0.0,0.0,120.0,120.0,1.0,26.2,26.2,26.2,120.0,0.0,0.0,120.0,120.0,1.0,20.0,20.0,20.0,120.0,0.0,0.0,120.0,120.0,1.0,6.43,6.43,6.43,120.0,0.0,0.0,120.0,120.0,1.0,122.0,122.0,122.0,120.0,0.0,0.0,120.0,120.0,1.0,275.2,275.2,275.2,120.0,0.0,0.0,1.0
E001232,0,6,1,0,41,6.0,66.6,115.0,94.43333333333334,115.0,48.400000000000006,0.1567942654362357,-0.015115207373271834,0.0,0.006903199254879101,1.0,115.0,240.0,66.6,197.0,0.0,-1.0,115.0,43.0,14.7,20.0,17.383333333333336,15.5,5.300000000000001,0.11444791490945787,-0.01876856118791611,0.0,-0.01997747308683685,1.0,20.0,113.0,14.7,168.0,0.0,-1.0,15.5,-1.0,124.0,144.2,129.31666666666666,124.0,20.19999999999999,0.05363018046217217,-0.02464413722478249,0.0,-0.09653323802716215,-1.0,144.2,68.0,124.0,240.0,0.0,-1.0,124.0,45.0,67.3,89.8,75.55,67.8,22.5,0.100196445769221,0.0037813620071681497,0.0,0.03651525981761884,-1.0,89.8,197.0,67.3,68.0,0.0,-1.0,67.8,45.0,95.0,98.5,96.58333333333333,97.1,3.5,0.011826516438778557,0.010975422427035097,0.0,0.009736391795005388,-1.0,98.5,197.0,95.0,0.0,0.0,-1.0,97.1,-1.0,36.88,37.59,37.12333333333333,37.59,0.7100000000000009,0.0064305501552640336,0.0018302611367126845,0.0,0.0017998787012368602,1.0,37.59,240.0,36.88,0.0,0.0,-1.0,37.59,-1.0,13.0,15.0,14.333333333333334,14.0,2.0,0.052001580872088136,0.0037890424987198977,0.0,0.00517685792882364,0.0,15.0,113.0,13.0,68.0,0.0,-1.0,14.0,45.0,33.3,42.2,38.699999999999996,33.3,8.900000000000006,0.07456321484178867,-0.019027137736815188,0.0,-0.020666276777784844,-1.0,42.2,197.0,33.3,240.0,0.0,-1.0,33.3,-1.0,2.0,1.0,1.0,1.0,1.0,1.0,1.0,1.0,1.0,1.0,1.0,1.0,1.0,1.0,1.0,2.0,1.0,85.0,218.0,0.0,1.0,218.0,1.0,85.0,0.0,-1.0,0.0,-1.0,0.0,-1.0,0.0,-1.0,0.0,-1.0,0.0,-1.0,0.0,-1.0,0.0,-1.0,4.0,0.0,-35.0,,0.0,0.0,4.0,68.0,197.0,1.0,0.0,120.0,240.0,2.0,5.59,7.17,7.17,240.0,1.58,0.2826475849731664,120.0,240.0,2.0,135.4,140.1,140.1,240.0,4.699999999999989,0.03471196454948293,120.0,240.0,2.0,3.91,3.53,3.91,120.0,-0.38000000000000034,-0.0971867007672635,120.0,240.0,2.0,22.4,21.1,22.4,120.0,-1.2999999999999972,-0.05803571428571416,120.0,240.0,2.0,47.2,24.0,47.2,120.0,-23.200000000000003,-0.4915254237288136,120.0,240.0,2.0,7.371,7.402,7.402,240.0,0.030999999999999694,0.004205670872337497,120.0,240.0,2.0,0.04,0.038,0.04,120.0,-0.0020000000000000018,-0.050000000000000044,120.0,240.0,2.0,2.62,2.04,2.62,120.0,-0.5800000000000001,-0.22137404580152673,120.0,240.0,2.0,398.9,236.7,398.9,120.0,-162.2,-0.4066182000501379,120.0,240.0,2.0,20.8,8.4,20.8,120.0,-12.4,-0.5961538461538461,120.0,240.0,2.0,1.56,0.1,1.56,120.0,-1.46,-0.9358974358974358,120.0,240.0,2.0,107.8,105.9,107.8,120.0,-1.8999999999999915,-0.01762523191094612,120.0,240.0,2.0,296.4,283.2,296.4,120.0,-13.199999999999989,-0.04453441295546555,1.0
E000673,1,0,0,1,38,8.0,113.8,169.2,139.0,128.3,55.39999999999999,0.11929654239620725,-0.028201368523949322,0.2652173913043477,-0.16267079233737763,1.0,169.2,173.0,113.8,222.0,5.0,0.0,121.05000000000001,49.0,18.4,27.0,24.012500000000003,18.4,8.600000000000001,0.0994791517692143,-0.020391984359726324,0.10869565217391282,-0.03683204116399543,-1.0,27.0,23.0,18.4,240.0,6.0,0.0,20.65,-1.0,100.6,131.5,120.225,121.3,30.900000000000006,0.08440121684780148,0.021542521994134894,1.07391304347826,0.0335465702464973,-1.0,131.5,23.0,100.6,136.0,0.0,-1.0,124.4,113.0,61.9,84.1,72.4625,84.1,22.199999999999996,0.09042564807160562,0.04059921798631468,-0.48695652173913023,0.045694120919236574,1.0,84.1,240.0,61.9,23.0,0.0,-1.0,78.4,90.0,91.9,93.7,92.88749999999999,93.0,1.7999999999999972,0.006310522991626089,-0.0007028347996088746,0.013043478260868742,0.007294093105726259,-1.0,93.7,173.0,91.9,121.0,0.0,-1.0,92.95,15.0,37.62,38.35,37.78125,37.7,0.730000000000004,0.005796522277740686,-0.0012419354838709635,0.027826086956521688,0.00046761464381329384,-1.0,38.35,23.0,37.62,121.0,0.0,-1.0,37.715,90.0,11.0,13.0,12.125,13.0,2.0,0.06438142266390101,0.0029032258064516014,-0.08695652173913039,0.009213225324201255,1.0,13.0,0.0,11.0,23.0,5.0,23.0,12.5,98.0,38.5,47.6,42.45,39.8,9.100000000000001,0.07581406380096158,0.004758553274682336,0.2434782608695647,-0.010332719118311668,-1.0,47.6,113.0,38.5,121.0,0.0,-1.0,41.849999999999994,8.0,3.0,1.0,1.0,1.0,1.0,1.0,1.0,1.0,1.0,1.0,1.0,1.0,1.0,1.0,1.0,3.0,1.0,120.0,224.0,0.0,1.0,224.0,1.0,185.0,0.0,-1.0,1.0,120.0,0.0,-1.0,0.0,-1.0,0.0,-1.0,0.0,-1.0,0.0,-1.0,0.0,-1.0,5.0,0.0,120.0,224.0,16.0,222.0,4.0,23.0,240.0,1.0,0.0,0.0,240.0,3.0,11.4,10.49,13.2,120.0,-0.9100000000000001,-0.07982456140350878,0.0,240.0,3.0,140.1,140.0,140.1,0.0,-0.09999999999999432,-0.0007137758743754056,0.0,240.0,3.0,4.54,4.47,4.54,0.0,-0.07000000000000028,-0.015418502202643234,0.0,240.0,3.0,16.3,21.4,21.4,240.0,5.099999999999998,0.31288343558282194,0.0,240.0,3.0,36.4,57.5,57.5,240.0,21.1,0.5796703296703297,0.0,240.0,3.0,7.292,7.302,7.302,240.0,0.009999999999999787,0.001371365880416866,0.0,240.0,3.0,0.168,0.127,0.168,0.0,-0.04100000000000001,-0.2440476190476191,0.0,240.0,3.0,3.73,2.83,4.54,120.0,-0.8999999999999999,-0.24128686327077745,0.0,240.0,3.0,845.3,835.9,954.6,120.0,-9.399999999999977,-0.011120312315154356,0.0,240.0,3.0,21.6,24.5,28.1,120.0,2.8999999999999986,0.1342592592592592,0.0,240.0,3.0,4.71,8.54,8.54,240.0,3.829999999999999,0.8131634819532907,0.0,240.0,3.0,136.5,132.4,146.6,120.0,-4.099999999999994,-0.030036630036629996,0.0,240.0,3.0,309.0,300.0,309.0,0.0,-9.0,-0.02912621359223301,1.0
E000782,1,0,0,1,38,7.0,78.7,105.8,94.61428571428573,96.1,27.099999999999994,0.10098600668565999,-0.032238746665153147,0.0,-0.011738907782606832,1.0,105.8,138.0,78.7,202.0,0.0,-1.0,96.1,38.0,14.9,28.8,19.2,14.9,13.9,0.24555826014814514,-0.052105920417778326,0.0,-0.02198878632299064,1.0,28.8,0.0,14.9,240.0,1.0,0.0,14.9,-1.0,124.5,139.9,129.8,133.3,15.400000000000006,0.0397684798977547,-0.005029233127093361,0.0,0.009036595454127713,1.0,139.9,138.0,124.5,156.0,0.0,-1.0,133.3,18.0,68.8,88.5,78.87142857142858,77.4,19.700000000000003,0.0783183575714642,-0.01640177101663184,0.0,0.004662736189713255,1.0,88.5,156.0,68.8,101.0,0.0,-1.0,77.4,35.0,95.2,97.2,96.14285714285712,95.8,2.0,0.007138432183931254,-0.0034937844127833897,0.0,-0.0051354438856570685,1.0,97.2,156.0,95.2,136.0,0.0,-1.0,95.8,2.0,36.66,37.56,36.90714285714286,36.72,0.9000000000000057,0.007778698784714848,-0.003517341204518467,0.0,-0.001422718857097831,1.0,37.56,0.0,36.66,202.0,0.0,-1.0,36.72,-1.0,13.0,15.0,14.571428571428571,14.0,2.0,0.04999038738816456,-0.003831526366577762,0.0,-0.0051603923473876176,-1.0,15.0,0.0,13.0,156.0,0.0,-1.0,14.0,46.0,33.3,45.4,37.57142857142857,34.8,12.100000000000001,0.12491868713843998,-0.042529942669012964,0.0,-0.03209291332379164,1.0,45.4,138.0,33.3,202.0,0.0,-1.0,34.8,-1.0,2.0,1.0,1.0,1.0,1.0,1.0,1.0,1.0,1.0,1.0,1.0,1.0,1.0,1.0,1.0,5.0,1.0,30.0,175.0,3.0,1.0,38.0,1.0,131.0,1.0,30.0,0.0,-1.0,1.0,50.0,0.0,-1.0,0.0,-1.0,0.0,-1.0,0.0,-1.0,0.0,-1.0,7.0,0.0,30.0,,1.0,101.0,3.0,156.0,202.0,1.0,0.0,0.0,120.0,2.0,9.36,9.07,9.36,0.0,-0.28999999999999915,-0.030982905982905894,0.0,120.0,2.0,139.6,139.0,139.6,0.0,-0.5999999999999943,-0.0042979942693409335,0.0,120.0,2.0,4.22,4.68,4.68,120.0,0.45999999999999996,0.10900473933649289,0.0,120.0,2.0,21.0,27.8,27.8,120.0,6.800000000000001,0.3238095238095238,0.0,120.0,2.0,40.2,21.1,40.2,0.0,-19.1,-0.47512437810945274,0.0,120.0,2.0,7.328,7.378,7.378,120.0,0.04999999999999982,0.006823144104803469,0.0,120.0,2.0,0.069,0.0,0.069,0.0,-0.069,-1.0,0.0,120.0,2.0,2.39,1.88,2.39,0.0,-0.5100000000000002,-0.21338912133891222,0.0,120.0,2.0,485.4,443.4,485.4,0.0,-42.0,-0.0865265760197775,0.0,120.0,2.0,24.3,15.1,24.3,0.0,-9.200000000000001,-0.37860082304526754,0.0,120.0,2.0,0.1,6.01,6.01,120.0,5.91,59.1,0.0,120.0,2.0,127.8,99.9,127.8,0.0,-27.89999999999999,-0.2183098591549295,0.0,120.0,2.0,297.9,282.9,297.9,0.0,-15.0,-0.050352467270896276,1.0
E000946,3,2,0,1,65,8.0,66.6,91.5,80.025,71.3,24.900000000000006,0.11696663631753607,-0.02781099632040748,0.007436399217221599,-0.00784368273862691,1.0,91.5,52.0,66.6,136.0,0.0,-1.0,79.94999999999999,93.0,11.5,18.4,14.1875,14.3,6.899999999999999,0.13741951645697925,-0.010767230399094257,0.029305283757338586,-0.005284273101307513,-1.0,18.4,30.0,11.5,229.0,0.0,-1.0,12.9,22.0,110.9,143.1,128.58749999999998,126.1,32.19999999999999,0.08701550329521901,0.008456870931219967,0.638649706457926,0.03443416255472439,-1.0,143.1,30.0,110.9,0.0,0.0,-1.0,131.7,49.0,64.3,77.2,70.9875,68.8,12.900000000000006,0.05567228960709741,0.011931255307104444,0.23938356164383598,-0.0058208998931138095,-1.0,77.2,52.0,64.3,0.0,0.0,-1.0,71.3,27.0,95.2,98.0,96.76249999999999,97.5,2.799999999999997,0.00947091997068543,-0.0009738536654400782,-0.029060665362035117,-0.0027402374921299097,1.0,98.0,136.0,95.2,229.0,0.0,-1.0,96.35,11.0,36.39,36.94,36.69125,36.86,0.5499999999999972,0.004520538658200292,-0.000556272997452553,0.00025929549902184245,-0.0009576555339180212,1.0,36.94,79.0,36.39,229.0,0.0,-1.0,36.625,11.0,14.0,15.0,14.625,15.0,1.0,0.033102421762456556,0.0005926266628927056,3.854932027820949e-17,0.006244783811880473,0.0,15.0,0.0,14.0,62.0,0.0,-1.0,15.0,167.0,29.3,39.5,35.25,38.2,10.2,0.09450471038363076,0.019570832153976793,0.023630136986301706,0.03730983791381762,-1.0,39.5,136.0,29.3,62.0,1.0,62.0,37.5,-1.0,1.0,1.0,1.0,1.0,1.0,1.0,1.0,1.0,1.0,1.0,1.0,1.0,1.0,1.0,1.0,2.0,1.0,188.0,202.0,0.0,1.0,202.0,1.0,188.0,0.0,-1.0,0.0,-1.0,0.0,-1.0,0.0,-1.0,0.0,-1.0,0.0,-1.0,0.0,-1.0,0.0,-1.0,4.0,0.0,68.0,,1.0,17.0,4.0,62.0,229.0,1.0,0.0,120.0,120.0,1.0,7.15,7.15,7.15,120.0,0.0,0.0,120.0,120.0,1.0,135.5,135.5,135.5,120.0,0.0,0.0,120.0,120.0,1.0,4.32,4.32,4.32,120.0,0.0,0.0,120.0,120.0,1.0,26.4,26.4,26.4,120.0,0.0,0.0,120.0,120.0,1.0,33.0,33.0,33.0,120.0,0.0,0.0,120.0,120.0,1.0,7.403,7.403,7.403,120.0,0.0,0.0,120.0,120.0,1.0,0.0,0.0,0.0,120.0,0.0,0.0,120.0,120.0,1.0,2.1,2.1,2.1,120.0,0.0,0.0,120.0,120.0,1.0,264.1,264.1,264.1,120.0,0.0,0.0,120.0,120.0,1.0,12.1,12.1,12.1,120.0,0.0,0.0,120.0,120.0,1.0,1.24,1.24,1.24,120.0,0.0,0.0,120.0,120.0,1.0,77.4,77.4,77.4,120.0,0.0,0.0,120.0,120.0,1.0,296.5,296.5,296.5,120.0,0.0,0.0,1.0
E001413,4,3,0,0,74,8.0,89.3,114.2,104.88749999999999,105.5,24.900000000000006,0.07498078067899852,0.002939325743899124,-0.002981895633652944,0.04546029211165463,1.0,114.2,57.0,89.3,142.0,0.0,-1.0,105.5,59.0,12.7,24.1,20.1125,22.3,11.400000000000002,0.16575292521403068,0.008311282207695486,-0.14233226837060717,-0.0017849419436403635,1.0,24.1,142.0,12.7,57.0,1.0,142.0,22.3,46.0,111.2,133.9,120.67500000000001,119.0,22.700000000000003,0.054280786914869816,-0.03738716830573157,-0.3000532481363159,0.015257677080214454,1.0,133.9,0.0,111.2,138.0,0.0,-1.0,119.0,63.0,72.1,87.4,80.35000000000001,87.4,15.300000000000011,0.055386196515386774,0.030930378894668466,0.1671991480298189,0.020199953421832013,1.0,87.4,240.0,72.1,0.0,0.0,-1.0,87.4,-1.0,94.1,96.8,95.4875,94.6,2.700000000000003,0.01015944355013158,-0.0007053612400288899,-0.007401490947817416,0.00429018198755695,-1.0,96.8,138.0,94.1,103.0,0.0,-1.0,94.6,35.0,37.11,37.65,37.43125,37.11,0.5399999999999991,0.004919665417871141,-0.0005550838492335166,0.00030883919062781354,-0.0033765844894699435,-1.0,37.65,103.0,37.11,240.0,0.0,-1.0,37.11,-1.0,11.0,13.0,12.0,12.0,2.0,0.05892556509887897,0.0028357335399681618,-0.006922257720979849,0.0010147386632066108,1.0,13.0,138.0,11.0,48.0,6.0,0.0,12.0,9.0,34.5,42.3,38.0875,35.7,7.799999999999997,0.07716832224805857,-0.01242639320523076,-0.09206602768903156,-0.0462670925242039,1.0,42.3,142.0,34.5,48.0,0.0,-1.0,35.7,55.0,3.0,1.0,1.0,1.0,1.0,1.0,1.0,1.0,1.0,1.0,1.0,1.0,1.0,1.0,1.0,1.0,1.0,19.0,19.0,1.0,0.0,-1.0,0.0,-1.0,0.0,-1.0,1.0,19.0,0.0,-1.0,0.0,-1.0,0.0,-1.0,0.0,-1.0,0.0,-1.0,0.0,-1.0,5.0,0.0,19.0,,7.0,138.0,4.0,48.0,-1.0,1.0,0.0,0.0,240.0,3.0,4.54,5.92,9.57,120.0,1.38,0.3039647577092511,0.0,240.0,3.0,136.9,136.8,138.2,120.0,-0.09999999999999432,-0.0007304601899196079,0.0,240.0,3.0,4.76,4.63,4.76,0.0,-0.1299999999999999,-0.02731092436974788,0.0,240.0,3.0,19.2,24.4,24.4,240.0,5.199999999999999,0.2708333333333333,0.0,240.0,3.0,46.2,26.0,46.2,0.0,-20.200000000000003,-0.43722943722943725,0.0,240.0,3.0,7.344,7.345,7.345,240.0,0.0009999999999994458,0.00013616557734197246,0.0,240.0,3.0,0.074,0.081,0.098,120.0,0.007000000000000006,0.09459459459459468,0.0,240.0,3.0,1.63,4.25,4.25,240.0,2.62,1.6073619631901843,0.0,240.0,3.0,490.4,490.7,619.4,120.0,0.30000000000001137,0.0006117455138662549,0.0,240.0,3.0,14.2,17.4,20.7,120.0,3.1999999999999993,0.2253521126760563,0.0,240.0,3.0,5.44,2.83,5.44,0.0,-2.6100000000000003,-0.4797794117647059,0.0,240.0,3.0,132.3,94.2,132.3,0.0,-38.10000000000001,-0.28798185941043086,0.0,240.0,3.0,291.6,295.0,295.0,240.0,3.3999999999999773,0.011659807956104173,1.0
E000065,4,3,0,0,74,9.0,71.0,96.6,83.1888888888889,93.8,25.599999999999994,0.10325089563982925,0.03562431175717245,0.20202419730107038,0.020307755860786855,1.0,96.6,126.0,71.0,221.0,0.0,-1.0,85.06666666666666,95.0,12.9,21.0,17.166666666666664,15.1,8.1,0.14613505026972257,-0.006592114937846711,-0.15572359236854358,-0.0008406485593307931,1.0,21.0,0.0,12.9,53.0,0.0,-1.0,17.2,25.0,105.0,140.5,121.22222222222223,124.6,35.5,0.09785149719419674,-0.0008764632171962176,-0.5677757096323858,0.05043478260869561,1.0,140.5,126.0,105.0,102.0,0.0,-1.0,121.89999999999999,24.0,63.2,87.2,73.5,66.9,24.0,0.10233165908157879,-0.056192718347733796,0.15083759888320206,-0.02038624393266551,-1.0,87.2,53.0,63.2,78.0,0.0,-1.0,67.3,24.0,95.4,98.6,97.07777777777777,97.3,3.1999999999999886,0.00796105448656479,-0.0028423781529719042,0.001209865053513883,-0.007821956005370332,1.0,98.6,102.0,95.4,221.0,0.0,-1.0,96.56666666666666,19.0,36.95,37.36,37.14777777777778,36.97,0.4099999999999966,0.004453762832036452,0.00035653998971303945,0.006335504885993527,0.00015160590726011737,-1.0,37.36,53.0,36.95,20.0,0.0,-1.0,37.18666666666667,25.0,14.0,15.0,14.555555555555555,15.0,1.0,0.03413844240457694,0.001047682498696875,0.016984644020474598,0.0036972012805948384,0.0,15.0,20.0,14.0,0.0,0.0,-1.0,14.666666666666666,58.0,31.4,41.3,36.96666666666667,41.3,9.899999999999999,0.07037986041871182,-0.004661237818749172,0.011959050721265654,-0.004480016523804605,1.0,41.3,240.0,31.4,214.0,0.0,-1.0,36.3,7.0,2.0,1.0,1.0,1.0,1.0,1.0,1.0,1.0,1.0,1.0,1.0,1.0,1.0,1.0,1.0,0.0,0.0,-1.0,-1.0,0.0,0.0,-1.0,0.0,-1.0,0.0,-1.0,0.0,-1.0,0.0,-1.0,0.0,-1.0,0.0,-1.0,0.0,-1.0,0.0,-1.0,0.0,-1.0,0.0,0.0,,,0.0,0.0,5.0,0.0,214.0,1.0,0.0,120.0,240.0,2.0,5.93,5.07,5.93,120.0,-0.8599999999999994,-0.14502529510961204,120.0,240.0,2.0,143.8,140.7,143.8,120.0,-3.1000000000000227,-0.02155771905424216,120.0,240.0,2.0,4.06,4.52,4.52,240.0,0.45999999999999996,0.11330049261083744,120.0,240.0,2.0,22.3,23.0,23.0,240.0,0.6999999999999993,0.03139013452914795,120.0,240.0,2.0,42.0,12.8,42.0,120.0,-29.2,-0.6952380952380952,120.0,240.0,2.0,7.351,7.342,7.351,120.0,-0.009000000000000341,-0.0012243232213304776,120.0,240.0,2.0,0.016,0.063,0.063,240.0,0.047,2.9375,120.0,240.0,2.0,1.47,1.42,1.47,120.0,-0.050000000000000044,-0.0340136054421769,120.0,240.0,2.0,141.9,360.8,360.8,240.0,218.9,1.5426356589147288,120.0,240.0,2.0,12.7,7.0,12.7,120.0,-5.699999999999999,-0.44881889763779526,120.0,240.0,2.0,3.08,2.63,3.08,120.0,-0.4500000000000002,-0.14610389610389615,120.0,240.0,2.0,114.7,97.0,114.7,120.0,-17.700000000000003,-0.15431560592850918,120.0,240.0,2.0,292.0,284.0,292.0,120.0,-8.0,-0.0273972602739726,1.0
E001179,3,2,0,1,65,6.0,79.7,122.0,106.25,116.6,42.3,0.12587362989751086,0.027138994873159482,0.0,0.07922152732060558,-1.0,122.0,140.0,79.7,162.0,0.0,-1.0,112.9,53.0,14.0,22.4,18.683333333333334,16.8,8.399999999999999,0.1467893880268242,-0.015898907636094087,0.0,-0.030990783410138275,-1.0,22.4,140.0,14.0,162.0,0.0,-1.0,17.5,53.0,100.5,133.3,120.85000000000002,119.2,32.80000000000001,0.097146948170381,0.06439150246363942,0.0,0.08563473776607387,-1.0,133.3,156.0,100.5,140.0,0.0,-1.0,125.35,84.0,66.4,86.7,76.73333333333333,79.5,20.299999999999997,0.08859516563995465,-0.025111540855550292,0.0,0.1287963572525782,1.0,86.7,0.0,66.4,140.0,0.0,-1.0,80.5,75.0,93.4,95.9,94.86666666666666,95.8,2.5,0.010535252530263496,-0.0013988339882446779,0.0,0.0016183892912002018,1.0,95.9,162.0,93.4,156.0,0.0,-1.0,94.69999999999999,6.0,37.15,37.79,37.44833333333333,37.49,0.6400000000000006,0.006217600113101399,-0.0019482469436142003,0.0,-0.0008160522273425612,1.0,37.79,0.0,37.15,162.0,0.0,-1.0,37.36,78.0,11.0,14.0,12.333333333333334,12.0,3.0,0.07644397634449163,0.0008457623977839303,0.0,-0.004279131007241629,1.0,14.0,156.0,11.0,140.0,4.0,0.0,12.0,6.0,32.7,40.4,37.83333333333333,38.1,7.699999999999996,0.06795002461553773,0.02234428231358785,0.0,-0.02106374807987717,-1.0,40.4,140.0,32.7,0.0,0.0,-1.0,37.85,-1.0,2.0,1.0,1.0,1.0,1.0,1.0,1.0,1.0,1.0,1.0,1.0,1.0,1.0,1.0,1.0,2.0,1.0,22.0,68.0,1.0,1.0,22.0,1.0,68.0,0.0,-1.0,0.0,-1.0,0.0,-1.0,0.0,-1.0,0.0,-1.0,0.0,-1.0,0.0,-1.0,0.0,-1.0,4.0,0.0,-98.0,,4.0,156.0,2.0,140.0,-1.0,1.0,0.0,120.0,240.0,2.0,12.69,7.12,12.69,120.0,-5.569999999999999,-0.43892828999211975,120.0,240.0,2.0,135.7,140.6,140.6,240.0,4.900000000000006,0.036109064112011834,120.0,240.0,2.0,4.61,4.22,4.61,120.0,-0.39000000000000057,-0.08459869848156194,120.0,240.0,2.0,18.2,21.3,21.3,240.0,3.1000000000000014,0.17032967032967042,120.0,240.0,2.0,70.0,56.9,70.0,120.0,-13.100000000000001,-0.18714285714285717,120.0,240.0,2.0,7.286,7.331,7.331,240.0,0.04500000000000082,0.006176228383200771,120.0,240.0,2.0,0.033,0.033,0.033,120.0,0.0,0.0,120.0,240.0,2.0,4.39,3.04,4.39,120.0,-1.3499999999999996,-0.30751708428246005,120.0,240.0,2.0,694.2,429.4,694.2,120.0,-264.80000000000007,-0.3814462690867186,120.0,240.0,2.0,39.9,16.8,39.9,120.0,-23.099999999999998,-0.5789473684210525,120.0,240.0,2.0,5.83,3.92,5.83,120.0,-1.9100000000000001,-0.3276157804459691,120.0,240.0,2.0,97.8,101.4,101.4,240.0,3.6000000000000085,0.03680981595092033,120.0,240.0,2.0,289.7,287.2,289.7,120.0,-2.5,-0.008629616845012083,1.0
E002141,0,6,1,0,41,8.0,97.8,126.4,115.83749999999999,111.6,28.60000000000001,0.08333982635708044,-0.06505266302432548,-0.2804897314375995,-0.060188675134534374,1.0,126.4,0.0,97.8,157.0,0.0,-1.0,111.6,52.0,18.1,25.8,23.725,24.0,7.699999999999999,0.1053898829032336,-0.022200854650986427,-0.00450236966824658,-0.011466480751214597,1.0,25.8,0.0,18.1,209.0,4.0,0.0,24.0,31.0,115.4,142.1,126.4,115.4,26.69999999999999,0.06642036809615828,-0.011932440096247566,0.16785150078988925,-0.10694568509117823,-1.0,142.1,157.0,115.4,240.0,0.0,-1.0,115.4,52.0,60.7,82.4,73.1125,82.4,21.700000000000003,0.09180133246022805,0.01704190870497718,-0.260268562401264,0.10347066384888566,1.0,82.4,240.0,60.7,60.0,0.0,-1.0,82.4,149.0,91.8,95.6,93.38749999999999,91.8,3.799999999999997,0.013904395416823008,-0.001838363140317265,-0.04383886255924284,0.005468528726115983,-1.0,95.6,209.0,91.8,60.0,0.0,-1.0,91.8,97.0,37.38,38.07,37.73125,37.38,0.6899999999999977,0.0069345810396918,-0.0019266988580537339,0.009668246445497493,-0.0037371184557396862,-1.0,38.07,36.0,37.38,240.0,0.0,-1.0,37.38,121.0,10.0,14.0,12.375,14.0,4.0,0.10642074497831049,0.010079840552279104,-0.007109004739336616,0.017342425760909833,0.0,14.0,157.0,10.0,42.0,4.0,0.0,14.0,18.0,38.9,48.4,43.599999999999994,41.6,9.5,0.06722179307226078,0.008708011361116812,-0.09210110584518195,-0.0009368395825615774,-1.0,48.4,209.0,38.9,60.0,0.0,-1.0,41.6,39.0,3.0,1.0,1.0,1.0,1.0,1.0,1.0,1.0,1.0,1.0,1.0,1.0,1.0,1.0,1.0,5.0,1.0,14.0,227.0,1.0,1.0,119.0,1.0,14.0,0.0,-1.0,1.0,227.0,1.0,105.0,0.0,-1.0,0.0,-1.0,0.0,-1.0,0.0,-1.0,0.0,-1.0,5.0,0.0,14.0,,8.0,115.0,6.0,42.0,209.0,1.0,0.0,0.0,240.0,3.0,9.42,7.0,11.37,120.0,-2.42,-0.25690021231422505,0.0,240.0,3.0,141.4,137.8,141.4,0.0,-3.5999999999999943,-0.02545968882602542,0.0,240.0,3.0,4.37,4.34,4.37,0.0,-0.03000000000000025,-0.00686498855835246,0.0,240.0,3.0,20.2,21.6,21.6,240.0,1.4000000000000021,0.06930693069306941,0.0,240.0,3.0,73.5,46.0,73.5,0.0,-27.5,-0.3741496598639456,0.0,240.0,3.0,7.338,7.322,7.338,0.0,-0.016000000000000014,-0.0021804306350504243,0.0,240.0,3.0,0.106,0.049,0.119,120.0,-0.056999999999999995,-0.5377358490566038,0.0,240.0,3.0,2.44,2.04,2.8,120.0,-0.3999999999999999,-0.16393442622950816,0.0,240.0,3.0,1057.2,759.0,1057.2,0.0,-298.20000000000005,-0.28206583427922816,0.0,240.0,3.0,27.6,20.8,27.6,0.0,-6.800000000000001,-0.2463768115942029,0.0,240.0,3.0,6.02,4.12,6.14,120.0,-1.8999999999999995,-0.3156146179401993,0.0,240.0,3.0,121.9,108.8,121.9,0.0,-13.100000000000009,-0.10746513535684994,0.0,240.0,3.0,295.7,292.8,295.7,0.0,-2.8999999999999773,-0.009807237064592416,1.0
E001030,1,0,0,1,38,6.0,86.4,122.2,109.40000000000002,119.7,35.8,0.11624359162631047,-0.022863004136944753,0.0,0.10432162797083315,1.0,122.2,0.0,86.4,110.0,0.0,-1.0,109.80000000000001,13.0,16.4,26.1,22.066666666666663,20.7,9.700000000000003,0.1433931830690245,-0.029881339484839734,0.0,-0.0348598102327852,1.0,26.1,0.0,16.4,213.0,2.0,0.0,18.549999999999997,-1.0,101.7,134.1,119.06666666666666,118.4,32.39999999999999,0.08465393673103276,0.10109126815233484,0.0,0.06774872624096193,-1.0,134.1,198.0,101.7,0.0,0.0,-1.0,122.85,-1.0,73.8,83.4,77.53333333333335,79.0,9.600000000000009,0.03928090724161799,0.008313045846881887,0.0,-0.025514842725081532,-1.0,83.4,110.0,73.8,0.0,0.0,-1.0,77.8,13.0,94.4,97.2,95.55,97.2,2.799999999999997,0.009568175930160454,0.006345869013772672,0.0,0.015582573145803707,1.0,97.2,240.0,94.4,110.0,0.0,-1.0,96.7,-1.0,36.9,37.4,37.190000000000005,37.4,0.5,0.0047138814349035356,5.362706208791362e-06,0.0,0.00028571864417125666,1.0,37.4,240.0,36.9,213.0,0.0,-1.0,37.15,27.0,12.0,15.0,12.666666666666666,13.0,3.0,0.08727959974619474,0.006247978344881586,0.0,0.009671415931903472,1.0,15.0,198.0,12.0,0.0,4.0,0.0,12.5,15.0,33.2,46.6,38.766666666666666,34.9,13.399999999999999,0.11076662256471345,-0.04625802277873313,0.0,-0.03253043292552702,1.0,46.6,0.0,33.2,213.0,0.0,-1.0,34.05,-1.0,2.0,1.0,1.0,1.0,1.0,1.0,1.0,1.0,1.0,1.0,1.0,1.0,1.0,1.0,1.0,2.0,1.0,73.0,127.0,0.0,1.0,73.0,0.0,-1.0,0.0,-1.0,0.0,-1.0,1.0,127.0,0.0,-1.0,0.0,-1.0,0.0,-1.0,0.0,-1.0,0.0,-1.0,4.0,0.0,73.0,,6.0,198.0,3.0,0.0,198.0,1.0,0.0,0.0,120.0,2.0,12.21,10.8,12.21,0.0,-1.4100000000000001,-0.11547911547911548,0.0,120.0,2.0,139.9,136.5,139.9,0.0,-3.4000000000000057,-0.024303073624017194,0.0,120.0,2.0,4.08,3.77,4.08,0.0,-0.31000000000000005,-0.07598039215686275,0.0,120.0,2.0,22.3,22.5,22.5,120.0,0.1999999999999993,0.00896860986547082,0.0,120.0,2.0,57.2,50.6,57.2,0.0,-6.600000000000001,-0.1153846153846154,0.0,120.0,2.0,7.351,7.362,7.362,120.0,0.01100000000000012,0.0014963950482927658,0.0,120.0,2.0,0.059,0.083,0.083,120.0,0.024000000000000007,0.4067796610169493,0.0,120.0,2.0,3.47,2.65,3.47,0.0,-0.8200000000000003,-0.23631123919308364,0.0,120.0,2.0,661.4,538.8,661.4,0.0,-122.60000000000002,-0.1853643785908679,0.0,120.0,2.0,18.6,24.4,24.4,120.0,5.799999999999997,0.31182795698924715,0.0,120.0,2.0,8.65,0.66,8.65,0.0,-7.99,-0.923699421965318,0.0,120.0,2.0,124.5,111.5,124.5,0.0,-13.0,-0.10441767068273092,0.0,120.0,2.0,287.9,281.7,287.9,0.0,-6.199999999999989,-0.02153525529697808,1.0
E002165,4,3,0,0,74,6.0,64.1,107.6,85.89999999999999,64.1,43.5,0.1585004376969609,-0.08870522254316987,0.0,-0.23891700002649235,-1.0,107.6,106.0,64.1,240.0,0.0,-1.0,64.1,13.0,13.2,18.6,15.35,18.6,5.400000000000002,0.11646184911445427,0.016727107887579355,0.0,0.01964262060561107,1.0,18.6,240.0,13.2,156.0,0.0,-1.0,18.6,-1.0,123.6,142.4,132.26666666666668,142.4,18.80000000000001,0.04645375783473285,0.0687353728731367,0.0,0.06312422179246034,1.0,142.4,240.0,123.6,0.0,0.0,-1.0,142.4,-1.0,70.0,85.4,77.88333333333333,80.1,15.400000000000006,0.05982268914956809,0.026412110733939197,0.0,0.032153548626380896,1.0,85.4,119.0,70.0,83.0,0.0,-1.0,80.1,37.0,94.9,98.5,96.51666666666667,97.2,3.5999999999999943,0.013461425538039654,0.00918003752978149,0.0,0.011608869579039451,1.0,98.5,119.0,94.9,83.0,0.0,-1.0,97.2,-1.0,36.74,37.64,37.09166666666667,36.74,0.8999999999999986,0.007848495034383979,-0.0037414872757174115,0.0,-0.0027219381672716416,1.0,37.64,0.0,36.74,240.0,0.0,-1.0,36.74,-1.0,13.0,15.0,13.666666666666666,15.0,2.0,0.05453824335365341,0.007453245904404488,0.0,0.009391474819190915,1.0,15.0,240.0,13.0,0.0,0.0,-1.0,15.0,-1.0,32.1,39.2,36.38333333333333,38.2,7.100000000000001,0.07431858921510177,-0.009227476860148845,0.0,0.0069422735581635715,1.0,39.2,0.0,32.1,156.0,0.0,-1.0,38.2,84.0,2.0,1.0,1.0,1.0,1.0,1.0,1.0,1.0,1.0,1.0,1.0,1.0,1.0,1.0,1.0,1.0,1.0,129.0,129.0,0.0,1.0,129.0,0.0,-1.0,0.0,-1.0,0.0,-1.0,0.0,-1.0,0.0,-1.0,0.0,-1.0,0.0,-1.0,0.0,-1.0,0.0,-1.0,4.0,0.0,129.0,,0.0,0.0,1.0,0.0,240.0,0.0,0.0,0.0,120.0,2.0,9.26,5.51,9.26,0.0,-3.75,-0.40496760259179265,0.0,120.0,2.0,136.9,138.5,138.5,120.0,1.5999999999999943,0.011687363038714349,0.0,120.0,2.0,3.71,3.92,3.92,120.0,0.20999999999999996,0.056603773584905655,0.0,120.0,2.0,21.9,22.6,22.6,120.0,0.7000000000000028,0.03196347031963483,0.0,120.0,2.0,44.2,39.3,44.2,0.0,-4.900000000000006,-0.11085972850678745,0.0,120.0,2.0,7.39,7.39,7.39,0.0,0.0,0.0,0.0,120.0,2.0,0.031,0.02,0.031,0.0,-0.011,-0.3548387096774193,0.0,120.0,2.0,3.04,2.12,3.04,0.0,-0.9199999999999999,-0.3026315789473684,0.0,120.0,2.0,371.9,399.6,399.6,120.0,27.700000000000045,0.07448238773863955,0.0,120.0,2.0,1.8,2.0,2.0,120.0,0.19999999999999996,0.11111111111111108,0.0,120.0,2.0,0.1,0.44,0.44,120.0,0.33999999999999997,3.3999999999999995,0.0,120.0,2.0,109.2,114.3,114.3,120.0,5.099999999999994,0.04670329670329665,0.0,120.0,2.0,287.5,281.7,287.5,0.0,-5.800000000000011,-0.0201739130434783,1.0
E000814,3,2,0,1,65,9.0,94.3,147.3,122.13333333333334,118.8,53.000000000000014,0.12486644530939281,-0.055208197928852794,-0.18500000000000047,-0.04392631887742646,-1.0,147.3,72.0,94.3,103.0,3.0,0.0,118.8,100.0,21.7,35.4,28.344444444444445,29.9,13.7,0.14069035695156162,-0.0265421667605471,-0.01833333333333342,-0.025108174839876853,1.0,35.4,72.0,21.7,203.0,7.0,0.0,29.9,37.0,97.0,117.5,109.56666666666666,97.0,20.5,0.06294522132100556,-0.031169028120802383,-0.276666666666667,-0.06376265095585003,1.0,117.5,86.0,97.0,240.0,0.0,-1.0,97.0,-1.0,62.3,86.5,70.3777777777778,73.5,24.200000000000003,0.11766506905125053,0.02623958288198517,-0.013333333333333358,-0.023455605534640305,1.0,86.5,159.0,62.3,60.0,0.0,-1.0,73.5,1.0,90.8,95.2,92.91111111111111,94.6,4.400000000000006,0.014479608579445408,0.01555021159206803,0.03166666666666633,0.02070478658387515,-1.0,95.2,203.0,90.8,72.0,1.0,72.0,94.6,-1.0,37.85,38.33,38.06111111111111,38.11,0.4799999999999969,0.004818318701274977,-0.00024834987073380735,0.007666666666666613,-0.000694335794259999,-1.0,38.33,60.0,37.85,160.0,0.0,-1.0,38.11,43.0,9.0,13.0,10.88888888888889,11.0,4.0,0.10101525445522107,0.003516905700709164,-0.05000000000000002,0.006930523639563875,1.0,13.0,160.0,9.0,60.0,8.0,0.0,11.0,43.0,39.7,50.1,43.87777777777777,39.9,10.399999999999999,0.07497279307610621,-0.022720510709591572,0.0283333333333332,-0.028442649000146654,-1.0,50.1,72.0,39.7,159.0,0.0,-1.0,39.9,14.0,3.0,1.0,1.0,1.0,1.0,1.0,1.0,1.0,1.0,1.0,1.0,1.0,1.0,1.0,1.0,2.0,1.0,74.0,77.0,0.0,0.0,-1.0,1.0,77.0,1.0,74.0,0.0,-1.0,0.0,-1.0,0.0,-1.0,0.0,-1.0,0.0,-1.0,0.0,-1.0,0.0,-1.0,7.0,0.0,74.0,,19.0,160.0,4.0,60.0,-1.0,1.0,0.0,0.0,240.0,3.0,10.88,8.63,10.88,0.0,-2.25,-0.20680147058823528,0.0,240.0,3.0,138.1,142.5,142.5,240.0,4.400000000000006,0.031860970311368614,0.0,240.0,3.0,4.72,4.7,4.72,0.0,-0.019999999999999574,-0.00423728813559313,0.0,240.0,3.0,18.6,20.4,20.4,240.0,1.7999999999999972,0.09677419354838694,0.0,240.0,3.0,66.4,72.1,74.8,120.0,5.699999999999989,0.08584337349397572,0.0,240.0,3.0,7.258,7.312,7.318,120.0,0.05400000000000027,0.007440066133921228,0.0,240.0,3.0,0.136,0.153,0.159,120.0,0.016999999999999987,0.1249999999999999,0.0,240.0,3.0,2.93,4.01,4.38,120.0,1.0799999999999996,0.36860068259385653,0.0,240.0,3.0,1050.4,985.5,1050.4,0.0,-64.90000000000009,-0.061785986290936866,0.0,240.0,3.0,22.9,23.4,27.1,120.0,0.5,0.02183406113537118,0.0,240.0,3.0,9.01,8.41,10.95,120.0,-0.5999999999999996,-0.06659267480577133,0.0,240.0,3.0,142.0,144.1,161.4,120.0,2.0999999999999943,0.014788732394366157,0.0,240.0,3.0,308.5,299.7,308.5,0.0,-8.800000000000011,-0.02852512155591576,1.0
E002161,0,6,1,0,41,7.0,85.5,101.5,93.21428571428574,101.5,16.0,0.06133983548455446,0.01508060282264294,0.0,0.08894052044609672,1.0,101.5,240.0,85.5,106.0,0.0,-1.0,101.5,101.0,15.2,18.6,17.142857142857146,17.2,3.400000000000002,0.05765076852142661,0.0031388005311756896,0.0,0.009379978757302211,1.0,18.6,207.0,15.2,103.0,0.0,-1.0,17.2,3.0,106.9,135.8,121.15714285714287,135.8,28.900000000000006,0.0864364494263982,0.1358597634415244,0.0,0.18232873074880512,-1.0,135.8,240.0,106.9,0.0,0.0,-1.0,135.8,-1.0,73.1,88.0,80.24285714285715,73.1,14.900000000000006,0.06748947484359835,-0.05032966863284033,0.0,-0.06461763143919272,1.0,88.0,143.0,73.1,240.0,0.0,-1.0,73.1,-1.0,94.8,97.4,96.10000000000001,96.7,2.6000000000000085,0.009569482348405597,0.006428538340384889,0.0,0.016854753053637834,1.0,97.4,207.0,94.8,103.0,0.0,-1.0,96.7,40.0,36.77,37.26,37.04714285714285,37.12,0.4899999999999949,0.004661246515639972,0.00020355300948082626,0.0,0.001486325013276672,-1.0,37.26,207.0,36.77,143.0,0.0,-1.0,37.12,18.0,13.0,15.0,14.285714285714286,14.0,2.0,0.048989794855663564,-0.00587149871838424,0.0,-0.006837493361656928,1.0,15.0,0.0,13.0,207.0,0.0,-1.0,14.0,33.0,35.2,42.4,38.68571428571429,40.6,7.199999999999996,0.060265607350157235,0.0032160062999906963,0.0,0.0027416356877324167,1.0,42.4,143.0,35.2,161.0,0.0,-1.0,40.6,18.0,2.0,1.0,1.0,1.0,1.0,1.0,1.0,1.0,1.0,1.0,1.0,1.0,1.0,1.0,1.0,3.0,1.0,31.0,146.0,2.0,1.0,52.0,1.0,146.0,0.0,-1.0,0.0,-1.0,1.0,31.0,0.0,-1.0,0.0,-1.0,0.0,-1.0,0.0,-1.0,0.0,-1.0,4.0,0.0,31.0,,0.0,0.0,1.0,207.0,207.0,1.0,0.0,0.0,120.0,2.0,5.81,7.64,7.64,120.0,1.83,0.314974182444062,0.0,120.0,2.0,137.8,141.2,141.2,120.0,3.3999999999999773,0.024673439767779224,0.0,120.0,2.0,4.53,3.64,4.53,0.0,-0.8900000000000001,-0.19646799116997793,0.0,120.0,2.0,21.2,23.6,23.6,120.0,2.400000000000002,0.11320754716981142,0.0,120.0,2.0,12.6,82.2,82.2,120.0,69.60000000000001,5.523809523809525,0.0,120.0,2.0,7.346,7.39,7.39,120.0,0.043999999999999595,0.0059896542335964595,0.0,120.0,2.0,0.049,0.081,0.081,120.0,0.032,0.6530612244897959,0.0,120.0,2.0,1.41,2.1,2.1,120.0,0.6900000000000002,0.4893617021276597,0.0,120.0,2.0,327.0,369.2,369.2,120.0,42.19999999999999,0.12905198776758406,0.0,120.0,2.0,24.4,19.9,24.4,0.0,-4.5,-0.18442622950819673,0.0,120.0,2.0,10.03,1.23,10.03,0.0,-8.799999999999999,-0.8773678963110667,0.0,120.0,2.0,132.3,108.0,132.3,0.0,-24.30000000000001,-0.18367346938775517,0.0,120.0,2.0,303.2,289.7,303.2,0.0,-13.5,-0.04452506596306069,1.0
E000490,3,2,0,1,65,8.0,82.6,121.8,106.48750000000001,82.6,39.2,0.11565094845633568,-0.09719929533813969,0.27889344262295035,-0.09383921863260751,-1.0,121.8,40.0,82.6,240.0,0.0,-1.0,82.6,-1.0,16.5,24.4,20.587500000000002,19.5,7.899999999999999,0.11082873598327106,-0.001630617992801149,0.1592213114754097,-0.009040821437515709,-1.0,24.4,36.0,16.5,0.0,1.0,36.0,19.5,60.0,109.5,127.8,121.0,127.6,18.299999999999997,0.059417981712458476,0.010126251916614768,-0.15963114754098395,0.13447282744803382,-1.0,127.8,28.0,109.5,96.0,0.0,-1.0,127.6,66.0,67.2,85.1,75.0875,74.3,17.89999999999999,0.07671743322526718,-0.01167422438260539,0.05061475409836007,-0.058051590282995516,1.0,85.1,96.0,67.2,162.0,0.0,-1.0,74.3,24.0,94.5,96.7,95.2375,95.1,2.200000000000003,0.008064185409794287,-0.0018198327515521861,-0.04446721311475476,-0.008189331329827512,1.0,96.7,96.0,94.5,162.0,0.0,-1.0,95.1,-1.0,37.17,37.48,37.339999999999996,37.44,0.30999999999999517,0.0030827167737603875,0.001026109461825334,-0.0011885245901641147,-0.00025544703230664326,-1.0,37.48,96.0,37.17,36.0,0.0,-1.0,37.44,-1.0,12.0,14.0,12.5,14.0,2.0,0.0565685424949238,0.008721277960830378,4.064506299254467e-17,0.012021036814425205,1.0,14.0,240.0,12.0,0.0,5.0,0.0,14.0,-1.0,36.2,44.0,40.875,38.1,7.799999999999997,0.06479428837801679,-0.004922846050957423,-0.008401639344262444,-0.04181066867017301,-1.0,44.0,36.0,36.2,40.0,0.0,-1.0,38.1,4.0,3.0,1.0,1.0,1.0,1.0,1.0,1.0,1.0,1.0,1.0,1.0,1.0,1.0,1.0,1.0,2.0,1.0,69.0,94.0,0.0,0.0,-1.0,1.0,94.0,0.0,-1.0,0.0,-1.0,1.0,69.0,0.0,-1.0,0.0,-1.0,0.0,-1.0,0.0,-1.0,0.0,-1.0,3.0,0.0,69.0,,6.0,120.0,5.0,0.0,240.0,0.0,0.0,0.0,240.0,3.0,10.88,9.59,10.88,0.0,-1.290000000000001,-0.11856617647058831,0.0,240.0,3.0,138.8,137.3,138.8,0.0,-1.5,-0.010806916426512967,0.0,240.0,3.0,4.64,4.23,4.67,120.0,-0.40999999999999925,-0.08836206896551708,0.0,240.0,3.0,17.0,19.4,23.9,120.0,2.3999999999999986,0.1411764705882352,0.0,240.0,3.0,50.5,51.4,51.4,240.0,0.8999999999999986,0.017821782178217793,0.0,240.0,3.0,7.38,7.3,7.38,0.0,-0.08000000000000007,-0.010840108401084021,0.0,240.0,3.0,0.086,0.052,0.098,120.0,-0.033999999999999996,-0.3953488372093023,0.0,240.0,3.0,2.88,1.48,2.88,0.0,-1.4,-0.4861111111111111,0.0,240.0,3.0,588.8,465.3,588.8,0.0,-123.49999999999994,-0.20974864130434775,0.0,240.0,3.0,32.6,25.8,32.6,0.0,-6.800000000000001,-0.20858895705521474,0.0,240.0,3.0,0.1,6.96,6.96,240.0,6.86,68.6,0.0,240.0,3.0,105.9,101.2,105.9,0.0,-4.700000000000003,-0.044381491973559985,0.0,240.0,3.0,296.3,290.6,299.9,120.0,-5.699999999999989,-0.01923725953425578,1.0
E001676,1,0,0,1,38,9.0,52.0,77.7,65.8111111111111,65.8,25.700000000000003,0.11287214190960501,0.04172857546651574,0.0,0.03900657414170922,-1.0,77.7,196.0,52.0,202.0,0.0,-1.0,69.3,6.0,9.5,16.0,12.922222222222222,9.7,6.5,0.2057744549321265,-0.00019172617555614598,0.0,-0.03456294131969816,-1.0,16.0,158.0,9.5,217.0,0.0,-1.0,11.033333333333331,4.0,110.9,153.5,131.6111111111111,137.8,42.599999999999994,0.09542146264585624,0.00036851957526917186,0.0,0.013416118821524329,1.0,153.5,162.0,110.9,158.0,0.0,-1.0,135.23333333333332,34.0,77.3,88.8,82.33333333333334,81.6,11.5,0.04610054454678782,0.023127136586900753,0.0,0.029145361577793873,-1.0,88.8,228.0,77.3,202.0,0.0,-1.0,84.3,12.0,94.8,98.0,96.68888888888888,94.8,3.200000000000003,0.009434325787990718,-0.001647671820251986,0.0,-0.008095933771609847,-1.0,98.0,158.0,94.8,240.0,0.0,-1.0,96.36666666666667,-1.0,36.26,36.78,36.41444444444445,36.3,0.5200000000000031,0.004004988132799533,-0.0004679291973099591,0.0,-0.0027148770392015683,-1.0,36.78,149.0,36.26,217.0,0.0,-1.0,36.32,9.0,14.0,15.0,14.555555555555555,15.0,1.0,0.03413844240457694,0.0005946444666065704,0.0,0.013513513513513495,1.0,15.0,0.0,14.0,149.0,0.0,-1.0,15.0,53.0,30.1,37.8,32.87777777777778,30.8,7.699999999999996,0.07171593297574061,0.007482653980918015,0.0,-0.02764791818845885,-1.0,37.8,202.0,30.1,0.0,0.0,-1.0,31.933333333333334,15.0,0.0,0.0,0.0,0.0,0.0,0.0,0.0,0.0,0.0,0.0,0.0,0.0,0.0,0.0,0.0,0.0,0.0,-1.0,-1.0,0.0,0.0,-1.0,0.0,-1.0,0.0,-1.0,0.0,-1.0,0.0,-1.0,0.0,-1.0,0.0,-1.0,0.0,-1.0,0.0,-1.0,0.0,-1.0,0.0,0.0,,,0.0,0.0,3.0,149.0,196.0,1.0,0.0,,,,,,,,,,,,,,,,,,,,,,,,,,,,,,,,,,,,,,,,,,,,,,,,,,,,,,,,,,,,,,,,,,,,,,,,,,,,,,,,,,,,,,,,,,,,,,,,,,,,,,,,,,,,,,,,,,,,,,
E001143,3,2,0,1,65,7.0,59.5,84.4,73.68571428571428,59.5,24.900000000000006,0.10053500258833203,-0.03345681108418604,0.1602883355176922,-0.11595896735349535,-1.0,84.4,107.0,59.5,240.0,0.0,-1.0,66.25,115.0,9.6,14.6,12.757142857142854,13.6,5.0,0.12293572382184513,0.004235029608935659,0.15458715596330264,-0.0005793141830784515,-1.0,14.6,29.0,9.6,0.0,0.0,-1.0,12.85,193.0,110.4,142.9,123.17142857142856,120.3,32.5,0.07722858398889401,0.003220711334743065,-0.48663171690694784,-0.08156819590432439,1.0,142.9,107.0,110.4,26.0,0.0,-1.0,119.9,52.0,68.4,90.6,78.87142857142858,90.6,22.19999999999999,0.07980842007348153,0.03647095443156507,0.20314547837483593,0.09931823068847323,1.0,90.6,240.0,68.4,78.0,0.0,-1.0,85.1,-1.0,95.2,98.3,96.68571428571428,96.8,3.0999999999999943,0.012230615890410664,-0.007733565883097469,-0.041939711664482814,-2.1502928192893766e-05,1.0,98.3,0.0,95.2,107.0,0.0,-1.0,96.0,133.0,36.5,36.87,36.68142857142857,36.76,0.36999999999999744,0.0032792825384617766,0.000702768474072223,0.0009698558322407442,-0.0005485776445439333,-1.0,36.87,107.0,36.5,29.0,0.0,-1.0,36.72,115.0,13.0,15.0,14.285714285714286,15.0,2.0,0.048989794855663564,-0.00017235436056532095,-0.01507208387942362,0.008196410275869918,1.0,15.0,0.0,13.0,78.0,0.0,-1.0,14.5,29.0,27.6,42.6,34.199999999999996,35.5,15.0,0.12318436675262824,-0.005924359587790072,0.11592398427260768,0.024633501562124516,1.0,42.6,29.0,27.6,107.0,1.0,107.0,34.7,49.0,0.0,0.0,0.0,0.0,0.0,0.0,0.0,0.0,0.0,0.0,0.0,0.0,0.0,0.0,0.0,1.0,1.0,89.0,89.0,0.0,1.0,89.0,0.0,-1.0,0.0,-1.0,0.0,-1.0,0.0,-1.0,0.0,-1.0,0.0,-1.0,0.0,-1.0,0.0,-1.0,0.0,-1.0,4.0,0.0,,,1.0,115.0,3.0,78.0,222.0,1.0,0.0,,,,,,,,,,,,,,,,,,,,,,,,,,,,,,,,,,,,,,,,,,,,,,,,,,,,,,,,,,,,,,,,,,,,,,,,,,,,,,,,,,,,,,,,,,,,,,,,,,,,,,,,,,,,,,,,,,,,,,
E001549,4,3,0,0,74,6.0,102.1,137.8,119.48333333333335,137.8,35.70000000000002,0.09676236738299575,0.055409015296418854,0.0,0.10769267531143464,1.0,137.8,240.0,102.1,135.0,2.0,89.0,137.8,-1.0,23.0,29.1,26.349999999999998,25.6,6.100000000000001,0.08046823618088805,-0.0182695485849593,0.0,-0.014740179055022886,1.0,29.1,89.0,23.0,135.0,5.0,0.0,25.6,-1.0,102.1,142.2,116.60000000000001,112.2,40.099999999999994,0.1107620011536817,-0.13710207907755476,0.0,-0.034522254436550395,1.0,142.2,0.0,102.1,135.0,0.0,-1.0,112.2,-1.0,69.1,81.5,74.39999999999999,70.4,12.400000000000006,0.06657410616848283,-0.005188753366241792,0.0,-0.00682607448943843,-1.0,81.5,148.0,69.1,127.0,0.0,-1.0,70.4,92.0,91.8,94.3,93.18333333333334,94.3,2.5,0.009093703322401118,0.010881968865312168,0.0,0.010375314620702764,1.0,94.3,240.0,91.8,0.0,0.0,-1.0,94.3,-1.0,37.85,38.4,38.04333333333333,37.9,0.5499999999999972,0.00490981362520701,-0.0012127681479032952,0.0,-0.002304138656131614,-1.0,38.4,89.0,37.85,135.0,0.0,-1.0,37.9,38.0,10.0,12.0,11.166666666666666,11.0,2.0,0.0803755941363359,0.006431756731128734,0.0,0.0020231305954694187,-1.0,12.0,127.0,10.0,0.0,6.0,0.0,11.0,113.0,40.6,47.5,42.85,40.6,6.899999999999999,0.05484247374562427,-0.013165323782328087,0.0,-0.017539108548125126,1.0,47.5,127.0,40.6,240.0,0.0,-1.0,40.6,-1.0,3.0,1.0,1.0,1.0,1.0,1.0,1.0,1.0,1.0,1.0,1.0,1.0,1.0,1.0,1.0,2.0,1.0,121.0,153.0,0.0,1.0,153.0,1.0,121.0,0.0,-1.0,0.0,-1.0,0.0,-1.0,0.0,-1.0,0.0,-1.0,0.0,-1.0,0.0,-1.0,0.0,-1.0,4.0,0.0,121.0,64.0,13.0,240.0,2.0,0.0,-1.0,0.0,0.0,0.0,240.0,3.0,13.82,10.57,13.82,0.0,-3.25,-0.23516642547033284,0.0,240.0,3.0,140.4,135.9,140.4,0.0,-4.5,-0.03205128205128205,0.0,240.0,3.0,5.09,4.66,5.09,0.0,-0.4299999999999997,-0.08447937131630642,0.0,240.0,3.0,18.4,20.5,21.5,120.0,2.1000000000000014,0.11413043478260879,0.0,240.0,3.0,62.6,66.2,66.2,240.0,3.6000000000000014,0.0575079872204473,0.0,240.0,3.0,7.284,7.271,7.319,120.0,-0.0129999999999999,-0.0017847336628226114,0.0,240.0,3.0,0.154,0.138,0.154,0.0,-0.015999999999999986,-0.1038961038961038,0.0,240.0,3.0,3.99,3.83,4.54,120.0,-0.16000000000000014,-0.04010025062656645,0.0,240.0,3.0,1123.0,929.6,1123.0,0.0,-193.39999999999998,-0.17221727515583257,0.0,240.0,3.0,34.4,24.6,34.4,0.0,-9.799999999999997,-0.2848837209302325,0.0,240.0,3.0,9.54,7.34,9.54,0.0,-2.1999999999999993,-0.230607966457023,0.0,240.0,3.0,150.6,151.3,151.3,240.0,0.700000000000017,0.004648074369190021,0.0,240.0,3.0,305.0,291.1,305.0,0.0,-13.899999999999977,-0.0455737704918032,1.0
E000227,4,3,0,0,74,6.0,93.3,111.0,101.7,109.1,17.700000000000003,0.06384788506409977,0.04201473414477902,0.0,0.04311305194278443,-1.0,111.0,90.0,93.3,93.0,0.0,-1.0,109.1,3.0,18.0,27.9,22.7,26.0,9.899999999999999,0.146615094990374,-0.010634208840486803,0.0,0.026909661195684487,1.0,27.9,0.0,18.0,146.0,2.0,0.0,26.0,94.0,116.3,131.1,124.01666666666667,125.7,14.799999999999997,0.043218835587315575,0.008869314541960101,0.0,0.007170862288078337,-1.0,131.1,90.0,116.3,93.0,0.0,-1.0,125.7,3.0,70.0,93.1,78.01666666666667,71.0,23.099999999999994,0.09833668516328702,-0.08797885970531696,0.0,-0.042519536003028484,1.0,93.1,0.0,70.0,133.0,0.0,-1.0,71.0,-1.0,94.1,96.6,95.51666666666667,95.9,2.5,0.009391691949605934,0.00843689942344655,0.0,0.004360111402536337,-1.0,96.6,146.0,94.1,0.0,0.0,-1.0,95.9,-1.0,37.2,37.65,37.4,37.44,0.44999999999999574,0.004057950958228917,-0.0006066623959000035,0.0,0.0010923938025578464,1.0,37.65,0.0,37.2,93.0,0.0,-1.0,37.44,53.0,12.0,15.0,13.166666666666666,13.0,3.0,0.08105220553712468,-0.00393978219090325,0.0,-0.009896438904361442,-1.0,15.0,90.0,12.0,133.0,2.0,133.0,13.0,3.0,36.1,40.5,38.71666666666667,39.9,4.399999999999999,0.045875689335903254,0.0007431133888532832,0.0,0.016595462780196354,1.0,40.5,146.0,36.1,133.0,0.0,-1.0,39.9,13.0,3.0,1.0,1.0,1.0,1.0,1.0,1.0,1.0,1.0,1.0,1.0,1.0,1.0,1.0,1.0,0.0,0.0,-1.0,-1.0,0.0,0.0,-1.0,0.0,-1.0,0.0,-1.0,0.0,-1.0,0.0,-1.0,0.0,-1.0,0.0,-1.0,0.0,-1.0,0.0,-1.0,0.0,-1.0,0.0,0.0,,,4.0,107.0,4.0,133.0,240.0,0.0,0.0,0.0,240.0,3.0,8.47,4.07,8.47,0.0,-4.4,-0.5194805194805194,0.0,240.0,3.0,138.1,136.3,142.4,120.0,-1.799999999999983,-0.013034033309196112,0.0,240.0,3.0,4.81,4.15,4.81,0.0,-0.6599999999999993,-0.13721413721413708,0.0,240.0,3.0,22.9,21.4,22.9,0.0,-1.5,-0.06550218340611354,0.0,240.0,3.0,35.5,30.6,35.5,0.0,-4.899999999999999,-0.13802816901408446,0.0,240.0,3.0,7.386,7.334,7.386,0.0,-0.05200000000000049,-0.007040346601678918,0.0,240.0,3.0,0.04,0.042,0.052,120.0,0.0020000000000000018,0.050000000000000044,0.0,240.0,3.0,2.56,3.07,3.07,240.0,0.5099999999999998,0.19921874999999992,0.0,240.0,3.0,497.3,523.6,523.6,240.0,26.30000000000001,0.052885582143575326,0.0,240.0,3.0,19.0,14.5,28.5,120.0,-4.5,-0.23684210526315788,0.0,240.0,3.0,1.65,11.37,11.37,240.0,9.719999999999999,5.890909090909091,0.0,240.0,3.0,100.0,122.7,122.7,240.0,22.700000000000003,0.22700000000000004,0.0,240.0,3.0,295.1,293.3,295.1,0.0,-1.8000000000000114,-0.006099627245001732,1.0
E000632,4,3,0,0,74,8.0,97.6,142.2,123.82499999999999,139.5,44.599999999999994,0.1267762499397042,0.04218183226406087,0.0,0.24811793035708637,1.0,142.2,180.0,97.6,162.0,3.0,180.0,140.3,18.0,21.4,31.7,26.9625,31.7,10.3,0.11722471610952367,0.011137000271083218,0.0,0.042473305662051264,-1.0,31.7,240.0,21.4,180.0,7.0,0.0,31.1,14.0,103.6,133.3,124.2,133.3,29.700000000000017,0.06912251220847486,0.008710805891540956,0.0,0.15594879756661703,1.0,133.3,240.0,103.6,129.0,0.0,-1.0,127.55000000000001,31.0,54.3,80.8,70.94999999999999,75.5,26.5,0.11958069223653507,0.05552041514451322,0.0,0.13936503913057277,1.0,80.8,180.0,54.3,129.0,0.0,-1.0,73.2,45.0,91.5,92.6,91.86250000000001,91.8,1.0999999999999943,0.0038463176010620635,0.0019408264164097358,0.0,0.0009283609518077884,-1.0,92.6,162.0,91.5,0.0,0.0,-1.0,92.0,18.0,37.8,38.35,38.0725,38.26,0.5500000000000043,0.0052098651284146515,0.001140743800586109,0.0,0.004031399512056092,1.0,38.35,180.0,37.8,162.0,0.0,-1.0,38.22,45.0,11.0,13.0,12.375,11.0,2.0,0.06924903636768731,-0.004924677604657449,0.0,-0.008380596305566982,-1.0,13.0,0.0,11.0,194.0,3.0,129.0,12.0,31.0,41.2,48.0,44.025,43.5,6.799999999999997,0.04462303704003892,0.00107529657789772,0.0,0.010238902442888255,1.0,48.0,194.0,41.2,129.0,0.0,-1.0,42.8,31.0,2.0,1.0,1.0,1.0,1.0,1.0,1.0,1.0,1.0,1.0,1.0,1.0,1.0,1.0,1.0,2.0,1.0,136.0,139.0,0.0,1.0,139.0,0.0,-1.0,0.0,-1.0,1.0,136.0,0.0,-1.0,0.0,-1.0,0.0,-1.0,0.0,-1.0,0.0,-1.0,0.0,-1.0,5.0,0.0,16.0,-41.0,13.0,180.0,4.0,194.0,180.0,1.0,0.0,120.0,240.0,2.0,9.99,15.57,15.57,240.0,5.58,0.5585585585585585,120.0,240.0,2.0,138.5,138.9,138.9,240.0,0.4000000000000057,0.002888086642599319,120.0,240.0,2.0,4.54,4.5,4.54,120.0,-0.040000000000000036,-0.008810572687224677,120.0,240.0,2.0,19.4,21.8,21.8,240.0,2.400000000000002,0.12371134020618568,120.0,240.0,2.0,81.1,84.1,84.1,240.0,3.0,0.036991368680641186,120.0,240.0,2.0,7.3,7.303,7.303,240.0,0.0030000000000001137,0.0004109589041096046,120.0,240.0,2.0,0.168,0.161,0.168,120.0,-0.007000000000000006,-0.0416666666666667,120.0,240.0,2.0,2.96,4.41,4.41,240.0,1.4500000000000002,0.4898648648648649,120.0,240.0,2.0,1060.4,1123.8,1123.8,240.0,63.399999999999864,0.059788758958883303,120.0,240.0,2.0,28.0,26.3,28.0,120.0,-1.6999999999999993,-0.060714285714285686,120.0,240.0,2.0,6.98,8.17,8.17,240.0,1.1899999999999995,0.1704871060171919,120.0,240.0,2.0,118.5,113.0,118.5,120.0,-5.5,-0.046413502109704644,120.0,240.0,2.0,298.3,309.7,309.7,240.0,11.399999999999977,0.03821656050955406,1.0
E000825,1,0,0,1,38,6.0,128.2,154.3,141.3666666666667,145.6,26.100000000000023,0.07251213930785043,0.0616724682000073,0.0,0.021871933022212506,-1.0,154.3,72.0,128.2,0.0,5.0,72.0,149.14999999999998,35.0,27.0,38.1,31.099999999999998,38.1,11.100000000000001,0.11544259209656749,0.023000910894954277,0.0,0.04402327398001089,1.0,38.1,240.0,27.0,160.0,6.0,0.0,35.3,-1.0,95.3,124.6,111.05000000000001,100.7,29.299999999999997,0.09065047862204195,-0.09358713686196632,0.0,-0.14713882268111433,-1.0,124.6,72.0,95.3,215.0,0.0,-1.0,98.0,-1.0,67.6,77.8,71.98333333333333,72.5,10.200000000000003,0.05656899965063213,-0.023290445362568458,0.0,-0.009497866885652921,1.0,77.8,107.0,67.6,160.0,0.0,-1.0,70.45,80.0,89.5,94.2,91.91666666666667,91.9,4.700000000000003,0.016444566769915736,0.008416832037477158,0.0,-0.0019428365413503524,-1.0,94.2,160.0,89.5,0.0,2.0,0.0,91.95,-1.0,38.07,38.46,38.208333333333336,38.07,0.39000000000000057,0.0031962250995371737,-0.0013499137902988096,0.0,-0.0007692230656758415,1.0,38.46,0.0,38.07,240.0,0.0,-1.0,38.105000000000004,-1.0,9.0,11.0,10.0,9.0,2.0,0.08164965809277261,0.0015371352353687991,0.0,0.003154605724357577,-1.0,11.0,160.0,9.0,72.0,6.0,0.0,10.0,35.0,41.3,51.5,45.28333333333333,51.5,10.200000000000003,0.07514142494148925,0.0005302709912490067,0.0,0.019509483846415737,1.0,51.5,240.0,41.3,215.0,0.0,-1.0,46.4,25.0,2.0,1.0,1.0,1.0,1.0,1.0,1.0,1.0,1.0,1.0,1.0,1.0,1.0,1.0,1.0,2.0,1.0,82.0,174.0,0.0,1.0,174.0,0.0,-1.0,0.0,-1.0,1.0,82.0,0.0,-1.0,0.0,-1.0,0.0,-1.0,0.0,-1.0,0.0,-1.0,0.0,-1.0,5.0,0.0,-38.0,102.0,19.0,240.0,3.0,72.0,-1.0,1.0,0.0,120.0,240.0,2.0,14.02,15.61,15.61,240.0,1.5899999999999999,0.11340941512125534,120.0,240.0,2.0,139.3,139.4,139.4,240.0,0.09999999999999432,0.0007178750897343454,120.0,240.0,2.0,4.63,4.9,4.9,240.0,0.27000000000000046,0.05831533477321824,120.0,240.0,2.0,20.6,20.2,20.6,120.0,-0.40000000000000213,-0.019417475728155442,120.0,240.0,2.0,78.5,68.0,78.5,120.0,-10.5,-0.1337579617834395,120.0,240.0,2.0,7.33,7.237,7.33,120.0,-0.09299999999999997,-0.01268758526603001,120.0,240.0,2.0,0.173,0.166,0.173,120.0,-0.0069999999999999785,-0.040462427745664616,120.0,240.0,2.0,3.95,4.23,4.23,240.0,0.28000000000000025,0.07088607594936715,120.0,240.0,2.0,1261.6,1251.6,1261.6,120.0,-10.0,-0.007926442612555486,120.0,240.0,2.0,26.5,17.7,26.5,120.0,-8.8,-0.33207547169811324,120.0,240.0,2.0,8.51,10.57,10.57,240.0,2.0600000000000005,0.24206815511163343,120.0,240.0,2.0,141.5,117.9,141.5,120.0,-23.599999999999994,-0.16678445229681974,120.0,240.0,2.0,308.5,305.9,308.5,120.0,-2.6000000000000227,-0.00842787682333881,1.0
E001392,4,3,0,0,74,6.0,78.3,93.8,85.13333333333334,93.8,15.5,0.06106810705743655,0.022247171969664876,0.11923076923076868,0.03600057257371891,1.0,93.8,240.0,78.3,203.0,0.0,-1.0,93.8,-1.0,11.5,20.1,14.833333333333334,12.6,8.600000000000001,0.18452982456645306,-0.0038639156039486098,-0.011538461538461593,-0.0014342971657600658,-1.0,20.1,136.0,11.5,67.0,0.0,-1.0,12.6,67.0,109.3,136.5,127.08333333333333,124.7,27.200000000000003,0.06826490916397543,-0.05286192433165279,0.049999999999999156,-0.0916976810764385,1.0,136.5,136.0,109.3,203.0,0.0,-1.0,124.7,37.0,64.8,85.8,76.96666666666665,73.9,21.0,0.09467900162452808,-0.059399228911578825,0.06538461538461517,-0.026054967077010986,-1.0,85.8,26.0,64.8,136.0,0.0,-1.0,73.9,-1.0,95.7,99.1,97.3,96.4,3.3999999999999915,0.014425147839278701,-0.0060649070033467175,-0.023076923076922995,0.009561981105067405,-1.0,99.1,0.0,95.7,67.0,0.0,-1.0,96.4,136.0,36.56,37.31,36.98166666666666,36.56,0.75,0.007437209457100802,-0.0023467355844594864,0.010384615384615357,-0.0032562267391926325,-1.0,37.31,26.0,36.56,240.0,0.0,-1.0,36.56,-1.0,14.0,15.0,14.5,14.0,1.0,0.034482758620689655,-0.0022666610176672246,0.03846153846153839,-0.006870884626395637,-1.0,15.0,26.0,14.0,0.0,0.0,-1.0,14.0,177.0,33.1,38.6,36.449999999999996,34.8,5.5,0.05259934949709932,-0.0007668516713976598,0.21153846153846137,-0.0163698826223876,-1.0,38.6,26.0,33.1,0.0,0.0,-1.0,34.8,214.0,1.0,1.0,1.0,1.0,1.0,1.0,1.0,1.0,1.0,1.0,1.0,1.0,1.0,1.0,1.0,1.0,1.0,44.0,44.0,1.0,0.0,-1.0,1.0,44.0,0.0,-1.0,0.0,-1.0,0.0,-1.0,0.0,-1.0,0.0,-1.0,0.0,-1.0,0.0,-1.0,0.0,-1.0,2.0,0.0,44.0,,0.0,0.0,4.0,0.0,203.0,1.0,0.0,0.0,0.0,1.0,4.48,4.48,4.48,0.0,0.0,0.0,0.0,0.0,1.0,138.2,138.2,138.2,0.0,0.0,0.0,0.0,0.0,1.0,3.91,3.91,3.91,0.0,0.0,0.0,0.0,0.0,1.0,24.7,24.7,24.7,0.0,0.0,0.0,0.0,0.0,1.0,51.3,51.3,51.3,0.0,0.0,0.0,0.0,0.0,1.0,7.334,7.334,7.334,0.0,0.0,0.0,0.0,0.0,1.0,0.025,0.025,0.025,0.0,0.0,0.0,0.0,0.0,1.0,1.83,1.83,1.83,0.0,0.0,0.0,0.0,0.0,1.0,98.0,98.0,98.0,0.0,0.0,0.0,0.0,0.0,1.0,15.2,15.2,15.2,0.0,0.0,0.0,0.0,0.0,1.0,0.1,0.1,0.1,0.0,0.0,0.0,0.0,0.0,1.0,114.5,114.5,114.5,0.0,0.0,0.0,0.0,0.0,1.0,283.9,283.9,283.9,0.0,0.0,0.0,1.0
E001053,0,6,1,0,41,8.0,69.4,105.8,81.30000000000001,105.8,36.39999999999999,0.14009186740372787,0.013193211894753238,0.1788871349644827,0.17699056383061676,1.0,105.8,240.0,69.4,205.0,0.0,-1.0,88.44999999999999,-1.0,8.6,17.6,13.862499999999999,13.3,9.000000000000002,0.20065703321989978,-0.011539000467071436,-0.09447513812154694,-0.011666536691881727,1.0,17.6,205.0,8.6,221.0,0.0,-1.0,10.95,19.0,94.6,139.2,123.1875,124.8,44.599999999999994,0.101917992087818,0.09883154289272944,0.5461325966850835,-0.11911799110972517,-1.0,139.2,166.0,94.6,0.0,0.0,-1.0,126.55000000000001,-1.0,74.0,83.7,78.4375,83.4,9.700000000000003,0.0423937332092705,0.004912813327105706,0.1239147592738759,0.07161350697964598,-1.0,83.7,23.0,74.0,0.0,0.0,-1.0,80.2,18.0,96.0,98.3,97.07499999999999,97.9,2.299999999999997,0.00861484866529885,-0.0008562976802117076,-0.0378847671665361,0.01871246978086264,1.0,98.3,0.0,96.0,156.0,0.0,-1.0,97.15,49.0,36.37,37.18,36.79875,36.98,0.8100000000000023,0.006061934094249088,-0.0008664954071305756,0.00024467245461702114,0.0029840910863292345,-1.0,37.18,23.0,36.37,205.0,0.0,-1.0,36.93,16.0,13.0,15.0,14.375,15.0,2.0,0.04841534228547845,0.002981472832009989,-0.04853985793212308,0.006667706464945802,1.0,15.0,0.0,13.0,41.0,0.0,-1.0,15.0,115.0,33.6,40.5,36.7375,34.7,6.899999999999999,0.059573219906340846,-0.002940214852872452,0.12498026835043397,-0.0062816813538174535,-1.0,40.5,41.0,33.6,166.0,0.0,-1.0,35.7,125.0,1.0,1.0,1.0,1.0,1.0,1.0,1.0,1.0,1.0,1.0,1.0,1.0,1.0,1.0,1.0,1.0,1.0,18.0,18.0,1.0,0.0,-1.0,0.0,-1.0,0.0,-1.0,1.0,18.0,0.0,-1.0,0.0,-1.0,0.0,-1.0,0.0,-1.0,0.0,-1.0,0.0,-1.0,5.0,0.0,-102.0,,0.0,0.0,5.0,41.0,205.0,0.0,0.0,120.0,120.0,1.0,9.63,9.63,9.63,120.0,0.0,0.0,120.0,120.0,1.0,137.5,137.5,137.5,120.0,0.0,0.0,120.0,120.0,1.0,4.14,4.14,4.14,120.0,0.0,0.0,120.0,120.0,1.0,24.1,24.1,24.1,120.0,0.0,0.0,120.0,120.0,1.0,48.9,48.9,48.9,120.0,0.0,0.0,120.0,120.0,1.0,7.369,7.369,7.369,120.0,0.0,0.0,120.0,120.0,1.0,0.028,0.028,0.028,120.0,0.0,0.0,120.0,120.0,1.0,1.08,1.08,1.08,120.0,0.0,0.0,120.0,120.0,1.0,290.5,290.5,290.5,120.0,0.0,0.0,120.0,120.0,1.0,15.7,15.7,15.7,120.0,0.0,0.0,120.0,120.0,1.0,2.05,2.05,2.05,120.0,0.0,0.0,120.0,120.0,1.0,79.7,79.7,79.7,120.0,0.0,0.0,120.0,120.0,1.0,284.0,284.0,284.0,120.0,0.0,0.0,1.0
E000722,3,2,0,1,65,6.0,73.3,93.8,82.63333333333334,88.2,20.5,0.08126050081320212,0.01936384093075348,-0.1550000000000001,-0.06648952188623755,1.0,93.8,89.0,73.3,40.0,0.0,-1.0,83.30000000000001,91.0,10.1,16.9,13.766666666666667,12.4,6.799999999999999,0.1791440320880766,-0.022559375829099813,0.027499999999999865,-0.022764875732936524,-1.0,16.9,40.0,10.1,180.0,0.0,-1.0,12.100000000000001,-1.0,115.4,130.8,123.03333333333335,124.0,15.400000000000006,0.04221718185735325,0.012257411538121215,0.3849999999999997,0.023921631149138263,-1.0,130.8,40.0,115.4,0.0,0.0,-1.0,122.6,49.0,74.0,91.7,80.66666666666667,91.7,17.700000000000003,0.0691133460345802,0.01465111480145824,0.09499999999999983,0.03192148943331396,1.0,91.7,240.0,74.0,180.0,0.0,-1.0,84.45,-1.0,96.3,98.8,97.43333333333334,96.4,2.5,0.009640097710301295,0.0031719516149633534,-0.017500000000000175,-0.005805034454659765,-1.0,98.8,228.0,96.3,40.0,0.0,-1.0,97.6,12.0,36.39,36.98,36.76166666666666,36.98,0.5899999999999963,0.005670035980613083,-0.0008960665048591304,-0.0005000000000000854,1.7537333262471986e-05,1.0,36.98,240.0,36.39,180.0,0.0,-1.0,36.78,60.0,13.0,15.0,14.333333333333334,14.0,2.0,0.052001580872088136,0.0003537492507394193,-0.050000000000000044,-0.0036491824768383183,1.0,15.0,0.0,13.0,40.0,0.0,-1.0,14.5,49.0,29.8,39.2,35.58333333333334,29.8,9.400000000000002,0.09083874126005342,-0.0288846089596825,0.03999999999999996,-0.04084781491913331,-1.0,39.2,40.0,29.8,240.0,1.0,240.0,31.299999999999997,-1.0,1.0,1.0,1.0,1.0,1.0,1.0,1.0,1.0,1.0,1.0,1.0,1.0,1.0,1.0,1.0,1.0,1.0,89.0,89.0,0.0,1.0,89.0,0.0,-1.0,0.0,-1.0,0.0,-1.0,0.0,-1.0,0.0,-1.0,0.0,-1.0,0.0,-1.0,0.0,-1.0,0.0,-1.0,4.0,0.0,89.0,,1.0,0.0,3.0,40.0,180.0,1.0,0.0,0.0,0.0,1.0,4.3,4.3,4.3,0.0,0.0,0.0,0.0,0.0,1.0,140.6,140.6,140.6,0.0,0.0,0.0,0.0,0.0,1.0,3.79,3.79,3.79,0.0,0.0,0.0,0.0,0.0,1.0,22.4,22.4,22.4,0.0,0.0,0.0,0.0,0.0,1.0,13.1,13.1,13.1,0.0,0.0,0.0,0.0,0.0,1.0,7.397,7.397,7.397,0.0,0.0,0.0,0.0,0.0,1.0,0.0,0.0,0.0,0.0,0.0,0.0,0.0,0.0,1.0,1.26,1.26,1.26,0.0,0.0,0.0,0.0,0.0,1.0,20.0,20.0,20.0,0.0,0.0,0.0,0.0,0.0,1.0,11.3,11.3,11.3,0.0,0.0,0.0,0.0,0.0,1.0,0.1,0.1,0.1,0.0,0.0,0.0,0.0,0.0,1.0,91.6,91.6,91.6,0.0,0.0,0.0,0.0,0.0,1.0,284.2,284.2,284.2,0.0,0.0,0.0,1.0
E001331,1,0,0,1,38,7.0,71.5,102.6,85.2,79.1,31.099999999999994,0.13285223658996262,-0.02544550765058598,0.6219999999999996,-0.1041672992257477,-1.0,102.6,50.0,71.5,0.0,0.0,-1.0,79.1,50.0,7.0,16.5,11.6,7.8,9.5,0.30454347814923616,-0.015697356836686837,0.16599999999999995,-0.05221648701988762,-1.0,16.5,50.0,7.0,203.0,2.0,203.0,7.8,153.0,102.8,139.6,124.22857142857141,117.4,36.8,0.0891971515617088,-0.05807986684574817,0.235999999999999,-0.009905875208744475,-1.0,139.6,50.0,102.8,124.0,0.0,-1.0,117.4,59.0,74.9,84.3,77.57142857142857,74.9,9.399999999999991,0.04034872694459812,-0.011810370865438425,0.015999999999999983,-0.0649612873842416,-1.0,84.3,100.0,74.9,240.0,0.0,-1.0,74.9,24.0,96.7,99.1,97.92857142857143,98.3,2.3999999999999915,0.009079717764898835,0.0076897865804674255,0.009999999999999587,0.00786397449521786,-1.0,99.1,203.0,96.7,100.0,0.0,-1.0,98.3,-1.0,36.52,36.96,36.72571428571429,36.73,0.4399999999999977,0.00397753945267284,-0.0010628241297098069,-0.0014000000000001023,-0.0012684074692576233,1.0,36.96,100.0,36.52,203.0,0.0,-1.0,36.73,37.0,14.0,15.0,14.142857142857142,15.0,1.0,0.024742320634173517,0.0025062817703346086,-6.80065270718833e-17,0.005313496280552592,1.0,15.0,240.0,14.0,0.0,0.0,-1.0,15.0,-1.0,31.2,38.8,35.64285714285714,32.1,7.599999999999998,0.07902604305837366,-0.03087449954694141,-0.01800000000000005,-0.051700318809776866,1.0,38.8,100.0,31.2,203.0,0.0,-1.0,32.1,-1.0,0.0,0.0,0.0,0.0,0.0,0.0,0.0,0.0,0.0,0.0,0.0,0.0,0.0,0.0,0.0,1.0,1.0,167.0,167.0,0.0,0.0,-1.0,1.0,167.0,0.0,-1.0,0.0,-1.0,0.0,-1.0,0.0,-1.0,0.0,-1.0,0.0,-1.0,0.0,-1.0,0.0,-1.0,2.0,0.0,,,2.0,37.0,5.0,0.0,183.0,1.0,0.0,,,,,,,,,,,,,,,,,,,,,,,,,,,,,,,,,,,,,,,,,,,,,,,,,,,,,,,,,,,,,,,,,,,,,,,,,,,,,,,,,,,,,,,,,,,,,,,,,,,,,,,,,,,,,,,,,,,,,,
E000284,4,3,0,0,74,6.0,107.4,141.6,120.48333333333333,110.2,34.19999999999999,0.09997096602514538,-0.00035480065234738797,0.22857142857142873,-0.14352647151762377,-1.0,141.6,134.0,107.4,130.0,2.0,133.0,110.2,106.0,18.6,23.1,21.833333333333332,22.7,4.5,0.0716256739281826,0.009953502897394051,0.21428571428571416,0.004903622418201087,-1.0,23.1,21.0,18.6,0.0,0.0,-1.0,22.7,-1.0,112.0,130.9,121.39999999999999,124.4,18.900000000000006,0.06024077446903131,0.05808147402755095,-0.12857142857143056,-0.01548073884691649,1.0,130.9,130.0,112.0,21.0,0.0,-1.0,124.4,4.0,66.5,78.8,72.55,72.5,12.299999999999997,0.050711339513044476,-0.019645893334258684,-0.3333333333333342,0.015710551262531687,1.0,78.8,0.0,66.5,134.0,0.0,-1.0,72.5,-1.0,91.1,95.4,92.96666666666665,95.4,4.300000000000011,0.014306158008791713,0.010738575245497777,0.014285714285713659,0.0259716756197753,1.0,95.4,240.0,91.1,134.0,0.0,-1.0,95.4,-1.0,37.36,37.88,37.69166666666666,37.36,0.5200000000000031,0.004749521459171669,-0.0013040008327839024,-0.0038095238095240073,-0.0036669443566689553,-1.0,37.88,133.0,37.36,240.0,0.0,-1.0,37.36,-1.0,10.0,13.0,11.666666666666666,12.0,3.0,0.10690449676496976,0.011485478330268205,-1.0210725650700691e-16,-0.006262388325529314,-1.0,13.0,130.0,10.0,0.0,4.0,0.0,12.0,-1.0,36.5,47.0,42.800000000000004,42.3,10.5,0.09615463000592012,-0.024814358582879354,-0.04761904761904787,0.018126454281692583,-1.0,47.0,0.0,36.5,133.0,0.0,-1.0,42.3,1.0,3.0,1.0,1.0,1.0,1.0,1.0,1.0,1.0,1.0,1.0,1.0,1.0,1.0,1.0,1.0,3.0,1.0,10.0,142.0,2.0,1.0,46.0,1.0,142.0,0.0,-1.0,0.0,-1.0,1.0,10.0,0.0,-1.0,0.0,-1.0,0.0,-1.0,0.0,-1.0,0.0,-1.0,4.0,0.0,10.0,-87.0,6.0,130.0,3.0,0.0,-1.0,0.0,0.0,0.0,240.0,3.0,11.31,10.43,11.31,0.0,-0.8800000000000008,-0.07780725022104339,0.0,240.0,3.0,137.6,143.2,143.2,240.0,5.599999999999994,0.04069767441860461,0.0,240.0,3.0,4.54,4.88,5.25,120.0,0.33999999999999986,0.07488986784140966,0.0,240.0,3.0,20.3,24.6,24.6,240.0,4.300000000000001,0.2118226600985222,0.0,240.0,3.0,66.3,17.6,66.3,0.0,-48.699999999999996,-0.7345399698340874,0.0,240.0,3.0,7.313,7.306,7.323,120.0,-0.006999999999999673,-0.0009571995077259228,0.0,240.0,3.0,0.156,0.103,0.156,0.0,-0.053000000000000005,-0.33974358974358976,0.0,240.0,3.0,4.39,4.48,4.48,240.0,0.09000000000000075,0.02050113895216418,0.0,240.0,3.0,805.2,701.6,805.2,0.0,-103.60000000000002,-0.12866368604073525,0.0,240.0,3.0,16.7,21.0,21.0,240.0,4.300000000000001,0.2574850299401198,0.0,240.0,3.0,8.59,5.06,8.59,0.0,-3.5300000000000002,-0.41094295692665894,0.0,240.0,3.0,146.4,106.1,146.4,0.0,-40.30000000000001,-0.2752732240437159,0.0,240.0,3.0,292.4,288.1,294.4,120.0,-4.2999999999999545,-0.014705882352941022,1.0
E002180,2,1,0,1,43,7.0,51.9,98.0,80.38571428571427,88.8,46.1,0.1748512893249415,0.03629732546022932,0.0,0.04040306810006768,-1.0,98.0,92.0,51.9,128.0,0.0,-1.0,88.35,17.0,10.8,18.8,13.914285714285715,15.0,8.0,0.1706969551865935,0.01355381332804052,0.0,0.02393888117698317,1.0,18.8,170.0,10.8,128.0,0.0,-1.0,14.7,56.0,111.7,141.4,127.54285714285716,135.1,29.700000000000003,0.07522546861486268,-0.02386741428075212,0.0,0.08206255762820051,1.0,141.4,0.0,111.7,92.0,0.0,-1.0,129.5,36.0,68.2,95.8,80.05714285714285,72.9,27.599999999999994,0.10643072068119529,-0.09398104500570631,0.0,-0.07061696371576488,1.0,95.8,0.0,68.2,226.0,0.0,-1.0,70.55000000000001,-1.0,95.0,99.5,97.61428571428571,99.5,4.5,0.014502548387926239,0.00850741825038463,0.0,0.023744338504250603,1.0,99.5,240.0,95.0,128.0,0.0,-1.0,99.05,17.0,36.46,37.0,36.645714285714284,36.72,0.5399999999999991,0.004579834457415036,-0.000290279362873992,0.0,-0.0015806592159525279,-1.0,37.0,92.0,36.46,145.0,0.0,-1.0,36.605000000000004,36.0,13.0,14.0,13.714285714285714,13.0,1.0,0.03294039229342062,-0.003076465042425404,0.0,-0.004640653339142586,-1.0,14.0,0.0,13.0,170.0,0.0,-1.0,13.5,56.0,29.5,39.2,34.099999999999994,29.7,9.700000000000003,0.0975266225707677,0.00441621594799782,0.0,-0.03583435502011292,-1.0,39.2,92.0,29.5,0.0,2.0,0.0,32.85,36.0,1.0,1.0,1.0,1.0,1.0,1.0,1.0,1.0,1.0,1.0,1.0,1.0,1.0,1.0,1.0,1.0,1.0,134.0,134.0,0.0,0.0,-1.0,0.0,-1.0,0.0,-1.0,0.0,-1.0,1.0,134.0,0.0,-1.0,0.0,-1.0,0.0,-1.0,0.0,-1.0,0.0,-1.0,3.0,0.0,-106.0,,2.0,92.0,4.0,170.0,226.0,1.0,0.0,240.0,240.0,1.0,2.16,2.16,2.16,240.0,0.0,0.0,240.0,240.0,1.0,136.3,136.3,136.3,240.0,0.0,0.0,240.0,240.0,1.0,3.45,3.45,3.45,240.0,0.0,0.0,240.0,240.0,1.0,21.0,21.0,21.0,240.0,0.0,0.0,240.0,240.0,1.0,48.2,48.2,48.2,240.0,0.0,0.0,240.0,240.0,1.0,7.425,7.425,7.425,240.0,0.0,0.0,240.0,240.0,1.0,0.022,0.022,0.022,240.0,0.0,0.0,240.0,240.0,1.0,1.18,1.18,1.18,240.0,0.0,0.0,240.0,240.0,1.0,339.7,339.7,339.7,240.0,0.0,0.0,240.0,240.0,1.0,11.2,11.2,11.2,240.0,0.0,0.0,240.0,240.0,1.0,3.62,3.62,3.62,240.0,0.0,0.0,240.0,240.0,1.0,130.8,130.8,130.8,240.0,0.0,0.0,240.0,240.0,1.0,292.1,292.1,292.1,240.0,0.0,0.0,1.0
E002013,4,3,0,0,74,7.0,69.0,98.4,85.98571428571428,80.4,29.400000000000006,0.11098412907759168,-0.06428361668759767,-0.2842105263157897,-0.10282962599115812,1.0,98.4,0.0,69.0,186.0,0.0,-1.0,83.05000000000001,36.0,12.6,19.8,15.471428571428573,15.4,7.200000000000001,0.13883002600421832,-0.0171009141064812,-0.07017543859649132,0.0032138095572240783,1.0,19.8,0.0,12.6,120.0,0.0,-1.0,14.4,11.0,111.5,141.2,126.61428571428571,141.2,29.69999999999999,0.06656907310310499,0.06001924434697325,0.35263157894736796,0.056069749491263955,-1.0,141.2,240.0,111.5,0.0,0.0,-1.0,131.5,-1.0,69.4,92.3,79.05714285714285,69.4,22.89999999999999,0.08902717100849793,-0.05335120308409391,-0.2929824561403509,-0.04237421935302779,1.0,92.3,0.0,69.4,240.0,0.0,-1.0,74.5,-1.0,95.7,97.9,96.71428571428571,96.1,2.200000000000003,0.008261229810404466,-0.0015757871125355943,0.0298245614035086,-0.0016595326643743687,-1.0,97.9,57.0,95.7,131.0,0.0,-1.0,96.69999999999999,74.0,36.74,37.07,36.87571428571429,36.75,0.3299999999999983,0.003435883972981321,-0.0010313845307939992,-0.0031578947368421585,-0.0009188828854115188,1.0,37.07,0.0,36.74,186.0,0.0,-1.0,36.825,-1.0,13.0,15.0,14.428571428571429,15.0,2.0,0.05048534171874044,0.004226883353015102,0.03508771929824557,0.0005789067433864312,-1.0,15.0,57.0,13.0,0.0,0.0,-1.0,14.5,74.0,32.1,39.8,35.74285714285714,39.8,7.699999999999996,0.07215308005192551,-0.0012174548726310876,-0.06666666666666672,0.024712300891165558,1.0,39.8,240.0,32.1,222.0,0.0,-1.0,35.95,18.0,1.0,1.0,1.0,1.0,1.0,1.0,1.0,1.0,1.0,1.0,1.0,1.0,1.0,1.0,1.0,1.0,1.0,74.0,74.0,0.0,0.0,-1.0,1.0,74.0,0.0,-1.0,0.0,-1.0,0.0,-1.0,0.0,-1.0,0.0,-1.0,0.0,-1.0,0.0,-1.0,0.0,-1.0,2.0,0.0,-166.0,,0.0,0.0,4.0,0.0,186.0,1.0,0.0,240.0,240.0,1.0,9.47,9.47,9.47,240.0,0.0,0.0,240.0,240.0,1.0,138.8,138.8,138.8,240.0,0.0,0.0,240.0,240.0,1.0,3.65,3.65,3.65,240.0,0.0,0.0,240.0,240.0,1.0,25.2,25.2,25.2,240.0,0.0,0.0,240.0,240.0,1.0,35.5,35.5,35.5,240.0,0.0,0.0,240.0,240.0,1.0,7.407,7.407,7.407,240.0,0.0,0.0,240.0,240.0,1.0,0.0,0.0,0.0,240.0,0.0,0.0,240.0,240.0,1.0,1.95,1.95,1.95,240.0,0.0,0.0,240.0,240.0,1.0,252.1,252.1,252.1,240.0,0.0,0.0,240.0,240.0,1.0,16.5,16.5,16.5,240.0,0.0,0.0,240.0,240.0,1.0,0.1,0.1,0.1,240.0,0.0,0.0,240.0,240.0,1.0,78.4,78.4,78.4,240.0,0.0,0.0,240.0,240.0,1.0,282.5,282.5,282.5,240.0,0.0,0.0,1.0
E001889,1,0,0,1,38,9.0,94.9,130.7,114.83333333333333,103.8,35.79999999999998,0.1034050109176016,-0.041072206253811055,0.0,-0.043639551978839265,1.0,130.7,182.0,94.9,172.0,1.0,182.0,107.94999999999999,10.0,16.1,30.3,20.233333333333334,23.5,14.2,0.20257563293495087,-0.03261910983363823,0.0,0.008590811669333412,1.0,30.3,0.0,16.1,134.0,1.0,0.0,20.7,106.0,98.6,140.3,120.59999999999998,115.8,41.70000000000002,0.08923689950140307,-0.04313430885811362,0.0,-0.053367539131000036,-1.0,140.3,146.0,98.6,178.0,0.0,-1.0,119.15,4.0,64.5,95.5,80.21111111111111,74.6,31.0,0.13497192901990207,0.041506982550880936,0.0,-0.033802334575212534,-1.0,95.5,62.0,64.5,0.0,0.0,-1.0,83.5,72.0,93.6,96.5,94.8111111111111,95.6,2.9000000000000057,0.009937169542107155,0.004208402287837581,0.0,0.0027354797569771115,1.0,96.5,134.0,93.6,172.0,0.0,-1.0,95.05,12.0,37.22,37.98,37.593333333333334,37.87,0.759999999999998,0.006702518598675009,-0.00044138141276905366,0.0,-0.0008260759179770796,1.0,37.98,62.0,37.22,134.0,0.0,-1.0,37.59,12.0,12.0,15.0,13.333333333333334,13.0,3.0,0.07905694150420949,0.0034404668582875817,0.0,0.004835652754078397,1.0,15.0,172.0,12.0,62.0,2.0,62.0,12.5,6.0,38.4,44.6,41.3,41.7,6.200000000000003,0.04395560550182441,0.0068134308858112495,0.0,0.0076856766666467905,1.0,44.6,134.0,38.4,62.0,0.0,-1.0,40.75,12.0,3.0,1.0,1.0,1.0,1.0,1.0,1.0,1.0,1.0,1.0,1.0,1.0,1.0,1.0,1.0,4.0,1.0,118.0,179.0,0.0,1.0,170.0,1.0,118.0,0.0,-1.0,1.0,172.0,1.0,179.0,0.0,-1.0,0.0,-1.0,0.0,-1.0,0.0,-1.0,0.0,-1.0,5.0,0.0,118.0,-12.0,4.0,72.0,4.0,62.0,182.0,1.0,0.0,0.0,240.0,3.0,10.34,9.56,10.34,0.0,-0.7799999999999994,-0.0754352030947775,0.0,240.0,3.0,137.2,138.7,141.0,120.0,1.5,0.010932944606413995,0.0,240.0,3.0,4.65,3.68,4.65,0.0,-0.9700000000000002,-0.20860215053763442,0.0,240.0,3.0,18.4,24.7,24.7,240.0,6.300000000000001,0.34239130434782616,0.0,240.0,3.0,36.9,45.0,47.2,120.0,8.100000000000001,0.21951219512195128,0.0,240.0,3.0,7.343,7.393,7.393,240.0,0.04999999999999982,0.006809206046574945,0.0,240.0,3.0,0.085,0.078,0.088,120.0,-0.007000000000000006,-0.08235294117647066,0.0,240.0,3.0,3.85,1.68,4.27,120.0,-2.17,-0.5636363636363636,0.0,240.0,3.0,828.8,419.6,828.8,0.0,-409.19999999999993,-0.49372586872586866,0.0,240.0,3.0,17.8,19.5,19.5,240.0,1.6999999999999993,0.09550561797752805,0.0,240.0,3.0,5.35,3.35,5.53,120.0,-1.9999999999999996,-0.3738317757009345,0.0,240.0,3.0,126.7,121.9,126.7,0.0,-4.799999999999997,-0.0378847671665351,0.0,240.0,3.0,300.9,293.2,304.8,120.0,-7.699999999999989,-0.025589896975739414,1.0
E001539,4,3,0,0,74,9.0,74.4,107.0,92.52222222222223,84.7,32.599999999999994,0.09242940615429696,-0.06135133925463259,-0.33846153846153904,-0.028189593727726635,1.0,107.0,0.0,74.4,131.0,0.0,-1.0,84.7,69.0,12.7,24.5,18.311111111111114,18.5,11.8,0.1967105357525332,-0.0091639231756199,0.14871794871794866,0.01115021382751244,-1.0,24.5,39.0,12.7,73.0,1.0,39.0,18.5,11.0,109.0,139.5,127.72222222222223,133.5,30.5,0.06908391808105525,0.04830317979729655,-0.18717948717948704,0.08394066286528828,1.0,139.5,131.0,109.0,84.0,0.0,-1.0,133.5,30.0,65.9,84.3,76.38888888888889,73.0,18.39999999999999,0.08253952722010832,-0.013834903173829575,0.4717948717948713,-0.057016215253029155,-1.0,84.3,39.0,65.9,0.0,0.0,-1.0,73.0,92.0,94.4,97.0,95.84444444444443,96.0,2.5999999999999943,0.008772355396425955,0.0013616335624271852,-0.023076923076923325,-0.0016838916607272174,1.0,97.0,117.0,94.4,114.0,0.0,-1.0,96.0,3.0,36.83,37.35,37.04333333333334,37.17,0.5200000000000031,0.004626999057745896,0.0011183497279716424,0.0005128205128201705,0.0007083036350677142,-1.0,37.35,114.0,36.83,131.0,0.0,-1.0,37.17,3.0,12.0,15.0,13.88888888888889,14.0,3.0,0.07155417527999328,0.00369003690036899,0.05128205128205122,0.006771204561653577,-1.0,15.0,39.0,12.0,73.0,1.0,73.0,14.0,34.0,32.7,44.1,38.166666666666664,32.7,11.399999999999999,0.09237020784012757,-0.02831456818611314,0.0794871794871792,-0.058183357091945956,-1.0,44.1,114.0,32.7,240.0,0.0,-1.0,32.7,3.0,0.0,0.0,0.0,0.0,0.0,0.0,0.0,0.0,0.0,0.0,0.0,0.0,0.0,0.0,0.0,2.0,1.0,40.0,194.0,1.0,0.0,-1.0,1.0,194.0,0.0,-1.0,1.0,40.0,0.0,-1.0,0.0,-1.0,0.0,-1.0,0.0,-1.0,0.0,-1.0,0.0,-1.0,5.0,0.0,,,2.0,34.0,4.0,73.0,200.0,1.0,0.0,,,,,,,,,,,,,,,,,,,,,,,,,,,,,,,,,,,,,,,,,,,,,,,,,,,,,,,,,,,,,,,,,,,,,,,,,,,,,,,,,,,,,,,,,,,,,,,,,,,,,,,,,,,,,,,,,,,,,,
E001761,2,1,0,1,43,8.0,85.9,122.3,101.8375,85.9,36.39999999999999,0.12285051276610463,-0.14732139064571423,-0.2417643429981508,-0.16042023198326646,1.0,122.3,0.0,85.9,240.0,0.0,-1.0,87.75,-1.0,14.5,25.8,21.174999999999997,21.2,11.3,0.16321433351347767,-0.011657869497857165,0.10897594077729769,0.07369271724662488,-1.0,25.8,44.0,14.5,138.0,3.0,35.0,22.7,33.0,109.2,132.4,119.8625,124.5,23.200000000000003,0.061925874206938535,0.04788275508995017,0.1503701418877229,-0.04218482601254979,1.0,132.4,171.0,109.2,0.0,0.0,-1.0,118.5,42.0,68.7,80.8,74.775,80.8,12.099999999999994,0.05419859200899086,0.034735738414453037,-0.053022825416409736,0.09697661152310344,1.0,80.8,240.0,68.7,138.0,0.0,-1.0,79.35,-1.0,93.5,96.3,94.5625,96.3,2.799999999999997,0.011327337269469407,0.007189086592310048,-0.0007711289327581275,0.00041833048108020905,1.0,96.3,240.0,93.5,35.0,0.0,-1.0,94.9,-1.0,37.12,37.98,37.613749999999996,37.75,0.8599999999999994,0.007234546555614593,-0.0019053974598873353,-0.002381246144355603,0.0033770678836280875,1.0,37.98,35.0,37.12,171.0,0.0,-1.0,37.655,42.0,11.0,13.0,12.25,13.0,2.0,0.06768622021133469,0.008356751463772882,0.008019740900678505,0.002567027952082172,-1.0,13.0,138.0,11.0,0.0,4.0,0.0,13.0,33.0,40.8,43.8,41.9875,42.9,3.0,0.023799860140128772,0.0005810379094261436,0.04858112276372587,0.020726373835329985,-1.0,43.8,35.0,40.8,0.0,0.0,-1.0,42.65,9.0,3.0,1.0,1.0,1.0,1.0,1.0,1.0,1.0,1.0,1.0,1.0,1.0,1.0,1.0,1.0,5.0,1.0,99.0,225.0,0.0,1.0,115.0,1.0,99.0,1.0,108.0,0.0,-1.0,1.0,100.0,0.0,-1.0,0.0,-1.0,0.0,-1.0,0.0,-1.0,0.0,-1.0,7.0,0.0,99.0,,7.0,138.0,2.0,0.0,213.0,1.0,1.0,0.0,240.0,3.0,6.8,11.09,12.07,120.0,4.29,0.6308823529411764,0.0,240.0,3.0,139.8,137.6,139.8,0.0,-2.200000000000017,-0.015736766809728304,0.0,240.0,3.0,4.16,3.92,4.16,0.0,-0.2400000000000002,-0.057692307692307744,0.0,240.0,3.0,22.8,22.0,22.8,0.0,-0.8000000000000007,-0.03508771929824565,0.0,240.0,3.0,62.1,37.2,81.0,120.0,-24.9,-0.4009661835748792,0.0,240.0,3.0,7.318,7.338,7.338,240.0,0.020000000000000462,0.0027329871549604348,0.0,240.0,3.0,0.098,0.046,0.098,0.0,-0.052000000000000005,-0.5306122448979592,0.0,240.0,3.0,3.76,2.3,4.0,120.0,-1.46,-0.38829787234042556,0.0,240.0,3.0,643.4,423.0,643.4,0.0,-220.39999999999998,-0.3425551756294684,0.0,240.0,3.0,21.7,10.6,21.7,0.0,-11.1,-0.511520737327189,0.0,240.0,3.0,5.18,5.03,5.18,0.0,-0.14999999999999947,-0.028957528957528855,0.0,240.0,3.0,121.0,113.1,129.4,120.0,-7.900000000000006,-0.06528925619834715,0.0,240.0,3.0,285.0,291.2,295.9,120.0,6.199999999999989,0.02175438596491224,1.0
E000173,1,0,0,1,38,8.0,94.9,126.8,111.375,94.9,31.89999999999999,0.11296172242253781,-0.04432302771855037,1.079166666666666,-0.11739720450536015,-1.0,126.8,24.0,94.9,240.0,0.0,-1.0,94.9,123.0,18.3,27.4,22.512500000000003,20.5,9.099999999999998,0.12519436649225385,-0.018274356240774243,-0.22916666666666688,-0.0348826163658569,1.0,27.4,78.0,18.3,150.0,2.0,0.0,20.5,10.0,98.0,129.9,119.0125,125.6,31.900000000000006,0.08067302653045202,0.07567758733803472,0.2583333333333331,0.15151988058081184,-1.0,129.9,160.0,98.0,78.0,0.0,-1.0,125.6,-1.0,62.3,81.5,73.2875,76.7,19.200000000000003,0.08271054988733129,-0.02709016729539142,0.15833333333333338,-0.04771339394761841,1.0,81.5,78.0,62.3,197.0,0.0,-1.0,76.7,43.0,93.2,94.9,94.35000000000001,94.8,1.7000000000000028,0.006765842784739631,0.006802525832376198,0.008333333333332632,0.0009770660876645865,-1.0,94.9,160.0,93.2,0.0,0.0,-1.0,94.8,-1.0,37.35,37.75,37.519999999999996,37.4,0.3999999999999986,0.003726580877960992,-0.0007655404297196837,0.006666666666666279,0.0003894693988329939,-1.0,37.75,24.0,37.35,160.0,0.0,-1.0,37.4,37.0,11.0,13.0,12.125,12.0,2.0,0.04944156209600741,0.0030445300967688552,-0.04166666666666665,-0.0018319989143709757,1.0,13.0,147.0,11.0,24.0,6.0,0.0,12.0,54.0,39.4,44.6,42.537499999999994,43.8,5.200000000000003,0.03672053881808735,-0.007652329014269479,-0.037500000000000124,0.008230424752340955,1.0,44.6,0.0,39.4,160.0,0.0,-1.0,43.8,80.0,2.0,1.0,1.0,1.0,1.0,1.0,1.0,1.0,1.0,1.0,1.0,1.0,1.0,1.0,1.0,2.0,1.0,78.0,160.0,0.0,0.0,-1.0,1.0,78.0,0.0,-1.0,0.0,-1.0,1.0,160.0,0.0,-1.0,0.0,-1.0,0.0,-1.0,0.0,-1.0,0.0,-1.0,3.0,0.0,-42.0,,8.0,147.0,5.0,24.0,-1.0,1.0,0.0,120.0,240.0,2.0,8.09,12.31,12.31,240.0,4.220000000000001,0.5216316440049444,120.0,240.0,2.0,137.6,139.5,139.5,240.0,1.9000000000000057,0.013808139534883763,120.0,240.0,2.0,4.23,4.16,4.23,120.0,-0.07000000000000028,-0.01654846335697406,120.0,240.0,2.0,20.6,23.4,23.4,240.0,2.799999999999997,0.13592233009708724,120.0,240.0,2.0,54.1,53.7,54.1,120.0,-0.3999999999999986,-0.0073937153419593084,120.0,240.0,2.0,7.327,7.385,7.385,240.0,0.05799999999999983,0.007915927391838383,120.0,240.0,2.0,0.063,0.072,0.072,240.0,0.008999999999999994,0.14285714285714277,120.0,240.0,2.0,3.68,4.07,4.07,240.0,0.3900000000000001,0.10597826086956524,120.0,240.0,2.0,457.6,673.7,673.7,240.0,216.10000000000002,0.47224650349650354,120.0,240.0,2.0,5.0,17.1,17.1,240.0,12.100000000000001,2.4200000000000004,120.0,240.0,2.0,3.77,0.94,3.77,120.0,-2.83,-0.7506631299734748,120.0,240.0,2.0,121.0,116.6,121.0,120.0,-4.400000000000006,-0.03636363636363641,120.0,240.0,2.0,302.3,290.0,302.3,120.0,-12.300000000000011,-0.040688058220310984,1.0
E001502,0,6,1,0,41,9.0,80.1,113.5,98.63333333333333,102.4,33.400000000000006,0.1182049661591138,-0.06736265182566861,-4.811443490139453e-16,0.024457898273544783,1.0,113.5,0.0,80.1,228.0,0.0,-1.0,97.53333333333335,12.0,16.9,24.7,19.788888888888888,21.1,7.800000000000001,0.11273077160472943,-0.0013151957281991684,0.022222222222222237,-0.01813617802129648,1.0,24.7,69.0,16.9,155.0,1.0,69.0,20.066666666666666,78.0,111.9,139.1,124.47777777777777,129.7,27.19999999999999,0.0694011537446322,-0.015130485466100277,0.3799999999999995,0.025686834487749118,1.0,139.1,45.0,111.9,228.0,0.0,-1.0,122.5,24.0,57.7,98.3,78.17777777777778,77.1,40.599999999999994,0.13959818190713097,-0.054079268980558926,0.062222222222221665,-0.12645443502532847,-1.0,98.3,69.0,57.7,224.0,0.0,-1.0,73.03333333333333,4.0,93.5,98.1,95.80000000000001,97.2,4.599999999999994,0.017632372246791813,0.0139502876696873,0.006666666666666327,0.007405923705158621,1.0,98.1,159.0,93.5,0.0,0.0,-1.0,96.36666666666667,69.0,36.94,37.78,37.288888888888884,36.94,0.8400000000000034,0.006834196039100651,-0.0022157710675741963,-0.010888888888888865,-0.002038212033495378,-1.0,37.78,0.0,36.94,240.0,0.0,-1.0,37.12,-1.0,10.0,14.0,12.666666666666666,13.0,4.0,0.10526315789473684,0.004337607641108571,0.08888888888888885,-0.0016476274165202296,-1.0,14.0,45.0,10.0,0.0,3.0,0.0,12.333333333333334,24.0,34.9,43.4,39.3111111111111,41.2,8.5,0.07620535321291164,-0.012589403226413007,-0.0800000000000002,0.0015003101416312782,1.0,43.4,0.0,34.9,224.0,0.0,-1.0,39.266666666666666,4.0,2.0,1.0,1.0,1.0,1.0,1.0,1.0,1.0,1.0,1.0,1.0,1.0,1.0,1.0,1.0,3.0,1.0,26.0,100.0,1.0,1.0,70.0,1.0,26.0,0.0,-1.0,0.0,-1.0,1.0,100.0,0.0,-1.0,0.0,-1.0,0.0,-1.0,0.0,-1.0,0.0,-1.0,4.0,0.0,-94.0,,4.0,78.0,6.0,0.0,228.0,1.0,0.0,120.0,240.0,2.0,11.29,8.1,11.29,120.0,-3.1899999999999995,-0.28255093002657217,120.0,240.0,2.0,140.4,139.5,140.4,120.0,-0.9000000000000057,-0.006410256410256451,120.0,240.0,2.0,4.58,3.99,4.58,120.0,-0.5899999999999999,-0.12882096069868992,120.0,240.0,2.0,20.7,24.3,24.3,240.0,3.6000000000000014,0.17391304347826095,120.0,240.0,2.0,26.9,35.8,35.8,240.0,8.899999999999999,0.33085501858736055,120.0,240.0,2.0,7.343,7.326,7.343,120.0,-0.017000000000000348,-0.002315130055835537,120.0,240.0,2.0,0.076,0.069,0.076,120.0,-0.006999999999999992,-0.09210526315789463,120.0,240.0,2.0,3.58,2.35,3.58,120.0,-1.23,-0.3435754189944134,120.0,240.0,2.0,749.5,254.4,749.5,120.0,-495.1,-0.6605737158105404,120.0,240.0,2.0,16.2,23.6,23.6,240.0,7.400000000000002,0.45679012345679026,120.0,240.0,2.0,0.41,0.1,0.41,120.0,-0.30999999999999994,-0.7560975609756097,120.0,240.0,2.0,87.9,128.6,128.6,240.0,40.69999999999999,0.4630261660978383,120.0,240.0,2.0,290.7,273.7,290.7,120.0,-17.0,-0.058479532163742694,1.0
E000174,3,2,0,1,65,9.0,97.7,122.7,109.76666666666667,98.8,25.0,0.0824362905012836,-0.03705530592249762,0.3910296250258953,-0.11347179661786465,-1.0,122.7,55.0,97.7,0.0,0.0,-1.0,98.8,125.0,14.7,26.1,22.144444444444446,21.0,11.400000000000002,0.1568242829260648,-0.01887614446434009,0.018924798011186992,-0.007286346612189341,1.0,26.1,37.0,14.7,197.0,4.0,28.0,21.0,43.0,108.6,134.3,123.30000000000001,121.3,25.700000000000017,0.07285138463608602,-0.054368221899388634,-0.306888336440854,0.13504710021563954,-1.0,134.3,0.0,108.6,186.0,0.0,-1.0,121.3,11.0,56.6,80.6,69.76666666666665,77.3,23.999999999999993,0.09863646386933124,0.0003157201256798637,-0.1428216283405846,0.24551129270230335,-1.0,80.6,28.0,56.6,180.0,0.0,-1.0,77.3,6.0,92.8,95.2,94.02222222222223,95.2,2.4000000000000057,0.008520108327901664,0.0064348457718163485,0.0012740832815404954,0.00872772670525492,1.0,95.2,240.0,92.8,51.0,0.0,-1.0,95.2,-1.0,37.37,38.06,37.77777777777778,37.66,0.6900000000000048,0.005174799195408749,-0.0017420689888172653,-0.0036119743111669295,0.0026455566905006036,1.0,38.06,0.0,37.37,180.0,0.0,-1.0,37.66,17.0,10.0,13.0,11.666666666666666,11.0,3.0,0.09035079029052513,5.5745126524518424e-05,-0.015330432981147816,-0.010101010101010171,0.0,13.0,0.0,10.0,37.0,6.0,28.0,11.0,18.0,39.1,47.6,42.9,44.2,8.5,0.05711880636981851,-0.005796986384675186,-0.002796768178993244,0.05617977528089874,1.0,47.6,51.0,39.1,55.0,0.0,-1.0,44.2,4.0,3.0,1.0,1.0,1.0,1.0,1.0,1.0,1.0,1.0,1.0,1.0,1.0,1.0,1.0,1.0,3.0,1.0,34.0,74.0,1.0,1.0,34.0,1.0,74.0,0.0,-1.0,0.0,-1.0,1.0,62.0,0.0,-1.0,0.0,-1.0,0.0,-1.0,0.0,-1.0,0.0,-1.0,4.0,0.0,34.0,,10.0,125.0,5.0,37.0,197.0,1.0,0.0,0.0,240.0,3.0,7.48,8.52,13.58,120.0,1.0399999999999991,0.1390374331550801,0.0,240.0,3.0,140.8,132.8,140.8,0.0,-8.0,-0.056818181818181816,0.0,240.0,3.0,4.41,3.91,4.71,120.0,-0.5,-0.11337868480725623,0.0,240.0,3.0,21.6,16.4,21.6,0.0,-5.200000000000003,-0.24074074074074087,0.0,240.0,3.0,32.8,56.1,56.1,240.0,23.300000000000004,0.7103658536585368,0.0,240.0,3.0,7.332,7.392,7.392,240.0,0.0600000000000005,0.00818330605564655,0.0,240.0,3.0,0.156,0.087,0.156,0.0,-0.069,-0.44230769230769235,0.0,240.0,3.0,3.99,3.12,3.99,0.0,-0.8700000000000001,-0.2180451127819549,0.0,240.0,3.0,778.5,823.0,823.0,240.0,44.5,0.057161207450224794,0.0,240.0,3.0,26.6,15.4,28.1,120.0,-11.200000000000001,-0.4210526315789474,0.0,240.0,3.0,8.35,6.63,8.35,0.0,-1.7199999999999998,-0.20598802395209578,0.0,240.0,3.0,127.6,135.2,154.5,120.0,7.599999999999994,0.059561128526645725,0.0,240.0,3.0,293.2,277.9,293.2,0.0,-15.300000000000011,-0.05218281036834929,1.0
E000969,3,2,0,1,65,7.0,96.5,120.6,106.41428571428571,114.2,24.099999999999994,0.08907273807452235,-0.011570348120660354,-0.9874999999999999,0.03093800434080914,1.0,120.6,0.0,96.5,108.0,0.0,-1.0,114.2,132.0,20.6,24.6,21.957142857142856,20.7,4.0,0.058265746720203314,0.001934564899685479,0.004166666666666549,-0.004210028382213765,-1.0,24.6,181.0,20.6,136.0,1.0,181.0,20.7,59.0,106.6,133.6,115.3142857142857,133.6,27.0,0.07400967041140136,0.043026474411211865,-0.41666666666666696,0.15638321553787088,1.0,133.6,240.0,106.6,92.0,0.0,-1.0,133.6,148.0,68.7,85.2,76.7,74.0,16.5,0.06874630335905287,-0.030581952142669705,-0.32083333333333364,0.006359563693027009,1.0,85.2,0.0,68.7,136.0,0.0,-1.0,74.0,45.0,93.1,96.7,94.64285714285714,96.7,3.6000000000000085,0.01403854734923645,0.0029235670076709756,-0.07916666666666684,0.018110356725471812,1.0,96.7,240.0,93.1,92.0,0.0,-1.0,96.7,44.0,37.07,37.84,37.457142857142856,37.13,0.7700000000000031,0.006665462173898864,-0.0020723921256979297,-0.002083333333333841,-0.0045642495408758565,1.0,37.84,108.0,37.07,181.0,0.0,-1.0,37.13,-1.0,11.0,14.0,12.428571428571429,14.0,3.0,0.07269603816479032,0.0071961099923896765,0.08333333333333327,0.01125549557571378,0.0,14.0,240.0,11.0,0.0,4.0,0.0,14.0,-1.0,39.4,43.8,41.50000000000001,42.1,4.399999999999999,0.032225899451892435,-0.004829845840938051,0.008333333333333299,-0.004723412543825363,1.0,43.8,92.0,39.4,136.0,0.0,-1.0,42.1,104.0,2.0,1.0,1.0,1.0,1.0,1.0,1.0,1.0,1.0,1.0,1.0,1.0,1.0,1.0,1.0,3.0,1.0,40.0,118.0,1.0,1.0,40.0,1.0,118.0,0.0,-1.0,0.0,-1.0,1.0,106.0,0.0,-1.0,0.0,-1.0,0.0,-1.0,0.0,-1.0,0.0,-1.0,4.0,0.0,-80.0,,5.0,59.0,3.0,0.0,240.0,1.0,0.0,120.0,240.0,2.0,10.22,15.01,15.01,240.0,4.789999999999999,0.46868884540117406,120.0,240.0,2.0,139.1,137.8,139.1,120.0,-1.299999999999983,-0.009345794392523242,120.0,240.0,2.0,4.07,4.19,4.19,240.0,0.1200000000000001,0.02948402948402951,120.0,240.0,2.0,21.6,17.6,21.6,120.0,-4.0,-0.18518518518518517,120.0,240.0,2.0,49.9,44.5,49.9,120.0,-5.399999999999999,-0.10821643286573143,120.0,240.0,2.0,7.316,7.34,7.34,240.0,0.02400000000000002,0.0032804811372334638,120.0,240.0,2.0,0.096,0.077,0.096,120.0,-0.019000000000000003,-0.19791666666666669,120.0,240.0,2.0,2.74,2.69,2.74,120.0,-0.050000000000000266,-0.018248175182481848,120.0,240.0,2.0,594.9,350.2,594.9,120.0,-244.7,-0.41132963523281224,120.0,240.0,2.0,20.6,10.6,20.6,120.0,-10.000000000000002,-0.48543689320388356,120.0,240.0,2.0,7.83,8.28,8.28,240.0,0.4499999999999993,0.057471264367816,120.0,240.0,2.0,115.5,98.3,115.5,120.0,-17.200000000000003,-0.14891774891774895,120.0,240.0,2.0,276.9,293.4,293.4,240.0,16.5,0.059588299024918745,1.0
E001506,1,0,0,1,38,8.0,70.1,99.3,89.76249999999999,70.1,29.200000000000003,0.11454012169405926,-0.09270387125185163,-0.004166666666667116,-0.1360002239516266,-1.0,99.3,0.0,70.1,240.0,0.0,-1.0,77.44999999999999,-1.0,12.9,20.6,17.275,12.9,7.700000000000001,0.149157653775484,-0.015092677849393499,0.1874999999999999,-0.03920833100050388,-1.0,20.6,24.0,12.9,240.0,0.0,-1.0,15.45,95.0,115.7,150.2,127.48750000000001,130.4,34.499999999999986,0.08201237963996717,0.09783418071179749,-0.06666666666666755,0.11926263926991758,-1.0,150.2,215.0,115.7,24.0,0.0,-1.0,140.3,25.0,65.9,79.2,73.9875,70.8,13.299999999999997,0.05986154357242589,0.007638416269666337,-0.47499999999999987,-0.020091260287777902,1.0,79.2,138.0,65.9,24.0,0.0,-1.0,73.94999999999999,95.0,94.5,97.9,96.5,96.9,3.4000000000000057,0.012239390477738572,0.002644221145762236,-0.09583333333333399,-0.009240803986339021,1.0,97.9,119.0,94.5,24.0,0.0,-1.0,95.95,95.0,36.87,37.39,37.05625,36.9,0.5200000000000031,0.004458691530061093,-0.0011889987589575543,-0.018333333333333524,-0.0015136330552601017,1.0,37.39,0.0,36.87,134.0,0.0,-1.0,36.94,4.0,12.0,15.0,14.0,14.0,3.0,0.07142857142857142,0.007286120341086504,-0.08333333333333344,0.005934718100890198,1.0,15.0,138.0,12.0,24.0,1.0,24.0,14.5,95.0,33.8,45.3,38.5,38.7,11.5,0.07744442345909389,-0.021976460226590385,-0.3125000000000003,-0.0033620737920609495,1.0,45.3,0.0,33.8,178.0,0.0,-1.0,38.2,-1.0,2.0,1.0,1.0,1.0,1.0,1.0,1.0,1.0,1.0,1.0,1.0,1.0,1.0,1.0,1.0,2.0,1.0,38.0,99.0,1.0,1.0,38.0,1.0,99.0,0.0,-1.0,0.0,-1.0,0.0,-1.0,0.0,-1.0,0.0,-1.0,0.0,-1.0,0.0,-1.0,0.0,-1.0,4.0,0.0,-82.0,,1.0,95.0,2.0,24.0,215.0,1.0,0.0,120.0,240.0,2.0,5.96,8.75,8.75,240.0,2.79,0.46812080536912754,120.0,240.0,2.0,136.9,136.1,136.9,120.0,-0.8000000000000114,-0.0058436815193572775,120.0,240.0,2.0,3.95,3.81,3.95,120.0,-0.14000000000000012,-0.035443037974683574,120.0,240.0,2.0,22.6,24.4,24.4,240.0,1.7999999999999972,0.07964601769911492,120.0,240.0,2.0,39.1,33.6,39.1,120.0,-5.5,-0.14066496163682865,120.0,240.0,2.0,7.38,7.352,7.38,120.0,-0.02799999999999958,-0.003794037940379347,120.0,240.0,2.0,0.056,0.01,0.056,120.0,-0.046,-0.8214285714285714,120.0,240.0,2.0,1.07,1.87,1.87,240.0,0.8,0.7476635514018691,120.0,240.0,2.0,360.3,184.5,360.3,120.0,-175.8,-0.48792672772689427,120.0,240.0,2.0,14.0,10.8,14.0,120.0,-3.1999999999999993,-0.2285714285714285,120.0,240.0,2.0,6.29,4.37,6.29,120.0,-1.92,-0.3052464228934817,120.0,240.0,2.0,116.8,102.5,116.8,120.0,-14.299999999999997,-0.12243150684931504,120.0,240.0,2.0,296.5,286.4,296.5,120.0,-10.100000000000023,-0.03406408094435084,1.0
E001431,2,1,0,1,43,8.0,75.6,98.7,86.8125,83.0,23.10000000000001,0.07682767134080452,-0.019929870129870284,0.0,-0.013035294117646952,-1.0,98.7,79.0,75.6,96.0,0.0,-1.0,83.0,17.0,10.4,18.1,14.575,17.9,7.700000000000001,0.1944766593433913,-0.0072805194805194845,0.0,-0.0009487889273356302,1.0,18.1,79.0,10.4,205.0,0.0,-1.0,17.9,35.0,107.9,149.2,130.6875,135.7,41.29999999999998,0.10370393187246735,-0.028740259740259885,0.0,0.07451211072664363,1.0,149.2,0.0,107.9,96.0,0.0,-1.0,135.7,36.0,75.0,90.7,82.6625,90.7,15.700000000000003,0.05856601294785139,0.047397402597402535,0.0,0.07620138408304518,1.0,90.7,240.0,75.0,113.0,0.0,-1.0,90.7,-1.0,96.0,99.2,97.4125,96.5,3.200000000000003,0.010881530110434438,-0.0021194805194806243,0.0,0.004957093425605627,0.0,99.2,205.0,96.0,79.0,0.0,-1.0,96.5,17.0,36.69,37.33,36.89874999999999,37.07,0.6400000000000006,0.005417590565981051,0.00034389610389611713,0.0,0.0007884429065744344,1.0,37.33,135.0,36.69,205.0,0.0,-1.0,37.07,70.0,13.0,15.0,14.5,14.0,2.0,0.048765984909417075,0.004259740259740265,0.0,-0.0024359861591695064,-1.0,15.0,79.0,13.0,0.0,0.0,-1.0,14.0,17.0,29.9,38.7,35.375,35.9,8.800000000000004,0.07170620454330207,-0.02036623376623379,0.0,-0.014973702422145282,1.0,38.7,0.0,29.9,205.0,1.0,205.0,35.9,35.0,2.0,1.0,1.0,1.0,1.0,1.0,1.0,1.0,1.0,1.0,1.0,1.0,1.0,1.0,1.0,3.0,1.0,39.0,186.0,1.0,1.0,39.0,1.0,86.0,0.0,-1.0,0.0,-1.0,0.0,-1.0,0.0,-1.0,0.0,-1.0,0.0,-1.0,0.0,-1.0,0.0,-1.0,4.0,0.0,39.0,,1.0,35.0,5.0,0.0,205.0,1.0,0.0,0.0,120.0,2.0,8.13,9.9,9.9,120.0,1.7699999999999996,0.21771217712177116,0.0,120.0,2.0,139.5,142.3,142.3,120.0,2.8000000000000114,0.0200716845878137,0.0,120.0,2.0,4.39,3.75,4.39,0.0,-0.6399999999999997,-0.14578587699316622,0.0,120.0,2.0,23.9,23.8,23.9,0.0,-0.09999999999999787,-0.004184100418409953,0.0,120.0,2.0,19.2,15.1,19.2,0.0,-4.1,-0.21354166666666666,0.0,120.0,2.0,7.408,7.421,7.421,120.0,0.0129999999999999,0.001754859611231088,0.0,120.0,2.0,0.007,0.0,0.007,0.0,-0.007,-1.0,0.0,120.0,2.0,1.72,0.77,1.72,0.0,-0.95,-0.5523255813953488,0.0,120.0,2.0,87.1,129.8,129.8,120.0,42.70000000000002,0.49024110218140093,0.0,120.0,2.0,4.8,7.9,7.9,120.0,3.1000000000000005,0.6458333333333335,0.0,120.0,2.0,4.48,1.0,4.48,0.0,-3.4800000000000004,-0.7767857142857143,0.0,120.0,2.0,126.4,80.1,126.4,0.0,-46.30000000000001,-0.36629746835443044,0.0,120.0,2.0,283.0,279.6,283.0,0.0,-3.3999999999999773,-0.012014134275618295,1.0
E000676,3,2,0,1,65,6.0,63.8,93.2,77.78333333333335,85.4,29.400000000000006,0.13126034581140897,-0.0284619538367856,0.33666666666666656,-0.021435257410296196,-1.0,93.2,60.0,63.8,184.0,0.0,-1.0,85.4,31.0,12.6,17.4,15.566666666666665,13.8,4.799999999999999,0.11204689894604819,-0.013325061179471262,0.00833333333333328,-0.027559022360894383,1.0,17.4,91.0,12.6,202.0,0.0,-1.0,13.8,-1.0,107.6,134.1,121.16666666666667,128.6,26.5,0.07565236963200034,0.008598444375509773,0.3566666666666665,0.03318564742589725,-1.0,134.1,60.0,107.6,202.0,0.0,-1.0,128.6,31.0,70.4,87.8,78.10000000000001,77.0,17.39999999999999,0.08743739212076848,0.0020657406449981013,-0.2716666666666669,0.05934269370774853,1.0,87.8,202.0,70.4,60.0,0.0,-1.0,77.0,142.0,95.4,98.4,96.91666666666667,97.3,3.0,0.009351385124211544,-0.0027723204540494165,0.01000000000000009,-0.011950078003120024,1.0,98.4,91.0,95.4,202.0,0.0,-1.0,97.3,93.0,36.56,36.8,36.67333333333334,36.68,0.23999999999999488,0.002452415481409182,-0.00041222900079269665,-0.0036666666666668054,-0.0010263130525219166,1.0,36.8,91.0,36.56,60.0,0.0,-1.0,36.68,31.0,14.0,15.0,14.666666666666666,15.0,1.0,0.03214121732666125,-6.89346155171757e-05,-0.016666666666666684,-0.0018928757150285481,1.0,15.0,0.0,14.0,60.0,0.0,-1.0,15.0,31.0,32.1,40.5,36.03333333333334,35.9,8.399999999999999,0.0684238746539402,-0.007610381553096894,-0.018333333333333392,-0.03433177327093077,1.0,40.5,91.0,32.1,184.0,0.0,-1.0,35.9,93.0,0.0,0.0,0.0,0.0,0.0,0.0,0.0,0.0,0.0,0.0,0.0,0.0,0.0,0.0,0.0,1.0,1.0,15.0,15.0,1.0,0.0,-1.0,0.0,-1.0,0.0,-1.0,1.0,15.0,0.0,-1.0,0.0,-1.0,0.0,-1.0,0.0,-1.0,0.0,-1.0,0.0,-1.0,5.0,0.0,,,0.0,0.0,2.0,60.0,184.0,1.0,0.0,,,,,,,,,,,,,,,,,,,,,,,,,,,,,,,,,,,,,,,,,,,,,,,,,,,,,,,,,,,,,,,,,,,,,,,,,,,,,,,,,,,,,,,,,,,,,,,,,,,,,,,,,,,,,,,,,,,,,,
E000941,0,6,1,0,41,7.0,95.3,146.8,124.28571428571429,95.3,51.500000000000014,0.13726852385633204,-0.042379107711500344,0.7387604623355917,-0.24613192182410418,-1.0,146.8,57.0,95.3,240.0,3.0,57.0,95.3,183.0,23.6,29.1,26.957142857142856,29.1,5.5,0.07146161242623242,0.006625849446833597,-0.04828616978876071,0.01710097719869712,-1.0,29.1,240.0,23.6,57.0,6.0,0.0,29.1,51.0,100.2,130.9,121.65714285714286,128.1,30.700000000000003,0.07919460231974414,0.0729696989593248,0.09073335990434378,0.010464169381107915,1.0,130.9,140.0,100.2,37.0,0.0,-1.0,128.1,20.0,63.5,82.9,76.5,63.5,19.400000000000006,0.07939648963763038,-0.05039788582121419,-0.07746113989637358,-0.06954397394136787,-1.0,82.9,0.0,63.5,240.0,0.0,-1.0,63.5,-1.0,91.6,95.9,93.11428571428569,92.8,4.300000000000011,0.01593367123039858,0.009963231673286959,0.014647269828616742,-0.0006921824104231819,-1.0,95.9,140.0,91.6,0.0,0.0,-1.0,92.8,100.0,37.65,38.35,37.92857142857143,37.65,0.7000000000000028,0.0052284906041835276,-0.0009630018712453139,0.008250298923873887,-0.0014372964169380366,-1.0,38.35,57.0,37.65,240.0,0.0,-1.0,37.65,51.0,11.0,13.0,11.857142857142858,13.0,2.0,0.07025243246801566,0.00761629624766092,-0.0187325627740136,0.015065146579804569,1.0,13.0,184.0,11.0,37.0,5.0,0.0,13.0,103.0,39.5,47.2,42.814285714285724,41.1,7.700000000000003,0.05687627828538542,-0.006513574734907062,0.04135113591072114,-0.010057003257328879,1.0,47.2,57.0,39.5,37.0,0.0,-1.0,41.1,20.0,3.0,1.0,1.0,1.0,1.0,1.0,1.0,1.0,1.0,1.0,1.0,1.0,1.0,1.0,1.0,2.0,1.0,80.0,151.0,0.0,1.0,80.0,0.0,-1.0,0.0,-1.0,0.0,-1.0,1.0,151.0,0.0,-1.0,0.0,-1.0,0.0,-1.0,0.0,-1.0,0.0,-1.0,4.0,0.0,80.0,23.0,14.0,184.0,3.0,37.0,184.0,1.0,0.0,0.0,240.0,3.0,13.67,13.66,13.67,0.0,-0.009999999999999787,-0.0007315288953913524,0.0,240.0,3.0,136.1,140.0,140.4,120.0,3.9000000000000057,0.02865540044085236,0.0,240.0,3.0,4.81,4.62,4.81,0.0,-0.1899999999999995,-0.0395010395010394,0.0,240.0,3.0,21.5,18.9,21.5,0.0,-2.6000000000000014,-0.1209302325581396,0.0,240.0,3.0,60.7,67.6,67.6,240.0,6.8999999999999915,0.11367380560131782,0.0,240.0,3.0,7.342,7.312,7.342,0.0,-0.02999999999999936,-0.004086080087169622,0.0,240.0,3.0,0.127,0.095,0.139,120.0,-0.032,-0.25196850393700787,0.0,240.0,3.0,4.53,4.18,4.53,0.0,-0.35000000000000053,-0.07726269315673301,0.0,240.0,3.0,1026.2,711.8,1169.8,120.0,-314.4000000000001,-0.3063730267004483,0.0,240.0,3.0,24.1,34.2,34.2,240.0,10.100000000000001,0.4190871369294606,0.0,240.0,3.0,7.37,4.29,7.37,0.0,-3.08,-0.417910447761194,0.0,240.0,3.0,139.9,115.4,146.9,120.0,-24.5,-0.17512508934953538,0.0,240.0,3.0,299.5,291.9,302.1,120.0,-7.600000000000023,-0.025375626043405753,1.0
E002040,2,1,0,1,43,6.0,55.7,82.9,73.64999999999999,82.9,27.200000000000003,0.13552307038375225,0.002536288865747169,0.0,0.037537421535490154,1.0,82.9,240.0,55.7,181.0,0.0,-1.0,82.9,59.0,11.2,19.8,14.550000000000002,13.7,8.600000000000001,0.1799563319285546,-0.01223513909846343,0.0,-0.030000000000000027,-1.0,19.8,72.0,11.2,173.0,0.0,-1.0,13.7,7.0,121.4,137.3,129.93333333333334,134.5,15.900000000000006,0.03926011890467167,-0.0006154761651754325,0.0,-0.018672139063254517,1.0,137.3,79.0,121.4,173.0,0.0,-1.0,134.5,94.0,67.4,87.8,78.05,79.2,20.39999999999999,0.08136819157926789,0.061290459694387275,0.0,0.03942056977305643,-1.0,87.8,181.0,67.4,0.0,0.0,-1.0,79.2,-1.0,97.1,98.9,97.76666666666667,98.9,1.8000000000000114,0.006979028124943355,0.0006843346864175209,0.0,0.005852245292129583,1.0,98.9,240.0,97.1,72.0,0.0,-1.0,98.9,7.0,36.37,36.73,36.61000000000001,36.7,0.35999999999999943,0.0033042424313255232,7.854972052796175e-05,0.0,4.828585224507426e-06,1.0,36.73,173.0,36.37,181.0,0.0,-1.0,36.7,59.0,14.0,15.0,14.666666666666666,15.0,1.0,0.03214121732666125,0.004497056510743213,0.0,0.003718010622887495,0.0,15.0,79.0,14.0,0.0,0.0,-1.0,15.0,-1.0,32.2,39.3,36.01666666666667,39.3,7.099999999999994,0.07868497500937878,0.01979767496227664,0.0,0.019377112506035726,1.0,39.3,240.0,32.2,72.0,0.0,-1.0,39.3,-1.0,0.0,0.0,0.0,0.0,0.0,0.0,0.0,0.0,0.0,0.0,0.0,0.0,0.0,0.0,0.0,0.0,0.0,-1.0,-1.0,0.0,0.0,-1.0,0.0,-1.0,0.0,-1.0,0.0,-1.0,0.0,-1.0,0.0,-1.0,0.0,-1.0,0.0,-1.0,0.0,-1.0,0.0,-1.0,0.0,0.0,,,0.0,0.0,3.0,0.0,181.0,1.0,0.0,,,,,,,,,,,,,,,,,,,,,,,,,,,,,,,,,,,,,,,,,,,,,,,,,,,,,,,,,,,,,,,,,,,,,,,,,,,,,,,,,,,,,,,,,,,,,,,,,,,,,,,,,,,,,,,,,,,,,,
E001472,1,0,0,1,38,7.0,106.0,152.1,123.60000000000001,106.0,46.099999999999994,0.12788071768048964,-0.17135118560915807,0.0,-0.22114651623723156,-1.0,152.1,87.0,106.0,240.0,2.0,0.0,106.0,-1.0,17.1,26.3,23.21428571428572,26.3,9.2,0.1386023215905702,-0.0011251733086850182,0.0,0.005031254764445769,1.0,26.3,240.0,17.1,156.0,4.0,87.0,26.3,84.0,108.5,132.2,119.20000000000002,122.2,23.69999999999999,0.060449273606214125,0.019597212840840424,0.0,-0.02353255069370354,-1.0,132.2,121.0,108.5,153.0,0.0,-1.0,122.2,32.0,60.3,80.6,71.77142857142857,66.9,20.299999999999997,0.08493398314072984,-0.01695181129794869,0.0,-0.013957920414697414,-1.0,80.6,156.0,60.3,121.0,0.0,-1.0,66.9,16.0,90.8,94.2,92.61428571428571,91.0,3.4000000000000057,0.013614218209851153,-0.005679192292651765,0.0,-0.012944046348529026,1.0,94.2,137.0,90.8,156.0,1.0,156.0,91.0,-1.0,37.62,38.18,37.862857142857145,37.96,0.5600000000000023,0.004799299310642277,4.888193679171897e-07,0.0,-0.001053514255221948,-1.0,38.18,87.0,37.62,156.0,0.0,-1.0,37.96,50.0,10.0,13.0,11.428571428571429,11.0,3.0,0.09185586535436917,0.006776813964236209,0.0,0.0003811556639731249,-1.0,13.0,121.0,10.0,0.0,6.0,0.0,11.0,119.0,40.2,49.1,43.58571428571429,44.8,8.899999999999999,0.06423454302659508,0.008590778200433613,0.0,-0.010588504345174618,-1.0,49.1,87.0,40.2,137.0,0.0,-1.0,44.8,34.0,3.0,1.0,1.0,1.0,1.0,1.0,1.0,1.0,1.0,1.0,1.0,1.0,1.0,1.0,1.0,2.0,1.0,27.0,189.0,1.0,1.0,27.0,1.0,189.0,0.0,-1.0,0.0,-1.0,0.0,-1.0,0.0,-1.0,0.0,-1.0,0.0,-1.0,0.0,-1.0,0.0,-1.0,4.0,0.0,27.0,27.0,13.0,121.0,3.0,0.0,-1.0,0.0,1.0,0.0,240.0,3.0,6.03,12.09,12.97,120.0,6.06,1.0049751243781093,0.0,240.0,3.0,140.8,139.9,140.8,0.0,-0.9000000000000057,-0.006392045454545494,0.0,240.0,3.0,4.54,4.55,5.39,120.0,0.009999999999999787,0.0022026431718061203,0.0,240.0,3.0,20.0,21.9,21.9,240.0,1.8999999999999986,0.09499999999999993,0.0,240.0,3.0,67.8,61.7,84.2,120.0,-6.099999999999994,-0.08997050147492618,0.0,240.0,3.0,7.313,7.328,7.342,120.0,0.015000000000000568,0.002051141802270008,0.0,240.0,3.0,0.106,0.135,0.149,120.0,0.029000000000000012,0.27358490566037746,0.0,240.0,3.0,4.25,5.9,5.9,240.0,1.6500000000000004,0.3882352941176471,0.0,240.0,3.0,1030.5,795.1,1030.5,0.0,-235.39999999999998,-0.2284327996118389,0.0,240.0,3.0,37.2,23.1,37.2,0.0,-14.100000000000001,-0.3790322580645161,0.0,240.0,3.0,4.75,6.32,9.44,120.0,1.5700000000000003,0.3305263157894737,0.0,240.0,3.0,129.9,119.7,129.9,0.0,-10.200000000000003,-0.07852193995381064,0.0,240.0,3.0,303.5,300.7,305.2,120.0,-2.8000000000000114,-0.009225700164744683,1.0
E001865,3,2,0,1,65,9.0,89.4,126.7,106.36666666666666,102.8,37.3,0.11628434249816304,-0.12769259190836885,-0.2048710601719196,-0.02499407723288314,1.0,126.7,0.0,89.4,177.0,0.0,-1.0,102.8,-1.0,13.8,24.6,18.311111111111114,17.0,10.8,0.208248678876354,-0.0026240839953199104,0.10205348615090738,0.009239516702203257,-1.0,24.6,177.0,13.8,151.0,1.0,177.0,17.0,63.0,86.9,126.9,114.65555555555554,117.6,40.0,0.10708038015317951,0.0012639325081592572,-0.15706781279847165,0.1854418384269128,1.0,126.9,177.0,86.9,127.0,1.0,127.0,117.6,6.0,62.2,84.9,75.42222222222223,81.5,22.700000000000003,0.08443282302658331,0.010729570786378439,-0.030133715377268222,0.1312485193082207,1.0,84.9,162.0,62.2,133.0,0.0,-1.0,81.5,18.0,94.9,97.2,96.16666666666667,96.5,2.299999999999997,0.008173189686344262,0.006609089229632412,0.0008118433619863867,0.0048922056384743265,1.0,97.2,162.0,94.9,51.0,0.0,-1.0,96.5,-1.0,36.61,37.54,37.327777777777776,37.5,0.9299999999999997,0.007256639145559152,-0.0009561087505388578,0.0018720152817576353,-0.000567401089789166,1.0,37.54,127.0,36.61,177.0,0.0,-1.0,37.5,63.0,12.0,14.0,13.11111111111111,13.0,2.0,0.056213979497549145,-0.0014625284808177784,-0.013371537726838563,0.005922767116796967,1.0,14.0,0.0,12.0,51.0,2.0,51.0,13.0,9.0,30.5,46.0,37.77777777777778,41.5,15.5,0.11540810691571243,-0.016705924010099172,-0.1757879656160457,0.01805259417199707,1.0,46.0,0.0,30.5,162.0,0.0,-1.0,41.5,78.0,3.0,1.0,1.0,1.0,1.0,1.0,1.0,1.0,1.0,1.0,1.0,1.0,1.0,1.0,1.0,2.0,1.0,76.0,108.0,0.0,1.0,76.0,1.0,108.0,0.0,-1.0,0.0,-1.0,0.0,-1.0,0.0,-1.0,0.0,-1.0,0.0,-1.0,0.0,-1.0,0.0,-1.0,4.0,0.0,76.0,,4.0,63.0,5.0,51.0,240.0,0.0,0.0,0.0,240.0,3.0,4.19,5.2,6.91,120.0,1.0099999999999998,0.24105011933174217,0.0,240.0,3.0,137.1,136.6,142.5,120.0,-0.5,-0.0036469730123997084,0.0,240.0,3.0,4.26,4.67,4.67,240.0,0.41000000000000014,0.0962441314553991,0.0,240.0,3.0,21.7,20.7,21.7,0.0,-1.0,-0.04608294930875576,0.0,240.0,3.0,35.1,42.6,67.7,120.0,7.5,0.21367521367521367,0.0,240.0,3.0,7.374,7.318,7.374,0.0,-0.05600000000000005,-0.007594250067805812,0.0,240.0,3.0,0.073,0.016,0.073,0.0,-0.056999999999999995,-0.7808219178082192,0.0,240.0,3.0,3.31,2.88,3.31,0.0,-0.43000000000000016,-0.12990936555891244,0.0,240.0,3.0,323.7,415.3,499.6,120.0,91.60000000000002,0.28297806611059634,0.0,240.0,3.0,16.8,12.7,24.4,120.0,-4.100000000000001,-0.24404761904761912,0.0,240.0,3.0,7.33,4.5,7.33,0.0,-2.83,-0.3860845839017735,0.0,240.0,3.0,116.1,103.0,116.1,0.0,-13.099999999999994,-0.11283376399655465,0.0,240.0,3.0,301.4,283.7,301.4,0.0,-17.69999999999999,-0.05872594558725942,1.0
E002061,4,3,0,0,74,9.0,68.1,91.8,80.45555555555556,90.1,23.700000000000003,0.10210154020237563,0.03109527066757869,-3.330812188904602e-16,-0.024605747168299576,1.0,91.8,180.0,68.1,202.0,0.0,-1.0,88.0,22.0,11.3,19.3,14.788888888888888,12.0,8.0,0.1847806783218768,-0.02823259051253434,-0.051666666666666715,-0.034992897985941684,-1.0,19.3,0.0,11.3,202.0,0.0,-1.0,13.9,23.0,120.7,138.6,131.31111111111113,138.4,17.89999999999999,0.04290508254785951,0.009324861096110573,-0.05999999999999997,-0.0021952507557270245,1.0,138.6,206.0,120.7,202.0,0.0,-1.0,133.75,4.0,59.4,89.1,78.71111111111112,80.5,29.699999999999996,0.10195539717289227,-0.004609329061213646,0.1416666666666665,-0.017839713005790826,-1.0,89.1,202.0,59.4,206.0,0.0,-1.0,81.45,19.0,94.9,99.1,97.47777777777779,97.7,4.199999999999989,0.012580884295377024,-0.005496753909109497,-0.003333333333333398,-0.00866718869505076,1.0,99.1,167.0,94.9,225.0,0.0,-1.0,96.30000000000001,15.0,36.49,37.09,36.870000000000005,36.84,0.6000000000000014,0.00499293057462583,-0.000938906289376129,0.0008333333333333142,-0.0009275412463123573,-1.0,37.09,180.0,36.49,202.0,0.0,-1.0,36.915000000000006,4.0,14.0,15.0,14.444444444444445,14.0,1.0,0.034401045807689073,0.0010860304088514488,0.016666666666666635,0.0030411188403685245,-1.0,15.0,60.0,14.0,0.0,0.0,-1.0,14.5,25.0,33.4,41.3,37.74444444444444,33.4,7.899999999999999,0.06651235518219019,-0.008162628553599517,0.07499999999999993,-0.037395746075682065,-1.0,41.3,180.0,33.4,240.0,0.0,-1.0,35.9,22.0,2.0,1.0,1.0,1.0,1.0,1.0,1.0,1.0,1.0,1.0,1.0,1.0,1.0,1.0,1.0,1.0,1.0,84.0,84.0,0.0,1.0,84.0,0.0,-1.0,0.0,-1.0,0.0,-1.0,0.0,-1.0,0.0,-1.0,0.0,-1.0,0.0,-1.0,0.0,-1.0,0.0,-1.0,4.0,0.0,-36.0,,0.0,0.0,5.0,0.0,180.0,1.0,0.0,120.0,240.0,2.0,9.17,3.28,9.17,120.0,-5.890000000000001,-0.6423118865866958,120.0,240.0,2.0,141.1,139.0,141.1,120.0,-2.0999999999999943,-0.014883061658398259,120.0,240.0,2.0,3.52,4.17,4.17,240.0,0.6499999999999999,0.18465909090909088,120.0,240.0,2.0,24.2,22.6,24.2,120.0,-1.5999999999999979,-0.06611570247933876,120.0,240.0,2.0,21.4,30.8,30.8,240.0,9.400000000000002,0.43925233644859824,120.0,240.0,2.0,7.391,7.392,7.392,240.0,0.001000000000000334,0.00013529968881076092,120.0,240.0,2.0,0.0,0.0,0.0,120.0,0.0,0.0,120.0,240.0,2.0,2.33,1.56,2.33,120.0,-0.77,-0.33047210300429186,120.0,240.0,2.0,232.7,325.2,325.2,240.0,92.5,0.3975075204125484,120.0,240.0,2.0,4.5,1.0,4.5,120.0,-3.5,-0.7777777777777778,120.0,240.0,2.0,0.1,0.1,0.1,120.0,0.0,0.0,120.0,240.0,2.0,97.0,99.0,99.0,240.0,2.0,0.020618556701030927,120.0,240.0,2.0,294.5,300.0,300.0,240.0,5.5,0.01867572156196944,1.0
E000022,3,2,0,1,65,8.0,80.1,104.8,94.35,86.6,24.700000000000003,0.09285782481314352,-0.028056280130783626,0.0,-0.041889444768423115,1.0,104.8,118.0,80.1,92.0,0.0,-1.0,88.3,22.0,16.3,23.4,19.112499999999997,18.5,7.099999999999998,0.11732911023379373,-0.020998353750535978,0.0,-0.00863156440870445,1.0,23.4,0.0,16.3,118.0,0.0,-1.0,17.8,23.0,108.3,135.4,123.525,122.9,27.10000000000001,0.07363008846909286,0.055613121557358314,0.0,0.04238436512077615,-1.0,135.4,114.0,108.3,92.0,0.0,-1.0,126.7,13.0,62.1,85.5,73.15,74.5,23.4,0.10908414213504727,0.0010093505660413711,0.0,-0.034483287805776426,-1.0,85.5,118.0,62.1,114.0,0.0,-1.0,69.95,9.0,94.8,97.3,96.1125,94.8,2.5,0.009076934548791379,0.0006548996376939746,0.0,-0.0011670912495012667,-1.0,97.3,215.0,94.8,240.0,0.0,-1.0,96.05,25.0,36.82,37.54,37.11,36.88,0.7199999999999989,0.00636683230973356,-0.0019516729232873743,0.0,-0.0005491697615174185,1.0,37.54,0.0,36.82,141.0,0.0,-1.0,37.05,74.0,13.0,15.0,13.625,13.0,2.0,0.05108040699844056,-0.004277630317173066,0.0,-0.00576256100181086,1.0,15.0,118.0,13.0,92.0,0.0,-1.0,13.0,22.0,35.7,41.3,38.6375,37.2,5.599999999999994,0.047263809929285444,0.0033654837453319865,0.0,-0.016695313219360956,-1.0,41.3,114.0,35.7,0.0,0.0,-1.0,38.150000000000006,13.0,1.0,1.0,1.0,1.0,1.0,1.0,1.0,1.0,1.0,1.0,1.0,1.0,1.0,1.0,1.0,1.0,1.0,94.0,94.0,0.0,0.0,-1.0,1.0,94.0,0.0,-1.0,0.0,-1.0,0.0,-1.0,0.0,-1.0,0.0,-1.0,0.0,-1.0,0.0,-1.0,0.0,-1.0,2.0,0.0,-26.0,,0.0,0.0,4.0,92.0,215.0,1.0,0.0,120.0,120.0,1.0,7.58,7.58,7.58,120.0,0.0,0.0,120.0,120.0,1.0,136.5,136.5,136.5,120.0,0.0,0.0,120.0,120.0,1.0,3.86,3.86,3.86,120.0,0.0,0.0,120.0,120.0,1.0,23.4,23.4,23.4,120.0,0.0,0.0,120.0,120.0,1.0,50.4,50.4,50.4,120.0,0.0,0.0,120.0,120.0,1.0,7.355,7.355,7.355,120.0,0.0,0.0,120.0,120.0,1.0,0.048,0.048,0.048,120.0,0.0,0.0,120.0,120.0,1.0,1.93,1.93,1.93,120.0,0.0,0.0,120.0,120.0,1.0,261.0,261.0,261.0,120.0,0.0,0.0,120.0,120.0,1.0,18.7,18.7,18.7,120.0,0.0,0.0,120.0,120.0,1.0,2.99,2.99,2.99,120.0,0.0,0.0,120.0,120.0,1.0,86.9,86.9,86.9,120.0,0.0,0.0,120.0,120.0,1.0,291.4,291.4,291.4,120.0,0.0,0.0,1.0
E000880,2,1,0,1,43,7.0,74.4,103.5,83.47142857142856,74.5,29.099999999999994,0.10934649571734871,-0.02455362602421408,0.0,-0.031580090969667116,1.0,103.5,187.0,74.4,227.0,0.0,-1.0,74.45,40.0,11.1,17.0,13.471428571428572,13.1,5.9,0.13098110419210615,0.005712363947658098,0.0,-0.005542196598777441,-1.0,17.0,99.0,11.1,0.0,0.0,-1.0,13.649999999999999,88.0,112.6,137.1,125.31428571428572,134.8,24.5,0.07409923182132253,-0.05232145040968566,0.0,-0.05574644378132501,1.0,137.1,99.0,112.6,227.0,0.0,-1.0,123.7,13.0,75.4,86.7,79.77142857142857,76.2,11.299999999999997,0.051275339831862124,-0.009705270881741264,0.0,0.03037488773647767,1.0,86.7,0.0,75.4,99.0,0.0,-1.0,80.1,88.0,96.2,98.7,97.37142857142858,97.7,2.5,0.0073180539397534805,-0.0016968325791851787,0.0,-0.002516151461598878,1.0,98.7,99.0,96.2,173.0,0.0,-1.0,97.35,14.0,36.73,37.19,36.864285714285714,36.79,0.46000000000000085,0.003819400372899398,0.0002320533202887153,0.0,0.0003679346409014882,1.0,37.19,187.0,36.73,72.0,0.0,-1.0,36.78,40.0,14.0,15.0,14.714285714285714,15.0,1.0,0.030701724856003688,0.0012443438914027545,0.0,-0.0026363820726019375,0.0,15.0,72.0,14.0,0.0,0.0,-1.0,14.5,155.0,30.0,41.0,35.614285714285714,36.5,11.0,0.0890005395287634,0.00509447230035471,0.0,0.02542080713851137,1.0,41.0,187.0,30.0,72.0,0.0,-1.0,35.3,27.0,1.0,1.0,1.0,1.0,1.0,1.0,1.0,1.0,1.0,1.0,1.0,1.0,1.0,1.0,1.0,1.0,1.0,67.0,67.0,0.0,0.0,-1.0,1.0,67.0,0.0,-1.0,0.0,-1.0,0.0,-1.0,0.0,-1.0,0.0,-1.0,0.0,-1.0,0.0,-1.0,0.0,-1.0,2.0,0.0,-53.0,,0.0,0.0,5.0,0.0,187.0,1.0,0.0,120.0,120.0,1.0,9.11,9.11,9.11,120.0,0.0,0.0,120.0,120.0,1.0,133.0,133.0,133.0,120.0,0.0,0.0,120.0,120.0,1.0,3.9,3.9,3.9,120.0,0.0,0.0,120.0,120.0,1.0,25.7,25.7,25.7,120.0,0.0,0.0,120.0,120.0,1.0,37.9,37.9,37.9,120.0,0.0,0.0,120.0,120.0,1.0,7.398,7.398,7.398,120.0,0.0,0.0,120.0,120.0,1.0,0.014,0.014,0.014,120.0,0.0,0.0,120.0,120.0,1.0,1.16,1.16,1.16,120.0,0.0,0.0,120.0,120.0,1.0,183.6,183.6,183.6,120.0,0.0,0.0,120.0,120.0,1.0,12.2,12.2,12.2,120.0,0.0,0.0,120.0,120.0,1.0,4.3,4.3,4.3,120.0,0.0,0.0,120.0,120.0,1.0,82.1,82.1,82.1,120.0,0.0,0.0,120.0,120.0,1.0,288.6,288.6,288.6,120.0,0.0,0.0,1.0
E002101,2,1,0,1,43,9.0,85.0,114.2,100.1888888888889,99.7,29.200000000000003,0.09999477948034824,-0.08106897631724784,-0.12649880095923371,0.024719314636811242,1.0,114.2,0.0,85.0,126.0,0.0,-1.0,99.7,18.0,15.1,25.6,20.011111111111113,19.7,10.500000000000002,0.14472683291008256,-0.0032825788421230843,0.16043165467625867,0.02509461749196344,-1.0,25.6,30.0,15.1,110.0,1.0,30.0,19.7,80.0,109.5,135.7,122.3111111111111,109.5,26.19999999999999,0.08420614156377516,-0.0016780302117716972,0.5484412470023956,-0.10884891288856513,-1.0,135.7,39.0,109.5,240.0,0.0,-1.0,109.5,71.0,66.2,87.3,77.89999999999999,68.3,21.099999999999994,0.09554133211662613,0.02668321006095328,-0.01079136690647584,-0.13399262062740497,-1.0,87.3,110.0,66.2,39.0,0.0,-1.0,68.3,130.0,93.0,97.1,94.86666666666666,94.8,4.099999999999994,0.013240649108514944,0.005348495434504701,-0.05191846522781953,-0.006269299593025826,1.0,97.1,144.0,93.0,30.0,0.0,-1.0,94.8,80.0,36.92,37.65,37.337777777777774,37.47,0.7299999999999969,0.006330072991457365,-0.0018201267256126418,0.00028776978417217457,0.001479516698601774,1.0,37.65,39.0,36.92,142.0,0.0,-1.0,37.47,98.0,12.0,14.0,12.666666666666666,14.0,2.0,0.05263157894736842,0.002985038668176415,-0.019184652278177703,0.014600389554862333,1.0,14.0,240.0,12.0,39.0,4.0,39.0,14.0,87.0,35.3,43.2,39.577777777777776,43.1,7.900000000000006,0.07460957034914042,0.003390753366901956,0.18117505995203761,0.052692837574625166,-1.0,43.2,39.0,35.3,110.0,0.0,-1.0,43.1,71.0,2.0,1.0,1.0,1.0,1.0,1.0,1.0,1.0,1.0,1.0,1.0,1.0,1.0,1.0,1.0,3.0,1.0,15.0,229.0,2.0,0.0,-1.0,1.0,229.0,0.0,-1.0,0.0,-1.0,1.0,28.0,0.0,-1.0,0.0,-1.0,0.0,-1.0,0.0,-1.0,0.0,-1.0,3.0,0.0,-105.0,,5.0,87.0,5.0,39.0,240.0,0.0,0.0,120.0,240.0,2.0,9.66,9.35,9.66,120.0,-0.3100000000000005,-0.032091097308488664,120.0,240.0,2.0,141.4,140.7,141.4,120.0,-0.700000000000017,-0.004950495049505071,120.0,240.0,2.0,4.34,3.98,4.34,120.0,-0.3599999999999999,-0.08294930875576034,120.0,240.0,2.0,20.7,20.9,20.9,240.0,0.1999999999999993,0.009661835748792237,120.0,240.0,2.0,25.5,40.4,40.4,240.0,14.899999999999999,0.584313725490196,120.0,240.0,2.0,7.315,7.385,7.385,240.0,0.0699999999999994,0.009569377990430538,120.0,240.0,2.0,0.08,0.056,0.08,120.0,-0.024,-0.3,120.0,240.0,2.0,2.83,2.79,2.83,120.0,-0.040000000000000036,-0.01413427561837457,120.0,240.0,2.0,577.4,370.4,577.4,120.0,-207.0,-0.3585036369934188,120.0,240.0,2.0,9.6,10.1,10.1,240.0,0.5,0.052083333333333336,120.0,240.0,2.0,3.75,1.21,3.75,120.0,-2.54,-0.6773333333333333,120.0,240.0,2.0,116.1,104.4,116.1,120.0,-11.699999999999989,-0.10077519379844951,120.0,240.0,2.0,297.6,287.4,297.6,120.0,-10.200000000000045,-0.03427419354838725,1.0
E001305,4,3,0,0,74,9.0,63.6,78.2,69.60000000000001,66.0,14.600000000000001,0.062050189913646574,-0.020656532294371005,0.07674418604651118,-0.025165572859566998,-1.0,78.2,111.0,63.6,110.0,0.0,-1.0,68.7,11.0,9.5,18.2,13.51111111111111,12.8,8.7,0.20351583165121817,-0.024934679160022444,-0.08372093023255812,-0.02101010707795815,1.0,18.2,0.0,9.5,204.0,0.0,-1.0,12.65,-1.0,107.1,139.3,123.17777777777776,123.1,32.20000000000002,0.0726205507308985,0.005801458306159826,-0.28604651162790706,-0.02084490966705209,1.0,139.3,122.0,107.1,153.0,0.0,-1.0,123.69999999999999,51.0,65.9,89.0,75.5111111111111,74.3,23.099999999999994,0.09384322763551382,-0.00010707989548693245,0.13255813953488363,0.07178728580653887,-1.0,89.0,204.0,65.9,153.0,0.0,-1.0,75.55,51.0,95.6,99.6,96.95555555555556,95.6,4.0,0.012330027647318598,-0.006436995367585022,-0.08372093023255821,-0.0008980731974708813,1.0,99.6,0.0,95.6,240.0,0.0,-1.0,96.75,-1.0,36.54,36.98,36.76888888888889,36.81,0.4399999999999977,0.004260741383298568,-0.0013159677371852134,-0.00046511627906983176,-0.0005576163515401003,1.0,36.98,0.0,36.54,228.0,0.0,-1.0,36.675,12.0,14.0,15.0,14.444444444444445,14.0,1.0,0.034401045807689073,-0.004964804584450105,-1.8883366444115286e-17,-0.0052938261222160304,0.0,15.0,0.0,14.0,110.0,0.0,-1.0,14.0,1.0,31.5,39.3,35.977777777777774,32.4,7.799999999999997,0.07549425693877637,-0.017816285400529455,-0.009302325581395293,-0.02269211707991048,-1.0,39.3,122.0,31.5,111.0,0.0,-1.0,33.45,11.0,1.0,1.0,1.0,1.0,1.0,1.0,1.0,1.0,1.0,1.0,1.0,1.0,1.0,1.0,1.0,3.0,1.0,81.0,162.0,0.0,1.0,81.0,1.0,162.0,0.0,-1.0,0.0,-1.0,1.0,139.0,0.0,-1.0,0.0,-1.0,0.0,-1.0,0.0,-1.0,0.0,-1.0,4.0,0.0,81.0,,0.0,0.0,5.0,110.0,204.0,1.0,0.0,0.0,0.0,1.0,3.49,3.49,3.49,0.0,0.0,0.0,0.0,0.0,1.0,140.1,140.1,140.1,0.0,0.0,0.0,0.0,0.0,1.0,3.59,3.59,3.59,0.0,0.0,0.0,0.0,0.0,1.0,22.5,22.5,22.5,0.0,0.0,0.0,0.0,0.0,1.0,8.0,8.0,8.0,0.0,0.0,0.0,0.0,0.0,1.0,7.387,7.387,7.387,0.0,0.0,0.0,0.0,0.0,1.0,0.008,0.008,0.008,0.0,0.0,0.0,0.0,0.0,1.0,1.26,1.26,1.26,0.0,0.0,0.0,0.0,0.0,1.0,280.6,280.6,280.6,0.0,0.0,0.0,0.0,0.0,1.0,12.1,12.1,12.1,0.0,0.0,0.0,0.0,0.0,1.0,3.16,3.16,3.16,0.0,0.0,0.0,0.0,0.0,1.0,83.7,83.7,83.7,0.0,0.0,0.0,0.0,0.0,1.0,282.5,282.5,282.5,0.0,0.0,0.0,1.0
E001072,3,2,0,1,65,7.0,65.9,88.4,80.54285714285716,78.2,22.5,0.08663580328376017,-0.05533135150812064,-0.21379310344827632,-0.053905597824790784,1.0,88.4,0.0,65.9,150.0,0.0,-1.0,78.2,90.0,9.7,20.2,13.1,14.9,10.5,0.24664876979242006,0.0023372244779582643,-0.0034482758620690748,-0.017472034727025555,1.0,20.2,63.0,9.7,127.0,0.0,-1.0,14.9,53.0,117.0,136.0,124.07142857142857,124.9,19.0,0.04473818709652256,0.014787558004640409,-0.14137931034482815,0.0022813461492595345,1.0,136.0,127.0,117.0,116.0,0.0,-1.0,124.9,23.0,66.2,89.1,76.67142857142858,80.1,22.89999999999999,0.09089509747639403,0.05914914443155433,-0.24482758620689649,0.042189996899372695,-1.0,89.1,150.0,66.2,29.0,0.0,-1.0,80.1,90.0,95.0,99.6,97.15714285714286,97.9,4.599999999999994,0.013361790692940825,0.0050822940835267925,-0.006896551724138123,0.011264817420755054,-1.0,99.6,150.0,95.0,127.0,0.0,-1.0,97.9,90.0,36.32,36.8,36.62571428571429,36.59,0.4799999999999969,0.0043289837609718365,0.0003706859048723382,-0.014482758620690041,-0.00018925751902118917,1.0,36.8,150.0,36.32,29.0,0.0,-1.0,36.59,34.0,14.0,15.0,14.428571428571429,15.0,1.0,0.034298035793443114,0.001428364269141546,-0.034482758620689696,0.005282991866816136,1.0,15.0,0.0,14.0,29.0,0.0,-1.0,15.0,98.0,31.1,42.6,35.785714285714285,41.5,11.5,0.12379884522509657,0.027469547563805107,-0.10000000000000009,0.018932907195840353,1.0,42.6,116.0,31.1,29.0,0.0,-1.0,41.5,11.0,0.0,0.0,0.0,0.0,0.0,0.0,0.0,0.0,0.0,0.0,0.0,0.0,0.0,0.0,0.0,1.0,1.0,22.0,22.0,1.0,0.0,-1.0,0.0,-1.0,0.0,-1.0,0.0,-1.0,0.0,-1.0,0.0,-1.0,0.0,-1.0,0.0,-1.0,0.0,-1.0,0.0,-1.0,0.0,0.0,,,0.0,0.0,5.0,29.0,240.0,0.0,0.0,,,,,,,,,,,,,,,,,,,,,,,,,,,,,,,,,,,,,,,,,,,,,,,,,,,,,,,,,,,,,,,,,,,,,,,,,,,,,,,,,,,,,,,,,,,,,,,,,,,,,,,,,,,,,,,,,,,,,,
E002047,4,3,0,0,74,8.0,70.9,98.7,82.36250000000001,83.3,27.799999999999997,0.09893406010775485,-0.028911684332560576,0.5933333333333325,0.03452702702702703,-1.0,98.7,30.0,70.9,193.0,0.0,-1.0,83.3,42.0,12.7,17.9,14.875,17.9,5.199999999999999,0.10188534162169864,0.00366222259026167,-0.06000000000000007,0.015741063644289403,1.0,17.9,240.0,12.7,152.0,0.0,-1.0,17.9,3.0,105.4,131.4,119.1875,120.9,26.0,0.0591184127909088,0.054083512752566745,-0.42666666666666736,0.04103748910200506,1.0,131.4,193.0,105.4,30.0,0.0,-1.0,120.9,47.0,70.7,83.2,74.85,79.4,12.5,0.0551496791998672,-0.0046538588936734125,-0.3800000000000002,0.04754141238012205,1.0,83.2,0.0,70.7,162.0,0.0,-1.0,79.4,78.0,95.5,99.1,97.225,97.0,3.5999999999999943,0.01066105036854094,0.0006003643590592473,0.11999999999999988,-0.00018962510898023064,-1.0,99.1,30.0,95.5,0.0,0.0,-1.0,97.0,122.0,36.52,37.05,36.795,37.05,0.529999999999994,0.005447398356523268,0.00040472838688301643,0.011999999999999794,0.0023703138622492275,1.0,37.05,30.0,36.52,72.0,0.0,-1.0,37.05,42.0,13.0,15.0,14.375,14.0,2.0,0.04841534228547845,0.0021426796952633415,-0.06666666666666672,0.0015039232781168077,1.0,15.0,0.0,13.0,30.0,0.0,-1.0,14.0,42.0,29.9,39.7,34.6625,38.3,9.800000000000004,0.09154855279197883,0.005700356078171446,-0.020000000000000337,-0.00573234524847445,1.0,39.7,72.0,29.9,155.0,1.0,155.0,38.3,80.0,0.0,0.0,0.0,0.0,0.0,0.0,0.0,0.0,0.0,0.0,0.0,0.0,0.0,0.0,0.0,1.0,1.0,179.0,179.0,0.0,1.0,179.0,0.0,-1.0,0.0,-1.0,0.0,-1.0,0.0,-1.0,0.0,-1.0,0.0,-1.0,0.0,-1.0,0.0,-1.0,0.0,-1.0,4.0,0.0,,,1.0,7.0,6.0,30.0,193.0,1.0,0.0,,,,,,,,,,,,,,,,,,,,,,,,,,,,,,,,,,,,,,,,,,,,,,,,,,,,,,,,,,,,,,,,,,,,,,,,,,,,,,,,,,,,,,,,,,,,,,,,,,,,,,,,,,,,,,,,,,,,,,
E001245,2,1,0,1,43,7.0,92.9,117.9,103.47142857142856,117.9,25.0,0.07819586757311943,0.03708667183803643,-0.006410256410256206,0.3149184975194895,1.0,117.9,240.0,92.9,30.0,0.0,-1.0,112.95,-1.0,14.2,19.8,17.228571428571428,14.2,5.600000000000001,0.0960641422750299,-0.006586269531155907,0.0012820512820514284,-0.07413182140326029,-1.0,19.8,179.0,14.2,240.0,0.0,-1.0,15.1,-1.0,125.6,143.7,133.45714285714288,125.6,18.099999999999994,0.04822043508237524,-0.026104898507851394,0.0820512820512825,-0.19124734231041943,1.0,143.7,42.0,125.6,240.0,0.0,-1.0,126.89999999999999,-1.0,70.0,80.8,76.1857142857143,80.8,10.799999999999997,0.04805058699792203,0.014156384152481416,-0.1025641025641018,0.040822111977320795,1.0,80.8,240.0,70.0,42.0,0.0,-1.0,77.8,136.0,94.9,97.7,96.52857142857144,95.5,2.799999999999997,0.011331019530887049,0.005131942202714163,0.051923076923077904,-0.023281360737066305,-1.0,97.7,178.0,94.9,0.0,0.0,-1.0,96.55,62.0,36.73,37.43,37.06285714285714,36.73,0.7000000000000028,0.006787126374006986,-0.0016576007092164863,-0.008589743589743353,-0.005102763997165349,1.0,37.43,0.0,36.73,240.0,0.0,-1.0,36.834999999999994,-1.0,12.0,15.0,13.571428571428571,15.0,3.0,0.07735230766683722,0.008727891189238415,-0.006410256410256273,0.012402551381998562,1.0,15.0,178.0,12.0,30.0,1.0,30.0,14.5,1.0,34.7,40.2,38.07142857142857,37.6,5.5,0.045553532737160986,-0.006459073104219204,1.1915808581058778e-16,0.0036853295535079103,-1.0,40.2,30.0,34.7,178.0,0.0,-1.0,37.6,1.0,2.0,1.0,1.0,1.0,1.0,1.0,1.0,1.0,1.0,1.0,1.0,1.0,1.0,1.0,1.0,1.0,1.0,72.0,72.0,0.0,1.0,72.0,0.0,-1.0,0.0,-1.0,0.0,-1.0,0.0,-1.0,0.0,-1.0,0.0,-1.0,0.0,-1.0,0.0,-1.0,0.0,-1.0,4.0,0.0,72.0,,1.0,12.0,3.0,30.0,219.0,1.0,0.0,0.0,120.0,2.0,4.9,11.73,11.73,120.0,6.83,1.393877551020408,0.0,120.0,2.0,138.5,140.1,140.1,120.0,1.5999999999999943,0.011552346570397071,0.0,120.0,2.0,3.75,3.82,3.82,120.0,0.06999999999999984,0.018666666666666623,0.0,120.0,2.0,22.7,23.4,23.4,120.0,0.6999999999999993,0.030837004405286313,0.0,120.0,2.0,35.3,14.3,35.3,0.0,-20.999999999999996,-0.5949008498583569,0.0,120.0,2.0,7.382,7.396,7.396,120.0,0.014000000000000234,0.0018965050121918497,0.0,120.0,2.0,0.026,0.009,0.026,0.0,-0.017,-0.653846153846154,0.0,120.0,2.0,2.29,1.86,2.29,0.0,-0.42999999999999994,-0.1877729257641921,0.0,120.0,2.0,457.8,372.3,457.8,0.0,-85.5,-0.18676277850589776,0.0,120.0,2.0,14.5,10.6,14.5,0.0,-3.9000000000000004,-0.26896551724137935,0.0,120.0,2.0,8.96,5.06,8.96,0.0,-3.9000000000000012,-0.43526785714285726,0.0,120.0,2.0,125.7,69.2,125.7,0.0,-56.5,-0.4494828957836118,0.0,120.0,2.0,283.3,288.8,288.8,120.0,5.5,0.01941404871161313,1.0
E000383,2,1,0,1,43,6.0,64.3,95.4,74.55000000000001,69.4,31.10000000000001,0.13679407336788152,-0.05538442460317482,0.8235294117647055,-0.05874263261296641,-1.0,95.4,34.0,64.3,184.0,0.0,-1.0,69.4,69.0,10.8,17.7,14.283333333333331,13.1,6.899999999999999,0.1661415233791229,0.010915178571428551,0.047058823529411715,-0.025978540123923193,-1.0,17.7,105.0,10.8,0.0,0.0,-1.0,13.1,135.0,115.6,135.1,125.15000000000002,128.7,19.5,0.04894575468461906,-0.008625992063492178,-0.05000000000000047,-0.017704397763336526,1.0,135.1,105.0,115.6,184.0,0.0,-1.0,128.7,56.0,65.3,84.7,75.43333333333334,80.4,19.400000000000006,0.08702005399195754,0.0409350198412697,0.19117647058823506,-0.030308296811243644,1.0,84.7,105.0,65.3,0.0,0.0,-1.0,80.4,79.0,96.4,98.5,97.38333333333333,97.5,2.0999999999999943,0.008072891607099604,0.003489583333333094,0.0499999999999996,0.007737645458667318,-1.0,98.5,184.0,96.4,103.0,0.0,-1.0,97.5,56.0,36.56,36.92,36.71333333333333,36.92,0.35999999999999943,0.0034008209188901442,0.0003754960317460069,0.0011764705882350783,0.0012346985038538165,1.0,36.92,240.0,36.56,184.0,0.0,-1.0,36.92,-1.0,13.0,15.0,14.333333333333334,15.0,2.0,0.052001580872088136,0.0038442460317459986,0.058823529411764636,0.0020401994861720084,-1.0,15.0,34.0,13.0,0.0,0.0,-1.0,15.0,71.0,29.8,40.7,34.85,29.8,10.900000000000002,0.11059760611935071,-0.03537946428571432,0.1088235294117646,-0.027308447937131514,-1.0,40.7,34.0,29.8,240.0,1.0,240.0,29.8,-1.0,0.0,0.0,0.0,0.0,0.0,0.0,0.0,0.0,0.0,0.0,0.0,0.0,0.0,0.0,0.0,1.0,1.0,126.0,126.0,0.0,0.0,-1.0,0.0,-1.0,0.0,-1.0,0.0,-1.0,1.0,126.0,0.0,-1.0,0.0,-1.0,0.0,-1.0,0.0,-1.0,0.0,-1.0,3.0,0.0,,,1.0,0.0,4.0,0.0,184.0,1.0,0.0,,,,,,,,,,,,,,,,,,,,,,,,,,,,,,,,,,,,,,,,,,,,,,,,,,,,,,,,,,,,,,,,,,,,,,,,,,,,,,,,,,,,,,,,,,,,,,,,,,,,,,,,,,,,,,,,,,,,,,
E002159,4,3,0,0,74,8.0,72.8,94.7,86.8,86.4,21.900000000000006,0.08226645454120832,-0.01231203739774066,-0.18249185667752474,0.03020715326104554,1.0,94.7,128.0,72.8,103.0,0.0,-1.0,86.4,25.0,11.3,17.9,14.45,11.3,6.599999999999998,0.1563998530102356,-0.012399688352162071,0.037133550488599384,-0.05224146301990607,-1.0,17.9,103.0,11.3,240.0,0.0,-1.0,11.3,53.0,98.0,142.7,122.1625,116.1,44.69999999999999,0.11387774699070825,0.03364335800545378,0.0976384364820839,-0.16440362518206791,-1.0,142.7,103.0,98.0,36.0,0.0,-1.0,116.1,25.0,65.5,89.4,80.0125,76.5,23.900000000000006,0.0832398031834238,-0.029268601480327408,-0.10065146579804637,-0.05648163133193045,1.0,89.4,128.0,65.5,156.0,0.0,-1.0,76.5,47.0,95.8,98.6,97.4375,97.8,2.799999999999997,0.008975532597671207,-0.00043922867160099243,-0.0537459283387619,0.00043696391001784847,1.0,98.6,0.0,95.8,36.0,0.0,-1.0,97.8,67.0,36.47,37.29,36.73375,36.85,0.8200000000000003,0.006544745799431306,-0.0002747370471367296,-0.02232899022801275,0.001593299886713156,1.0,37.29,0.0,36.47,36.0,0.0,-1.0,36.85,-1.0,13.0,15.0,14.5,15.0,2.0,0.048765984909417075,0.0007985975847292433,0.028501628664495116,0.007201812591034195,0.0,15.0,34.0,13.0,103.0,0.0,-1.0,15.0,69.0,33.1,38.4,36.0,38.4,5.299999999999997,0.05559026693385971,0.011977015971951688,0.060830618892508376,-0.002759346172519679,1.0,38.4,240.0,33.1,34.0,0.0,-1.0,38.4,-1.0,0.0,0.0,0.0,0.0,0.0,0.0,0.0,0.0,0.0,0.0,0.0,0.0,0.0,0.0,0.0,1.0,1.0,200.0,200.0,0.0,0.0,-1.0,1.0,200.0,0.0,-1.0,0.0,-1.0,0.0,-1.0,0.0,-1.0,0.0,-1.0,0.0,-1.0,0.0,-1.0,0.0,-1.0,2.0,0.0,,,0.0,0.0,4.0,103.0,203.0,1.0,0.0,,,,,,,,,,,,,,,,,,,,,,,,,,,,,,,,,,,,,,,,,,,,,,,,,,,,,,,,,,,,,,,,,,,,,,,,,,,,,,,,,,,,,,,,,,,,,,,,,,,,,,,,,,,,,,,,,,,,,,
E002188,0,6,1,0,41,7.0,102.2,146.8,123.71428571428571,146.8,44.60000000000001,0.1318011853680051,-0.03312325611576151,0.6451612903225797,0.07500525320445481,1.0,146.8,240.0,102.2,171.0,3.0,31.0,121.96666666666665,-1.0,25.4,34.4,28.41428571428571,26.5,9.0,0.1069531803237561,-0.025509376419440656,0.1451612903225804,-0.011823212159417274,-1.0,34.4,31.0,25.4,211.0,7.0,0.0,26.2,114.0,111.6,138.5,124.94285714285715,121.8,26.900000000000006,0.0685728648811532,-0.045567289598338986,-0.6129032258064517,-0.11328010086152528,1.0,138.5,0.0,111.6,214.0,0.0,-1.0,118.86666666666667,-1.0,66.6,88.1,74.01428571428572,67.2,21.5,0.0965261512445709,-0.01449830207860181,-0.012903225806451877,-0.16560201723051032,1.0,88.1,145.0,66.6,214.0,0.0,-1.0,71.23333333333333,26.0,90.1,93.1,91.92857142857143,92.8,3.0,0.01049382627265524,0.009886606969048015,-0.035483870967742324,0.013546263220564392,1.0,93.1,211.0,90.1,31.0,1.0,31.0,92.83333333333333,-1.0,37.83,38.54,38.128571428571426,38.13,0.7100000000000009,0.006287351656321615,-0.001374667445331256,0.009032258064516078,0.0036982559361211104,-1.0,38.54,31.0,37.83,145.0,0.0,-1.0,38.13,66.0,10.0,12.0,11.142857142857142,11.0,2.0,0.05733507634614845,0.003963619059978812,-0.032258064516129024,-0.0012957904321636321,0.0,12.0,171.0,10.0,31.0,7.0,0.0,11.333333333333334,114.0,42.5,48.4,44.442857142857136,48.4,5.899999999999999,0.04410644793068186,0.013456838189172274,-0.0064516129032259045,0.014754500245149533,1.0,48.4,240.0,42.5,211.0,0.0,-1.0,45.06666666666666,-1.0,3.0,1.0,1.0,1.0,1.0,1.0,1.0,1.0,1.0,1.0,1.0,1.0,1.0,1.0,1.0,3.0,1.0,54.0,224.0,1.0,1.0,224.0,1.0,54.0,1.0,168.0,0.0,-1.0,0.0,-1.0,0.0,-1.0,0.0,-1.0,0.0,-1.0,0.0,-1.0,0.0,-1.0,7.0,0.0,54.0,193.0,18.0,240.0,2.0,31.0,-1.0,1.0,0.0,0.0,240.0,3.0,7.34,7.37,13.14,120.0,0.03000000000000025,0.0040871934604904975,0.0,240.0,3.0,143.5,140.3,143.5,0.0,-3.1999999999999886,-0.02229965156794417,0.0,240.0,3.0,5.33,4.51,5.33,0.0,-0.8200000000000003,-0.1538461538461539,0.0,240.0,3.0,20.2,16.8,20.2,0.0,-3.3999999999999986,-0.16831683168316824,0.0,240.0,3.0,54.8,27.5,54.8,0.0,-27.299999999999997,-0.4981751824817518,0.0,240.0,3.0,7.301,7.298,7.335,120.0,-0.0030000000000001137,-0.0004109026160800046,0.0,240.0,3.0,0.2,0.104,0.2,0.0,-0.09600000000000002,-0.48000000000000004,0.0,240.0,3.0,4.09,5.33,5.33,240.0,1.2400000000000002,0.3031784841075795,0.0,240.0,3.0,1218.7,919.2,1218.7,0.0,-299.5,-0.2457536719455157,0.0,240.0,3.0,33.5,28.6,33.5,0.0,-4.899999999999999,-0.14626865671641787,0.0,240.0,3.0,4.24,8.01,8.01,240.0,3.7699999999999996,0.8891509433962262,0.0,240.0,3.0,148.7,128.5,148.7,0.0,-20.19999999999999,-0.13584398117014115,0.0,240.0,3.0,289.7,291.0,307.8,120.0,1.3000000000000114,0.004487400759406322,1.0
E001266,3,2,0,1,65,9.0,88.2,148.3,119.93333333333334,136.3,60.10000000000001,0.1524776594873488,0.04141592228382503,1.3169696969696973,0.24056220607097104,-1.0,148.3,39.0,88.2,0.0,4.0,36.0,136.3,72.0,18.2,29.2,23.544444444444444,27.3,11.0,0.15327037540727423,-0.02016554528292752,0.02363636363636366,0.017325780247969248,1.0,29.2,36.0,18.2,183.0,6.0,0.0,27.3,57.0,107.4,149.3,126.66666666666667,113.9,41.900000000000006,0.09768724473509076,0.02422244728503503,-0.5975757575757573,0.006466438648995454,-1.0,149.3,195.0,107.4,36.0,0.0,-1.0,113.9,115.0,62.3,82.9,75.74444444444444,62.3,20.60000000000001,0.08131321496371187,-0.007225198926152506,0.18636363636363673,-0.14667592988456596,-1.0,82.9,111.0,62.3,240.0,0.0,-1.0,62.3,129.0,92.2,96.2,94.8111111111111,96.0,4.0,0.014232928397387929,0.010863024869027007,-0.03575757575757468,0.007075673364685961,1.0,96.2,151.0,92.2,33.0,0.0,-1.0,96.0,3.0,37.36,38.07,37.646666666666675,37.36,0.7100000000000009,0.005850514799603954,-0.001573797227507482,1.4645015541046946e-16,-0.001067764001710015,-1.0,38.07,33.0,37.36,240.0,0.0,-1.0,37.36,-1.0,11.0,15.0,12.555555555555555,13.0,4.0,0.08488197386394195,0.005430674654741672,-0.003030303030302947,-0.00042753313381781963,1.0,15.0,151.0,11.0,39.0,5.0,0.0,13.0,32.0,37.0,45.2,40.644444444444446,38.2,8.200000000000003,0.07002416470486095,-0.028387515964359,-0.07545454545454565,-0.01667379221889696,-1.0,45.2,33.0,37.0,151.0,0.0,-1.0,38.2,-1.0,2.0,1.0,1.0,1.0,1.0,1.0,1.0,1.0,1.0,1.0,1.0,1.0,1.0,1.0,1.0,3.0,1.0,44.0,182.0,1.0,1.0,182.0,0.0,-1.0,0.0,-1.0,1.0,44.0,1.0,89.0,0.0,-1.0,0.0,-1.0,0.0,-1.0,0.0,-1.0,0.0,-1.0,5.0,0.0,44.0,146.0,15.0,151.0,2.0,39.0,183.0,1.0,0.0,0.0,120.0,2.0,14.01,15.14,15.14,120.0,1.1300000000000008,0.08065667380442547,0.0,120.0,2.0,138.8,136.4,138.8,0.0,-2.4000000000000057,-0.01729106628242079,0.0,120.0,2.0,4.43,4.7,4.7,120.0,0.27000000000000046,0.06094808126410846,0.0,120.0,2.0,18.4,22.3,22.3,120.0,3.900000000000002,0.21195652173913057,0.0,120.0,2.0,23.2,60.8,60.8,120.0,37.599999999999994,1.6206896551724137,0.0,120.0,2.0,7.357,7.312,7.357,0.0,-0.04499999999999993,-0.006116623623759675,0.0,120.0,2.0,0.073,0.09,0.09,120.0,0.017,0.23287671232876717,0.0,120.0,2.0,4.06,3.16,4.06,0.0,-0.8999999999999995,-0.22167487684729054,0.0,120.0,2.0,671.8,954.6,954.6,120.0,282.80000000000007,0.4209586186364991,0.0,120.0,2.0,21.5,24.5,24.5,120.0,3.0,0.13953488372093023,0.0,120.0,2.0,8.32,4.78,8.32,0.0,-3.54,-0.4254807692307692,0.0,120.0,2.0,123.2,127.8,127.8,120.0,4.599999999999994,0.03733766233766229,0.0,120.0,2.0,300.7,294.6,300.7,0.0,-6.099999999999966,-0.020285999334885153,1.0
E000370,3,2,0,1,65,8.0,59.9,103.6,83.6125,82.5,43.699999999999996,0.1396401549342401,0.019115494806680563,0.0,0.1351192786211621,-1.0,103.6,227.0,59.9,164.0,0.0,-1.0,93.05,33.0,13.1,18.4,16.05,15.9,5.299999999999999,0.11149863033129767,-0.007749916475224949,0.0,-0.003338659970323037,1.0,18.4,164.0,13.1,207.0,0.0,-1.0,16.9,20.0,115.6,133.4,127.2375,128.6,17.80000000000001,0.04261087482837017,0.04204297164888239,0.0,-0.02946695582696059,-1.0,133.4,137.0,115.6,0.0,0.0,-1.0,129.39999999999998,60.0,58.4,84.6,74.325,84.6,26.199999999999996,0.11153130470989854,-0.026358349373046798,0.0,-0.02604268919073157,1.0,84.6,240.0,58.4,207.0,0.0,-1.0,76.15,33.0,95.3,98.1,96.4,95.6,2.799999999999997,0.008740819266780456,2.838364037920146e-05,0.0,-0.004324848761556843,-1.0,98.1,164.0,95.3,197.0,0.0,-1.0,96.3,33.0,36.65,37.32,36.91625,36.71,0.6700000000000017,0.005817591934731939,0.00034418120589066415,0.0,-0.002760757904348758,-1.0,37.32,119.0,36.65,0.0,0.0,-1.0,36.925,45.0,13.0,15.0,14.25,15.0,2.0,0.04641668966779984,0.0031754197674315446,0.0,0.007042575048510461,0.0,15.0,197.0,13.0,207.0,0.0,-1.0,15.0,10.0,35.4,44.8,39.15,36.2,9.399999999999999,0.07329933513298463,-0.024330693063452216,0.0,-0.03724460678004795,-1.0,44.8,119.0,35.4,164.0,0.0,-1.0,37.35,43.0,2.0,1.0,1.0,1.0,1.0,1.0,1.0,1.0,1.0,1.0,1.0,1.0,1.0,1.0,1.0,1.0,1.0,191.0,191.0,0.0,0.0,-1.0,1.0,191.0,0.0,-1.0,0.0,-1.0,0.0,-1.0,0.0,-1.0,0.0,-1.0,0.0,-1.0,0.0,-1.0,0.0,-1.0,2.0,0.0,71.0,,0.0,0.0,6.0,207.0,197.0,1.0,0.0,120.0,240.0,2.0,6.73,9.17,9.17,240.0,2.4399999999999995,0.3625557206537889,120.0,240.0,2.0,140.1,132.0,140.1,120.0,-8.099999999999994,-0.0578158458244111,120.0,240.0,2.0,4.12,3.96,4.12,120.0,-0.16000000000000014,-0.03883495145631071,120.0,240.0,2.0,25.0,21.2,25.0,120.0,-3.8000000000000007,-0.15200000000000002,120.0,240.0,2.0,25.7,19.9,25.7,120.0,-5.800000000000001,-0.2256809338521401,120.0,240.0,2.0,7.401,7.363,7.401,120.0,-0.03799999999999937,-0.00513444129171725,120.0,240.0,2.0,0.02,0.01,0.02,120.0,-0.01,-0.5,120.0,240.0,2.0,0.7,1.72,1.72,240.0,1.02,1.4571428571428573,120.0,240.0,2.0,20.0,154.4,154.4,240.0,134.4,6.720000000000001,120.0,240.0,2.0,24.8,17.8,24.8,120.0,-7.0,-0.282258064516129,120.0,240.0,2.0,0.1,4.22,4.22,240.0,4.12,41.199999999999996,120.0,240.0,2.0,100.4,71.9,100.4,120.0,-28.5,-0.2838645418326693,120.0,240.0,2.0,284.0,285.3,285.3,240.0,1.3000000000000114,0.004577464788732434,1.0
E000116,4,3,0,0,74,7.0,92.4,119.8,101.84285714285714,93.4,27.39999999999999,0.10462683540326743,-0.08497471238815088,0.0,-0.05657902681524495,-1.0,119.8,76.0,92.4,102.0,0.0,-1.0,95.95,-1.0,14.0,25.5,20.057142857142853,19.2,11.5,0.16905117236341247,-0.01586207136108484,0.0,-0.021028197266817306,-1.0,25.5,76.0,14.0,99.0,1.0,76.0,18.299999999999997,3.0,104.3,123.8,112.85714285714286,121.6,19.5,0.06850405564725182,0.08608347690768631,0.0,0.09503277269769285,-1.0,123.8,215.0,104.3,0.0,0.0,-1.0,122.69999999999999,-1.0,66.4,96.6,78.5,96.6,30.19999999999999,0.10839901425054518,0.07874659589840496,0.0,0.09984838014987554,1.0,96.6,240.0,66.4,76.0,0.0,-1.0,86.94999999999999,-1.0,93.6,97.6,94.84285714285714,94.9,4.0,0.0131311912744108,0.0014821736230757456,0.0,-0.0011129970414001681,1.0,97.6,102.0,93.6,76.0,0.0,-1.0,94.65,113.0,37.0,37.65,37.378571428571426,37.34,0.6499999999999986,0.0057689164193734195,0.0009135497137775603,0.0,-0.0005880300824516081,-1.0,37.65,95.0,37.0,0.0,0.0,-1.0,37.415000000000006,4.0,11.0,13.0,12.428571428571429,13.0,2.0,0.05860941969646878,0.007162507641860717,0.0,0.003931381954554316,-1.0,13.0,95.0,11.0,0.0,3.0,0.0,13.0,7.0,33.2,42.8,39.58571428571429,35.6,9.599999999999994,0.08776300351443737,-0.014450063913744217,0.0,-0.006088274955218447,-1.0,42.8,0.0,33.2,99.0,0.0,-1.0,38.95,3.0,2.0,1.0,1.0,1.0,1.0,1.0,1.0,1.0,1.0,1.0,1.0,1.0,1.0,1.0,1.0,2.0,1.0,42.0,84.0,1.0,1.0,42.0,1.0,84.0,0.0,-1.0,0.0,-1.0,0.0,-1.0,0.0,-1.0,0.0,-1.0,0.0,-1.0,0.0,-1.0,0.0,-1.0,4.0,0.0,42.0,,4.0,113.0,5.0,0.0,215.0,1.0,0.0,0.0,120.0,2.0,9.91,9.87,9.91,0.0,-0.040000000000000924,-0.004036326942482434,0.0,120.0,2.0,137.3,140.3,140.3,120.0,3.0,0.021849963583394028,0.0,120.0,2.0,4.94,4.12,4.94,0.0,-0.8200000000000003,-0.16599190283400814,0.0,120.0,2.0,17.7,22.3,22.3,120.0,4.600000000000001,0.2598870056497176,0.0,120.0,2.0,30.4,36.6,36.6,120.0,6.200000000000003,0.20394736842105274,0.0,120.0,2.0,7.345,7.338,7.345,0.0,-0.006999999999999673,-0.0009530292716132979,0.0,120.0,2.0,0.114,0.059,0.114,0.0,-0.05500000000000001,-0.48245614035087725,0.0,120.0,2.0,3.84,2.27,3.84,0.0,-1.5699999999999998,-0.40885416666666663,0.0,120.0,2.0,797.1,555.1,797.1,0.0,-242.0,-0.3036005520010036,0.0,120.0,2.0,15.7,13.9,15.7,0.0,-1.799999999999999,-0.11464968152866235,0.0,120.0,2.0,0.93,6.83,6.83,120.0,5.9,6.344086021505376,0.0,120.0,2.0,144.9,85.0,144.9,0.0,-59.900000000000006,-0.41338854382332646,0.0,120.0,2.0,289.2,290.9,290.9,120.0,1.6999999999999886,0.005878284923928038,1.0
E001707,2,1,0,1,43,8.0,107.1,151.2,124.6625,108.9,44.099999999999994,0.11742207793071748,-0.06278934289215618,0.23548387096774137,-0.16925340472093,-1.0,151.2,125.0,107.1,111.0,2.0,65.0,108.9,63.0,17.8,31.2,25.0375,24.6,13.399999999999999,0.15632779622966356,-0.013642053222560147,-0.1290322580645163,-0.014859668132661928,-1.0,31.2,65.0,17.8,111.0,6.0,0.0,24.6,14.0,89.5,124.4,112.6875,118.6,34.900000000000006,0.09020581099401404,0.06456850154429923,-0.3508064516129031,-0.011342341768117735,-1.0,124.4,65.0,89.5,44.0,1.0,44.0,118.6,21.0,63.4,86.2,74.375,65.3,22.800000000000004,0.10389491303860728,-0.027067878313945328,-0.05282258064516168,-0.08786092166486087,1.0,86.2,111.0,63.4,28.0,0.0,-1.0,65.3,16.0,90.1,94.9,92.8375,94.0,4.800000000000011,0.01564594178181912,0.014316454068578923,0.08427419354838736,0.012940064163851689,-1.0,94.9,188.0,90.1,0.0,1.0,0.0,94.0,-1.0,37.66,38.42,37.916250000000005,37.66,0.7600000000000051,0.006722681620891302,-0.0022575109098114127,0.01068548387096791,-0.0015440754668875776,-1.0,38.42,44.0,37.66,125.0,0.0,-1.0,37.66,21.0,10.0,13.0,11.5,11.0,3.0,0.07530655685082074,0.0013330569252044662,-0.020161290322580714,0.007669917351860116,-1.0,13.0,188.0,10.0,65.0,7.0,0.0,11.0,46.0,40.7,50.9,44.025,40.7,10.199999999999996,0.07510997500256278,-0.006306828767788363,0.06330645161290323,-0.03724584103512008,-1.0,50.9,65.0,40.7,240.0,0.0,-1.0,40.7,46.0,3.0,1.0,1.0,1.0,1.0,1.0,1.0,1.0,1.0,1.0,1.0,1.0,1.0,1.0,1.0,3.0,1.0,21.0,154.0,1.0,0.0,-1.0,1.0,21.0,0.0,-1.0,1.0,154.0,1.0,109.0,0.0,-1.0,0.0,-1.0,0.0,-1.0,0.0,-1.0,0.0,-1.0,5.0,0.0,21.0,,17.0,188.0,5.0,65.0,188.0,1.0,0.0,0.0,240.0,3.0,10.16,10.89,10.89,240.0,0.7300000000000004,0.07185039370078744,0.0,240.0,3.0,141.8,138.6,141.8,0.0,-3.200000000000017,-0.02256699576868841,0.0,240.0,3.0,4.92,4.55,4.92,0.0,-0.3700000000000001,-0.07520325203252035,0.0,240.0,3.0,19.9,22.0,22.0,240.0,2.1000000000000014,0.10552763819095486,0.0,240.0,3.0,64.0,60.2,64.0,0.0,-3.799999999999997,-0.059374999999999956,0.0,240.0,3.0,7.316,7.275,7.316,0.0,-0.04099999999999948,-0.005604155276107092,0.0,240.0,3.0,0.129,0.166,0.166,240.0,0.037000000000000005,0.2868217054263566,0.0,240.0,3.0,2.68,4.43,4.43,240.0,1.7499999999999996,0.6529850746268655,0.0,240.0,3.0,959.8,884.4,959.8,0.0,-75.39999999999998,-0.07855803292352571,0.0,240.0,3.0,19.4,26.9,26.9,240.0,7.5,0.3865979381443299,0.0,240.0,3.0,5.38,8.38,8.38,240.0,3.000000000000001,0.5576208178438663,0.0,240.0,3.0,112.3,114.9,127.5,120.0,2.6000000000000085,0.023152270703472918,0.0,240.0,3.0,313.0,286.8,313.0,0.0,-26.19999999999999,-0.0837060702875399,1.0
E001274,3,2,0,1,65,8.0,81.6,113.4,94.9375,97.8,31.80000000000001,0.10199170599301194,-0.0754301643756611,0.0,0.012265979340246357,1.0,113.4,0.0,81.6,168.0,0.0,-1.0,97.8,72.0,17.4,25.9,20.450000000000003,19.4,8.5,0.12786608180922132,-0.00031423296330306775,0.0,-0.03571699734260428,-1.0,25.9,100.0,17.4,0.0,1.0,100.0,19.4,16.0,112.6,130.4,119.65,118.2,17.80000000000001,0.05112739854312265,-0.01596223900930452,0.0,-0.07126416112210034,-1.0,130.4,100.0,112.6,166.0,0.0,-1.0,118.2,16.0,63.8,84.6,75.625,71.5,20.799999999999997,0.10138309961279482,-0.013874644913436882,0.0,0.03290075725788712,1.0,84.6,207.0,63.8,166.0,0.0,-1.0,71.5,2.0,93.9,96.6,95.375,94.9,2.6999999999999886,0.007946268095006053,0.006638005615091095,0.0,0.0006333792882973632,-1.0,96.6,166.0,93.9,0.0,0.0,-1.0,94.9,74.0,36.95,37.61,37.305,37.47,0.6599999999999966,0.005836091960079647,-0.0017086583114287255,0.0,-0.001017203140921917,1.0,37.61,0.0,36.95,168.0,0.0,-1.0,37.47,72.0,12.0,14.0,13.0,13.0,2.0,0.05439282932204212,0.004348878141915282,0.0,2.997062878375424e-05,0.0,14.0,116.0,12.0,0.0,2.0,0.0,13.0,50.0,36.7,44.1,40.075,39.7,7.399999999999999,0.063234981075213,-0.010065398906814042,0.0,0.019496893044816107,1.0,44.1,0.0,36.7,148.0,0.0,-1.0,39.7,18.0,3.0,1.0,1.0,1.0,1.0,1.0,1.0,1.0,1.0,1.0,1.0,1.0,1.0,1.0,1.0,2.0,1.0,18.0,21.0,2.0,1.0,21.0,0.0,-1.0,0.0,-1.0,1.0,18.0,0.0,-1.0,0.0,-1.0,0.0,-1.0,0.0,-1.0,0.0,-1.0,0.0,-1.0,5.0,0.0,18.0,,3.0,116.0,5.0,0.0,207.0,1.0,0.0,0.0,240.0,3.0,11.05,11.79,11.79,240.0,0.7399999999999984,0.06696832579185506,0.0,240.0,3.0,135.0,136.5,138.0,120.0,1.5,0.011111111111111112,0.0,240.0,3.0,4.54,4.27,4.54,0.0,-0.27000000000000046,-0.05947136563876662,0.0,240.0,3.0,20.4,22.5,23.0,120.0,2.1000000000000014,0.10294117647058831,0.0,240.0,3.0,62.2,52.5,62.2,0.0,-9.700000000000003,-0.15594855305466243,0.0,240.0,3.0,7.347,7.35,7.383,120.0,0.0029999999999992255,0.0004083299305838064,0.0,240.0,3.0,0.083,0.025,0.083,0.0,-0.058,-0.6987951807228916,0.0,240.0,3.0,2.96,2.06,3.8,120.0,-0.8999999999999999,-0.304054054054054,0.0,240.0,3.0,674.9,356.8,674.9,0.0,-318.09999999999997,-0.47132908579048743,0.0,240.0,3.0,4.9,15.1,15.1,240.0,10.2,2.081632653061224,0.0,240.0,3.0,3.63,4.44,4.44,240.0,0.8100000000000005,0.22314049586776874,0.0,240.0,3.0,114.2,102.8,114.2,0.0,-11.400000000000006,-0.09982486865148867,0.0,240.0,3.0,288.6,280.9,289.6,120.0,-7.7000000000000455,-0.026680526680526836,1.0
E000259,2,1,0,1,43,8.0,131.1,179.2,148.8,134.3,48.099999999999994,0.09177017380063507,-0.0649733249161379,0.46570926143024666,-0.0899659477866058,-1.0,179.2,35.0,131.1,0.0,8.0,0.0,134.3,23.0,28.1,35.1,30.4375,28.5,7.0,0.07283596511141249,-0.007272828549147845,0.10873388042203991,-0.006220204313280329,-1.0,35.1,58.0,28.1,137.0,8.0,0.0,28.5,8.0,92.9,132.4,109.4375,111.4,39.5,0.10860910987978138,0.031320014358745346,-0.43024618991793717,0.03397275822928506,1.0,132.4,137.0,92.9,35.0,0.0,-1.0,111.4,102.0,63.8,76.3,70.11249999999998,72.6,12.5,0.05435993995499037,-0.0012087340785029536,0.14742086752637706,0.009801362088535796,-1.0,76.3,35.0,63.8,148.0,0.0,-1.0,72.6,31.0,88.8,91.1,90.025,88.8,2.299999999999997,0.008951269903519129,-0.0026600814487481965,-0.008264947245018254,-0.00454597048808162,-1.0,91.1,35.0,88.8,240.0,6.0,0.0,88.8,23.0,38.25,38.66,38.488749999999996,38.66,0.4099999999999966,0.0032849990523321163,0.001143810266503291,0.004349355216881638,0.001441543700340557,-1.0,38.66,240.0,38.25,0.0,0.0,-1.0,38.66,-1.0,9.0,11.0,9.75,9.0,2.0,0.06783977720678437,-0.0009283671877901518,-0.0023446658851114205,-0.0034052213393870683,0.0,11.0,137.0,9.0,35.0,8.0,0.0,9.0,23.0,42.5,52.4,45.7125,47.6,9.899999999999999,0.06508239060365367,0.002200230235062439,0.12895662368112545,0.023013620885357515,1.0,52.4,58.0,42.5,66.0,0.0,-1.0,47.6,8.0,3.0,1.0,1.0,1.0,1.0,1.0,1.0,1.0,1.0,1.0,1.0,1.0,1.0,1.0,1.0,1.0,1.0,160.0,160.0,0.0,1.0,160.0,0.0,-1.0,0.0,-1.0,0.0,-1.0,0.0,-1.0,0.0,-1.0,0.0,-1.0,0.0,-1.0,0.0,-1.0,0.0,-1.0,4.0,0.0,160.0,160.0,30.0,240.0,3.0,35.0,-1.0,0.0,0.0,0.0,240.0,3.0,11.44,12.95,16.38,120.0,1.5099999999999998,0.13199300699300698,0.0,240.0,3.0,134.0,135.4,138.4,120.0,1.4000000000000057,0.010447761194029893,0.0,240.0,3.0,4.79,4.81,4.81,240.0,0.019999999999999574,0.004175365344467552,0.0,240.0,3.0,18.7,20.0,20.0,240.0,1.3000000000000007,0.06951871657754015,0.0,240.0,3.0,64.9,68.8,75.1,120.0,3.8999999999999915,0.06009244992295826,0.0,240.0,3.0,7.293,7.259,7.293,0.0,-0.03399999999999981,-0.004662004662004636,0.0,240.0,3.0,0.218,0.2,0.218,0.0,-0.017999999999999988,-0.08256880733944949,0.0,240.0,3.0,3.72,3.91,4.77,120.0,0.18999999999999995,0.05107526881720428,0.0,240.0,3.0,1051.5,1131.9,1131.9,240.0,80.40000000000009,0.07646219686162634,0.0,240.0,3.0,27.9,24.7,31.9,120.0,-3.1999999999999993,-0.1146953405017921,0.0,240.0,3.0,10.06,7.44,11.27,120.0,-2.62,-0.26043737574552683,0.0,240.0,3.0,134.3,150.9,181.4,120.0,16.599999999999994,0.12360387192851818,0.0,240.0,3.0,295.3,312.6,312.6,240.0,17.30000000000001,0.05858449034879787,1.0
E001703,1,0,0,1,38,7.0,94.1,161.8,125.75714285714287,94.1,67.70000000000002,0.15902070642303354,-0.06070117972374059,0.9238095238095221,-0.16899426437241552,-1.0,161.8,122.0,94.1,240.0,3.0,21.0,94.1,15.0,22.7,32.7,26.385714285714283,22.7,10.000000000000004,0.11442518818733174,-0.0320615446240519,0.2380952380952378,-0.0255635587568361,-1.0,32.7,21.0,22.7,240.0,6.0,0.0,22.7,60.0,104.3,124.7,114.78571428571426,104.3,20.400000000000006,0.0575256456776234,-0.02711394089752062,0.8428571428571414,-0.07213552087501685,-1.0,124.7,21.0,104.3,240.0,0.0,-1.0,104.3,101.0,61.8,84.2,71.75714285714285,84.2,22.400000000000006,0.09125877854296081,0.04684136398289199,0.19047619047618952,0.13806856075763635,1.0,84.2,240.0,61.8,81.0,0.0,-1.0,84.2,-1.0,90.3,95.0,92.88571428571427,91.4,4.700000000000003,0.016422661945198667,0.0023455569769094756,-0.13809523809523924,-0.012638388688808806,1.0,95.0,137.0,90.3,21.0,1.0,21.0,91.4,60.0,37.7,38.23,37.99285714285714,37.7,0.529999999999994,0.005836041954860885,-0.0009197774935070112,0.020952380952380875,-0.003835534213685462,-1.0,38.23,81.0,37.7,240.0,0.0,-1.0,37.7,104.0,10.0,12.0,11.428571428571429,12.0,2.0,0.0637377439199098,0.004276983111731322,-0.09523809523809526,0.005869014272375654,1.0,12.0,0.0,10.0,21.0,7.0,0.0,12.0,60.0,38.2,46.5,42.771428571428565,38.2,8.299999999999997,0.0655681288536388,-0.029241126229148123,-0.10476190476190513,-0.034740562891823396,-1.0,46.5,0.0,38.2,240.0,0.0,-1.0,38.2,-1.0,2.0,1.0,1.0,1.0,1.0,1.0,1.0,1.0,1.0,1.0,1.0,1.0,1.0,1.0,1.0,3.0,1.0,43.0,214.0,1.0,1.0,43.0,1.0,143.0,0.0,-1.0,0.0,-1.0,0.0,-1.0,0.0,-1.0,0.0,-1.0,0.0,-1.0,0.0,-1.0,0.0,-1.0,4.0,0.0,43.0,22.0,17.0,240.0,5.0,21.0,-1.0,1.0,0.0,0.0,120.0,2.0,11.1,9.89,11.1,0.0,-1.209999999999999,-0.10900900900900892,0.0,120.0,2.0,137.7,136.4,137.7,0.0,-1.299999999999983,-0.009440813362381867,0.0,120.0,2.0,5.13,4.47,5.13,0.0,-0.6600000000000001,-0.12865497076023394,0.0,120.0,2.0,23.4,21.0,23.4,0.0,-2.3999999999999986,-0.1025641025641025,0.0,120.0,2.0,75.0,75.5,75.5,120.0,0.5,0.006666666666666667,0.0,120.0,2.0,7.295,7.326,7.326,120.0,0.030999999999999694,0.004249485949280287,0.0,120.0,2.0,0.114,0.119,0.119,120.0,0.0049999999999999906,0.04385964912280693,0.0,120.0,2.0,5.81,4.39,5.81,0.0,-1.42,-0.24440619621342513,0.0,120.0,2.0,1078.5,1215.5,1215.5,120.0,137.0,0.12702828001854427,0.0,120.0,2.0,34.8,26.9,34.8,0.0,-7.899999999999999,-0.22701149425287354,0.0,120.0,2.0,5.87,8.4,8.4,120.0,2.5300000000000002,0.4310051107325384,0.0,120.0,2.0,131.1,123.9,131.1,0.0,-7.199999999999989,-0.054919908466819135,0.0,120.0,2.0,295.7,292.7,295.7,0.0,-3.0,-0.010145417653026716,1.0
E001165,3,2,0,1,65,7.0,71.7,94.8,83.12857142857142,94.8,23.099999999999994,0.09929350211068112,0.037252751977984194,0.2605089873642989,0.18515832832746923,-1.0,94.8,240.0,71.7,116.0,0.0,-1.0,94.8,-1.0,10.9,20.2,15.299999999999997,14.3,9.299999999999999,0.21809200739296056,0.008984778121775025,0.028154475885388698,-0.04628421865614004,-1.0,20.2,116.0,10.9,0.0,0.0,-1.0,14.3,124.0,115.0,149.1,128.75714285714287,149.1,34.099999999999994,0.10362619208054079,0.09749312005503942,0.01850863142907856,0.2644597957607482,-1.0,149.1,240.0,115.0,0.0,0.0,-1.0,149.1,-1.0,70.8,95.0,78.48571428571428,72.9,24.200000000000003,0.11084595642601767,-0.014892930856553159,0.05298095746574041,-0.16415086243885707,-1.0,95.0,116.0,70.8,0.0,0.0,-1.0,72.9,51.0,94.9,98.4,96.91428571428571,98.1,3.5,0.012690591538933291,0.006826195390436862,-0.06510055169959142,0.009761434823650534,1.0,98.4,0.0,94.9,51.0,0.0,-1.0,98.1,65.0,36.49,37.08,36.84000000000001,37.05,0.5899999999999963,0.005024073078163991,0.0009754471964224354,-0.004846058017441201,6.736462713458832e-05,1.0,37.08,116.0,36.49,51.0,0.0,-1.0,37.05,65.0,13.0,15.0,14.571428571428571,14.0,2.0,0.04999038738816456,-0.006535947712418338,-1.188546002087916e-16,-0.006564833090191379,1.0,15.0,0.0,13.0,167.0,0.0,-1.0,14.0,73.0,30.3,41.0,35.28571428571429,37.4,10.7,0.09435196396629,0.002186532507739926,0.04680548140238451,0.05510598129237101,-1.0,41.0,35.0,30.3,116.0,0.0,-1.0,37.4,16.0,1.0,1.0,1.0,1.0,1.0,1.0,1.0,1.0,1.0,1.0,1.0,1.0,1.0,1.0,1.0,0.0,0.0,-1.0,-1.0,0.0,0.0,-1.0,0.0,-1.0,0.0,-1.0,0.0,-1.0,0.0,-1.0,0.0,-1.0,0.0,-1.0,0.0,-1.0,0.0,-1.0,0.0,-1.0,0.0,0.0,,,0.0,0.0,4.0,167.0,240.0,0.0,0.0,0.0,0.0,1.0,8.28,8.28,8.28,0.0,0.0,0.0,0.0,0.0,1.0,139.4,139.4,139.4,0.0,0.0,0.0,0.0,0.0,1.0,2.95,2.95,2.95,0.0,0.0,0.0,0.0,0.0,1.0,24.9,24.9,24.9,0.0,0.0,0.0,0.0,0.0,1.0,24.5,24.5,24.5,0.0,0.0,0.0,0.0,0.0,1.0,7.422,7.422,7.422,0.0,0.0,0.0,0.0,0.0,1.0,0.016,0.016,0.016,0.0,0.0,0.0,0.0,0.0,1.0,1.69,1.69,1.69,0.0,0.0,0.0,0.0,0.0,1.0,131.7,131.7,131.7,0.0,0.0,0.0,0.0,0.0,1.0,1.9,1.9,1.9,0.0,0.0,0.0,0.0,0.0,1.0,0.1,0.1,0.1,0.0,0.0,0.0,0.0,0.0,1.0,103.2,103.2,103.2,0.0,0.0,0.0,0.0,0.0,1.0,297.1,297.1,297.1,0.0,0.0,0.0,1.0
E000644,0,6,1,0,41,8.0,123.1,155.6,134.22500000000002,131.3,32.5,0.07532120597800285,-0.04764364028518374,0.0,-0.054095081691089876,1.0,155.6,95.0,123.1,184.0,4.0,0.0,131.3,21.0,22.5,32.7,26.4875,27.1,10.200000000000003,0.11254196032472225,-0.006991192858426711,0.0,-0.008861097074841397,1.0,32.7,111.0,22.5,91.0,6.0,0.0,27.1,57.0,98.6,135.2,117.6625,120.3,36.599999999999994,0.08913800246470646,0.013696602959678736,0.0,0.05907655381505835,1.0,135.2,168.0,98.6,95.0,0.0,-1.0,120.3,16.0,59.5,81.8,71.7375,74.7,22.299999999999997,0.09556314160267597,0.061924989515307685,0.0,0.03298523384425365,-1.0,81.8,168.0,59.5,0.0,0.0,-1.0,74.7,37.0,90.6,94.4,92.825,93.1,3.8000000000000114,0.012065594820685232,0.006260859145647221,0.0,0.009571332322722085,1.0,94.4,184.0,90.6,91.0,1.0,91.0,93.1,21.0,37.64,38.27,37.89875,37.78,0.6300000000000026,0.00510698326699497,-0.0013905098556108008,0.0,-0.002687314019426207,-1.0,38.27,91.0,37.64,184.0,0.0,-1.0,37.78,4.0,10.0,13.0,11.125,11.0,3.0,0.08332807288871531,0.0061649991013120785,0.0,0.00400033687047331,-1.0,13.0,205.0,10.0,0.0,7.0,0.0,11.0,35.0,37.8,48.1,44.05,42.7,10.300000000000004,0.06891309528563243,0.01674674974537176,0.0,-0.013656588625007017,-1.0,48.1,168.0,37.8,0.0,0.0,-1.0,42.7,72.0,2.0,1.0,1.0,1.0,1.0,1.0,1.0,1.0,1.0,1.0,1.0,1.0,1.0,1.0,1.0,3.0,1.0,112.0,160.0,0.0,0.0,-1.0,1.0,112.0,0.0,-1.0,1.0,140.0,1.0,160.0,0.0,-1.0,0.0,-1.0,0.0,-1.0,0.0,-1.0,0.0,-1.0,5.0,0.0,-8.0,,18.0,205.0,4.0,0.0,205.0,1.0,0.0,120.0,240.0,2.0,14.85,12.82,14.85,120.0,-2.0299999999999994,-0.13670033670033666,120.0,240.0,2.0,132.6,140.4,140.4,240.0,7.800000000000011,0.058823529411764795,120.0,240.0,2.0,4.42,4.41,4.42,120.0,-0.009999999999999787,-0.0022624434389139788,120.0,240.0,2.0,24.3,20.5,24.3,120.0,-3.8000000000000007,-0.1563786008230453,120.0,240.0,2.0,59.7,52.3,59.7,120.0,-7.400000000000006,-0.12395309882747077,120.0,240.0,2.0,7.327,7.322,7.327,120.0,-0.004999999999999893,-0.0006824075337791584,120.0,240.0,2.0,0.093,0.124,0.124,240.0,0.031,0.3333333333333333,120.0,240.0,2.0,4.45,5.03,5.03,240.0,0.5800000000000001,0.1303370786516854,120.0,240.0,2.0,951.2,884.3,951.2,120.0,-66.90000000000009,-0.07033221194280917,120.0,240.0,2.0,24.0,26.6,26.6,240.0,2.6000000000000014,0.10833333333333339,120.0,240.0,2.0,2.24,3.42,3.42,240.0,1.1799999999999997,0.5267857142857141,120.0,240.0,2.0,118.8,145.7,145.7,240.0,26.89999999999999,0.22643097643097637,120.0,240.0,2.0,304.9,292.4,304.9,120.0,-12.5,-0.040997048212528704,1.0
E000849,4,3,0,0,74,7.0,101.2,132.1,117.6857142857143,101.2,30.89999999999999,0.09046739751394615,-0.07327017425139588,-0.3481481481481491,-0.03377819363734867,-1.0,132.1,0.0,101.2,240.0,1.0,0.0,101.2,-1.0,18.2,28.3,24.228571428571428,18.2,10.100000000000001,0.15966475982087558,-0.02582896295043139,-0.07407407407407435,-0.017526839357825345,-1.0,28.3,0.0,18.2,240.0,4.0,0.0,18.2,-1.0,98.0,127.2,112.55714285714286,127.2,29.200000000000003,0.0795094689850125,0.0793266790729149,0.44444444444444364,0.14506549788239934,-1.0,127.2,240.0,98.0,70.0,0.0,-1.0,127.2,-1.0,65.4,83.7,74.7,83.7,18.299999999999997,0.08929876675655267,0.01921417695821353,-0.46666666666666673,0.012789323352703658,1.0,83.7,240.0,65.4,27.0,0.0,-1.0,83.7,43.0,90.8,94.1,93.02857142857142,90.8,3.299999999999997,0.01137193401816563,-0.0050351040433090945,0.0037037037037026535,-0.012848419186447435,-1.0,94.1,104.0,90.8,240.0,1.0,240.0,90.8,-1.0,37.66,38.17,37.902857142857144,37.66,0.5100000000000051,0.004091441804647072,-0.00129356284892583,-0.004074074074074253,-0.0026415837683443724,1.0,38.17,70.0,37.66,240.0,0.0,-1.0,37.66,-1.0,10.0,12.0,11.0,10.0,2.0,0.06872081327440495,-0.004525461004906099,-3.007350952210953e-17,-0.010538757017630249,0.0,12.0,104.0,10.0,207.0,7.0,0.0,10.0,103.0,37.2,45.7,41.5,43.5,8.5,0.0682521651298794,0.000594231094569446,-0.2000000000000004,0.002285038904757126,1.0,45.7,104.0,37.2,129.0,0.0,-1.0,43.5,111.0,2.0,1.0,1.0,1.0,1.0,1.0,1.0,1.0,1.0,1.0,1.0,1.0,1.0,1.0,1.0,2.0,1.0,48.0,173.0,1.0,1.0,173.0,0.0,-1.0,0.0,-1.0,0.0,-1.0,1.0,48.0,0.0,-1.0,0.0,-1.0,0.0,-1.0,0.0,-1.0,0.0,-1.0,4.0,0.0,-72.0,173.0,13.0,240.0,4.0,207.0,-1.0,0.0,0.0,120.0,240.0,2.0,7.38,5.32,7.38,120.0,-2.0599999999999996,-0.27913279132791324,120.0,240.0,2.0,138.4,140.0,140.0,240.0,1.5999999999999943,0.011560693641618455,120.0,240.0,2.0,5.07,4.61,5.07,120.0,-0.45999999999999996,-0.09072978303747534,120.0,240.0,2.0,18.0,19.6,19.6,240.0,1.6000000000000014,0.08888888888888896,120.0,240.0,2.0,70.8,58.5,70.8,120.0,-12.299999999999997,-0.173728813559322,120.0,240.0,2.0,7.269,7.348,7.348,240.0,0.07899999999999974,0.010868069885816444,120.0,240.0,2.0,0.113,0.083,0.113,120.0,-0.03,-0.2654867256637168,120.0,240.0,2.0,3.22,4.61,4.61,240.0,1.3900000000000001,0.4316770186335404,120.0,240.0,2.0,706.8,782.7,782.7,240.0,75.90000000000009,0.10738539898132442,120.0,240.0,2.0,29.8,12.5,29.8,120.0,-17.3,-0.5805369127516778,120.0,240.0,2.0,3.82,6.55,6.55,240.0,2.73,0.7146596858638744,120.0,240.0,2.0,142.8,112.2,142.8,120.0,-30.60000000000001,-0.21428571428571433,120.0,240.0,2.0,296.8,296.1,296.8,120.0,-0.6999999999999886,-0.0023584905660376976,1.0
E000336,1,0,0,1,38,8.0,75.5,97.9,89.9,89.8,22.400000000000006,0.07682244348305689,0.001811395802748694,-0.11481876332622508,-0.03064958828911272,1.0,97.9,70.0,75.5,24.0,0.0,-1.0,89.8,26.0,11.1,18.3,14.725000000000001,16.9,7.200000000000001,0.17243257803247677,-0.00400509287098847,-0.1133262260127931,0.022150841322248274,1.0,18.3,0.0,11.1,87.0,0.0,-1.0,16.9,153.0,118.1,144.3,129.95000000000002,144.3,26.200000000000017,0.05793596091816523,0.08415062266730726,-0.09141791044776038,0.07658021401010338,1.0,144.3,240.0,118.1,24.0,0.0,-1.0,144.3,-1.0,62.3,93.8,78.8125,84.0,31.5,0.11150309698771074,0.015624968505497534,-0.13646055437100146,0.05825112375193885,1.0,93.8,87.0,62.3,70.0,0.0,-1.0,84.0,4.0,96.4,98.6,97.5125,96.7,2.1999999999999886,0.007681701457032985,-0.00238417581826943,0.0267590618336895,-0.008075102430486676,0.0,98.6,70.0,96.4,24.0,0.0,-1.0,96.7,17.0,36.66,37.3,36.896249999999995,36.96,0.6400000000000006,0.005059521280476623,0.0008525855726623827,-0.0030863539445625298,0.0008608138748557207,-1.0,37.3,112.0,36.66,74.0,0.0,-1.0,36.96,13.0,14.0,15.0,14.5,15.0,1.0,0.034482758620689655,0.0006046944445377481,-0.020255863539445543,0.004664067783125781,1.0,15.0,0.0,14.0,50.0,0.0,-1.0,15.0,37.0,33.7,38.9,35.2,34.4,5.199999999999996,0.046312046553696314,0.00012093888890747683,0.060234541577825505,-0.005807709137197255,-1.0,38.9,87.0,33.7,0.0,0.0,-1.0,34.4,25.0,1.0,1.0,1.0,1.0,1.0,1.0,1.0,1.0,1.0,1.0,1.0,1.0,1.0,1.0,1.0,0.0,0.0,-1.0,-1.0,0.0,0.0,-1.0,0.0,-1.0,0.0,-1.0,0.0,-1.0,0.0,-1.0,0.0,-1.0,0.0,-1.0,0.0,-1.0,0.0,-1.0,0.0,-1.0,0.0,0.0,,,0.0,0.0,3.0,50.0,240.0,0.0,0.0,240.0,240.0,1.0,6.32,6.32,6.32,240.0,0.0,0.0,240.0,240.0,1.0,140.8,140.8,140.8,240.0,0.0,0.0,240.0,240.0,1.0,3.68,3.68,3.68,240.0,0.0,0.0,240.0,240.0,1.0,23.4,23.4,23.4,240.0,0.0,0.0,240.0,240.0,1.0,29.3,29.3,29.3,240.0,0.0,0.0,240.0,240.0,1.0,7.358,7.358,7.358,240.0,0.0,0.0,240.0,240.0,1.0,0.045,0.045,0.045,240.0,0.0,0.0,240.0,240.0,1.0,2.27,2.27,2.27,240.0,0.0,0.0,240.0,240.0,1.0,87.6,87.6,87.6,240.0,0.0,0.0,240.0,240.0,1.0,8.9,8.9,8.9,240.0,0.0,0.0,240.0,240.0,1.0,4.93,4.93,4.93,240.0,0.0,0.0,240.0,240.0,1.0,123.1,123.1,123.1,240.0,0.0,0.0,240.0,240.0,1.0,283.6,283.6,283.6,240.0,0.0,0.0,1.0
E001597,1,0,0,1,38,6.0,105.4,122.3,112.39999999999999,122.3,16.89999999999999,0.05011248181249068,0.030463934136529428,0.15355583281347304,0.016663281884646396,1.0,122.3,240.0,105.4,0.0,0.0,-1.0,122.3,-1.0,19.2,30.5,24.116666666666664,19.2,11.3,0.165123044239604,-0.006722523103150736,0.2029631940112287,-0.03828188464662876,-1.0,30.5,46.0,19.2,240.0,3.0,46.0,19.2,194.0,105.8,123.0,117.68333333333334,117.9,17.200000000000003,0.048579991902311916,0.010978284597553003,-0.14507174048658858,-0.03212835093419994,1.0,123.0,84.0,105.8,27.0,0.0,-1.0,117.9,19.0,61.1,87.7,72.98333333333333,76.7,26.6,0.12807398564825767,-0.015930519028264423,0.25087336244541414,-0.03354995938261584,1.0,87.7,46.0,61.1,200.0,0.0,-1.0,76.7,38.0,93.7,95.9,94.33333333333333,93.8,2.200000000000003,0.008180803464869433,-0.004189232736306964,0.0027136618839671846,-0.006407392363931929,-1.0,95.9,27.0,93.7,200.0,0.0,-1.0,93.8,19.0,37.33,37.87,37.555,37.71,0.5399999999999991,0.005065665693785821,-0.0005564506907555821,-0.00789457267623202,0.0017526401299755542,1.0,37.87,0.0,37.33,200.0,0.0,-1.0,37.71,40.0,10.0,13.0,11.666666666666666,11.0,3.0,0.08081220356417686,0.0021829748749986897,-0.004990642545227765,-0.00304630381803413,0.0,13.0,200.0,10.0,27.0,5.0,0.0,11.0,19.0,39.2,47.6,44.18333333333334,46.7,8.399999999999999,0.06426084897174889,-0.0006205885716066803,0.03555832813474694,0.04349106417546701,1.0,47.6,46.0,39.2,84.0,0.0,-1.0,46.7,156.0,3.0,1.0,1.0,1.0,1.0,1.0,1.0,1.0,1.0,1.0,1.0,1.0,1.0,1.0,1.0,2.0,1.0,27.0,53.0,2.0,0.0,-1.0,1.0,27.0,0.0,-1.0,0.0,-1.0,1.0,53.0,0.0,-1.0,0.0,-1.0,0.0,-1.0,0.0,-1.0,0.0,-1.0,3.0,0.0,27.0,,8.0,200.0,4.0,27.0,200.0,0.0,0.0,0.0,240.0,3.0,7.83,10.79,10.79,240.0,2.959999999999999,0.3780332056194124,0.0,240.0,3.0,140.3,140.2,140.3,0.0,-0.10000000000002274,-0.0007127583749110672,0.0,240.0,3.0,4.96,4.63,4.96,0.0,-0.33000000000000007,-0.06653225806451614,0.0,240.0,3.0,19.7,18.9,19.7,0.0,-0.8000000000000007,-0.0406091370558376,0.0,240.0,3.0,52.0,52.3,53.8,120.0,0.29999999999999716,0.005769230769230715,0.0,240.0,3.0,7.318,7.349,7.349,240.0,0.031000000000000583,0.004236130090188656,0.0,240.0,3.0,0.081,0.098,0.098,240.0,0.017,0.20987654320987656,0.0,240.0,3.0,2.38,2.4,2.4,240.0,0.020000000000000018,0.008403361344537823,0.0,240.0,3.0,694.3,514.0,694.3,0.0,-180.29999999999995,-0.2596860146910557,0.0,240.0,3.0,16.8,21.0,27.8,120.0,4.199999999999999,0.24999999999999994,0.0,240.0,3.0,9.09,4.04,9.09,0.0,-5.05,-0.5555555555555556,0.0,240.0,3.0,120.8,88.9,123.8,120.0,-31.89999999999999,-0.26407284768211914,0.0,240.0,3.0,285.0,293.0,298.2,120.0,8.0,0.028070175438596492,1.0
E000292,2,1,0,1,43,9.0,68.5,91.9,77.41111111111113,76.1,23.400000000000006,0.07790540907054426,0.037904631704113706,-0.12405405405405408,0.04744450979785147,-1.0,91.9,228.0,68.5,20.0,0.0,-1.0,84.0,12.0,7.0,18.3,13.333333333333334,7.0,11.3,0.23688077169749341,-0.02100541132448129,0.0651351351351353,-0.006469987307680419,-1.0,18.3,20.0,7.0,240.0,1.0,240.0,11.2,-1.0,114.0,147.5,129.67777777777778,114.0,33.5,0.07188120154640164,-0.0400899872022682,-0.12486486486486408,-0.09845989536575572,-1.0,147.5,20.0,114.0,240.0,0.0,-1.0,121.5,15.0,74.7,84.1,78.35555555555555,84.1,9.399999999999991,0.03695014843163149,0.025312133660722328,-0.034054054054053345,0.015596074667987554,1.0,84.1,240.0,74.7,35.0,0.0,-1.0,80.65,-1.0,96.7,99.8,97.78888888888888,97.8,3.0999999999999943,0.009088455746311185,-0.00048335790990533,-0.03783783783783641,0.0005169798470728212,1.0,99.8,172.0,96.7,228.0,0.0,-1.0,97.25,12.0,36.34,36.78,36.57777777777778,36.78,0.4399999999999977,0.003158881657680577,-4.4221034634484146e-05,-0.0053783783783778755,0.00020183883849796987,1.0,36.78,240.0,36.34,228.0,0.0,-1.0,36.56,12.0,14.0,15.0,14.555555555555555,15.0,1.0,0.03413844240457694,0.0017063642684634907,0.027027027027027112,-0.00012382750828098863,1.0,15.0,35.0,14.0,0.0,0.0,-1.0,14.5,73.0,28.7,39.9,34.477777777777774,33.9,11.2,0.09850781709203449,0.00044657702655948305,0.21621621621621637,0.015614648794229585,-1.0,39.9,179.0,28.7,73.0,1.0,73.0,33.05,49.0,0.0,0.0,0.0,0.0,0.0,0.0,0.0,0.0,0.0,0.0,0.0,0.0,0.0,0.0,0.0,2.0,1.0,15.0,39.0,2.0,1.0,39.0,1.0,15.0,0.0,-1.0,0.0,-1.0,0.0,-1.0,0.0,-1.0,0.0,-1.0,0.0,-1.0,0.0,-1.0,0.0,-1.0,4.0,0.0,,,2.0,35.0,6.0,0.0,228.0,1.0,0.0,,,,,,,,,,,,,,,,,,,,,,,,,,,,,,,,,,,,,,,,,,,,,,,,,,,,,,,,,,,,,,,,,,,,,,,,,,,,,,,,,,,,,,,,,,,,,,,,,,,,,,,,,,,,,,,,,,,,,,
E001711,4,3,0,0,74,8.0,101.5,129.5,118.6625,129.5,28.0,0.08168462420575484,-0.013242294318220047,0.01739130434782534,-0.001659465828750898,1.0,129.5,120.0,101.5,173.0,0.0,-1.0,121.4,67.0,19.7,26.0,23.537499999999998,19.7,6.300000000000001,0.1002677277274199,-0.015195300631308856,0.019565217391304273,-0.018352317360565595,-1.0,26.0,120.0,19.7,240.0,5.0,0.0,22.45,-1.0,117.2,151.5,127.1875,118.3,34.3,0.08602102802808119,-0.011215016373518471,-0.31956521739130417,-0.19170267085624454,1.0,151.5,154.0,117.2,46.0,0.0,-1.0,119.19999999999999,19.0,63.9,84.2,72.23750000000001,74.2,20.300000000000004,0.0853239683995782,0.005006583167347485,0.01304347826086925,-0.022702278083267576,1.0,84.2,173.0,63.9,23.0,0.0,-1.0,69.9,23.0,91.6,95.3,94.0875,94.9,3.700000000000003,0.013438077032065758,0.012496202018837898,0.01956521739130373,0.0036920659858604896,-1.0,95.3,173.0,91.6,0.0,0.0,-1.0,95.05000000000001,-1.0,37.22,37.96,37.65875,37.52,0.740000000000002,0.007168956937692961,-0.001232402687282637,-0.00021739130434778294,0.003910054988216885,-1.0,37.96,228.0,37.22,120.0,0.0,-1.0,37.74,108.0,12.0,14.0,13.125,13.0,2.0,0.05947617141331808,0.004692616724621039,-3.982829720775982e-18,-0.010015710919088735,-1.0,14.0,120.0,12.0,0.0,2.0,0.0,13.0,108.0,34.6,43.6,39.0,38.0,9.0,0.07749785261388416,-0.008715100773100143,-0.11304347826086968,-0.015386881382560827,1.0,43.6,120.0,34.6,173.0,0.0,-1.0,39.35,55.0,2.0,1.0,1.0,1.0,1.0,1.0,1.0,1.0,1.0,1.0,1.0,1.0,1.0,1.0,1.0,4.0,1.0,13.0,220.0,2.0,1.0,220.0,1.0,202.0,0.0,-1.0,1.0,32.0,0.0,-1.0,0.0,-1.0,0.0,-1.0,0.0,-1.0,0.0,-1.0,0.0,-1.0,5.0,0.0,-107.0,,7.0,154.0,3.0,0.0,228.0,1.0,0.0,120.0,240.0,2.0,11.37,6.13,11.37,120.0,-5.239999999999999,-0.4608619173262972,120.0,240.0,2.0,144.8,137.6,144.8,120.0,-7.200000000000017,-0.049723756906077464,120.0,240.0,2.0,4.29,4.19,4.29,120.0,-0.09999999999999964,-0.02331002331002323,120.0,240.0,2.0,22.2,20.4,22.2,120.0,-1.8000000000000007,-0.08108108108108111,120.0,240.0,2.0,49.7,48.6,49.7,120.0,-1.1000000000000014,-0.02213279678068413,120.0,240.0,2.0,7.374,7.373,7.374,120.0,-0.0009999999999994458,-0.00013561160835359992,120.0,240.0,2.0,0.079,0.043,0.079,120.0,-0.036000000000000004,-0.4556962025316456,120.0,240.0,2.0,4.03,3.53,4.03,120.0,-0.5000000000000004,-0.12406947890818869,120.0,240.0,2.0,723.5,433.5,723.5,120.0,-290.0,-0.4008293020041465,120.0,240.0,2.0,28.5,8.4,28.5,120.0,-20.1,-0.7052631578947369,120.0,240.0,2.0,2.35,3.59,3.59,240.0,1.2399999999999998,0.527659574468085,120.0,240.0,2.0,101.0,113.9,113.9,240.0,12.900000000000006,0.12772277227722778,120.0,240.0,2.0,292.9,290.9,292.9,120.0,-2.0,-0.006828269033799932,1.0
E000737,1,0,0,1,38,6.0,73.3,95.3,84.35,95.3,22.0,0.09515299538694835,0.001330461736644915,0.2652173913043474,0.16824411688647536,1.0,95.3,240.0,73.3,114.0,0.0,-1.0,90.4,96.0,8.4,20.2,15.116666666666665,17.9,11.799999999999999,0.26376427219431864,-0.003999436415603252,-0.12608695652173937,0.022503807143062424,1.0,20.2,181.0,8.4,210.0,0.0,-1.0,13.149999999999999,30.0,112.0,139.5,125.78333333333335,139.5,27.5,0.06507893066216301,0.05205104464393518,-0.7130434782608704,0.09461540671781177,1.0,139.5,240.0,112.0,23.0,0.0,-1.0,133.45,91.0,67.9,83.2,77.58333333333333,67.9,15.299999999999997,0.06143518122109192,-0.029437220723803514,-0.2652173913043489,-0.056926127058012345,-1.0,83.2,0.0,67.9,240.0,0.0,-1.0,74.30000000000001,-1.0,96.0,98.6,97.06666666666666,96.3,2.5999999999999943,0.009982446328124058,-0.0035304536854395266,0.1130434782608691,-0.014222911817946677,-1.0,98.6,23.0,96.0,0.0,0.0,-1.0,96.25,187.0,36.52,37.19,36.796666666666674,37.14,0.6699999999999946,0.00726625767919391,0.0007709029427156123,0.005652173913043027,-0.001460506278194421,1.0,37.19,114.0,36.52,181.0,0.0,-1.0,36.879999999999995,67.0,13.0,15.0,14.333333333333334,13.0,2.0,0.05200158087208813,-0.0034620184372610094,-0.043478260869565265,-0.011751860471798468,-1.0,15.0,0.0,13.0,240.0,0.0,-1.0,14.0,-1.0,28.1,40.3,35.416666666666664,40.3,12.199999999999996,0.11519419439427199,0.00588341854192657,0.07391304347826072,0.08088957848461335,1.0,40.3,240.0,28.1,114.0,1.0,114.0,36.349999999999994,67.0,0.0,0.0,0.0,0.0,0.0,0.0,0.0,0.0,0.0,0.0,0.0,0.0,0.0,0.0,0.0,0.0,0.0,-1.0,-1.0,0.0,0.0,-1.0,0.0,-1.0,0.0,-1.0,0.0,-1.0,0.0,-1.0,0.0,-1.0,0.0,-1.0,0.0,-1.0,0.0,-1.0,0.0,-1.0,0.0,0.0,,,1.0,67.0,2.0,240.0,181.0,1.0,0.0,,,,,,,,,,,,,,,,,,,,,,,,,,,,,,,,,,,,,,,,,,,,,,,,,,,,,,,,,,,,,,,,,,,,,,,,,,,,,,,,,,,,,,,,,,,,,,,,,,,,,,,,,,,,,,,,,,,,,,
E000358,1,0,0,1,38,8.0,68.3,95.4,77.85000000000001,68.9,27.10000000000001,0.11442880748594406,-0.05496759389718617,0.17513661202185818,0.0016440890374172352,-1.0,95.4,24.0,68.3,150.0,0.0,-1.0,68.9,30.0,10.4,16.5,13.850000000000001,16.5,6.1,0.1390243286207199,-7.849925526345228e-05,0.0025956284153005357,0.05324043683236855,1.0,16.5,240.0,10.4,139.0,0.0,-1.0,16.5,17.0,118.8,139.7,130.0875,137.4,20.89999999999999,0.05752323452821936,0.04176160380016906,-0.3107923497267746,0.09410097272781505,1.0,139.7,189.0,118.8,54.0,0.0,-1.0,137.4,85.0,66.3,87.0,77.65,84.1,20.700000000000003,0.09656363737975276,0.016126564953101854,-0.19166666666666657,0.13586560840245857,1.0,87.0,0.0,66.3,150.0,0.0,-1.0,84.1,6.0,95.0,97.7,96.4625,96.2,2.700000000000003,0.007808446233086867,-0.00494344028018203,0.022131147540983657,0.000981679298203547,-1.0,97.7,54.0,95.0,150.0,0.0,-1.0,96.2,6.0,36.14,37.2,36.625,36.14,1.0600000000000023,0.009295314419412554,-0.0032788535083128592,0.004016393442622875,-0.0042018261025243055,1.0,37.2,54.0,36.14,240.0,0.0,-1.0,36.14,-1.0,13.0,15.0,14.5,15.0,2.0,0.048765984909417075,0.002415361700414647,-0.017759562841530067,0.010682103001730654,1.0,15.0,0.0,13.0,139.0,0.0,-1.0,15.0,11.0,28.6,38.1,33.974999999999994,28.9,9.5,0.09991926377878836,-0.034267944124632674,-0.04658469945355191,-0.044581368980127746,-1.0,38.1,24.0,28.6,156.0,2.0,156.0,28.9,33.0,1.0,1.0,1.0,1.0,1.0,1.0,1.0,1.0,1.0,1.0,1.0,1.0,1.0,1.0,1.0,3.0,1.0,43.0,127.0,1.0,1.0,127.0,0.0,-1.0,0.0,-1.0,0.0,-1.0,1.0,43.0,0.0,-1.0,0.0,-1.0,0.0,-1.0,0.0,-1.0,0.0,-1.0,4.0,0.0,43.0,,2.0,33.0,3.0,139.0,189.0,1.0,0.0,0.0,0.0,1.0,6.77,6.77,6.77,0.0,0.0,0.0,0.0,0.0,1.0,142.3,142.3,142.3,0.0,0.0,0.0,0.0,0.0,1.0,3.85,3.85,3.85,0.0,0.0,0.0,0.0,0.0,1.0,26.4,26.4,26.4,0.0,0.0,0.0,0.0,0.0,1.0,33.1,33.1,33.1,0.0,0.0,0.0,0.0,0.0,1.0,7.366,7.366,7.366,0.0,0.0,0.0,0.0,0.0,1.0,0.0,0.0,0.0,0.0,0.0,0.0,0.0,0.0,1.0,1.7,1.7,1.7,0.0,0.0,0.0,0.0,0.0,1.0,269.2,269.2,269.2,0.0,0.0,0.0,0.0,0.0,1.0,11.8,11.8,11.8,0.0,0.0,0.0,0.0,0.0,1.0,2.26,2.26,2.26,0.0,0.0,0.0,0.0,0.0,1.0,93.4,93.4,93.4,0.0,0.0,0.0,0.0,0.0,1.0,292.8,292.8,292.8,0.0,0.0,0.0,1.0
E001220,2,1,0,1,43,6.0,60.4,87.3,74.91666666666667,68.9,26.9,0.11748765222125988,-0.07594419561796387,-0.1255319148936171,-0.023153521025861393,1.0,87.3,0.0,60.4,108.0,0.0,-1.0,68.9,-1.0,7.0,15.3,11.016666666666666,9.3,8.3,0.2791584133335726,-0.002647984505507807,0.16808510638297866,-0.01645103517443941,-1.0,15.3,91.0,7.0,0.0,1.0,0.0,9.3,17.0,109.9,141.9,124.88333333333333,136.8,32.0,0.09244779655578197,0.09714925553807058,-0.19574468085106367,0.07229600974281848,1.0,141.9,108.0,109.9,47.0,0.0,-1.0,136.8,-1.0,72.6,81.3,76.91666666666667,74.8,8.700000000000003,0.04552493962490263,-0.020847960295363746,-0.16170212765957456,-0.025860018625976075,1.0,81.3,72.0,72.6,108.0,0.0,-1.0,74.8,-1.0,97.0,98.6,97.59999999999998,98.1,1.5999999999999943,0.006090353312884901,0.00014526086430214497,-0.03191489361702178,0.0052826133677198,1.0,98.6,0.0,97.0,108.0,0.0,-1.0,98.1,132.0,36.32,36.74,36.553333333333335,36.32,0.4200000000000017,0.004427224546393723,-0.001478331921074978,-0.007446808510638464,-0.002188838742030178,1.0,36.74,0.0,36.32,240.0,0.0,-1.0,36.32,-1.0,13.0,15.0,14.5,15.0,2.0,0.05267328385006713,0.0008170923616995479,-1.7276271427594835e-17,0.007522028798624558,1.0,15.0,0.0,13.0,72.0,0.0,-1.0,15.0,19.0,30.7,38.7,33.449999999999996,32.4,8.000000000000004,0.08119128692284389,-0.012180728725335937,-0.048936170212766,-0.015190199871050894,1.0,38.7,72.0,30.7,91.0,0.0,-1.0,32.4,-1.0,0.0,0.0,0.0,0.0,0.0,0.0,0.0,0.0,0.0,0.0,0.0,0.0,0.0,0.0,0.0,1.0,1.0,175.0,175.0,0.0,0.0,-1.0,1.0,175.0,0.0,-1.0,0.0,-1.0,0.0,-1.0,0.0,-1.0,0.0,-1.0,0.0,-1.0,0.0,-1.0,0.0,-1.0,2.0,0.0,,,1.0,47.0,3.0,72.0,240.0,0.0,0.0,,,,,,,,,,,,,,,,,,,,,,,,,,,,,,,,,,,,,,,,,,,,,,,,,,,,,,,,,,,,,,,,,,,,,,,,,,,,,,,,,,,,,,,,,,,,,,,,,,,,,,,,,,,,,,,,,,,,,,
E001170,3,2,0,1,65,8.0,106.1,172.9,135.4375,121.6,66.80000000000001,0.13352055370663624,-0.030039774932091663,0.6980877390326211,-0.07781445498313512,1.0,172.9,59.0,106.1,22.0,5.0,0.0,121.6,32.0,24.3,31.2,28.6625,29.9,6.899999999999999,0.07597705361364682,-0.008765036864571293,0.03886389201349848,0.0019084959783203764,1.0,31.2,59.0,24.3,144.0,8.0,0.0,29.9,96.0,108.2,144.7,118.475,144.7,36.499999999999986,0.08981185348460512,0.10703822273961969,-0.03149606299212506,0.23268083143540796,1.0,144.7,240.0,108.2,91.0,0.0,-1.0,144.7,-1.0,65.4,78.3,73.0,65.4,12.899999999999991,0.05952996599353633,-0.035770760574311264,0.07058492688414006,-0.05557701732637614,-1.0,78.3,22.0,65.4,240.0,0.0,-1.0,65.4,79.0,89.3,92.8,91.025,92.8,3.5,0.01025808810600555,0.0067617384555685766,-0.032283464566928745,0.014339666157349919,1.0,92.8,240.0,89.3,59.0,4.0,59.0,92.8,-1.0,37.89,38.48,38.19125,37.89,0.5899999999999963,0.004581149263644823,-0.0017617384555683928,-0.003025871766029164,-0.0017644939026148804,-1.0,38.48,22.0,37.89,240.0,0.0,-1.0,37.89,-1.0,9.0,12.0,10.375,10.0,3.0,0.09562956546016593,0.0038319751649204432,0.02080989876265466,-0.0007495603540231124,-1.0,12.0,144.0,9.0,22.0,8.0,0.0,10.0,96.0,44.5,50.4,47.275000000000006,47.5,5.899999999999999,0.040574716034306235,-0.005359914629413984,-0.07587176602924618,-0.0047323204658807905,-1.0,50.4,91.0,44.5,59.0,0.0,-1.0,47.5,32.0,2.0,1.0,1.0,1.0,1.0,1.0,1.0,1.0,1.0,1.0,1.0,1.0,1.0,1.0,1.0,5.0,1.0,24.0,226.0,2.0,1.0,139.0,1.0,226.0,1.0,198.0,1.0,54.0,1.0,24.0,0.0,-1.0,0.0,-1.0,0.0,-1.0,0.0,-1.0,0.0,-1.0,7.0,1.0,-96.0,139.0,25.0,240.0,4.0,22.0,-1.0,0.0,0.0,120.0,240.0,2.0,10.01,11.26,11.26,240.0,1.25,0.12487512487512488,120.0,240.0,2.0,138.6,138.6,138.6,120.0,0.0,0.0,120.0,240.0,2.0,5.01,4.3,5.01,120.0,-0.71,-0.14171656686626746,120.0,240.0,2.0,19.3,20.8,20.8,240.0,1.5,0.07772020725388601,120.0,240.0,2.0,78.7,46.1,78.7,120.0,-32.6,-0.4142312579415502,120.0,240.0,2.0,7.272,7.298,7.298,240.0,0.0259999999999998,0.003575357535753548,120.0,240.0,2.0,0.169,0.134,0.169,120.0,-0.035,-0.20710059171597633,120.0,240.0,2.0,3.79,4.05,4.05,240.0,0.2599999999999998,0.0686015831134564,120.0,240.0,2.0,1050.1,1012.3,1050.1,120.0,-37.799999999999955,-0.03599657175507091,120.0,240.0,2.0,28.1,17.0,28.1,120.0,-11.100000000000001,-0.39501779359430605,120.0,240.0,2.0,9.99,6.06,9.99,120.0,-3.9300000000000006,-0.39339339339339346,120.0,240.0,2.0,138.4,115.1,138.4,120.0,-23.30000000000001,-0.16835260115606943,120.0,240.0,2.0,311.5,299.8,311.5,120.0,-11.699999999999989,-0.037560192616372355,1.0
E001944,0,6,1,0,41,8.0,62.7,102.0,82.5375,95.1,39.3,0.16181944566125142,-0.005327130332328402,-0.6024590163934435,-0.03963524738172647,1.0,102.0,0.0,62.7,30.0,0.0,-1.0,80.6,45.0,13.4,21.7,17.875,16.1,8.299999999999999,0.1573348871430258,-0.030075891464809237,-0.03128415300546445,-0.02132620900226534,1.0,21.7,0.0,13.4,223.0,0.0,-1.0,14.75,-1.0,113.3,144.8,123.85000000000002,120.0,31.500000000000014,0.0814762812118124,0.028395190075198355,-0.08879781420765076,-0.03524245707344309,-1.0,144.8,175.0,113.3,54.0,0.0,-1.0,119.6,48.0,66.2,90.4,77.98750000000001,90.4,24.200000000000003,0.08430640205808469,0.02685223689226192,-0.1318306010928963,0.09152138940871328,1.0,90.4,240.0,66.2,75.0,0.0,-1.0,84.5,4.0,94.2,98.4,95.92500000000001,94.9,4.200000000000003,0.01336806734764885,-0.009628513012440778,0.036748633879780605,-0.0018680849666765662,-1.0,98.4,54.0,94.2,175.0,0.0,-1.0,95.2,48.0,36.78,37.29,37.026250000000005,36.78,0.509999999999998,0.004662158314635111,-0.0010526908549052115,0.0024999999999996466,-0.0006567845300240071,1.0,37.29,54.0,36.78,240.0,0.0,-1.0,36.81,-1.0,12.0,15.0,14.0,15.0,3.0,0.07142857142857142,-0.00045049727968951114,0.03825136612021859,0.001986276634163902,-1.0,15.0,30.0,12.0,175.0,1.0,175.0,14.5,45.0,34.1,43.9,37.15,35.2,9.799999999999997,0.083478046877312,-0.0045985376165228325,-0.1851092896174866,0.01280573886207683,1.0,43.9,0.0,34.1,54.0,0.0,-1.0,37.8,169.0,1.0,1.0,1.0,1.0,1.0,1.0,1.0,1.0,1.0,1.0,1.0,1.0,1.0,1.0,1.0,0.0,0.0,-1.0,-1.0,0.0,0.0,-1.0,0.0,-1.0,0.0,-1.0,0.0,-1.0,0.0,-1.0,0.0,-1.0,0.0,-1.0,0.0,-1.0,0.0,-1.0,0.0,-1.0,0.0,0.0,,,1.0,48.0,3.0,175.0,223.0,1.0,0.0,0.0,0.0,1.0,9.75,9.75,9.75,0.0,0.0,0.0,0.0,0.0,1.0,139.4,139.4,139.4,0.0,0.0,0.0,0.0,0.0,1.0,4.12,4.12,4.12,0.0,0.0,0.0,0.0,0.0,1.0,24.0,24.0,24.0,0.0,0.0,0.0,0.0,0.0,1.0,22.6,22.6,22.6,0.0,0.0,0.0,0.0,0.0,1.0,7.41,7.41,7.41,0.0,0.0,0.0,0.0,0.0,1.0,0.043,0.043,0.043,0.0,0.0,0.0,0.0,0.0,1.0,2.43,2.43,2.43,0.0,0.0,0.0,0.0,0.0,1.0,221.0,221.0,221.0,0.0,0.0,0.0,0.0,0.0,1.0,22.6,22.6,22.6,0.0,0.0,0.0,0.0,0.0,1.0,6.63,6.63,6.63,0.0,0.0,0.0,0.0,0.0,1.0,121.0,121.0,121.0,0.0,0.0,0.0,0.0,0.0,1.0,280.8,280.8,280.8,0.0,0.0,0.0,1.0
E000035,1,0,0,1,38,9.0,61.9,94.8,78.53333333333335,71.6,32.9,0.11370776825774394,-0.059490813604810865,0.15770181219110382,-0.05592064914846451,-1.0,94.8,52.0,61.9,155.0,0.0,-1.0,71.6,6.0,9.3,16.9,13.0,16.9,7.599999999999998,0.19395872460592242,0.004135741621245528,-0.10683690280065893,0.01527574656791057,1.0,16.9,240.0,9.3,161.0,0.0,-1.0,16.9,79.0,114.9,139.4,123.24444444444445,119.3,24.5,0.05902107327083721,-0.04123958350590588,0.3681630971993411,-0.06755908855026634,-1.0,139.4,52.0,114.9,173.0,0.0,-1.0,119.3,103.0,67.1,92.1,78.92222222222223,67.1,25.0,0.09067159952208861,-0.00649136031543546,0.053500823723229396,-0.07818559230079734,-1.0,92.1,155.0,67.1,240.0,0.0,-1.0,67.1,6.0,95.9,98.6,96.94444444444444,96.4,2.6999999999999886,0.009240410026703191,-0.0005810871257931307,-0.049629324546952076,0.004127942633391714,1.0,98.6,0.0,95.9,155.0,0.0,-1.0,96.4,6.0,36.31,37.3,36.641111111111115,36.93,0.9899999999999949,0.007775295756696983,0.0006792672420934006,0.013554365733113945,0.0030398169552295824,1.0,37.3,52.0,36.31,0.0,0.0,-1.0,36.93,32.0,14.0,15.0,14.333333333333334,14.0,1.0,0.03288868749704872,0.0009070426268617177,0.01194398682042844,0.002075765438505451,-1.0,15.0,52.0,14.0,0.0,0.0,-1.0,14.0,32.0,32.4,38.2,35.1888888888889,36.5,5.800000000000004,0.04789929477436428,0.010046636072960998,0.07759472817133459,0.023736849554182263,-1.0,38.2,209.0,32.4,0.0,0.0,-1.0,36.5,-1.0,0.0,0.0,0.0,0.0,0.0,0.0,0.0,0.0,0.0,0.0,0.0,0.0,0.0,0.0,0.0,1.0,1.0,144.0,144.0,0.0,0.0,-1.0,1.0,144.0,0.0,-1.0,0.0,-1.0,0.0,-1.0,0.0,-1.0,0.0,-1.0,0.0,-1.0,0.0,-1.0,0.0,-1.0,2.0,0.0,,,0.0,0.0,6.0,0.0,209.0,1.0,0.0,,,,,,,,,,,,,,,,,,,,,,,,,,,,,,,,,,,,,,,,,,,,,,,,,,,,,,,,,,,,,,,,,,,,,,,,,,,,,,,,,,,,,,,,,,,,,,,,,,,,,,,,,,,,,,,,,,,,,,
E000654,3,2,0,1,65,8.0,72.5,99.8,86.65,99.8,27.299999999999997,0.10080439596924749,0.022062724753876085,0.0,0.15965996525192386,1.0,99.8,240.0,72.5,189.0,0.0,-1.0,99.8,1.0,12.1,19.2,15.075,13.4,7.1,0.17098961991337772,-0.022440016506514192,0.0,-0.0036758500868701656,1.0,19.2,0.0,12.1,190.0,0.0,-1.0,13.4,-1.0,118.0,135.8,127.3875,118.0,17.80000000000001,0.04486645822004926,-0.03129458232623973,0.0,-0.06249193348225348,-1.0,135.8,190.0,118.0,240.0,0.0,-1.0,118.0,-1.0,61.2,89.3,72.69999999999999,64.7,28.099999999999994,0.1330629383761929,-0.09463243530035963,0.0,-0.04030528667163071,1.0,89.3,0.0,61.2,190.0,0.0,-1.0,64.7,-1.0,95.9,100.0,97.5625,95.9,4.099999999999994,0.01315555564379503,-0.00356658609915715,0.0,-0.016736162819557976,-1.0,100.0,190.0,95.9,240.0,0.0,-1.0,95.9,50.0,36.39,36.84,36.613749999999996,36.53,0.45000000000000284,0.003825985602364395,-0.0013320167423216173,0.0,-0.0007982129560684671,1.0,36.84,0.0,36.39,190.0,0.0,-1.0,36.53,-1.0,13.0,15.0,14.75,15.0,2.0,0.044843242560416795,-0.0004716146907976321,0.0,0.005013651030032279,0.0,15.0,0.0,13.0,165.0,0.0,-1.0,15.0,1.0,33.0,40.1,37.4875,40.1,7.100000000000001,0.07017798386290944,0.0061693096739963245,0.0,0.0554579300074461,1.0,40.1,190.0,33.0,166.0,0.0,-1.0,40.1,23.0,1.0,1.0,1.0,1.0,1.0,1.0,1.0,1.0,1.0,1.0,1.0,1.0,1.0,1.0,1.0,1.0,1.0,102.0,102.0,0.0,0.0,-1.0,1.0,102.0,0.0,-1.0,0.0,-1.0,0.0,-1.0,0.0,-1.0,0.0,-1.0,0.0,-1.0,0.0,-1.0,0.0,-1.0,2.0,0.0,102.0,,0.0,0.0,5.0,165.0,189.0,0.0,0.0,0.0,0.0,1.0,6.06,6.06,6.06,0.0,0.0,0.0,0.0,0.0,1.0,143.6,143.6,143.6,0.0,0.0,0.0,0.0,0.0,1.0,3.54,3.54,3.54,0.0,0.0,0.0,0.0,0.0,1.0,23.8,23.8,23.8,0.0,0.0,0.0,0.0,0.0,1.0,18.4,18.4,18.4,0.0,0.0,0.0,0.0,0.0,1.0,7.356,7.356,7.356,0.0,0.0,0.0,0.0,0.0,1.0,0.0,0.0,0.0,0.0,0.0,0.0,0.0,0.0,1.0,1.48,1.48,1.48,0.0,0.0,0.0,0.0,0.0,1.0,159.1,159.1,159.1,0.0,0.0,0.0,0.0,0.0,1.0,22.5,22.5,22.5,0.0,0.0,0.0,0.0,0.0,1.0,0.26,0.26,0.26,0.0,0.0,0.0,0.0,0.0,1.0,89.2,89.2,89.2,0.0,0.0,0.0,0.0,0.0,1.0,284.8,284.8,284.8,0.0,0.0,0.0,1.0
E000731,3,2,0,1,65,6.0,64.8,92.3,80.18333333333334,77.3,27.5,0.13926620274834758,-0.1065513520375776,0.0,-0.12128595600676804,1.0,92.3,0.0,64.8,226.0,0.0,-1.0,69.76666666666667,-1.0,7.0,19.4,13.583333333333334,7.0,12.399999999999999,0.2839344400232599,-0.030681096864288437,0.0,-0.044879864636209826,-1.0,19.4,82.0,7.0,240.0,1.0,240.0,10.466666666666667,-1.0,105.3,141.2,125.18333333333332,105.3,35.89999999999999,0.08707524575662648,0.006764631204773544,0.0,0.00031810490693748354,-1.0,141.2,226.0,105.3,240.0,0.0,-1.0,126.36666666666666,14.0,63.2,89.3,74.91666666666667,89.3,26.099999999999994,0.11462184504636112,0.06439824806398378,0.0,0.048622673434856364,1.0,89.3,240.0,63.2,0.0,0.0,-1.0,80.26666666666667,-1.0,95.5,98.2,96.93333333333334,98.2,2.700000000000003,0.009597858140957954,0.002994160213279232,0.0,0.007942470389171069,1.0,98.2,240.0,95.5,63.0,0.0,-1.0,97.26666666666667,19.0,36.29,37.12,36.776666666666664,36.63,0.8299999999999983,0.007441086105963493,-0.0022092167068681135,0.0,-0.0033455160744499945,1.0,37.12,63.0,36.29,226.0,0.0,-1.0,36.54666666666666,14.0,14.0,15.0,14.666666666666666,14.0,1.0,0.03214121732666125,0.0006982353687952331,0.0,-0.0025042301184433,-1.0,15.0,63.0,14.0,0.0,0.0,-1.0,14.666666666666666,177.0,32.5,36.6,34.78333333333333,32.8,4.100000000000001,0.05092829246652518,-0.0002735813126824989,0.0,-0.01331302876480534,-1.0,36.6,82.0,32.5,0.0,0.0,-1.0,34.43333333333333,137.0,1.0,1.0,1.0,1.0,1.0,1.0,1.0,1.0,1.0,1.0,1.0,1.0,1.0,1.0,1.0,0.0,0.0,-1.0,-1.0,0.0,0.0,-1.0,0.0,-1.0,0.0,-1.0,0.0,-1.0,0.0,-1.0,0.0,-1.0,0.0,-1.0,0.0,-1.0,0.0,-1.0,0.0,-1.0,0.0,0.0,,,1.0,0.0,3.0,0.0,219.0,1.0,1.0,240.0,240.0,1.0,3.1,3.1,3.1,240.0,0.0,0.0,240.0,240.0,1.0,141.2,141.2,141.2,240.0,0.0,0.0,240.0,240.0,1.0,4.45,4.45,4.45,240.0,0.0,0.0,240.0,240.0,1.0,23.5,23.5,23.5,240.0,0.0,0.0,240.0,240.0,1.0,38.4,38.4,38.4,240.0,0.0,0.0,240.0,240.0,1.0,7.356,7.356,7.356,240.0,0.0,0.0,240.0,240.0,1.0,0.0,0.0,0.0,240.0,0.0,0.0,240.0,240.0,1.0,3.04,3.04,3.04,240.0,0.0,0.0,240.0,240.0,1.0,210.8,210.8,210.8,240.0,0.0,0.0,240.0,240.0,1.0,21.8,21.8,21.8,240.0,0.0,0.0,240.0,240.0,1.0,0.1,0.1,0.1,240.0,0.0,0.0,240.0,240.0,1.0,129.7,129.7,129.7,240.0,0.0,0.0,240.0,240.0,1.0,287.4,287.4,287.4,240.0,0.0,0.0,1.0
E000064,3,2,0,1,65,9.0,77.1,110.8,96.13333333333334,92.7,33.7,0.08795054239968572,-0.02731206580430295,0.0,-0.018393900434521066,-1.0,110.8,202.0,77.1,198.0,0.0,-1.0,92.7,4.0,15.1,21.7,17.733333333333334,17.1,6.6,0.13738531364377143,0.006811300442395983,0.0,-0.0007787198724104087,-1.0,21.7,202.0,15.1,198.0,0.0,-1.0,17.1,38.0,112.4,149.0,129.4333333333333,124.5,36.599999999999994,0.06972436966613899,0.03886062002725053,0.0,-0.020618581867300822,-1.0,149.0,184.0,112.4,0.0,0.0,-1.0,124.5,11.0,66.5,81.2,75.65555555555557,78.3,14.700000000000003,0.052469879109082955,0.01751753603929426,0.0,-0.01687958728660494,-1.0,81.2,95.0,66.5,0.0,0.0,-1.0,78.3,100.0,95.8,97.4,96.54444444444444,97.4,1.6000000000000085,0.00567560271881136,0.002006131305825359,0.0,0.00014158543134714776,-1.0,97.4,240.0,95.8,198.0,0.0,-1.0,97.4,-1.0,36.9,37.75,37.12,37.75,0.8500000000000014,0.006532519209580908,0.0009157218792578604,0.0,0.001883086236919527,1.0,37.75,240.0,36.9,184.0,0.0,-1.0,37.75,-1.0,13.0,15.0,13.666666666666666,13.0,2.0,0.04878048780487805,-0.002220390586889592,0.0,-0.007242013442478949,-1.0,15.0,95.0,13.0,0.0,0.0,-1.0,13.0,89.0,32.8,42.2,38.35555555555556,40.6,9.400000000000006,0.0955502186668826,-0.02922799374253558,0.0,-0.03053200318974085,1.0,42.2,0.0,32.8,198.0,0.0,-1.0,40.6,42.0,1.0,1.0,1.0,1.0,1.0,1.0,1.0,1.0,1.0,1.0,1.0,1.0,1.0,1.0,1.0,1.0,1.0,150.0,150.0,0.0,1.0,150.0,0.0,-1.0,0.0,-1.0,0.0,-1.0,0.0,-1.0,0.0,-1.0,0.0,-1.0,0.0,-1.0,0.0,-1.0,0.0,-1.0,4.0,0.0,150.0,,0.0,0.0,4.0,0.0,184.0,1.0,0.0,0.0,0.0,1.0,11.64,11.64,11.64,0.0,0.0,0.0,0.0,0.0,1.0,137.7,137.7,137.7,0.0,0.0,0.0,0.0,0.0,1.0,4.3,4.3,4.3,0.0,0.0,0.0,0.0,0.0,1.0,24.2,24.2,24.2,0.0,0.0,0.0,0.0,0.0,1.0,19.5,19.5,19.5,0.0,0.0,0.0,0.0,0.0,1.0,7.383,7.383,7.383,0.0,0.0,0.0,0.0,0.0,1.0,0.0,0.0,0.0,0.0,0.0,0.0,0.0,0.0,1.0,2.84,2.84,2.84,0.0,0.0,0.0,0.0,0.0,1.0,557.0,557.0,557.0,0.0,0.0,0.0,0.0,0.0,1.0,12.5,12.5,12.5,0.0,0.0,0.0,0.0,0.0,1.0,0.24,0.24,0.24,0.0,0.0,0.0,0.0,0.0,1.0,90.0,90.0,90.0,0.0,0.0,0.0,0.0,0.0,1.0,288.5,288.5,288.5,0.0,0.0,0.0,1.0
E001993,2,1,0,1,43,8.0,75.5,108.0,89.675,94.8,32.5,0.11606378304330787,-0.01214400794291319,-0.3040513615231352,0.10637246830232149,1.0,108.0,37.0,75.5,95.0,0.0,-1.0,94.8,23.0,10.2,17.8,14.5875,15.0,7.600000000000001,0.16019868505804988,0.0017734503248128196,-0.08775736108036324,-0.0030956693561666948,-1.0,17.8,26.0,10.2,37.0,0.0,-1.0,15.0,58.0,116.3,141.4,128.375,123.9,25.10000000000001,0.06410028796405973,0.013996948313197125,-0.045694044719949124,-0.10102914539766192,-1.0,141.4,118.0,116.3,32.0,0.0,-1.0,123.9,27.0,62.1,92.3,79.98750000000001,73.3,30.199999999999996,0.10937322633285868,-0.023137085304087264,-0.07316803187956686,-0.08647291289313384,1.0,92.3,0.0,62.1,26.0,0.0,-1.0,73.3,6.0,94.4,97.6,96.57499999999999,96.8,3.1999999999999886,0.00930118779353954,-0.0005025232759638751,-0.0398273190170479,0.002494648443931764,1.0,97.6,37.0,94.4,59.0,0.0,-1.0,96.8,36.0,36.65,37.12,36.875,36.89,0.46999999999999886,0.004418758165911944,-0.0003378174652725073,-0.0011744520699584393,0.0011608760085624217,-1.0,37.12,26.0,36.65,95.0,0.0,-1.0,36.89,6.0,12.0,15.0,13.625,14.0,3.0,0.07281884342379608,0.002524798762270001,0.005313261013947157,0.0065041989132223945,1.0,15.0,118.0,12.0,26.0,2.0,26.0,14.0,6.0,32.8,40.4,36.1125,35.1,7.600000000000001,0.06927568458526902,-0.011170940144909283,-0.029566083683861245,-0.00032109336407055934,-1.0,40.4,26.0,32.8,59.0,0.0,-1.0,35.1,6.0,0.0,0.0,0.0,0.0,0.0,0.0,0.0,0.0,0.0,0.0,0.0,0.0,0.0,0.0,0.0,3.0,1.0,91.0,178.0,0.0,0.0,-1.0,1.0,156.0,0.0,-1.0,1.0,178.0,1.0,91.0,0.0,-1.0,0.0,-1.0,0.0,-1.0,0.0,-1.0,0.0,-1.0,5.0,0.0,,,2.0,23.0,3.0,26.0,240.0,0.0,0.0,,,,,,,,,,,,,,,,,,,,,,,,,,,,,,,,,,,,,,,,,,,,,,,,,,,,,,,,,,,,,,,,,,,,,,,,,,,,,,,,,,,,,,,,,,,,,,,,,,,,,,,,,,,,,,,,,,,,,,
E000153,0,6,1,0,41,9.0,58.2,88.7,73.07777777777778,72.7,30.5,0.12784770069258303,-0.00619770462961046,0.5173913043478258,0.00033718913202786596,-1.0,88.7,46.0,58.2,94.0,0.0,-1.0,67.55,25.0,9.7,14.8,12.47777777777778,9.7,5.100000000000001,0.1437002127197059,-0.0014197745545303743,-0.06739130434782611,-0.005086129328497344,-1.0,14.8,77.0,9.7,240.0,0.0,-1.0,12.25,-1.0,115.8,149.6,131.4777777777778,117.4,33.8,0.08310220243954065,-0.05563409095558607,0.07608695652173897,-0.10327217238852344,-1.0,149.6,77.0,115.8,194.0,0.0,-1.0,126.75,31.0,75.1,87.1,80.16666666666667,79.5,12.0,0.04146762349792758,0.0059053620015956584,0.10217391304347814,0.0028728328525180332,-1.0,87.1,108.0,75.1,71.0,0.0,-1.0,80.65,86.0,96.1,99.0,97.74444444444445,97.8,2.9000000000000057,0.007627253016808595,0.0011511630285797362,0.0021739130434780484,0.0019985529159672155,-1.0,99.0,71.0,96.1,108.0,0.0,-1.0,97.9,86.0,36.46,37.04,36.70888888888888,36.57,0.5799999999999983,0.0053788856785349105,-0.0013156441153003612,-0.01260869565217403,-0.0015660974184391692,1.0,37.04,0.0,36.46,46.0,0.0,-1.0,36.56,25.0,13.0,15.0,14.333333333333334,15.0,2.0,0.04651162790697674,0.0014668276017266565,-7.392013812161229e-17,-1.3914269547234614e-05,0.0,15.0,71.0,13.0,194.0,0.0,-1.0,15.0,6.0,31.2,40.5,36.333333333333336,37.3,9.3,0.08077563560754179,0.0015625703238477682,0.008695652173912879,0.00609723291559607,1.0,40.5,71.0,31.2,108.0,0.0,-1.0,36.05,86.0,1.0,1.0,1.0,1.0,1.0,1.0,1.0,1.0,1.0,1.0,1.0,1.0,1.0,1.0,1.0,2.0,1.0,57.0,114.0,1.0,0.0,-1.0,1.0,114.0,1.0,57.0,0.0,-1.0,0.0,-1.0,0.0,-1.0,0.0,-1.0,0.0,-1.0,0.0,-1.0,0.0,-1.0,7.0,0.0,57.0,,0.0,0.0,6.0,194.0,194.0,1.0,0.0,0.0,0.0,1.0,5.85,5.85,5.85,0.0,0.0,0.0,0.0,0.0,1.0,139.7,139.7,139.7,0.0,0.0,0.0,0.0,0.0,1.0,3.57,3.57,3.57,0.0,0.0,0.0,0.0,0.0,1.0,23.7,23.7,23.7,0.0,0.0,0.0,0.0,0.0,1.0,24.3,24.3,24.3,0.0,0.0,0.0,0.0,0.0,1.0,7.442,7.442,7.442,0.0,0.0,0.0,0.0,0.0,1.0,0.03,0.03,0.03,0.0,0.0,0.0,0.0,0.0,1.0,2.17,2.17,2.17,0.0,0.0,0.0,0.0,0.0,1.0,182.4,182.4,182.4,0.0,0.0,0.0,0.0,0.0,1.0,13.1,13.1,13.1,0.0,0.0,0.0,0.0,0.0,1.0,0.1,0.1,0.1,0.0,0.0,0.0,0.0,0.0,1.0,74.3,74.3,74.3,0.0,0.0,0.0,0.0,0.0,1.0,280.1,280.1,280.1,0.0,0.0,0.0,1.0
E001419,2,1,0,1,43,7.0,60.0,85.7,71.65714285714286,60.0,25.700000000000003,0.11493805237692548,-0.008720170687674384,0.0,0.003935472679965375,-1.0,85.7,229.0,60.0,240.0,0.0,-1.0,72.85,-1.0,11.7,17.4,13.928571428571429,13.3,5.699999999999999,0.12881495986725133,-0.01283866732315774,0.0,-0.0014633130962705876,1.0,17.4,0.0,11.7,155.0,0.0,-1.0,13.600000000000001,-1.0,108.3,140.7,127.88571428571429,124.1,32.39999999999999,0.07292380576022617,0.038937797472509285,0.0,-0.05243573287077175,-1.0,140.7,103.0,108.3,0.0,0.0,-1.0,126.55,137.0,68.4,85.9,78.17142857142858,84.4,17.5,0.07671390954459092,0.054498604956507456,0.0,0.037384215091066895,1.0,85.9,155.0,68.4,0.0,0.0,-1.0,81.25,-1.0,95.5,99.0,96.91428571428571,95.7,3.5,0.012025989418850897,-0.0019812900049236584,0.0,-0.0049352992194274595,-1.0,99.0,87.0,95.5,91.0,0.0,-1.0,96.75,4.0,36.51,36.94,36.66857142857143,36.51,0.4299999999999997,0.0034478178104780295,-0.0013719021828327996,0.0,-0.0007812662619254019,1.0,36.94,0.0,36.51,240.0,0.0,-1.0,36.54,-1.0,13.0,15.0,14.428571428571429,15.0,2.0,0.05048534171874044,0.006322008862629231,0.0,0.0024839549002601867,-1.0,15.0,91.0,13.0,0.0,0.0,-1.0,15.0,64.0,28.5,40.9,35.128571428571426,40.9,12.399999999999999,0.1164580681296305,-0.002850484162153329,0.0,0.01726140503035563,1.0,40.9,240.0,28.5,103.0,1.0,103.0,36.849999999999994,137.0,1.0,1.0,1.0,1.0,1.0,1.0,1.0,1.0,1.0,1.0,1.0,1.0,1.0,1.0,1.0,2.0,1.0,181.0,194.0,0.0,1.0,181.0,0.0,-1.0,0.0,-1.0,1.0,194.0,0.0,-1.0,0.0,-1.0,0.0,-1.0,0.0,-1.0,0.0,-1.0,0.0,-1.0,5.0,0.0,181.0,,1.0,52.0,4.0,0.0,229.0,1.0,0.0,0.0,0.0,1.0,7.0,7.0,7.0,0.0,0.0,0.0,0.0,0.0,1.0,138.7,138.7,138.7,0.0,0.0,0.0,0.0,0.0,1.0,4.62,4.62,4.62,0.0,0.0,0.0,0.0,0.0,1.0,24.7,24.7,24.7,0.0,0.0,0.0,0.0,0.0,1.0,39.8,39.8,39.8,0.0,0.0,0.0,0.0,0.0,1.0,7.38,7.38,7.38,0.0,0.0,0.0,0.0,0.0,1.0,0.0,0.0,0.0,0.0,0.0,0.0,0.0,0.0,1.0,1.35,1.35,1.35,0.0,0.0,0.0,0.0,0.0,1.0,207.4,207.4,207.4,0.0,0.0,0.0,0.0,0.0,1.0,14.0,14.0,14.0,0.0,0.0,0.0,0.0,0.0,1.0,7.77,7.77,7.77,0.0,0.0,0.0,0.0,0.0,1.0,77.6,77.6,77.6,0.0,0.0,0.0,0.0,0.0,1.0,295.2,295.2,295.2,0.0,0.0,0.0,1.0
E001115,1,0,0,1,38,6.0,60.6,86.5,72.41666666666667,61.9,25.9,0.1250339451049539,-0.07578916554890971,0.26634712411705347,-0.0752509280901965,1.0,86.5,35.0,60.6,115.0,0.0,-1.0,61.9,-1.0,7.7,15.2,12.983333333333334,11.2,7.499999999999999,0.20840614995420093,-0.02061202109393093,0.0211907164480322,-0.008682799395022681,1.0,15.2,35.0,7.7,115.0,1.0,115.0,11.2,125.0,112.7,146.0,131.79999999999998,134.3,33.3,0.08600077277878457,0.03638047719120373,0.0323410696266396,0.031025711535817478,1.0,146.0,115.0,112.7,26.0,0.0,-1.0,134.3,9.0,64.7,86.4,76.3,83.7,21.700000000000003,0.10383685513906821,0.023577317470650463,-0.5053481331987898,0.09668637426096525,1.0,86.4,0.0,64.7,77.0,0.0,-1.0,83.7,38.0,96.1,98.5,97.31666666666666,96.1,2.4000000000000057,0.007348326067109086,-0.00697611422529627,0.01695257315842632,-0.006737247353224281,-1.0,98.5,26.0,96.1,240.0,0.0,-1.0,96.1,9.0,36.38,36.89,36.64166666666667,36.38,0.509999999999998,0.005023426380486918,-0.0014470838558028236,-0.0070484359233098275,-0.0020720472982263135,-1.0,36.89,26.0,36.38,240.0,0.0,-1.0,36.38,-1.0,13.0,15.0,14.0,15.0,2.0,0.05832118435198043,0.003040881506110144,-0.013622603430877962,0.008593427746459494,1.0,15.0,26.0,13.0,35.0,0.0,-1.0,15.0,9.0,29.6,37.9,35.050000000000004,37.7,8.299999999999997,0.08987161198288157,0.0035507534482983904,-0.13960645812310798,0.015227553966726332,1.0,37.9,77.0,29.6,115.0,1.0,115.0,37.7,125.0,1.0,1.0,1.0,1.0,1.0,1.0,1.0,1.0,1.0,1.0,1.0,1.0,1.0,1.0,1.0,1.0,1.0,151.0,151.0,0.0,0.0,-1.0,1.0,151.0,0.0,-1.0,0.0,-1.0,0.0,-1.0,0.0,-1.0,0.0,-1.0,0.0,-1.0,0.0,-1.0,0.0,-1.0,2.0,0.0,-89.0,,2.0,125.0,3.0,35.0,240.0,0.0,0.0,240.0,240.0,1.0,1.49,1.49,1.49,240.0,0.0,0.0,240.0,240.0,1.0,135.1,135.1,135.1,240.0,0.0,0.0,240.0,240.0,1.0,3.3,3.3,3.3,240.0,0.0,0.0,240.0,240.0,1.0,23.0,23.0,23.0,240.0,0.0,0.0,240.0,240.0,1.0,32.8,32.8,32.8,240.0,0.0,0.0,240.0,240.0,1.0,7.405,7.405,7.405,240.0,0.0,0.0,240.0,240.0,1.0,0.006,0.006,0.006,240.0,0.0,0.0,240.0,240.0,1.0,2.05,2.05,2.05,240.0,0.0,0.0,240.0,240.0,1.0,226.4,226.4,226.4,240.0,0.0,0.0,240.0,240.0,1.0,1.0,1.0,1.0,240.0,0.0,0.0,240.0,240.0,1.0,0.1,0.1,0.1,240.0,0.0,0.0,240.0,240.0,1.0,50.1,50.1,50.1,240.0,0.0,0.0,240.0,240.0,1.0,289.0,289.0,289.0,240.0,0.0,0.0,1.0
E001947,4,3,0,0,74,9.0,63.2,93.4,79.61111111111113,78.1,30.200000000000003,0.12102653437052383,-0.02229647550302747,0.0,0.0190898875736478,-1.0,93.4,104.0,63.2,120.0,0.0,-1.0,83.06666666666668,11.0,14.3,20.7,18.788888888888888,18.4,6.399999999999999,0.10448954589499601,-0.008400756193649037,0.0,-0.004482190738351573,-1.0,20.7,104.0,14.3,209.0,0.0,-1.0,19.23333333333333,18.0,114.3,137.9,126.08888888888889,124.7,23.60000000000001,0.06569686295519295,-0.05323695830358818,0.0,-0.029842032354532297,1.0,137.9,209.0,114.3,229.0,0.0,-1.0,119.60000000000001,-1.0,68.8,85.5,78.15555555555557,75.7,16.700000000000003,0.07261305341409323,0.01530631130853228,0.0,0.04920718910338358,1.0,85.5,209.0,68.8,104.0,0.0,-1.0,79.06666666666666,16.0,93.8,98.6,96.87777777777778,97.0,4.799999999999997,0.014940813459783967,0.01599376008037866,0.0,0.01173669284597424,-1.0,98.6,227.0,93.8,0.0,0.0,-1.0,97.89999999999999,-1.0,36.91,37.89,37.21111111111111,37.89,0.980000000000004,0.00774580519845708,0.0012297400914835584,0.0,0.0007772935629819165,1.0,37.89,240.0,36.91,229.0,0.0,-1.0,37.306666666666665,-1.0,13.0,15.0,14.0,15.0,2.0,0.03367175148507369,0.004759260728166889,0.0,0.0027645824291464382,0.0,15.0,240.0,13.0,0.0,0.0,-1.0,14.333333333333334,-1.0,34.5,39.5,37.27777777777778,39.5,5.0,0.04389319578640459,0.01150022474286773,0.0,0.0035541233895564897,-1.0,39.5,240.0,34.5,0.0,0.0,-1.0,37.699999999999996,-1.0,1.0,1.0,1.0,1.0,1.0,1.0,1.0,1.0,1.0,1.0,1.0,1.0,1.0,1.0,1.0,2.0,1.0,142.0,195.0,0.0,1.0,195.0,1.0,142.0,0.0,-1.0,0.0,-1.0,0.0,-1.0,0.0,-1.0,0.0,-1.0,0.0,-1.0,0.0,-1.0,0.0,-1.0,4.0,0.0,22.0,,0.0,0.0,5.0,0.0,195.0,1.0,0.0,120.0,120.0,1.0,9.56,9.56,9.56,120.0,0.0,0.0,120.0,120.0,1.0,136.3,136.3,136.3,120.0,0.0,0.0,120.0,120.0,1.0,4.21,4.21,4.21,120.0,0.0,0.0,120.0,120.0,1.0,18.9,18.9,18.9,120.0,0.0,0.0,120.0,120.0,1.0,18.2,18.2,18.2,120.0,0.0,0.0,120.0,120.0,1.0,7.337,7.337,7.337,120.0,0.0,0.0,120.0,120.0,1.0,0.001,0.001,0.001,120.0,0.0,0.0,120.0,120.0,1.0,2.01,2.01,2.01,120.0,0.0,0.0,120.0,120.0,1.0,204.5,204.5,204.5,120.0,0.0,0.0,120.0,120.0,1.0,8.7,8.7,8.7,120.0,0.0,0.0,120.0,120.0,1.0,4.07,4.07,4.07,120.0,0.0,0.0,120.0,120.0,1.0,100.6,100.6,100.6,120.0,0.0,0.0,120.0,120.0,1.0,290.4,290.4,290.4,120.0,0.0,0.0,1.0
E000345,4,3,0,0,74,6.0,62.5,103.1,85.56666666666666,98.8,40.599999999999994,0.17743753880388022,0.1268860726703122,0.20882352941176419,-0.038858336367294376,1.0,103.1,110.0,62.5,0.0,0.0,-1.0,98.8,-1.0,12.8,17.6,15.25,12.8,4.800000000000001,0.1158727675217855,-0.012253249197566547,0.03235294117647051,-0.03569854561480821,-1.0,17.6,110.0,12.8,240.0,0.0,-1.0,12.8,80.0,100.6,130.1,120.11666666666667,119.6,29.5,0.07856282235059762,-0.017740153241506778,-0.25000000000000044,0.08142640887577395,1.0,130.1,0.0,100.6,110.0,0.0,-1.0,119.6,80.0,73.6,81.0,77.75000000000001,81.0,7.400000000000006,0.03322338611727199,0.02257458684292562,-0.11176470588235321,0.026617740050204137,1.0,81.0,240.0,73.6,34.0,0.0,-1.0,81.0,69.0,95.3,98.1,97.36666666666667,98.0,2.799999999999997,0.010057124835034834,0.0014150351532618705,-0.020588235294117824,0.013825282158392078,1.0,98.1,0.0,95.3,110.0,0.0,-1.0,98.0,80.0,36.55,36.91,36.70666666666666,36.78,0.35999999999999943,0.003578652469167823,0.0011891800000810044,0.002058823529411635,0.0009808956253474588,-1.0,36.91,190.0,36.55,0.0,0.0,-1.0,36.78,-1.0,14.0,15.0,14.166666666666666,14.0,1.0,0.02630668208823282,0.0018740311097259585,-1.0000959863512251e-16,0.002241937647306834,-1.0,15.0,190.0,14.0,0.0,0.0,-1.0,14.0,50.0,31.5,41.5,36.85,35.6,10.0,0.09654013043446477,-0.004700458591198054,-0.23235294117647068,0.010883936612566435,1.0,41.5,0.0,31.5,103.0,0.0,-1.0,35.6,7.0,0.0,0.0,0.0,0.0,0.0,0.0,0.0,0.0,0.0,0.0,0.0,0.0,0.0,0.0,0.0,0.0,0.0,-1.0,-1.0,0.0,0.0,-1.0,0.0,-1.0,0.0,-1.0,0.0,-1.0,0.0,-1.0,0.0,-1.0,0.0,-1.0,0.0,-1.0,0.0,-1.0,0.0,-1.0,0.0,0.0,,,0.0,0.0,2.0,0.0,190.0,1.0,0.0,,,,,,,,,,,,,,,,,,,,,,,,,,,,,,,,,,,,,,,,,,,,,,,,,,,,,,,,,,,,,,,,,,,,,,,,,,,,,,,,,,,,,,,,,,,,,,,,,,,,,,,,,,,,,,,,,,,,,,
E000225,2,1,0,1,43,6.0,61.7,98.6,83.5,98.6,36.89999999999999,0.16919885483383673,0.03761929038809132,-0.1142857142857137,0.07370173102529945,1.0,98.6,240.0,61.7,156.0,0.0,-1.0,98.6,-1.0,13.9,15.5,14.700000000000001,15.5,1.5999999999999996,0.04062692260129006,0.002727720874185212,0.0231622746185854,0.011068575233022628,-1.0,15.5,240.0,13.9,0.0,0.0,-1.0,15.5,-1.0,114.2,147.5,128.66666666666666,139.3,33.3,0.09034136031850658,0.0973755061283131,-0.0943828016643552,-0.03801597869507333,1.0,147.5,116.0,114.2,34.0,0.0,-1.0,139.3,40.0,66.7,83.5,75.89999999999999,82.1,16.799999999999997,0.08267216593440575,0.016426997442498162,-0.25381414701802996,0.10912117177097184,1.0,83.5,0.0,66.7,116.0,0.0,-1.0,82.1,40.0,94.8,98.9,96.98333333333333,97.6,4.1000000000000085,0.013632657023731756,0.003404805743634529,0.07864077669902945,0.01238348868175762,-1.0,98.9,53.0,94.8,0.0,0.0,-1.0,97.6,63.0,36.61,36.89,36.73833333333334,36.67,0.28000000000000114,0.002481890734762029,-1.0154166368248748e-05,-0.0013245492371702949,-0.0006075233022637209,-1.0,36.89,156.0,36.61,34.0,0.0,-1.0,36.67,19.0,13.0,15.0,13.833333333333334,13.0,2.0,0.06488150370041572,-0.00427654724636707,0.04022191400832181,-0.0018308921438082745,-1.0,15.0,34.0,13.0,0.0,0.0,-1.0,13.0,82.0,30.8,40.4,36.2,40.4,9.599999999999998,0.0867274274574195,0.010809763167762824,-0.03626907073508988,0.07228695073235684,1.0,40.4,240.0,30.8,116.0,0.0,-1.0,40.4,40.0,2.0,1.0,1.0,1.0,1.0,1.0,1.0,1.0,1.0,1.0,1.0,1.0,1.0,1.0,1.0,0.0,0.0,-1.0,-1.0,0.0,0.0,-1.0,0.0,-1.0,0.0,-1.0,0.0,-1.0,0.0,-1.0,0.0,-1.0,0.0,-1.0,0.0,-1.0,0.0,-1.0,0.0,-1.0,0.0,0.0,,,0.0,0.0,4.0,0.0,240.0,0.0,0.0,0.0,240.0,2.0,9.81,2.68,9.81,0.0,-7.130000000000001,-0.726809378185525,0.0,240.0,2.0,136.6,139.0,139.0,240.0,2.4000000000000057,0.017569546120058607,0.0,240.0,2.0,4.21,3.92,4.21,0.0,-0.29000000000000004,-0.06888361045130642,0.0,240.0,2.0,25.6,26.0,26.0,240.0,0.3999999999999986,0.015624999999999944,0.0,240.0,2.0,32.1,10.1,32.1,0.0,-22.0,-0.6853582554517134,0.0,240.0,2.0,7.398,7.41,7.41,240.0,0.012000000000000455,0.0016220600162206618,0.0,240.0,2.0,0.019,0.032,0.032,240.0,0.013000000000000001,0.6842105263157896,0.0,240.0,2.0,0.94,1.63,1.63,240.0,0.69,0.7340425531914894,0.0,240.0,2.0,75.4,367.9,367.9,240.0,292.5,3.879310344827586,0.0,240.0,2.0,14.9,7.7,14.9,0.0,-7.2,-0.48322147651006714,0.0,240.0,2.0,0.1,1.9,1.9,240.0,1.7999999999999998,17.999999999999996,0.0,240.0,2.0,71.1,82.6,82.6,240.0,11.5,0.1617440225035162,0.0,240.0,2.0,288.2,272.9,288.2,0.0,-15.300000000000011,-0.05308813324080504,1.0
E000642,3,2,0,1,65,7.0,93.6,121.1,102.6,97.9,27.5,0.08565915221333267,-0.027779560206322895,0.0,-0.13972884994978713,-1.0,121.1,83.0,93.6,205.0,0.0,-1.0,98.9,38.0,17.8,25.6,21.914285714285715,17.8,7.800000000000001,0.10532016554111225,-0.009811137984649143,0.0,-0.023731689579942553,-1.0,25.6,205.0,17.8,240.0,1.0,205.0,19.1,-1.0,103.9,129.9,118.65714285714286,114.2,26.0,0.06964321780420747,0.0382700091315187,0.0,-0.04413547113619794,-1.0,129.9,225.0,103.9,0.0,0.0,-1.0,122.05000000000001,15.0,67.8,82.4,74.64285714285714,72.8,14.600000000000009,0.0703530881741242,0.012484266640341756,0.0,-0.030352875991273336,-1.0,82.4,121.0,67.8,225.0,0.0,-1.0,70.3,104.0,94.1,95.8,95.08571428571429,95.8,1.7000000000000028,0.007360245621343701,0.005267590513092628,0.0,0.0035737784395886776,-1.0,95.8,192.0,94.1,0.0,0.0,-1.0,95.6,13.0,37.19,37.79,37.52714285714285,37.19,0.6000000000000014,0.0053951458370694195,-0.0015469286013968537,0.0,-0.0012951483879905061,-1.0,37.79,0.0,37.19,240.0,0.0,-1.0,37.379999999999995,-1.0,11.0,13.0,12.428571428571429,11.0,2.0,0.058609419696468795,-0.003862385547520884,0.0,-0.004017037780932937,0.0,13.0,0.0,11.0,240.0,3.0,83.0,11.5,-1.0,38.2,45.2,41.15714285714286,41.1,7.0,0.04773374088905542,-0.008389891162170638,0.0,-0.021631402153963395,-1.0,45.2,83.0,38.2,192.0,0.0,-1.0,40.650000000000006,38.0,3.0,1.0,1.0,1.0,1.0,1.0,1.0,1.0,1.0,1.0,1.0,1.0,1.0,1.0,1.0,1.0,1.0,63.0,63.0,0.0,0.0,-1.0,1.0,63.0,0.0,-1.0,0.0,-1.0,0.0,-1.0,0.0,-1.0,0.0,-1.0,0.0,-1.0,0.0,-1.0,0.0,-1.0,2.0,0.0,63.0,,4.0,38.0,3.0,240.0,192.0,1.0,0.0,0.0,240.0,3.0,7.71,8.45,8.45,240.0,0.7399999999999993,0.0959792477302204,0.0,240.0,3.0,134.1,139.4,142.5,120.0,5.300000000000011,0.039522744220730884,0.0,240.0,3.0,4.44,4.5,4.5,240.0,0.05999999999999961,0.013513513513513424,0.0,240.0,3.0,19.9,23.3,23.3,240.0,3.400000000000002,0.17085427135678405,0.0,240.0,3.0,54.0,32.3,54.0,0.0,-21.700000000000003,-0.4018518518518519,0.0,240.0,3.0,7.341,7.347,7.382,120.0,0.006000000000000227,0.0008173273395995405,0.0,240.0,3.0,0.068,0.028,0.068,0.0,-0.04000000000000001,-0.5882352941176471,0.0,240.0,3.0,3.38,2.32,3.38,0.0,-1.06,-0.31360946745562135,0.0,240.0,3.0,593.4,571.5,593.4,0.0,-21.899999999999977,-0.0369059656218402,0.0,240.0,3.0,22.8,25.9,25.9,240.0,3.099999999999998,0.13596491228070165,0.0,240.0,3.0,6.78,7.64,10.89,120.0,0.8599999999999994,0.12684365781710905,0.0,240.0,3.0,97.1,136.5,136.5,240.0,39.400000000000006,0.4057672502574666,0.0,240.0,3.0,302.0,298.8,302.0,0.0,-3.1999999999999886,-0.010596026490066187,1.0
E001316,3,2,0,1,65,9.0,106.6,146.6,116.57777777777778,106.6,40.0,0.10170166679839604,-0.021399708183033873,0.1981818181818174,-0.20314617618586636,-1.0,146.6,111.0,106.6,240.0,1.0,111.0,109.16666666666667,35.0,20.5,29.1,25.9,20.5,8.600000000000001,0.09723462943384353,-0.021120252908037138,0.003636363636363694,-0.01269966118102608,-1.0,29.1,55.0,20.5,240.0,8.0,0.0,24.133333333333336,-1.0,106.2,129.9,118.66666666666667,116.2,23.700000000000003,0.06943261131631702,0.05985469946905539,0.3399999999999998,0.1255495724427233,-1.0,129.9,227.0,106.2,0.0,0.0,-1.0,124.26666666666667,13.0,66.5,83.0,75.42222222222222,75.9,16.5,0.06357962552654986,0.01075203663924141,0.06363636363636345,-0.04294631332687931,-1.0,83.0,146.0,66.5,203.0,0.0,-1.0,76.43333333333334,57.0,92.0,94.5,93.26666666666668,94.2,2.5,0.00832054805348308,0.0055840392331699224,-0.009090909090909252,0.011010608260729334,1.0,94.5,220.0,92.0,111.0,0.0,-1.0,94.03333333333335,7.0,37.48,38.23,37.75,37.69,0.75,0.00576188542201341,-0.0017341223199448977,-0.011818181818181905,-0.0019782591158438874,1.0,38.23,0.0,37.48,227.0,0.0,-1.0,37.65,-1.0,12.0,14.0,12.555555555555555,12.0,2.0,0.054552336309459964,0.000575527904997361,-2.2837708489945816e-17,-0.010214988706034215,-1.0,14.0,146.0,12.0,0.0,5.0,0.0,12.333333333333334,10.0,35.3,47.7,41.08888888888889,42.6,12.400000000000006,0.09301775299104971,-0.03246666396465773,-0.029090909090909174,0.007600233946434369,1.0,47.7,0.0,35.3,146.0,0.0,-1.0,40.099999999999994,10.0,2.0,1.0,1.0,1.0,1.0,1.0,1.0,1.0,1.0,1.0,1.0,1.0,1.0,1.0,1.0,3.0,1.0,29.0,168.0,1.0,1.0,168.0,1.0,29.0,0.0,-1.0,1.0,102.0,0.0,-1.0,0.0,-1.0,0.0,-1.0,0.0,-1.0,0.0,-1.0,0.0,-1.0,5.0,0.0,-91.0,57.0,14.0,240.0,3.0,0.0,227.0,1.0,0.0,120.0,240.0,2.0,11.38,10.84,11.38,120.0,-0.5400000000000009,-0.047451669595782155,120.0,240.0,2.0,137.8,140.9,140.9,240.0,3.0999999999999943,0.022496371552975285,120.0,240.0,2.0,4.43,4.75,4.75,240.0,0.3200000000000003,0.07223476297968404,120.0,240.0,2.0,19.4,21.4,21.4,240.0,2.0,0.10309278350515465,120.0,240.0,2.0,49.9,47.6,49.9,120.0,-2.299999999999997,-0.04609218436873742,120.0,240.0,2.0,7.302,7.375,7.375,240.0,0.0730000000000004,0.009997261024376938,120.0,240.0,2.0,0.13,0.093,0.13,120.0,-0.037000000000000005,-0.28461538461538466,120.0,240.0,2.0,4.13,3.75,4.13,120.0,-0.3799999999999999,-0.09200968523002419,120.0,240.0,2.0,928.9,760.5,928.9,120.0,-168.39999999999998,-0.18128969749165677,120.0,240.0,2.0,22.3,18.0,22.3,120.0,-4.300000000000001,-0.19282511210762335,120.0,240.0,2.0,4.58,6.95,6.95,240.0,2.37,0.517467248908297,120.0,240.0,2.0,132.6,156.0,156.0,240.0,23.400000000000006,0.17647058823529416,120.0,240.0,2.0,297.2,294.0,297.2,120.0,-3.1999999999999886,-0.010767160161507364,1.0
E001178,2,1,0,1,43,9.0,62.9,89.8,81.03333333333333,89.8,26.9,0.10399513914057122,-0.021834567719538234,-0.06153846153846165,0.020220476472376517,1.0,89.8,240.0,62.9,142.0,0.0,-1.0,87.85,28.0,13.9,20.9,17.22222222222222,16.3,6.999999999999998,0.14537475344297446,-0.0007860825300083184,0.00961538461538454,0.013554983120270082,-1.0,20.9,170.0,13.9,181.0,0.0,-1.0,18.25,29.0,112.4,138.7,123.83333333333333,120.2,26.299999999999983,0.059451399147152466,0.01370861271150865,-0.2134615384615386,-0.005323914817363095,1.0,138.7,177.0,112.4,181.0,0.0,-1.0,123.85,29.0,67.7,87.6,75.61111111111111,87.6,19.89999999999999,0.0655179648018439,0.023978980083889188,-0.04423076923076927,0.051986368218108266,1.0,87.6,240.0,67.7,177.0,0.0,-1.0,80.85,-1.0,95.9,97.9,96.96666666666667,96.7,2.0,0.006875214850464063,-0.0018810141157219267,-0.026923076923077098,-0.0012231804291130762,1.0,97.9,210.0,95.9,177.0,0.0,-1.0,97.30000000000001,4.0,36.39,37.2,36.847777777777786,36.82,0.8100000000000023,0.005723878065412512,-0.0018198070288590335,-0.00480769230769236,-0.0012103806339098745,1.0,37.2,0.0,36.39,181.0,0.0,-1.0,36.835,29.0,12.0,15.0,13.444444444444445,14.0,3.0,0.061845576640891596,0.002997588942900804,0.019230769230769204,0.008055871106062259,-1.0,15.0,210.0,12.0,177.0,1.0,177.0,14.5,30.0,32.6,38.1,34.91111111111112,35.3,5.5,0.045720037601159856,0.010852137702959513,-0.009615384615384675,-0.0012487800195197648,1.0,38.1,181.0,32.6,52.0,0.0,-1.0,34.75,29.0,0.0,0.0,0.0,0.0,0.0,0.0,0.0,0.0,0.0,0.0,0.0,0.0,0.0,0.0,0.0,0.0,0.0,-1.0,-1.0,0.0,0.0,-1.0,0.0,-1.0,0.0,-1.0,0.0,-1.0,0.0,-1.0,0.0,-1.0,0.0,-1.0,0.0,-1.0,0.0,-1.0,0.0,-1.0,0.0,0.0,,,1.0,4.0,5.0,177.0,181.0,1.0,0.0,,,,,,,,,,,,,,,,,,,,,,,,,,,,,,,,,,,,,,,,,,,,,,,,,,,,,,,,,,,,,,,,,,,,,,,,,,,,,,,,,,,,,,,,,,,,,,,,,,,,,,,,,,,,,,,,,,,,,,
E000847,4,3,0,0,74,8.0,47.3,82.6,70.85,74.7,35.3,0.14580003155939258,-0.03811658624467002,0.3357142857142853,0.26527323000800385,-1.0,82.6,33.0,47.3,151.0,0.0,-1.0,72.33333333333333,24.0,10.2,16.1,13.0625,12.0,5.900000000000002,0.13917113277767712,0.0013972605220036196,-0.15000000000000002,-0.003299861747798864,1.0,16.1,0.0,10.2,22.0,0.0,-1.0,13.366666666666667,129.0,124.2,138.9,132.575,129.6,14.700000000000003,0.040839337077647794,-0.02566056183742399,0.1746753246753262,-0.01098741177326635,-1.0,138.9,220.0,124.2,175.0,0.0,-1.0,131.20000000000002,45.0,66.8,85.7,75.3125,71.4,18.900000000000006,0.08453055165429411,-0.00484940113526293,-0.3168831168831164,-0.12628247107618412,1.0,85.7,151.0,66.8,33.0,0.0,-1.0,73.3,118.0,95.4,98.9,97.5125,97.7,3.5,0.010906590576288046,0.0006911161607473093,0.046753246753246436,-0.007374663465036386,1.0,98.9,220.0,95.4,222.0,0.0,-1.0,97.33333333333333,2.0,36.2,36.99,36.6425,36.2,0.7899999999999991,0.0063458246617062895,-0.0016606704750178557,0.009675324675324908,-0.0024299643454849212,-1.0,36.99,22.0,36.2,240.0,0.0,-1.0,36.46666666666667,-1.0,14.0,15.0,14.625,15.0,1.0,0.033102421762456556,-0.0021636987479517447,3.420788722292536e-17,0.010332532925853144,1.0,15.0,0.0,14.0,151.0,0.0,-1.0,14.666666666666666,69.0,30.8,38.7,34.6125,35.7,7.900000000000002,0.06823848860671611,-0.0029779375152770744,0.0915584415584419,-0.038052099250527625,1.0,38.7,151.0,30.8,222.0,0.0,-1.0,33.63333333333333,24.0,0.0,0.0,0.0,0.0,0.0,0.0,0.0,0.0,0.0,0.0,0.0,0.0,0.0,0.0,0.0,2.0,1.0,53.0,135.0,1.0,0.0,-1.0,1.0,53.0,0.0,-1.0,0.0,-1.0,1.0,135.0,0.0,-1.0,0.0,-1.0,0.0,-1.0,0.0,-1.0,0.0,-1.0,3.0,0.0,,,0.0,0.0,4.0,151.0,220.0,1.0,0.0,,,,,,,,,,,,,,,,,,,,,,,,,,,,,,,,,,,,,,,,,,,,,,,,,,,,,,,,,,,,,,,,,,,,,,,,,,,,,,,,,,,,,,,,,,,,,,,,,,,,,,,,,,,,,,,,,,,,,,
E001206,0,6,1,0,41,8.0,72.0,102.2,89.38750000000002,89.9,30.200000000000003,0.09901098333620194,-0.010160424445869544,0.8173913043478258,0.010898852509038496,-1.0,102.2,23.0,72.0,112.0,0.0,-1.0,89.9,39.0,12.9,21.1,17.025,12.9,8.200000000000001,0.15506357627134842,-0.02712505814757545,-0.047826086956521865,-0.04553625091309209,-1.0,21.1,62.0,12.9,240.0,0.0,-1.0,12.9,-1.0,115.1,130.5,123.44999999999999,119.1,15.400000000000006,0.0413182279556068,-0.03882120720652772,-0.4695652173913059,-0.06349388343858936,1.0,130.5,62.0,115.1,142.0,0.0,-1.0,119.1,-1.0,68.7,86.1,77.675,86.1,17.39999999999999,0.072123281835242,0.029403185858509494,-0.6913043478260872,0.06140879712248858,1.0,86.1,240.0,68.7,23.0,0.0,-1.0,86.1,78.0,95.9,99.7,96.925,96.4,3.799999999999997,0.012062257365065695,0.0022642980173246986,-0.02173913043478347,-0.0009921497193685958,1.0,99.7,112.0,95.9,62.0,0.0,-1.0,96.4,18.0,36.51,37.26,36.932500000000005,36.56,0.75,0.007188968828410815,-0.001930248054413573,-0.01608695652173934,-0.0037240288860738097,-1.0,37.26,62.0,36.51,130.0,0.0,-1.0,36.56,12.0,14.0,15.0,14.375,15.0,1.0,0.03367811605397754,0.0024956310740642798,-1.4784027624322457e-16,0.0005270506430942628,1.0,15.0,62.0,14.0,0.0,0.0,-1.0,15.0,50.0,31.2,41.6,37.45,35.9,10.400000000000002,0.07587862343595632,-0.0028288009655641233,0.01739130434782581,-0.0071604915440733816,-1.0,41.6,130.0,31.2,112.0,0.0,-1.0,35.9,18.0,1.0,1.0,1.0,1.0,1.0,1.0,1.0,1.0,1.0,1.0,1.0,1.0,1.0,1.0,1.0,3.0,1.0,25.0,147.0,1.0,0.0,-1.0,1.0,147.0,1.0,83.0,0.0,-1.0,1.0,25.0,0.0,-1.0,0.0,-1.0,0.0,-1.0,0.0,-1.0,0.0,-1.0,7.0,0.0,-95.0,,0.0,0.0,6.0,0.0,240.0,0.0,0.0,120.0,120.0,1.0,5.93,5.93,5.93,120.0,0.0,0.0,120.0,120.0,1.0,138.5,138.5,138.5,120.0,0.0,0.0,120.0,120.0,1.0,4.17,4.17,4.17,120.0,0.0,0.0,120.0,120.0,1.0,23.9,23.9,23.9,120.0,0.0,0.0,120.0,120.0,1.0,28.0,28.0,28.0,120.0,0.0,0.0,120.0,120.0,1.0,7.362,7.362,7.362,120.0,0.0,0.0,120.0,120.0,1.0,0.024,0.024,0.024,120.0,0.0,0.0,120.0,120.0,1.0,1.85,1.85,1.85,120.0,0.0,0.0,120.0,120.0,1.0,240.6,240.6,240.6,120.0,0.0,0.0,120.0,120.0,1.0,17.5,17.5,17.5,120.0,0.0,0.0,120.0,120.0,1.0,2.61,2.61,2.61,120.0,0.0,0.0,120.0,120.0,1.0,93.5,93.5,93.5,120.0,0.0,0.0,120.0,120.0,1.0,290.2,290.2,290.2,120.0,0.0,0.0,1.0
E002148,2,1,0,1,43,8.0,95.0,132.1,110.9375,96.3,37.099999999999994,0.09928998484768421,-0.10159225395417344,-0.45661260137242704,-0.06093893666504406,1.0,132.1,0.0,95.0,114.0,1.0,0.0,96.3,-1.0,15.6,27.0,21.6625,23.9,11.4,0.14403098040261397,-0.01715087853708215,-0.1262632563942608,-0.0001379198442317527,1.0,27.0,0.0,15.6,207.0,1.0,0.0,23.9,33.0,112.3,141.1,125.725,129.1,28.799999999999997,0.06862112525704461,0.049636589078518346,0.0292264504054899,0.029552707014981867,-1.0,141.1,99.0,112.3,41.0,0.0,-1.0,129.1,15.0,66.8,90.4,77.125,66.8,23.60000000000001,0.09614231960004242,0.001376021935704781,0.12021210230817188,0.018789550543566545,-1.0,90.4,207.0,66.8,240.0,0.0,-1.0,66.8,33.0,92.2,97.5,94.8875,97.5,5.299999999999997,0.016549915733270568,0.017249669855542604,0.06079226450405477,0.017669965925685514,1.0,97.5,240.0,92.2,0.0,0.0,-1.0,97.5,-1.0,37.06,37.47,37.301249999999996,37.22,0.4099999999999966,0.004271429252658074,-0.0001533785622840843,-0.0072301933873986325,-0.00028178917194016047,-1.0,37.47,0.0,37.06,41.0,0.0,-1.0,37.22,25.0,11.0,14.0,12.25,12.0,3.0,0.07904047645321259,0.004445609330739184,0.03836556456643789,0.004083509113526954,-1.0,14.0,207.0,11.0,0.0,5.0,0.0,12.0,33.0,33.8,46.7,41.25,39.0,12.900000000000006,0.08806876018057078,-0.03915966894827589,-0.07557704304429186,-0.028073449077830145,1.0,46.7,0.0,33.8,207.0,0.0,-1.0,39.0,-1.0,2.0,1.0,1.0,1.0,1.0,1.0,1.0,1.0,1.0,1.0,1.0,1.0,1.0,1.0,1.0,4.0,1.0,54.0,130.0,3.0,1.0,59.0,1.0,54.0,0.0,-1.0,0.0,-1.0,1.0,130.0,0.0,-1.0,0.0,-1.0,0.0,-1.0,0.0,-1.0,0.0,-1.0,4.0,0.0,-66.0,59.0,7.0,108.0,4.0,0.0,207.0,0.0,1.0,120.0,240.0,2.0,9.15,8.06,9.15,120.0,-1.0899999999999999,-0.11912568306010927,120.0,240.0,2.0,133.4,135.7,135.7,240.0,2.299999999999983,0.0172413793103447,120.0,240.0,2.0,4.05,4.15,4.15,240.0,0.10000000000000053,0.024691358024691492,120.0,240.0,2.0,17.4,22.1,22.1,240.0,4.700000000000003,0.2701149425287358,120.0,240.0,2.0,32.8,30.7,32.8,120.0,-2.099999999999998,-0.06402439024390238,120.0,240.0,2.0,7.39,7.364,7.39,120.0,-0.0259999999999998,-0.0035182679296346148,120.0,240.0,2.0,0.066,0.027,0.066,120.0,-0.03900000000000001,-0.5909090909090909,120.0,240.0,2.0,3.56,3.24,3.56,120.0,-0.31999999999999984,-0.08988764044943816,120.0,240.0,2.0,481.6,517.1,517.1,240.0,35.5,0.0737126245847176,120.0,240.0,2.0,17.0,14.5,17.0,120.0,-2.5,-0.14705882352941177,120.0,240.0,2.0,1.43,7.9,7.9,240.0,6.470000000000001,4.524475524475525,120.0,240.0,2.0,147.3,117.7,147.3,120.0,-29.60000000000001,-0.2009504412763069,120.0,240.0,2.0,294.5,303.5,303.5,240.0,9.0,0.030560271646859084,1.0
E001286,4,3,0,0,74,6.0,64.7,91.9,77.81666666666668,72.2,27.200000000000003,0.12996054704746826,-0.06011843002401197,0.10303030303030287,0.07271419466448126,-1.0,91.9,33.0,64.7,84.0,0.0,-1.0,72.2,117.0,13.8,19.3,16.133333333333333,19.3,5.5,0.11275011280696076,0.00781652980760681,-0.07272727272727275,0.014491486843303316,1.0,19.3,240.0,13.8,148.0,0.0,-1.0,19.3,53.0,114.9,140.8,126.43333333333334,121.0,25.900000000000006,0.07738151644651675,-0.016718050573622075,-0.5606060606060604,0.08057725575889992,1.0,140.8,0.0,114.9,84.0,0.0,-1.0,121.0,117.0,70.2,82.8,77.19999999999999,74.0,12.599999999999994,0.05744445032664106,0.018582693504876624,0.15151515151515088,-0.04461076208686152,-1.0,82.8,84.0,70.2,0.0,0.0,-1.0,74.0,156.0,96.1,97.5,96.95,96.9,1.4000000000000057,0.00500904324714924,-0.0033839267186432037,0.009090909090908247,-0.00260402440134782,1.0,97.5,33.0,96.1,148.0,0.0,-1.0,96.9,92.0,36.18,36.63,36.38999999999999,36.3,0.45000000000000284,0.003994863513301565,0.00047601754958052347,0.003939393939393909,-0.0018022398251845183,-1.0,36.63,84.0,36.18,0.0,0.0,-1.0,36.3,156.0,13.0,15.0,14.333333333333334,14.0,2.0,0.05200158087208813,-0.0014525835235525732,0.030303030303030245,-0.0022762451060730216,-1.0,15.0,33.0,13.0,148.0,0.0,-1.0,14.0,115.0,33.1,40.7,36.416666666666664,33.1,7.600000000000001,0.06904083948710306,-0.002449381910888421,-0.036363636363636445,0.008524082673222183,-1.0,40.7,201.0,33.1,240.0,0.0,-1.0,33.1,-1.0,0.0,0.0,0.0,0.0,0.0,0.0,0.0,0.0,0.0,0.0,0.0,0.0,0.0,0.0,0.0,2.0,1.0,82.0,214.0,0.0,0.0,-1.0,1.0,82.0,0.0,-1.0,0.0,-1.0,0.0,-1.0,0.0,-1.0,0.0,-1.0,0.0,-1.0,0.0,-1.0,0.0,-1.0,2.0,0.0,,,0.0,0.0,3.0,148.0,201.0,1.0,0.0,,,,,,,,,,,,,,,,,,,,,,,,,,,,,,,,,,,,,,,,,,,,,,,,,,,,,,,,,,,,,,,,,,,,,,,,,,,,,,,,,,,,,,,,,,,,,,,,,,,,,,,,,,,,,,,,,,,,,,
E000771,4,3,0,0,74,8.0,89.2,124.1,106.86250000000001,97.4,34.89999999999999,0.11280145870255301,-0.07216868357826146,-0.5336313617606596,-0.13475848929732195,1.0,124.1,0.0,89.2,44.0,0.0,-1.0,97.4,28.0,18.1,25.8,22.0875,19.7,7.699999999999999,0.1309332361924391,-0.0300072225579647,0.027097661623108435,-0.03346408158691033,-1.0,25.8,72.0,18.1,144.0,2.0,44.0,19.7,-1.0,88.6,133.2,115.76249999999999,121.0,44.599999999999994,0.12636038040488604,0.10891528971301401,-0.2662310866574971,0.04792670626470878,1.0,133.2,89.0,88.6,44.0,1.0,44.0,121.0,5.0,61.7,79.5,73.3625,66.7,17.799999999999997,0.08344691364660597,-0.01303214775290006,-0.1632737276478682,0.004807800067241682,-1.0,79.5,0.0,61.7,72.0,0.0,-1.0,66.7,17.0,93.0,97.1,94.7875,96.0,4.099999999999994,0.013338837639503992,0.01218430788732825,-0.01299862448418211,0.016558332399416755,-1.0,97.1,165.0,93.0,89.0,0.0,-1.0,96.0,-1.0,37.09,37.79,37.511250000000004,37.09,0.6999999999999957,0.005608526390459406,-0.002281827159765893,-2.1344577876015697e-16,-0.00326795920654499,-1.0,37.79,44.0,37.09,240.0,0.0,-1.0,37.09,-1.0,11.0,14.0,12.0,12.0,3.0,0.10206207261596574,0.009740135312412499,0.012379642365887147,0.009694049086630017,-1.0,14.0,144.0,11.0,0.0,6.0,0.0,12.0,96.0,33.2,44.7,39.7375,37.8,11.5,0.09607301339879287,-0.03861179487935378,0.03782668500687749,-0.015908326795920687,1.0,44.7,49.0,33.2,165.0,0.0,-1.0,37.8,-1.0,2.0,1.0,1.0,1.0,1.0,1.0,1.0,1.0,1.0,1.0,1.0,1.0,1.0,1.0,1.0,3.0,1.0,87.0,149.0,0.0,1.0,149.0,1.0,93.0,0.0,-1.0,0.0,-1.0,0.0,-1.0,0.0,-1.0,0.0,-1.0,0.0,-1.0,0.0,-1.0,0.0,-1.0,4.0,0.0,-33.0,,9.0,144.0,5.0,0.0,-1.0,0.0,0.0,120.0,240.0,2.0,11.32,9.94,11.32,120.0,-1.3800000000000008,-0.12190812720848063,120.0,240.0,2.0,139.5,133.6,139.5,120.0,-5.900000000000006,-0.042293906810035885,120.0,240.0,2.0,3.88,3.77,3.88,120.0,-0.10999999999999988,-0.028350515463917494,120.0,240.0,2.0,23.7,23.4,23.7,120.0,-0.3000000000000007,-0.012658227848101297,120.0,240.0,2.0,53.1,18.2,53.1,120.0,-34.900000000000006,-0.6572504708097929,120.0,240.0,2.0,7.366,7.337,7.366,120.0,-0.028999999999999915,-0.003937007874015737,120.0,240.0,2.0,0.108,0.085,0.108,120.0,-0.022999999999999993,-0.2129629629629629,120.0,240.0,2.0,3.47,2.52,3.47,120.0,-0.9500000000000002,-0.27377521613832856,120.0,240.0,2.0,581.1,531.3,581.1,120.0,-49.80000000000007,-0.085699535363965,120.0,240.0,2.0,9.1,25.0,25.0,240.0,15.9,1.7472527472527473,120.0,240.0,2.0,2.96,8.88,8.88,240.0,5.920000000000001,2.0000000000000004,120.0,240.0,2.0,116.2,134.3,134.3,240.0,18.10000000000001,0.15576592082616186,120.0,240.0,2.0,286.7,289.8,289.8,240.0,3.1000000000000227,0.010812696198116577,1.0
E002043,1,0,0,1,38,6.0,65.6,94.1,81.73333333333333,90.3,28.5,0.11190466274972692,0.0234692474773859,-0.11000000000000076,0.027450842942764057,1.0,94.1,124.0,65.6,159.0,0.0,-1.0,90.3,7.0,10.0,17.2,14.066666666666668,17.2,7.199999999999999,0.168313183479429,0.018882390601617477,-0.19499999999999992,0.021502926641197292,1.0,17.2,240.0,10.0,20.0,0.0,-1.0,17.2,104.0,107.8,132.8,121.71666666666665,107.8,25.000000000000014,0.07651791640390042,-0.05184468002372369,-0.7550000000000008,-0.21294732045844866,1.0,132.8,124.0,107.8,240.0,0.0,-1.0,107.8,-1.0,66.9,79.4,72.3,68.2,12.5,0.059960274323140814,-0.03637749070099013,0.22999999999999998,-0.004486348182678447,-1.0,79.4,20.0,66.9,124.0,0.0,-1.0,68.2,35.0,94.3,99.2,97.06666666666668,94.5,4.900000000000006,0.019858286119232106,-0.012541388940168006,0.06499999999999892,-0.008948161648732878,-1.0,99.2,20.0,94.3,124.0,0.0,-1.0,94.5,35.0,36.42,37.03,36.735,36.73,0.6099999999999994,0.004856284953017903,-0.0005433292615387515,0.016999999999999866,0.0019778486558480256,-1.0,37.03,20.0,36.42,124.0,0.0,-1.0,36.73,104.0,14.0,15.0,14.5,14.0,1.0,0.034482758620689655,-0.004135948184778267,-4.0599237854847864e-17,-0.0018576285443903191,0.0,15.0,0.0,14.0,124.0,0.0,-1.0,14.0,35.0,34.6,39.9,36.25,34.8,5.299999999999997,0.0499797818813612,-0.008145814758225763,-0.015000000000000482,-0.03439066278784477,0.0,39.9,124.0,34.6,159.0,0.0,-1.0,34.8,35.0,2.0,1.0,1.0,1.0,1.0,1.0,1.0,1.0,1.0,1.0,1.0,1.0,1.0,1.0,1.0,1.0,1.0,89.0,89.0,0.0,0.0,-1.0,0.0,-1.0,0.0,-1.0,0.0,-1.0,0.0,-1.0,0.0,-1.0,0.0,-1.0,0.0,-1.0,0.0,-1.0,0.0,-1.0,0.0,0.0,89.0,,0.0,0.0,3.0,124.0,240.0,0.0,0.0,0.0,240.0,2.0,6.05,5.3,6.05,0.0,-0.75,-0.12396694214876033,0.0,240.0,2.0,143.6,135.2,143.6,0.0,-8.400000000000006,-0.05849582172701954,0.0,240.0,2.0,4.04,4.32,4.32,240.0,0.28000000000000025,0.06930693069306937,0.0,240.0,2.0,22.0,24.6,24.6,240.0,2.6000000000000014,0.11818181818181825,0.0,240.0,2.0,29.6,26.3,29.6,0.0,-3.3000000000000007,-0.1114864864864865,0.0,240.0,2.0,7.395,7.378,7.395,0.0,-0.01699999999999946,-0.002298850574712571,0.0,240.0,2.0,0.0,0.028,0.028,240.0,0.028,28000000.0,0.0,240.0,2.0,2.51,1.45,2.51,0.0,-1.0599999999999998,-0.4223107569721115,0.0,240.0,2.0,148.4,20.0,148.4,0.0,-128.4,-0.8652291105121294,0.0,240.0,2.0,19.5,4.5,19.5,0.0,-15.0,-0.7692307692307693,0.0,240.0,2.0,0.1,2.52,2.52,240.0,2.42,24.2,0.0,240.0,2.0,84.9,90.7,90.7,240.0,5.799999999999997,0.06831566548881032,0.0,240.0,2.0,291.7,286.2,291.7,0.0,-5.5,-0.018854988001371274,1.0
E000807,2,1,0,1,43,6.0,74.0,99.3,88.31666666666666,81.6,25.299999999999997,0.10968100046663362,-0.07542449286250946,0.0,-0.10019093012236238,1.0,99.3,179.0,74.0,225.0,0.0,-1.0,77.8,-1.0,12.5,21.6,15.41666666666667,15.9,9.100000000000001,0.19522121332719905,-0.0213398447282745,0.0,0.016111993756445654,1.0,21.6,0.0,12.5,98.0,0.0,-1.0,14.65,-1.0,110.8,151.4,127.83333333333333,135.4,40.60000000000001,0.10076970224798247,0.005349361382419367,0.0,-0.09051481450511463,-1.0,151.4,98.0,110.8,179.0,0.0,-1.0,130.9,36.0,62.2,77.4,70.96666666666668,76.1,15.200000000000003,0.07511448067620213,0.038552466816929754,0.0,0.00024249519190575487,-1.0,77.4,98.0,62.2,0.0,0.0,-1.0,74.85,36.0,95.6,97.6,96.8,95.6,2.0,0.006721494936619553,-0.0012747307788629008,0.0,-0.007209354182345243,-1.0,97.6,134.0,95.6,240.0,0.0,-1.0,96.25,91.0,36.57,37.14,36.845,36.57,0.5700000000000003,0.005306341374953746,-0.0016841973453543295,0.0,-0.0021834322825207615,1.0,37.14,134.0,36.57,240.0,0.0,-1.0,36.68,-1.0,14.0,15.0,14.833333333333334,15.0,1.0,0.025124359297750445,-0.001978462309040833,0.0,-0.0034701898152019084,1.0,15.0,0.0,14.0,225.0,0.0,-1.0,14.5,15.0,32.8,37.0,35.63333333333333,34.9,4.200000000000003,0.04202259578150834,-0.0066892061106937255,0.0,-0.0019274186804915856,-1.0,37.0,0.0,32.8,134.0,0.0,-1.0,35.15,45.0,0.0,0.0,0.0,0.0,0.0,0.0,0.0,0.0,0.0,0.0,0.0,0.0,0.0,0.0,0.0,2.0,1.0,82.0,168.0,0.0,1.0,168.0,1.0,82.0,0.0,-1.0,0.0,-1.0,0.0,-1.0,0.0,-1.0,0.0,-1.0,0.0,-1.0,0.0,-1.0,0.0,-1.0,4.0,0.0,,,0.0,0.0,3.0,225.0,225.0,1.0,0.0,,,,,,,,,,,,,,,,,,,,,,,,,,,,,,,,,,,,,,,,,,,,,,,,,,,,,,,,,,,,,,,,,,,,,,,,,,,,,,,,,,,,,,,,,,,,,,,,,,,,,,,,,,,,,,,,,,,,,,
E001976,3,2,0,1,65,8.0,93.7,126.1,105.5875,111.2,32.39999999999999,0.0874083104629301,-0.011396093667961635,0.4455708661417321,0.12610000839701063,1.0,126.1,52.0,93.7,155.0,0.0,-1.0,109.1,79.0,12.8,21.9,17.6,12.8,9.099999999999998,0.1748486653798763,-0.003118765095033052,-0.13051181102362205,-0.01993030481148719,-1.0,21.9,229.0,12.8,240.0,0.0,-1.0,17.35,-1.0,112.0,134.6,119.77499999999999,129.2,22.599999999999994,0.06455467026559132,0.06604361370716501,-0.0029527559055118504,0.16528885716684866,-1.0,134.6,229.0,112.0,0.0,0.0,-1.0,131.89999999999998,-1.0,69.8,85.9,78.4375,82.2,16.10000000000001,0.07327610652522035,0.053331408169694484,-0.008464566929134151,0.005959778318918419,-1.0,85.9,131.0,69.8,52.0,0.0,-1.0,83.30000000000001,26.0,94.4,96.9,95.6875,95.6,2.5,0.008797179442107454,0.0008129441002485832,0.0012795275590544981,-0.016120161222604793,1.0,96.9,155.0,94.4,24.0,0.0,-1.0,95.05,28.0,37.05,37.58,37.33375,37.43,0.5300000000000011,0.005005608475580455,-0.0002298820399733647,0.0015255905511809586,-0.002110798555714212,1.0,37.58,131.0,37.05,229.0,0.0,-1.0,37.239999999999995,26.0,12.0,15.0,13.25,14.0,3.0,0.06257782623312075,0.004952920998284865,0.0009842519685039465,0.0007137459064573008,1.0,15.0,157.0,12.0,24.0,1.0,24.0,13.5,72.0,36.4,44.7,40.612500000000004,44.7,8.300000000000004,0.06230919804646823,0.007305996009660806,0.04783464566929151,0.016613485599126655,1.0,44.7,240.0,36.4,24.0,0.0,-1.0,41.650000000000006,28.0,2.0,1.0,1.0,1.0,1.0,1.0,1.0,1.0,1.0,1.0,1.0,1.0,1.0,1.0,1.0,1.0,1.0,221.0,221.0,0.0,0.0,-1.0,0.0,-1.0,0.0,-1.0,0.0,-1.0,1.0,221.0,0.0,-1.0,0.0,-1.0,0.0,-1.0,0.0,-1.0,0.0,-1.0,3.0,0.0,221.0,,1.0,28.0,3.0,24.0,229.0,1.0,0.0,0.0,240.0,2.0,10.08,7.5,10.08,0.0,-2.58,-0.25595238095238093,0.0,240.0,2.0,134.6,135.7,135.7,240.0,1.0999999999999943,0.008172362555720613,0.0,240.0,2.0,3.51,4.55,4.55,240.0,1.04,0.29629629629629634,0.0,240.0,2.0,23.0,18.0,23.0,0.0,-5.0,-0.21739130434782608,0.0,240.0,2.0,40.3,41.8,41.8,240.0,1.5,0.03722084367245658,0.0,240.0,2.0,7.324,7.357,7.357,240.0,0.03300000000000036,0.004505734571272579,0.0,240.0,2.0,0.024,0.022,0.024,0.0,-0.0020000000000000018,-0.08333333333333341,0.0,240.0,2.0,2.76,2.69,2.76,0.0,-0.06999999999999984,-0.025362318840579653,0.0,240.0,2.0,635.5,256.2,635.5,0.0,-379.3,-0.5968528717545241,0.0,240.0,2.0,10.6,13.9,13.9,240.0,3.3000000000000007,0.31132075471698123,0.0,240.0,2.0,3.06,6.29,6.29,240.0,3.23,1.0555555555555556,0.0,240.0,2.0,126.5,119.1,126.5,0.0,-7.400000000000006,-0.058498023715415064,0.0,240.0,2.0,283.1,277.0,283.1,0.0,-6.100000000000023,-0.021547156481808626,1.0
E001138,1,0,0,1,38,8.0,66.6,92.3,76.4625,66.6,25.700000000000003,0.12636807776158787,-0.11215198141788543,-0.014814814814815247,-0.06127297265113308,-1.0,92.3,0.0,66.6,240.0,0.0,-1.0,66.6,-1.0,9.0,15.4,12.2125,13.5,6.4,0.1912215415210494,-0.015490863712474415,-0.04074074074074068,0.0009546302544357659,1.0,15.4,0.0,9.0,209.0,0.0,-1.0,13.5,31.0,112.5,140.4,129.9875,140.4,27.900000000000006,0.06800131464468435,0.04047825059044036,0.17407407407407316,0.08682173619656255,1.0,140.4,240.0,112.5,89.0,0.0,-1.0,140.4,-1.0,66.9,91.0,78.775,70.7,24.099999999999994,0.11310785843902603,-0.038091872274773564,-0.5814814814814822,-0.12569959909498668,1.0,91.0,161.0,66.9,209.0,0.0,-1.0,70.7,-1.0,95.8,99.2,96.98750000000001,99.2,3.4000000000000057,0.010720521532055693,-4.947756082929248e-05,-0.0148148148148155,0.007579486365260179,1.0,99.2,240.0,95.8,209.0,0.0,-1.0,99.2,31.0,36.28,36.79,36.5025,36.3,0.509999999999998,0.004822968808015395,-0.0020220479810473834,-0.003703703703703831,-0.001828285634898508,1.0,36.79,0.0,36.28,161.0,0.0,-1.0,36.3,-1.0,13.0,15.0,14.125,14.0,2.0,0.05526546901237521,-0.00619322571760741,-0.03703703703703708,-0.011372206565315752,1.0,15.0,0.0,13.0,179.0,0.0,-1.0,14.0,61.0,30.8,41.1,35.3375,37.4,10.3,0.08840678777670924,-0.0007095033476566129,0.38148148148148153,0.0005557099194220737,-1.0,41.1,27.0,30.8,0.0,0.0,-1.0,37.4,81.0,0.0,0.0,0.0,0.0,0.0,0.0,0.0,0.0,0.0,0.0,0.0,0.0,0.0,0.0,0.0,1.0,1.0,119.0,119.0,0.0,1.0,119.0,0.0,-1.0,0.0,-1.0,0.0,-1.0,0.0,-1.0,0.0,-1.0,0.0,-1.0,0.0,-1.0,0.0,-1.0,0.0,-1.0,4.0,0.0,,,0.0,0.0,2.0,179.0,209.0,1.0,0.0,,,,,,,,,,,,,,,,,,,,,,,,,,,,,,,,,,,,,,,,,,,,,,,,,,,,,,,,,,,,,,,,,,,,,,,,,,,,,,,,,,,,,,,,,,,,,,,,,,,,,,,,,,,,,,,,,,,,,,
E000074,4,3,0,0,74,7.0,85.9,104.8,92.94285714285715,85.9,18.89999999999999,0.06466549021814517,-0.022505727636330547,0.3093023255813948,0.010854106230585681,-1.0,104.8,43.0,85.9,240.0,0.0,-1.0,85.9,54.0,15.6,23.0,18.385714285714283,17.6,7.4,0.1412774598392163,-0.010843677595557679,0.06744186046511617,0.02177239237029244,-1.0,23.0,43.0,15.6,102.0,0.0,-1.0,17.6,101.0,106.0,131.7,122.21428571428571,118.6,25.69999999999999,0.06592387177123508,-0.012428647242321083,-0.25348837209302383,0.012602366955048475,1.0,131.7,97.0,106.0,102.0,0.0,-1.0,118.6,59.0,71.4,91.2,81.02857142857144,79.0,19.799999999999997,0.07711590575891268,-0.006686125529078193,0.018604651162790427,-0.009845198059199263,1.0,91.2,161.0,71.4,97.0,0.0,-1.0,79.0,42.0,95.1,97.7,96.22857142857141,96.8,2.6000000000000085,0.00870717238635107,0.005092742405218975,-0.006976744186046466,0.004513131209406348,1.0,97.7,161.0,95.1,97.0,0.0,-1.0,96.8,42.0,37.04,37.43,37.212857142857146,37.05,0.39000000000000057,0.003532222692740158,-0.0005471996065081774,-0.0009302325581396403,-0.00011783431314645561,-1.0,37.43,203.0,37.04,161.0,0.0,-1.0,37.05,42.0,11.0,14.0,13.0,13.0,3.0,0.07121693075173473,0.0002491683601485826,-0.06976744186046512,-0.004081842220111397,1.0,14.0,0.0,11.0,43.0,1.0,43.0,13.0,54.0,34.2,40.7,37.771428571428565,37.2,6.5,0.05645925251720753,-0.011931281307842613,0.03720930232558132,0.001992144379123678,-1.0,40.7,43.0,34.2,102.0,0.0,-1.0,37.2,101.0,1.0,1.0,1.0,1.0,1.0,1.0,1.0,1.0,1.0,1.0,1.0,1.0,1.0,1.0,1.0,2.0,1.0,31.0,116.0,1.0,0.0,-1.0,1.0,116.0,0.0,-1.0,0.0,-1.0,1.0,31.0,0.0,-1.0,0.0,-1.0,0.0,-1.0,0.0,-1.0,0.0,-1.0,3.0,0.0,-89.0,,1.0,54.0,3.0,43.0,203.0,1.0,0.0,120.0,120.0,1.0,5.48,5.48,5.48,120.0,0.0,0.0,120.0,120.0,1.0,136.0,136.0,136.0,120.0,0.0,0.0,120.0,120.0,1.0,4.29,4.29,4.29,120.0,0.0,0.0,120.0,120.0,1.0,23.7,23.7,23.7,120.0,0.0,0.0,120.0,120.0,1.0,35.4,35.4,35.4,120.0,0.0,0.0,120.0,120.0,1.0,7.349,7.349,7.349,120.0,0.0,0.0,120.0,120.0,1.0,0.021,0.021,0.021,120.0,0.0,0.0,120.0,120.0,1.0,3.99,3.99,3.99,120.0,0.0,0.0,120.0,120.0,1.0,388.8,388.8,388.8,120.0,0.0,0.0,120.0,120.0,1.0,8.6,8.6,8.6,120.0,0.0,0.0,120.0,120.0,1.0,1.14,1.14,1.14,120.0,0.0,0.0,120.0,120.0,1.0,119.3,119.3,119.3,120.0,0.0,0.0,120.0,120.0,1.0,276.9,276.9,276.9,120.0,0.0,0.0,1.0
E000547,4,3,0,0,74,8.0,82.1,114.9,101.2625,102.3,32.80000000000001,0.10330096087859485,-0.048208050443942434,0.0,0.06367944209334206,1.0,114.9,0.0,82.1,121.0,0.0,-1.0,96.26666666666667,49.0,16.5,23.4,19.537499999999998,19.1,6.899999999999999,0.11984340518591487,-0.003172778515712901,0.0,0.011353340883352313,-1.0,23.4,170.0,16.5,210.0,0.0,-1.0,19.433333333333334,14.0,106.2,136.6,118.7875,136.6,30.39999999999999,0.07365185374011061,0.051860675113027305,0.0,0.08620581748822859,1.0,136.6,240.0,106.2,210.0,0.0,-1.0,121.90000000000002,-1.0,66.9,80.0,73.45,77.2,13.099999999999994,0.053262907125986504,0.027841555231617514,0.0,0.07363503606127453,1.0,80.0,177.0,66.9,121.0,0.0,-1.0,75.36666666666667,33.0,93.5,97.5,94.6125,93.5,4.0,0.013279651296194104,0.002237124744590597,0.0,-0.002555582046849691,-1.0,97.5,170.0,93.5,240.0,0.0,-1.0,94.60000000000001,5.0,36.98,37.81,37.37375,37.21,0.8300000000000054,0.006260646583604305,-0.0017364143750442742,0.0,-0.0031024617035226828,-1.0,37.81,121.0,36.98,177.0,0.0,-1.0,37.336666666666666,33.0,12.0,15.0,13.25,14.0,3.0,0.06257782623312075,0.0023360525642645725,0.0,0.004977051916314079,1.0,15.0,177.0,12.0,170.0,1.0,170.0,13.333333333333334,33.0,36.9,44.6,41.1,44.6,7.700000000000003,0.06314325679981012,-0.002492611232159843,0.0,0.0522545747153843,1.0,44.6,240.0,36.9,170.0,0.0,-1.0,42.800000000000004,7.0,3.0,1.0,1.0,1.0,1.0,1.0,1.0,1.0,1.0,1.0,1.0,1.0,1.0,1.0,1.0,3.0,1.0,11.0,174.0,1.0,1.0,108.0,1.0,174.0,0.0,-1.0,0.0,-1.0,1.0,11.0,0.0,-1.0,0.0,-1.0,0.0,-1.0,0.0,-1.0,0.0,-1.0,4.0,0.0,11.0,,1.0,5.0,5.0,170.0,210.0,1.0,0.0,0.0,240.0,3.0,6.44,10.51,10.51,240.0,4.069999999999999,0.6319875776397514,0.0,240.0,3.0,140.2,139.2,140.2,0.0,-1.0,-0.007132667617689016,0.0,240.0,3.0,3.83,4.36,4.36,240.0,0.5300000000000002,0.13838120104438648,0.0,240.0,3.0,20.9,25.8,25.8,240.0,4.900000000000002,0.23444976076555035,0.0,240.0,3.0,47.5,48.5,77.0,120.0,1.0,0.021052631578947368,0.0,240.0,3.0,7.321,7.334,7.334,240.0,0.0129999999999999,0.0017757137003141512,0.0,240.0,3.0,0.078,0.046,0.104,120.0,-0.032,-0.41025641025641024,0.0,240.0,3.0,2.99,2.44,3.97,120.0,-0.5500000000000003,-0.18394648829431445,0.0,240.0,3.0,711.7,424.5,711.7,0.0,-287.20000000000005,-0.40354081776029227,0.0,240.0,3.0,21.6,11.0,21.6,0.0,-10.600000000000001,-0.49074074074074076,0.0,240.0,3.0,9.76,9.42,9.76,0.0,-0.33999999999999986,-0.034836065573770475,0.0,240.0,3.0,132.6,102.3,132.6,0.0,-30.299999999999997,-0.22850678733031674,0.0,240.0,3.0,293.8,292.3,293.8,0.0,-1.5,-0.005105513955071477,1.0
E001672,3,2,0,1,65,6.0,67.2,103.5,84.2,67.2,36.3,0.1547410686451528,-0.07984676925482423,-1.082608695652175,-0.1462610397165371,1.0,103.5,66.0,67.2,240.0,0.0,-1.0,67.2,-1.0,9.4,17.6,13.200000000000001,12.4,8.200000000000001,0.19875838965800388,-0.0030359492879200424,0.26956521739130435,0.006568300809138507,-1.0,17.6,23.0,9.4,79.0,0.0,-1.0,12.4,43.0,108.1,146.2,130.23333333333332,140.2,38.099999999999994,0.09308521338810656,0.09960780225937182,0.7173913043478252,0.015894547569940378,-1.0,146.2,79.0,108.1,0.0,0.0,-1.0,140.2,-1.0,65.4,80.7,73.3,65.4,15.299999999999997,0.06513282965403483,-0.041033525740419664,0.22608695652173913,-0.07247342535300651,-1.0,80.7,66.0,65.4,240.0,0.0,-1.0,65.4,13.0,95.6,100.0,97.98333333333333,98.1,4.400000000000006,0.014546024895253156,0.0017160279880646743,-0.06956521739130464,0.011013274102279435,-1.0,100.0,141.0,95.6,79.0,0.0,-1.0,98.1,62.0,36.68,37.18,36.910000000000004,37.07,0.5,0.004728990322978786,0.00125503277001057,0.0030434782608692638,2.9351102649596936e-05,1.0,37.18,79.0,36.68,0.0,0.0,-1.0,37.07,62.0,13.0,15.0,14.0,13.0,2.0,0.05832118435198043,-0.005993719624219828,0.04347826086956513,-0.006425511661113739,-1.0,15.0,23.0,13.0,79.0,0.0,-1.0,13.0,56.0,35.6,39.5,36.71666666666667,35.7,3.8999999999999986,0.03869040823851116,-0.004165635138832777,0.021739130434782313,-0.018488550425723144,-1.0,39.5,66.0,35.6,141.0,0.0,-1.0,35.7,13.0,1.0,1.0,1.0,1.0,1.0,1.0,1.0,1.0,1.0,1.0,1.0,1.0,1.0,1.0,1.0,2.0,1.0,116.0,159.0,0.0,1.0,116.0,0.0,-1.0,0.0,-1.0,1.0,159.0,0.0,-1.0,0.0,-1.0,0.0,-1.0,0.0,-1.0,0.0,-1.0,0.0,-1.0,5.0,0.0,-124.0,,0.0,0.0,4.0,79.0,240.0,0.0,0.0,240.0,240.0,1.0,6.78,6.78,6.78,240.0,0.0,0.0,240.0,240.0,1.0,139.3,139.3,139.3,240.0,0.0,0.0,240.0,240.0,1.0,4.84,4.84,4.84,240.0,0.0,0.0,240.0,240.0,1.0,20.5,20.5,20.5,240.0,0.0,0.0,240.0,240.0,1.0,13.9,13.9,13.9,240.0,0.0,0.0,240.0,240.0,1.0,7.449,7.449,7.449,240.0,0.0,0.0,240.0,240.0,1.0,0.005,0.005,0.005,240.0,0.0,0.0,240.0,240.0,1.0,2.23,2.23,2.23,240.0,0.0,0.0,240.0,240.0,1.0,352.3,352.3,352.3,240.0,0.0,0.0,240.0,240.0,1.0,10.3,10.3,10.3,240.0,0.0,0.0,240.0,240.0,1.0,5.88,5.88,5.88,240.0,0.0,0.0,240.0,240.0,1.0,113.3,113.3,113.3,240.0,0.0,0.0,240.0,240.0,1.0,298.2,298.2,298.2,240.0,0.0,0.0,1.0
E002186,2,1,0,1,43,9.0,80.3,115.4,95.5,98.4,35.10000000000001,0.09233810550448185,0.0263147309094927,0.04452736318408049,0.05167859412561122,-1.0,115.4,188.0,80.3,156.0,0.0,-1.0,98.4,52.0,14.0,23.2,17.98888888888889,20.4,9.2,0.14394913026181477,0.004110509448557847,0.18905472636815923,0.013153822773617733,-1.0,23.2,48.0,14.0,0.0,0.0,-1.0,20.4,13.0,103.9,146.1,122.92222222222222,124.3,42.19999999999999,0.08828023633534202,-0.023058238479389766,0.3156716417910451,0.052036417893951414,-1.0,146.1,33.0,103.9,61.0,0.0,-1.0,124.3,15.0,59.2,87.0,76.84444444444445,72.4,27.799999999999997,0.09446401025515196,0.023267764393855726,0.4109452736318407,-0.03376944544223716,-1.0,87.0,116.0,59.2,0.0,0.0,-1.0,72.4,124.0,95.2,97.3,96.46666666666667,97.2,2.0999999999999943,0.007554668662431041,0.004229638634103251,-0.042537313432835906,0.007236605785968933,1.0,97.3,0.0,95.2,48.0,0.0,-1.0,97.2,68.0,36.9,37.6,37.29,37.25,0.7000000000000028,0.00509284688772474,-0.000936302353851273,-0.002263681592039946,-0.0010046696692548125,1.0,37.6,71.0,36.9,116.0,0.0,-1.0,37.25,40.0,13.0,15.0,13.666666666666666,14.0,2.0,0.04878048780487805,-0.0045087855011603575,-0.022388059701492602,0.0009809068552955136,1.0,15.0,0.0,13.0,71.0,0.0,-1.0,14.0,169.0,33.9,38.5,36.522222222222226,34.6,4.600000000000001,0.0442587528905831,-0.005841971488562303,0.024875621890547123,-0.008633361885551635,-1.0,38.5,48.0,33.9,71.0,0.0,-1.0,34.6,45.0,3.0,1.0,1.0,1.0,1.0,1.0,1.0,1.0,1.0,1.0,1.0,1.0,1.0,1.0,1.0,1.0,1.0,216.0,216.0,0.0,1.0,216.0,0.0,-1.0,0.0,-1.0,0.0,-1.0,0.0,-1.0,0.0,-1.0,0.0,-1.0,0.0,-1.0,0.0,-1.0,0.0,-1.0,4.0,0.0,216.0,,0.0,0.0,6.0,71.0,188.0,1.0,0.0,0.0,240.0,3.0,9.02,6.95,12.72,120.0,-2.0699999999999994,-0.22949002217294895,0.0,240.0,3.0,142.4,140.5,144.6,120.0,-1.9000000000000057,-0.013342696629213523,0.0,240.0,3.0,4.75,4.27,4.75,0.0,-0.4800000000000004,-0.10105263157894746,0.0,240.0,3.0,21.1,23.3,25.5,120.0,2.1999999999999993,0.10426540284360185,0.0,240.0,3.0,26.4,30.5,30.5,240.0,4.100000000000001,0.15530303030303036,0.0,240.0,3.0,7.342,7.34,7.357,120.0,-0.0019999999999997797,-0.00027240533914461726,0.0,240.0,3.0,0.029,0.033,0.033,240.0,0.004,0.13793103448275862,0.0,240.0,3.0,2.53,1.99,2.58,120.0,-0.5399999999999998,-0.21343873517786555,0.0,240.0,3.0,378.6,465.5,465.6,120.0,86.89999999999998,0.22952984680401473,0.0,240.0,3.0,15.3,13.5,20.7,120.0,-1.8000000000000007,-0.11764705882352945,0.0,240.0,3.0,1.45,5.24,6.58,120.0,3.79,2.613793103448276,0.0,240.0,3.0,93.0,93.7,96.9,120.0,0.7000000000000028,0.007526881720430138,0.0,240.0,3.0,292.5,295.2,295.2,240.0,2.6999999999999886,0.009230769230769192,1.0
E001330,4,3,0,0,74,8.0,84.6,91.6,87.6625,85.9,7.0,0.027895301916218664,-0.006723158108382361,0.0737878294825898,-0.028653269423013,-1.0,91.6,65.0,84.6,132.0,0.0,-1.0,85.9,67.0,11.1,21.1,15.737499999999999,15.5,10.000000000000002,0.1839151158503853,-0.01846965699208446,-0.07404816140579248,0.00992874170148409,1.0,21.1,0.0,11.1,142.0,0.0,-1.0,15.5,-1.0,112.9,139.6,122.42500000000001,118.7,26.69999999999999,0.06956556864795087,-0.06553176375076139,-0.26892287666775166,0.03219183349139991,1.0,139.6,0.0,112.9,65.0,0.0,-1.0,118.7,-1.0,63.5,86.5,75.3125,72.9,23.0,0.09033788722467732,-0.030812360462756302,-0.22087536609176722,-0.013879988721708276,1.0,86.5,0.0,63.5,51.0,0.0,-1.0,72.9,8.0,96.8,99.2,97.7625,98.2,2.4000000000000057,0.00829323496646543,-0.0005733712198093368,-0.04015619915392174,0.0032194396739546583,1.0,99.2,0.0,96.8,59.0,0.0,-1.0,98.2,83.0,36.66,37.14,36.85,36.78,0.480000000000004,0.003643343712916584,0.00048229145524657257,-0.0014952814838922422,-0.00031143464998850895,-1.0,37.14,132.0,36.66,59.0,0.0,-1.0,36.78,10.0,13.0,15.0,14.25,15.0,2.0,0.05818639983079649,0.004896488735538845,0.0039049788480312216,0.0066772614256785994,1.0,15.0,59.0,13.0,51.0,0.0,-1.0,15.0,8.0,29.4,39.9,36.162499999999994,37.1,10.5,0.10133909774010394,-0.012223462553277917,-0.0909534656687277,-0.006420936610873252,1.0,39.9,51.0,29.4,143.0,1.0,143.0,37.1,97.0,0.0,0.0,0.0,0.0,0.0,0.0,0.0,0.0,0.0,0.0,0.0,0.0,0.0,0.0,0.0,1.0,1.0,139.0,139.0,0.0,0.0,-1.0,1.0,139.0,0.0,-1.0,0.0,-1.0,0.0,-1.0,0.0,-1.0,0.0,-1.0,0.0,-1.0,0.0,-1.0,0.0,-1.0,2.0,0.0,,,1.0,97.0,3.0,51.0,240.0,0.0,0.0,,,,,,,,,,,,,,,,,,,,,,,,,,,,,,,,,,,,,,,,,,,,,,,,,,,,,,,,,,,,,,,,,,,,,,,,,,,,,,,,,,,,,,,,,,,,,,,,,,,,,,,,,,,,,,,,,,,,,,
E001213,4,3,0,0,74,9.0,66.2,96.5,85.02222222222221,81.4,30.299999999999997,0.09678706346468337,-0.0014738173362743804,0.0,0.10964062012867383,1.0,96.5,0.0,66.2,87.0,0.0,-1.0,87.59999999999998,45.0,12.7,18.6,15.222222222222221,18.6,5.900000000000002,0.12335982376203294,0.01561748465188532,0.0,0.01854859280673412,1.0,18.6,240.0,12.7,160.0,0.0,-1.0,17.066666666666666,-1.0,113.3,140.4,132.73333333333332,139.2,27.10000000000001,0.07159806378255819,0.10674968507112645,0.0,0.12453872969985529,1.0,140.4,160.0,113.3,87.0,0.0,-1.0,138.36666666666665,-1.0,72.5,87.6,79.93333333333334,83.0,15.099999999999994,0.06917660662294399,-0.047506709354259054,0.0,-0.05137459966556146,1.0,87.6,87.0,72.5,160.0,0.0,-1.0,78.39999999999999,80.0,95.2,98.0,96.51111111111112,95.2,2.799999999999997,0.008743650723484927,-0.00011178107837637946,0.0,-0.0033557237196383738,-1.0,98.0,222.0,95.2,240.0,0.0,-1.0,96.66666666666667,18.0,36.68,36.96,36.806666666666665,36.75,0.28000000000000114,0.002671233690228693,-0.00028776781402019546,0.0,0.00019386106623586717,-1.0,36.96,210.0,36.68,132.0,0.0,-1.0,36.86333333333334,78.0,13.0,15.0,14.444444444444445,15.0,2.0,0.047418569253607504,0.004199881497119553,0.0,0.006235297452030714,0.0,15.0,132.0,13.0,160.0,0.0,-1.0,15.0,28.0,32.1,44.6,38.0,41.8,12.5,0.0919003568681319,-0.004927080895642853,0.0,-0.0045631040444406926,1.0,44.6,132.0,32.1,163.0,0.0,-1.0,38.166666666666664,17.0,1.0,1.0,1.0,1.0,1.0,1.0,1.0,1.0,1.0,1.0,1.0,1.0,1.0,1.0,1.0,2.0,1.0,50.0,132.0,1.0,0.0,-1.0,1.0,50.0,0.0,-1.0,0.0,-1.0,0.0,-1.0,0.0,-1.0,0.0,-1.0,0.0,-1.0,0.0,-1.0,0.0,-1.0,2.0,0.0,-70.0,,0.0,0.0,4.0,160.0,180.0,1.0,0.0,120.0,120.0,1.0,8.48,8.48,8.48,120.0,0.0,0.0,120.0,120.0,1.0,142.1,142.1,142.1,120.0,0.0,0.0,120.0,120.0,1.0,3.74,3.74,3.74,120.0,0.0,0.0,120.0,120.0,1.0,20.8,20.8,20.8,120.0,0.0,0.0,120.0,120.0,1.0,35.9,35.9,35.9,120.0,0.0,0.0,120.0,120.0,1.0,7.423,7.423,7.423,120.0,0.0,0.0,120.0,120.0,1.0,0.004,0.004,0.004,120.0,0.0,0.0,120.0,120.0,1.0,2.13,2.13,2.13,120.0,0.0,0.0,120.0,120.0,1.0,440.1,440.1,440.1,120.0,0.0,0.0,120.0,120.0,1.0,13.0,13.0,13.0,120.0,0.0,0.0,120.0,120.0,1.0,0.1,0.1,0.1,120.0,0.0,0.0,120.0,120.0,1.0,126.5,126.5,126.5,120.0,0.0,0.0,120.0,120.0,1.0,280.0,280.0,280.0,120.0,0.0,0.0,1.0
E000949,2,1,0,1,43,7.0,82.9,105.3,90.85714285714286,84.9,22.39999999999999,0.08151207872873588,-0.08346871983235625,0.0,-0.05307153965785378,1.0,105.3,0.0,82.9,170.0,0.0,-1.0,84.9,27.0,14.5,18.4,16.371428571428574,15.8,3.8999999999999986,0.0722521519877293,-0.008609404063949532,0.0,0.011436347478338134,1.0,18.4,0.0,14.5,137.0,0.0,-1.0,15.8,33.0,118.1,125.4,121.52857142857142,125.4,7.300000000000011,0.017929400225637843,0.008241309756461234,0.0,0.05537102866029804,1.0,125.4,240.0,118.1,137.0,0.0,-1.0,125.4,-1.0,62.4,85.9,75.34285714285714,71.4,23.500000000000007,0.09942441735441856,0.0648717163868678,0.0,-0.012663852477226978,-1.0,85.9,204.0,62.4,0.0,0.0,-1.0,71.4,36.0,96.2,98.7,97.0,96.2,2.5,0.008447499499086894,0.0001813001813001211,0.0,0.0010997556098645618,1.0,98.7,197.0,96.2,240.0,0.0,-1.0,96.2,7.0,36.8,37.23,36.978571428571435,36.8,0.4299999999999997,0.0035742811686213147,-0.0005888331645908408,0.0,-0.0019578982448343997,-1.0,37.23,170.0,36.8,240.0,0.0,-1.0,36.8,-1.0,14.0,15.0,14.285714285714286,14.0,1.0,0.03162277660168379,0.0014048801927589811,0.0,-0.00044434570095536045,-1.0,15.0,170.0,14.0,0.0,0.0,-1.0,14.0,12.0,35.2,41.0,39.05714285714286,41.0,5.799999999999997,0.04636704598477162,0.002343952343952273,0.0,0.00301044212397254,1.0,41.0,240.0,35.2,204.0,0.0,-1.0,41.0,36.0,2.0,1.0,1.0,1.0,1.0,1.0,1.0,1.0,1.0,1.0,1.0,1.0,1.0,1.0,1.0,4.0,1.0,122.0,213.0,0.0,1.0,213.0,1.0,176.0,0.0,-1.0,1.0,122.0,1.0,136.0,0.0,-1.0,0.0,-1.0,0.0,-1.0,0.0,-1.0,0.0,-1.0,5.0,0.0,2.0,,0.0,0.0,2.0,0.0,182.0,1.0,0.0,120.0,240.0,2.0,8.11,8.77,8.77,240.0,0.6600000000000001,0.08138101109741062,120.0,240.0,2.0,139.9,143.3,143.3,240.0,3.4000000000000057,0.024303073624017194,120.0,240.0,2.0,4.11,4.59,4.59,240.0,0.47999999999999954,0.1167883211678831,120.0,240.0,2.0,21.4,23.2,23.2,240.0,1.8000000000000007,0.08411214953271032,120.0,240.0,2.0,21.3,48.3,48.3,240.0,26.999999999999996,1.2676056338028168,120.0,240.0,2.0,7.328,7.387,7.387,240.0,0.058999999999999275,0.008051310043668023,120.0,240.0,2.0,0.025,0.012,0.025,120.0,-0.013000000000000001,-0.52,120.0,240.0,2.0,1.78,1.57,1.78,120.0,-0.20999999999999996,-0.11797752808988762,120.0,240.0,2.0,401.2,220.7,401.2,120.0,-180.5,-0.4499002991026919,120.0,240.0,2.0,12.1,17.5,17.5,240.0,5.4,0.44628099173553726,120.0,240.0,2.0,4.84,0.76,4.84,120.0,-4.08,-0.8429752066115703,120.0,240.0,2.0,106.7,91.1,106.7,120.0,-15.600000000000009,-0.14620431115276483,120.0,240.0,2.0,287.3,288.6,288.6,240.0,1.3000000000000114,0.004524886877828094,1.0
E000786,1,0,0,1,38,9.0,89.6,138.1,109.91111111111111,92.0,48.5,0.1401863603316211,-0.07699687322342236,0.0,-0.10936027499848851,-1.0,138.1,86.0,89.6,125.0,2.0,86.0,99.35,48.0,16.3,21.9,19.633333333333333,18.5,5.599999999999998,0.08993495849337199,-0.003496304718590116,0.0,0.00046096668108635685,-1.0,21.9,173.0,16.3,125.0,0.0,-1.0,19.3,48.0,96.6,143.3,120.93333333333334,143.3,46.70000000000002,0.1276997581620341,0.05490037411285732,0.0,0.07968816138950519,1.0,143.3,240.0,96.6,181.0,0.0,-1.0,128.25,-1.0,60.1,86.1,72.45555555555556,60.1,25.999999999999993,0.11758110300081316,-0.055056025234278994,0.0,-0.09962601694087451,1.0,86.1,125.0,60.1,240.0,0.0,-1.0,60.7,19.0,92.9,95.6,94.35555555555555,92.9,2.6999999999999886,0.009145778539306417,0.000838086155990105,0.0,-0.0017108329495821317,-1.0,95.6,86.0,92.9,240.0,0.0,-1.0,94.25,39.0,37.34,37.89,37.64,37.58,0.5499999999999972,0.0038234206774571027,-8.850794989831595e-05,0.0,1.4373229511118404e-05,-1.0,37.89,69.0,37.34,86.0,0.0,-1.0,37.629999999999995,39.0,11.0,13.0,12.0,11.0,2.0,0.039283710065919304,-0.0012172422013974355,0.0,-0.0021955224366578155,-1.0,13.0,181.0,11.0,240.0,8.0,0.0,11.5,48.0,37.4,46.5,40.65555555555556,38.7,9.100000000000001,0.07286576345650655,-0.01650245740798475,0.0,0.004135210691077834,1.0,46.5,0.0,37.4,69.0,0.0,-1.0,38.95,17.0,3.0,1.0,1.0,1.0,1.0,1.0,1.0,1.0,1.0,1.0,1.0,1.0,1.0,1.0,1.0,2.0,1.0,126.0,203.0,0.0,1.0,203.0,0.0,-1.0,0.0,-1.0,1.0,126.0,0.0,-1.0,0.0,-1.0,0.0,-1.0,0.0,-1.0,0.0,-1.0,0.0,-1.0,5.0,0.0,126.0,117.0,10.0,181.0,6.0,240.0,181.0,1.0,0.0,0.0,240.0,3.0,12.55,10.54,12.55,0.0,-2.0100000000000016,-0.1601593625498009,0.0,240.0,3.0,140.4,137.7,140.4,0.0,-2.700000000000017,-0.01923076923076935,0.0,240.0,3.0,4.86,3.94,5.46,120.0,-0.9200000000000004,-0.1893004115226338,0.0,240.0,3.0,18.0,19.3,21.5,120.0,1.3000000000000007,0.07222222222222226,0.0,240.0,3.0,9.0,51.0,58.8,120.0,42.0,4.666666666666667,0.0,240.0,3.0,7.241,7.358,7.358,240.0,0.11699999999999999,0.01615798922800718,0.0,240.0,3.0,0.095,0.11,0.11,240.0,0.015,0.15789473684210525,0.0,240.0,3.0,3.49,1.77,3.49,0.0,-1.7200000000000002,-0.49283667621776506,0.0,240.0,3.0,679.7,673.4,679.7,0.0,-6.300000000000068,-0.009268795056642735,0.0,240.0,3.0,25.1,19.4,25.1,0.0,-5.700000000000003,-0.22709163346613556,0.0,240.0,3.0,2.68,5.55,8.2,120.0,2.8699999999999997,1.0708955223880594,0.0,240.0,3.0,121.4,114.9,140.6,120.0,-6.5,-0.05354200988467875,0.0,240.0,3.0,302.7,289.2,302.7,0.0,-13.5,-0.044598612487611496,1.0
E000267,0,6,1,0,41,6.0,86.2,97.8,90.68333333333334,91.0,11.599999999999994,0.040698951465161476,0.017361793853999608,0.0,-0.022930278140750885,-1.0,97.8,140.0,86.2,0.0,0.0,-1.0,91.0,20.0,14.5,22.8,18.4,22.8,8.3,0.14663845177426135,0.023510422964696003,0.0,0.06751680044801195,1.0,22.8,240.0,14.5,118.0,0.0,-1.0,22.8,-1.0,110.8,159.9,126.39999999999998,117.8,49.10000000000001,0.1271799904595644,0.007296338161457583,0.0,-0.17516100429344872,-1.0,159.9,140.0,110.8,160.0,0.0,-1.0,117.8,20.0,60.9,91.9,75.73333333333333,72.0,31.000000000000007,0.13855561098293423,-0.049631713151599595,0.0,-0.061757980212805715,1.0,91.9,160.0,60.9,175.0,0.0,-1.0,72.0,65.0,94.5,99.5,96.83333333333333,96.6,5.0,0.015578256108756981,-0.014522226019294876,0.0,-0.0018783834235582,1.0,99.5,0.0,94.5,160.0,0.0,-1.0,96.6,-1.0,36.52,37.47,37.00333333333334,37.26,0.9499999999999957,0.008796725063135672,0.002758076811860925,0.0,0.005859856262833532,1.0,37.47,175.0,36.52,118.0,0.0,-1.0,37.26,-1.0,13.0,15.0,14.0,14.0,2.0,0.041239304942116126,0.0044162876895980745,0.0,-0.003103416091095793,-1.0,15.0,140.0,13.0,0.0,0.0,-1.0,14.0,20.0,33.2,42.6,39.58333333333333,42.6,9.399999999999999,0.07915901454975001,-0.0012465497752424616,0.0,0.020981892850476008,1.0,42.6,240.0,33.2,175.0,0.0,-1.0,42.6,65.0,1.0,1.0,1.0,1.0,1.0,1.0,1.0,1.0,1.0,1.0,1.0,1.0,1.0,1.0,1.0,1.0,1.0,223.0,223.0,0.0,0.0,-1.0,0.0,-1.0,0.0,-1.0,0.0,-1.0,1.0,223.0,0.0,-1.0,0.0,-1.0,0.0,-1.0,0.0,-1.0,0.0,-1.0,3.0,0.0,-17.0,,0.0,0.0,2.0,0.0,240.0,0.0,0.0,240.0,240.0,1.0,7.21,7.21,7.21,240.0,0.0,0.0,240.0,240.0,1.0,144.5,144.5,144.5,240.0,0.0,0.0,240.0,240.0,1.0,4.23,4.23,4.23,240.0,0.0,0.0,240.0,240.0,1.0,23.5,23.5,23.5,240.0,0.0,0.0,240.0,240.0,1.0,20.6,20.6,20.6,240.0,0.0,0.0,240.0,240.0,1.0,7.33,7.33,7.33,240.0,0.0,0.0,240.0,240.0,1.0,0.037,0.037,0.037,240.0,0.0,0.0,240.0,240.0,1.0,0.94,0.94,0.94,240.0,0.0,0.0,240.0,240.0,1.0,185.3,185.3,185.3,240.0,0.0,0.0,240.0,240.0,1.0,4.3,4.3,4.3,240.0,0.0,0.0,240.0,240.0,1.0,5.81,5.81,5.81,240.0,0.0,0.0,240.0,240.0,1.0,92.7,92.7,92.7,240.0,0.0,0.0,240.0,240.0,1.0,287.3,287.3,287.3,240.0,0.0,0.0,1.0
E001282,1,0,0,1,38,8.0,70.8,102.4,89.7625,70.8,31.60000000000001,0.1046065643797371,-0.07173841519866762,0.34197247706422007,-0.1215735744737543,-1.0,102.4,48.0,70.8,240.0,0.0,-1.0,70.8,18.0,8.8,18.9,15.037500000000001,13.6,10.099999999999998,0.19617446495961946,-0.01569320074371248,0.0024082568807339724,0.00253463895550224,1.0,18.9,0.0,8.8,87.0,0.0,-1.0,13.6,1.0,113.6,145.3,130.3125,145.3,31.700000000000017,0.07678601653143159,0.0919854522083107,0.26811926605504577,0.09052757793764964,-1.0,145.3,240.0,113.6,0.0,0.0,-1.0,145.3,-1.0,67.4,87.2,80.3125,71.3,19.799999999999997,0.08885823800619959,-0.06676706955344096,0.03933486238531963,-0.10968725019984021,1.0,87.2,66.0,67.4,196.0,0.0,-1.0,71.3,-1.0,95.3,97.9,96.3375,95.3,2.6000000000000085,0.008527195952068401,-0.005909657805538299,0.0018348623853208766,-0.0065739075406344525,1.0,97.9,88.0,95.3,240.0,0.0,-1.0,95.3,-1.0,36.75,37.11,36.92375,36.75,0.35999999999999943,0.003468130513985422,-0.0012855055128071686,-0.0002637614678902854,-0.0014897248867572182,1.0,37.11,66.0,36.75,240.0,0.0,-1.0,36.75,-1.0,13.0,15.0,14.125,15.0,2.0,0.05526546901237521,0.0033844529402912975,-0.0217889908256881,0.0015071276312283324,1.0,15.0,66.0,13.0,48.0,0.0,-1.0,15.0,18.0,33.3,43.6,36.875,39.3,10.300000000000004,0.08996025168417204,0.0005493678698860262,-0.10172018348623892,-0.001582067679189999,1.0,43.6,87.0,33.3,48.0,0.0,-1.0,39.3,1.0,1.0,1.0,1.0,1.0,1.0,1.0,1.0,1.0,1.0,1.0,1.0,1.0,1.0,1.0,1.0,4.0,1.0,30.0,221.0,1.0,1.0,30.0,1.0,176.0,0.0,-1.0,0.0,-1.0,1.0,136.0,0.0,-1.0,0.0,-1.0,0.0,-1.0,0.0,-1.0,0.0,-1.0,4.0,0.0,30.0,,0.0,0.0,3.0,48.0,196.0,1.0,0.0,0.0,0.0,1.0,7.69,7.69,7.69,0.0,0.0,0.0,0.0,0.0,1.0,142.5,142.5,142.5,0.0,0.0,0.0,0.0,0.0,1.0,4.2,4.2,4.2,0.0,0.0,0.0,0.0,0.0,1.0,21.1,21.1,21.1,0.0,0.0,0.0,0.0,0.0,1.0,54.6,54.6,54.6,0.0,0.0,0.0,0.0,0.0,1.0,7.367,7.367,7.367,0.0,0.0,0.0,0.0,0.0,1.0,0.009,0.009,0.009,0.0,0.0,0.0,0.0,0.0,1.0,2.7,2.7,2.7,0.0,0.0,0.0,0.0,0.0,1.0,298.0,298.0,298.0,0.0,0.0,0.0,0.0,0.0,1.0,10.3,10.3,10.3,0.0,0.0,0.0,0.0,0.0,1.0,1.54,1.54,1.54,0.0,0.0,0.0,0.0,0.0,1.0,87.7,87.7,87.7,0.0,0.0,0.0,0.0,0.0,1.0,288.9,288.9,288.9,0.0,0.0,0.0,1.0
E000780,4,3,0,0,74,8.0,60.3,98.0,76.7625,74.4,37.7,0.13321848848561962,-0.008324155653450755,0.0,-0.049316577419718,-1.0,98.0,103.0,60.3,146.0,0.0,-1.0,74.4,19.0,8.1,17.2,12.037499999999998,9.6,9.1,0.272468451283759,0.0032318544157751345,0.0,-0.024298486822004618,-1.0,17.2,103.0,8.1,122.0,0.0,-1.0,9.6,19.0,117.8,153.3,137.5625,137.1,35.500000000000014,0.0724958105332148,0.03542453324942336,0.0,0.011953462942415309,-1.0,153.3,200.0,117.8,146.0,0.0,-1.0,137.1,40.0,58.7,100.1,79.9625,83.1,41.39999999999999,0.15146547782928887,0.0900579504929726,0.0,0.010716066058822374,-1.0,100.1,88.0,58.7,0.0,0.0,-1.0,83.1,15.0,95.2,98.0,97.01249999999999,97.1,2.799999999999997,0.008123643997499335,-0.0030089679043422465,0.0,-0.0014134787013365415,-1.0,98.0,88.0,95.2,122.0,0.0,-1.0,97.1,24.0,36.06,36.78,36.477500000000006,36.31,0.7199999999999989,0.00579397789002777,-8.731906859660182e-05,0.0,0.0012938395484586285,1.0,36.78,200.0,36.06,88.0,0.0,-1.0,36.31,15.0,13.0,15.0,13.75,15.0,2.0,0.07041787902195304,0.0004457730228655255,0.0,0.011690546255648264,1.0,15.0,0.0,13.0,88.0,0.0,-1.0,15.0,81.0,33.4,38.0,34.9375,34.0,4.600000000000001,0.04326497207851617,-0.005292899097965169,0.0,0.004632801067747273,1.0,38.0,169.0,33.4,103.0,0.0,-1.0,34.0,66.0,1.0,1.0,1.0,1.0,1.0,1.0,1.0,1.0,1.0,1.0,1.0,1.0,1.0,1.0,1.0,0.0,0.0,-1.0,-1.0,0.0,0.0,-1.0,0.0,-1.0,0.0,-1.0,0.0,-1.0,0.0,-1.0,0.0,-1.0,0.0,-1.0,0.0,-1.0,0.0,-1.0,0.0,-1.0,0.0,0.0,,,0.0,0.0,3.0,88.0,200.0,1.0,0.0,120.0,120.0,1.0,7.27,7.27,7.27,120.0,0.0,0.0,120.0,120.0,1.0,138.1,138.1,138.1,120.0,0.0,0.0,120.0,120.0,1.0,3.71,3.71,3.71,120.0,0.0,0.0,120.0,120.0,1.0,25.1,25.1,25.1,120.0,0.0,0.0,120.0,120.0,1.0,8.2,8.2,8.2,120.0,0.0,0.0,120.0,120.0,1.0,7.38,7.38,7.38,120.0,0.0,0.0,120.0,120.0,1.0,0.0,0.0,0.0,120.0,0.0,0.0,120.0,120.0,1.0,1.1,1.1,1.1,120.0,0.0,0.0,120.0,120.0,1.0,241.7,241.7,241.7,120.0,0.0,0.0,120.0,120.0,1.0,4.7,4.7,4.7,120.0,0.0,0.0,120.0,120.0,1.0,3.3,3.3,3.3,120.0,0.0,0.0,120.0,120.0,1.0,68.6,68.6,68.6,120.0,0.0,0.0,120.0,120.0,1.0,286.9,286.9,286.9,120.0,0.0,0.0,1.0
E000755,4,3,0,0,74,6.0,68.4,104.1,87.28333333333335,68.4,35.69999999999999,0.14442475292716933,-0.05835950462732708,0.006666666666666538,-0.016821394878245546,-1.0,104.1,200.0,68.4,240.0,0.0,-1.0,68.4,-1.0,10.3,20.2,16.533333333333335,18.5,9.899999999999999,0.2109915395475988,0.020215010038884776,-0.3,0.03106960718631645,1.0,20.2,200.0,10.3,30.0,0.0,-1.0,18.5,97.0,113.1,133.9,122.06666666666666,114.9,20.80000000000001,0.06362350358798644,-0.01944384941309758,-0.32333333333333375,-0.10513542706353694,1.0,133.9,127.0,113.1,30.0,0.0,-1.0,114.9,73.0,66.5,79.1,73.08333333333333,76.3,12.599999999999994,0.06263579683419744,0.012757189693169467,-0.4199999999999998,0.0379400866842587,1.0,79.1,0.0,66.5,30.0,0.0,-1.0,76.3,97.0,97.1,99.2,98.05000000000001,99.2,2.1000000000000085,0.008628958114225465,-7.515548471676607e-05,0.023333333333332717,0.008605531932347879,1.0,99.2,240.0,97.1,64.0,0.0,-1.0,99.2,176.0,36.73,37.15,36.94833333333334,36.73,0.4200000000000017,0.004445602121021938,-0.00022739072501456377,0.004333333333333226,5.113550909906802e-05,-1.0,37.15,127.0,36.73,240.0,0.0,-1.0,36.73,113.0,14.0,15.0,14.666666666666666,15.0,1.0,0.03214121732666125,0.0020331918570665915,0.03333333333333327,0.001681729309944058,-1.0,15.0,30.0,14.0,0.0,0.0,-1.0,15.0,97.0,32.9,43.0,37.31666666666667,38.6,10.100000000000001,0.09214942518668999,0.002517890272992216,0.22999999999999962,0.035532342525875414,-1.0,43.0,30.0,32.9,127.0,0.0,-1.0,38.6,34.0,2.0,1.0,1.0,1.0,1.0,1.0,1.0,1.0,1.0,1.0,1.0,1.0,1.0,1.0,1.0,1.0,1.0,69.0,69.0,0.0,0.0,-1.0,0.0,-1.0,0.0,-1.0,1.0,69.0,0.0,-1.0,0.0,-1.0,0.0,-1.0,0.0,-1.0,0.0,-1.0,0.0,-1.0,5.0,0.0,-51.0,,0.0,0.0,3.0,0.0,200.0,1.0,0.0,120.0,240.0,2.0,12.05,4.74,12.05,120.0,-7.3100000000000005,-0.6066390041493775,120.0,240.0,2.0,144.3,138.6,144.3,120.0,-5.700000000000017,-0.039501039501039614,120.0,240.0,2.0,3.85,4.38,4.38,240.0,0.5299999999999998,0.1376623376623376,120.0,240.0,2.0,23.4,23.5,23.5,240.0,0.10000000000000142,0.004273504273504335,120.0,240.0,2.0,29.2,40.6,40.6,240.0,11.400000000000002,0.39041095890410965,120.0,240.0,2.0,7.419,7.368,7.419,120.0,-0.05099999999999927,-0.006874241811564803,120.0,240.0,2.0,0.0,0.037,0.037,240.0,0.037,36999999.99999999,120.0,240.0,2.0,2.58,0.72,2.58,120.0,-1.86,-0.7209302325581396,120.0,240.0,2.0,30.8,201.8,201.8,240.0,171.0,5.5519480519480515,120.0,240.0,2.0,13.2,7.0,13.2,120.0,-6.199999999999999,-0.46969696969696967,120.0,240.0,2.0,5.35,0.1,5.35,120.0,-5.25,-0.9813084112149534,120.0,240.0,2.0,128.3,68.2,128.3,120.0,-60.10000000000001,-0.46843335931410757,120.0,240.0,2.0,278.6,283.7,283.7,240.0,5.099999999999966,0.018305814788226724,1.0
E000129,4,3,0,0,74,7.0,67.9,86.6,75.64285714285714,73.5,18.69999999999999,0.09270417712185407,-0.0006242758164058733,0.31084240225715387,-0.007222048370512637,1.0,86.6,60.0,67.9,0.0,0.0,-1.0,73.5,33.0,9.2,17.5,13.657142857142857,17.5,8.3,0.22315420152352955,0.008194408317371813,-0.11479242241031845,0.04118422817291787,1.0,17.5,240.0,9.2,60.0,0.0,-1.0,17.5,28.0,111.9,144.4,129.31428571428572,139.6,32.5,0.08950126107031858,0.03913507846800264,-0.35038291011688927,0.08197281952702429,1.0,144.4,93.0,111.9,88.0,0.0,-1.0,139.6,5.0,65.6,89.6,77.55714285714285,86.6,24.0,0.10178424107381766,0.04636233220616883,0.3123740427247076,0.10209888685234031,1.0,89.6,60.0,65.6,93.0,0.0,-1.0,86.6,28.0,96.5,98.5,97.62857142857145,97.2,2.0,0.00752127437863413,-0.002013525976021543,0.02172511084240286,-0.0019893602753808695,1.0,98.5,60.0,96.5,93.0,0.0,-1.0,97.2,33.0,36.3,36.83,36.57428571428572,36.76,0.5300000000000011,0.004901610637309896,0.0011450968336920928,0.0038976219266426133,0.0013883052438643305,1.0,36.83,60.0,36.3,36.0,0.0,-1.0,36.76,33.0,13.0,15.0,14.571428571428571,15.0,2.0,0.04999038738816456,0.00044928941332266365,-0.001209189842805373,0.006348070991103771,1.0,15.0,0.0,13.0,93.0,0.0,-1.0,15.0,147.0,30.6,38.4,33.714285714285715,30.6,7.799999999999997,0.08668542950574351,-0.014713834172794983,0.1316404675534058,-0.014003755196924268,-1.0,38.4,60.0,30.6,0.0,0.0,-1.0,30.6,28.0,1.0,1.0,1.0,1.0,1.0,1.0,1.0,1.0,1.0,1.0,1.0,1.0,1.0,1.0,1.0,1.0,1.0,202.0,202.0,0.0,0.0,-1.0,0.0,-1.0,0.0,-1.0,0.0,-1.0,1.0,202.0,0.0,-1.0,0.0,-1.0,0.0,-1.0,0.0,-1.0,0.0,-1.0,3.0,0.0,202.0,,0.0,0.0,2.0,93.0,240.0,0.0,0.0,0.0,0.0,1.0,3.66,3.66,3.66,0.0,0.0,0.0,0.0,0.0,1.0,138.4,138.4,138.4,0.0,0.0,0.0,0.0,0.0,1.0,3.3,3.3,3.3,0.0,0.0,0.0,0.0,0.0,1.0,25.3,25.3,25.3,0.0,0.0,0.0,0.0,0.0,1.0,47.7,47.7,47.7,0.0,0.0,0.0,0.0,0.0,1.0,7.396,7.396,7.396,0.0,0.0,0.0,0.0,0.0,1.0,0.029,0.029,0.029,0.0,0.0,0.0,0.0,0.0,1.0,1.51,1.51,1.51,0.0,0.0,0.0,0.0,0.0,1.0,227.5,227.5,227.5,0.0,0.0,0.0,0.0,0.0,1.0,8.3,8.3,8.3,0.0,0.0,0.0,0.0,0.0,1.0,2.87,2.87,2.87,0.0,0.0,0.0,0.0,0.0,1.0,73.8,73.8,73.8,0.0,0.0,0.0,0.0,0.0,1.0,281.8,281.8,281.8,0.0,0.0,0.0,1.0
E001573,0,6,1,0,41,9.0,75.8,97.3,88.13333333333333,83.6,21.5,0.06772474821663961,-0.0543785555495042,-0.07407407407407443,-0.023678000643569654,1.0,97.3,0.0,75.8,160.0,0.0,-1.0,83.6,8.0,13.6,22.1,16.8,15.5,8.500000000000002,0.1706810568857664,0.008716016497254557,0.0888888888888889,0.027276627694947972,-1.0,22.1,168.0,13.6,109.0,0.0,-1.0,15.5,2.0,110.3,143.3,127.10000000000001,143.3,33.000000000000014,0.08295650039083965,0.07238838854698394,-0.3240740740740741,0.12995950874182155,1.0,143.3,240.0,110.3,54.0,0.0,-1.0,143.3,55.0,61.1,87.3,77.44444444444444,81.2,26.199999999999996,0.09252065694988286,0.05997930416441794,0.24444444444444435,-0.046272659015338315,-1.0,87.3,109.0,61.1,0.0,0.0,-1.0,81.2,61.0,96.2,99.5,97.7,96.2,3.299999999999997,0.008988017654260992,-0.006452347591014642,-0.02222222222222249,-0.021414780650005363,-1.0,99.5,109.0,96.2,240.0,0.0,-1.0,96.2,-1.0,36.58,37.32,36.934444444444445,36.58,0.740000000000002,0.005626145893353867,0.0003893342179400227,0.006111111111110939,-0.002722835996996714,-1.0,37.32,170.0,36.58,240.0,0.0,-1.0,36.58,39.0,13.0,15.0,14.11111111111111,15.0,2.0,0.04014975994954949,0.004659038584365226,0.018518518518518493,0.00044245414566130653,0.0,15.0,109.0,13.0,0.0,0.0,-1.0,15.0,40.0,32.6,39.6,36.54444444444445,35.8,7.0,0.05911443123417493,-0.015187426042094866,0.0351851851851851,-0.011426043119167588,-1.0,39.6,54.0,32.6,168.0,0.0,-1.0,35.8,2.0,2.0,1.0,1.0,1.0,1.0,1.0,1.0,1.0,1.0,1.0,1.0,1.0,1.0,1.0,1.0,2.0,1.0,18.0,18.0,2.0,1.0,18.0,1.0,18.0,0.0,-1.0,0.0,-1.0,0.0,-1.0,0.0,-1.0,0.0,-1.0,0.0,-1.0,0.0,-1.0,0.0,-1.0,4.0,0.0,18.0,,0.0,0.0,2.0,0.0,209.0,1.0,0.0,0.0,120.0,2.0,7.29,7.12,7.29,0.0,-0.16999999999999993,-0.023319615912208495,0.0,120.0,2.0,136.9,139.0,139.0,120.0,2.0999999999999943,0.015339663988312595,0.0,120.0,2.0,3.85,3.78,3.85,0.0,-0.07000000000000028,-0.018181818181818254,0.0,120.0,2.0,24.7,21.9,24.7,0.0,-2.8000000000000007,-0.1133603238866397,0.0,120.0,2.0,42.5,54.3,54.3,120.0,11.799999999999997,0.27764705882352936,0.0,120.0,2.0,7.379,7.327,7.379,0.0,-0.0519999999999996,-0.0070470253421872344,0.0,120.0,2.0,0.031,0.021,0.031,0.0,-0.009999999999999998,-0.32258064516129026,0.0,120.0,2.0,3.5,2.22,3.5,0.0,-1.2799999999999998,-0.36571428571428566,0.0,120.0,2.0,443.2,404.8,443.2,0.0,-38.39999999999998,-0.0866425992779783,0.0,120.0,2.0,8.2,15.7,15.7,120.0,7.5,0.9146341463414634,0.0,120.0,2.0,4.23,7.56,7.56,120.0,3.329999999999999,0.7872340425531912,0.0,120.0,2.0,88.8,95.3,95.3,120.0,6.5,0.0731981981981982,0.0,120.0,2.0,299.9,275.9,299.9,0.0,-24.0,-0.08002667555851951,1.0
E001785,2,1,0,1,43,6.0,58.6,88.6,71.13333333333333,72.9,29.999999999999993,0.15110484965807733,-0.010268515484188032,-0.34000000000000036,-0.005836496050876759,1.0,88.6,118.0,58.6,125.0,0.0,-1.0,72.9,115.0,12.9,16.5,14.716666666666669,14.9,3.5999999999999996,0.08634545013425546,-0.008318654759954103,0.008333333333333325,0.010165145143091614,1.0,16.5,60.0,12.9,125.0,0.0,-1.0,14.9,115.0,108.9,125.6,116.76666666666665,118.8,16.69999999999999,0.052076102289718214,0.009276175651319118,-0.20666666666666694,0.026218073648579338,1.0,125.6,139.0,108.9,60.0,0.0,-1.0,118.8,58.0,66.6,85.6,78.73333333333333,85.6,19.0,0.07479523801904235,0.07213870227756848,0.1966666666666668,0.044055800594932734,-1.0,85.6,240.0,66.6,0.0,0.0,-1.0,85.6,-1.0,96.7,98.0,97.26666666666667,96.7,1.2999999999999972,0.005364110980979618,-0.004678027199737737,0.008333333333333056,-0.0047133039286081455,-1.0,98.0,60.0,96.7,240.0,0.0,-1.0,96.7,-1.0,36.42,36.88,36.64333333333333,36.77,0.46000000000000085,0.005222487071557339,0.0004198754710799261,0.0054999999999999945,0.001201661708893208,1.0,36.88,118.0,36.42,139.0,0.0,-1.0,36.77,7.0,13.0,15.0,14.333333333333334,13.0,2.0,0.05200158087208813,-0.0026216614779616507,-5.667210589323609e-17,-0.017335111293465984,-1.0,15.0,118.0,13.0,240.0,0.0,-1.0,13.0,122.0,33.2,40.0,36.11666666666667,35.7,6.799999999999997,0.056504802226128525,0.003955022120268813,-0.04499999999999997,-0.01882244332752074,1.0,40.0,118.0,33.2,60.0,0.0,-1.0,35.7,7.0,1.0,1.0,1.0,1.0,1.0,1.0,1.0,1.0,1.0,1.0,1.0,1.0,1.0,1.0,1.0,0.0,0.0,-1.0,-1.0,0.0,0.0,-1.0,0.0,-1.0,0.0,-1.0,0.0,-1.0,0.0,-1.0,0.0,-1.0,0.0,-1.0,0.0,-1.0,0.0,-1.0,0.0,-1.0,0.0,0.0,,,0.0,0.0,3.0,240.0,240.0,0.0,0.0,0.0,0.0,1.0,5.85,5.85,5.85,0.0,0.0,0.0,0.0,0.0,1.0,138.6,138.6,138.6,0.0,0.0,0.0,0.0,0.0,1.0,4.03,4.03,4.03,0.0,0.0,0.0,0.0,0.0,1.0,23.1,23.1,23.1,0.0,0.0,0.0,0.0,0.0,1.0,22.4,22.4,22.4,0.0,0.0,0.0,0.0,0.0,1.0,7.442,7.442,7.442,0.0,0.0,0.0,0.0,0.0,1.0,0.041,0.041,0.041,0.0,0.0,0.0,0.0,0.0,1.0,2.09,2.09,2.09,0.0,0.0,0.0,0.0,0.0,1.0,20.0,20.0,20.0,0.0,0.0,0.0,0.0,0.0,1.0,19.4,19.4,19.4,0.0,0.0,0.0,0.0,0.0,1.0,0.1,0.1,0.1,0.0,0.0,0.0,0.0,0.0,1.0,94.6,94.6,94.6,0.0,0.0,0.0,0.0,0.0,1.0,287.6,287.6,287.6,0.0,0.0,0.0,1.0
E000144,3,2,0,1,65,7.0,67.6,94.2,78.80000000000003,76.7,26.60000000000001,0.100998008888688,-0.08163403510098144,-0.18181818181818188,-0.03466547584054994,1.0,94.2,0.0,67.6,229.0,0.0,-1.0,72.15,-1.0,11.2,18.8,16.04285714285714,11.2,7.600000000000001,0.14877545283415997,-0.019471847400183907,-0.03272727272727275,-0.01871594274990391,-1.0,18.8,0.0,11.2,240.0,0.0,-1.0,14.25,-1.0,115.8,140.6,129.4142857142857,115.8,24.799999999999997,0.06496224645241887,-0.06423599299492226,0.21090909090909,-0.1079849413254347,-1.0,140.6,118.0,115.8,240.0,0.0,-1.0,120.1,-1.0,66.5,92.0,78.62857142857142,92.0,25.5,0.10553598057767478,0.08548304796462193,0.17454545454545417,0.09213602550478217,0.0,92.0,240.0,66.5,0.0,0.0,-1.0,87.2,-1.0,95.9,98.5,96.91428571428571,97.0,2.5999999999999943,0.007962634926927763,-0.004630469566970265,0.021818181818181622,0.001340809912496859,-1.0,98.5,55.0,95.9,129.0,0.0,-1.0,96.65,111.0,36.69,37.1,36.857142857142854,36.79,0.4100000000000037,0.003176403294348526,-0.0010335638961333179,-0.0036363636363638016,-0.0001537522327989467,1.0,37.1,0.0,36.69,129.0,0.0,-1.0,36.8,-1.0,14.0,15.0,14.571428571428571,15.0,1.0,0.03396178054056622,-0.00021103425684441848,-0.018181818181818202,-7.913717864653502e-05,1.0,15.0,0.0,14.0,55.0,0.0,-1.0,14.5,63.0,30.6,43.9,37.58571428571429,38.8,13.299999999999997,0.10287144114137062,0.0215812450391201,-0.0036363636363637283,0.04056232618083979,-1.0,43.9,229.0,30.6,129.0,0.0,-1.0,41.349999999999994,11.0,2.0,1.0,1.0,1.0,1.0,1.0,1.0,1.0,1.0,1.0,1.0,1.0,1.0,1.0,1.0,1.0,1.0,177.0,177.0,0.0,1.0,177.0,0.0,-1.0,0.0,-1.0,0.0,-1.0,0.0,-1.0,0.0,-1.0,0.0,-1.0,0.0,-1.0,0.0,-1.0,0.0,-1.0,4.0,0.0,57.0,,0.0,0.0,3.0,55.0,229.0,1.0,0.0,120.0,240.0,2.0,7.8,4.71,7.8,120.0,-3.09,-0.39615384615384613,120.0,240.0,2.0,135.9,140.6,140.6,240.0,4.699999999999989,0.0345842531272994,120.0,240.0,2.0,3.78,4.19,4.19,240.0,0.4100000000000006,0.10846560846560863,120.0,240.0,2.0,23.4,20.3,23.4,120.0,-3.099999999999998,-0.1324786324786324,120.0,240.0,2.0,44.9,40.7,44.9,120.0,-4.199999999999996,-0.0935412026726057,120.0,240.0,2.0,7.379,7.403,7.403,240.0,0.02400000000000002,0.0032524732348556745,120.0,240.0,2.0,0.035,0.0,0.035,120.0,-0.035,-1.0,120.0,240.0,2.0,2.55,3.43,3.43,240.0,0.8800000000000003,0.34509803921568644,120.0,240.0,2.0,279.1,363.7,363.7,240.0,84.59999999999997,0.30311716230741653,120.0,240.0,2.0,4.5,7.0,7.0,240.0,2.5,0.5555555555555556,120.0,240.0,2.0,3.61,0.1,3.61,120.0,-3.51,-0.9722991689750692,120.0,240.0,2.0,94.4,114.9,114.9,240.0,20.5,0.21716101694915252,120.0,240.0,2.0,286.0,286.6,286.6,240.0,0.6000000000000227,0.0020979020979021773,1.0
E000296,1,0,0,1,38,6.0,99.7,116.1,108.26666666666667,116.1,16.39999999999999,0.05330713072037415,-0.004767644118170536,0.039999999999999744,0.0650105977108947,1.0,116.1,240.0,99.7,214.0,0.0,-1.0,107.9,26.0,22.1,28.0,23.666666666666668,22.1,5.899999999999999,0.08825042364969318,-0.0021051045704189113,0.019999999999999844,-0.04258584145824491,-1.0,28.0,96.0,22.1,0.0,2.0,96.0,22.3,92.0,84.8,131.2,115.30000000000001,117.2,46.39999999999999,0.1262335153419618,-0.013431854601235232,0.21749999999999906,0.2519838914794406,-1.0,131.2,40.0,84.8,96.0,1.0,96.0,119.1,92.0,64.4,85.4,75.03333333333332,64.4,21.0,0.10164911151801305,0.010392669798529099,0.019999999999999907,-0.10723187791437017,-1.0,85.4,96.0,64.4,240.0,0.0,-1.0,73.65,144.0,93.4,97.2,94.84999999999998,94.9,3.799999999999997,0.01242624298593369,0.0054586169586238785,0.03999999999999983,0.0016829164900385174,-1.0,97.2,188.0,93.4,0.0,0.0,-1.0,94.5,26.0,37.11,37.93,37.68666666666667,37.6,0.8200000000000003,0.007411761424070991,-0.0016884664374837472,-0.0009999999999999805,-0.0006706231454004658,-1.0,37.93,0.0,37.11,188.0,0.0,-1.0,37.72,26.0,12.0,14.0,13.166666666666666,14.0,2.0,0.052191210450856465,0.004690945448070904,-4.2504079419927064e-17,0.014709622721492174,0.0,14.0,214.0,12.0,96.0,1.0,96.0,14.0,92.0,36.3,45.9,40.25000000000001,39.1,9.600000000000001,0.08612139643736237,-0.025785134154191695,0.06249999999999987,0.012081390419669366,1.0,45.9,40.0,36.3,214.0,0.0,-1.0,37.7,-1.0,2.0,1.0,1.0,1.0,1.0,1.0,1.0,1.0,1.0,1.0,1.0,1.0,1.0,1.0,1.0,2.0,1.0,44.0,197.0,1.0,0.0,-1.0,1.0,44.0,1.0,197.0,0.0,-1.0,0.0,-1.0,0.0,-1.0,0.0,-1.0,0.0,-1.0,0.0,-1.0,0.0,-1.0,7.0,0.0,44.0,,4.0,118.0,4.0,96.0,188.0,1.0,0.0,0.0,120.0,2.0,10.71,9.09,10.71,0.0,-1.620000000000001,-0.15126050420168075,0.0,120.0,2.0,138.6,137.6,138.6,0.0,-1.0,-0.007215007215007215,0.0,120.0,2.0,4.9,4.18,4.9,0.0,-0.7200000000000006,-0.1469387755102042,0.0,120.0,2.0,22.3,23.0,23.0,120.0,0.6999999999999993,0.03139013452914795,0.0,120.0,2.0,49.8,40.3,49.8,0.0,-9.5,-0.19076305220883535,0.0,120.0,2.0,7.348,7.358,7.358,120.0,0.009999999999999787,0.0013609145345672001,0.0,120.0,2.0,0.125,0.104,0.125,0.0,-0.021000000000000005,-0.16800000000000004,0.0,120.0,2.0,2.89,3.17,3.17,120.0,0.2799999999999998,0.09688581314878886,0.0,120.0,2.0,765.2,564.8,765.2,0.0,-200.4000000000001,-0.2618923157344486,0.0,120.0,2.0,9.8,19.5,19.5,120.0,9.7,0.9897959183673468,0.0,120.0,2.0,3.6,1.42,3.6,0.0,-2.18,-0.6055555555555556,0.0,120.0,2.0,118.6,105.8,118.6,0.0,-12.799999999999997,-0.10792580101180436,0.0,120.0,2.0,288.4,289.3,289.3,120.0,0.9000000000000341,0.0031206657420250836,1.0
E000121,1,0,0,1,38,7.0,93.2,133.7,119.9857142857143,133.7,40.499999999999986,0.10349284992781838,0.0014955490308471468,0.3095238095238092,-0.002822380221727124,1.0,133.7,240.0,93.2,205.0,1.0,240.0,133.7,35.0,19.7,30.6,25.728571428571428,30.6,10.900000000000002,0.1335089277702202,-0.010956344239474967,-0.0666666666666668,-0.004459403972078665,1.0,30.6,240.0,19.7,190.0,5.0,0.0,30.6,50.0,117.5,138.8,127.8142857142857,124.2,21.30000000000001,0.05359591811093409,0.014930340285657996,0.2857142857142851,0.04729107686988154,-1.0,138.8,190.0,117.5,111.0,0.0,-1.0,124.2,15.0,67.5,85.5,77.45714285714284,73.8,18.0,0.0847147575564478,-0.014004760957806377,-0.2666666666666665,0.007443865753247241,1.0,85.5,111.0,67.5,77.0,0.0,-1.0,73.8,34.0,92.5,95.7,93.8,92.5,3.200000000000003,0.011706292324444508,0.001504614736743831,-0.04285714285714326,0.0013582434681134457,-1.0,95.7,205.0,92.5,240.0,0.0,-1.0,92.5,-1.0,37.41,38.12,37.75857142857143,37.41,0.7100000000000009,0.006607270473630012,-0.0024359259302583454,-0.0033333333333334346,-0.004075594839323011,1.0,38.12,111.0,37.41,240.0,0.0,-1.0,37.41,-1.0,10.0,13.0,11.714285714285714,13.0,3.0,0.08794027501131683,0.007884239708961611,-0.0238095238095238,0.018617768461089645,1.0,13.0,205.0,10.0,77.0,5.0,0.0,13.0,34.0,38.1,48.8,43.114285714285714,40.5,10.699999999999996,0.07160125008458888,-0.018897902605074277,0.026190476190476177,-0.05056944654550151,1.0,48.8,77.0,38.1,205.0,0.0,-1.0,40.5,34.0,3.0,1.0,1.0,1.0,1.0,1.0,1.0,1.0,1.0,1.0,1.0,1.0,1.0,1.0,1.0,3.0,1.0,51.0,184.0,2.0,1.0,55.0,0.0,-1.0,1.0,184.0,0.0,-1.0,1.0,51.0,0.0,-1.0,0.0,-1.0,0.0,-1.0,0.0,-1.0,0.0,-1.0,7.0,1.0,51.0,-185.0,11.0,205.0,4.0,77.0,205.0,0.0,0.0,0.0,240.0,3.0,7.75,9.0,13.3,120.0,1.25,0.16129032258064516,0.0,240.0,3.0,141.7,142.1,142.1,240.0,0.4000000000000057,0.0028228652081863496,0.0,240.0,3.0,4.39,4.52,4.55,120.0,0.1299999999999999,0.02961275626423688,0.0,240.0,3.0,18.4,19.7,19.7,240.0,1.3000000000000007,0.07065217391304353,0.0,240.0,3.0,57.7,36.3,57.7,0.0,-21.400000000000006,-0.3708838821490469,0.0,240.0,3.0,7.347,7.313,7.347,0.0,-0.034000000000000696,-0.004627739213284428,0.0,240.0,3.0,0.15,0.068,0.15,0.0,-0.08199999999999999,-0.5466666666666666,0.0,240.0,3.0,4.67,2.5,4.67,0.0,-2.17,-0.46466809421841543,0.0,240.0,3.0,826.0,726.2,826.0,0.0,-99.79999999999995,-0.12082324455205806,0.0,240.0,3.0,25.7,23.7,25.7,0.0,-2.0,-0.07782101167315175,0.0,240.0,3.0,6.39,7.23,7.23,240.0,0.8400000000000007,0.13145539906103298,0.0,240.0,3.0,113.5,111.0,123.7,120.0,-2.5,-0.022026431718061675,0.0,240.0,3.0,298.3,285.5,300.8,120.0,-12.800000000000011,-0.042909822326516966,1.0
E000512,0,6,1,0,41,6.0,73.1,85.3,80.2,85.3,12.200000000000003,0.04881457222458209,0.03401355284061352,0.3319999999999998,0.055162745988091275,-1.0,85.3,240.0,73.1,0.0,0.0,-1.0,84.35,-1.0,12.9,19.6,15.883333333333335,12.9,6.700000000000001,0.13771673398118248,-0.021709148167414153,0.11199999999999996,-0.030426423860511,-1.0,19.6,25.0,12.9,240.0,0.0,-1.0,13.3,-1.0,107.3,137.7,122.68333333333332,137.7,30.39999999999999,0.08244461094327002,-0.013779892870699811,-0.5960000000000012,0.0675068756508505,1.0,137.7,240.0,107.3,216.0,0.0,-1.0,122.5,24.0,73.2,88.0,79.03333333333332,79.1,14.799999999999997,0.06228112516588124,-0.021167175132505798,0.4319999999999996,0.00656324263704596,-1.0,88.0,25.0,73.2,125.0,0.0,-1.0,76.9,100.0,95.7,98.0,97.11666666666667,98.0,2.299999999999997,0.00764601661573553,-0.001661066512955294,0.0240000000000001,0.0009692665082375125,1.0,98.0,240.0,95.7,216.0,0.0,-1.0,96.85,24.0,36.69,37.0,36.815,36.69,0.3100000000000023,0.002869292747972444,-0.00016849667505525098,0.005999999999999709,-0.001053643427411814,-1.0,37.0,142.0,36.69,240.0,0.0,-1.0,36.76,74.0,14.0,15.0,14.833333333333334,15.0,1.0,0.02512435929775044,0.0026290261356127632,0.039999999999999925,3.713590103039356e-17,-1.0,15.0,25.0,14.0,0.0,0.0,-1.0,15.0,-1.0,32.6,40.0,35.21666666666667,33.5,7.399999999999999,0.06754377927372505,-0.013907126488492743,0.1879999999999999,0.010744706416384168,-1.0,40.0,25.0,32.6,125.0,0.0,-1.0,34.6,100.0,1.0,1.0,1.0,1.0,1.0,1.0,1.0,1.0,1.0,1.0,1.0,1.0,1.0,1.0,1.0,3.0,1.0,39.0,160.0,1.0,1.0,118.0,1.0,160.0,0.0,-1.0,0.0,-1.0,1.0,39.0,0.0,-1.0,0.0,-1.0,0.0,-1.0,0.0,-1.0,0.0,-1.0,4.0,0.0,-81.0,,0.0,0.0,2.0,0.0,216.0,1.0,0.0,120.0,120.0,1.0,6.19,6.19,6.19,120.0,0.0,0.0,120.0,120.0,1.0,141.6,141.6,141.6,120.0,0.0,0.0,120.0,120.0,1.0,4.26,4.26,4.26,120.0,0.0,0.0,120.0,120.0,1.0,25.6,25.6,25.6,120.0,0.0,0.0,120.0,120.0,1.0,24.7,24.7,24.7,120.0,0.0,0.0,120.0,120.0,1.0,7.384,7.384,7.384,120.0,0.0,0.0,120.0,120.0,1.0,0.013,0.013,0.013,120.0,0.0,0.0,120.0,120.0,1.0,1.51,1.51,1.51,120.0,0.0,0.0,120.0,120.0,1.0,402.6,402.6,402.6,120.0,0.0,0.0,120.0,120.0,1.0,15.4,15.4,15.4,120.0,0.0,0.0,120.0,120.0,1.0,0.99,0.99,0.99,120.0,0.0,0.0,120.0,120.0,1.0,84.1,84.1,84.1,120.0,0.0,0.0,120.0,120.0,1.0,277.0,277.0,277.0,120.0,0.0,0.0,1.0
E000554,4,3,0,0,74,9.0,95.1,127.2,104.95555555555556,95.1,32.10000000000001,0.09982393620457577,-0.07386652624007795,0.6999999999999998,-0.0673965206958607,-1.0,127.2,35.0,95.1,204.0,0.0,-1.0,99.0,27.0,15.9,22.1,19.8,20.4,6.200000000000001,0.09180874211741401,-0.010294565564415797,0.005714285714285723,-0.005672465506898626,1.0,22.1,72.0,15.9,213.0,0.0,-1.0,18.15,27.0,106.7,125.4,113.56666666666666,114.0,18.700000000000003,0.05456349321884185,0.004629857285974968,0.19999999999999968,-0.00023835232953409112,-1.0,125.4,65.0,106.7,72.0,0.0,-1.0,110.8,7.0,65.3,90.4,77.10000000000001,78.0,25.10000000000001,0.0858255439251366,-0.009371456461029692,-0.5142857142857143,0.022973805238952278,1.0,90.4,0.0,65.3,72.0,0.0,-1.0,76.25,68.0,93.7,96.4,95.02222222222221,93.9,2.700000000000003,0.009171502128684544,0.0004225641552572485,0.059999999999999505,-0.002214357128574265,-1.0,96.4,213.0,93.7,0.0,0.0,-1.0,95.15,27.0,37.11,37.91,37.60222222222222,37.85,0.7999999999999972,0.006100293093744762,-0.0010596947556539245,-0.010857142857142942,-0.000787402519496101,1.0,37.91,0.0,37.11,204.0,0.0,-1.0,37.7,9.0,12.0,14.0,12.777777777777779,12.0,2.0,0.0717061847933506,0.0032550100365867597,0.028571428571428505,0.003087382523495303,-1.0,14.0,65.0,12.0,0.0,5.0,0.0,13.0,7.0,34.8,45.8,40.34444444444445,34.8,11.0,0.0921973497056005,-0.015258914580756816,0.15999999999999978,-0.03590801839632079,-1.0,45.8,62.0,34.8,240.0,0.0,-1.0,39.0,78.0,3.0,1.0,1.0,1.0,1.0,1.0,1.0,1.0,1.0,1.0,1.0,1.0,1.0,1.0,1.0,2.0,1.0,57.0,222.0,1.0,1.0,222.0,1.0,57.0,0.0,-1.0,0.0,-1.0,0.0,-1.0,0.0,-1.0,0.0,-1.0,0.0,-1.0,0.0,-1.0,0.0,-1.0,4.0,0.0,57.0,,5.0,132.0,5.0,0.0,204.0,1.0,0.0,0.0,240.0,3.0,11.9,7.58,11.9,0.0,-4.32,-0.3630252100840336,0.0,240.0,3.0,135.3,141.1,141.1,240.0,5.799999999999983,0.04286770140428664,0.0,240.0,3.0,4.32,3.82,4.85,120.0,-0.5000000000000004,-0.11574074074074084,0.0,240.0,3.0,20.9,19.7,20.9,0.0,-1.1999999999999993,-0.0574162679425837,0.0,240.0,3.0,65.4,65.9,65.9,240.0,0.5,0.0076452599388379195,0.0,240.0,3.0,7.325,7.34,7.371,120.0,0.01499999999999968,0.0020477815699658265,0.0,240.0,3.0,0.075,0.033,0.092,120.0,-0.041999999999999996,-0.5599999999999999,0.0,240.0,3.0,2.22,2.51,3.97,120.0,0.2899999999999996,0.13063063063063043,0.0,240.0,3.0,647.8,471.6,647.8,0.0,-176.19999999999993,-0.2719975301018832,0.0,240.0,3.0,11.6,19.6,24.0,120.0,8.000000000000002,0.6896551724137933,0.0,240.0,3.0,0.1,0.2,11.12,120.0,0.1,1.0,0.0,240.0,3.0,118.1,90.1,118.1,0.0,-28.0,-0.23708721422523288,0.0,240.0,3.0,287.5,284.8,287.5,0.0,-2.6999999999999886,-0.009391304347826047,1.0
E001381,4,3,0,0,74,7.0,112.5,136.5,119.27142857142859,118.7,24.0,0.06660621817834361,0.022786184433738203,-0.17394596807204368,0.024217615489845714,1.0,136.5,196.0,112.5,26.0,1.0,196.0,118.7,6.0,17.5,29.7,23.457142857142856,27.7,12.2,0.17379411409688544,-0.007249414085947988,-0.10321326238231701,0.06075765547721781,1.0,29.7,0.0,17.5,93.0,2.0,0.0,27.7,109.0,95.1,125.1,112.58571428571429,117.4,30.0,0.07600229957876965,0.058563740663218074,0.014879246827670162,0.007271387982742827,1.0,125.1,202.0,95.1,26.0,0.0,-1.0,117.4,31.0,62.3,81.6,70.1857142857143,69.1,19.299999999999997,0.09340320883865182,0.03269661396485034,0.2356324191567746,-0.01555298326844121,-1.0,81.6,202.0,62.3,0.0,0.0,-1.0,69.1,38.0,92.2,94.2,93.3,93.9,2.0,0.007578850816576079,0.002115554256424231,0.0015349979533352094,0.005621382721246292,1.0,94.2,196.0,92.2,26.0,0.0,-1.0,93.9,31.0,37.47,37.96,37.64,37.64,0.490000000000002,0.00402414976884448,-0.0004503317134789111,-0.007576749897666958,0.0013136904135536691,1.0,37.96,0.0,37.47,93.0,0.0,-1.0,37.64,109.0,11.0,13.0,11.714285714285714,12.0,2.0,0.07517578052401191,-0.0028395300160245517,-0.03397462136717156,-0.010291486898873985,1.0,13.0,0.0,11.0,26.0,5.0,26.0,12.0,67.0,34.9,45.4,41.34285714285714,40.5,10.5,0.07845108564134527,0.011383696713139692,0.03125255832992183,-0.03184047143007463,1.0,45.4,93.0,34.9,26.0,0.0,-1.0,40.5,31.0,2.0,1.0,1.0,1.0,1.0,1.0,1.0,1.0,1.0,1.0,1.0,1.0,1.0,1.0,1.0,1.0,1.0,92.0,92.0,0.0,0.0,-1.0,0.0,-1.0,0.0,-1.0,0.0,-1.0,1.0,92.0,0.0,-1.0,0.0,-1.0,0.0,-1.0,0.0,-1.0,0.0,-1.0,3.0,0.0,92.0,,8.0,67.0,3.0,26.0,-1.0,1.0,0.0,0.0,240.0,2.0,13.16,8.12,13.16,0.0,-5.040000000000001,-0.3829787234042554,0.0,240.0,2.0,137.2,137.7,137.7,240.0,0.5,0.003644314868804665,0.0,240.0,2.0,3.74,4.0,4.0,240.0,0.2599999999999998,0.06951871657754005,0.0,240.0,2.0,18.5,23.2,23.2,240.0,4.699999999999999,0.254054054054054,0.0,240.0,2.0,21.1,57.2,57.2,240.0,36.1,1.7109004739336493,0.0,240.0,2.0,7.388,7.318,7.388,0.0,-0.07000000000000028,-0.009474824038982171,0.0,240.0,2.0,0.093,0.101,0.101,240.0,0.008000000000000007,0.08602150537634416,0.0,240.0,2.0,2.27,2.63,2.63,240.0,0.3599999999999999,0.158590308370044,0.0,240.0,2.0,590.6,605.7,605.7,240.0,15.100000000000023,0.025567219776498513,0.0,240.0,2.0,22.1,27.8,27.8,240.0,5.699999999999999,0.25791855203619907,0.0,240.0,2.0,8.19,4.67,8.19,0.0,-3.5199999999999996,-0.42979242979242976,0.0,240.0,2.0,99.2,136.4,136.4,240.0,37.2,0.375,0.0,240.0,2.0,289.6,291.9,291.9,240.0,2.2999999999999545,0.007941988950276086,1.0
E000511,1,0,0,1,38,8.0,69.2,102.2,81.8,83.5,33.0,0.11921352719120867,0.03444605607788717,0.576666666666666,0.02685399768250293,-1.0,102.2,173.0,69.2,179.0,0.0,-1.0,83.5,2.0,7.0,18.4,14.537499999999998,15.7,11.399999999999999,0.24006626227154074,-0.008487337082989857,0.10666666666666655,0.018537343305593635,-1.0,18.4,30.0,7.0,173.0,1.0,173.0,15.7,2.0,119.6,135.5,128.65,130.7,15.900000000000006,0.04350292098075714,0.013287975707234745,-0.503333333333334,0.032092067839460586,1.0,135.5,175.0,119.6,30.0,0.0,-1.0,130.7,123.0,62.7,87.8,74.86250000000001,73.9,25.099999999999994,0.09421275623296418,0.016708058978827302,-0.14666666666666703,-0.01487938480986,-1.0,87.8,173.0,62.7,175.0,0.0,-1.0,73.9,2.0,95.9,98.5,97.41250000000001,97.5,2.5999999999999943,0.008955800044354787,-0.0007038432240089246,0.009999999999999334,0.0026967239018224755,-1.0,98.5,179.0,95.9,153.0,0.0,-1.0,97.5,22.0,36.56,37.15,36.855000000000004,36.98,0.5899999999999963,0.0055953305188715845,-0.001686928029552056,0.0019999999999997316,-7.847887917416076e-05,1.0,37.15,30.0,36.56,153.0,0.0,-1.0,36.98,87.0,13.0,15.0,14.125,14.0,2.0,0.042440986931970966,-0.0020296146340954492,0.03333333333333327,0.0001580111661223864,-1.0,15.0,30.0,13.0,173.0,0.0,-1.0,14.0,54.0,28.5,38.6,33.762499999999996,34.1,10.100000000000001,0.09969591487196804,0.007470964510440249,0.17666666666666633,-0.028847571895080647,-1.0,38.6,153.0,28.5,175.0,2.0,0.0,34.1,20.0,1.0,1.0,1.0,1.0,1.0,1.0,1.0,1.0,1.0,1.0,1.0,1.0,1.0,1.0,1.0,0.0,0.0,-1.0,-1.0,0.0,0.0,-1.0,0.0,-1.0,0.0,-1.0,0.0,-1.0,0.0,-1.0,0.0,-1.0,0.0,-1.0,0.0,-1.0,0.0,-1.0,0.0,-1.0,0.0,0.0,,,3.0,30.0,4.0,173.0,240.0,0.0,0.0,120.0,120.0,1.0,8.23,8.23,8.23,120.0,0.0,0.0,120.0,120.0,1.0,139.6,139.6,139.6,120.0,0.0,0.0,120.0,120.0,1.0,4.48,4.48,4.48,120.0,0.0,0.0,120.0,120.0,1.0,26.9,26.9,26.9,120.0,0.0,0.0,120.0,120.0,1.0,44.7,44.7,44.7,120.0,0.0,0.0,120.0,120.0,1.0,7.369,7.369,7.369,120.0,0.0,0.0,120.0,120.0,1.0,0.012,0.012,0.012,120.0,0.0,0.0,120.0,120.0,1.0,1.55,1.55,1.55,120.0,0.0,0.0,120.0,120.0,1.0,213.4,213.4,213.4,120.0,0.0,0.0,120.0,120.0,1.0,8.7,8.7,8.7,120.0,0.0,0.0,120.0,120.0,1.0,6.64,6.64,6.64,120.0,0.0,0.0,120.0,120.0,1.0,99.9,99.9,99.9,120.0,0.0,0.0,120.0,120.0,1.0,284.9,284.9,284.9,120.0,0.0,0.0,1.0
E000677,3,2,0,1,65,9.0,87.3,131.6,109.07777777777778,98.2,44.3,0.1411676381702156,-0.09931617663317878,0.10000000000000005,-0.05325948164475191,-1.0,131.6,127.0,87.3,206.0,1.0,127.0,100.65,-1.0,14.1,25.8,19.58888888888889,18.3,11.700000000000001,0.14897790895407212,0.006271421305953362,-0.08125000000000006,-0.009613893744774645,1.0,25.8,127.0,14.1,48.0,1.0,127.0,19.1,79.0,106.0,144.6,125.42222222222222,106.0,38.599999999999994,0.08838548407875693,-0.02061936596619767,-0.0500000000000003,-0.041075473132172906,-1.0,144.6,74.0,106.0,240.0,0.0,-1.0,117.6,132.0,62.4,81.7,75.3111111111111,62.4,19.300000000000004,0.0809197768286212,-0.023426155921309703,0.08124999999999952,-0.030428669149502277,-1.0,81.7,74.0,62.4,240.0,0.0,-1.0,69.0,-1.0,93.4,95.7,94.9888888888889,95.7,2.299999999999997,0.007500863044511111,0.005899934400129877,0.022916666666666165,0.0072653340427148655,-1.0,95.7,221.0,93.4,61.0,0.0,-1.0,95.7,-1.0,36.95,37.94,37.44111111111111,37.37,0.9899999999999949,0.00860999510023495,-0.0031280450501580863,-0.002708333333333526,-0.0032191989055255716,1.0,37.94,63.0,36.95,221.0,0.0,-1.0,37.16,19.0,12.0,14.0,12.88888888888889,14.0,2.0,0.05718318604061034,0.005100574183134219,0.020833333333333284,0.005107547313217289,-1.0,14.0,221.0,12.0,0.0,3.0,0.0,14.0,-1.0,35.3,42.6,38.488888888888894,37.3,7.300000000000004,0.06519521473549089,-0.016321284578133848,-0.12291666666666677,-0.020777912898077146,1.0,42.6,63.0,35.3,127.0,0.0,-1.0,36.7,-1.0,2.0,1.0,1.0,1.0,1.0,1.0,1.0,1.0,1.0,1.0,1.0,1.0,1.0,1.0,1.0,3.0,1.0,30.0,125.0,2.0,1.0,125.0,1.0,57.0,0.0,-1.0,1.0,30.0,0.0,-1.0,0.0,-1.0,0.0,-1.0,0.0,-1.0,0.0,-1.0,0.0,-1.0,5.0,0.0,30.0,-2.0,5.0,79.0,5.0,0.0,221.0,1.0,0.0,0.0,120.0,2.0,8.42,4.56,8.42,0.0,-3.8600000000000003,-0.4584323040380048,0.0,120.0,2.0,138.9,137.0,138.9,0.0,-1.9000000000000057,-0.013678905687545036,0.0,120.0,2.0,4.06,4.25,4.25,120.0,0.1900000000000004,0.04679802955665035,0.0,120.0,2.0,23.3,25.2,25.2,120.0,1.8999999999999986,0.08154506437768234,0.0,120.0,2.0,39.1,49.6,49.6,120.0,10.5,0.26854219948849106,0.0,120.0,2.0,7.305,7.372,7.372,120.0,0.06700000000000017,0.009171800136892562,0.0,120.0,2.0,0.068,0.054,0.068,0.0,-0.014000000000000005,-0.20588235294117654,0.0,120.0,2.0,4.3,2.84,4.3,0.0,-1.46,-0.3395348837209302,0.0,120.0,2.0,730.2,688.4,730.2,0.0,-41.80000000000007,-0.057244590523144435,0.0,120.0,2.0,11.9,18.5,18.5,120.0,6.6,0.5546218487394957,0.0,120.0,2.0,9.44,6.76,9.44,0.0,-2.6799999999999997,-0.28389830508474573,0.0,120.0,2.0,132.7,112.7,132.7,0.0,-19.999999999999986,-0.15071590052750555,0.0,120.0,2.0,291.6,285.9,291.6,0.0,-5.7000000000000455,-0.019547325102880812,1.0
E000408,2,1,0,1,43,6.0,81.9,97.1,89.08333333333333,89.5,15.199999999999989,0.06826453710716933,0.034549894436954685,0.0,0.020633864405490657,-1.0,97.1,88.0,81.9,65.0,0.0,-1.0,89.5,152.0,14.2,19.3,17.51666666666667,18.7,5.100000000000001,0.10595602026510742,0.012710808129626303,0.0,0.010115403627514393,1.0,19.3,70.0,14.2,65.0,0.0,-1.0,18.7,-1.0,117.9,136.7,128.71666666666667,135.3,18.799999999999983,0.05114264958344644,0.054989952433037406,0.0,0.07764078482071607,1.0,136.7,130.0,117.9,65.0,0.0,-1.0,135.3,5.0,62.9,88.8,75.43333333333332,81.9,25.9,0.11404819672932028,-0.0010642789916821425,0.0,0.0736919654739723,1.0,88.8,0.0,62.9,65.0,0.0,-1.0,81.9,23.0,96.1,99.5,97.33333333333333,96.1,3.4000000000000057,0.012295426760970037,-0.010145244575585872,0.0,-0.0035837864557587583,1.0,99.5,0.0,96.1,240.0,0.0,-1.0,96.1,-1.0,36.52,37.25,36.97666666666667,37.04,0.7299999999999969,0.006533010342375674,-9.655839035439172e-05,0.0,-0.000920757443248775,1.0,37.25,88.0,36.52,130.0,0.0,-1.0,37.04,42.0,13.0,15.0,13.833333333333334,14.0,2.0,0.04967597139298387,0.002314755933151873,0.0,-0.0010931974599794596,-1.0,15.0,65.0,13.0,0.0,0.0,-1.0,14.0,5.0,31.9,41.1,35.949999999999996,34.0,9.200000000000003,0.08346082441545202,-0.006625289344491709,0.0,-0.014544279250161588,1.0,41.1,88.0,31.9,65.0,0.0,-1.0,34.0,42.0,2.0,1.0,1.0,1.0,1.0,1.0,1.0,1.0,1.0,1.0,1.0,1.0,1.0,1.0,1.0,2.0,1.0,62.0,213.0,0.0,1.0,62.0,1.0,213.0,0.0,-1.0,0.0,-1.0,0.0,-1.0,0.0,-1.0,0.0,-1.0,0.0,-1.0,0.0,-1.0,0.0,-1.0,4.0,0.0,-58.0,,0.0,0.0,2.0,0.0,240.0,0.0,0.0,120.0,240.0,2.0,7.61,9.11,9.11,240.0,1.4999999999999991,0.19710906701708267,120.0,240.0,2.0,146.8,141.2,146.8,120.0,-5.600000000000023,-0.03814713896457781,120.0,240.0,2.0,4.26,3.85,4.26,120.0,-0.4099999999999997,-0.09624413145539899,120.0,240.0,2.0,23.1,24.0,24.0,240.0,0.8999999999999986,0.0389610389610389,120.0,240.0,2.0,18.5,28.5,28.5,240.0,10.0,0.5405405405405406,120.0,240.0,2.0,7.371,7.337,7.371,120.0,-0.034000000000000696,-0.00461267127933804,120.0,240.0,2.0,0.0,0.003,0.003,240.0,0.003,3000000.0,120.0,240.0,2.0,1.33,2.85,2.85,240.0,1.52,1.1428571428571428,120.0,240.0,2.0,302.2,406.1,406.1,240.0,103.90000000000003,0.3438120450033092,120.0,240.0,2.0,15.2,3.6,15.2,120.0,-11.6,-0.7631578947368421,120.0,240.0,2.0,2.47,4.55,4.55,240.0,2.0799999999999996,0.8421052631578945,120.0,240.0,2.0,86.6,107.1,107.1,240.0,20.5,0.23672055427251734,120.0,240.0,2.0,294.5,287.0,294.5,120.0,-7.5,-0.025466893039049237,1.0
E000357,4,3,0,0,74,9.0,73.2,92.6,83.02222222222221,92.6,19.39999999999999,0.082178460671947,0.05600613555747264,0.0,0.06336027244078489,1.0,92.6,240.0,73.2,131.0,0.0,-1.0,92.6,-1.0,8.4,18.3,12.88888888888889,13.0,9.9,0.23057726245137863,-0.011008052919183248,0.0,0.019973060892548557,1.0,18.3,0.0,8.4,82.0,0.0,-1.0,13.0,49.0,112.6,147.7,133.35555555555553,130.6,35.099999999999994,0.07089491086446074,-0.014622279743073808,0.0,-0.04346345430517447,-1.0,147.7,112.0,112.6,179.0,0.0,-1.0,130.6,4.0,63.7,98.7,77.71111111111112,68.5,35.0,0.12272822838435092,0.009073914293931416,0.0,-0.03208041069431723,-1.0,98.7,131.0,63.7,127.0,0.0,-1.0,68.5,48.0,96.7,98.8,97.44444444444444,97.3,2.0999999999999943,0.006740030424689449,-0.006248202473397042,0.0,-0.0023991054183184818,1.0,98.8,0.0,96.7,82.0,0.0,-1.0,97.3,30.0,36.5,37.3,36.86333333333333,36.5,0.7999999999999972,0.007372752368438171,-0.0012951778352986915,0.0,-0.0015726339331096812,-1.0,37.3,131.0,36.5,240.0,0.0,-1.0,36.5,-1.0,13.0,15.0,14.333333333333334,15.0,2.0,0.04651162790697674,-0.0008148787268718512,0.0,-0.004396665650096557,0.0,15.0,82.0,13.0,179.0,0.0,-1.0,15.0,45.0,31.2,40.4,36.3,40.4,9.2,0.06680085759218811,0.02266081871345021,0.0,0.03605011690556059,1.0,40.4,240.0,31.2,82.0,0.0,-1.0,40.4,-1.0,0.0,0.0,0.0,0.0,0.0,0.0,0.0,0.0,0.0,0.0,0.0,0.0,0.0,0.0,0.0,2.0,1.0,91.0,96.0,0.0,0.0,-1.0,1.0,91.0,0.0,-1.0,1.0,96.0,0.0,-1.0,0.0,-1.0,0.0,-1.0,0.0,-1.0,0.0,-1.0,0.0,-1.0,5.0,0.0,,,0.0,0.0,6.0,179.0,183.0,1.0,0.0,,,,,,,,,,,,,,,,,,,,,,,,,,,,,,,,,,,,,,,,,,,,,,,,,,,,,,,,,,,,,,,,,,,,,,,,,,,,,,,,,,,,,,,,,,,,,,,,,,,,,,,,,,,,,,,,,,,,,,
E001568,4,3,0,0,74,9.0,81.6,125.0,95.45555555555556,96.4,43.400000000000006,0.1285664501136012,-0.13657004808560066,0.0,-0.06810575310154499,1.0,125.0,0.0,81.6,174.0,0.0,-1.0,92.80000000000001,-1.0,11.8,21.4,16.4,15.5,9.599999999999998,0.18420959447759674,0.005227399999074379,0.0,-0.009727430426344335,-1.0,21.4,110.0,11.8,133.0,0.0,-1.0,14.35,23.0,104.6,143.8,123.0888888888889,120.9,39.20000000000002,0.09229589374812341,0.09572922114285431,0.0,0.06519227576415092,-1.0,143.8,203.0,104.6,0.0,0.0,-1.0,125.9,6.0,67.6,86.2,75.66666666666669,79.6,18.60000000000001,0.07552464842902851,0.014479828576453262,0.0,0.016384517178008994,1.0,86.2,203.0,67.6,218.0,0.0,-1.0,73.6,6.0,94.4,97.0,95.69999999999999,96.5,2.5999999999999943,0.0073062267375141095,0.0025074858959703195,0.0,0.00787251461318727,1.0,97.0,203.0,94.4,110.0,0.0,-1.0,96.0,23.0,36.86,37.67,37.30777777777778,37.29,0.8100000000000023,0.006845134292422387,-0.0011843682459169323,0.0,-0.0009364462332040953,-1.0,37.67,110.0,36.86,209.0,0.0,-1.0,37.455,9.0,12.0,15.0,13.444444444444445,14.0,3.0,0.061845576640891596,0.005826734483253365,0.0,0.009320379456234882,1.0,15.0,174.0,12.0,110.0,1.0,110.0,13.5,29.0,30.9,44.6,37.98888888888889,39.9,13.700000000000003,0.10349772707620461,-0.03843793532741245,0.0,-0.03256465011364221,1.0,44.6,0.0,30.9,209.0,0.0,-1.0,36.95,31.0,1.0,1.0,1.0,1.0,1.0,1.0,1.0,1.0,1.0,1.0,1.0,1.0,1.0,1.0,1.0,3.0,1.0,110.0,177.0,0.0,1.0,110.0,1.0,125.0,1.0,177.0,0.0,-1.0,0.0,-1.0,0.0,-1.0,0.0,-1.0,0.0,-1.0,0.0,-1.0,0.0,-1.0,7.0,1.0,-130.0,,1.0,23.0,5.0,110.0,203.0,1.0,1.0,240.0,240.0,1.0,9.34,9.34,9.34,240.0,0.0,0.0,240.0,240.0,1.0,143.2,143.2,143.2,240.0,0.0,0.0,240.0,240.0,1.0,3.77,3.77,3.77,240.0,0.0,0.0,240.0,240.0,1.0,23.0,23.0,23.0,240.0,0.0,0.0,240.0,240.0,1.0,24.5,24.5,24.5,240.0,0.0,0.0,240.0,240.0,1.0,7.368,7.368,7.368,240.0,0.0,0.0,240.0,240.0,1.0,0.039,0.039,0.039,240.0,0.0,0.0,240.0,240.0,1.0,2.68,2.68,2.68,240.0,0.0,0.0,240.0,240.0,1.0,331.3,331.3,331.3,240.0,0.0,0.0,240.0,240.0,1.0,3.6,3.6,3.6,240.0,0.0,0.0,240.0,240.0,1.0,0.1,0.1,0.1,240.0,0.0,0.0,240.0,240.0,1.0,110.0,110.0,110.0,240.0,0.0,0.0,240.0,240.0,1.0,281.1,281.1,281.1,240.0,0.0,0.0,1.0
E000720,4,3,0,0,74,7.0,63.7,96.2,76.2,75.4,32.5,0.1333813747745083,-0.10310085651981679,0.0,-0.014325849806373253,1.0,96.2,0.0,63.7,160.0,0.0,-1.0,70.2,23.0,12.0,17.7,15.242857142857144,15.6,5.699999999999999,0.1273015717638812,-0.004448957263932502,0.0,-0.035748816725303126,1.0,17.7,160.0,12.0,224.0,0.0,-1.0,13.8,16.0,99.5,137.9,124.84285714285714,137.5,38.400000000000006,0.11702212438668892,0.07343402249582238,0.0,-0.04217013844946728,1.0,137.9,198.0,99.5,224.0,0.0,-1.0,118.5,26.0,66.9,96.1,79.58571428571427,66.9,29.19999999999999,0.11723654579980002,-0.038453843098758295,0.0,-0.20476094054519203,-1.0,96.1,160.0,66.9,240.0,0.0,-1.0,74.45,23.0,96.1,97.7,96.79999999999998,96.8,1.6000000000000085,0.006124112727640618,0.003283700645199929,0.0,-0.001379432534359064,1.0,97.7,160.0,96.1,0.0,0.0,-1.0,96.6,23.0,36.56,37.32,36.80857142857143,36.88,0.759999999999998,0.006705856594952022,0.00041818100069691323,0.0,0.004793591333620282,-1.0,37.32,224.0,36.56,146.0,0.0,-1.0,37.1,16.0,14.0,15.0,14.714285714285714,15.0,1.0,0.030701724856003688,0.0034320741567813477,0.0,-0.0009364954820420171,-1.0,15.0,146.0,14.0,0.0,0.0,-1.0,15.0,52.0,29.2,38.0,32.84285714285714,29.8,8.8,0.0843620908040063,-0.0032267491963100924,0.0,0.023766736692905428,-1.0,38.0,224.0,29.2,146.0,2.0,146.0,33.9,14.0,1.0,1.0,1.0,1.0,1.0,1.0,1.0,1.0,1.0,1.0,1.0,1.0,1.0,1.0,1.0,1.0,1.0,156.0,156.0,0.0,0.0,-1.0,1.0,156.0,0.0,-1.0,0.0,-1.0,0.0,-1.0,0.0,-1.0,0.0,-1.0,0.0,-1.0,0.0,-1.0,0.0,-1.0,2.0,0.0,36.0,,2.0,14.0,3.0,0.0,183.0,1.0,1.0,120.0,120.0,1.0,4.57,4.57,4.57,120.0,0.0,0.0,120.0,120.0,1.0,137.1,137.1,137.1,120.0,0.0,0.0,120.0,120.0,1.0,3.44,3.44,3.44,120.0,0.0,0.0,120.0,120.0,1.0,24.6,24.6,24.6,120.0,0.0,0.0,120.0,120.0,1.0,14.8,14.8,14.8,120.0,0.0,0.0,120.0,120.0,1.0,7.423,7.423,7.423,120.0,0.0,0.0,120.0,120.0,1.0,0.013,0.013,0.013,120.0,0.0,0.0,120.0,120.0,1.0,1.68,1.68,1.68,120.0,0.0,0.0,120.0,120.0,1.0,160.0,160.0,160.0,120.0,0.0,0.0,120.0,120.0,1.0,9.8,9.8,9.8,120.0,0.0,0.0,120.0,120.0,1.0,0.1,0.1,0.1,120.0,0.0,0.0,120.0,120.0,1.0,116.5,116.5,116.5,120.0,0.0,0.0,120.0,120.0,1.0,285.5,285.5,285.5,120.0,0.0,0.0,1.0
E000178,3,2,0,1,65,8.0,88.6,115.5,100.76249999999999,108.1,26.900000000000006,0.08085272148217104,-0.014096750984015922,-0.9208333333333335,0.04516477215232535,1.0,115.5,0.0,88.6,180.0,0.0,-1.0,108.1,60.0,13.7,20.9,18.65,18.0,7.199999999999999,0.11453088130452455,-0.007659946672685982,-0.08333333333333348,-0.0071575538840355285,1.0,20.9,81.0,13.7,126.0,0.0,-1.0,18.0,2.0,107.9,138.3,120.875,120.1,30.400000000000006,0.07275163919876612,0.030687753057855975,0.4041666666666661,0.10221270280298154,-1.0,138.3,180.0,107.9,81.0,0.0,-1.0,120.1,60.0,72.3,85.0,77.925,73.7,12.700000000000003,0.052343054906157906,-0.009582551528575288,-0.12083333333333363,-0.022056194555941804,1.0,85.0,128.0,72.3,81.0,0.0,-1.0,73.7,45.0,95.3,96.9,96.21249999999999,96.9,1.6000000000000085,0.006047946894794043,0.005011921053002897,0.02083333333333332,0.002104766080884827,1.0,96.9,240.0,95.3,0.0,0.0,-1.0,96.9,-1.0,36.66,37.57,37.1675,36.66,0.9100000000000037,0.008208023485054405,-0.0036099487888492667,-0.004166666666666815,-0.005014335345903587,-1.0,37.57,81.0,36.66,240.0,0.0,-1.0,36.66,-1.0,12.0,14.0,13.375,14.0,2.0,0.052035180961028236,0.002011765867697473,-0.04166666666666677,0.009174621378217004,1.0,14.0,0.0,12.0,81.0,1.0,81.0,14.0,45.0,35.5,45.3,39.125,36.6,9.799999999999997,0.07420673726464787,-0.008133402931591517,-0.0666666666666668,-0.03477586265052117,-1.0,45.3,81.0,35.5,128.0,0.0,-1.0,36.6,45.0,3.0,1.0,1.0,1.0,1.0,1.0,1.0,1.0,1.0,1.0,1.0,1.0,1.0,1.0,1.0,3.0,1.0,78.0,125.0,0.0,1.0,78.0,1.0,106.0,1.0,125.0,0.0,-1.0,0.0,-1.0,0.0,-1.0,0.0,-1.0,0.0,-1.0,0.0,-1.0,0.0,-1.0,7.0,1.0,78.0,,1.0,45.0,3.0,81.0,180.0,1.0,0.0,0.0,240.0,3.0,7.48,8.0,8.0,240.0,0.5199999999999996,0.06951871657754005,0.0,240.0,3.0,140.2,135.9,142.1,120.0,-4.299999999999983,-0.03067047075606265,0.0,240.0,3.0,4.5,3.89,4.5,0.0,-0.6099999999999999,-0.13555555555555554,0.0,240.0,3.0,22.0,21.5,24.6,120.0,-0.5,-0.022727272727272728,0.0,240.0,3.0,41.9,24.3,58.2,120.0,-17.599999999999998,-0.4200477326968973,0.0,240.0,3.0,7.376,7.372,7.376,0.0,-0.004000000000000448,-0.0005422993492408415,0.0,240.0,3.0,0.088,0.018,0.088,0.0,-0.06999999999999999,-0.7954545454545454,0.0,240.0,3.0,2.31,1.68,2.31,0.0,-0.6300000000000001,-0.27272727272727276,0.0,240.0,3.0,618.3,384.3,618.3,0.0,-233.99999999999994,-0.37845705967976706,0.0,240.0,3.0,13.3,18.3,18.3,240.0,5.0,0.37593984962406013,0.0,240.0,3.0,4.56,1.3,4.56,0.0,-3.26,-0.7149122807017544,0.0,240.0,3.0,141.4,80.7,141.4,0.0,-60.7,-0.4292786421499293,0.0,240.0,3.0,295.8,279.6,295.8,0.0,-16.19999999999999,-0.05476673427991882,1.0
E000439,1,0,0,1,38,7.0,39.0,70.8,60.0,64.7,31.799999999999997,0.16882413127745485,-0.0436258536051397,0.0,-0.011038837717215618,1.0,70.8,154.0,39.0,187.0,1.0,187.0,64.7,53.0,7.8,15.0,11.171428571428573,12.5,7.2,0.19475161749199293,0.007760123272791594,0.0,0.028826797075301485,-1.0,15.0,187.0,7.8,115.0,1.0,115.0,12.5,72.0,107.5,141.7,123.14285714285712,141.4,34.19999999999999,0.12519793384599184,0.11513207197649085,0.0,0.19964628240433008,1.0,141.7,187.0,107.5,115.0,0.0,-1.0,141.4,-1.0,75.8,84.2,80.61428571428571,77.8,8.400000000000006,0.041015760917165474,0.011745438317292843,0.0,-0.007572880068369439,-1.0,84.2,115.0,75.8,108.0,0.0,-1.0,77.8,125.0,95.6,98.1,97.17142857142856,97.6,2.5,0.008932935919413893,-0.0023484140416463167,0.0,0.004398917481720527,1.0,98.1,0.0,95.6,108.0,0.0,-1.0,97.6,2.0,36.27,36.91,36.528571428571425,36.29,0.6399999999999935,0.005572902729930263,-0.0022599590774748956,0.0,-0.0013232361599088255,1.0,36.91,0.0,36.27,115.0,0.0,-1.0,36.29,-1.0,13.0,15.0,14.428571428571429,14.0,2.0,0.05048534171874044,0.0037807024191443446,0.0,-0.006362168834868463,-1.0,15.0,108.0,13.0,0.0,0.0,-1.0,14.0,46.0,27.0,34.8,31.928571428571434,27.0,7.799999999999997,0.08627344996173923,-0.026011485251892407,0.0,-0.03170639065615803,-1.0,34.8,0.0,27.0,240.0,2.0,154.0,27.0,-1.0,0.0,0.0,0.0,0.0,0.0,0.0,0.0,0.0,0.0,0.0,0.0,0.0,0.0,0.0,0.0,1.0,1.0,70.0,70.0,0.0,0.0,-1.0,0.0,-1.0,1.0,70.0,0.0,-1.0,0.0,-1.0,0.0,-1.0,0.0,-1.0,0.0,-1.0,0.0,-1.0,0.0,-1.0,7.0,0.0,,,4.0,53.0,5.0,0.0,187.0,1.0,0.0,,,,,,,,,,,,,,,,,,,,,,,,,,,,,,,,,,,,,,,,,,,,,,,,,,,,,,,,,,,,,,,,,,,,,,,,,,,,,,,,,,,,,,,,,,,,,,,,,,,,,,,,,,,,,,,,,,,,,,
E002076,3,2,0,1,65,6.0,67.9,91.1,83.0,89.3,23.19999999999999,0.09167716809516525,0.02581898093729222,-0.014705882352941542,0.0876213318738629,1.0,91.1,106.0,67.9,74.0,0.0,-1.0,89.3,32.0,10.7,21.2,15.65,20.7,10.5,0.2721662214945311,0.04936186622188561,0.0029411764705882396,0.03708127424625339,-1.0,21.2,135.0,10.7,0.0,0.0,-1.0,20.7,-1.0,111.3,138.1,126.95,138.1,26.799999999999997,0.07043562487126906,0.09000822349317249,0.4852941176470587,0.07381807060187028,-1.0,138.1,240.0,111.3,0.0,0.0,-1.0,138.1,-1.0,66.4,84.5,71.95,69.2,18.099999999999994,0.0857843254773062,-0.026648299316567595,0.5205882352941175,-0.022915828276161877,-1.0,84.5,34.0,66.4,135.0,0.0,-1.0,69.2,40.0,95.9,98.5,97.08333333333333,96.5,2.5999999999999943,0.010273211536739695,-0.0016553845296116557,0.07647058823529361,-0.004840397276371126,-1.0,98.5,34.0,95.9,0.0,0.0,-1.0,96.5,40.0,36.58,37.34,36.961666666666666,36.91,0.7600000000000051,0.005975466623801984,0.00022575114873364462,-0.011470588235294312,-0.0019783333065048806,1.0,37.34,74.0,36.58,34.0,0.0,-1.0,36.91,40.0,13.0,15.0,14.666666666666666,15.0,2.0,0.05081972676135887,0.005473036699080532,0.058823529411764636,-1.8164798179518594e-17,-1.0,15.0,34.0,13.0,0.0,0.0,-1.0,15.0,-1.0,32.0,37.5,35.01666666666667,37.5,5.5,0.06806948373636686,0.009073254133815255,-0.12941176470588256,0.023944432818762726,1.0,37.5,106.0,32.0,74.0,0.0,-1.0,37.5,32.0,1.0,1.0,1.0,1.0,1.0,1.0,1.0,1.0,1.0,1.0,1.0,1.0,1.0,1.0,1.0,1.0,1.0,197.0,197.0,0.0,0.0,-1.0,0.0,-1.0,0.0,-1.0,0.0,-1.0,1.0,197.0,0.0,-1.0,0.0,-1.0,0.0,-1.0,0.0,-1.0,0.0,-1.0,3.0,0.0,197.0,,0.0,0.0,3.0,0.0,240.0,0.0,0.0,0.0,0.0,1.0,9.49,9.49,9.49,0.0,0.0,0.0,0.0,0.0,1.0,139.7,139.7,139.7,0.0,0.0,0.0,0.0,0.0,1.0,3.68,3.68,3.68,0.0,0.0,0.0,0.0,0.0,1.0,19.6,19.6,19.6,0.0,0.0,0.0,0.0,0.0,1.0,23.6,23.6,23.6,0.0,0.0,0.0,0.0,0.0,1.0,7.344,7.344,7.344,0.0,0.0,0.0,0.0,0.0,1.0,0.003,0.003,0.003,0.0,0.0,0.0,0.0,0.0,1.0,1.84,1.84,1.84,0.0,0.0,0.0,0.0,0.0,1.0,385.2,385.2,385.2,0.0,0.0,0.0,0.0,0.0,1.0,15.4,15.4,15.4,0.0,0.0,0.0,0.0,0.0,1.0,6.27,6.27,6.27,0.0,0.0,0.0,0.0,0.0,1.0,99.9,99.9,99.9,0.0,0.0,0.0,0.0,0.0,1.0,292.3,292.3,292.3,0.0,0.0,0.0,1.0
E001055,4,3,0,0,74,9.0,88.5,147.5,119.11111111111111,111.1,59.0,0.15138991358982354,-0.14261444864862427,0.22684750106791932,-0.010217426843223812,-1.0,147.5,30.0,88.5,132.0,3.0,30.0,111.1,108.0,17.1,31.4,24.344444444444445,17.1,14.299999999999997,0.18389746543498847,-0.045732106053567936,-0.0925032037590774,-0.07257642635278734,0.0,31.4,39.0,17.1,240.0,4.0,0.0,17.1,-1.0,101.8,132.1,118.90000000000002,114.4,30.299999999999997,0.06940175336653334,-0.004754957449591276,-0.4799871849636904,-0.02176720614680405,1.0,132.1,0.0,101.8,58.0,0.0,-1.0,114.4,74.0,59.0,84.9,75.96666666666665,84.9,25.900000000000006,0.10537331682897469,0.050170246733743123,-0.2777979495941899,0.059162988393003074,1.0,84.9,240.0,59.0,44.0,0.0,-1.0,84.9,47.0,91.2,95.9,93.71111111111111,93.4,4.700000000000003,0.012799821410545986,0.005753212138705001,0.006599743699274074,-0.002059833251594128,-1.0,95.9,177.0,91.2,39.0,0.0,-1.0,93.4,5.0,37.59,38.1,37.76222222222222,37.66,0.509999999999998,0.003966880373413228,-0.0007545876421164887,-0.0008308415207176135,-0.0011754127840445316,-1.0,38.1,39.0,37.59,177.0,0.0,-1.0,37.66,5.0,11.0,15.0,12.666666666666666,14.0,4.0,0.10526315789473684,0.01244717841406712,-0.016018795386586883,0.018309628903057033,1.0,15.0,177.0,11.0,30.0,5.0,30.0,14.0,9.0,32.2,44.0,40.61111111111111,32.2,11.799999999999997,0.08496258342310863,-0.03895921745130497,-0.04429730884237485,-0.07050024521824438,-1.0,44.0,0.0,32.2,240.0,0.0,-1.0,32.2,-1.0,2.0,1.0,1.0,1.0,1.0,1.0,1.0,1.0,1.0,1.0,1.0,1.0,1.0,1.0,1.0,2.0,1.0,151.0,219.0,0.0,1.0,219.0,1.0,151.0,0.0,-1.0,0.0,-1.0,0.0,-1.0,0.0,-1.0,0.0,-1.0,0.0,-1.0,0.0,-1.0,0.0,-1.0,4.0,0.0,151.0,189.0,12.0,102.0,4.0,30.0,240.0,0.0,1.0,0.0,240.0,2.0,16.86,7.7,16.86,0.0,-9.16,-0.5432977461447213,0.0,240.0,2.0,143.8,132.1,143.8,0.0,-11.700000000000017,-0.08136300417246187,0.0,240.0,2.0,4.19,4.43,4.43,240.0,0.23999999999999932,0.05727923627684948,0.0,240.0,2.0,20.5,19.9,20.5,0.0,-0.6000000000000014,-0.029268292682926897,0.0,240.0,2.0,46.1,52.4,52.4,240.0,6.299999999999997,0.13665943600867672,0.0,240.0,2.0,7.323,7.373,7.373,240.0,0.04999999999999982,0.006827802813054735,0.0,240.0,2.0,0.124,0.063,0.124,0.0,-0.061,-0.49193548387096775,0.0,240.0,2.0,2.83,3.38,3.38,240.0,0.5499999999999998,0.19434628975265011,0.0,240.0,2.0,823.9,536.0,823.9,0.0,-287.9,-0.3494356111178541,0.0,240.0,2.0,25.6,9.3,25.6,0.0,-16.3,-0.63671875,0.0,240.0,2.0,7.02,4.87,7.02,0.0,-2.1499999999999995,-0.3062678062678062,0.0,240.0,2.0,133.1,123.2,133.1,0.0,-9.899999999999991,-0.07438016528925613,0.0,240.0,2.0,295.6,289.4,295.6,0.0,-6.2000000000000455,-0.02097428958051436,1.0
E000653,3,2,0,1,65,7.0,75.0,103.8,92.17142857142856,82.4,28.799999999999997,0.11536619079751578,-0.09110988904344429,-0.1147058823529412,-0.09245429245781525,1.0,103.8,0.0,75.0,132.0,0.0,-1.0,82.4,19.0,13.1,24.2,18.87142857142857,20.1,11.1,0.17859478916336063,-0.00013683563549316523,0.23529411764705876,0.022638883996195413,-1.0,24.2,34.0,13.1,151.0,1.0,34.0,20.1,76.0,104.9,144.2,122.08571428571429,140.1,39.29999999999998,0.12135149904687749,0.1158528774302071,0.2323529411764697,0.08858984746538898,1.0,144.2,151.0,104.9,0.0,0.0,-1.0,140.1,52.0,66.7,82.9,76.92857142857143,80.2,16.200000000000003,0.07113343009556465,0.01320253614983986,-0.4764705882352948,0.019288758938950844,1.0,82.9,0.0,66.7,34.0,0.0,-1.0,80.2,76.0,94.4,96.7,95.5,96.7,2.299999999999997,0.009196964038258426,0.007696761880114987,0.002941176470587687,0.0020062000211361615,1.0,96.7,240.0,94.4,0.0,0.0,-1.0,96.7,-1.0,36.83,37.48,37.190000000000005,37.25,0.6499999999999986,0.005417973024901804,-0.0006480768608676113,-0.012058823529411846,0.0003420579842885947,1.0,37.48,0.0,36.83,151.0,0.0,-1.0,37.25,89.0,12.0,14.0,13.571428571428571,14.0,2.0,0.053673889616766154,0.007673147219616345,0.029411764705882283,8.465428109790232e-18,-1.0,14.0,110.0,12.0,0.0,1.0,0.0,14.0,-1.0,36.1,43.1,38.74285714285714,38.1,7.0,0.05965935400567849,-0.019525765859023735,-0.0647058823529415,0.013523796103850325,1.0,43.1,0.0,36.1,132.0,0.0,-1.0,38.1,-1.0,1.0,1.0,1.0,1.0,1.0,1.0,1.0,1.0,1.0,1.0,1.0,1.0,1.0,1.0,1.0,3.0,1.0,37.0,195.0,2.0,1.0,52.0,1.0,195.0,0.0,-1.0,0.0,-1.0,1.0,37.0,0.0,-1.0,0.0,-1.0,0.0,-1.0,0.0,-1.0,0.0,-1.0,4.0,0.0,37.0,,2.0,76.0,4.0,0.0,203.0,1.0,0.0,0.0,0.0,1.0,4.91,4.91,4.91,0.0,0.0,0.0,0.0,0.0,1.0,137.6,137.6,137.6,0.0,0.0,0.0,0.0,0.0,1.0,3.64,3.64,3.64,0.0,0.0,0.0,0.0,0.0,1.0,18.2,18.2,18.2,0.0,0.0,0.0,0.0,0.0,1.0,36.6,36.6,36.6,0.0,0.0,0.0,0.0,0.0,1.0,7.307,7.307,7.307,0.0,0.0,0.0,0.0,0.0,1.0,0.03,0.03,0.03,0.0,0.0,0.0,0.0,0.0,1.0,2.22,2.22,2.22,0.0,0.0,0.0,0.0,0.0,1.0,341.8,341.8,341.8,0.0,0.0,0.0,0.0,0.0,1.0,3.6,3.6,3.6,0.0,0.0,0.0,0.0,0.0,1.0,8.02,8.02,8.02,0.0,0.0,0.0,0.0,0.0,1.0,87.2,87.2,87.2,0.0,0.0,0.0,0.0,0.0,1.0,290.8,290.8,290.8,0.0,0.0,0.0,1.0
E001980,3,2,0,1,65,9.0,66.5,113.1,89.53333333333333,71.9,46.599999999999994,0.1762088410120065,-0.1778103044496487,-0.3523809523809522,-0.1942862887012469,-1.0,113.1,0.0,66.5,169.0,0.0,-1.0,71.9,-1.0,9.9,21.2,15.444444444444445,9.9,11.299999999999999,0.20443557177529237,-0.03809523809523809,-0.19047619047619038,-0.05042822677925219,1.0,21.2,0.0,9.9,240.0,0.0,-1.0,9.9,-1.0,101.9,140.9,123.75555555555555,133.7,39.0,0.1041970986433315,0.1372856604484642,-0.2857142857142866,0.08431845597104862,1.0,140.9,145.0,101.9,21.0,0.0,-1.0,133.7,-1.0,62.0,85.2,75.75555555555556,75.9,23.200000000000003,0.10392684281071637,0.022121726022234625,0.6904761904761899,0.07684157619622002,-1.0,85.2,169.0,62.0,137.0,0.0,-1.0,75.9,71.0,94.9,97.6,96.33333333333333,97.5,2.6999999999999886,0.009847923509174867,0.005806347411773906,-0.07619047619047728,0.008030759951748496,1.0,97.6,169.0,94.9,21.0,0.0,-1.0,97.5,67.0,36.29,37.47,36.739999999999995,36.7,1.1799999999999997,0.00893563582090013,-0.003175724783978076,-0.022857142857142892,-0.0003553478086048652,1.0,37.47,0.0,36.29,137.0,0.0,-1.0,36.7,-1.0,12.0,15.0,13.88888888888889,14.0,3.0,0.06299206299209449,0.00321677568709788,-0.047619047619047734,0.003729392842782386,0.0,15.0,145.0,12.0,146.0,1.0,146.0,14.0,23.0,31.8,40.6,36.4,37.7,8.8,0.07175654953904664,-0.011255350076718126,0.057142857142857086,0.002164254121431316,1.0,40.6,145.0,31.8,137.0,0.0,-1.0,37.7,8.0,1.0,1.0,1.0,1.0,1.0,1.0,1.0,1.0,1.0,1.0,1.0,1.0,1.0,1.0,1.0,5.0,1.0,123.0,222.0,0.0,1.0,176.0,1.0,222.0,1.0,214.0,0.0,-1.0,1.0,123.0,0.0,-1.0,0.0,-1.0,0.0,-1.0,0.0,-1.0,0.0,-1.0,7.0,1.0,123.0,,1.0,23.0,6.0,146.0,200.0,1.0,1.0,0.0,0.0,1.0,7.82,7.82,7.82,0.0,0.0,0.0,0.0,0.0,1.0,141.6,141.6,141.6,0.0,0.0,0.0,0.0,0.0,1.0,4.6,4.6,4.6,0.0,0.0,0.0,0.0,0.0,1.0,21.9,21.9,21.9,0.0,0.0,0.0,0.0,0.0,1.0,43.2,43.2,43.2,0.0,0.0,0.0,0.0,0.0,1.0,7.352,7.352,7.352,0.0,0.0,0.0,0.0,0.0,1.0,0.05,0.05,0.05,0.0,0.0,0.0,0.0,0.0,1.0,2.65,2.65,2.65,0.0,0.0,0.0,0.0,0.0,1.0,553.0,553.0,553.0,0.0,0.0,0.0,0.0,0.0,1.0,14.1,14.1,14.1,0.0,0.0,0.0,0.0,0.0,1.0,4.96,4.96,4.96,0.0,0.0,0.0,0.0,0.0,1.0,94.0,94.0,94.0,0.0,0.0,0.0,0.0,0.0,1.0,297.3,297.3,297.3,0.0,0.0,0.0,1.0
E000578,4,3,0,0,74,8.0,70.8,100.8,83.8625,94.6,30.0,0.11851160143476579,0.008098319395730271,0.0,-0.0029334157109575853,1.0,100.8,89.0,70.8,126.0,0.0,-1.0,91.6,37.0,14.2,20.8,17.549999999999997,16.0,6.600000000000001,0.14715865037202236,-0.021336949576291293,0.0,-0.019530576257224166,1.0,20.8,0.0,14.2,177.0,0.0,-1.0,15.35,14.0,82.5,133.3,117.1375,126.0,50.80000000000001,0.13706495291317586,-0.07398090869265565,0.0,-0.08079442921316496,1.0,133.3,177.0,82.5,191.0,1.0,191.0,113.45,49.0,66.9,84.8,76.89999999999999,77.6,17.89999999999999,0.07381360700295642,-0.04867641601303624,0.0,-0.06420756586992084,1.0,84.8,87.0,66.9,191.0,0.0,-1.0,73.5,49.0,94.8,98.2,96.8,96.6,3.4000000000000057,0.011902601882027816,-0.0055516026150796375,0.0,-0.005411823763370432,1.0,98.2,191.0,94.8,215.0,0.0,-1.0,95.69999999999999,25.0,36.61,37.13,36.93375,36.99,0.5200000000000031,0.004161483158154008,0.00047572010949176657,0.0,0.00158454647256434,1.0,37.13,177.0,36.61,89.0,0.0,-1.0,36.915000000000006,37.0,13.0,15.0,13.875,14.0,2.0,0.04320568939921369,0.005125801168024158,0.0,0.0040094734267804326,-1.0,15.0,215.0,13.0,0.0,0.0,-1.0,14.5,25.0,33.8,40.5,36.5875,35.0,6.700000000000003,0.07072582584431704,-0.012429998074685387,0.0,-0.021375062748581006,-1.0,40.5,87.0,33.8,89.0,0.0,-1.0,34.65,2.0,2.0,1.0,1.0,1.0,1.0,1.0,1.0,1.0,1.0,1.0,1.0,1.0,1.0,1.0,1.0,1.0,1.0,221.0,221.0,0.0,0.0,-1.0,1.0,221.0,0.0,-1.0,0.0,-1.0,0.0,-1.0,0.0,-1.0,0.0,-1.0,0.0,-1.0,0.0,-1.0,0.0,-1.0,2.0,0.0,101.0,,1.0,24.0,2.0,0.0,191.0,1.0,0.0,120.0,240.0,2.0,3.87,5.17,5.17,240.0,1.2999999999999998,0.33591731266149866,120.0,240.0,2.0,134.7,141.9,141.9,240.0,7.200000000000017,0.05345211581291773,120.0,240.0,2.0,4.11,3.7,4.11,120.0,-0.41000000000000014,-0.09975669099756694,120.0,240.0,2.0,18.4,22.7,22.7,240.0,4.300000000000001,0.2336956521739131,120.0,240.0,2.0,41.5,26.3,41.5,120.0,-15.2,-0.36626506024096384,120.0,240.0,2.0,7.414,7.415,7.415,240.0,0.001000000000000334,0.00013487995683845886,120.0,240.0,2.0,0.03,0.0,0.03,120.0,-0.03,-1.0,120.0,240.0,2.0,1.73,2.41,2.41,240.0,0.6800000000000002,0.393063583815029,120.0,240.0,2.0,232.8,225.2,232.8,120.0,-7.600000000000023,-0.032646048109965735,120.0,240.0,2.0,18.6,14.4,18.6,120.0,-4.200000000000001,-0.22580645161290328,120.0,240.0,2.0,0.1,2.54,2.54,240.0,2.44,24.4,120.0,240.0,2.0,94.7,64.6,94.7,120.0,-30.10000000000001,-0.3178458289334742,120.0,240.0,2.0,284.9,296.9,296.9,240.0,12.0,0.042120042120042125,1.0
E001949,3,2,0,1,65,6.0,69.5,101.6,85.68333333333334,69.5,32.099999999999994,0.1421125146850878,-0.025564726596156422,0.0,-0.09611192043000014,-1.0,101.6,225.0,69.5,240.0,0.0,-1.0,85.55,-1.0,13.3,18.2,15.450000000000001,17.2,4.899999999999999,0.1163099172214014,0.014923267110372994,0.0,0.03931531622042492,-1.0,18.2,225.0,13.3,124.0,0.0,-1.0,17.7,-1.0,107.3,139.9,126.98333333333333,139.9,32.60000000000001,0.08606821955143111,0.12131788269670224,0.0,0.12506655950168236,1.0,139.9,240.0,107.3,0.0,0.0,-1.0,132.6,-1.0,66.1,76.9,71.21666666666665,76.9,10.800000000000011,0.05193778825121236,0.0004482849044115939,0.0,0.06590646506254062,1.0,76.9,240.0,66.1,124.0,0.0,-1.0,72.5,71.0,95.9,97.7,97.03333333333335,96.4,1.7999999999999972,0.007181224651448573,-0.002792103192937225,0.0,-7.786205857305786e-05,-1.0,97.7,195.0,95.9,197.0,0.0,-1.0,97.05000000000001,28.0,36.68,36.97,36.848333333333336,36.68,0.28999999999999915,0.0029330124088603558,0.0004429154751944805,0.0,-0.00044205555834644347,-1.0,36.97,197.0,36.68,240.0,0.0,-1.0,36.82,43.0,14.0,15.0,14.666666666666666,15.0,1.0,0.03214121732666125,0.0025473571169911356,0.0,-0.0036168182046516805,0.0,15.0,124.0,14.0,0.0,0.0,-1.0,14.5,101.0,32.4,39.8,35.266666666666666,32.4,7.399999999999999,0.06771075496624691,-0.0116229411985065,0.0,-0.055161500979555,-1.0,39.8,124.0,32.4,240.0,0.0,-1.0,34.099999999999994,71.0,2.0,1.0,1.0,1.0,1.0,1.0,1.0,1.0,1.0,1.0,1.0,1.0,1.0,1.0,1.0,1.0,1.0,149.0,149.0,0.0,1.0,149.0,0.0,-1.0,0.0,-1.0,0.0,-1.0,0.0,-1.0,0.0,-1.0,0.0,-1.0,0.0,-1.0,0.0,-1.0,0.0,-1.0,4.0,0.0,149.0,,0.0,0.0,3.0,0.0,195.0,1.0,0.0,0.0,120.0,2.0,6.9,6.65,6.9,0.0,-0.25,-0.036231884057971016,0.0,120.0,2.0,141.2,137.7,141.2,0.0,-3.5,-0.024787535410764873,0.0,120.0,2.0,4.63,3.69,4.63,0.0,-0.94,-0.20302375809935205,0.0,120.0,2.0,23.9,18.9,23.9,0.0,-5.0,-0.2092050209205021,0.0,120.0,2.0,19.4,8.0,19.4,0.0,-11.399999999999999,-0.5876288659793815,0.0,120.0,2.0,7.435,7.393,7.435,0.0,-0.041999999999999815,-0.005648957632817729,0.0,120.0,2.0,0.038,0.034,0.038,0.0,-0.003999999999999997,-0.10526315789473675,0.0,120.0,2.0,1.71,2.0,2.0,120.0,0.29000000000000004,0.16959064327485382,0.0,120.0,2.0,300.5,208.5,300.5,0.0,-92.0,-0.30615640599001664,0.0,120.0,2.0,11.9,8.3,11.9,0.0,-3.5999999999999996,-0.3025210084033613,0.0,120.0,2.0,2.76,0.92,2.76,0.0,-1.8399999999999999,-0.6666666666666666,0.0,120.0,2.0,107.4,87.8,107.4,0.0,-19.60000000000001,-0.18249534450651775,0.0,120.0,2.0,293.9,287.1,293.9,0.0,-6.7999999999999545,-0.023137121469887563,1.0
E001313,2,1,0,1,43,7.0,54.8,79.9,69.12857142857142,63.9,25.10000000000001,0.11380066048570671,0.03655220299644051,-0.4242424242424245,-0.049418839474038495,-1.0,79.9,194.0,54.8,33.0,0.0,-1.0,63.9,88.0,7.0,12.4,10.485714285714284,7.0,5.4,0.17199699183798428,-0.007185002151491023,0.09393939393939385,-0.03882780595072474,-1.0,12.4,138.0,7.0,240.0,1.0,240.0,7.0,56.0,114.4,153.7,127.14285714285714,120.1,39.29999999999998,0.10878400782532598,-0.09209653023170873,-0.7333333333333333,0.0951308172149174,1.0,153.7,0.0,114.4,165.0,0.0,-1.0,120.1,29.0,70.0,90.6,78.65714285714286,74.0,20.599999999999994,0.09043985578059908,-0.020895541849760585,-0.3121212121212126,-0.12220078086433592,1.0,90.6,138.0,70.0,165.0,0.0,-1.0,74.0,-1.0,95.4,98.8,97.12857142857142,97.1,3.3999999999999915,0.010495403897579777,-0.008362128541810503,0.033333333333332854,-0.004121976394560647,1.0,98.8,33.0,95.4,194.0,0.0,-1.0,97.1,46.0,36.29,36.65,36.47714285714286,36.29,0.35999999999999943,0.0036004840399658997,-0.001029455868354701,-0.0006060606060608216,-0.001096800251312604,-1.0,36.65,138.0,36.29,240.0,0.0,-1.0,36.29,-1.0,13.0,15.0,14.142857142857142,15.0,2.0,0.0451730904545412,0.0033250316203987515,0.06060606060606053,0.00767401157833327,-1.0,15.0,33.0,13.0,0.0,0.0,-1.0,15.0,88.0,30.4,37.9,33.6,34.4,7.5,0.07517458893044696,-0.012246873818309802,-0.012121212121212524,-0.010750347798770165,1.0,37.9,121.0,30.4,165.0,0.0,-1.0,34.4,75.0,0.0,0.0,0.0,0.0,0.0,0.0,0.0,0.0,0.0,0.0,0.0,0.0,0.0,0.0,0.0,2.0,1.0,58.0,67.0,1.0,1.0,67.0,0.0,-1.0,0.0,-1.0,0.0,-1.0,0.0,-1.0,0.0,-1.0,0.0,-1.0,0.0,-1.0,0.0,-1.0,0.0,-1.0,4.0,0.0,,,1.0,0.0,4.0,0.0,194.0,0.0,0.0,,,,,,,,,,,,,,,,,,,,,,,,,,,,,,,,,,,,,,,,,,,,,,,,,,,,,,,,,,,,,,,,,,,,,,,,,,,,,,,,,,,,,,,,,,,,,,,,,,,,,,,,,,,,,,,,,,,,,,
E000262,0,6,1,0,41,9.0,68.9,86.5,78.92222222222222,68.9,17.599999999999994,0.07085222448869942,-0.05243783229621135,0.10742397137745927,-0.0644687674699151,-1.0,86.5,47.0,68.9,240.0,0.0,-1.0,68.9,-1.0,7.3,15.8,11.988888888888889,10.9,8.5,0.20621309782160982,0.00583410819445441,-0.05992844364937402,0.008038367611145405,-1.0,15.8,28.0,7.3,47.0,1.0,47.0,10.9,19.0,111.8,141.8,127.95555555555558,113.8,30.000000000000014,0.09427774726731704,-0.02761307011897078,-0.06270125223613628,0.000909171153675954,-1.0,141.8,190.0,111.8,147.0,0.0,-1.0,113.8,25.0,73.6,92.9,79.5111111111111,73.8,19.30000000000001,0.07485419318316129,0.02630236273037235,0.10268336314847928,0.005093123841468502,-1.0,92.9,172.0,73.6,0.0,0.0,-1.0,73.8,68.0,96.7,99.7,97.66666666666667,97.8,3.0,0.008607181032708877,-0.0025534654173520236,0.04633273703041151,0.003922087857121663,-1.0,99.7,47.0,96.7,163.0,0.0,-1.0,97.8,16.0,36.37,36.75,36.55777777777777,36.45,0.38000000000000256,0.0034037770066455636,-0.0007606155973582468,-0.002200357781753234,0.00036572807249822125,-1.0,36.75,28.0,36.37,63.0,0.0,-1.0,36.45,84.0,14.0,15.0,14.444444444444445,15.0,1.0,0.034401045807689073,0.0021517297284410148,0.0026833631484793384,0.00420749109953803,0.0,15.0,28.0,14.0,0.0,0.0,-1.0,15.0,19.0,30.8,37.5,33.65555555555555,31.5,6.699999999999999,0.058746718836672776,-0.015923992084495603,0.0897137745974952,-0.019198517080060092,-1.0,37.5,47.0,30.8,147.0,0.0,-1.0,31.5,100.0,0.0,0.0,0.0,0.0,0.0,0.0,0.0,0.0,0.0,0.0,0.0,0.0,0.0,0.0,0.0,0.0,0.0,-1.0,-1.0,0.0,0.0,-1.0,0.0,-1.0,0.0,-1.0,0.0,-1.0,0.0,-1.0,0.0,-1.0,0.0,-1.0,0.0,-1.0,0.0,-1.0,0.0,-1.0,0.0,0.0,,,1.0,16.0,3.0,0.0,190.0,1.0,0.0,,,,,,,,,,,,,,,,,,,,,,,,,,,,,,,,,,,,,,,,,,,,,,,,,,,,,,,,,,,,,,,,,,,,,,,,,,,,,,,,,,,,,,,,,,,,,,,,,,,,,,,,,,,,,,,,,,,,,,
E000700,4,3,0,0,74,6.0,90.9,117.0,104.45,105.2,26.099999999999994,0.08660023721127248,-0.017792525842381227,0.29777777777777725,0.038065123789020584,-1.0,117.0,45.0,90.9,80.0,0.0,-1.0,105.2,35.0,14.6,26.1,19.933333333333334,14.6,11.500000000000002,0.19437596523521147,-0.03964054001594114,-0.14666666666666678,-0.04537136706135619,1.0,26.1,0.0,14.6,240.0,1.0,0.0,14.6,-1.0,117.6,137.3,126.16666666666667,121.2,19.700000000000017,0.05039660417055315,-0.06211670060006364,-0.2955555555555563,-0.06677879440258326,1.0,137.3,0.0,117.6,188.0,0.0,-1.0,121.2,-1.0,70.4,84.1,77.18333333333334,70.4,13.699999999999989,0.057297979421194765,-0.014605126764984171,0.14888888888888843,-0.057696447793325945,-1.0,84.1,124.0,70.4,240.0,0.0,-1.0,70.4,64.0,94.3,96.8,95.73333333333335,96.5,2.5,0.008606690177094891,0.008661069376933186,0.024444444444444376,0.005745425188374941,-1.0,96.8,188.0,94.3,0.0,0.0,-1.0,96.5,-1.0,36.78,37.5,37.16166666666667,37.16,0.7199999999999989,0.0067460236608024755,-0.0020841162793579365,0.0015555555555553052,-0.00023412271259408285,1.0,37.5,45.0,36.78,188.0,0.0,-1.0,37.16,52.0,12.0,14.0,13.333333333333334,14.0,2.0,0.05590169943749474,0.0019410178367149592,-0.022222222222222275,0.009822389666307886,1.0,14.0,0.0,12.0,124.0,1.0,124.0,14.0,64.0,38.4,43.4,40.61666666666667,40.0,5.0,0.04179233723851444,-0.008107259819691839,-0.015555555555555508,-0.005758880516684474,1.0,43.4,124.0,38.4,188.0,0.0,-1.0,40.0,-1.0,2.0,1.0,1.0,1.0,1.0,1.0,1.0,1.0,1.0,1.0,1.0,1.0,1.0,1.0,1.0,3.0,1.0,54.0,150.0,1.0,0.0,-1.0,1.0,150.0,0.0,-1.0,1.0,54.0,0.0,-1.0,0.0,-1.0,0.0,-1.0,0.0,-1.0,0.0,-1.0,0.0,-1.0,5.0,0.0,54.0,,2.0,64.0,4.0,124.0,188.0,1.0,0.0,0.0,120.0,2.0,9.95,9.34,9.95,0.0,-0.6099999999999994,-0.06130653266331653,0.0,120.0,2.0,142.6,141.7,142.6,0.0,-0.9000000000000057,-0.006311360448807894,0.0,120.0,2.0,4.3,3.99,4.3,0.0,-0.3099999999999996,-0.07209302325581386,0.0,120.0,2.0,22.5,23.6,23.6,120.0,1.1000000000000014,0.048888888888888954,0.0,120.0,2.0,65.3,25.4,65.3,0.0,-39.9,-0.6110260336906586,0.0,120.0,2.0,7.329,7.354,7.354,120.0,0.025000000000000355,0.0034111065629690756,0.0,120.0,2.0,0.071,0.035,0.071,0.0,-0.03599999999999999,-0.5070422535211266,0.0,120.0,2.0,1.85,1.6,1.85,0.0,-0.25,-0.13513513513513511,0.0,120.0,2.0,534.9,431.4,534.9,0.0,-103.5,-0.1934941110487942,0.0,120.0,2.0,15.6,19.5,19.5,120.0,3.9000000000000004,0.25000000000000006,0.0,120.0,2.0,2.13,7.32,7.32,120.0,5.19,2.4366197183098595,0.0,120.0,2.0,130.9,95.8,130.9,0.0,-35.10000000000001,-0.2681436210847976,0.0,120.0,2.0,291.6,281.5,291.6,0.0,-10.100000000000023,-0.03463648834019212,1.0
E000199,3,2,0,1,65,8.0,79.7,101.6,93.8875,95.0,21.89999999999999,0.07364340397322933,-0.004324496843196485,0.0,0.026460323291697358,1.0,101.6,96.0,79.7,69.0,0.0,-1.0,93.25,27.0,17.5,24.7,20.762500000000003,17.7,7.199999999999999,0.12401436708017557,-0.005954852070579915,0.0,-0.018448444771001743,-1.0,24.7,96.0,17.5,212.0,2.0,96.0,17.6,116.0,119.2,129.9,123.8375,121.9,10.700000000000003,0.028054249043164024,0.00849277330767239,0.0,-0.001680749448934354,-1.0,129.9,155.0,119.2,69.0,0.0,-1.0,123.30000000000001,54.0,60.3,87.8,76.625,60.3,27.5,0.11097350642851375,-0.055557341997845074,0.0,-0.055868846436443895,-1.0,87.8,155.0,60.3,240.0,0.0,-1.0,69.05,-1.0,94.5,96.8,95.51249999999999,95.5,2.299999999999997,0.008333841368895674,-0.0014904527991284027,0.0,0.003496203771736674,1.0,96.8,0.0,94.5,62.0,0.0,-1.0,96.1,150.0,37.13,37.79,37.36,37.79,0.6599999999999966,0.005393319507390218,0.0014173579798377157,0.0,0.0017128949301983643,1.0,37.79,240.0,37.13,96.0,0.0,-1.0,37.555,-1.0,12.0,13.0,12.375,12.0,1.0,0.03912104390108502,-0.0009238839601746115,0.0,-0.003183933382316929,-1.0,13.0,62.0,12.0,0.0,5.0,0.0,12.5,34.0,36.9,42.4,39.55,41.7,5.5,0.0475219876844817,-0.008538127611172017,0.0,-0.008370071026206235,1.0,42.4,62.0,36.9,209.0,0.0,-1.0,40.0,31.0,2.0,1.0,1.0,1.0,1.0,1.0,1.0,1.0,1.0,1.0,1.0,1.0,1.0,1.0,1.0,0.0,0.0,-1.0,-1.0,0.0,0.0,-1.0,0.0,-1.0,0.0,-1.0,0.0,-1.0,0.0,-1.0,0.0,-1.0,0.0,-1.0,0.0,-1.0,0.0,-1.0,0.0,-1.0,0.0,0.0,,,7.0,116.0,3.0,0.0,212.0,1.0,0.0,120.0,240.0,2.0,11.53,9.74,11.53,120.0,-1.7899999999999991,-0.15524718126626186,120.0,240.0,2.0,134.8,139.4,139.4,240.0,4.599999999999994,0.03412462908011865,120.0,240.0,2.0,4.66,4.31,4.66,120.0,-0.35000000000000053,-0.07510729613733917,120.0,240.0,2.0,17.7,23.4,23.4,240.0,5.699999999999999,0.3220338983050847,120.0,240.0,2.0,51.8,42.9,51.8,120.0,-8.899999999999999,-0.1718146718146718,120.0,240.0,2.0,7.362,7.353,7.362,120.0,-0.009000000000000341,-0.0012224938875306087,120.0,240.0,2.0,0.082,0.052,0.082,120.0,-0.030000000000000006,-0.3658536585365854,120.0,240.0,2.0,1.74,3.94,3.94,240.0,2.2,1.264367816091954,120.0,240.0,2.0,455.5,428.8,455.5,120.0,-26.69999999999999,-0.05861690450054882,120.0,240.0,2.0,15.2,15.8,15.8,240.0,0.6000000000000014,0.03947368421052641,120.0,240.0,2.0,3.33,0.1,3.33,120.0,-3.23,-0.96996996996997,120.0,240.0,2.0,166.3,113.5,166.3,120.0,-52.80000000000001,-0.31749849669272406,120.0,240.0,2.0,290.0,293.4,293.4,240.0,3.3999999999999773,0.011724137931034405,1.0
E000870,4,3,0,0,74,6.0,91.5,116.1,99.26666666666667,100.7,24.599999999999994,0.08272376597457136,0.016178176067474796,0.0,-0.036194748461647,1.0,116.1,103.0,91.5,0.0,0.0,-1.0,98.0,38.0,14.8,23.1,19.78333333333333,18.9,8.3,0.14286342897698776,-0.014051133368476564,0.0,-0.000454460049791033,1.0,23.1,0.0,14.8,103.0,0.0,-1.0,18.6,38.0,118.3,139.6,127.13333333333333,119.7,21.299999999999997,0.056133570410431495,-0.08646547179757538,0.0,-0.07666987646202272,1.0,139.6,0.0,118.3,213.0,0.0,-1.0,119.0,-1.0,69.3,92.6,80.03333333333332,81.4,23.299999999999997,0.11092643744342812,0.05889298892988933,0.0,0.03601860115552622,-1.0,92.6,213.0,69.3,141.0,0.0,-1.0,87.0,-1.0,95.1,96.6,95.64999999999999,96.0,1.5,0.005390384491464706,0.003998418555613931,0.0,0.008442153224669798,-1.0,96.6,213.0,95.1,103.0,0.0,-1.0,96.3,27.0,36.94,37.48,37.14833333333333,36.96,0.5399999999999991,0.005855378705781031,-0.00038139167105955457,0.0,-0.0027872375405138925,-1.0,37.48,95.0,36.94,0.0,0.0,-1.0,36.975,8.0,13.0,15.0,13.833333333333334,14.0,2.0,0.04967597139298387,0.004691618344754857,0.0,0.002700925360514831,0.0,15.0,141.0,13.0,0.0,0.0,-1.0,14.0,72.0,37.1,41.4,39.21666666666667,41.4,4.299999999999997,0.03951487128628245,0.002018977332630406,0.0,-0.0021677861806567522,1.0,41.4,240.0,37.1,213.0,0.0,-1.0,39.25,-1.0,2.0,1.0,1.0,1.0,1.0,1.0,1.0,1.0,1.0,1.0,1.0,1.0,1.0,1.0,1.0,2.0,1.0,97.0,106.0,0.0,1.0,97.0,1.0,106.0,0.0,-1.0,0.0,-1.0,0.0,-1.0,0.0,-1.0,0.0,-1.0,0.0,-1.0,0.0,-1.0,0.0,-1.0,4.0,0.0,-23.0,,0.0,0.0,2.0,0.0,213.0,1.0,0.0,120.0,240.0,2.0,4.52,1.8,4.52,120.0,-2.7199999999999998,-0.6017699115044248,120.0,240.0,2.0,142.5,142.9,142.9,240.0,0.4000000000000057,0.002807017543859689,120.0,240.0,2.0,3.98,4.03,4.03,240.0,0.050000000000000266,0.012562814070351825,120.0,240.0,2.0,23.7,23.3,23.7,120.0,-0.3999999999999986,-0.016877637130801627,120.0,240.0,2.0,16.8,8.0,16.8,120.0,-8.8,-0.5238095238095238,120.0,240.0,2.0,7.407,7.326,7.407,120.0,-0.0810000000000004,-0.010935601458080249,120.0,240.0,2.0,0.002,0.0,0.002,120.0,-0.002,-1.0,120.0,240.0,2.0,1.43,1.03,1.43,120.0,-0.3999999999999999,-0.2797202797202797,120.0,240.0,2.0,216.3,365.1,365.1,240.0,148.8,0.6879334257975035,120.0,240.0,2.0,28.2,7.9,28.2,120.0,-20.299999999999997,-0.7198581560283687,120.0,240.0,2.0,1.43,5.21,5.21,240.0,3.7800000000000002,2.6433566433566438,120.0,240.0,2.0,93.6,99.9,99.9,240.0,6.300000000000011,0.06730769230769243,120.0,240.0,2.0,295.7,285.5,295.7,120.0,-10.199999999999989,-0.0344944200202908,1.0
E001712,3,2,0,1,65,8.0,63.4,90.0,79.85,63.4,26.6,0.09433640297718232,-0.036354605243119294,-0.12372881355932244,-0.022440299808262017,-1.0,90.0,222.0,63.4,240.0,0.0,-1.0,76.7,-1.0,11.4,19.4,15.6875,16.1,7.999999999999998,0.15886575952773646,0.0017260729088323234,-0.05932203389830511,-0.0011364824821335066,1.0,19.4,206.0,11.4,153.0,0.0,-1.0,16.15,17.0,114.8,134.7,123.9125,128.8,19.89999999999999,0.053361790049427885,0.013188396628921389,0.26440677966101683,0.05871012724420433,-1.0,134.7,59.0,114.8,69.0,0.0,-1.0,124.0,10.0,65.5,90.4,77.6,75.1,24.900000000000006,0.08437031931412238,0.02146169111565647,0.14406779661016925,-0.07405961303817316,-1.0,90.4,69.0,65.5,0.0,0.0,-1.0,77.85,84.0,95.8,98.0,96.9125,96.7,2.200000000000003,0.007729260036929521,0.0031079621468251216,-0.020338983050847848,0.002633780721631679,1.0,98.0,170.0,95.8,59.0,0.0,-1.0,96.55000000000001,94.0,36.74,37.11,36.8975,37.03,0.36999999999999744,0.003705538021241355,-0.0005200008434726398,0.001525423728813478,0.0009884957294754582,1.0,37.11,59.0,36.74,69.0,0.0,-1.0,36.89,84.0,13.0,15.0,14.125,14.0,2.0,0.042440986931970966,0.0034324647908773637,0.016949152542372857,-0.0015861948753703673,-1.0,15.0,153.0,13.0,0.0,0.0,-1.0,14.0,53.0,33.7,43.0,38.575,42.9,9.299999999999997,0.08385919952696479,-0.008596391343159794,-0.059322033898305135,-0.01588983789436978,1.0,43.0,69.0,33.7,206.0,0.0,-1.0,40.25,16.0,2.0,1.0,1.0,1.0,1.0,1.0,1.0,1.0,1.0,1.0,1.0,1.0,1.0,1.0,1.0,2.0,1.0,161.0,218.0,0.0,0.0,-1.0,1.0,218.0,0.0,-1.0,0.0,-1.0,1.0,161.0,0.0,-1.0,0.0,-1.0,0.0,-1.0,0.0,-1.0,0.0,-1.0,3.0,0.0,161.0,,0.0,0.0,2.0,0.0,206.0,1.0,0.0,0.0,120.0,2.0,6.18,7.58,7.58,120.0,1.4000000000000004,0.22653721682847902,0.0,120.0,2.0,142.9,135.6,142.9,0.0,-7.300000000000011,-0.05108467459762079,0.0,120.0,2.0,4.25,4.38,4.38,120.0,0.1299999999999999,0.03058823529411762,0.0,120.0,2.0,22.4,21.8,22.4,0.0,-0.5999999999999979,-0.02678571428571419,0.0,120.0,2.0,53.2,22.5,53.2,0.0,-30.700000000000003,-0.5770676691729324,0.0,120.0,2.0,7.387,7.43,7.43,120.0,0.04300000000000015,0.005821036956816049,0.0,120.0,2.0,0.032,0.043,0.043,120.0,0.010999999999999996,0.3437499999999999,0.0,120.0,2.0,1.34,1.18,1.34,0.0,-0.16000000000000014,-0.11940298507462696,0.0,120.0,2.0,304.5,93.6,304.5,0.0,-210.9,-0.6926108374384237,0.0,120.0,2.0,14.5,1.0,14.5,0.0,-13.5,-0.9310344827586207,0.0,120.0,2.0,2.52,0.1,2.52,0.0,-2.42,-0.9603174603174602,0.0,120.0,2.0,99.7,106.6,106.6,120.0,6.8999999999999915,0.06920762286860573,0.0,120.0,2.0,294.5,292.0,294.5,0.0,-2.5,-0.008488964346349746,1.0
E000119,4,3,0,0,74,6.0,92.8,121.8,104.43333333333334,99.9,29.0,0.1179880617293903,-0.0017712681526241187,1.2949999999999986,0.14319801494561304,-1.0,121.8,20.0,92.8,119.0,0.0,-1.0,110.65,99.0,18.0,28.6,22.7,21.1,10.600000000000001,0.14977973568281938,-0.03210128102354133,0.16999999999999973,-0.02251651807611288,-1.0,28.6,20.0,18.0,222.0,2.0,0.0,19.55,-1.0,109.2,133.7,120.05000000000001,109.2,24.499999999999986,0.07498534377859266,0.0010280764845470014,0.6249999999999988,-0.15801379151158365,-1.0,133.7,180.0,109.2,240.0,0.0,-1.0,112.80000000000001,42.0,71.1,84.0,78.15,84.0,12.900000000000006,0.05250350859961492,0.0030612342666610872,-0.06500000000000009,0.0781845985169799,1.0,84.0,240.0,71.1,119.0,0.0,-1.0,79.5,61.0,92.0,97.6,94.03333333333335,95.0,5.599999999999994,0.019653904680083805,0.007530284980629728,-0.030000000000000148,-0.02607115035055807,1.0,97.6,119.0,92.0,20.0,0.0,-1.0,94.15,61.0,37.16,37.91,37.49333333333333,37.16,0.75,0.006322242780071477,-0.0003072412482554225,-0.0005000000000001274,-0.004265847254681148,-1.0,37.91,180.0,37.16,240.0,0.0,-1.0,37.26,42.0,11.0,13.0,12.166666666666666,12.0,2.0,0.05648089898106386,0.0013381921311747616,0.09999999999999994,-0.001182953922502058,-1.0,13.0,20.0,11.0,0.0,4.0,0.0,12.0,99.0,38.4,49.4,43.099999999999994,38.4,11.0,0.07551601236649122,-0.025875334148810755,0.28999999999999937,-0.02107389134135413,-1.0,49.4,20.0,38.4,240.0,0.0,-1.0,40.45,99.0,1.0,1.0,1.0,1.0,1.0,1.0,1.0,1.0,1.0,1.0,1.0,1.0,1.0,1.0,1.0,2.0,1.0,119.0,140.0,0.0,1.0,119.0,0.0,-1.0,0.0,-1.0,0.0,-1.0,1.0,140.0,0.0,-1.0,0.0,-1.0,0.0,-1.0,0.0,-1.0,0.0,-1.0,4.0,0.0,-1.0,,6.0,119.0,3.0,0.0,180.0,1.0,0.0,120.0,120.0,1.0,10.4,10.4,10.4,120.0,0.0,0.0,120.0,120.0,1.0,137.6,137.6,137.6,120.0,0.0,0.0,120.0,120.0,1.0,4.33,4.33,4.33,120.0,0.0,0.0,120.0,120.0,1.0,21.4,21.4,21.4,120.0,0.0,0.0,120.0,120.0,1.0,54.0,54.0,54.0,120.0,0.0,0.0,120.0,120.0,1.0,7.334,7.334,7.334,120.0,0.0,0.0,120.0,120.0,1.0,0.088,0.088,0.088,120.0,0.0,0.0,120.0,120.0,1.0,4.39,4.39,4.39,120.0,0.0,0.0,120.0,120.0,1.0,832.1,832.1,832.1,120.0,0.0,0.0,120.0,120.0,1.0,26.7,26.7,26.7,120.0,0.0,0.0,120.0,120.0,1.0,6.11,6.11,6.11,120.0,0.0,0.0,120.0,120.0,1.0,152.0,152.0,152.0,120.0,0.0,0.0,120.0,120.0,1.0,290.8,290.8,290.8,120.0,0.0,0.0,1.0
E000005,0,6,1,0,41,9.0,117.9,154.1,134.44444444444446,137.0,36.19999999999999,0.08051105461978089,-0.026525726561047822,-0.3609713905522309,0.10671730873575697,1.0,154.1,0.0,117.9,108.0,5.0,0.0,137.6,104.0,23.3,29.8,26.95555555555556,26.8,6.5,0.06887584031065266,-0.010375518972176973,0.015768463073851942,0.0032609875203472604,-1.0,29.8,37.0,23.3,108.0,8.0,0.0,26.450000000000003,43.0,106.3,141.1,121.53333333333333,106.3,34.8,0.08401359430385535,0.018321731766260813,-0.039827012641386154,-0.05457948996201846,-1.0,141.1,212.0,106.3,240.0,0.0,-1.0,123.69999999999999,28.0,60.5,83.5,73.74444444444445,80.2,23.0,0.09418580535021961,0.02075806085142409,0.15020625415834854,0.08671730873575684,1.0,83.5,151.0,60.5,79.0,0.0,-1.0,75.2,61.0,91.3,95.5,92.72222222222223,93.6,4.200000000000003,0.014494252476173574,0.01046640365191122,-0.001876247504991192,0.006836679327183853,-1.0,95.5,151.0,91.3,79.0,0.0,-1.0,93.3,61.0,37.58,38.36,38.01444444444444,37.78,0.7800000000000011,0.006155668710760097,-0.001951541941214211,-0.004194278110446232,-0.000591427021161163,1.0,38.36,0.0,37.58,108.0,0.0,-1.0,37.894999999999996,104.0,9.0,13.0,11.0,12.0,4.0,0.11338355717496791,0.012380972052960973,-0.01969394544244862,0.011502984264785661,1.0,13.0,212.0,9.0,37.0,8.0,0.0,12.5,9.0,36.8,51.1,45.133333333333326,43.4,14.300000000000004,0.09252856581013784,-0.026913432342552807,-0.019041916167665346,0.012414541508410214,1.0,51.1,46.0,36.8,108.0,0.0,-1.0,44.45,104.0,3.0,1.0,1.0,1.0,1.0,1.0,1.0,1.0,1.0,1.0,1.0,1.0,1.0,1.0,1.0,5.0,1.0,133.0,206.0,0.0,1.0,189.0,1.0,159.0,1.0,206.0,0.0,-1.0,1.0,147.0,0.0,-1.0,0.0,-1.0,0.0,-1.0,0.0,-1.0,0.0,-1.0,7.0,1.0,133.0,189.0,21.0,212.0,4.0,37.0,212.0,1.0,0.0,0.0,240.0,3.0,13.82,10.39,13.82,0.0,-3.4299999999999997,-0.24819102749638203,0.0,240.0,3.0,143.4,143.1,143.4,0.0,-0.30000000000001137,-0.0020920502092051,0.0,240.0,3.0,4.72,4.42,4.72,0.0,-0.2999999999999998,-0.06355932203389827,0.0,240.0,3.0,19.1,23.4,23.4,240.0,4.299999999999997,0.22513089005235584,0.0,240.0,3.0,79.6,46.9,79.6,0.0,-32.699999999999996,-0.4108040201005025,0.0,240.0,3.0,7.317,7.317,7.358,120.0,0.0,0.0,0.0,240.0,3.0,0.176,0.091,0.176,0.0,-0.08499999999999999,-0.4829545454545454,0.0,240.0,3.0,5.02,3.16,5.02,0.0,-1.8599999999999994,-0.3705179282868525,0.0,240.0,3.0,1028.0,680.2,1064.5,120.0,-347.79999999999995,-0.3383268482490272,0.0,240.0,3.0,32.8,23.4,32.8,0.0,-9.399999999999999,-0.2865853658536585,0.0,240.0,3.0,9.12,5.94,9.12,0.0,-3.179999999999999,-0.3486842105263157,0.0,240.0,3.0,134.3,126.0,142.1,120.0,-8.300000000000011,-0.0618019359642592,0.0,240.0,3.0,308.4,296.4,308.4,0.0,-12.0,-0.038910505836575876,1.0
E000061,3,2,0,1,65,6.0,70.0,92.9,79.48333333333333,70.0,22.900000000000006,0.08996085330049508,0.0031640851141809976,0.11428571428571382,-0.177178217821782,-1.0,92.9,174.0,70.0,240.0,0.0,-1.0,70.0,66.0,11.3,19.4,15.066666666666665,11.3,8.099999999999998,0.20293773974280754,0.008167396220757094,0.06122448979591831,-0.07054455445544543,-1.0,19.4,172.0,11.3,240.0,0.0,-1.0,11.3,68.0,117.8,136.0,124.89999999999999,124.0,18.200000000000003,0.04685400450395895,0.019459310873340765,0.10816326530612191,-0.043267326732673535,1.0,136.0,172.0,117.8,174.0,0.0,-1.0,124.0,2.0,67.3,78.8,74.93333333333332,78.8,11.5,0.05696208682420346,0.03271789788464008,0.21020408163265267,0.06306930693069313,-1.0,78.8,240.0,67.3,0.0,0.0,-1.0,78.8,-1.0,95.3,98.3,97.01666666666667,97.9,3.0,0.009858214557913476,0.0012615524300189371,-0.06122448979591852,0.013366336633663278,1.0,98.3,0.0,95.3,49.0,0.0,-1.0,97.9,109.0,36.28,36.95,36.61,36.28,0.6700000000000017,0.0067462928354157315,-0.0028845360910617623,-0.001428571428571503,-0.0037623762376238863,-1.0,36.95,0.0,36.28,240.0,0.0,-1.0,36.28,-1.0,14.0,15.0,14.5,15.0,1.0,0.034482758620689655,0.001261968921412221,0.020408163265306083,0.006435643564356373,0.0,15.0,49.0,14.0,0.0,0.0,-1.0,15.0,123.0,33.9,39.3,36.46666666666667,37.7,5.399999999999999,0.0503074512095686,0.00825236046497098,-0.06122448979591854,0.014653465346534632,1.0,39.3,174.0,33.9,49.0,0.0,-1.0,37.7,109.0,1.0,1.0,1.0,1.0,1.0,1.0,1.0,1.0,1.0,1.0,1.0,1.0,1.0,1.0,1.0,3.0,1.0,14.0,219.0,1.0,1.0,14.0,1.0,166.0,1.0,219.0,0.0,-1.0,0.0,-1.0,0.0,-1.0,0.0,-1.0,0.0,-1.0,0.0,-1.0,0.0,-1.0,7.0,1.0,14.0,,0.0,0.0,3.0,0.0,240.0,0.0,0.0,0.0,0.0,1.0,5.28,5.28,5.28,0.0,0.0,0.0,0.0,0.0,1.0,137.9,137.9,137.9,0.0,0.0,0.0,0.0,0.0,1.0,3.79,3.79,3.79,0.0,0.0,0.0,0.0,0.0,1.0,21.0,21.0,21.0,0.0,0.0,0.0,0.0,0.0,1.0,28.7,28.7,28.7,0.0,0.0,0.0,0.0,0.0,1.0,7.408,7.408,7.408,0.0,0.0,0.0,0.0,0.0,1.0,0.006,0.006,0.006,0.0,0.0,0.0,0.0,0.0,1.0,2.38,2.38,2.38,0.0,0.0,0.0,0.0,0.0,1.0,105.8,105.8,105.8,0.0,0.0,0.0,0.0,0.0,1.0,14.4,14.4,14.4,0.0,0.0,0.0,0.0,0.0,1.0,4.14,4.14,4.14,0.0,0.0,0.0,0.0,0.0,1.0,89.8,89.8,89.8,0.0,0.0,0.0,0.0,0.0,1.0,279.5,279.5,279.5,0.0,0.0,0.0,1.0
E000437,1,0,0,1,38,6.0,76.4,99.2,91.46666666666668,92.6,22.799999999999997,0.0819865558514131,0.03919003331482509,0.0,-0.051609174142236265,-1.0,99.2,102.0,76.4,0.0,0.0,-1.0,90.6,-1.0,14.8,18.0,16.65,14.8,3.1999999999999993,0.06730568758364056,-0.0029931288173237146,0.0,-0.011708129103856525,-1.0,18.0,102.0,14.8,240.0,0.0,-1.0,15.9,116.0,119.9,134.2,126.08333333333331,121.4,14.299999999999983,0.045562592458906814,-0.042115491393670074,0.0,-0.05564829372052174,1.0,134.2,102.0,119.9,218.0,0.0,-1.0,120.65,-1.0,62.9,96.2,76.35000000000001,79.3,33.300000000000004,0.14007418177360317,-0.007037756801776749,0.0,0.013356607786923106,1.0,96.2,136.0,62.9,102.0,0.0,-1.0,73.35,82.0,95.4,98.2,96.93333333333334,95.4,2.799999999999997,0.00996062473037154,-0.00025853692393112255,0.0,-0.010082770738925441,-1.0,98.2,136.0,95.4,240.0,0.0,-1.0,96.4,104.0,36.86,37.59,37.163333333333334,37.01,0.730000000000004,0.006194093343123021,0.0002994863964464146,0.0,-0.0021261444557477884,-1.0,37.59,102.0,36.86,0.0,0.0,-1.0,37.11,34.0,13.0,14.0,13.833333333333334,14.0,1.0,0.026940578042166135,0.003452942809550249,0.0,4.695544253211458e-18,-1.0,14.0,100.0,13.0,0.0,0.0,-1.0,14.0,-1.0,35.7,41.5,38.38333333333333,40.0,5.799999999999997,0.05086264538019807,-0.007728345363686861,0.0,0.011516230463331115,1.0,41.5,0.0,35.7,102.0,0.0,-1.0,38.3,138.0,2.0,1.0,1.0,1.0,1.0,1.0,1.0,1.0,1.0,1.0,1.0,1.0,1.0,1.0,1.0,1.0,1.0,181.0,181.0,0.0,1.0,181.0,0.0,-1.0,0.0,-1.0,0.0,-1.0,0.0,-1.0,0.0,-1.0,0.0,-1.0,0.0,-1.0,0.0,-1.0,0.0,-1.0,4.0,0.0,61.0,,0.0,0.0,2.0,0.0,218.0,1.0,0.0,120.0,240.0,2.0,7.04,8.82,8.82,240.0,1.7800000000000002,0.2528409090909091,120.0,240.0,2.0,138.2,139.4,139.4,240.0,1.200000000000017,0.00868306801736626,120.0,240.0,2.0,3.73,4.05,4.05,240.0,0.31999999999999984,0.08579088471849862,120.0,240.0,2.0,21.5,22.5,22.5,240.0,1.0,0.046511627906976744,120.0,240.0,2.0,15.5,38.6,38.6,240.0,23.1,1.4903225806451614,120.0,240.0,2.0,7.337,7.319,7.337,120.0,-0.017999999999999794,-0.0024533187951478524,120.0,240.0,2.0,0.01,0.0,0.01,120.0,-0.01,-1.0,120.0,240.0,2.0,3.63,1.58,3.63,120.0,-2.05,-0.5647382920110192,120.0,240.0,2.0,194.0,544.0,544.0,240.0,350.0,1.8041237113402062,120.0,240.0,2.0,2.7,5.0,5.0,240.0,2.3,0.8518518518518517,120.0,240.0,2.0,8.54,3.1,8.54,120.0,-5.4399999999999995,-0.6370023419203747,120.0,240.0,2.0,113.1,107.8,113.1,120.0,-5.299999999999997,-0.046861184792219256,120.0,240.0,2.0,284.3,291.5,291.5,240.0,7.199999999999989,0.02532536053464646,1.0
E001684,4,3,0,0,74,9.0,101.8,168.3,133.11111111111111,168.3,66.50000000000001,0.12254671693890154,0.16502504173622692,0.6105263157894731,0.1944930958216272,-1.0,168.3,240.0,101.8,0.0,5.0,57.0,147.86666666666667,-1.0,27.3,31.2,29.188888888888886,31.2,3.8999999999999986,0.04952708326544527,0.0008119593261496174,0.061403508771929724,-0.005061569729212787,-1.0,31.2,240.0,27.3,0.0,9.0,0.0,29.066666666666666,-1.0,104.3,133.6,119.27777777777777,124.7,29.299999999999997,0.07998777243200238,-0.028060024282895855,-0.20877192982456205,-0.07803664295534683,1.0,133.6,97.0,104.3,224.0,0.0,-1.0,118.06666666666666,16.0,59.3,82.6,75.1111111111111,80.9,23.299999999999997,0.09266213622129334,0.011259295796023555,0.0578947368421051,0.08669227090680857,1.0,82.6,172.0,59.3,126.0,0.0,-1.0,77.46666666666667,1.0,89.7,92.6,91.13333333333333,90.4,2.8999999999999915,0.010162724205888662,-0.007687054181211124,-0.028070175438596957,-0.011810329368163149,1.0,92.6,126.0,89.7,217.0,5.0,57.0,90.13333333333333,-1.0,38.07,38.59,38.25222222222222,38.23,0.5200000000000031,0.0038594230081512313,-0.00023637881317355766,-0.0007017543859649856,-0.0009253392312750749,-1.0,38.59,97.0,38.07,217.0,0.0,-1.0,38.22666666666667,29.0,10.0,12.0,10.555555555555555,10.0,2.0,0.064888568452305,0.004002883593868559,-3.761846292363413e-17,0.002704883734831716,-1.0,12.0,172.0,10.0,0.0,9.0,0.0,10.666666666666666,45.0,38.5,47.6,44.111111111111114,38.5,9.100000000000001,0.06562087526832233,-0.009861132190013697,-0.0035087719298245576,0.011934365473130508,-1.0,47.6,224.0,38.5,240.0,0.0,-1.0,44.333333333333336,-1.0,3.0,1.0,1.0,1.0,1.0,1.0,1.0,1.0,1.0,1.0,1.0,1.0,1.0,1.0,1.0,1.0,1.0,89.0,89.0,0.0,1.0,89.0,0.0,-1.0,0.0,-1.0,0.0,-1.0,0.0,-1.0,0.0,-1.0,0.0,-1.0,0.0,-1.0,0.0,-1.0,0.0,-1.0,4.0,0.0,89.0,32.0,28.0,240.0,4.0,0.0,-1.0,1.0,0.0,0.0,240.0,3.0,15.08,11.27,15.08,0.0,-3.8100000000000005,-0.25265251989389925,0.0,240.0,3.0,138.2,136.7,138.2,0.0,-1.5,-0.010853835021707671,0.0,240.0,3.0,4.82,5.01,5.38,120.0,0.1899999999999995,0.039419087136929355,0.0,240.0,3.0,19.1,19.0,19.7,120.0,-0.10000000000000142,-0.005235602094240912,0.0,240.0,3.0,84.0,71.1,84.0,0.0,-12.900000000000006,-0.15357142857142864,0.0,240.0,3.0,7.264,7.296,7.296,240.0,0.03200000000000003,0.004405286343612339,0.0,240.0,3.0,0.181,0.196,0.196,240.0,0.015000000000000013,0.08287292817679566,0.0,240.0,3.0,4.52,4.99,5.76,120.0,0.47000000000000064,0.1039823008849559,0.0,240.0,3.0,1257.1,1105.4,1257.1,0.0,-151.69999999999982,-0.12067456845119706,0.0,240.0,3.0,30.2,32.4,32.4,240.0,2.1999999999999993,0.07284768211920528,0.0,240.0,3.0,8.68,8.65,8.92,120.0,-0.02999999999999936,-0.0034562211981566085,0.0,240.0,3.0,133.8,155.3,155.3,120.0,21.5,0.16068759342301941,0.0,240.0,3.0,315.2,302.8,318.9,120.0,-12.399999999999977,-0.03934010152284257,1.0
E001010,3,2,0,1,65,8.0,66.6,94.0,80.925,83.5,27.400000000000006,0.09315037889968662,-0.035224853628875806,0.04178082191780848,0.0686249708750791,-1.0,94.0,55.0,66.6,135.0,0.0,-1.0,80.55,14.0,10.3,16.4,13.3,14.3,6.099999999999998,0.13491998830771698,0.00841492922783745,0.04582669640012737,0.006247711613354193,-1.0,16.4,135.0,10.3,124.0,0.0,-1.0,13.8,94.0,102.6,134.4,120.725,114.6,31.80000000000001,0.07628134046516949,0.012358110903551383,-0.28219178082191776,-0.07853576540292244,1.0,134.4,149.0,102.6,57.0,0.0,-1.0,118.25,67.0,65.4,95.2,80.80000000000001,84.0,29.799999999999997,0.10931623209366914,-0.020219901458069782,-0.4075820324944253,-0.04966880804180662,1.0,95.2,0.0,65.4,55.0,0.0,-1.0,78.95,69.0,95.9,98.4,97.3125,98.0,2.5,0.009038322765447537,0.006516053809410172,0.01776043325899921,-0.002917484938254957,1.0,98.4,135.0,95.9,0.0,0.0,-1.0,97.65,14.0,36.3,36.86,36.6175,36.86,0.5600000000000023,0.00530559179913513,0.00011519125409013457,-0.0024928321121376017,0.0008832340312219556,1.0,36.86,240.0,36.3,57.0,0.0,-1.0,36.665,67.0,13.0,15.0,14.5,15.0,2.0,0.048765984909417075,0.0019758534658926774,-0.026282255495380637,-0.004460273607828767,1.0,15.0,0.0,13.0,55.0,0.0,-1.0,14.5,2.0,34.5,37.6,35.762499999999996,36.0,3.1000000000000014,0.027995000046360807,-0.005313992703383815,-0.032749283211213814,0.0033335552374929305,1.0,37.6,0.0,34.5,55.0,0.0,-1.0,35.6,2.0,1.0,1.0,1.0,1.0,1.0,1.0,1.0,1.0,1.0,1.0,1.0,1.0,1.0,1.0,1.0,1.0,1.0,69.0,69.0,0.0,0.0,-1.0,0.0,-1.0,0.0,-1.0,0.0,-1.0,0.0,-1.0,0.0,-1.0,0.0,-1.0,0.0,-1.0,0.0,-1.0,0.0,-1.0,0.0,0.0,-171.0,,0.0,0.0,4.0,55.0,229.0,1.0,0.0,240.0,240.0,1.0,5.69,5.69,5.69,240.0,0.0,0.0,240.0,240.0,1.0,139.9,139.9,139.9,240.0,0.0,0.0,240.0,240.0,1.0,3.39,3.39,3.39,240.0,0.0,0.0,240.0,240.0,1.0,25.0,25.0,25.0,240.0,0.0,0.0,240.0,240.0,1.0,24.8,24.8,24.8,240.0,0.0,0.0,240.0,240.0,1.0,7.456,7.456,7.456,240.0,0.0,0.0,240.0,240.0,1.0,0.021,0.021,0.021,240.0,0.0,0.0,240.0,240.0,1.0,1.27,1.27,1.27,240.0,0.0,0.0,240.0,240.0,1.0,96.1,96.1,96.1,240.0,0.0,0.0,240.0,240.0,1.0,1.0,1.0,1.0,240.0,0.0,0.0,240.0,240.0,1.0,3.67,3.67,3.67,240.0,0.0,0.0,240.0,240.0,1.0,113.9,113.9,113.9,240.0,0.0,0.0,240.0,240.0,1.0,280.0,280.0,280.0,240.0,0.0,0.0,1.0
E001094,4,3,0,0,74,7.0,73.5,119.6,95.51428571428572,73.5,46.099999999999994,0.16012477228842342,-0.1837640381596424,0.0,-0.2038774367316465,-1.0,119.6,68.0,73.5,240.0,0.0,-1.0,73.5,-1.0,16.6,21.7,18.457142857142856,18.9,5.099999999999998,0.09171091791701931,-0.009509721048182549,0.0,0.00559748259953592,1.0,21.7,0.0,16.6,136.0,0.0,-1.0,18.9,-1.0,112.0,129.8,121.02857142857144,112.0,17.80000000000001,0.049468161174867575,-0.040659340659340085,0.0,-0.06304968132483582,-1.0,129.8,83.0,112.0,240.0,0.0,-1.0,112.0,-1.0,60.6,85.2,72.2,60.6,24.6,0.1114740286437796,-0.05440768023185583,0.0,-0.1120056534840933,-1.0,85.2,109.0,60.6,240.0,0.0,-1.0,60.6,27.0,93.6,97.2,95.71428571428571,96.0,3.6000000000000085,0.012617017436064536,0.0104123898079945,0.0,0.0037921011226961926,-1.0,97.2,109.0,93.6,0.0,0.0,-1.0,96.0,-1.0,36.49,37.41,37.00285714285714,36.49,0.9199999999999946,0.007816189223100962,-0.003529766936360263,0.0,-0.0034238246353236945,-1.0,37.41,0.0,36.49,240.0,0.0,-1.0,36.49,-1.0,12.0,14.0,12.857142857142858,13.0,2.0,0.04969039949999532,0.002566115203477896,0.0,-0.0013867036454305837,-1.0,14.0,83.0,12.0,0.0,2.0,0.0,13.0,26.0,33.9,45.2,39.885714285714286,38.2,11.300000000000004,0.083867502246233,-0.026904963168699274,0.0,-0.010826955385477056,1.0,45.2,0.0,33.9,109.0,0.0,-1.0,38.2,27.0,0.0,0.0,0.0,0.0,0.0,0.0,0.0,0.0,0.0,0.0,0.0,0.0,0.0,0.0,0.0,2.0,1.0,39.0,58.0,2.0,1.0,58.0,1.0,39.0,0.0,-1.0,0.0,-1.0,0.0,-1.0,0.0,-1.0,0.0,-1.0,0.0,-1.0,0.0,-1.0,0.0,-1.0,4.0,0.0,,,2.0,68.0,3.0,0.0,240.0,0.0,1.0,,,,,,,,,,,,,,,,,,,,,,,,,,,,,,,,,,,,,,,,,,,,,,,,,,,,,,,,,,,,,,,,,,,,,,,,,,,,,,,,,,,,,,,,,,,,,,,,,,,,,,,,,,,,,,,,,,,,,,
